time,equity,dd_pct
1782715080000,2.7109,0.0
1782731760000,2.7109,0.0
1782731820000,2.7109,0.0
1782731880000,2.7109,0.0
1782731940000,2.7109,0.0
1782732000000,2.7109,0.0
1782732060000,2.7109,0.0
1782732120000,2.7109,0.0
1782732180000,2.7109,0.0
1782732240000,2.7109,0.0
1782732300000,2.7109,0.0
1782732360000,2.7109,0.0
1782732420000,2.7109,0.0
1782732480000,2.7109,0.0
1782732540000,2.7109,0.0
1782732600000,2.7109,0.0
1782732660000,2.5866,4.59
1782734460000,2.5866,4.59
1782734520000,2.471,8.85
1782807300000,2.471,8.85
1782807360000,2.471,8.85
1782807420000,2.471,8.85
1782807480000,2.471,8.85
1782807540000,2.471,8.85
1782807600000,2.471,8.85
1782807660000,2.471,8.85
1782807720000,2.471,8.85
1782807780000,2.471,8.85
1782807840000,2.471,8.85
1782807900000,2.471,8.85
1782807960000,2.471,8.85
1782808020000,2.471,8.85
1782808080000,2.471,8.85
1782808140000,2.471,8.85
1782808200000,2.471,8.85
1782808260000,2.471,8.85
1782808320000,2.471,8.85
1782808380000,2.471,8.85
1782808440000,2.471,8.85
1782808500000,2.471,8.85
1782808560000,2.471,8.85
1782808620000,2.471,8.85
1782808680000,2.471,8.85
1782808740000,2.471,8.85
1782808800000,2.471,8.85
1782808860000,2.471,8.85
1782808920000,2.471,8.85
1782808980000,2.471,8.85
1782809040000,2.471,8.85
1782809100000,2.471,8.85
1782809160000,2.471,8.85
1782809220000,2.471,8.85
1782809280000,2.471,8.85
1782809340000,2.471,8.85
1782809400000,2.471,8.85
1782809460000,2.471,8.85
1782809520000,2.471,8.85
1782809580000,2.471,8.85
1782809640000,2.471,8.85
1782809700000,2.471,8.85
1782809760000,2.471,8.85
1782809820000,2.471,8.85
1782809880000,2.471,8.85
1782809940000,2.471,8.85
1782810000000,2.471,8.85
1782810060000,2.471,8.85
1782810120000,2.471,8.85
1782810180000,2.471,8.85
1782810240000,2.471,8.85
1782810300000,2.471,8.85
1782810360000,2.471,8.85
1782810420000,2.471,8.85
1782810480000,2.471,8.85
1782810540000,2.471,8.85
1782810600000,2.471,8.85
1782810660000,2.471,8.85
1782810720000,2.471,8.85
1782810780000,2.471,8.85
1782810840000,2.471,8.85
1782810900000,2.471,8.85
1782810960000,2.471,8.85
1782811020000,2.471,8.85
1782811080000,2.471,8.85
1782811140000,2.471,8.85
1782811200000,2.471,8.85
1782811260000,2.471,8.85
1782811320000,2.471,8.85
1782811380000,2.471,8.85
1782811440000,2.471,8.85
1782811500000,2.471,8.85
1782811560000,2.471,8.85
1782811620000,2.471,8.85
1782811680000,2.471,8.85
1782811740000,2.471,8.85
1782811800000,2.471,8.85
1782811860000,2.471,8.85
1782811920000,2.471,8.85
1782811980000,2.471,8.85
1782812040000,2.471,8.85
1782812100000,2.471,8.85
1782812160000,2.471,8.85
1782812220000,2.471,8.85
1782812280000,2.471,8.85
1782812340000,2.471,8.85
1782812400000,2.471,8.85
1782812460000,2.471,8.85
1782812520000,2.471,8.85
1782812580000,2.471,8.85
1782812640000,2.471,8.85
1782812700000,2.471,8.85
1782812760000,2.471,8.85
1782812820000,2.471,8.85
1782812880000,2.471,8.85
1782812940000,2.471,8.85
1782813000000,2.471,8.85
1782813060000,2.471,8.85
1782813120000,2.471,8.85
1782813180000,2.471,8.85
1782813240000,2.471,8.85
1782813300000,2.471,8.85
1782813360000,2.471,8.85
1782813420000,2.471,8.85
1782813480000,2.471,8.85
1782813540000,2.471,8.85
1782813600000,2.471,8.85
1782813660000,2.471,8.85
1782813720000,2.471,8.85
1782813780000,2.471,8.85
1782813840000,2.471,8.85
1782813900000,2.471,8.85
1782813960000,2.471,8.85
1782814020000,2.471,8.85
1782814080000,2.471,8.85
1782814140000,2.471,8.85
1782814200000,2.471,8.85
1782814260000,2.471,8.85
1782814320000,2.471,8.85
1782814380000,2.471,8.85
1782814440000,2.471,8.85
1782814500000,2.471,8.85
1782814560000,2.471,8.85
1782814620000,2.471,8.85
1782814680000,2.471,8.85
1782814740000,2.471,8.85
1782814800000,2.471,8.85
1782814860000,2.471,8.85
1782814920000,2.471,8.85
1782814980000,2.471,8.85
1782815040000,2.471,8.85
1782815100000,2.471,8.85
1782815160000,2.471,8.85
1782815220000,2.471,8.85
1782815280000,2.471,8.85
1782815340000,2.471,8.85
1782815400000,2.471,8.85
1782815460000,2.471,8.85
1782815520000,2.471,8.85
1782815580000,2.471,8.85
1782815640000,2.471,8.85
1782815700000,2.471,8.85
1782815760000,2.471,8.85
1782815820000,2.471,8.85
1782815880000,2.471,8.85
1782815940000,2.471,8.85
1782816000000,2.471,8.85
1782816060000,2.471,8.85
1782816120000,2.471,8.85
1782816180000,2.471,8.85
1782816240000,2.471,8.85
1782816300000,2.471,8.85
1782816360000,2.471,8.85
1782816420000,2.471,8.85
1782816480000,2.471,8.85
1782816540000,2.471,8.85
1782816600000,2.471,8.85
1782816660000,2.471,8.85
1782816720000,2.471,8.85
1782816780000,2.471,8.85
1782816840000,2.471,8.85
1782816900000,2.471,8.85
1782816960000,2.471,8.85
1782817020000,2.471,8.85
1782817080000,2.471,8.85
1782817140000,2.471,8.85
1782817200000,2.471,8.85
1782817260000,2.471,8.85
1782817320000,2.471,8.85
1782817380000,2.471,8.85
1782817440000,2.471,8.85
1782817500000,2.471,8.85
1782817560000,2.471,8.85
1782817620000,2.471,8.85
1782817680000,2.471,8.85
1782817740000,2.471,8.85
1782817800000,2.471,8.85
1782817860000,2.471,8.85
1782817920000,2.471,8.85
1782817980000,2.471,8.85
1782818040000,2.471,8.85
1782818100000,2.471,8.85
1782818160000,2.471,8.85
1782818220000,2.471,8.85
1782818280000,2.471,8.85
1782818340000,2.471,8.85
1782818400000,2.471,8.85
1782818460000,2.471,8.85
1782818520000,2.471,8.85
1782818580000,2.471,8.85
1782818640000,2.471,8.85
1782818700000,2.471,8.85
1782818760000,2.471,8.85
1782818820000,2.471,8.85
1782818880000,2.471,8.85
1782818940000,2.471,8.85
1782819000000,2.471,8.85
1782819060000,2.471,8.85
1782819120000,2.471,8.85
1782819180000,2.5847,4.66
1782820500000,2.5847,4.66
1782820560000,2.5847,4.66
1782820620000,2.5847,4.66
1782820680000,2.5847,4.66
1782820740000,2.5847,4.66
1782820800000,2.5847,4.66
1782820860000,2.5847,4.66
1782820920000,2.5847,4.66
1782820980000,2.5847,4.66
1782821040000,2.5847,4.66
1782821100000,2.5847,4.66
1782821160000,2.5847,4.66
1782821220000,2.5847,4.66
1782821280000,2.5847,4.66
1782821340000,2.5847,4.66
1782821400000,2.5847,4.66
1782821460000,2.5847,4.66
1782821520000,2.5847,4.66
1782821580000,2.5847,4.66
1782821640000,2.5847,4.66
1782821700000,2.5847,4.66
1782821760000,2.5847,4.66
1782821820000,2.5847,4.66
1782821880000,2.5847,4.66
1782821940000,2.5847,4.66
1782822000000,2.5847,4.66
1782822060000,2.5847,4.66
1782822120000,2.5847,4.66
1782822180000,2.5847,4.66
1782822240000,2.7572,0.0
1782822900000,2.7572,0.0
1782822960000,2.7572,0.0
1782823020000,2.7572,0.0
1782823080000,2.7572,0.0
1782823140000,2.7572,0.0
1782823200000,2.7572,0.0
1782823260000,2.7572,0.0
1782823320000,2.7572,0.0
1782823380000,2.7572,0.0
1782823440000,2.7572,0.0
1782823500000,2.7572,0.0
1782823560000,2.7572,0.0
1782823620000,2.7572,0.0
1782823680000,2.7572,0.0
1782823740000,2.7572,0.0
1782823800000,2.7572,0.0
1782823860000,2.7572,0.0
1782823920000,2.7572,0.0
1782823980000,2.7572,0.0
1782824040000,2.7572,0.0
1782824100000,2.7572,0.0
1782824160000,2.7572,0.0
1782824220000,2.7572,0.0
1782824280000,2.7572,0.0
1782824340000,2.7572,0.0
1782824400000,2.7572,0.0
1782824460000,2.7572,0.0
1782824520000,2.7572,0.0
1782824580000,2.7572,0.0
1782824640000,2.7572,0.0
1782824700000,2.7572,0.0
1782824760000,2.7572,0.0
1782824820000,2.7572,0.0
1782824880000,2.8356,0.0
1782826320000,2.8356,0.0
1782826380000,2.8356,0.0
1782826440000,2.8356,0.0
1782826500000,2.8356,0.0
1782826560000,2.8356,0.0
1782826620000,2.8356,0.0
1782826680000,2.9858,0.0
1782827400000,2.9858,0.0
1782827460000,2.8436,4.76
1782830220000,2.8436,4.76
1782830280000,2.8436,4.76
1782830340000,2.8436,4.76
1782830400000,2.8436,4.76
1782830460000,2.8436,4.76
1782830520000,2.8436,4.76
1782830580000,2.8436,4.76
1782830640000,2.8994,2.89
1782831300000,2.8994,2.89
1782831360000,2.8994,2.89
1782831420000,2.8994,2.89
1782831480000,2.8994,2.89
1782831540000,2.8994,2.89
1782831600000,2.8994,2.89
1782831660000,2.8994,2.89
1782831720000,2.8994,2.89
1782831780000,2.8994,2.89
1782831840000,2.8994,2.89
1782831900000,2.8994,2.89
1782831960000,2.8994,2.89
1782832020000,2.8994,2.89
1782832080000,2.8994,2.89
1782832140000,2.8994,2.89
1782832200000,2.8994,2.89
1782832260000,2.8994,2.89
1782832320000,2.8994,2.89
1782832380000,2.8994,2.89
1782832440000,2.8994,2.89
1782832500000,2.8994,2.89
1782832560000,2.8994,2.89
1782832620000,2.8994,2.89
1782832680000,2.8994,2.89
1782832740000,2.8994,2.89
1782832800000,2.8994,2.89
1782832860000,2.8994,2.89
1782832920000,2.8994,2.89
1782832980000,2.8994,2.89
1782833040000,2.8994,2.89
1782833100000,2.8994,2.89
1782833160000,2.8994,2.89
1782833220000,2.8994,2.89
1782833280000,2.8994,2.89
1782833340000,2.8994,2.89
1782833400000,2.8994,2.89
1782833460000,2.8994,2.89
1782833520000,2.8994,2.89
1782833580000,2.8994,2.89
1782833640000,2.8994,2.89
1782833700000,2.8994,2.89
1782833760000,2.8994,2.89
1782833820000,2.8994,2.89
1782833880000,2.8994,2.89
1782833940000,2.8994,2.89
1782834000000,2.8994,2.89
1782834060000,2.8994,2.89
1782834120000,2.8994,2.89
1782834180000,2.8994,2.89
1782834240000,2.8994,2.89
1782834300000,2.6156,12.4
1782835320000,2.6156,12.4
1782835380000,2.6156,12.4
1782835440000,2.6156,12.4
1782835500000,2.6156,12.4
1782835560000,2.6156,12.4
1782835620000,2.6156,12.4
1782835680000,2.6156,12.4
1782835740000,2.6156,12.4
1782835800000,2.6156,12.4
1782835860000,2.6156,12.4
1782835920000,2.6156,12.4
1782835980000,2.6156,12.4
1782836040000,2.6156,12.4
1782836100000,2.6156,12.4
1782836160000,2.6156,12.4
1782836220000,2.6156,12.4
1782836280000,2.6156,12.4
1782836340000,2.6156,12.4
1782836400000,2.6156,12.4
1782836460000,2.6156,12.4
1782836520000,2.6156,12.4
1782836580000,2.6156,12.4
1782836640000,2.6156,12.4
1782836700000,2.6156,12.4
1782836760000,2.6156,12.4
1782836820000,2.6156,12.4
1782836880000,2.6156,12.4
1782836940000,2.6156,12.4
1782837000000,2.6156,12.4
1782837060000,2.6156,12.4
1782837120000,2.6156,12.4
1782837180000,2.6156,12.4
1782837240000,2.6156,12.4
1782837300000,2.6156,12.4
1782837360000,2.6156,12.4
1782837420000,2.6156,12.4
1782837480000,2.6156,12.4
1782837540000,2.6156,12.4
1782837600000,2.6156,12.4
1782837660000,2.6156,12.4
1782837720000,2.6156,12.4
1782837780000,2.6156,12.4
1782837840000,2.6156,12.4
1782837900000,2.6156,12.4
1782837960000,2.6156,12.4
1782838020000,2.6156,12.4
1782838080000,2.6156,12.4
1782838140000,2.6156,12.4
1782838200000,2.6156,12.4
1782838260000,2.6156,12.4
1782838320000,2.6156,12.4
1782838380000,2.6156,12.4
1782838440000,2.5063,16.06
1782892920000,2.5063,16.06
1782892980000,2.5063,16.06
1782893040000,2.5063,16.06
1782893100000,2.5063,16.06
1782893160000,2.5063,16.06
1782893220000,2.5063,16.06
1782893280000,2.5063,16.06
1782893340000,2.5063,16.06
1782893400000,2.5063,16.06
1782893460000,2.5063,16.06
1782893520000,2.5063,16.06
1782893580000,2.5063,16.06
1782893640000,2.5063,16.06
1782893700000,2.5063,16.06
1782893760000,2.5063,16.06
1782893820000,2.5063,16.06
1782893880000,2.5063,16.06
1782893940000,2.5063,16.06
1782894000000,2.5063,16.06
1782894060000,2.5063,16.06
1782894120000,2.5063,16.06
1782894180000,2.5063,16.06
1782894240000,2.5063,16.06
1782894300000,2.5063,16.06
1782894360000,2.5063,16.06
1782894420000,2.5063,16.06
1782894480000,2.5063,16.06
1782894540000,2.5063,16.06
1782894600000,2.5063,16.06
1782894660000,2.5063,16.06
1782894720000,2.5063,16.06
1782894780000,2.5063,16.06
1782894840000,2.5063,16.06
1782894900000,2.5063,16.06
1782894960000,2.5063,16.06
1782895020000,2.5063,16.06
1782895080000,2.5063,16.06
1782895140000,2.5063,16.06
1782895200000,2.5063,16.06
1782895260000,2.5063,16.06
1782895320000,2.5063,16.06
1782895380000,2.5063,16.06
1782895440000,2.5063,16.06
1782895500000,2.5063,16.06
1782895560000,2.5063,16.06
1782895620000,2.5063,16.06
1782895680000,2.5063,16.06
1782895740000,2.5063,16.06
1782895800000,2.5063,16.06
1782895860000,2.5063,16.06
1782895920000,2.5063,16.06
1782895980000,2.5063,16.06
1782896040000,2.5063,16.06
1782896100000,2.5063,16.06
1782896160000,2.5063,16.06
1782896220000,2.5063,16.06
1782896280000,2.4049,19.46
1782900720000,2.4049,19.46
1782900780000,2.4049,19.46
1782900840000,2.4049,19.46
1782900900000,2.4049,19.46
1782900960000,2.4049,19.46
1782901020000,2.4049,19.46
1782901080000,2.4049,19.46
1782901140000,2.4049,19.46
1782901200000,2.4049,19.46
1782901260000,2.4049,19.46
1782901320000,2.4049,19.46
1782901380000,2.4049,19.46
1782901440000,2.4049,19.46
1782901500000,2.4049,19.46
1782901560000,2.4049,19.46
1782901620000,2.4049,19.46
1782901680000,2.4049,19.46
1782901740000,2.4049,19.46
1782901800000,2.4049,19.46
1782901860000,2.4049,19.46
1782901920000,2.4049,19.46
1782901980000,2.4049,19.46
1782902040000,2.4049,19.46
1782902100000,2.4049,19.46
1782902160000,2.4049,19.46
1782902220000,2.4049,19.46
1782902280000,2.4049,19.46
1782902340000,2.4049,19.46
1782902400000,2.4049,19.46
1782902460000,2.4049,19.46
1782902520000,2.4049,19.46
1782902580000,2.4049,19.46
1782902640000,2.4049,19.46
1782902700000,2.4049,19.46
1782902760000,2.4049,19.46
1782902820000,2.4049,19.46
1782902880000,2.4049,19.46
1782902940000,2.4049,19.46
1782903000000,2.4049,19.46
1782903060000,2.4049,19.46
1782903120000,2.4049,19.46
1782903180000,2.4049,19.46
1782903240000,2.4049,19.46
1782903300000,2.4049,19.46
1782903360000,2.4049,19.46
1782903420000,2.4049,19.46
1782903480000,2.4049,19.46
1782903540000,2.4049,19.46
1782903600000,2.4049,19.46
1782903660000,2.4049,19.46
1782903720000,2.4049,19.46
1782903780000,2.4049,19.46
1782903840000,2.4049,19.46
1782903900000,2.4049,19.46
1782903960000,2.4049,19.46
1782904020000,2.4049,19.46
1782904080000,2.4049,19.46
1782904140000,2.4049,19.46
1782904200000,2.4049,19.46
1782904260000,2.4049,19.46
1782904320000,2.4049,19.46
1782904380000,2.4049,19.46
1782904440000,2.4049,19.46
1782904500000,2.4049,19.46
1782904560000,2.4049,19.46
1782904620000,2.4049,19.46
1782904680000,2.4049,19.46
1782904740000,2.4049,19.46
1782904800000,2.4049,19.46
1782904860000,2.4049,19.46
1782904920000,2.4049,19.46
1782904980000,2.4049,19.46
1782905040000,2.4049,19.46
1782905100000,2.4049,19.46
1782905160000,2.4049,19.46
1782905220000,2.4049,19.46
1782905280000,2.4049,19.46
1782905340000,2.4049,19.46
1782905400000,2.4049,19.46
1782905460000,2.4049,19.46
1782905520000,2.4049,19.46
1782905580000,2.4049,19.46
1782905640000,2.4049,19.46
1782905700000,2.4049,19.46
1782905760000,2.4049,19.46
1782905820000,2.4049,19.46
1782905880000,2.4049,19.46
1782905940000,2.4049,19.46
1782906000000,2.4049,19.46
1782906060000,2.4049,19.46
1782906120000,2.4049,19.46
1782906180000,2.4049,19.46
1782906240000,2.4049,19.46
1782906300000,2.4049,19.46
1782906360000,2.4049,19.46
1782906420000,2.4049,19.46
1782906480000,2.4049,19.46
1782906540000,2.4049,19.46
1782906600000,2.4049,19.46
1782906660000,2.4049,19.46
1782906720000,2.4049,19.46
1782906780000,2.4049,19.46
1782906840000,2.4049,19.46
1782906900000,2.4049,19.46
1782906960000,2.4049,19.46
1782907020000,2.4049,19.46
1782907080000,2.4049,19.46
1782907140000,2.4049,19.46
1782907200000,2.4049,19.46
1782907260000,2.4049,19.46
1782907320000,2.4049,19.46
1782907380000,2.4049,19.46
1782907440000,2.4049,19.46
1782907500000,2.4049,19.46
1782907560000,2.4049,19.46
1782907620000,2.4049,19.46
1782907680000,2.4049,19.46
1782907740000,2.4049,19.46
1782907800000,2.4049,19.46
1782907860000,2.4049,19.46
1782907920000,2.4049,19.46
1782907980000,2.4049,19.46
1782908040000,2.4049,19.46
1782908100000,2.4049,19.46
1782908160000,2.4049,19.46
1782908220000,2.4049,19.46
1782908280000,2.4049,19.46
1782908340000,2.4049,19.46
1782908400000,2.4049,19.46
1782908460000,2.4049,19.46
1782908520000,2.4049,19.46
1782908580000,2.4049,19.46
1782908640000,2.4049,19.46
1782908700000,2.4049,19.46
1782908760000,2.4049,19.46
1782908820000,2.4049,19.46
1782908880000,2.4049,19.46
1782908940000,2.4049,19.46
1782909000000,2.4049,19.46
1782909060000,2.4049,19.46
1782909120000,2.4049,19.46
1782909180000,2.4049,19.46
1782909240000,2.4049,19.46
1782909300000,2.4049,19.46
1782909360000,2.4049,19.46
1782909420000,2.4049,19.46
1782909480000,2.4049,19.46
1782909540000,2.4049,19.46
1782909600000,2.4049,19.46
1782909660000,2.4049,19.46
1782909720000,2.4049,19.46
1782909780000,2.4049,19.46
1782909840000,2.4049,19.46
1782909900000,2.4049,19.46
1782909960000,2.4049,19.46
1782910020000,2.4049,19.46
1782910080000,2.4049,19.46
1782910140000,2.4049,19.46
1782910200000,2.4049,19.46
1782910260000,2.4049,19.46
1782910320000,2.4049,19.46
1782910380000,2.4049,19.46
1782910440000,2.4049,19.46
1782910500000,2.4049,19.46
1782910560000,2.4049,19.46
1782910620000,2.4049,19.46
1782910680000,2.4049,19.46
1782910740000,2.4049,19.46
1782910800000,2.4049,19.46
1782910860000,2.4049,19.46
1782910920000,2.4049,19.46
1782910980000,2.4049,19.46
1782911040000,2.4049,19.46
1782911100000,2.4049,19.46
1782911160000,2.4049,19.46
1782911220000,2.4049,19.46
1782911280000,2.4049,19.46
1782911340000,2.4049,19.46
1782911400000,2.4049,19.46
1782911460000,2.4049,19.46
1782911520000,2.4049,19.46
1782911580000,2.4049,19.46
1782911640000,2.4049,19.46
1782911700000,2.4049,19.46
1782911760000,2.4049,19.46
1782911820000,2.4336,18.49
1782912480000,2.4336,18.49
1782912540000,2.4336,18.49
1782912600000,2.3464,21.41
1782979680000,2.3464,21.41
1782979740000,2.3464,21.41
1782979800000,2.3464,21.41
1782979860000,2.3464,21.41
1782979920000,2.3464,21.41
1782979980000,2.3464,21.41
1782980040000,2.3464,21.41
1782980100000,2.3464,21.41
1782980160000,2.3464,21.41
1782980220000,2.3464,21.41
1782980280000,2.3464,21.41
1782980340000,2.3464,21.41
1782980400000,2.3464,21.41
1782980460000,2.3464,21.41
1782980520000,2.3464,21.41
1782980580000,2.3464,21.41
1782980640000,2.3464,21.41
1782980700000,2.3464,21.41
1782980760000,2.3464,21.41
1782980820000,2.3464,21.41
1782980880000,2.3464,21.41
1782980940000,2.3464,21.41
1782981000000,2.3464,21.41
1782981060000,2.3464,21.41
1782981120000,2.3464,21.41
1782981180000,2.3464,21.41
1782981240000,2.3464,21.41
1782981300000,2.3464,21.41
1782981360000,2.3464,21.41
1782981420000,2.3464,21.41
1782981480000,2.3464,21.41
1782981540000,2.3464,21.41
1782981600000,2.3464,21.41
1782981660000,2.3464,21.41
1782981720000,2.3464,21.41
1782981780000,2.3464,21.41
1782981840000,2.3464,21.41
1782981900000,2.3464,21.41
1782981960000,2.3464,21.41
1782982020000,2.3464,21.41
1782982080000,2.3464,21.41
1782982140000,2.3464,21.41
1782982200000,2.3464,21.41
1782982260000,2.3464,21.41
1782982320000,2.3464,21.41
1782982380000,2.3464,21.41
1782982440000,2.3464,21.41
1782982500000,2.3464,21.41
1782982560000,2.3464,21.41
1782982620000,2.3464,21.41
1782982680000,2.3464,21.41
1782982740000,2.3464,21.41
1782982800000,2.3464,21.41
1782982860000,2.3464,21.41
1782982920000,2.3464,21.41
1782982980000,2.3464,21.41
1782983040000,2.3464,21.41
1782983100000,2.3464,21.41
1782983160000,2.3464,21.41
1782983220000,2.3464,21.41
1782983280000,2.3464,21.41
1782983340000,2.3464,21.41
1782983400000,2.3464,21.41
1782983460000,2.3464,21.41
1782983520000,2.3464,21.41
1782983580000,2.3464,21.41
1782983640000,2.3464,21.41
1782983700000,2.3464,21.41
1782983760000,2.3464,21.41
1782983820000,2.3464,21.41
1782983880000,2.3464,21.41
1782983940000,2.3464,21.41
1782984000000,2.3464,21.41
1782984060000,2.3464,21.41
1782984120000,2.3464,21.41
1782984180000,2.3464,21.41
1782984240000,2.3464,21.41
1782984300000,2.3464,21.41
1782984360000,2.3464,21.41
1782984420000,2.3464,21.41
1782984480000,2.3464,21.41
1782984540000,2.3464,21.41
1782984600000,2.3464,21.41
1782984660000,2.4868,16.71
1782985680000,2.4868,16.71
1782985740000,2.4868,16.71
1782985800000,2.4868,16.71
1782985860000,2.4868,16.71
1782985920000,2.4868,16.71
1782985980000,2.4868,16.71
1782986040000,2.4868,16.71
1782986100000,2.4868,16.71
1782986160000,2.4868,16.71
1782986220000,2.4868,16.71
1782986280000,2.4868,16.71
1782986340000,2.4868,16.71
1782986400000,2.4868,16.71
1782986460000,2.4868,16.71
1782986520000,2.4868,16.71
1782986580000,2.4868,16.71
1782986640000,2.4868,16.71
1782986700000,2.4868,16.71
1782986760000,2.4868,16.71
1782986820000,2.4868,16.71
1782986880000,2.4868,16.71
1782986940000,2.4868,16.71
1782987000000,2.4868,16.71
1782987060000,2.4868,16.71
1782987120000,2.4868,16.71
1782987180000,2.4868,16.71
1782987240000,2.4868,16.71
1782987300000,2.4868,16.71
1782987360000,2.4868,16.71
1782987420000,2.4868,16.71
1782987480000,2.4868,16.71
1782987540000,2.4868,16.71
1782987600000,2.4868,16.71
1782987660000,2.4868,16.71
1782987720000,2.4868,16.71
1782987780000,2.4868,16.71
1782987840000,2.4868,16.71
1782987900000,2.4868,16.71
1782987960000,2.4868,16.71
1782988020000,2.4868,16.71
1782988080000,2.4868,16.71
1782988140000,2.4868,16.71
1782988200000,2.4868,16.71
1782988260000,2.4868,16.71
1782988320000,2.4868,16.71
1782988380000,2.4868,16.71
1782988440000,2.4868,16.71
1782988500000,2.4868,16.71
1782988560000,2.4868,16.71
1782988620000,2.4868,16.71
1782988680000,2.4868,16.71
1782988740000,2.4868,16.71
1782988800000,2.4868,16.71
1782988860000,2.4868,16.71
1782988920000,2.4868,16.71
1782988980000,2.4868,16.71
1782989040000,2.4868,16.71
1782989100000,2.4868,16.71
1782989160000,2.4868,16.71
1782989220000,2.4868,16.71
1782989280000,2.4868,16.71
1782989340000,2.4868,16.71
1782989400000,2.4868,16.71
1782989460000,2.4868,16.71
1782989520000,2.4868,16.71
1782989580000,2.4868,16.71
1782989640000,2.4868,16.71
1782989700000,2.4868,16.71
1782989760000,2.4868,16.71
1782989820000,2.4868,16.71
1782989880000,2.4868,16.71
1782989940000,2.4868,16.71
1782990000000,2.4868,16.71
1782990060000,2.4868,16.71
1782990120000,2.4868,16.71
1782990180000,2.4868,16.71
1782990240000,2.4868,16.71
1782990300000,2.4868,16.71
1782990360000,2.4868,16.71
1782990420000,2.4868,16.71
1782990480000,2.4868,16.71
1782990540000,2.4868,16.71
1782990600000,2.4868,16.71
1782990660000,2.5992,12.95
1782993120000,2.5992,12.95
1782993180000,2.5992,12.95
1782993240000,2.5992,12.95
1782993300000,2.5992,12.95
1782993360000,2.5111,15.9
1782994440000,2.5111,15.9
1782994500000,2.5111,15.9
1782994560000,2.5111,15.9
1782994620000,2.5111,15.9
1782994680000,2.5111,15.9
1782994740000,2.5111,15.9
1782994800000,2.5111,15.9
1782994860000,2.5111,15.9
1782994920000,2.5111,15.9
1782994980000,2.5111,15.9
1782995040000,2.5111,15.9
1782995100000,2.5111,15.9
1782995160000,2.5111,15.9
1782995220000,2.5111,15.9
1782995280000,2.5111,15.9
1782995340000,2.5111,15.9
1782995400000,2.6491,11.28
1782996180000,2.6491,11.28
1782996240000,2.6491,11.28
1782996300000,2.6491,11.28
1782996360000,2.6491,11.28
1782996420000,2.6491,11.28
1782996480000,2.6491,11.28
1782996540000,2.6491,11.28
1782996600000,2.6491,11.28
1782996660000,2.6491,11.28
1782996720000,2.6491,11.28
1782996780000,2.6491,11.28
1782996840000,2.6491,11.28
1782996900000,2.6491,11.28
1782996960000,2.6491,11.28
1782997020000,2.6491,11.28
1782997080000,2.6491,11.28
1782997140000,2.6491,11.28
1782997200000,2.6491,11.28
1782997260000,2.6491,11.28
1782997320000,2.6491,11.28
1782997380000,2.6491,11.28
1782997440000,2.6491,11.28
1782997500000,2.6491,11.28
1782997560000,2.6491,11.28
1782997620000,2.6491,11.28
1782997680000,2.6491,11.28
1782997740000,2.6491,11.28
1782997800000,2.6491,11.28
1782997860000,2.6491,11.28
1782997920000,2.6491,11.28
1782997980000,2.6491,11.28
1782998040000,2.6491,11.28
1782998100000,2.6491,11.28
1782998160000,2.6491,11.28
1782998220000,2.6491,11.28
1782998280000,2.6491,11.28
1782998340000,2.6491,11.28
1782998400000,2.6491,11.28
1782998460000,2.6491,11.28
1782998520000,2.6491,11.28
1782998580000,2.6491,11.28
1782998640000,2.6491,11.28
1782998700000,2.9044,2.73
1783000020000,2.9044,2.73
1783000080000,2.9044,2.73
1783000140000,2.9044,2.73
1783000200000,2.9044,2.73
1783000260000,2.9044,2.73
1783000320000,2.9044,2.73
1783000380000,2.9044,2.73
1783000440000,2.9044,2.73
1783000500000,2.9044,2.73
1783000560000,2.9044,2.73
1783000620000,2.9044,2.73
1783000680000,2.9044,2.73
1783000740000,2.9044,2.73
1783000800000,2.9044,2.73
1783000860000,2.9044,2.73
1783000920000,2.9044,2.73
1783000980000,2.9949,0.0
1783001760000,2.9949,0.0
1783001820000,2.9949,0.0
1783001880000,2.9949,0.0
1783001940000,2.9949,0.0
1783002000000,2.7235,9.06
1783003020000,2.7235,9.06
1783003080000,2.7235,9.06
1783003140000,2.7235,9.06
1783003200000,2.7235,9.06
1783003260000,2.6262,12.31
1783067520000,2.6262,12.31
1783067580000,2.6262,12.31
1783067640000,2.6262,12.31
1783067700000,2.6262,12.31
1783067760000,2.6262,12.31
1783067820000,2.6262,12.31
1783067880000,2.6262,12.31
1783067940000,2.6262,12.31
1783068000000,2.6262,12.31
1783068060000,2.6262,12.31
1783068120000,2.6262,12.31
1783068180000,2.726,8.98
1783069500000,2.726,8.98
1783069560000,2.726,8.98
1783069620000,2.726,8.98
1783069680000,2.726,8.98
1783069740000,2.726,8.98
1783069800000,2.726,8.98
1783069860000,2.726,8.98
1783069920000,2.726,8.98
1783069980000,2.726,8.98
1783070040000,2.726,8.98
1783070100000,2.726,8.98
1783070160000,2.726,8.98
1783070220000,2.726,8.98
1783070280000,2.726,8.98
1783070340000,2.726,8.98
1783070400000,2.726,8.98
1783070460000,2.726,8.98
1783070520000,2.726,8.98
1783070580000,2.726,8.98
1783070640000,2.726,8.98
1783070700000,2.726,8.98
1783070760000,2.726,8.98
1783070820000,2.726,8.98
1783070880000,2.726,8.98
1783070940000,2.726,8.98
1783071000000,2.726,8.98
1783071060000,2.726,8.98
1783071120000,2.726,8.98
1783071180000,2.726,8.98
1783071240000,2.726,8.98
1783071300000,2.726,8.98
1783071360000,2.726,8.98
1783071420000,2.726,8.98
1783071480000,2.726,8.98
1783071540000,2.726,8.98
1783071600000,2.726,8.98
1783071660000,2.726,8.98
1783071720000,2.726,8.98
1783071780000,2.726,8.98
1783071840000,2.726,8.98
1783071900000,2.726,8.98
1783071960000,2.726,8.98
1783072020000,2.726,8.98
1783072080000,2.726,8.98
1783072140000,2.726,8.98
1783072200000,2.726,8.98
1783072260000,2.726,8.98
1783072320000,2.726,8.98
1783072380000,2.726,8.98
1783072440000,2.726,8.98
1783072500000,2.726,8.98
1783072560000,2.726,8.98
1783072620000,2.726,8.98
1783072680000,2.726,8.98
1783072740000,2.726,8.98
1783072800000,2.726,8.98
1783072860000,2.726,8.98
1783072920000,2.726,8.98
1783072980000,2.726,8.98
1783073040000,2.726,8.98
1783073100000,2.726,8.98
1783073160000,2.726,8.98
1783073220000,2.726,8.98
1783073280000,2.726,8.98
1783073340000,2.726,8.98
1783073400000,2.726,8.98
1783073460000,2.726,8.98
1783073520000,2.726,8.98
1783073580000,2.726,8.98
1783073640000,2.726,8.98
1783073700000,2.726,8.98
1783073760000,2.726,8.98
1783073820000,2.726,8.98
1783073880000,2.726,8.98
1783073940000,2.726,8.98
1783074000000,2.726,8.98
1783074060000,2.726,8.98
1783074120000,2.726,8.98
1783074180000,2.726,8.98
1783074240000,2.726,8.98
1783074300000,2.726,8.98
1783074360000,2.726,8.98
1783074420000,2.726,8.98
1783074480000,2.726,8.98
1783074540000,2.726,8.98
1783074600000,2.726,8.98
1783074660000,2.726,8.98
1783074720000,2.726,8.98
1783074780000,2.726,8.98
1783074840000,2.726,8.98
1783074900000,2.726,8.98
1783074960000,2.726,8.98
1783075020000,2.726,8.98
1783075080000,2.8689,4.21
1783075800000,2.8689,4.21
1783075860000,2.8689,4.21
1783075920000,2.8689,4.21
1783075980000,2.8689,4.21
1783076040000,2.8689,4.21
1783076100000,2.8689,4.21
1783076160000,2.8689,4.21
1783076220000,2.8689,4.21
1783076280000,2.8689,4.21
1783076340000,2.8689,4.21
1783076400000,2.6572,11.28
1783077780000,2.6572,11.28
1783077840000,2.6572,11.28
1783077900000,2.6572,11.28
1783077960000,2.6572,11.28
1783078020000,2.6572,11.28
1783078080000,2.6572,11.28
1783078140000,2.6572,11.28
1783078200000,2.6572,11.28
1783078260000,2.6572,11.28
1783078320000,2.6572,11.28
1783078380000,2.6572,11.28
1783078440000,2.6572,11.28
1783078500000,2.6572,11.28
1783078560000,2.6572,11.28
1783078620000,2.6572,11.28
1783078680000,2.6572,11.28
1783078740000,2.6572,11.28
1783078800000,2.5711,14.15
1783084920000,2.5711,14.15
1783084980000,2.5711,14.15
1783085040000,2.5711,14.15
1783085100000,2.5711,14.15
1783085160000,2.5711,14.15
1783085220000,2.5711,14.15
1783085280000,2.5711,14.15
1783085340000,2.5711,14.15
1783085400000,2.5711,14.15
1783085460000,2.5711,14.15
1783085520000,2.5711,14.15
1783085580000,2.5711,14.15
1783085640000,2.5711,14.15
1783085700000,2.5711,14.15
1783085760000,2.5711,14.15
1783085820000,2.5711,14.15
1783085880000,2.5711,14.15
1783085940000,2.5711,14.15
1783086000000,2.5711,14.15
1783086060000,2.5711,14.15
1783086120000,2.5711,14.15
1783086180000,2.5711,14.15
1783086240000,2.5711,14.15
1783086300000,2.5711,14.15
1783086360000,2.5711,14.15
1783086420000,2.5711,14.15
1783086480000,2.5711,14.15
1783086540000,2.5711,14.15
1783086600000,2.5711,14.15
1783086660000,2.5711,14.15
1783086720000,2.5711,14.15
1783086780000,2.5711,14.15
1783086840000,2.5711,14.15
1783086900000,2.5711,14.15
1783086960000,2.5711,14.15
1783087020000,2.5711,14.15
1783087080000,2.5711,14.15
1783087140000,2.5711,14.15
1783087200000,2.6071,12.95
1783089660000,2.6071,12.95
1783089720000,2.6071,12.95
1783089780000,2.6071,12.95
1783089840000,2.6071,12.95
1783089900000,2.6071,12.95
1783089960000,2.6071,12.95
1783090020000,2.6071,12.95
1783090080000,2.6071,12.95
1783090140000,2.6071,12.95
1783090200000,2.6071,12.95
1783090260000,2.6071,12.95
1783090320000,2.6071,12.95
1783090380000,2.6071,12.95
1783090440000,2.6071,12.95
1783090500000,2.6071,12.95
1783090560000,2.6071,12.95
1783090620000,2.6071,12.95
1783090680000,2.6071,12.95
1783090740000,2.6071,12.95
1783090800000,2.6071,12.95
1783090860000,2.6071,12.95
1783090920000,2.6071,12.95
1783090980000,2.6071,12.95
1783091040000,2.6071,12.95
1783091100000,2.6071,12.95
1783091160000,2.6071,12.95
1783091220000,2.6071,12.95
1783091280000,2.6071,12.95
1783091340000,2.6071,12.95
1783091400000,2.6071,12.95
1783091460000,2.6071,12.95
1783091520000,2.6071,12.95
1783091580000,2.6071,12.95
1783091640000,2.6071,12.95
1783091700000,2.6071,12.95
1783091760000,2.6071,12.95
1783091820000,2.6071,12.95
1783091880000,2.6071,12.95
1783091940000,2.6071,12.95
1783092000000,2.6071,12.95
1783092060000,2.6071,12.95
1783092120000,2.6451,11.68
1783095780000,2.6451,11.68
1783095840000,2.6451,11.68
1783095900000,2.6451,11.68
1783095960000,2.6451,11.68
1783096020000,2.6451,11.68
1783096080000,2.6451,11.68
1783096140000,2.6451,11.68
1783096200000,2.6451,11.68
1783096260000,2.6451,11.68
1783096320000,2.6451,11.68
1783096380000,2.6451,11.68
1783096440000,2.6451,11.68
1783096500000,2.6451,11.68
1783096560000,2.6451,11.68
1783096620000,2.6451,11.68
1783096680000,2.6451,11.68
1783096740000,2.6451,11.68
1783096800000,2.6451,11.68
1783096860000,2.6451,11.68
1783096920000,2.6451,11.68
1783096980000,2.6451,11.68
1783097040000,2.6451,11.68
1783097100000,2.6451,11.68
1783097160000,2.6451,11.68
1783097220000,2.6451,11.68
1783097280000,2.6451,11.68
1783097340000,2.6451,11.68
1783097400000,2.6451,11.68
1783097460000,2.6451,11.68
1783097520000,2.6451,11.68
1783097580000,2.6451,11.68
1783097640000,2.6451,11.68
1783097700000,2.6451,11.68
1783097760000,2.6451,11.68
1783097820000,2.6451,11.68
1783097880000,2.6451,11.68
1783097940000,2.6451,11.68
1783098000000,2.6451,11.68
1783098060000,2.6451,11.68
1783098120000,2.6451,11.68
1783098180000,2.6451,11.68
1783098240000,2.6451,11.68
1783098300000,2.6451,11.68
1783098360000,2.6451,11.68
1783098420000,2.6451,11.68
1783098480000,2.6451,11.68
1783098540000,2.6451,11.68
1783098600000,2.6451,11.68
1783098660000,2.6451,11.68
1783098720000,2.6451,11.68
1783098780000,2.6451,11.68
1783098840000,2.6451,11.68
1783098900000,2.6451,11.68
1783098960000,2.6451,11.68
1783099020000,2.6451,11.68
1783099080000,2.6451,11.68
1783099140000,2.6451,11.68
1783099200000,2.6451,11.68
1783099260000,2.6451,11.68
1783099320000,2.6451,11.68
1783099380000,2.6451,11.68
1783099440000,2.6451,11.68
1783099500000,2.6451,11.68
1783099560000,2.6451,11.68
1783099620000,2.6451,11.68
1783099680000,2.6451,11.68
1783099740000,2.6451,11.68
1783099800000,2.6451,11.68
1783099860000,2.6451,11.68
1783099920000,2.6451,11.68
1783099980000,2.6451,11.68
1783100040000,2.6451,11.68
1783100100000,2.6451,11.68
1783100160000,2.6451,11.68
1783100220000,2.6451,11.68
1783100280000,2.6451,11.68
1783100340000,2.6451,11.68
1783100400000,2.6451,11.68
1783100460000,2.6451,11.68
1783100520000,2.6451,11.68
1783100580000,2.6451,11.68
1783100640000,2.6451,11.68
1783100700000,2.6451,11.68
1783100760000,2.6451,11.68
1783100820000,2.6451,11.68
1783100880000,2.6451,11.68
1783100940000,2.6451,11.68
1783101000000,2.6451,11.68
1783101060000,2.6451,11.68
1783101120000,2.6451,11.68
1783101180000,2.6451,11.68
1783101240000,2.6451,11.68
1783101300000,2.6451,11.68
1783101360000,2.6451,11.68
1783101420000,2.6451,11.68
1783101480000,2.6451,11.68
1783101540000,2.6451,11.68
1783101600000,2.6451,11.68
1783101660000,2.6451,11.68
1783101720000,2.6451,11.68
1783101780000,2.6451,11.68
1783101840000,2.6451,11.68
1783101900000,2.6451,11.68
1783101960000,2.6451,11.68
1783102020000,2.6451,11.68
1783102080000,2.6451,11.68
1783102140000,2.6451,11.68
1783102200000,2.6451,11.68
1783102260000,2.6451,11.68
1783102320000,2.6451,11.68
1783102380000,2.6451,11.68
1783102440000,2.6451,11.68
1783102500000,2.6451,11.68
1783102560000,2.6451,11.68
1783102620000,2.6451,11.68
1783102680000,2.6451,11.68
1783102740000,2.6451,11.68
1783102800000,2.6451,11.68
1783102860000,2.6451,11.68
1783102920000,2.6451,11.68
1783102980000,2.6451,11.68
1783103040000,2.6451,11.68
1783103100000,2.6451,11.68
1783103160000,2.6451,11.68
1783103220000,2.6451,11.68
1783103280000,2.6451,11.68
1783103340000,2.6451,11.68
1783103400000,2.6451,11.68
1783103460000,2.6451,11.68
1783103520000,2.6451,11.68
1783103580000,2.6451,11.68
1783103640000,2.6451,11.68
1783103700000,2.6451,11.68
1783103760000,2.6451,11.68
1783103820000,2.6451,11.68
1783103880000,2.6451,11.68
1783103940000,2.6451,11.68
1783104000000,2.6451,11.68
1783104060000,2.6451,11.68
1783104120000,2.6451,11.68
1783104180000,2.6451,11.68
1783104240000,2.6451,11.68
1783104300000,2.6451,11.68
1783104360000,2.6451,11.68
1783104420000,2.6451,11.68
1783104480000,2.6451,11.68
1783104540000,2.6451,11.68
1783104600000,2.6451,11.68
1783104660000,2.6451,11.68
1783104720000,2.6451,11.68
1783104780000,2.6451,11.68
1783104840000,2.6451,11.68
1783104900000,2.6451,11.68
1783104960000,2.6451,11.68
1783105020000,2.6451,11.68
1783105080000,2.6451,11.68
1783105140000,2.6451,11.68
1783105200000,2.6451,11.68
1783105260000,2.6451,11.68
1783105320000,2.6451,11.68
1783105380000,2.6451,11.68
1783105440000,2.6451,11.68
1783105500000,2.6451,11.68
1783105560000,2.6451,11.68
1783105620000,2.6451,11.68
1783105680000,2.6451,11.68
1783105740000,2.6451,11.68
1783105800000,2.6451,11.68
1783105860000,2.6451,11.68
1783105920000,2.6451,11.68
1783105980000,2.6451,11.68
1783106040000,2.6451,11.68
1783106100000,2.6451,11.68
1783106160000,2.6451,11.68
1783106220000,2.6451,11.68
1783106280000,2.6451,11.68
1783106340000,2.6451,11.68
1783106400000,2.6451,11.68
1783106460000,2.6451,11.68
1783106520000,2.6451,11.68
1783106580000,2.6451,11.68
1783106640000,2.6451,11.68
1783106700000,2.6451,11.68
1783106760000,2.6451,11.68
1783106820000,2.6451,11.68
1783106880000,2.6451,11.68
1783106940000,2.6451,11.68
1783107000000,2.6451,11.68
1783107060000,2.6451,11.68
1783107120000,2.6451,11.68
1783107180000,2.7748,7.35
1783109280000,2.7748,7.35
1783109340000,2.7748,7.35
1783109400000,2.7748,7.35
1783109460000,2.7748,7.35
1783109520000,2.7748,7.35
1783109580000,2.7748,7.35
1783109640000,2.7748,7.35
1783109700000,2.7748,7.35
1783109760000,2.7748,7.35
1783109820000,2.7748,7.35
1783109880000,2.7748,7.35
1783109940000,2.7748,7.35
1783110000000,2.7748,7.35
1783110060000,2.7748,7.35
1783110120000,2.7748,7.35
1783110180000,2.7748,7.35
1783110240000,2.7748,7.35
1783110300000,2.7748,7.35
1783110360000,2.7748,7.35
1783110420000,2.7748,7.35
1783110480000,2.7748,7.35
1783110540000,2.7748,7.35
1783110600000,2.7748,7.35
1783110660000,2.7748,7.35
1783110720000,2.7748,7.35
1783110780000,2.7748,7.35
1783110840000,2.7748,7.35
1783110900000,2.7748,7.35
1783110960000,2.9526,1.41
1783154280000,2.9526,1.41
1783154340000,2.9526,1.41
1783154400000,2.9526,1.41
1783154460000,2.9526,1.41
1783154520000,2.9526,1.41
1783154580000,2.9526,1.41
1783154640000,2.9526,1.41
1783154700000,2.9526,1.41
1783154760000,2.9526,1.41
1783154820000,2.9526,1.41
1783154880000,2.9526,1.41
1783154940000,2.9526,1.41
1783155000000,2.9526,1.41
1783155060000,2.9526,1.41
1783155120000,2.9526,1.41
1783155180000,2.9526,1.41
1783155240000,2.9526,1.41
1783155300000,2.9526,1.41
1783155360000,2.9526,1.41
1783155420000,2.9526,1.41
1783155480000,2.9526,1.41
1783155540000,2.9526,1.41
1783155600000,2.9526,1.41
1783155660000,2.9526,1.41
1783155720000,2.9526,1.41
1783155780000,2.9526,1.41
1783155840000,2.9526,1.41
1783155900000,2.9526,1.41
1783155960000,2.9526,1.41
1783156020000,2.9526,1.41
1783156080000,2.9526,1.41
1783156140000,2.9526,1.41
1783156200000,2.9526,1.41
1783156260000,2.9526,1.41
1783156320000,2.9526,1.41
1783156380000,2.9526,1.41
1783156440000,2.9526,1.41
1783156500000,2.9526,1.41
1783156560000,2.9526,1.41
1783156620000,2.9526,1.41
1783156680000,2.9526,1.41
1783156740000,2.9526,1.41
1783156800000,2.9526,1.41
1783156860000,2.9526,1.41
1783156920000,2.9526,1.41
1783156980000,2.9526,1.41
1783157040000,2.9526,1.41
1783157100000,2.9526,1.41
1783157160000,2.9526,1.41
1783157220000,2.9526,1.41
1783157280000,2.9526,1.41
1783157340000,2.9526,1.41
1783157400000,2.9526,1.41
1783157460000,2.9526,1.41
1783157520000,2.9526,1.41
1783157580000,2.9526,1.41
1783157640000,2.9526,1.41
1783157700000,2.9526,1.41
1783157760000,2.9526,1.41
1783157820000,2.809,6.21
1783239060000,2.809,6.21
1783239120000,2.809,6.21
1783239180000,2.809,6.21
1783239240000,2.809,6.21
1783239300000,2.809,6.21
1783239360000,2.809,6.21
1783239420000,2.809,6.21
1783239480000,2.809,6.21
1783239540000,2.809,6.21
1783239600000,2.809,6.21
1783239660000,2.809,6.21
1783239720000,2.809,6.21
1783239780000,2.809,6.21
1783239840000,2.809,6.21
1783239900000,2.809,6.21
1783239960000,2.809,6.21
1783240020000,2.809,6.21
1783240080000,2.809,6.21
1783240140000,2.809,6.21
1783240200000,2.809,6.21
1783240260000,2.809,6.21
1783240320000,2.809,6.21
1783240380000,2.809,6.21
1783240440000,2.809,6.21
1783240500000,2.809,6.21
1783240560000,2.809,6.21
1783240620000,2.809,6.21
1783240680000,2.809,6.21
1783240740000,2.809,6.21
1783240800000,2.809,6.21
1783240860000,2.809,6.21
1783240920000,2.809,6.21
1783240980000,2.809,6.21
1783241040000,2.809,6.21
1783241100000,2.809,6.21
1783241160000,2.809,6.21
1783241220000,2.809,6.21
1783241280000,2.809,6.21
1783241340000,2.809,6.21
1783241400000,2.809,6.21
1783241460000,2.809,6.21
1783241520000,2.809,6.21
1783241580000,2.809,6.21
1783241640000,2.809,6.21
1783241700000,2.809,6.21
1783241760000,2.809,6.21
1783241820000,2.809,6.21
1783241880000,2.809,6.21
1783241940000,2.809,6.21
1783242000000,2.809,6.21
1783242060000,2.809,6.21
1783242120000,2.809,6.21
1783242180000,2.809,6.21
1783242240000,2.809,6.21
1783242300000,2.809,6.21
1783242360000,2.809,6.21
1783242420000,2.809,6.21
1783242480000,2.809,6.21
1783242540000,2.809,6.21
1783242600000,2.809,6.21
1783242660000,2.809,6.21
1783242720000,2.809,6.21
1783242780000,2.809,6.21
1783242840000,2.809,6.21
1783242900000,2.809,6.21
1783242960000,2.809,6.21
1783243020000,2.809,6.21
1783243080000,2.809,6.21
1783243140000,2.809,6.21
1783243200000,2.809,6.21
1783243260000,2.809,6.21
1783243320000,2.809,6.21
1783243380000,2.809,6.21
1783243440000,2.809,6.21
1783243500000,2.809,6.21
1783243560000,2.809,6.21
1783243620000,2.809,6.21
1783243680000,2.809,6.21
1783243740000,2.809,6.21
1783243800000,2.809,6.21
1783243860000,2.809,6.21
1783243920000,2.809,6.21
1783243980000,2.809,6.21
1783244040000,2.809,6.21
1783244100000,2.809,6.21
1783244160000,2.809,6.21
1783244220000,2.809,6.21
1783244280000,2.809,6.21
1783244340000,2.9393,1.86
1783245000000,2.9393,1.86
1783245060000,2.9393,1.86
1783245120000,2.9393,1.86
1783245180000,2.9393,1.86
1783245240000,2.9393,1.86
1783245300000,2.9393,1.86
1783245360000,2.9393,1.86
1783245420000,2.9393,1.86
1783245480000,2.9393,1.86
1783245540000,2.9393,1.86
1783245600000,2.9393,1.86
1783245660000,2.9393,1.86
1783245720000,2.9393,1.86
1783245780000,2.9393,1.86
1783245840000,2.9393,1.86
1783245900000,2.9393,1.86
1783245960000,2.9393,1.86
1783246020000,2.9393,1.86
1783246080000,2.9393,1.86
1783246140000,2.9393,1.86
1783246200000,2.9393,1.86
1783246260000,2.9393,1.86
1783246320000,2.9393,1.86
1783246380000,2.9393,1.86
1783246440000,2.9393,1.86
1783246500000,2.9393,1.86
1783246560000,2.9393,1.86
1783246620000,2.9393,1.86
1783246680000,2.9393,1.86
1783246740000,2.9393,1.86
1783246800000,2.7488,8.22
1783254600000,2.7488,8.22
1783254660000,2.7488,8.22
1783254720000,2.7488,8.22
1783254780000,2.7488,8.22
1783254840000,2.7488,8.22
1783254900000,2.7488,8.22
1783254960000,2.7488,8.22
1783255020000,2.7488,8.22
1783255080000,2.7488,8.22
1783255140000,2.7488,8.22
1783255200000,2.7488,8.22
1783255260000,2.7488,8.22
1783255320000,2.7488,8.22
1783255380000,2.7488,8.22
1783255440000,2.7488,8.22
1783255500000,2.7488,8.22
1783255560000,2.7488,8.22
1783255620000,2.7488,8.22
1783255680000,2.7488,8.22
1783255740000,2.7488,8.22
1783255800000,2.7488,8.22
1783255860000,2.7488,8.22
1783255920000,2.7488,8.22
1783255980000,2.7488,8.22
1783256040000,2.7488,8.22
1783256100000,2.7488,8.22
1783256160000,2.7488,8.22
1783256220000,2.7488,8.22
1783256280000,2.7488,8.22
1783256340000,2.7488,8.22
1783256400000,2.7488,8.22
1783256460000,2.7488,8.22
1783256520000,2.7488,8.22
1783256580000,2.7488,8.22
1783256640000,2.7488,8.22
1783256700000,2.7488,8.22
1783256760000,2.7488,8.22
1783256820000,2.7488,8.22
1783256880000,2.7488,8.22
1783256940000,2.7488,8.22
1783257000000,2.7488,8.22
1783257060000,2.7488,8.22
1783257120000,2.7488,8.22
1783257180000,2.7488,8.22
1783257240000,2.7488,8.22
1783257300000,2.7488,8.22
1783257360000,2.7488,8.22
1783257420000,2.7488,8.22
1783257480000,2.7488,8.22
1783257540000,2.7488,8.22
1783257600000,2.7488,8.22
1783257660000,2.7488,8.22
1783257720000,2.7488,8.22
1783257780000,2.7488,8.22
1783257840000,2.7488,8.22
1783257900000,2.7488,8.22
1783257960000,2.7488,8.22
1783258020000,2.7488,8.22
1783258080000,2.7488,8.22
1783258140000,2.7488,8.22
1783258200000,2.7488,8.22
1783258260000,2.7488,8.22
1783258320000,2.7488,8.22
1783258380000,2.7488,8.22
1783258440000,2.7488,8.22
1783258500000,2.7488,8.22
1783258560000,2.7488,8.22
1783258620000,2.7488,8.22
1783258680000,2.7488,8.22
1783258740000,2.7488,8.22
1783258800000,2.7488,8.22
1783258860000,2.7488,8.22
1783258920000,2.7488,8.22
1783258980000,2.7488,8.22
1783259040000,2.7488,8.22
1783259100000,2.7488,8.22
1783259160000,2.7488,8.22
1783259220000,2.7488,8.22
1783259280000,2.7488,8.22
1783259340000,2.7488,8.22
1783259400000,2.7488,8.22
1783259460000,2.7488,8.22
1783259520000,2.7488,8.22
1783259580000,2.7488,8.22
1783259640000,2.7488,8.22
1783259700000,2.7488,8.22
1783259760000,2.7488,8.22
1783259820000,2.7488,8.22
1783259880000,2.7488,8.22
1783259940000,2.7488,8.22
1783260000000,2.7488,8.22
1783260060000,2.7488,8.22
1783260120000,2.7488,8.22
1783260180000,2.7488,8.22
1783260240000,2.7488,8.22
1783260300000,2.7488,8.22
1783260360000,2.7488,8.22
1783260420000,2.7488,8.22
1783260480000,2.7488,8.22
1783260540000,2.7488,8.22
1783260600000,2.7488,8.22
1783260660000,2.7488,8.22
1783260720000,2.7488,8.22
1783260780000,2.7488,8.22
1783260840000,2.7488,8.22
1783260900000,2.7488,8.22
1783260960000,2.7488,8.22
1783261020000,2.7488,8.22
1783261080000,2.7488,8.22
1783261140000,2.7488,8.22
1783261200000,2.7488,8.22
1783261260000,2.7488,8.22
1783261320000,2.7488,8.22
1783261380000,2.7488,8.22
1783261440000,2.7488,8.22
1783261500000,2.7488,8.22
1783261560000,2.7488,8.22
1783261620000,2.7488,8.22
1783261680000,2.7488,8.22
1783261740000,2.7488,8.22
1783261800000,2.7488,8.22
1783261860000,2.7488,8.22
1783261920000,2.7488,8.22
1783261980000,2.7488,8.22
1783262040000,2.7488,8.22
1783262100000,2.7488,8.22
1783262160000,2.7488,8.22
1783262220000,2.7488,8.22
1783262280000,2.7488,8.22
1783262340000,2.7488,8.22
1783262400000,2.7488,8.22
1783262460000,2.7488,8.22
1783262520000,2.7488,8.22
1783262580000,2.7488,8.22
1783262640000,2.7488,8.22
1783262700000,2.7488,8.22
1783262760000,2.7488,8.22
1783262820000,2.7488,8.22
1783262880000,2.7488,8.22
1783262940000,2.7488,8.22
1783263000000,2.7488,8.22
1783263060000,2.7488,8.22
1783263120000,2.7488,8.22
1783263180000,2.7488,8.22
1783263240000,2.7488,8.22
1783263300000,2.7488,8.22
1783263360000,2.7488,8.22
1783263420000,2.7488,8.22
1783263480000,2.7488,8.22
1783263540000,2.7488,8.22
1783263600000,2.7488,8.22
1783263660000,2.7488,8.22
1783263720000,2.7488,8.22
1783263780000,2.8654,4.32
1783265820000,2.8654,4.32
1783265880000,2.8654,4.32
1783265940000,2.8654,4.32
1783266000000,2.8654,4.32
1783266060000,2.8654,4.32
1783266120000,2.7344,8.7
1783271100000,2.7344,8.7
1783271160000,2.7344,8.7
1783271220000,2.7344,8.7
1783271280000,2.7344,8.7
1783271340000,2.7344,8.7
1783271400000,2.7344,8.7
1783271460000,2.7344,8.7
1783271520000,2.7344,8.7
1783271580000,2.7344,8.7
1783271640000,2.7344,8.7
1783271700000,2.7344,8.7
1783271760000,2.7344,8.7
1783271820000,2.7344,8.7
1783271880000,2.7344,8.7
1783271940000,2.7344,8.7
1783272000000,2.7344,8.7
1783272060000,2.7344,8.7
1783272120000,2.7344,8.7
1783272180000,2.7344,8.7
1783272240000,2.7344,8.7
1783272300000,2.7344,8.7
1783272360000,2.7344,8.7
1783272420000,2.7344,8.7
1783272480000,2.7344,8.7
1783272540000,2.7344,8.7
1783272600000,2.7344,8.7
1783272660000,2.7344,8.7
1783272720000,2.7344,8.7
1783272780000,2.7344,8.7
1783272840000,2.7344,8.7
1783272900000,2.7344,8.7
1783272960000,2.7344,8.7
1783273020000,2.7344,8.7
1783273080000,2.7344,8.7
1783273140000,2.7344,8.7
1783273200000,2.7344,8.7
1783273260000,2.7344,8.7
1783273320000,2.7344,8.7
1783273380000,2.7344,8.7
1783273440000,2.7632,7.74
1783277640000,2.7632,7.74
1783277700000,2.7632,7.74
1783277760000,2.7632,7.74
1783277820000,2.7632,7.74
1783277880000,2.7632,7.74
1783277940000,2.7632,7.74
1783278000000,2.7632,7.74
1783278060000,2.7632,7.74
1783278120000,2.7632,7.74
1783278180000,2.7632,7.74
1783278240000,2.7632,7.74
1783278300000,2.7632,7.74
1783278360000,2.7632,7.74
1783278420000,2.7632,7.74
1783278480000,2.7632,7.74
1783278540000,2.7632,7.74
1783278600000,2.7632,7.74
1783278660000,2.7632,7.74
1783278720000,2.7632,7.74
1783278780000,2.7632,7.74
1783278840000,2.7632,7.74
1783278900000,2.7632,7.74
1783278960000,2.7632,7.74
1783279020000,2.7632,7.74
1783279080000,2.7632,7.74
1783279140000,2.7632,7.74
1783279200000,2.7632,7.74
1783279260000,2.7632,7.74
1783279320000,2.7632,7.74
1783279380000,2.7632,7.74
1783279440000,2.7632,7.74
1783279500000,2.6728,10.75
1783325460000,2.6728,10.75
1783325520000,2.6728,10.75
1783325580000,2.6728,10.75
1783325640000,2.6728,10.75
1783325700000,2.6728,10.75
1783325760000,2.6728,10.75
1783325820000,2.6728,10.75
1783325880000,2.6728,10.75
1783325940000,2.6728,10.75
1783326000000,2.6728,10.75
1783326060000,2.6728,10.75
1783326120000,2.6728,10.75
1783326180000,2.6728,10.75
1783326240000,2.6728,10.75
1783326300000,2.6728,10.75
1783326360000,2.6728,10.75
1783326420000,2.6728,10.75
1783326480000,2.6728,10.75
1783326540000,2.6728,10.75
1783326600000,2.6728,10.75
1783326660000,2.6728,10.75
1783326720000,2.6728,10.75
1783326780000,2.6728,10.75
1783326840000,2.6728,10.75
1783326900000,2.6728,10.75
1783326960000,2.6728,10.75
1783327020000,2.6728,10.75
1783327080000,2.6728,10.75
1783327140000,2.6728,10.75
1783327200000,2.6728,10.75
1783327260000,2.6728,10.75
1783327320000,2.6728,10.75
1783327380000,2.6728,10.75
1783327440000,2.6728,10.75
1783327500000,2.6728,10.75
1783327560000,2.6728,10.75
1783327620000,2.6728,10.75
1783327680000,2.6728,10.75
1783327740000,2.6728,10.75
1783327800000,2.6728,10.75
1783327860000,2.6728,10.75
1783327920000,2.6728,10.75
1783327980000,2.6728,10.75
1783328040000,2.6728,10.75
1783328100000,2.6728,10.75
1783328160000,2.6728,10.75
1783328220000,2.6728,10.75
1783328280000,2.6728,10.75
1783328340000,2.6728,10.75
1783328400000,2.6728,10.75
1783328460000,2.6728,10.75
1783328520000,2.6728,10.75
1783328580000,2.6728,10.75
1783328640000,2.6728,10.75
1783328700000,2.6728,10.75
1783328760000,2.6728,10.75
1783328820000,2.6728,10.75
1783328880000,2.6728,10.75
1783328940000,2.6728,10.75
1783329000000,2.6728,10.75
1783329060000,2.6728,10.75
1783329120000,2.6728,10.75
1783329180000,2.6728,10.75
1783329240000,2.6728,10.75
1783329300000,2.6728,10.75
1783329360000,2.6728,10.75
1783329420000,2.6728,10.75
1783329480000,2.6728,10.75
1783329540000,2.6728,10.75
1783329600000,2.6728,10.75
1783329660000,2.6728,10.75
1783329720000,2.6728,10.75
1783329780000,2.6728,10.75
1783329840000,2.6728,10.75
1783329900000,2.6728,10.75
1783329960000,2.6728,10.75
1783330020000,2.7761,7.31
1783330680000,2.7761,7.31
1783330740000,2.7761,7.31
1783330800000,2.7761,7.31
1783330860000,2.7761,7.31
1783330920000,2.7761,7.31
1783330980000,2.7761,7.31
1783331040000,2.7761,7.31
1783331100000,2.7761,7.31
1783331160000,2.7761,7.31
1783331220000,2.7761,7.31
1783331280000,2.7761,7.31
1783331340000,2.7761,7.31
1783331400000,2.7761,7.31
1783331460000,2.7761,7.31
1783331520000,2.7761,7.31
1783331580000,2.7761,7.31
1783331640000,2.7761,7.31
1783331700000,2.7761,7.31
1783331760000,2.7761,7.31
1783331820000,2.7761,7.31
1783331880000,2.7761,7.31
1783331940000,2.7761,7.31
1783332000000,2.7761,7.31
1783332060000,2.7761,7.31
1783332120000,2.7761,7.31
1783332180000,2.7761,7.31
1783332240000,2.7761,7.31
1783332300000,2.6657,10.99
1783334400000,2.6657,10.99
1783334460000,2.6657,10.99
1783334520000,2.6657,10.99
1783334580000,2.6657,10.99
1783334640000,2.6657,10.99
1783334700000,2.6657,10.99
1783334760000,2.6657,10.99
1783334820000,2.6657,10.99
1783334880000,2.6657,10.99
1783334940000,2.6657,10.99
1783335000000,2.6657,10.99
1783335060000,2.6657,10.99
1783335120000,2.6657,10.99
1783335180000,2.6657,10.99
1783335240000,2.6657,10.99
1783335300000,2.6657,10.99
1783335360000,2.6657,10.99
1783335420000,2.6657,10.99
1783335480000,2.6657,10.99
1783335540000,2.6657,10.99
1783335600000,2.6657,10.99
1783335660000,2.6657,10.99
1783335720000,2.6657,10.99
1783335780000,2.6657,10.99
1783335840000,2.6657,10.99
1783335900000,2.6657,10.99
1783335960000,2.6657,10.99
1783336020000,2.6657,10.99
1783336080000,2.6657,10.99
1783336140000,2.6657,10.99
1783336200000,2.6657,10.99
1783336260000,2.6657,10.99
1783336320000,2.6657,10.99
1783336380000,2.6657,10.99
1783336440000,2.6657,10.99
1783336500000,2.6657,10.99
1783336560000,2.6657,10.99
1783336620000,2.6657,10.99
1783336680000,2.6657,10.99
1783336740000,2.6657,10.99
1783336800000,2.6657,10.99
1783336860000,2.6657,10.99
1783336920000,2.6657,10.99
1783336980000,2.6657,10.99
1783337040000,2.6657,10.99
1783337100000,2.6657,10.99
1783337160000,2.6657,10.99
1783337220000,2.6657,10.99
1783337280000,2.6657,10.99
1783337340000,2.6657,10.99
1783337400000,2.6657,10.99
1783337460000,2.6657,10.99
1783337520000,2.6657,10.99
1783337580000,2.6657,10.99
1783337640000,2.6657,10.99
1783337700000,2.6657,10.99
1783337760000,2.6657,10.99
1783337820000,2.6657,10.99
1783337880000,2.6657,10.99
1783337940000,2.6657,10.99
1783338000000,2.6657,10.99
1783338060000,2.6657,10.99
1783338120000,2.6657,10.99
1783338180000,2.6657,10.99
1783338240000,2.6657,10.99
1783338300000,2.6657,10.99
1783338360000,2.6657,10.99
1783338420000,2.6657,10.99
1783338480000,2.6657,10.99
1783338540000,2.6657,10.99
1783338600000,2.6657,10.99
1783338660000,2.6657,10.99
1783338720000,2.6657,10.99
1783338780000,2.6657,10.99
1783338840000,2.6657,10.99
1783338900000,2.6657,10.99
1783338960000,2.6657,10.99
1783339020000,2.5517,14.8
1783340100000,2.5517,14.8
1783340160000,2.5517,14.8
1783340220000,2.5517,14.8
1783340280000,2.5517,14.8
1783340340000,2.5517,14.8
1783340400000,2.5517,14.8
1783340460000,2.5517,14.8
1783340520000,2.5517,14.8
1783340580000,2.5517,14.8
1783340640000,2.5517,14.8
1783340700000,2.5517,14.8
1783340760000,2.5517,14.8
1783340820000,2.5517,14.8
1783340880000,2.5517,14.8
1783340940000,2.5517,14.8
1783341000000,2.5517,14.8
1783341060000,2.5517,14.8
1783341120000,2.5517,14.8
1783341180000,2.5517,14.8
1783341240000,2.5517,14.8
1783341300000,2.5517,14.8
1783341360000,2.5517,14.8
1783341420000,2.5517,14.8
1783341480000,2.5517,14.8
1783341540000,2.5517,14.8
1783341600000,2.5517,14.8
1783341660000,2.5517,14.8
1783341720000,2.5517,14.8
1783341780000,2.5517,14.8
1783341840000,2.5517,14.8
1783341900000,2.5517,14.8
1783341960000,2.5517,14.8
1783342020000,2.5517,14.8
1783342080000,2.5517,14.8
1783342140000,2.5517,14.8
1783342200000,2.5517,14.8
1783342260000,2.5517,14.8
1783342320000,2.5517,14.8
1783342380000,2.5517,14.8
1783342440000,2.5517,14.8
1783342500000,2.5517,14.8
1783342560000,2.5517,14.8
1783342620000,2.5517,14.8
1783342680000,2.5517,14.8
1783342740000,2.5517,14.8
1783342800000,2.5517,14.8
1783342860000,2.5517,14.8
1783342920000,2.5517,14.8
1783342980000,2.5517,14.8
1783343040000,2.5517,14.8
1783343100000,2.5517,14.8
1783343160000,2.5517,14.8
1783343220000,2.5517,14.8
1783343280000,2.5517,14.8
1783343340000,2.5517,14.8
1783343400000,2.5517,14.8
1783343460000,2.5517,14.8
1783343520000,2.5517,14.8
1783343580000,2.5517,14.8
1783343640000,2.5517,14.8
1783343700000,2.5517,14.8
1783343760000,2.5517,14.8
1783343820000,2.5517,14.8
1783343880000,2.5517,14.8
1783343940000,2.5517,14.8
1783344000000,2.5517,14.8
1783344060000,2.5517,14.8
1783344120000,2.5517,14.8
1783344180000,2.5517,14.8
1783344240000,2.5517,14.8
1783344300000,2.5517,14.8
1783344360000,2.5517,14.8
1783344420000,2.5517,14.8
1783344480000,2.5517,14.8
1783344540000,2.5517,14.8
1783344600000,2.5517,14.8
1783344660000,2.5517,14.8
1783344720000,2.5517,14.8
1783344780000,2.5517,14.8
1783344840000,2.5517,14.8
1783344900000,2.5517,14.8
1783344960000,2.5517,14.8
1783345020000,2.5517,14.8
1783345080000,2.5517,14.8
1783345140000,2.5517,14.8
1783345200000,2.5517,14.8
1783345260000,2.5517,14.8
1783345320000,2.5517,14.8
1783345380000,2.5517,14.8
1783345440000,2.5517,14.8
1783345500000,2.5998,13.19
1783346760000,2.5998,13.19
1783346820000,2.5998,13.19
1783346880000,2.5998,13.19
1783346940000,2.5998,13.19
1783347000000,2.5998,13.19
1783347060000,2.5998,13.19
1783347120000,2.5998,13.19
1783347180000,2.5998,13.19
1783347240000,2.5998,13.19
1783347300000,2.5998,13.19
1783347360000,2.5998,13.19
1783347420000,2.5998,13.19
1783347480000,2.5998,13.19
1783347540000,2.5998,13.19
1783347600000,2.5998,13.19
1783347660000,2.5998,13.19
1783347720000,2.5998,13.19
1783347780000,2.4822,17.12
1783413180000,2.4822,17.12
1783413240000,2.4822,17.12
1783413300000,2.4822,17.12
1783413360000,2.4822,17.12
1783413420000,2.4822,17.12
1783413480000,2.4822,17.12
1783413540000,2.4822,17.12
1783413600000,2.4822,17.12
1783413660000,2.4822,17.12
1783413720000,2.4822,17.12
1783413780000,2.4822,17.12
1783413840000,2.4822,17.12
1783413900000,2.4822,17.12
1783413960000,2.4822,17.12
1783414020000,2.4822,17.12
1783414080000,2.4822,17.12
1783414140000,2.4822,17.12
1783414200000,2.4822,17.12
1783414260000,2.4822,17.12
1783414320000,2.4822,17.12
1783414380000,2.4822,17.12
1783414440000,2.4822,17.12
1783414500000,2.4822,17.12
1783414560000,2.4822,17.12
1783414620000,2.4822,17.12
1783414680000,2.4822,17.12
1783414740000,2.4822,17.12
1783414800000,2.4822,17.12
1783414860000,2.4822,17.12
1783414920000,2.4822,17.12
1783414980000,2.4822,17.12
1783415040000,2.4822,17.12
1783415100000,2.4822,17.12
1783415160000,2.4822,17.12
1783415220000,2.4822,17.12
1783415280000,2.4822,17.12
1783415340000,2.4822,17.12
1783415400000,2.4822,17.12
1783415460000,2.4822,17.12
1783415520000,2.4822,17.12
1783415580000,2.4822,17.12
1783415640000,2.4822,17.12
1783415700000,2.4822,17.12
1783415760000,2.4822,17.12
1783415820000,2.4822,17.12
1783415880000,2.4822,17.12
1783415940000,2.4822,17.12
1783416000000,2.4822,17.12
1783416060000,2.4822,17.12
1783416120000,2.4822,17.12
1783416180000,2.4822,17.12
1783416240000,2.4822,17.12
1783416300000,2.4822,17.12
1783416360000,2.4822,17.12
1783416420000,2.4822,17.12
1783416480000,2.4822,17.12
1783416540000,2.4822,17.12
1783416600000,2.4822,17.12
1783416660000,2.4822,17.12
1783416720000,2.4822,17.12
1783416780000,2.4822,17.12
1783416840000,2.4822,17.12
1783416900000,2.4822,17.12
1783416960000,2.4822,17.12
1783417020000,2.4822,17.12
1783417080000,2.4822,17.12
1783417140000,2.4822,17.12
1783417200000,2.4822,17.12
1783417260000,2.4822,17.12
1783417320000,2.3944,20.05
1783418640000,2.3944,20.05
1783418700000,2.3944,20.05
1783418760000,2.3944,20.05
1783418820000,2.3944,20.05
1783418880000,2.3944,20.05
1783418940000,2.3944,20.05
1783419000000,2.3944,20.05
1783419060000,2.3944,20.05
1783419120000,2.3944,20.05
1783419180000,2.3944,20.05
1783419240000,2.3944,20.05
1783419300000,2.3944,20.05
1783419360000,2.3944,20.05
1783419420000,2.3944,20.05
1783419480000,2.3944,20.05
1783419540000,2.3944,20.05
1783419600000,2.3944,20.05
1783419660000,2.3944,20.05
1783419720000,2.3944,20.05
1783419780000,2.3944,20.05
1783419840000,2.3944,20.05
1783419900000,2.3944,20.05
1783419960000,2.3944,20.05
1783420020000,2.3944,20.05
1783420080000,2.3944,20.05
1783420140000,2.3944,20.05
1783420200000,2.3059,23.01
1783499820000,2.3059,23.01
1783499880000,2.3059,23.01
1783499940000,2.3059,23.01
1783500000000,2.3059,23.01
1783500060000,2.3059,23.01
1783500120000,2.3059,23.01
1783500180000,2.3059,23.01
1783500240000,2.3324,22.12
1783501020000,2.3324,22.12
1783501080000,2.3324,22.12
1783501140000,2.3324,22.12
1783501200000,2.3324,22.12
1783501260000,2.3324,22.12
1783501320000,2.3324,22.12
1783501380000,2.3324,22.12
1783501440000,2.3324,22.12
1783501500000,2.3324,22.12
1783501560000,2.3324,22.12
1783501620000,2.3324,22.12
1783501680000,2.3324,22.12
1783501740000,2.3324,22.12
1783501800000,2.3324,22.12
1783501860000,2.3324,22.12
1783501920000,2.3324,22.12
1783501980000,2.3324,22.12
1783502040000,2.3324,22.12
1783502100000,2.3324,22.12
1783502160000,2.3324,22.12
1783502220000,2.3324,22.12
1783502280000,2.3324,22.12
1783502340000,2.3324,22.12
1783502400000,2.3324,22.12
1783502460000,2.3324,22.12
1783502520000,2.3324,22.12
1783502580000,2.3324,22.12
1783502640000,2.3324,22.12
1783502700000,2.3324,22.12
1783502760000,2.3324,22.12
1783502820000,2.3324,22.12
1783502880000,2.3324,22.12
1783502940000,2.3324,22.12
1783503000000,2.3324,22.12
1783503060000,2.3324,22.12
1783503120000,2.3324,22.12
1783503180000,2.3324,22.12
1783503240000,2.3324,22.12
1783503300000,2.3324,22.12
1783503360000,2.3324,22.12
1783503420000,2.3324,22.12
1783503480000,2.3324,22.12
1783503540000,2.3324,22.12
1783503600000,2.3324,22.12
1783503660000,2.3324,22.12
1783503720000,2.3324,22.12
1783503780000,2.3324,22.12
1783503840000,2.3324,22.12
1783503900000,2.3324,22.12
1783503960000,2.3324,22.12
1783504020000,2.3324,22.12
1783504080000,2.3324,22.12
1783504140000,2.3324,22.12
1783504200000,2.3324,22.12
1783504260000,2.3324,22.12
1783504320000,2.3324,22.12
1783504380000,2.3324,22.12
1783504440000,2.3324,22.12
1783504500000,2.3324,22.12
1783504560000,2.3324,22.12
1783504620000,2.3324,22.12
1783504680000,2.3324,22.12
1783504740000,2.3324,22.12
1783504800000,2.3324,22.12
1783504860000,2.3324,22.12
1783504920000,2.3324,22.12
1783504980000,2.3324,22.12
1783505040000,2.3324,22.12
1783505100000,2.3324,22.12
1783505160000,2.3324,22.12
1783505220000,2.3324,22.12
1783505280000,2.3324,22.12
1783505340000,2.3324,22.12
1783505400000,2.3324,22.12
1783505460000,2.3324,22.12
1783505520000,2.3324,22.12
1783505580000,2.3324,22.12
1783505640000,2.3324,22.12
1783505700000,2.3324,22.12
1783505760000,2.3324,22.12
1783505820000,2.3324,22.12
1783505880000,2.3324,22.12
1783505940000,2.3324,22.12
1783506000000,2.3324,22.12
1783506060000,2.3324,22.12
1783506120000,2.3324,22.12
1783506180000,2.3324,22.12
1783506240000,2.3324,22.12
1783506300000,2.3324,22.12
1783506360000,2.3324,22.12
1783506420000,2.3324,22.12
1783506480000,2.3324,22.12
1783506540000,2.3324,22.12
1783506600000,2.3324,22.12
1783506660000,2.3324,22.12
1783506720000,2.3324,22.12
1783506780000,2.3324,22.12
1783506840000,2.3324,22.12
1783506900000,2.3324,22.12
1783506960000,2.3324,22.12
1783507020000,2.3324,22.12
1783507080000,2.3324,22.12
1783507140000,2.3324,22.12
1783507200000,2.3324,22.12
1783507260000,2.3324,22.12
1783507320000,2.3324,22.12
1783507380000,2.3324,22.12
1783507440000,2.3324,22.12
1783507500000,2.3324,22.12
1783507560000,2.3324,22.12
1783507620000,2.3324,22.12
1783507680000,2.3324,22.12
1783507740000,2.3324,22.12
1783507800000,2.3324,22.12
1783507860000,2.3324,22.12
1783507920000,2.3324,22.12
1783507980000,2.3324,22.12
1783508040000,2.3324,22.12
1783508100000,2.3324,22.12
1783508160000,2.3324,22.12
1783508220000,2.3324,22.12
1783508280000,2.3324,22.12
1783508340000,2.3324,22.12
1783508400000,2.3324,22.12
1783508460000,2.3324,22.12
1783508520000,2.3324,22.12
1783508580000,2.3324,22.12
1783508640000,2.3324,22.12
1783508700000,2.3324,22.12
1783508760000,2.3324,22.12
1783508820000,2.3324,22.12
1783508880000,2.3324,22.12
1783508940000,2.3324,22.12
1783509000000,2.3324,22.12
1783509060000,2.3324,22.12
1783509120000,2.3324,22.12
1783509180000,2.3324,22.12
1783509240000,2.3324,22.12
1783509300000,2.3324,22.12
1783509360000,2.3324,22.12
1783509420000,2.3324,22.12
1783509480000,2.3324,22.12
1783509540000,2.3324,22.12
1783509600000,2.3324,22.12
1783509660000,2.3324,22.12
1783509720000,2.3324,22.12
1783509780000,2.3324,22.12
1783509840000,2.3324,22.12
1783509900000,2.3324,22.12
1783509960000,2.3324,22.12
1783510020000,2.3324,22.12
1783510080000,2.3324,22.12
1783510140000,2.3324,22.12
1783510200000,2.3324,22.12
1783510260000,2.3324,22.12
1783510320000,2.3324,22.12
1783510380000,2.3324,22.12
1783510440000,2.3324,22.12
1783510500000,2.3324,22.12
1783510560000,2.3324,22.12
1783510620000,2.3324,22.12
1783510680000,2.3324,22.12
1783510740000,2.3324,22.12
1783510800000,2.3324,22.12
1783510860000,2.3324,22.12
1783510920000,2.3324,22.12
1783510980000,2.2228,25.78
1783512120000,2.2228,25.78
1783512180000,2.2228,25.78
1783512240000,2.2228,25.78
1783512300000,2.2228,25.78
1783512360000,2.2228,25.78
1783512420000,2.2228,25.78
1783512480000,2.2228,25.78
1783512540000,2.2228,25.78
1783512600000,2.136,28.68
1783590720000,2.136,28.68
1783590780000,2.136,28.68
1783590840000,2.136,28.68
1783590900000,2.136,28.68
1783590960000,2.136,28.68
1783591020000,2.136,28.68
1783591080000,2.136,28.68
1783591140000,2.136,28.68
1783591200000,2.136,28.68
1783591260000,2.136,28.68
1783591320000,2.136,28.68
1783591380000,2.136,28.68
1783591440000,2.136,28.68
1783591500000,2.136,28.68
1783591560000,2.136,28.68
1783591620000,2.136,28.68
1783591680000,2.136,28.68
1783591740000,2.136,28.68
1783591800000,2.136,28.68
1783591860000,2.136,28.68
1783591920000,2.136,28.68
1783591980000,2.136,28.68
1783592040000,2.136,28.68
1783592100000,2.136,28.68
1783592160000,2.136,28.68
1783592220000,2.136,28.68
1783592280000,2.136,28.68
1783592340000,2.136,28.68
1783592400000,2.136,28.68
1783592460000,2.136,28.68
1783592520000,2.136,28.68
1783592580000,2.136,28.68
1783592640000,2.136,28.68
1783592700000,2.136,28.68
1783592760000,2.136,28.68
1783592820000,2.136,28.68
1783592880000,2.136,28.68
1783592940000,2.136,28.68
1783593000000,2.136,28.68
1783593060000,2.136,28.68
1783593120000,2.136,28.68
1783593180000,2.136,28.68
1783593240000,2.136,28.68
1783593300000,2.136,28.68
1783593360000,2.136,28.68
1783593420000,2.136,28.68
1783593480000,2.136,28.68
1783593540000,2.136,28.68
1783593600000,2.136,28.68
1783593660000,2.136,28.68
1783593720000,2.136,28.68
1783593780000,2.136,28.68
1783593840000,2.136,28.68
1783593900000,2.136,28.68
1783593960000,2.136,28.68
1783594020000,2.136,28.68
1783594080000,2.136,28.68
1783594140000,2.136,28.68
1783594200000,2.136,28.68
1783594260000,2.136,28.68
1783594320000,2.0537,31.43
1783596000000,2.0537,31.43
1783596060000,2.0537,31.43
1783596120000,2.0537,31.43
1783596180000,2.0537,31.43
1783596240000,2.0537,31.43
1783596300000,2.0537,31.43
1783596360000,2.0537,31.43
1783596420000,2.0537,31.43
1783596480000,2.0537,31.43
1783596540000,2.0537,31.43
1783596600000,2.0537,31.43
1783596660000,2.0537,31.43
1783596720000,2.0537,31.43
1783596780000,2.0537,31.43
1783596840000,2.0537,31.43
1783596900000,2.0537,31.43
1783596960000,2.0537,31.43
1783597020000,2.0537,31.43
1783597080000,2.0537,31.43
1783597140000,2.0537,31.43
1783597200000,2.0537,31.43
1783597260000,2.0537,31.43
1783597320000,2.0537,31.43
1783597380000,2.0537,31.43
1783597440000,2.0537,31.43
1783597500000,2.0537,31.43
1783597560000,2.0537,31.43
1783597620000,2.0537,31.43
1783597680000,2.0537,31.43
1783597740000,2.0537,31.43
1783597800000,2.0537,31.43
1783597860000,2.0537,31.43
1783597920000,2.0537,31.43
1783597980000,2.0537,31.43
1783598040000,2.0537,31.43
1783598100000,2.0537,31.43
1783598160000,2.0537,31.43
1783598220000,2.0537,31.43
1783598280000,2.0537,31.43
1783598340000,2.0537,31.43
1783598400000,2.0537,31.43
1783598460000,2.0537,31.43
1783598520000,2.0537,31.43
1783598580000,2.0537,31.43
1783598640000,2.0537,31.43
1783598700000,2.0537,31.43
1783598760000,2.0537,31.43
1783598820000,2.0537,31.43
1783598880000,2.0537,31.43
1783598940000,2.0537,31.43
1783599000000,2.0537,31.43
1783599060000,2.0537,31.43
1783599120000,2.0537,31.43
1783599180000,2.0537,31.43
1783599240000,2.0537,31.43
1783599300000,2.0537,31.43
1783599360000,2.0537,31.43
1783599420000,2.0537,31.43
1783599480000,2.0537,31.43
1783599540000,2.0537,31.43
1783599600000,2.0537,31.43
1783599660000,2.0537,31.43
1783599720000,2.0537,31.43
1783599780000,2.0537,31.43
1783599840000,2.0537,31.43
1783599900000,2.0537,31.43
1783599960000,2.0537,31.43
1783600020000,2.0537,31.43
1783600080000,2.0537,31.43
1783600140000,2.0537,31.43
1783600200000,2.0537,31.43
1783600260000,2.0537,31.43
1783600320000,2.0537,31.43
1783600380000,2.0537,31.43
1783600440000,2.0537,31.43
1783600500000,2.0537,31.43
1783600560000,2.0537,31.43
1783600620000,2.0537,31.43
1783600680000,2.0537,31.43
1783600740000,2.0537,31.43
1783600800000,2.0537,31.43
1783600860000,2.0537,31.43
1783600920000,2.0537,31.43
1783600980000,2.0537,31.43
1783601040000,2.0537,31.43
1783601100000,2.0537,31.43
1783601160000,2.0537,31.43
1783601220000,2.0537,31.43
1783601280000,2.0537,31.43
1783601340000,2.0537,31.43
1783601400000,2.0537,31.43
1783601460000,2.0537,31.43
1783601520000,2.0537,31.43
1783601580000,2.0843,30.41
1783602420000,2.0843,30.41
1783602480000,2.0843,30.41
1783602540000,2.0843,30.41
1783602600000,2.0843,30.41
1783602660000,2.0843,30.41
1783602720000,2.0843,30.41
1783602780000,2.0843,30.41
1783602840000,2.0843,30.41
1783602900000,2.0843,30.41
1783602960000,2.0843,30.41
1783603020000,2.0843,30.41
1783603080000,2.0843,30.41
1783603140000,2.0843,30.41
1783603200000,2.0843,30.41
1783603260000,2.0843,30.41
1783603320000,2.0843,30.41
1783603380000,2.0843,30.41
1783603440000,2.0843,30.41
1783603500000,2.0843,30.41
1783603560000,2.0843,30.41
1783603620000,2.0843,30.41
1783603680000,2.0843,30.41
1783603740000,2.0843,30.41
1783603800000,1.9861,33.68
1783672500000,1.9861,33.68
1783672560000,1.9861,33.68
1783672620000,1.9861,33.68
1783672680000,1.9861,33.68
1783672740000,1.9861,33.68
1783672800000,1.9861,33.68
1783672860000,1.9861,33.68
1783672920000,1.9861,33.68
1783672980000,1.9861,33.68
1783673040000,1.9861,33.68
1783673100000,1.9861,33.68
1783673160000,1.9861,33.68
1783673220000,1.9861,33.68
1783673280000,1.9861,33.68
1783673340000,1.9861,33.68
1783673400000,1.9861,33.68
1783673460000,1.9861,33.68
1783673520000,1.9861,33.68
1783673580000,1.9861,33.68
1783673640000,1.9861,33.68
1783673700000,1.9861,33.68
1783673760000,1.9861,33.68
1783673820000,1.9861,33.68
1783673880000,1.9861,33.68
1783673940000,1.9861,33.68
1783674000000,1.8986,36.61
1783675860000,1.8986,36.61
1783675920000,1.8986,36.61
1783675980000,1.8986,36.61
1783676040000,1.8986,36.61
1783676100000,1.8986,36.61
1783676160000,1.8986,36.61
1783676220000,1.8986,36.61
1783676280000,1.8986,36.61
1783676340000,1.8986,36.61
1783676400000,1.8986,36.61
1783676460000,1.8986,36.61
1783676520000,1.8986,36.61
1783676580000,1.8986,36.61
1783676640000,1.8986,36.61
1783676700000,1.8986,36.61
1783676760000,1.8986,36.61
1783676820000,1.8986,36.61
1783676880000,1.8986,36.61
1783676940000,1.8986,36.61
1783677000000,1.8986,36.61
1783677060000,1.8986,36.61
1783677120000,1.8986,36.61
1783677180000,1.8986,36.61
1783677240000,1.8986,36.61
1783677300000,1.8986,36.61
1783677360000,1.8986,36.61
1783677420000,1.8986,36.61
1783677480000,1.8986,36.61
1783677540000,1.8986,36.61
1783677600000,1.8986,36.61
1783677660000,1.8986,36.61
1783677720000,1.8986,36.61
1783677780000,1.8986,36.61
1783677840000,1.8986,36.61
1783677900000,1.8986,36.61
1783677960000,1.8986,36.61
1783678020000,1.8986,36.61
1783678080000,1.8986,36.61
1783678140000,1.8986,36.61
1783678200000,1.8986,36.61
1783678260000,1.8986,36.61
1783678320000,1.8986,36.61
1783678380000,1.8986,36.61
1783678440000,1.8986,36.61
1783678500000,1.8986,36.61
1783678560000,1.8986,36.61
1783678620000,1.8986,36.61
1783678680000,1.8986,36.61
1783678740000,1.8986,36.61
1783678800000,1.8986,36.61
1783678860000,1.8986,36.61
1783678920000,1.8986,36.61
1783678980000,1.8986,36.61
1783679040000,1.8986,36.61
1783679100000,1.8986,36.61
1783679160000,1.8986,36.61
1783679220000,1.8986,36.61
1783679280000,1.8986,36.61
1783679340000,1.8986,36.61
1783679400000,1.8986,36.61
1783679460000,1.8986,36.61
1783679520000,1.8986,36.61
1783679580000,1.8986,36.61
1783679640000,1.8986,36.61
1783679700000,1.8986,36.61
1783679760000,1.8986,36.61
1783679820000,1.8986,36.61
1783679880000,1.8986,36.61
1783679940000,1.8986,36.61
1783680000000,1.8986,36.61
1783680060000,1.8986,36.61
1783680120000,1.8986,36.61
1783680180000,1.8986,36.61
1783680240000,1.8986,36.61
1783680300000,1.8986,36.61
1783680360000,1.8986,36.61
1783680420000,1.8986,36.61
1783680480000,1.8986,36.61
1783680540000,1.8986,36.61
1783680600000,1.8986,36.61
1783680660000,1.8986,36.61
1783680720000,1.8986,36.61
1783680780000,1.8986,36.61
1783680840000,1.8986,36.61
1783680900000,1.8986,36.61
1783680960000,1.8986,36.61
1783681020000,1.8986,36.61
1783681080000,1.8986,36.61
1783681140000,1.8986,36.61
1783681200000,1.8986,36.61
1783681260000,1.8986,36.61
1783681320000,1.8986,36.61
1783681380000,1.8986,36.61
1783681440000,1.8986,36.61
1783681500000,1.8986,36.61
1783681560000,1.8986,36.61
1783681620000,1.8986,36.61
1783681680000,1.8986,36.61
1783681740000,1.8986,36.61
1783681800000,1.8986,36.61
1783681860000,1.8986,36.61
1783681920000,1.8986,36.61
1783681980000,1.8986,36.61
1783682040000,1.8986,36.61
1783682100000,1.8986,36.61
1783682160000,1.8986,36.61
1783682220000,1.8986,36.61
1783682280000,1.8986,36.61
1783682340000,1.8986,36.61
1783682400000,1.8986,36.61
1783682460000,1.8986,36.61
1783682520000,1.8986,36.61
1783682580000,1.8986,36.61
1783682640000,1.8986,36.61
1783682700000,1.8986,36.61
1783682760000,1.8986,36.61
1783682820000,1.8986,36.61
1783682880000,1.8986,36.61
1783682940000,1.8986,36.61
1783683000000,1.8986,36.61
1783683060000,1.8986,36.61
1783683120000,1.8986,36.61
1783683180000,1.8986,36.61
1783683240000,1.8986,36.61
1783683300000,1.8986,36.61
1783683360000,1.8986,36.61
1783683420000,1.8986,36.61
1783683480000,1.8986,36.61
1783683540000,1.8986,36.61
1783683600000,1.8986,36.61
1783683660000,1.8986,36.61
1783683720000,1.8986,36.61
1783683780000,1.8986,36.61
1783683840000,1.8986,36.61
1783683900000,1.8986,36.61
1783683960000,1.8986,36.61
1783684020000,1.8986,36.61
1783684080000,1.8986,36.61
1783684140000,1.8986,36.61
1783684200000,1.8986,36.61
1783684260000,1.8986,36.61
1783684320000,1.8986,36.61
1783684380000,1.8986,36.61
1783684440000,1.8986,36.61
1783684500000,1.8986,36.61
1783684560000,1.8986,36.61
1783684620000,1.8986,36.61
1783684680000,1.8986,36.61
1783684740000,1.8986,36.61
1783684800000,1.8986,36.61
1783684860000,1.8986,36.61
1783684920000,1.8986,36.61
1783684980000,1.8986,36.61
1783685040000,1.8986,36.61
1783685100000,1.8986,36.61
1783685160000,1.8986,36.61
1783685220000,1.8986,36.61
1783685280000,1.8986,36.61
1783685340000,1.8986,36.61
1783685400000,1.8986,36.61
1783685460000,1.8986,36.61
1783685520000,1.8986,36.61
1783685580000,2.0242,32.41
1783690680000,2.0242,32.41
1783690740000,2.0242,32.41
1783690800000,2.0242,32.41
1783690860000,2.0242,32.41
1783690920000,2.0242,32.41
1783690980000,2.0242,32.41
1783691040000,2.0242,32.41
1783691100000,2.0242,32.41
1783691160000,2.0242,32.41
1783691220000,2.0242,32.41
1783691280000,2.0242,32.41
1783691340000,2.0242,32.41
1783691400000,2.0242,32.41
1783691460000,2.0242,32.41
1783691520000,2.0242,32.41
1783691580000,2.0242,32.41
1783691640000,2.0242,32.41
1783691700000,2.0242,32.41
1783691760000,2.0242,32.41
1783691820000,2.0242,32.41
1783691880000,2.0242,32.41
1783691940000,2.0242,32.41
1783692000000,2.0242,32.41
1783692060000,2.0242,32.41
1783692120000,2.0242,32.41
1783692180000,2.0242,32.41
1783692240000,2.0516,31.5
1783693380000,2.0516,31.5
1783693440000,2.0516,31.5
1783693500000,2.0516,31.5
1783693560000,2.0516,31.5
1783693620000,2.0516,31.5
1783693680000,2.0516,31.5
1783693740000,2.0516,31.5
1783693800000,2.0516,31.5
1783693860000,2.0516,31.5
1783693920000,2.0516,31.5
1783693980000,2.0849,30.38
1783695420000,2.0849,30.38
1783695480000,2.0849,30.38
1783695540000,2.0849,30.38
1783695600000,2.0849,30.38
1783695660000,2.0849,30.38
1783695720000,2.0849,30.38
1783695780000,2.0849,30.38
1783695840000,2.0849,30.38
1783695900000,2.0849,30.38
1783695960000,2.0849,30.38
1783696020000,2.0016,33.17
1783697040000,2.0016,33.17
1783697100000,2.0016,33.17
1783697160000,2.0016,33.17
1783697220000,2.0016,33.17
1783697280000,2.0016,33.17
1783697340000,2.0016,33.17
1783697400000,2.0016,33.17
1783697460000,2.0016,33.17
1783697520000,2.0016,33.17
1783697580000,2.0016,33.17
1783697640000,2.0016,33.17
1783697700000,2.0016,33.17
1783697760000,2.0016,33.17
1783697820000,2.0016,33.17
1783697880000,2.0016,33.17
1783697940000,2.0016,33.17
1783698000000,2.0016,33.17
1783698060000,2.0016,33.17
1783698120000,1.893,36.79
1783700100000,1.893,36.79
1783700160000,1.893,36.79
1783700220000,1.893,36.79
1783700280000,1.893,36.79
1783700340000,1.893,36.79
1783700400000,1.893,36.79
1783700460000,1.893,36.79
1783700520000,1.893,36.79
1783700580000,1.893,36.79
1783700640000,1.893,36.79
1783700700000,1.893,36.79
1783700760000,1.893,36.79
1783700820000,1.893,36.79
1783700880000,1.893,36.79
1783700940000,1.893,36.79
1783701000000,1.893,36.79
1783701060000,1.893,36.79
1783701120000,1.893,36.79
1783701180000,1.893,36.79
1783701240000,1.893,36.79
1783701300000,1.893,36.79
1783701360000,1.893,36.79
1783701420000,1.893,36.79
1783701480000,1.8035,39.78
1783780560000,1.8035,39.78
1783780620000,1.8035,39.78
1783780680000,1.8035,39.78
1783780740000,1.8035,39.78
1783780800000,1.8035,39.78
1783780860000,1.8035,39.78
1783780920000,1.8035,39.78
1783780980000,1.8035,39.78
1783781040000,1.8035,39.78
1783781100000,1.8035,39.78
1783781160000,1.8035,39.78
1783781220000,1.8035,39.78
1783781280000,1.8035,39.78
1783781340000,1.8035,39.78
1783781400000,1.8035,39.78
1783781460000,1.8035,39.78
1783781520000,1.8035,39.78
1783781580000,1.8035,39.78
1783781640000,1.8035,39.78
1783781700000,1.8035,39.78
1783781760000,1.8035,39.78
1783781820000,1.8035,39.78
1783781880000,1.8035,39.78
1783781940000,1.8035,39.78
1783782000000,1.8035,39.78
1783782060000,1.8035,39.78
1783782120000,1.8035,39.78
1783782180000,1.8035,39.78
1783782240000,1.8035,39.78
1783782300000,1.8035,39.78
1783782360000,1.8035,39.78
1783782420000,1.8035,39.78
1783782480000,1.8035,39.78
1783782540000,1.8035,39.78
1783782600000,1.8035,39.78
1783782660000,1.8035,39.78
1783782720000,1.8035,39.78
1783782780000,1.8035,39.78
1783782840000,1.8035,39.78
1783782900000,1.8035,39.78
1783782960000,1.8035,39.78
1783783020000,1.8035,39.78
1783783080000,1.8035,39.78
1783783140000,1.8035,39.78
1783783200000,1.8035,39.78
1783783260000,1.8035,39.78
1783783320000,1.8035,39.78
1783783380000,1.8035,39.78
1783783440000,1.8035,39.78
1783783500000,1.8035,39.78
1783783560000,1.8035,39.78
1783783620000,1.8035,39.78
1783783680000,1.8035,39.78
1783783740000,1.8035,39.78
1783783800000,1.8035,39.78
1783783860000,1.8035,39.78
1783783920000,1.8035,39.78
1783783980000,1.8035,39.78
1783784040000,1.8035,39.78
1783784100000,1.8035,39.78
1783784160000,1.8035,39.78
1783784220000,1.8035,39.78
1783784280000,1.8035,39.78
1783784340000,1.8035,39.78
1783784400000,1.8035,39.78
1783784460000,1.8035,39.78
1783784520000,1.8035,39.78
1783784580000,1.8035,39.78
1783784640000,1.8515,38.18
1783785360000,1.8515,38.18
1783785420000,1.8515,38.18
1783785480000,1.8515,38.18
1783785540000,1.8515,38.18
1783785600000,1.8515,38.18
1783785660000,1.8515,38.18
1783785720000,1.8515,38.18
1783785780000,1.8515,38.18
1783785840000,1.8515,38.18
1783785900000,1.8515,38.18
1783785960000,1.8515,38.18
1783786020000,1.8515,38.18
1783786080000,1.8515,38.18
1783786140000,1.8515,38.18
1783786200000,1.8515,38.18
1783786260000,1.8515,38.18
1783786320000,1.8515,38.18
1783786380000,1.8515,38.18
1783786440000,1.8515,38.18
1783786500000,1.8515,38.18
1783786560000,1.8515,38.18
1783786620000,1.8515,38.18
1783786680000,1.8515,38.18
1783786740000,1.8515,38.18
1783786800000,1.8515,38.18
1783786860000,1.8515,38.18
1783786920000,1.8515,38.18
1783786980000,1.8515,38.18
1783787040000,1.8515,38.18
1783787100000,1.8515,38.18
1783787160000,1.8515,38.18
1783787220000,1.8515,38.18
1783787280000,1.8515,38.18
1783787340000,1.8515,38.18
1783787400000,1.8515,38.18
1783787460000,1.8515,38.18
1783787520000,1.8515,38.18
1783787580000,1.8515,38.18
1783787640000,1.8515,38.18
1783787700000,1.8515,38.18
1783787760000,1.8515,38.18
1783787820000,1.8515,38.18
1783787880000,1.8515,38.18
1783787940000,1.8515,38.18
1783788000000,1.8515,38.18
1783788060000,1.8515,38.18
1783788120000,1.8515,38.18
1783788180000,1.8515,38.18
1783788240000,1.8515,38.18
1783788300000,1.8515,38.18
1783788360000,1.8515,38.18
1783788420000,1.8515,38.18
1783788480000,1.8515,38.18
1783788540000,1.8515,38.18
1783788600000,1.8515,38.18
1783788660000,1.8515,38.18
1783788720000,1.8515,38.18
1783788780000,1.8515,38.18
1783788840000,1.8515,38.18
1783788900000,1.8515,38.18
1783788960000,1.8515,38.18
1783789020000,1.8515,38.18
1783789080000,1.8515,38.18
1783789140000,1.8515,38.18
1783789200000,1.8515,38.18
1783789260000,1.8515,38.18
1783789320000,1.8515,38.18
1783789380000,1.8515,38.18
1783789440000,1.8515,38.18
1783789500000,1.8515,38.18
1783789560000,1.8515,38.18
1783789620000,1.8515,38.18
1783789680000,1.8515,38.18
1783789740000,1.8515,38.18
1783789800000,1.8515,38.18
1783789860000,1.8515,38.18
1783789920000,1.8515,38.18
1783789980000,1.8515,38.18
1783790040000,1.8515,38.18
1783790100000,1.8515,38.18
1783790160000,1.8515,38.18
1783790220000,1.8515,38.18
1783790280000,1.8515,38.18
1783790340000,1.8515,38.18
1783790400000,1.8515,38.18
1783790460000,1.8515,38.18
1783790520000,1.8515,38.18
1783790580000,1.8515,38.18
1783790640000,1.8515,38.18
1783790700000,1.8515,38.18
1783790760000,1.8515,38.18
1783790820000,1.8515,38.18
1783790880000,1.8515,38.18
1783790940000,1.8515,38.18
1783791000000,1.8515,38.18
1783791060000,1.8515,38.18
1783791120000,1.8515,38.18
1783791180000,1.8515,38.18
1783791240000,1.8515,38.18
1783791300000,1.8515,38.18
1783791360000,1.8515,38.18
1783791420000,1.8515,38.18
1783791480000,1.8515,38.18
1783791540000,1.8515,38.18
1783791600000,1.8515,38.18
1783791660000,1.8515,38.18
1783791720000,1.8515,38.18
1783791780000,1.8515,38.18
1783791840000,1.8515,38.18
1783791900000,1.8515,38.18
1783791960000,1.8515,38.18
1783792020000,1.8515,38.18
1783792080000,1.8515,38.18
1783792140000,1.8515,38.18
1783792200000,1.8515,38.18
1783792260000,1.8515,38.18
1783792320000,1.8515,38.18
1783792380000,1.8515,38.18
1783792440000,1.8515,38.18
1783792500000,1.8515,38.18
1783792560000,1.8515,38.18
1783792620000,1.8515,38.18
1783792680000,1.8515,38.18
1783792740000,1.8515,38.18
1783792800000,1.8515,38.18
1783792860000,1.8515,38.18
1783792920000,1.8515,38.18
1783792980000,1.8515,38.18
1783793040000,1.8515,38.18
1783793100000,1.8515,38.18
1783793160000,1.8515,38.18
1783793220000,1.8515,38.18
1783793280000,1.8515,38.18
1783793340000,1.8515,38.18
1783793400000,1.8515,38.18
1783793460000,1.8515,38.18
1783793520000,1.8515,38.18
1783793580000,1.8515,38.18
1783793640000,1.8515,38.18
1783793700000,1.8515,38.18
1783793760000,1.8515,38.18
1783793820000,1.8515,38.18
1783793880000,1.8515,38.18
1783793940000,1.8515,38.18
1783794000000,1.8515,38.18
1783794060000,1.8515,38.18
1783794120000,1.8515,38.18
1783794180000,1.8515,38.18
1783794240000,1.8515,38.18
1783794300000,1.8515,38.18
1783794360000,1.8515,38.18
1783794420000,1.8515,38.18
1783794480000,1.8515,38.18
1783794540000,1.8515,38.18
1783794600000,1.8515,38.18
1783794660000,1.8515,38.18
1783794720000,1.8515,38.18
1783794780000,1.8515,38.18
1783794840000,1.8515,38.18
1783794900000,1.8515,38.18
1783794960000,1.8515,38.18
1783795020000,1.8515,38.18
1783795080000,1.8515,38.18
1783795140000,1.8515,38.18
1783795200000,1.8515,38.18
1783795260000,1.8515,38.18
1783795320000,1.8515,38.18
1783795380000,1.8515,38.18
1783795440000,1.8515,38.18
1783795500000,1.8515,38.18
1783795560000,1.8515,38.18
1783795620000,1.8515,38.18
1783795680000,1.8515,38.18
1783795740000,1.8515,38.18
1783795800000,1.8515,38.18
1783795860000,1.8515,38.18
1783795920000,1.8515,38.18
1783795980000,1.8515,38.18
1783796040000,1.8515,38.18
1783796100000,1.8515,38.18
1783796160000,1.8515,38.18
1783796220000,1.8515,38.18
1783796280000,1.8515,38.18
1783796340000,1.8515,38.18
1783796400000,1.8515,38.18
1783796460000,1.8515,38.18
1783796520000,1.8515,38.18
1783796580000,1.8515,38.18
1783796640000,1.8515,38.18
1783796700000,1.8515,38.18
1783796760000,1.8515,38.18
1783796820000,1.8515,38.18
1783796880000,1.8515,38.18
1783796940000,1.8515,38.18
1783797000000,1.8515,38.18
1783797060000,1.8515,38.18
1783797120000,1.8515,38.18
1783797180000,1.8515,38.18
1783797240000,1.8515,38.18
1783797300000,1.8515,38.18
1783797360000,1.8515,38.18
1783797420000,1.8515,38.18
1783797480000,1.8515,38.18
1783797540000,1.8515,38.18
1783797600000,1.8515,38.18
1783797660000,1.8515,38.18
1783797720000,1.8515,38.18
1783797780000,1.8515,38.18
1783797840000,1.8515,38.18
1783797900000,1.8515,38.18
1783797960000,1.8515,38.18
1783798020000,1.8515,38.18
1783798080000,1.8515,38.18
1783798140000,1.8515,38.18
1783798200000,1.8515,38.18
1783798260000,1.8515,38.18
1783798320000,1.8515,38.18
1783798380000,1.8515,38.18
1783798440000,1.8515,38.18
1783798500000,1.8515,38.18
1783798560000,1.8515,38.18
1783798620000,1.8515,38.18
1783798680000,1.8515,38.18
1783798740000,1.8515,38.18
1783798800000,1.8515,38.18
1783798860000,1.8515,38.18
1783798920000,1.8515,38.18
1783798980000,1.8515,38.18
1783799040000,1.8515,38.18
1783799100000,1.8515,38.18
1783799160000,1.8515,38.18
1783799220000,1.8515,38.18
1783799280000,1.8515,38.18
1783799340000,1.8515,38.18
1783799400000,1.8515,38.18
1783799460000,1.8515,38.18
1783799520000,1.8515,38.18
1783799580000,1.8515,38.18
1783799640000,1.8515,38.18
1783799700000,1.8515,38.18
1783799760000,1.8515,38.18
1783799820000,1.8515,38.18
1783799880000,1.8515,38.18
1783799940000,1.8515,38.18
1783800000000,1.8515,38.18
1783800060000,1.8515,38.18
1783800120000,1.8515,38.18
1783800180000,1.8515,38.18
1783800240000,1.8515,38.18
1783800300000,1.8515,38.18
1783800360000,1.8515,38.18
1783800420000,1.8515,38.18
1783800480000,1.8515,38.18
1783800540000,1.8515,38.18
1783800600000,1.8515,38.18
1783800660000,1.8515,38.18
1783800720000,1.8515,38.18
1783800780000,1.8515,38.18
1783800840000,1.8515,38.18
1783800900000,1.8515,38.18
1783800960000,1.8515,38.18
1783801020000,1.8515,38.18
1783801080000,1.8515,38.18
1783801140000,1.8515,38.18
1783801200000,1.8515,38.18
1783801260000,1.8515,38.18
1783801320000,1.8515,38.18
1783801380000,1.8515,38.18
1783801440000,1.8515,38.18
1783801500000,1.8515,38.18
1783801560000,1.8515,38.18
1783801620000,1.8515,38.18
1783801680000,1.8515,38.18
1783801740000,1.8515,38.18
1783801800000,1.8515,38.18
1783801860000,1.8515,38.18
1783801920000,1.8515,38.18
1783801980000,1.8515,38.18
1783802040000,1.8515,38.18
1783802100000,1.8515,38.18
1783802160000,1.8515,38.18
1783802220000,1.8515,38.18
1783802280000,1.8515,38.18
1783802340000,1.8515,38.18
1783802400000,1.8515,38.18
1783802460000,1.8515,38.18
1783802520000,1.8515,38.18
1783802580000,1.8515,38.18
1783802640000,1.8515,38.18
1783802700000,1.8515,38.18
1783802760000,1.8515,38.18
1783802820000,1.8515,38.18
1783802880000,1.8515,38.18
1783802940000,1.8515,38.18
1783803000000,1.8515,38.18
1783803060000,1.8515,38.18
1783803120000,1.8515,38.18
1783803180000,1.8515,38.18
1783803240000,1.8515,38.18
1783803300000,1.8515,38.18
1783803360000,1.8515,38.18
1783803420000,1.8515,38.18
1783803480000,1.8515,38.18
1783803540000,1.8515,38.18
1783803600000,1.8515,38.18
1783803660000,1.8515,38.18
1783803720000,1.8515,38.18
1783803780000,1.8515,38.18
1783803840000,1.8515,38.18
1783803900000,1.8515,38.18
1783803960000,1.8515,38.18
1783804020000,1.8515,38.18
1783804080000,1.8515,38.18
1783804140000,1.8515,38.18
1783804200000,1.8515,38.18
1783804260000,1.8515,38.18
1783804320000,1.8515,38.18
1783804380000,1.8515,38.18
1783804440000,1.8515,38.18
1783804500000,1.8515,38.18
1783804560000,1.8515,38.18
1783804620000,1.8515,38.18
1783804680000,1.8515,38.18
1783804740000,1.8515,38.18
1783804800000,1.8515,38.18
1783804860000,1.8515,38.18
1783804920000,1.8515,38.18
1783804980000,1.8515,38.18
1783805040000,1.8515,38.18
1783805100000,1.8515,38.18
1783805160000,1.8515,38.18
1783805220000,1.8515,38.18
1783805280000,1.8515,38.18
1783805340000,1.8515,38.18
1783805400000,1.8515,38.18
1783805460000,1.8515,38.18
1783805520000,1.8515,38.18
1783805580000,1.8515,38.18
1783805640000,1.8515,38.18
1783805700000,1.8515,38.18
1783805760000,1.8515,38.18
1783805820000,1.8515,38.18
1783805880000,1.8515,38.18
1783805940000,1.8515,38.18
1783806000000,1.8515,38.18
1783806060000,1.8515,38.18
1783806120000,1.8515,38.18
1783806180000,1.8515,38.18
1783806240000,1.8515,38.18
1783806300000,1.8515,38.18
1783806360000,1.8515,38.18
1783806420000,1.8515,38.18
1783806480000,1.8515,38.18
1783806540000,1.8515,38.18
1783806600000,1.8515,38.18
1783806660000,1.8515,38.18
1783806720000,1.8515,38.18
1783806780000,1.8515,38.18
1783806840000,1.8515,38.18
1783806900000,1.8515,38.18
1783806960000,1.8515,38.18
1783807020000,1.8515,38.18
1783807080000,1.8515,38.18
1783807140000,1.8515,38.18
1783807200000,1.8515,38.18
1783807260000,1.8515,38.18
1783807320000,1.8515,38.18
1783807380000,1.8515,38.18
1783807440000,1.8515,38.18
1783807500000,1.8515,38.18
1783807560000,1.8515,38.18
1783807620000,1.8515,38.18
1783807680000,1.8515,38.18
1783807740000,1.8515,38.18
1783807800000,1.8515,38.18
1783807860000,1.8515,38.18
1783807920000,1.8515,38.18
1783807980000,1.8515,38.18
1783808040000,1.8515,38.18
1783808100000,1.8515,38.18
1783808160000,1.8515,38.18
1783808220000,1.8515,38.18
1783808280000,1.8515,38.18
1783808340000,1.8515,38.18
1783808400000,1.8874,36.98
1783843920000,1.8874,36.98
1783843980000,1.8874,36.98
1783844040000,1.8874,36.98
1783844100000,1.8874,36.98
1783844160000,1.8874,36.98
1783844220000,1.8874,36.98
1783844280000,1.8874,36.98
1783844340000,1.8874,36.98
1783844400000,1.8874,36.98
1783844460000,1.8874,36.98
1783844520000,1.8874,36.98
1783844580000,1.8874,36.98
1783844640000,1.8874,36.98
1783844700000,1.8874,36.98
1783844760000,1.8874,36.98
1783844820000,1.8874,36.98
1783844880000,1.8874,36.98
1783844940000,1.8874,36.98
1783845000000,1.8874,36.98
1783845060000,1.8874,36.98
1783845120000,1.8874,36.98
1783845180000,1.8874,36.98
1783845240000,1.8874,36.98
1783845300000,1.8874,36.98
1783845360000,1.8874,36.98
1783845420000,1.8874,36.98
1783845480000,1.8874,36.98
1783845540000,1.8874,36.98
1783845600000,1.8874,36.98
1783845660000,1.8874,36.98
1783845720000,1.8874,36.98
1783845780000,1.8874,36.98
1783845840000,1.8874,36.98
1783845900000,1.8874,36.98
1783845960000,1.8874,36.98
1783846020000,1.8874,36.98
1783846080000,1.8874,36.98
1783846140000,1.8874,36.98
1783846200000,1.8874,36.98
1783846260000,1.8874,36.98
1783846320000,1.8874,36.98
1783846380000,1.8874,36.98
1783846440000,1.8874,36.98
1783846500000,1.8874,36.98
1783846560000,1.8874,36.98
1783846620000,1.8874,36.98
1783846680000,1.8874,36.98
1783846740000,1.8874,36.98
1783846800000,1.8874,36.98
1783846860000,1.8874,36.98
1783846920000,1.8874,36.98
1783846980000,1.8874,36.98
1783847040000,1.8874,36.98
1783847100000,1.8874,36.98
1783847160000,1.8874,36.98
1783847220000,1.8874,36.98
1783847280000,1.8874,36.98
1783847340000,1.8874,36.98
1783847400000,1.8874,36.98
1783847460000,1.8874,36.98
1783847520000,1.8874,36.98
1783847580000,1.8874,36.98
1783847640000,1.8874,36.98
1783847700000,1.8874,36.98
1783847760000,1.8874,36.98
1783847820000,1.8874,36.98
1783847880000,1.8874,36.98
1783847940000,1.8874,36.98
1783848000000,1.8874,36.98
1783848060000,1.7878,40.31
1783930200000,1.7878,40.31
1783930260000,1.7878,40.31
1783930320000,1.7878,40.31
1783930380000,1.7878,40.31
1783930440000,1.7878,40.31
1783930500000,1.7878,40.31
1783930560000,1.7878,40.31
1783930620000,1.7878,40.31
1783930680000,1.7878,40.31
1783930740000,1.7878,40.31
1783930800000,1.7878,40.31
1783930860000,1.7878,40.31
1783930920000,1.7878,40.31
1783930980000,1.7878,40.31
1783931040000,1.7878,40.31
1783931100000,1.7878,40.31
1783931160000,1.7878,40.31
1783931220000,1.7878,40.31
1783931280000,1.7878,40.31
1783931340000,1.7878,40.31
1783931400000,1.7878,40.31
1783931460000,1.7878,40.31
1783931520000,1.7878,40.31
1783931580000,1.7878,40.31
1783931640000,1.7878,40.31
1783931700000,1.7878,40.31
1783931760000,1.7878,40.31
1783931820000,1.7878,40.31
1783931880000,1.7878,40.31
1783931940000,1.7878,40.31
1783932000000,1.7878,40.31
1783932060000,1.7878,40.31
1783932120000,1.7878,40.31
1783932180000,1.7878,40.31
1783932240000,1.7878,40.31
1783932300000,1.7878,40.31
1783932360000,1.7034,43.12
1783937460000,1.7034,43.12
1783937520000,1.7034,43.12
1783937580000,1.7034,43.12
1783937640000,1.7034,43.12
1783937700000,1.7034,43.12
1783937760000,1.7034,43.12
1783937820000,1.7034,43.12
1783937880000,1.7034,43.12
1783937940000,1.7034,43.12
1783938000000,1.7034,43.12
1783938060000,1.7034,43.12
1783938120000,1.7034,43.12
1783938180000,1.7034,43.12
1783938240000,1.7034,43.12
1783938300000,1.7034,43.12
1783938360000,1.7034,43.12
1783938420000,1.7034,43.12
1783938480000,1.7034,43.12
1783938540000,1.7034,43.12
1783938600000,1.7034,43.12
1783938660000,1.7034,43.12
1783938720000,1.7034,43.12
1783938780000,1.7034,43.12
1783938840000,1.7034,43.12
1783938900000,1.7034,43.12
1783938960000,1.7034,43.12
1783939020000,1.7034,43.12
1783939080000,1.7034,43.12
1783939140000,1.7034,43.12
1783939200000,1.7034,43.12
1783939260000,1.7034,43.12
1783939320000,1.7034,43.12
1783939380000,1.7034,43.12
1783939440000,1.7034,43.12
1783939500000,1.7034,43.12
1783939560000,1.7034,43.12
1783939620000,1.7034,43.12
1783939680000,1.7034,43.12
1783939740000,1.7034,43.12
1783939800000,1.7034,43.12
1783939860000,1.7034,43.12
1783939920000,1.7034,43.12
1783939980000,1.7034,43.12
1783940040000,1.7034,43.12
1783940100000,1.7034,43.12
1783940160000,1.7034,43.12
1783940220000,1.7034,43.12
1783940280000,1.7034,43.12
1783940340000,1.7034,43.12
1783940400000,1.7034,43.12
1783940460000,1.7034,43.12
1783940520000,1.7034,43.12
1783940580000,1.7034,43.12
1783940640000,1.7034,43.12
1783940700000,1.7034,43.12
1783940760000,1.7034,43.12
1783940820000,1.7034,43.12
1783940880000,1.7034,43.12
1783940940000,1.7034,43.12
1783941000000,1.7034,43.12
1783941060000,1.7034,43.12
1783941120000,1.7034,43.12
1783941180000,1.7034,43.12
1783941240000,1.7034,43.12
1783941300000,1.7034,43.12
1783941360000,1.7034,43.12
1783941420000,1.7034,43.12
1783941480000,1.7034,43.12
1783941540000,1.7034,43.12
1783941600000,1.7034,43.12
1783941660000,1.7034,43.12
1783941720000,1.7034,43.12
1783941780000,1.7034,43.12
1783941840000,1.7034,43.12
1783941900000,1.7034,43.12
1783941960000,1.7034,43.12
1783942020000,1.7034,43.12
1783942080000,1.7034,43.12
1783942140000,1.7034,43.12
1783942200000,1.7034,43.12
1783942260000,1.7034,43.12
1783942320000,1.7034,43.12
1783942380000,1.7034,43.12
1783942440000,1.7034,43.12
1783942500000,1.7034,43.12
1783942560000,1.7034,43.12
1783942620000,1.7034,43.12
1783942680000,1.7034,43.12
1783942740000,1.7034,43.12
1783942800000,1.7034,43.12
1783942860000,1.7034,43.12
1783942920000,1.7034,43.12
1783942980000,1.7034,43.12
1783943040000,1.7034,43.12
1783943100000,1.7034,43.12
1783943160000,1.7034,43.12
1783943220000,1.7034,43.12
1783943280000,1.7034,43.12
1783943340000,1.7034,43.12
1783943400000,1.7034,43.12
1783943460000,1.7034,43.12
1783943520000,1.7034,43.12
1783943580000,1.7034,43.12
1783943640000,1.7034,43.12
1783943700000,1.7034,43.12
1783943760000,1.7034,43.12
1783943820000,1.7034,43.12
1783943880000,1.7034,43.12
1783943940000,1.7034,43.12
1783944000000,1.7034,43.12
1783944060000,1.7034,43.12
1783944120000,1.7034,43.12
1783944180000,1.7034,43.12
1783944240000,1.7034,43.12
1783944300000,1.7034,43.12
1783944360000,1.7034,43.12
1783944420000,1.7034,43.12
1783944480000,1.7034,43.12
1783944540000,1.7034,43.12
1783944600000,1.7034,43.12
1783944660000,1.7034,43.12
1783944720000,1.7034,43.12
1783944780000,1.7034,43.12
1783944840000,1.7034,43.12
1783944900000,1.7034,43.12
1783944960000,1.7034,43.12
1783945020000,1.7034,43.12
1783945080000,1.7034,43.12
1783945140000,1.7034,43.12
1783945200000,1.7034,43.12
1783945260000,1.7034,43.12
1783945320000,1.7034,43.12
1783945380000,1.7034,43.12
1783945440000,1.7034,43.12
1783945500000,1.7034,43.12
1783945560000,1.7034,43.12
1783945620000,1.7034,43.12
1783945680000,1.7034,43.12
1783945740000,1.7034,43.12
1783945800000,1.7034,43.12
1783945860000,1.7034,43.12
1783945920000,1.7034,43.12
1783945980000,1.7034,43.12
1783946040000,1.7034,43.12
1783946100000,1.7034,43.12
1783946160000,1.7034,43.12
1783946220000,1.7034,43.12
1783946280000,1.7034,43.12
1783946340000,1.7034,43.12
1783946400000,1.7034,43.12
1783946460000,1.7034,43.12
1783946520000,1.7034,43.12
1783946580000,1.7034,43.12
1783946640000,1.7034,43.12
1783946700000,1.7034,43.12
1783946760000,1.7034,43.12
1783946820000,1.7034,43.12
1783946880000,1.7034,43.12
1783946940000,1.7034,43.12
1783947000000,1.7034,43.12
1783947060000,1.7034,43.12
1783947120000,1.7034,43.12
1783947180000,1.7034,43.12
1783947240000,1.7034,43.12
1783947300000,1.7034,43.12
1783947360000,1.7034,43.12
1783947420000,1.7034,43.12
1783947480000,1.7034,43.12
1783947540000,1.7034,43.12
1783947600000,1.7034,43.12
1783947660000,1.7034,43.12
1783947720000,1.7034,43.12
1783947780000,1.7034,43.12
1783947840000,1.7034,43.12
1783947900000,1.7034,43.12
1783947960000,1.7034,43.12
1783948020000,1.7034,43.12
1783948080000,1.7034,43.12
1783948140000,1.7034,43.12
1783948200000,1.7034,43.12
1783948260000,1.7034,43.12
1783948320000,1.7034,43.12
1783948380000,1.7034,43.12
1783948440000,1.7034,43.12
1783948500000,1.8188,39.27
1783950060000,1.8188,39.27
1783950120000,1.8188,39.27
1783950180000,1.8188,39.27
1783950240000,1.8188,39.27
1783950300000,1.8188,39.27
1783950360000,1.8188,39.27
1783950420000,1.8188,39.27
1783950480000,1.8188,39.27
1783950540000,1.8188,39.27
1783950600000,1.8188,39.27
1783950660000,1.8188,39.27
1783950720000,1.8188,39.27
1783950780000,1.8188,39.27
1783950840000,1.8188,39.27
1783950900000,1.8188,39.27
1783950960000,1.8188,39.27
1783951020000,1.8188,39.27
1783951080000,1.8188,39.27
1783951140000,1.8188,39.27
1783951200000,1.8188,39.27
1783951260000,1.8188,39.27
1783951320000,1.8188,39.27
1783951380000,1.8188,39.27
1783951440000,1.8188,39.27
1783951500000,1.8188,39.27
1783951560000,1.8188,39.27
1783951620000,1.8188,39.27
1783951680000,1.8188,39.27
1783951740000,1.8188,39.27
1783951800000,1.8188,39.27
1783951860000,1.8188,39.27
1783951920000,1.8188,39.27
1783951980000,1.8188,39.27
1783952040000,1.8188,39.27
1783952100000,1.8188,39.27
1783952160000,1.8188,39.27
1783952220000,1.8188,39.27
1783952280000,1.8188,39.27
1783952340000,1.8188,39.27
1783952400000,1.8188,39.27
1783952460000,1.8188,39.27
1783952520000,1.8188,39.27
1783952580000,1.8188,39.27
1783952640000,1.8188,39.27
1783952700000,1.8188,39.27
1783952760000,1.8188,39.27
1783952820000,1.8188,39.27
1783952880000,1.8188,39.27
1783952940000,1.8188,39.27
1783953000000,1.8188,39.27
1783953060000,1.8188,39.27
1783953120000,1.8188,39.27
1783953180000,1.8188,39.27
1783953240000,1.8188,39.27
1783953300000,1.8188,39.27
1783953360000,1.8188,39.27
1783953420000,1.8188,39.27
1783953480000,1.8188,39.27
1783953540000,1.8188,39.27
1783953600000,1.8188,39.27
1783953660000,1.7052,43.06
1783955580000,1.7052,43.06
1783955640000,1.7052,43.06
1783955700000,1.7052,43.06
1783955760000,1.7052,43.06
1783955820000,1.7052,43.06
1783955880000,1.6201,45.9
1784023620000,1.6201,45.9
1784023680000,1.6201,45.9
1784023740000,1.6201,45.9
1784023800000,1.6201,45.9
1784023860000,1.6201,45.9
1784023920000,1.6201,45.9
1784023980000,1.6201,45.9
1784024040000,1.6201,45.9
1784024100000,1.6201,45.9
1784024160000,1.6201,45.9
1784024220000,1.6201,45.9
1784024280000,1.6201,45.9
1784024340000,1.6201,45.9
1784024400000,1.6201,45.9
1784024460000,1.6201,45.9
1784024520000,1.6201,45.9
1784024580000,1.6201,45.9
1784024640000,1.6201,45.9
1784024700000,1.6201,45.9
1784024760000,1.6201,45.9
1784024820000,1.6201,45.9
1784024880000,1.6201,45.9
1784024940000,1.6201,45.9
1784025000000,1.6201,45.9
1784025060000,1.6201,45.9
1784025120000,1.6201,45.9
1784025180000,1.6201,45.9
1784025240000,1.6201,45.9
1784025300000,1.6201,45.9
1784025360000,1.6201,45.9
1784025420000,1.6201,45.9
1784025480000,1.6201,45.9
1784025540000,1.6201,45.9
1784025600000,1.6201,45.9
1784025660000,1.6201,45.9
1784025720000,1.6201,45.9
1784025780000,1.6201,45.9
1784025840000,1.6201,45.9
1784025900000,1.6201,45.9
1784025960000,1.6201,45.9
1784026020000,1.6201,45.9
1784026080000,1.6201,45.9
1784026140000,1.6201,45.9
1784026200000,1.6201,45.9
1784026260000,1.6201,45.9
1784026320000,1.6201,45.9
1784026380000,1.6201,45.9
1784026440000,1.6201,45.9
1784026500000,1.6201,45.9
1784026560000,1.6201,45.9
1784026620000,1.6201,45.9
1784026680000,1.6201,45.9
1784026740000,1.6201,45.9
1784026800000,1.6201,45.9
1784026860000,1.6201,45.9
1784026920000,1.6201,45.9
1784026980000,1.6201,45.9
1784027040000,1.6201,45.9
1784027100000,1.6201,45.9
1784027160000,1.6201,45.9
1784027220000,1.6201,45.9
1784027280000,1.6201,45.9
1784027340000,1.6201,45.9
1784027400000,1.6201,45.9
1784027460000,1.6201,45.9
1784027520000,1.6201,45.9
1784027580000,1.6201,45.9
1784027640000,1.6201,45.9
1784027700000,1.6201,45.9
1784027760000,1.6201,45.9
1784027820000,1.6201,45.9
1784027880000,1.6201,45.9
1784027940000,1.6201,45.9
1784028000000,1.6201,45.9
1784028060000,1.6201,45.9
1784028120000,1.6201,45.9
1784028180000,1.6201,45.9
1784028240000,1.6201,45.9
1784028300000,1.6201,45.9
1784028360000,1.6201,45.9
1784028420000,1.6201,45.9
1784028480000,1.6201,45.9
1784028540000,1.6201,45.9
1784028600000,1.6201,45.9
1784028660000,1.6201,45.9
1784028720000,1.6201,45.9
1784028780000,1.6201,45.9
1784028840000,1.6201,45.9
1784028900000,1.6201,45.9
1784028960000,1.6201,45.9
1784029020000,1.6201,45.9
1784029080000,1.6201,45.9
1784029140000,1.6201,45.9
1784029200000,1.6201,45.9
1784029260000,1.6201,45.9
1784029320000,1.6201,45.9
1784029380000,1.6201,45.9
1784029440000,1.6201,45.9
1784029500000,1.6201,45.9
1784029560000,1.6201,45.9
1784029620000,1.6201,45.9
1784029680000,1.6201,45.9
1784029740000,1.6201,45.9
1784029800000,1.6201,45.9
1784029860000,1.6201,45.9
1784029920000,1.6201,45.9
1784029980000,1.6201,45.9
1784030040000,1.6201,45.9
1784030100000,1.6201,45.9
1784030160000,1.6201,45.9
1784030220000,1.6201,45.9
1784030280000,1.6201,45.9
1784030340000,1.6201,45.9
1784030400000,1.6201,45.9
1784030460000,1.6201,45.9
1784030520000,1.6201,45.9
1784030580000,1.6201,45.9
1784030640000,1.6201,45.9
1784030700000,1.6201,45.9
1784030760000,1.6201,45.9
1784030820000,1.6201,45.9
1784030880000,1.6201,45.9
1784030940000,1.6201,45.9
1784031000000,1.6201,45.9
1784031060000,1.6201,45.9
1784031120000,1.6201,45.9
1784031180000,1.6201,45.9
1784031240000,1.6201,45.9
1784031300000,1.6201,45.9
1784031360000,1.6201,45.9
1784031420000,1.6201,45.9
1784031480000,1.6201,45.9
1784031540000,1.6201,45.9
1784031600000,1.6201,45.9
1784031660000,1.6201,45.9
1784031720000,1.6201,45.9
1784031780000,1.6201,45.9
1784031840000,1.7519,41.5
1784033100000,1.7519,41.5
1784033160000,1.8551,38.06
1784035020000,1.8551,38.06
1784035080000,1.8551,38.06
1784035140000,1.8551,38.06
1784035200000,1.8551,38.06
1784035260000,1.9738,34.09
1784036280000,1.9738,34.09
1784036340000,1.9738,34.09
1784036400000,1.9738,34.09
1784036460000,1.9738,34.09
1784036520000,1.9738,34.09
1784036580000,1.9738,34.09
1784036640000,1.9738,34.09
1784036700000,1.9738,34.09
1784036760000,1.9738,34.09
1784036820000,1.8645,37.74
1784038320000,1.8645,37.74
1784038380000,1.8645,37.74
1784038440000,1.8645,37.74
1784038500000,1.8645,37.74
1784038560000,1.7815,40.52
1784039700000,1.7815,40.52
1784039760000,1.7815,40.52
1784039820000,1.7815,40.52
1784039880000,1.7815,40.52
1784039940000,1.7815,40.52
1784040000000,1.7815,40.52
1784040060000,1.7815,40.52
1784040120000,1.7815,40.52
1784040180000,1.7815,40.52
1784040240000,1.7815,40.52
1784040300000,1.7815,40.52
1784040360000,1.7815,40.52
1784040420000,1.7815,40.52
1784040480000,1.7815,40.52
1784040540000,1.7815,40.52
1784040600000,1.7815,40.52
1784040660000,1.7815,40.52
1784040720000,1.7815,40.52
1784040780000,1.7815,40.52
1784040840000,1.7815,40.52
1784040900000,1.7815,40.52
1784040960000,1.7815,40.52
1784041020000,1.7815,40.52
1784041080000,1.7815,40.52
1784041140000,1.7815,40.52
1784041200000,1.7815,40.52
1784041260000,1.7815,40.52
1784041320000,1.7815,40.52
1784041380000,1.7815,40.52
1784041440000,1.7815,40.52
1784041500000,1.7815,40.52
1784041560000,1.7815,40.52
1784041620000,1.7815,40.52
1784041680000,1.7815,40.52
1784041740000,1.7815,40.52
1784041800000,1.7815,40.52
1784041860000,1.7815,40.52
1784041920000,1.7815,40.52
1784041980000,1.7815,40.52
1784042040000,1.7815,40.52
1784042100000,1.7815,40.52
1784042160000,1.7815,40.52
1784042220000,1.7815,40.52
1784042280000,1.7815,40.52
1784042340000,1.7815,40.52
1784042400000,1.7815,40.52
1784042460000,1.7815,40.52
1784042520000,1.7815,40.52
1784042580000,1.7815,40.52
1784042640000,1.7815,40.52
1784042700000,1.7815,40.52
1784042760000,1.7815,40.52
1784042820000,1.7815,40.52
1784042880000,1.7815,40.52
1784042940000,1.7815,40.52
1784043000000,1.9149,36.06
1784043960000,1.9149,36.06
1784044020000,1.9149,36.06
1784044080000,1.9149,36.06
1784044140000,1.9149,36.06
1784044200000,1.9149,36.06
1784044260000,1.9149,36.06
1784044320000,1.9149,36.06
1784044380000,1.8306,38.88
1784045340000,1.8306,38.88
1784045400000,1.8306,38.88
1784045460000,1.8306,38.88
1784045520000,1.8306,38.88
1784045580000,1.8306,38.88
1784045640000,1.8306,38.88
1784045700000,1.8306,38.88
1784045760000,1.8306,38.88
1784045820000,1.8306,38.88
1784045880000,1.8306,38.88
1784045940000,1.8306,38.88
1784046000000,1.8306,38.88
1784046060000,1.8306,38.88
1784046120000,1.8306,38.88
1784046180000,1.8306,38.88
1784046240000,1.8306,38.88
1784046300000,1.8306,38.88
1784046360000,1.8306,38.88
1784046420000,1.8306,38.88
1784046480000,1.8306,38.88
1784046540000,1.8306,38.88
1784046600000,1.8306,38.88
1784046660000,1.8306,38.88
1784046720000,1.8306,38.88
1784046780000,1.8306,38.88
1784046840000,1.8306,38.88
1784046900000,1.8306,38.88
1784046960000,1.8306,38.88
1784047020000,1.8306,38.88
1784047080000,1.8306,38.88
1784047140000,1.8306,38.88
1784047200000,1.8306,38.88
1784047260000,1.8306,38.88
1784047320000,1.8306,38.88
1784047380000,1.8306,38.88
1784047440000,1.8306,38.88
1784047500000,1.8306,38.88
1784047560000,1.8306,38.88
1784047620000,1.8306,38.88
1784047680000,1.8306,38.88
1784047740000,1.8306,38.88
1784047800000,1.8306,38.88
1784047860000,1.8306,38.88
1784047920000,1.8306,38.88
1784047980000,1.8306,38.88
1784048040000,1.8306,38.88
1784048100000,1.8306,38.88
1784048160000,1.8306,38.88
1784048220000,1.8306,38.88
1784048280000,1.8306,38.88
1784048340000,1.8306,38.88
1784048400000,1.8306,38.88
1784048460000,1.8306,38.88
1784048520000,1.8306,38.88
1784048580000,1.8306,38.88
1784048640000,1.8306,38.88
1784048700000,1.8306,38.88
1784048760000,1.8306,38.88
1784048820000,1.8306,38.88
1784048880000,1.7266,42.35
1784102700000,1.7266,42.35
1784102760000,1.7266,42.35
1784102820000,1.7266,42.35
1784102880000,1.7266,42.35
1784102940000,1.7266,42.35
1784103000000,1.7266,42.35
1784103060000,1.7266,42.35
1784103120000,1.7266,42.35
1784103180000,1.7266,42.35
1784103240000,1.7266,42.35
1784103300000,1.7266,42.35
1784103360000,1.7266,42.35
1784103420000,1.7266,42.35
1784103480000,1.7266,42.35
1784103540000,1.7266,42.35
1784103600000,1.7266,42.35
1784103660000,1.7266,42.35
1784103720000,1.7266,42.35
1784103780000,1.7266,42.35
1784103840000,1.7266,42.35
1784103900000,1.7266,42.35
1784103960000,1.7266,42.35
1784104020000,1.7266,42.35
1784104080000,1.7266,42.35
1784104140000,1.7266,42.35
1784104200000,1.7266,42.35
1784104260000,1.7266,42.35
1784104320000,1.7266,42.35
1784104380000,1.7266,42.35
1784104440000,1.7266,42.35
1784104500000,1.7266,42.35
1784104560000,1.7266,42.35
1784104620000,1.7266,42.35
1784104680000,1.7266,42.35
1784104740000,1.7266,42.35
1784104800000,1.7266,42.35
1784104860000,1.7266,42.35
1784104920000,1.7266,42.35
1784104980000,1.7266,42.35
1784105040000,1.7266,42.35
1784105100000,1.7266,42.35
1784105160000,1.7266,42.35
1784105220000,1.7266,42.35
1784105280000,1.7266,42.35
1784105340000,1.7266,42.35
1784105400000,1.7266,42.35
1784105460000,1.7266,42.35
1784105520000,1.7266,42.35
1784105580000,1.7266,42.35
1784105640000,1.7266,42.35
1784105700000,1.7266,42.35
1784105760000,1.7266,42.35
1784105820000,1.7266,42.35
1784105880000,1.7266,42.35
1784105940000,1.7266,42.35
1784106000000,1.7266,42.35
1784106060000,1.7266,42.35
1784106120000,1.7266,42.35
1784106180000,1.7266,42.35
1784106240000,1.7266,42.35
1784106300000,1.7266,42.35
1784106360000,1.7266,42.35
1784106420000,1.7266,42.35
1784106480000,1.7266,42.35
1784106540000,1.7266,42.35
1784106600000,1.7266,42.35
1784106660000,1.7266,42.35
1784106720000,1.7266,42.35
1784106780000,1.7266,42.35
1784106840000,1.7266,42.35
1784106900000,1.7266,42.35
1784106960000,1.7266,42.35
1784107020000,1.7266,42.35
1784107080000,1.7266,42.35
1784107140000,1.7266,42.35
1784107200000,1.7266,42.35
1784107260000,1.7266,42.35
1784107320000,1.7266,42.35
1784107380000,1.7266,42.35
1784107440000,1.7266,42.35
1784107500000,1.7266,42.35
1784107560000,1.7266,42.35
1784107620000,1.7266,42.35
1784107680000,1.7266,42.35
1784107740000,1.7266,42.35
1784107800000,1.7266,42.35
1784107860000,1.7266,42.35
1784107920000,1.7266,42.35
1784107980000,1.7266,42.35
1784108040000,1.7266,42.35
1784108100000,1.7266,42.35
1784108160000,1.7266,42.35
1784108220000,1.7266,42.35
1784108280000,1.7266,42.35
1784108340000,1.7266,42.35
1784108400000,1.7266,42.35
1784108460000,1.7266,42.35
1784108520000,1.7266,42.35
1784108580000,1.7266,42.35
1784108640000,1.7266,42.35
1784108700000,1.7266,42.35
1784108760000,1.7266,42.35
1784108820000,1.7266,42.35
1784108880000,1.7266,42.35
1784108940000,1.7266,42.35
1784109000000,1.7266,42.35
1784109060000,1.7266,42.35
1784109120000,1.7266,42.35
1784109180000,1.7266,42.35
1784109240000,1.7266,42.35
1784109300000,1.7266,42.35
1784109360000,1.7266,42.35
1784109420000,1.7266,42.35
1784109480000,1.7266,42.35
1784109540000,1.7266,42.35
1784109600000,1.7266,42.35
1784109660000,1.7266,42.35
1784109720000,1.7266,42.35
1784109780000,1.7266,42.35
1784109840000,1.7266,42.35
1784109900000,1.7266,42.35
1784109960000,1.7266,42.35
1784110020000,1.7266,42.35
1784110080000,1.7266,42.35
1784110140000,1.7266,42.35
1784110200000,1.7266,42.35
1784110260000,1.7266,42.35
1784110320000,1.7266,42.35
1784110380000,1.7266,42.35
1784110440000,1.7266,42.35
1784110500000,1.7266,42.35
1784110560000,1.7266,42.35
1784110620000,1.7266,42.35
1784110680000,1.7266,42.35
1784110740000,1.7266,42.35
1784110800000,1.7266,42.35
1784110860000,1.7266,42.35
1784110920000,1.7266,42.35
1784110980000,1.7266,42.35
1784111040000,1.7266,42.35
1784111100000,1.7266,42.35
1784111160000,1.7266,42.35
1784111220000,1.7266,42.35
1784111280000,1.75,41.57
1784117880000,1.75,41.57
1784117940000,1.75,41.57
1784118000000,1.75,41.57
1784118060000,1.75,41.57
1784118120000,1.75,41.57
1784118180000,1.75,41.57
1784118240000,1.75,41.57
1784118300000,1.75,41.57
1784118360000,1.75,41.57
1784118420000,1.75,41.57
1784118480000,1.75,41.57
1784118540000,1.75,41.57
1784118600000,1.75,41.57
1784118660000,1.75,41.57
1784118720000,1.75,41.57
1784118780000,1.75,41.57
1784118840000,1.75,41.57
1784118900000,1.75,41.57
1784118960000,1.75,41.57
1784119020000,1.75,41.57
1784119080000,1.75,41.57
1784119140000,1.75,41.57
1784119200000,1.75,41.57
1784119260000,1.75,41.57
1784119320000,1.75,41.57
1784119380000,1.75,41.57
1784119440000,1.75,41.57
1784119500000,1.75,41.57
1784119560000,1.75,41.57
1784119620000,1.75,41.57
1784119680000,1.8509,38.2
1784121240000,1.8509,38.2
1784121300000,1.8509,38.2
1784121360000,1.8509,38.2
1784121420000,1.8509,38.2
1784121480000,1.8509,38.2
1784121540000,1.8509,38.2
1784121600000,1.8509,38.2
1784121660000,1.8509,38.2
1784121720000,1.8509,38.2
1784121780000,1.8824,37.15
1784123040000,1.8824,37.15
1784123100000,1.8,39.9
1784124660000,1.8,39.9
1784124720000,1.8,39.9
1784124780000,1.8,39.9
1784124840000,1.8,39.9
1784124900000,1.8,39.9
1784124960000,1.8,39.9
1784125020000,1.8,39.9
1784125080000,1.8,39.9
1784125140000,1.8,39.9
1784125200000,1.8,39.9
1784125260000,1.8,39.9
1784125320000,1.8,39.9
1784125380000,1.8,39.9
1784125440000,1.7002,43.23
1784127000000,1.7002,43.23
1784127060000,1.7002,43.23
1784127120000,1.7002,43.23
1784127180000,1.7002,43.23
1784127240000,1.7002,43.23
1784127300000,1.7002,43.23
1784127360000,1.7002,43.23
1784127420000,1.7002,43.23
1784127480000,1.7002,43.23
1784127540000,1.7002,43.23
1784127600000,1.7002,43.23
1784127660000,1.7002,43.23
1784127720000,1.7002,43.23
1784127780000,1.7002,43.23
1784127840000,1.7002,43.23
1784127900000,1.7002,43.23
1784127960000,1.7002,43.23
1784128020000,1.7002,43.23
1784128080000,1.7002,43.23
1784128140000,1.7002,43.23
1784128200000,1.7002,43.23
1784128260000,1.7002,43.23
1784128320000,1.7284,42.29
1784129220000,1.7284,42.29
1784129280000,1.7284,42.29
1784129340000,1.7284,42.29
1784129400000,1.7284,42.29
1784129460000,1.7284,42.29
1784129520000,1.7284,42.29
1784129580000,1.7284,42.29
1784129640000,1.7284,42.29
1784129700000,1.7284,42.29
1784129760000,1.7284,42.29
1784129820000,1.7284,42.29
1784129880000,1.7284,42.29
1784129940000,1.7284,42.29
1784130000000,1.7284,42.29
1784130060000,1.7284,42.29
1784130120000,1.7284,42.29
1784130180000,1.7284,42.29
1784130240000,1.7284,42.29
1784130300000,1.7284,42.29
1784130360000,1.7284,42.29
1784130420000,1.7284,42.29
1784130480000,1.7284,42.29
1784130540000,1.7284,42.29
1784130600000,1.7284,42.29
1784130660000,1.7284,42.29
1784130720000,1.7284,42.29
1784130780000,1.7284,42.29
1784130840000,1.7284,42.29
1784130900000,1.7284,42.29
1784130960000,1.7284,42.29
1784131020000,1.7284,42.29
1784131080000,1.7284,42.29
1784131140000,1.7284,42.29
1784131200000,1.7284,42.29
1784131260000,1.7284,42.29
1784131320000,1.7284,42.29
1784131380000,1.646,45.04
1784133000000,1.646,45.04
1784133060000,1.646,45.04
1784133120000,1.646,45.04
1784133180000,1.646,45.04
1784133240000,1.646,45.04
1784133300000,1.5301,48.91
1784189280000,1.5301,48.91
1784189340000,1.5301,48.91
1784189400000,1.645,45.07
1784190780000,1.645,45.07
1784190840000,1.645,45.07
1784190900000,1.645,45.07
1784190960000,1.645,45.07
1784191020000,1.645,45.07
1784191080000,1.645,45.07
1784191140000,1.645,45.07
1784191200000,1.645,45.07
1784191260000,1.645,45.07
1784191320000,1.645,45.07
1784191380000,1.645,45.07
1784191440000,1.645,45.07
1784191500000,1.645,45.07
1784191560000,1.645,45.07
1784191620000,1.645,45.07
1784191680000,1.645,45.07
1784191740000,1.645,45.07
1784191800000,1.645,45.07
1784191860000,1.645,45.07
1784191920000,1.645,45.07
1784191980000,1.645,45.07
1784192040000,1.645,45.07
1784192100000,1.645,45.07
1784192160000,1.645,45.07
1784192220000,1.645,45.07
1784192280000,1.645,45.07
1784192340000,1.645,45.07
1784192400000,1.645,45.07
1784192460000,1.645,45.07
1784192520000,1.645,45.07
1784192580000,1.645,45.07
1784192640000,1.645,45.07
1784192700000,1.645,45.07
1784192760000,1.645,45.07
1784192820000,1.645,45.07
1784192880000,1.645,45.07
1784192940000,1.645,45.07
1784193000000,1.645,45.07
1784193060000,1.645,45.07
1784193120000,1.645,45.07
1784193180000,1.645,45.07
1784193240000,1.645,45.07
1784193300000,1.645,45.07
1784193360000,1.645,45.07
1784193420000,1.645,45.07
1784193480000,1.645,45.07
1784193540000,1.645,45.07
1784193600000,1.645,45.07
1784193660000,1.645,45.07
1784193720000,1.645,45.07
1784193780000,1.645,45.07
1784193840000,1.645,45.07
1784193900000,1.645,45.07
1784193960000,1.645,45.07
1784194020000,1.645,45.07
1784194080000,1.645,45.07
1784194140000,1.645,45.07
1784194200000,1.645,45.07
1784194260000,1.645,45.07
1784194320000,1.645,45.07
1784194380000,1.645,45.07
1784194440000,1.645,45.07
1784194500000,1.645,45.07
1784194560000,1.645,45.07
1784194620000,1.645,45.07
1784194680000,1.645,45.07
1784194740000,1.645,45.07
1784194800000,1.645,45.07
1784194860000,1.645,45.07
1784194920000,1.645,45.07
1784194980000,1.645,45.07
1784195040000,1.645,45.07
1784195100000,1.645,45.07
1784195160000,1.645,45.07
1784195220000,1.645,45.07
1784195280000,1.645,45.07
1784195340000,1.645,45.07
1784195400000,1.645,45.07
1784195460000,1.645,45.07
1784195520000,1.645,45.07
1784195580000,1.645,45.07
1784195640000,1.645,45.07
1784195700000,1.645,45.07
1784195760000,1.645,45.07
1784195820000,1.645,45.07
1784195880000,1.645,45.07
1784195940000,1.645,45.07
1784196000000,1.645,45.07
1784196060000,1.645,45.07
1784196120000,1.645,45.07
1784196180000,1.645,45.07
1784196240000,1.645,45.07
1784196300000,1.645,45.07
1784196360000,1.645,45.07
1784196420000,1.645,45.07
1784196480000,1.645,45.07
1784196540000,1.645,45.07
1784196600000,1.645,45.07
1784196660000,1.645,45.07
1784196720000,1.645,45.07
1784196780000,1.645,45.07
1784196840000,1.645,45.07
1784196900000,1.645,45.07
1784196960000,1.645,45.07
1784197020000,1.645,45.07
1784197080000,1.645,45.07
1784197140000,1.645,45.07
1784197200000,1.645,45.07
1784197260000,1.645,45.07
1784197320000,1.645,45.07
1784197380000,1.645,45.07
1784197440000,1.645,45.07
1784197500000,1.645,45.07
1784197560000,1.645,45.07
1784197620000,1.645,45.07
1784197680000,1.645,45.07
1784197740000,1.645,45.07
1784197800000,1.645,45.07
1784197860000,1.645,45.07
1784197920000,1.668,44.31
1784201520000,1.668,44.31
1784201580000,1.668,44.31
1784201640000,1.668,44.31
1784201700000,1.668,44.31
1784201760000,1.668,44.31
1784201820000,1.668,44.31
1784201880000,1.668,44.31
1784201940000,1.668,44.31
1784202000000,1.668,44.31
1784202060000,1.668,44.31
1784202120000,1.668,44.31
1784202180000,1.668,44.31
1784202240000,1.668,44.31
1784202300000,1.668,44.31
1784202360000,1.668,44.31
1784202420000,1.668,44.31
1784202480000,1.668,44.31
1784202540000,1.668,44.31
1784202600000,1.668,44.31
1784202660000,1.668,44.31
1784202720000,1.668,44.31
1784202780000,1.668,44.31
1784202840000,1.668,44.31
1784202900000,1.668,44.31
1784202960000,1.668,44.31
1784203020000,1.668,44.31
1784203080000,1.668,44.31
1784203140000,1.668,44.31
1784203200000,1.668,44.31
1784203260000,1.668,44.31
1784203320000,1.668,44.31
1784203380000,1.668,44.31
1784203440000,1.668,44.31
1784203500000,1.668,44.31
1784203560000,1.668,44.31
1784203620000,1.668,44.31
1784203680000,1.668,44.31
1784203740000,1.668,44.31
1784203800000,1.668,44.31
1784203860000,1.668,44.31
1784203920000,1.668,44.31
1784203980000,1.668,44.31
1784204040000,1.668,44.31
1784204100000,1.668,44.31
1784204160000,1.668,44.31
1784204220000,1.668,44.31
1784204280000,1.668,44.31
1784204340000,1.668,44.31
1784204400000,1.668,44.31
1784204460000,1.668,44.31
1784204520000,1.668,44.31
1784204580000,1.668,44.31
1784204640000,1.668,44.31
1784204700000,1.668,44.31
1784204760000,1.668,44.31
1784204820000,1.668,44.31
1784204880000,1.668,44.31
1784204940000,1.668,44.31
1784205000000,1.668,44.31
1784205060000,1.668,44.31
1784205120000,1.668,44.31
1784205180000,1.668,44.31
1784205240000,1.668,44.31
1784205300000,1.668,44.31
1784205360000,1.668,44.31
1784205420000,1.668,44.31
1784205480000,1.668,44.31
1784205540000,1.668,44.31
1784205600000,1.7709,40.87
1784209140000,1.7709,40.87
1784209200000,1.7709,40.87
1784209260000,1.7709,40.87
1784209320000,1.7709,40.87
1784209380000,1.7709,40.87
1784209440000,1.7709,40.87
1784209500000,1.7709,40.87
1784209560000,1.7709,40.87
1784209620000,1.7709,40.87
1784209680000,1.7709,40.87
1784209740000,1.7709,40.87
1784209800000,1.8006,39.88
1784211180000,1.8006,39.88
1784211240000,1.8006,39.88
1784211300000,1.8006,39.88
1784211360000,1.8006,39.88
1784211420000,1.8006,39.88
1784211480000,1.8006,39.88
1784211540000,1.8006,39.88
1784211600000,1.8006,39.88
1784211660000,1.8006,39.88
1784211720000,1.8006,39.88
1784211780000,1.8006,39.88
1784211840000,1.8006,39.88
1784211900000,1.8006,39.88
1784211960000,1.8006,39.88
1784212020000,1.8006,39.88
1784212080000,1.8006,39.88
1784212140000,1.8006,39.88
1784212200000,1.8006,39.88
1784212260000,1.8006,39.88
1784212320000,1.8006,39.88
1784212380000,1.8006,39.88
1784212440000,1.8006,39.88
1784212500000,1.8006,39.88
1784212560000,1.8006,39.88
1784212620000,1.8006,39.88
1784212680000,1.8006,39.88
1784212740000,1.8006,39.88
1784212800000,1.8006,39.88
1784212860000,1.8006,39.88
1784212920000,1.8006,39.88
1784212980000,1.8006,39.88
1784213040000,1.8006,39.88
1784213100000,1.8006,39.88
1784213160000,1.8006,39.88
1784213220000,1.8006,39.88
1784213280000,1.8006,39.88
1784213340000,1.8006,39.88
1784213400000,1.8006,39.88
1784213460000,1.8006,39.88
1784213520000,1.8006,39.88
1784213580000,1.8006,39.88
1784213640000,1.8006,39.88
1784213700000,1.8006,39.88
1784213760000,1.9064,36.35
1784214420000,1.9064,36.35
1784214480000,1.9064,36.35
1784214540000,1.9064,36.35
1784214600000,1.9064,36.35
1784214660000,1.9064,36.35
1784214720000,1.9064,36.35
1784214780000,1.9064,36.35
1784214840000,1.9064,36.35
1784214900000,1.9064,36.35
1784214960000,1.9064,36.35
1784215020000,1.9064,36.35
1784215080000,1.9064,36.35
1784215140000,1.9064,36.35
1784215200000,1.9064,36.35
1784215260000,1.9064,36.35
1784215320000,1.9064,36.35
1784215380000,1.9064,36.35
1784215440000,1.9064,36.35
1784215500000,1.9064,36.35
1784215560000,1.7206,42.55
1784216520000,1.7206,42.55
1784216580000,1.7206,42.55
1784216640000,1.7206,42.55
1784216700000,1.7206,42.55
1784216760000,1.7206,42.55
1784216820000,1.7206,42.55
1784216880000,1.7206,42.55
1784216940000,1.7206,42.55
1784217000000,1.7206,42.55
1784217060000,1.7206,42.55
1784217120000,1.7206,42.55
1784217180000,1.7206,42.55
1784217240000,1.7206,42.55
1784217300000,1.7206,42.55
1784217360000,1.7206,42.55
1784217420000,1.7206,42.55
1784217480000,1.7206,42.55
1784217540000,1.7206,42.55
1784217600000,1.7206,42.55
1784217660000,1.7206,42.55
1784217720000,1.7206,42.55
1784217780000,1.7206,42.55
1784217840000,1.7206,42.55
1784217900000,1.7206,42.55
1784217960000,1.7206,42.55
1784218020000,1.7206,42.55
1784218080000,1.7206,42.55
1784218140000,1.7206,42.55
1784218200000,1.7206,42.55
1784218260000,1.7206,42.55
1784218320000,1.7206,42.55
1784218380000,1.7206,42.55
1784218440000,1.7206,42.55
1784218500000,1.7206,42.55
1784218560000,1.7206,42.55
1784218620000,1.7206,42.55
1784218680000,1.7206,42.55
1784218740000,1.7206,42.55
1784218800000,1.7206,42.55
1784218860000,1.7206,42.55
1784218920000,1.7206,42.55
1784218980000,1.7206,42.55
1784219040000,1.7206,42.55
1784219100000,1.7206,42.55
1784219160000,1.7206,42.55
1784219220000,1.7206,42.55
1784219280000,1.7206,42.55
1784219340000,1.7206,42.55
1784219400000,1.7206,42.55
1784219460000,1.7206,42.55
1784219520000,1.7206,42.55
1784219580000,1.7206,42.55
1784219640000,1.7206,42.55
1784219700000,1.7206,42.55
1784219760000,1.7206,42.55
1784219820000,1.7206,42.55
1784219880000,1.7206,42.55
1784219940000,1.7206,42.55
1784220000000,1.7206,42.55
1784220060000,1.7206,42.55
1784220120000,1.7206,42.55
1784220180000,1.7206,42.55
1784220240000,1.7206,42.55
1784220300000,1.7206,42.55
1784220360000,1.7206,42.55
1784220420000,1.7206,42.55
1784220480000,1.7206,42.55
1784220540000,1.7206,42.55
1784220600000,1.7206,42.55
1784220660000,1.7206,42.55
1784220720000,1.7206,42.55
1784220780000,1.7206,42.55
1784220840000,1.7206,42.55
1784220900000,1.7206,42.55
1784220960000,1.7206,42.55
1784221020000,1.7206,42.55
1784221080000,1.7206,42.55
1784221140000,1.7206,42.55
1784221200000,1.7206,42.55
1784221260000,1.7206,42.55
1784221320000,1.7206,42.55
1784221380000,1.7206,42.55
1784221440000,1.7206,42.55
1784221500000,1.7206,42.55
1784221560000,1.7206,42.55
1784221620000,1.7206,42.55
1784221680000,1.7206,42.55
1784221740000,1.7206,42.55
1784221800000,1.7206,42.55
1784221860000,1.7206,42.55
1784221920000,1.7206,42.55
1784221980000,1.7206,42.55
1784222040000,1.7206,42.55
1784222100000,1.7206,42.55
1784222160000,1.7206,42.55
1784222220000,1.8564,38.01
1784223840000,1.8564,38.01
1784223900000,1.8564,38.01
1784223960000,1.8564,38.01
1784224020000,1.8564,38.01
1784224080000,1.8564,38.01
1784224140000,1.8564,38.01
1784224200000,1.8564,38.01
1784224260000,1.8564,38.01
1784224320000,1.8564,38.01
1784224380000,1.8564,38.01
1784224440000,1.8564,38.01
1784224500000,1.8564,38.01
1784224560000,1.8564,38.01
1784224620000,1.8564,38.01
1784224680000,1.8564,38.01
1784224740000,1.8564,38.01
1784224800000,1.8564,38.01
1784224860000,1.8564,38.01
1784224920000,1.8564,38.01
1784224980000,1.8564,38.01
1784225040000,1.8564,38.01
1784225100000,1.8564,38.01
1784225160000,1.8564,38.01
1784225220000,1.8564,38.01
1784225280000,1.8564,38.01
1784225340000,1.8564,38.01
1784225400000,1.8564,38.01
1784225460000,1.8564,38.01
1784225520000,1.8564,38.01
1784225580000,1.8564,38.01
1784225640000,1.8564,38.01
1784225700000,1.8564,38.01
1784225760000,1.7708,40.87
1784276400000,1.7708,40.87
1784276460000,1.7708,40.87
1784276520000,1.7708,40.87
1784276580000,1.7708,40.87
1784276640000,1.7708,40.87
1784276700000,1.7708,40.87
1784276760000,1.7708,40.87
1784276820000,1.7708,40.87
1784276880000,1.7708,40.87
1784276940000,1.7708,40.87
1784277000000,1.7708,40.87
1784277060000,1.7708,40.87
1784277120000,1.7708,40.87
1784277180000,1.7708,40.87
1784277240000,1.7708,40.87
1784277300000,1.7708,40.87
1784277360000,1.7708,40.87
1784277420000,1.7708,40.87
1784277480000,1.7708,40.87
1784277540000,1.7708,40.87
1784277600000,1.7708,40.87
1784277660000,1.7708,40.87
1784277720000,1.7708,40.87
1784277780000,1.7708,40.87
1784277840000,1.7708,40.87
1784277900000,1.7708,40.87
1784277960000,1.7708,40.87
1784278020000,1.7708,40.87
1784278080000,1.7708,40.87
1784278140000,1.6847,43.75
1784377380000,1.6847,43.75
1784377440000,1.6847,43.75
1784377500000,1.6847,43.75
1784377560000,1.6847,43.75
1784377620000,1.6847,43.75
1784377680000,1.6847,43.75
1784377740000,1.6847,43.75
1784377800000,1.6847,43.75
1784377860000,1.6847,43.75
1784377920000,1.6847,43.75
1784377980000,1.6847,43.75
1784378040000,1.6847,43.75
1784378100000,1.6847,43.75
1784378160000,1.6847,43.75
1784378220000,1.6847,43.75
1784378280000,1.6847,43.75
1784378340000,1.6847,43.75
1784378400000,1.6847,43.75
1784378460000,1.6847,43.75
1784378520000,1.6847,43.75
1784378580000,1.6847,43.75
1784378640000,1.6847,43.75
1784378700000,1.6847,43.75
1784378760000,1.6847,43.75
1784378820000,1.5992,46.6
1784451060000,1.5992,46.6
1784451120000,1.5992,46.6
1784451180000,1.5992,46.6
1784451240000,1.5992,46.6
1784451300000,1.5992,46.6
1784451360000,1.5992,46.6
1784451420000,1.5992,46.6
1784451480000,1.5992,46.6
1784451540000,1.5992,46.6
1784451600000,1.5992,46.6
1784451660000,1.5992,46.6
1784451720000,1.5992,46.6
1784451780000,1.5992,46.6
1784451840000,1.5992,46.6
1784451900000,1.5992,46.6
1784451960000,1.5992,46.6
1784452020000,1.5992,46.6
1784452080000,1.5992,46.6
1784452140000,1.5992,46.6
1784452200000,1.5992,46.6
1784452260000,1.5992,46.6
1784452320000,1.5992,46.6
1784452380000,1.5992,46.6
1784452440000,1.5992,46.6
1784452500000,1.5992,46.6
1784452560000,1.5992,46.6
1784452620000,1.5992,46.6
1784452680000,1.5992,46.6
1784452740000,1.5165,49.36
1784534880000,1.5165,49.36
1784534940000,1.5165,49.36
1784535000000,1.5165,49.36
1784535060000,1.5165,49.36
1784535120000,1.5165,49.36
1784535180000,1.5165,49.36
1784535240000,1.5165,49.36
1784535300000,1.5165,49.36
1784535360000,1.4365,52.04
1784621820000,1.4365,52.04
1784621880000,1.4365,52.04
1784621940000,1.4365,52.04
1784622000000,1.4365,52.04
1784622060000,1.4365,52.04
1784622120000,1.4365,52.04
1784622180000,1.4365,52.04
1784622240000,1.4365,52.04
1784622300000,1.4365,52.04
1784622360000,1.4365,52.04
1784622420000,1.4756,50.73
1784633640000,1.4756,50.73
1784633700000,1.4756,50.73
1784633760000,1.4756,50.73
1784633820000,1.4756,50.73
1784633880000,1.4756,50.73
1784633940000,1.4756,50.73
1784634000000,1.4756,50.73
1784634060000,1.4756,50.73
1784634120000,1.4756,50.73
1784634180000,1.4756,50.73
1784634240000,1.4756,50.73
1784634300000,1.4756,50.73
1784634360000,1.4756,50.73
1784634420000,1.4756,50.73
1784634480000,1.4756,50.73
1784634540000,1.4756,50.73
1784634600000,1.4756,50.73
1784634660000,1.4756,50.73
1784634720000,1.4756,50.73
1784634780000,1.4756,50.73
1784634840000,1.4756,50.73
1784634900000,1.4756,50.73
1784634960000,1.4756,50.73
1784635020000,1.4756,50.73
1784635080000,1.4756,50.73
1784635140000,1.4756,50.73
1784635200000,1.4756,50.73
1784635260000,1.4756,50.73
1784635320000,1.4756,50.73
1784635380000,1.4756,50.73
1784635440000,1.4756,50.73
1784635500000,1.4756,50.73
1784635560000,1.4756,50.73
1784635620000,1.4756,50.73
1784635680000,1.4756,50.73
1784635740000,1.4756,50.73
1784635800000,1.4756,50.73
1784635860000,1.4756,50.73
1784635920000,1.4756,50.73
1784635980000,1.4756,50.73
1784636040000,1.4756,50.73
1784636100000,1.4756,50.73
1784636160000,1.4756,50.73
1784636220000,1.4756,50.73
1784636280000,1.4756,50.73
1784636340000,1.4756,50.73
1784636400000,1.4756,50.73
1784636460000,1.4756,50.73
1784636520000,1.4756,50.73
1784636580000,1.4756,50.73
1784636640000,1.4756,50.73
1784636700000,1.4756,50.73
1784636760000,1.4756,50.73
1784636820000,1.4756,50.73
1784636880000,1.4756,50.73
1784636940000,1.4756,50.73
1784637000000,1.4756,50.73
1784637060000,1.4756,50.73
1784637120000,1.4756,50.73
1784637180000,1.4756,50.73
1784637240000,1.4756,50.73
1784637300000,1.4756,50.73
1784637360000,1.4756,50.73
1784637420000,1.4756,50.73
1784637480000,1.4756,50.73
1784637540000,1.4756,50.73
1784637600000,1.4756,50.73
1784637660000,1.4756,50.73
1784637720000,1.4756,50.73
1784637780000,1.4756,50.73
1784637840000,1.4756,50.73
1784637900000,1.4756,50.73
1784637960000,1.4756,50.73
1784638020000,1.4756,50.73
1784638080000,1.4756,50.73
1784638140000,1.4756,50.73
1784638200000,1.4756,50.73
1784638260000,1.4756,50.73
1784638320000,1.4756,50.73
1784638380000,1.4756,50.73
1784638440000,1.4756,50.73
1784638500000,1.4756,50.73
1784638560000,1.4756,50.73
1784638620000,1.4756,50.73
1784638680000,1.4756,50.73
1784638740000,1.4756,50.73
1784638800000,1.4756,50.73
1784638860000,1.4756,50.73
1784638920000,1.4756,50.73
1784638980000,1.4756,50.73
1784639040000,1.4756,50.73
1784639100000,1.4756,50.73
1784639160000,1.4756,50.73
1784639220000,1.4756,50.73
1784639280000,1.4756,50.73
1784639340000,1.4756,50.73
1784639400000,1.4756,50.73
1784639460000,1.4756,50.73
1784639520000,1.4756,50.73
1784639580000,1.4756,50.73
1784639640000,1.4756,50.73
1784639700000,1.4756,50.73
1784639760000,1.4756,50.73
1784639820000,1.4756,50.73
1784639880000,1.4756,50.73
1784639940000,1.4756,50.73
1784640000000,1.4756,50.73
1784640060000,1.4756,50.73
1784640120000,1.4756,50.73
1784640180000,1.4756,50.73
1784640240000,1.4756,50.73
1784640300000,1.4756,50.73
1784640360000,1.4756,50.73
1784640420000,1.4756,50.73
1784640480000,1.4756,50.73
1784640540000,1.4756,50.73
1784640600000,1.4756,50.73
1784640660000,1.4756,50.73
1784640720000,1.4756,50.73
1784640780000,1.4756,50.73
1784640840000,1.4756,50.73
1784640900000,1.4756,50.73
1784640960000,1.4756,50.73
1784641020000,1.4756,50.73
1784641080000,1.4756,50.73
1784641140000,1.4991,49.94
1784641800000,1.4991,49.94
1784641860000,1.4991,49.94
1784641920000,1.4991,49.94
1784641980000,1.4991,49.94
1784642040000,1.4991,49.94
1784642100000,1.4991,49.94
1784642160000,1.4991,49.94
1784642220000,1.4991,49.94
1784642280000,1.4991,49.94
1784642340000,1.4991,49.94
1784642400000,1.4991,49.94
1784642460000,1.4991,49.94
1784642520000,1.4991,49.94
1784642580000,1.4991,49.94
1784642640000,1.4991,49.94
1784642700000,1.4991,49.94
1784642760000,1.4991,49.94
1784642820000,1.4991,49.94
1784642880000,1.4991,49.94
1784642940000,1.4991,49.94
1784643000000,1.4991,49.94
1784643060000,1.4991,49.94
1784643120000,1.4991,49.94
1784643180000,1.4991,49.94
1784643240000,1.4991,49.94
1784643300000,1.4991,49.94
1784643360000,1.4991,49.94
1784643420000,1.4991,49.94
1784643480000,1.4991,49.94
1784643540000,1.4991,49.94
1784643600000,1.4991,49.94
1784643660000,1.4991,49.94
1784643720000,1.4991,49.94
1784643780000,1.4991,49.94
1784643840000,1.4991,49.94
1784643900000,1.4991,49.94
1784643960000,1.4991,49.94
1784644020000,1.4991,49.94
1784644080000,1.4991,49.94
1784644140000,1.4991,49.94
1784644200000,1.4991,49.94
1784644260000,1.4991,49.94
1784644320000,1.4991,49.94
1784644380000,1.4991,49.94
1784644440000,1.4991,49.94
1784644500000,1.4991,49.94
1784644560000,1.4991,49.94
1784644620000,1.4991,49.94
1784644680000,1.4991,49.94
1784644740000,1.4991,49.94
1784644800000,1.4991,49.94
1784644860000,1.4991,49.94
1784644920000,1.4991,49.94
1784644980000,1.4991,49.94
1784645040000,1.4991,49.94
1784645100000,1.4991,49.94
1784645160000,1.4991,49.94
1784645220000,1.4991,49.94
1784645280000,1.4991,49.94
1784645340000,1.4991,49.94
1784645400000,1.4991,49.94
1784645460000,1.4991,49.94
1784645520000,1.4991,49.94
1784645580000,1.4991,49.94
1784645640000,1.4991,49.94
1784645700000,1.4991,49.94
1784645760000,1.4991,49.94
1784645820000,1.4991,49.94
1784645880000,1.4991,49.94
1784645940000,1.4991,49.94
1784646000000,1.4991,49.94
1784646060000,1.4991,49.94
1784646120000,1.4991,49.94
1784646180000,1.3802,53.91
1784647860000,1.3802,53.91
1784647920000,1.3802,53.91
1784647980000,1.3802,53.91
1784648040000,1.3802,53.91
1784648100000,1.3802,53.91
1784648160000,1.3802,53.91
1784648220000,1.3802,53.91
1784648280000,1.3802,53.91
1784648340000,1.3802,53.91
1784648400000,1.3802,53.91
1784648460000,1.3802,53.91
1784648520000,1.3802,53.91
1784648580000,1.3802,53.91
1784648640000,1.3802,53.91
1784648700000,1.3802,53.91
1784648760000,1.3802,53.91
1784648820000,1.3802,53.91
1784648880000,1.3802,53.91
1784648940000,1.3802,53.91
1784649000000,1.3802,53.91
1784649060000,1.3802,53.91
1784649120000,1.3802,53.91
1784649180000,1.2844,57.11
1784711340000,1.2844,57.11
1784711400000,1.2844,57.11
1784711460000,1.2844,57.11
1784711520000,1.2844,57.11
1784711580000,1.2844,57.11
1784711640000,1.2844,57.11
1784711700000,1.2844,57.11
1784711760000,1.2844,57.11
1784711820000,1.2844,57.11
1784711880000,1.2844,57.11
1784711940000,1.2844,57.11
1784712000000,1.2844,57.11
1784712060000,1.2844,57.11
1784712120000,1.2844,57.11
1784712180000,1.2844,57.11
1784712240000,1.2844,57.11
1784712300000,1.2844,57.11
1784712360000,1.2844,57.11
1784712420000,1.2844,57.11
1784712480000,1.2844,57.11
1784712540000,1.2844,57.11
1784712600000,1.2844,57.11
1784712660000,1.2844,57.11
1784712720000,1.2844,57.11
1784712780000,1.2844,57.11
1784712840000,1.1999,59.94
1784797500000,1.1999,59.94
1784797560000,1.1999,59.94
1784797620000,1.1999,59.94
1784797680000,1.1999,59.94
1784797740000,1.1999,59.94
1784797800000,1.1999,59.94
1784797860000,1.1999,59.94
1784797920000,1.1999,59.94
1784797980000,1.1999,59.94
1784798040000,1.1999,59.94
1784798100000,1.1999,59.94
1784798160000,1.1999,59.94
1784798220000,1.1999,59.94
1784798280000,1.1999,59.94
1784798340000,1.1999,59.94
1784798400000,1.1999,59.94
1784798460000,1.1999,59.94
1784798520000,1.1999,59.94
1784798580000,1.1999,59.94
1784798640000,1.1999,59.94
1784798700000,1.1999,59.94
1784798760000,1.1999,59.94
1784798820000,1.1999,59.94
1784798880000,1.1999,59.94
1784798940000,1.1999,59.94
1784799000000,1.1999,59.94
1784799060000,1.1999,59.94
1784799120000,1.1999,59.94
1784799180000,1.1999,59.94
1784799240000,1.1999,59.94
1784799300000,1.1999,59.94
1784799360000,1.1999,59.94
1784799420000,1.1999,59.94
1784799480000,1.1999,59.94
1784799540000,1.1999,59.94
1784799600000,1.1999,59.94
1784799660000,1.1999,59.94
1784799720000,1.1999,59.94
1784799780000,1.1999,59.94
1784799840000,1.1999,59.94
1784799900000,1.1999,59.94
1784799960000,1.1999,59.94
1784800020000,1.1999,59.94
1784800080000,1.1999,59.94
1784800140000,1.1999,59.94
1784800200000,1.1999,59.94
1784800260000,1.1999,59.94
1784800320000,1.1999,59.94
1784800380000,1.1999,59.94
1784800440000,1.1999,59.94
1784800500000,1.1999,59.94
1784800560000,1.1999,59.94
1784800620000,1.1999,59.94
1784800680000,1.1143,62.79
1784881920000,1.1143,62.79
1784881980000,1.1143,62.79
1784882040000,1.1143,62.79
1784882100000,1.1143,62.79
1784882160000,1.1143,62.79
1784882220000,1.1143,62.79
1784882280000,1.1143,62.79
1784882340000,1.1143,62.79
1784882400000,1.1143,62.79
1784882460000,1.1143,62.79
1784882520000,1.1143,62.79
1784882580000,1.1143,62.79
1784882640000,1.1143,62.79
1784882700000,1.1143,62.79
1784882760000,1.1143,62.79
1784882820000,1.1143,62.79
1784882880000,1.1143,62.79
1784882940000,1.1143,62.79
1784883000000,1.1143,62.79
1784883060000,1.1143,62.79
1784883120000,1.1143,62.79
1784883180000,1.1143,62.79
1784883240000,1.1143,62.79
1784883300000,1.1143,62.79
1784883360000,1.1143,62.79
1784883420000,1.1143,62.79
1784883480000,1.1143,62.79
1784883540000,1.1143,62.79
1784883600000,1.1143,62.79
1784883660000,1.1143,62.79
1784883720000,1.1143,62.79
1784883780000,1.1143,62.79
1784883840000,1.1143,62.79
1784883900000,1.03,65.61
1784987100000,1.03,65.61
1784987160000,1.03,65.61
1784987220000,1.03,65.61
1784987280000,1.03,65.61
1784987340000,1.03,65.61
1784987400000,1.03,65.61
1784987460000,1.03,65.61
1784987520000,1.03,65.61
1784987580000,1.03,65.61
1784987640000,1.03,65.61
1784987700000,1.03,65.61
1784987760000,1.03,65.61
1784987820000,1.03,65.61
1784987880000,1.03,65.61
1784987940000,1.03,65.61
1784988000000,1.03,65.61
1784988060000,1.03,65.61
1784988120000,1.03,65.61
1784988180000,1.03,65.61
1784988240000,1.03,65.61
1784988300000,1.03,65.61
1784988360000,1.03,65.61
1784988420000,1.03,65.61
1784988480000,1.03,65.61
1784988540000,1.03,65.61
1784988600000,1.03,65.61
1784988660000,1.03,65.61
1784988720000,1.03,65.61
1784988780000,1.03,65.61
1784988840000,1.03,65.61
1784988900000,1.03,65.61
1784988960000,1.03,65.61
1784989020000,1.03,65.61
1784989080000,1.03,65.61
1784989140000,1.03,65.61
1784989200000,1.03,65.61
1784989260000,1.03,65.61
1784989320000,1.03,65.61
1784989380000,1.03,65.61
1784989440000,1.03,65.61
1784989500000,1.03,65.61
1784989560000,1.03,65.61
1784989620000,1.03,65.61
1784989680000,1.03,65.61
1784989740000,1.03,65.61
1784989800000,1.03,65.61
1784989860000,1.03,65.61
1784989920000,1.03,65.61
1784989980000,1.03,65.61
1784990040000,1.03,65.61
1784990100000,1.03,65.61
1784990160000,1.03,65.61
1784990220000,1.03,65.61
1784990280000,1.03,65.61
1784990340000,1.03,65.61
1784990400000,1.03,65.61
1784990460000,1.03,65.61
1784990520000,1.03,65.61
1784990580000,1.03,65.61
1784990640000,1.03,65.61
1784990700000,1.03,65.61
1784990760000,1.03,65.61
1784990820000,1.03,65.61
1784990880000,1.03,65.61
1784990940000,1.03,65.61
1784991000000,1.03,65.61
1784991060000,1.03,65.61
1784991120000,1.03,65.61
1784991180000,1.03,65.61
1784991240000,1.03,65.61
1784991300000,1.03,65.61
1784991360000,1.03,65.61
1784991420000,1.03,65.61
1784991480000,1.03,65.61
1784991540000,1.03,65.61
1784991600000,1.03,65.61
1784991660000,1.03,65.61
1784991720000,1.03,65.61
1784991780000,1.03,65.61
1784991840000,1.03,65.61
1784991900000,1.03,65.61
1784991960000,1.03,65.61
1784992020000,1.03,65.61
1784992080000,1.03,65.61
1784992140000,1.03,65.61
1784992200000,1.03,65.61
1784992260000,1.03,65.61
1784992320000,1.03,65.61
1784992380000,1.03,65.61
1784992440000,1.03,65.61
1784992500000,1.03,65.61
1784992560000,1.03,65.61
1784992620000,1.03,65.61
1784992680000,1.03,65.61
1784992740000,1.03,65.61
1784992800000,1.03,65.61
1784992860000,1.03,65.61
1784992920000,1.03,65.61
1784992980000,1.03,65.61
1784993040000,1.03,65.61
1784993100000,1.03,65.61
1784993160000,1.03,65.61
1784993220000,1.03,65.61
1784993280000,1.03,65.61
1784993340000,1.03,65.61
1784993400000,1.03,65.61
1784993460000,1.03,65.61
1784993520000,1.03,65.61
1784993580000,1.03,65.61
1784993640000,1.03,65.61
1784993700000,1.03,65.61
1784993760000,1.03,65.61
1784993820000,1.03,65.61
1784993880000,1.03,65.61
1784993940000,1.03,65.61
1784994000000,1.03,65.61
1784994060000,1.03,65.61
1784994120000,1.03,65.61
1784994180000,1.03,65.61
1784994240000,1.03,65.61
1784994300000,1.03,65.61
1784994360000,1.03,65.61
1784994420000,1.03,65.61
1784994480000,1.03,65.61
1784994540000,1.03,65.61
1784994600000,1.03,65.61
1784994660000,1.03,65.61
1784994720000,1.03,65.61
1784994780000,1.03,65.61
1784994840000,1.03,65.61
1784994900000,1.03,65.61
1784994960000,1.03,65.61
1784995020000,1.03,65.61
1784995080000,1.03,65.61
1784995140000,1.03,65.61
1784995200000,1.03,65.61
1784995260000,1.03,65.61
1784995320000,1.03,65.61
1784995380000,1.03,65.61
1784995440000,1.03,65.61
1784995500000,1.03,65.61
1784995560000,1.03,65.61
1784995620000,1.03,65.61
1784995680000,1.03,65.61
1784995740000,1.03,65.61
1784995800000,1.03,65.61
1784995860000,1.03,65.61
1784995920000,1.03,65.61
1784995980000,1.03,65.61
1784996040000,1.03,65.61
1784996100000,1.03,65.61
1784996160000,1.03,65.61
1784996220000,1.03,65.61
1784996280000,1.03,65.61
1784996340000,1.03,65.61
1784996400000,1.03,65.61
1784996460000,1.03,65.61
1784996520000,1.03,65.61
1784996580000,1.03,65.61
1784996640000,1.03,65.61
1784996700000,1.03,65.61
1784996760000,1.03,65.61
1784996820000,1.03,65.61
1784996880000,1.03,65.61
1784996940000,1.03,65.61
1784997000000,1.03,65.61
1784997060000,1.03,65.61
1784997120000,1.03,65.61
1784997180000,1.03,65.61
1784997240000,1.03,65.61
1784997300000,1.03,65.61
1784997360000,1.03,65.61
1784997420000,1.03,65.61
1784997480000,1.03,65.61
1784997540000,1.03,65.61
1784997600000,1.03,65.61
1784997660000,1.03,65.61
1784997720000,1.03,65.61
1784997780000,1.03,65.61
1784997840000,1.03,65.61
1784997900000,1.03,65.61
1784997960000,1.03,65.61
1784998020000,1.03,65.61
1784998080000,1.03,65.61
1784998140000,1.03,65.61
1784998200000,1.03,65.61
1784998260000,1.03,65.61
1784998320000,1.03,65.61
1784998380000,1.03,65.61
1784998440000,1.03,65.61
1784998500000,1.03,65.61
1784998560000,1.03,65.61
1784998620000,1.03,65.61
1784998680000,1.03,65.61
1784998740000,1.03,65.61
1784998800000,1.03,65.61
1784998860000,1.03,65.61
1784998920000,1.03,65.61
1784998980000,1.03,65.61
1784999040000,1.03,65.61
1784999100000,1.03,65.61
1784999160000,1.03,65.61
1784999220000,1.03,65.61
1784999280000,1.03,65.61
1784999340000,1.03,65.61
1784999400000,1.03,65.61
1784999460000,1.03,65.61
1784999520000,1.03,65.61
1784999580000,1.03,65.61
1784999640000,1.03,65.61
1784999700000,1.03,65.61
1784999760000,1.03,65.61
1784999820000,1.03,65.61
1784999880000,1.03,65.61
1784999940000,1.03,65.61
1785000000000,1.03,65.61
1785000060000,1.03,65.61
1785000120000,1.03,65.61
1785000180000,1.03,65.61
1785000240000,1.03,65.61
1785000300000,1.03,65.61
1785000360000,1.03,65.61
1785000420000,1.03,65.61
1785000480000,1.03,65.61
1785000540000,1.03,65.61
1785000600000,1.03,65.61
1785000660000,1.03,65.61
1785000720000,1.03,65.61
1785000780000,1.03,65.61
1785000840000,1.03,65.61
1785000900000,1.03,65.61
1785000960000,1.03,65.61
1785001020000,1.03,65.61
1785001080000,1.03,65.61
1785001140000,1.03,65.61
1785001200000,1.03,65.61
1785001260000,1.03,65.61
1785001320000,1.03,65.61
1785001380000,1.03,65.61
1785001440000,1.03,65.61
1785001500000,1.03,65.61
1785001560000,1.03,65.61
1785001620000,1.03,65.61
1785001680000,1.03,65.61
1785001740000,1.03,65.61
1785001800000,1.03,65.61
1785001860000,1.03,65.61
1785001920000,1.03,65.61
1785001980000,1.03,65.61
1785002040000,1.03,65.61
1785002100000,1.03,65.61
1785002160000,1.03,65.61
1785002220000,1.03,65.61
1785002280000,1.03,65.61
1785002340000,1.03,65.61
1785002400000,1.03,65.61
1785002460000,1.03,65.61
1785002520000,1.03,65.61
1785002580000,1.03,65.61
1785002640000,1.03,65.61
1785002700000,1.03,65.61
1785002760000,1.03,65.61
1785002820000,1.03,65.61
1785002880000,1.03,65.61
1785002940000,1.03,65.61
1785003000000,1.03,65.61
1785003060000,1.03,65.61
1785003120000,1.03,65.61
1785003180000,1.03,65.61
1785003240000,1.03,65.61
1785003300000,1.03,65.61
1785003360000,1.03,65.61
1785003420000,1.03,65.61
1785003480000,1.03,65.61
1785003540000,1.03,65.61
1785003600000,1.03,65.61
1785003660000,1.03,65.61
1785003720000,1.03,65.61
1785003780000,1.03,65.61
1785003840000,1.03,65.61
1785003900000,1.03,65.61
1785003960000,1.03,65.61
1785004020000,1.03,65.61
1785004080000,1.03,65.61
1785004140000,1.03,65.61
1785004200000,1.03,65.61
1785004260000,1.03,65.61
1785004320000,1.03,65.61
1785004380000,1.03,65.61
1785004440000,1.03,65.61
1785004500000,1.03,65.61
1785004560000,1.03,65.61
1785004620000,1.03,65.61
1785004680000,1.03,65.61
1785004740000,1.03,65.61
1785004800000,1.03,65.61
1785004860000,1.03,65.61
1785004920000,1.03,65.61
1785004980000,1.03,65.61
1785005040000,1.03,65.61
1785005100000,1.03,65.61
1785005160000,1.03,65.61
1785005220000,1.03,65.61
1785005280000,1.03,65.61
1785005340000,1.03,65.61
1785005400000,1.03,65.61
1785005460000,1.03,65.61
1785005520000,1.03,65.61
1785005580000,1.03,65.61
1785005640000,1.03,65.61
1785005700000,1.03,65.61
1785005760000,1.03,65.61
1785005820000,1.03,65.61
1785005880000,1.03,65.61
1785005940000,1.03,65.61
1785006000000,1.03,65.61
1785006060000,1.03,65.61
1785006120000,1.03,65.61
1785006180000,1.03,65.61
1785006240000,1.03,65.61
1785006300000,1.03,65.61
1785006360000,1.03,65.61
1785006420000,1.03,65.61
1785006480000,1.03,65.61
1785006540000,1.03,65.61
1785006600000,1.03,65.61
1785006660000,1.03,65.61
1785006720000,1.03,65.61
1785006780000,1.03,65.61
1785006840000,1.03,65.61
1785006900000,1.03,65.61
1785006960000,1.03,65.61
1785007020000,1.03,65.61
1785007080000,1.03,65.61
1785007140000,1.03,65.61
1785007200000,1.03,65.61
1785007260000,1.03,65.61
1785007320000,1.03,65.61
1785007380000,1.03,65.61
1785007440000,1.03,65.61
1785007500000,1.03,65.61
1785007560000,1.03,65.61
1785007620000,1.03,65.61
1785007680000,1.03,65.61
1785007740000,1.03,65.61
1785007800000,1.03,65.61
1785007860000,1.03,65.61
1785007920000,1.03,65.61
1785007980000,1.03,65.61
1785008040000,1.03,65.61
1785008100000,1.03,65.61
1785008160000,1.03,65.61
1785008220000,1.03,65.61
1785008280000,1.03,65.61
1785008340000,1.03,65.61
1785008400000,1.03,65.61
1785008460000,1.03,65.61
1785008520000,1.03,65.61
1785008580000,1.03,65.61
1785008640000,1.03,65.61
1785008700000,1.03,65.61
1785008760000,1.03,65.61
1785008820000,1.03,65.61
1785008880000,1.03,65.61
1785008940000,1.03,65.61
1785009000000,1.03,65.61
1785009060000,1.03,65.61
1785009120000,1.03,65.61
1785009180000,1.03,65.61
1785009240000,1.03,65.61
1785009300000,1.03,65.61
1785009360000,1.03,65.61
1785009420000,1.03,65.61
1785009480000,1.03,65.61
1785009540000,1.03,65.61
1785009600000,1.03,65.61
1785009660000,1.03,65.61
1785009720000,1.03,65.61
1785009780000,1.03,65.61
1785009840000,1.03,65.61
1785009900000,1.03,65.61
1785009960000,1.03,65.61
1785010020000,1.03,65.61
1785010080000,1.03,65.61
1785010140000,1.03,65.61
1785010200000,1.03,65.61
1785010260000,1.03,65.61
1785010320000,1.03,65.61
1785010380000,1.03,65.61
1785010440000,1.03,65.61
1785010500000,1.03,65.61
1785010560000,1.03,65.61
1785010620000,1.03,65.61
1785010680000,1.03,65.61
1785010740000,1.03,65.61
1785010800000,1.03,65.61
1785010860000,1.03,65.61
1785010920000,1.03,65.61
1785010980000,1.03,65.61
1785011040000,1.03,65.61
1785011100000,1.03,65.61
1785011160000,1.03,65.61
1785011220000,1.03,65.61
1785011280000,1.03,65.61
1785011340000,1.03,65.61
1785011400000,1.03,65.61
1785011460000,1.03,65.61
1785011520000,1.03,65.61
1785011580000,1.03,65.61
1785011640000,1.03,65.61
1785011700000,1.03,65.61
1785011760000,1.03,65.61
1785011820000,1.03,65.61
1785011880000,1.03,65.61
1785011940000,1.03,65.61
1785012000000,1.03,65.61
1785012060000,1.03,65.61
1785012120000,1.03,65.61
1785012180000,1.03,65.61
1785012240000,1.03,65.61
1785012300000,1.03,65.61
1785012360000,1.03,65.61
1785012420000,1.03,65.61
1785012480000,1.03,65.61
1785012540000,1.03,65.61
1785012600000,1.03,65.61
1785012660000,1.03,65.61
1785012720000,1.03,65.61
1785012780000,1.03,65.61
1785012840000,1.03,65.61
1785012900000,1.03,65.61
1785012960000,1.03,65.61
1785013020000,1.03,65.61
1785013080000,1.03,65.61
1785013140000,1.03,65.61
1785013200000,1.03,65.61
1785013260000,1.03,65.61
1785013320000,1.03,65.61
1785013380000,1.03,65.61
1785013440000,1.03,65.61
1785013500000,1.03,65.61
1785013560000,1.03,65.61
1785013620000,1.03,65.61
1785013680000,1.03,65.61
1785013740000,1.03,65.61
1785013800000,1.03,65.61
1785013860000,1.0522,64.87
1785067620000,1.0522,64.87
1785067680000,1.0522,64.87
1785067740000,1.0522,64.87
1785067800000,1.0522,64.87
1785067860000,1.0522,64.87
1785067920000,1.0522,64.87
1785067980000,1.0522,64.87
1785068040000,1.0522,64.87
1785068100000,1.0522,64.87
1785068160000,1.0522,64.87
1785068220000,1.0522,64.87
1785068280000,1.0522,64.87
1785068340000,1.0522,64.87
1785068400000,1.0522,64.87
1785068460000,1.0522,64.87
1785068520000,1.0522,64.87
1785068580000,1.0522,64.87
1785068640000,1.0522,64.87
1785068700000,1.0522,64.87
1785068760000,1.0522,64.87
1785068820000,1.0522,64.87
1785068880000,1.0522,64.87
1785068940000,1.0522,64.87
1785069000000,1.0522,64.87
1785069060000,1.0522,64.87
1785069120000,1.0522,64.87
1785069180000,1.0522,64.87
1785069240000,1.0522,64.87
1785069300000,1.0522,64.87
1785069360000,1.0522,64.87
1785069420000,1.0522,64.87
1785069480000,1.0522,64.87
1785069540000,1.0522,64.87
1785069600000,1.0522,64.87
1785069660000,1.0522,64.87
1785069720000,1.0522,64.87
1785069780000,1.0522,64.87
1785069840000,1.0522,64.87
1785069900000,1.0522,64.87
1785069960000,1.0522,64.87
1785070020000,1.0522,64.87
1785070080000,1.0522,64.87
1785070140000,1.0522,64.87
1785070200000,1.0522,64.87
1785070260000,1.0522,64.87
1785070320000,1.0522,64.87
1785070380000,1.0522,64.87
1785070440000,1.0522,64.87
1785070500000,1.0522,64.87
1785070560000,1.0522,64.87
1785070620000,1.0522,64.87
1785070680000,1.0522,64.87
1785070740000,1.0522,64.87
1785070800000,1.0522,64.87
1785070860000,1.0522,64.87
1785070920000,1.0522,64.87
1785070980000,1.0522,64.87
1785071040000,0.9676,67.69
1785140280000,0.9676,67.69
1785140340000,0.9676,67.69
1785140400000,0.9676,67.69
1785140460000,0.9676,67.69
1785140520000,0.9676,67.69
1785140580000,0.9676,67.69
1785140640000,0.9676,67.69
1785140700000,0.9676,67.69
1785140760000,0.9676,67.69
1785140820000,0.9676,67.69
1785140880000,0.9676,67.69
1785140940000,0.9676,67.69
1785141000000,0.9676,67.69
1785141060000,0.9676,67.69
1785141120000,0.9676,67.69
1785141180000,0.9676,67.69
1785141240000,0.9676,67.69
1785141300000,0.9676,67.69
1785141360000,0.9676,67.69
1785141420000,0.9676,67.69
1785141480000,0.9676,67.69
1785141540000,0.9676,67.69
1785141600000,0.9676,67.69
1785141660000,0.9676,67.69
1785141720000,0.9676,67.69
1785141780000,0.9676,67.69
1785141840000,0.9676,67.69
1785141900000,0.9676,67.69
1785141960000,0.9676,67.69
1785142020000,0.9676,67.69
1785142080000,0.9676,67.69
1785142140000,0.9676,67.69
1785142200000,0.9676,67.69
1785142260000,0.9676,67.69
1785142320000,0.9676,67.69
1785142380000,0.9676,67.69
1785142440000,0.9676,67.69
1785142500000,0.9676,67.69
1785142560000,0.9676,67.69
1785142620000,0.9676,67.69
1785142680000,0.9676,67.69
1785142740000,0.9676,67.69
1785142800000,0.8825,70.53
1785232560000,0.8825,70.53
1785232620000,0.8825,70.53
1785232680000,0.8825,70.53
1785232740000,0.8825,70.53
1785232800000,0.8825,70.53
1785232860000,0.8825,70.53
1785232920000,0.8825,70.53
1785232980000,0.8825,70.53
1785233040000,0.8825,70.53
1785233100000,0.8825,70.53
1785233160000,0.8825,70.53
1785233220000,0.8825,70.53
1785233280000,0.8825,70.53
1785233340000,0.8825,70.53
1785233400000,0.8825,70.53
1785233460000,0.8825,70.53
1785233520000,0.8825,70.53
1785233580000,0.8825,70.53
1785233640000,0.8825,70.53
1785233700000,0.8825,70.53
1785233760000,0.8825,70.53
1785233820000,0.8825,70.53
1785233880000,0.8825,70.53
1785233940000,0.8825,70.53
1785234000000,0.8825,70.53
1785234060000,0.8825,70.53
1785234120000,0.8825,70.53
1785234180000,0.8825,70.53
1785234240000,0.8825,70.53
1785234300000,0.8825,70.53
1785234360000,0.8825,70.53
1785234420000,0.8825,70.53
1785234480000,0.8825,70.53
1785234540000,0.8825,70.53
1785234600000,0.8825,70.53
1785234660000,0.8825,70.53
1785234720000,0.8825,70.53
1785234780000,0.8825,70.53
1785234840000,0.8825,70.53
1785234900000,0.8825,70.53
1785234960000,0.8825,70.53
1785235020000,0.8825,70.53
1785235080000,0.8825,70.53
1785235140000,0.8825,70.53
1785235200000,0.8825,70.53
1785235260000,0.8825,70.53
1785235320000,0.8825,70.53
1785235380000,0.8825,70.53
1785235440000,0.8825,70.53
1785235500000,0.8825,70.53
1785235560000,0.8825,70.53
1785235620000,0.8825,70.53
1785235680000,0.8825,70.53
1785235740000,0.8825,70.53
1785235800000,0.8825,70.53
1785235860000,0.8825,70.53
1785235920000,0.8825,70.53
1785235980000,0.8825,70.53
1785236040000,0.8825,70.53
1785236100000,0.8825,70.53
1785236160000,0.8825,70.53
1785236220000,0.8825,70.53
1785236280000,0.8825,70.53
1785236340000,0.8825,70.53
1785236400000,0.8825,70.53
1785236460000,0.8825,70.53
1785236520000,0.8825,70.53
1785236580000,0.8825,70.53
1785236640000,0.8825,70.53
1785236700000,0.8825,70.53
1785236760000,0.8825,70.53
1785236820000,0.8825,70.53
1785236880000,0.8825,70.53
1785236940000,0.8825,70.53
1785237000000,0.8825,70.53
1785237060000,0.8825,70.53
1785237120000,0.8825,70.53
1785237180000,0.8825,70.53
1785237240000,0.8825,70.53
1785237300000,0.8825,70.53
1785237360000,0.8825,70.53
1785237420000,0.8825,70.53
1785237480000,0.8825,70.53
1785237540000,0.8825,70.53
1785237600000,0.8825,70.53
1785237660000,0.8825,70.53
1785237720000,0.8825,70.53
1785237780000,0.8825,70.53
1785237840000,0.8825,70.53
1785237900000,0.8825,70.53
1785237960000,0.8825,70.53
1785238020000,0.8825,70.53
1785238080000,0.8825,70.53
1785238140000,0.8825,70.53
1785238200000,0.8825,70.53
1785238260000,0.8825,70.53
1785238320000,0.8825,70.53
1785238380000,0.8825,70.53
1785238440000,0.8825,70.53
1785238500000,0.8825,70.53
1785238560000,0.8825,70.53
1785238620000,0.8825,70.53
1785238680000,0.8825,70.53
1785238740000,0.8825,70.53
1785238800000,0.8825,70.53
1785238860000,0.8825,70.53
1785238920000,0.8825,70.53
1785238980000,0.8825,70.53
1785239040000,0.8825,70.53
1785239100000,0.8825,70.53
1785239160000,0.8825,70.53
1785239220000,0.8825,70.53
1785239280000,0.8825,70.53
1785239340000,0.8825,70.53
1785239400000,0.8825,70.53
1785239460000,0.8825,70.53
1785239520000,0.8825,70.53
1785239580000,0.8825,70.53
1785239640000,0.8825,70.53
1785239700000,0.8825,70.53
1785239760000,0.8825,70.53
1785239820000,0.8825,70.53
1785239880000,0.8825,70.53
1785239940000,0.8825,70.53
1785240000000,0.8825,70.53
1785240060000,0.8825,70.53
1785240120000,0.8825,70.53
1785240180000,0.8825,70.53
1785240240000,0.8825,70.53
1785240300000,0.8825,70.53
1785240360000,0.8825,70.53
1785240420000,0.8825,70.53
1785240480000,0.8825,70.53
1785240540000,0.8825,70.53
1785240600000,0.8825,70.53
1785240660000,0.8825,70.53
1785240720000,0.8825,70.53
1785240780000,0.8825,70.53
1785240840000,0.8825,70.53
1785240900000,0.8825,70.53
1785240960000,0.8825,70.53
1785241020000,0.8825,70.53
1785241080000,0.8825,70.53
1785241140000,0.8825,70.53
1785241200000,0.8825,70.53
1785241260000,0.8825,70.53
1785241320000,0.8825,70.53
1785241380000,0.8825,70.53
1785241440000,0.8825,70.53
1785241500000,0.8825,70.53
1785241560000,0.8825,70.53
1785241620000,0.8825,70.53
1785241680000,0.8825,70.53
1785241740000,0.8825,70.53
1785241800000,0.8825,70.53
1785241860000,0.8825,70.53
1785241920000,0.8825,70.53
1785241980000,0.8825,70.53
1785242040000,0.8825,70.53
1785242100000,0.8825,70.53
1785242160000,0.8825,70.53
1785242220000,0.8825,70.53
1785242280000,0.8825,70.53
1785242340000,0.8825,70.53
1785242400000,0.8825,70.53
1785242460000,0.8825,70.53
1785242520000,0.8825,70.53
1785242580000,0.8825,70.53
1785242640000,0.8825,70.53
1785242700000,0.8825,70.53
1785242760000,0.7726,74.2
1785314820000,0.7726,74.2
1785314880000,0.7726,74.2
1785314940000,0.7726,74.2
1785315000000,0.7726,74.2
1785315060000,0.7726,74.2
1785315120000,0.7726,74.2
1785315180000,0.7726,74.2
1785315240000,0.7726,74.2
1785315300000,0.7726,74.2
1785315360000,0.7726,74.2
1785315420000,0.7726,74.2
1785315480000,0.7726,74.2
1785315540000,0.7726,74.2
1785315600000,0.7726,74.2
1785315660000,0.7726,74.2
1785315720000,0.7726,74.2
1785315780000,0.7726,74.2
1785315840000,0.7726,74.2
1785315900000,0.7726,74.2
1785315960000,0.7726,74.2
1785316020000,0.7726,74.2
1785316080000,0.7726,74.2
1785316140000,0.7726,74.2
1785316200000,0.7726,74.2
1785316260000,0.7726,74.2
1785316320000,0.7726,74.2
1785316380000,0.7726,74.2
1785316440000,0.7726,74.2
1785316500000,0.7726,74.2
1785316560000,0.7726,74.2
1785316620000,0.7726,74.2
1785316680000,0.7726,74.2
1785316740000,0.7726,74.2
1785316800000,0.7726,74.2
1785316860000,0.7726,74.2
1785316920000,0.7726,74.2
1785316980000,0.7726,74.2
1785317040000,0.7726,74.2
1785317100000,0.7726,74.2
1785317160000,0.7726,74.2
1785317220000,0.7726,74.2
1785317280000,0.7726,74.2
1785317340000,0.7726,74.2
1785317400000,0.7726,74.2
1785317460000,0.7726,74.2
1785317520000,0.7726,74.2
1785317580000,0.7726,74.2
1785317640000,0.7726,74.2
1785317700000,0.7726,74.2
1785317760000,0.7726,74.2
1785317820000,0.7726,74.2
1785317880000,0.7726,74.2
1785317940000,0.7726,74.2
1785318000000,0.7726,74.2
1785318060000,0.7726,74.2
1785318120000,0.7726,74.2
1785318180000,0.7726,74.2
1785318240000,0.7726,74.2
1785318300000,0.7726,74.2
1785318360000,0.7726,74.2
1785318420000,0.7726,74.2
1785318480000,0.7726,74.2
1785318540000,0.7726,74.2
1785318600000,0.7726,74.2
1785318660000,0.7726,74.2
1785318720000,0.7726,74.2
1785318780000,0.7726,74.2
1785318840000,0.7726,74.2
1785318900000,0.7726,74.2
1785318960000,0.7726,74.2
1785319020000,0.7726,74.2
1785319080000,0.7726,74.2
1785319140000,0.7726,74.2
1785319200000,0.7726,74.2
1785319260000,0.7726,74.2
1785319320000,0.7726,74.2
1785319380000,0.7726,74.2
1785319440000,0.7726,74.2
1785319500000,0.7726,74.2
1785319560000,0.7726,74.2
1785319620000,0.7726,74.2
1785319680000,0.7726,74.2
1785319740000,0.7726,74.2
1785319800000,0.7726,74.2
1785319860000,0.7726,74.2
1785319920000,0.7726,74.2
1785319980000,0.7726,74.2
1785320040000,0.7726,74.2
1785320100000,0.7726,74.2
1785320160000,0.7726,74.2
1785320220000,0.7726,74.2
1785320280000,0.7726,74.2
1785320340000,0.7726,74.2
1785320400000,0.7726,74.2
1785320460000,0.7726,74.2
1785320520000,0.7726,74.2
1785320580000,0.7726,74.2
1785320640000,0.7726,74.2
1785320700000,0.7726,74.2
1785320760000,0.7726,74.2
1785320820000,0.7726,74.2
1785320880000,0.7726,74.2
1785320940000,0.7726,74.2
1785321000000,0.7726,74.2
1785321060000,0.7726,74.2
1785321120000,0.7726,74.2
1785321180000,0.7726,74.2
1785321240000,0.7726,74.2
1785321300000,0.7726,74.2
1785321360000,0.7726,74.2
1785321420000,0.7726,74.2
1785321480000,0.7726,74.2
1785321540000,0.7726,74.2
1785321600000,0.7726,74.2
1785321660000,0.7726,74.2
1785321720000,0.7726,74.2
1785321780000,0.7726,74.2
1785321840000,0.7726,74.2
1785321900000,0.7726,74.2
1785321960000,0.7726,74.2
1785322020000,0.7726,74.2
1785322080000,0.7726,74.2
1785322140000,0.7726,74.2
1785322200000,0.7726,74.2
1785322260000,0.7726,74.2
1785322320000,0.6838,77.17
1785398640000,0.6838,77.17
1785398700000,0.6838,77.17
1785398760000,0.6838,77.17
1785398820000,0.6838,77.17
1785398880000,0.6838,77.17
1785398940000,0.6838,77.17
1785399000000,0.6838,77.17
1785399060000,0.6838,77.17
1785399120000,0.5929,80.2
1785489780000,0.5929,80.2
1785489840000,0.5929,80.2
1785489900000,0.5929,80.2
1785489960000,0.5929,80.2
1785490020000,0.5929,80.2
1785490080000,0.5929,80.2
1785490140000,0.5929,80.2
1785490200000,0.5929,80.2
1785490260000,0.5929,80.2
1785490320000,0.5929,80.2
1785490380000,0.5929,80.2
1785490440000,0.5929,80.2
1785490500000,0.5929,80.2
1785490560000,0.5929,80.2
1785490620000,0.5929,80.2
1785490680000,0.5929,80.2
1785490740000,0.5929,80.2
1785490800000,0.5929,80.2
1785490860000,0.5929,80.2
1785490920000,0.5929,80.2
1785490980000,0.5929,80.2
1785491040000,0.5929,80.2
1785491100000,0.5929,80.2
1785491160000,0.5929,80.2
1785491220000,0.5929,80.2
1785491280000,0.5929,80.2
1785491340000,0.5929,80.2
1785491400000,0.5929,80.2
1785491460000,0.5929,80.2
1785491520000,0.5929,80.2
1785491580000,0.5929,80.2
1785491640000,0.5929,80.2
1785491700000,0.5929,80.2
1785491760000,0.5929,80.2
1785491820000,0.5929,80.2
1785491880000,0.5929,80.2
1785491940000,0.5929,80.2
1785492000000,0.5929,80.2
1785492060000,0.5929,80.2
1785492120000,0.5929,80.2
1785492180000,0.5929,80.2
1785492240000,0.5929,80.2
1785492300000,0.5929,80.2
1785492360000,0.5929,80.2
1785492420000,0.5929,80.2
1785492480000,0.5929,80.2
1785492540000,0.5929,80.2
1785492600000,0.5929,80.2
1785492660000,0.5929,80.2
1785492720000,0.5929,80.2
1785492780000,0.5929,80.2
1785492840000,0.5929,80.2
1785492900000,0.5929,80.2
1785492960000,0.5929,80.2
1785493020000,0.5929,80.2
1785493080000,0.5929,80.2
1785493140000,0.5929,80.2
1785493200000,0.5929,80.2
1785493260000,0.5929,80.2
1785493320000,0.5929,80.2
1785493380000,0.5929,80.2
1785493440000,0.5929,80.2
1785493500000,0.5929,80.2
1785493560000,0.5929,80.2
1785493620000,0.5929,80.2
1785493680000,0.5929,80.2
1785493740000,0.5929,80.2
1785493800000,0.5929,80.2
1785493860000,0.5929,80.2
1785493920000,0.5929,80.2
1785493980000,0.5929,80.2
1785494040000,0.5929,80.2
1785494100000,0.5929,80.2
1785494160000,0.5929,80.2
1785494220000,0.5929,80.2
1785494280000,0.5929,80.2
1785494340000,0.5929,80.2
1785494400000,0.5929,80.2
1785494460000,0.5929,80.2
1785494520000,0.5929,80.2
1785494580000,0.5929,80.2
1785494640000,0.5929,80.2
1785494700000,0.5929,80.2
1785494760000,0.5929,80.2
1785494820000,0.5929,80.2
1785494880000,0.5929,80.2
1785494940000,0.5929,80.2
1785495000000,0.5929,80.2
1785495060000,0.5929,80.2
1785495120000,0.5929,80.2
1785495180000,0.5929,80.2
1785495240000,0.5929,80.2
1785495300000,0.5929,80.2
1785495360000,0.5929,80.2
1785495420000,0.5929,80.2
1785495480000,0.5929,80.2
1785495540000,0.5929,80.2
1785495600000,0.5929,80.2
1785495660000,0.5929,80.2
1785495720000,0.5929,80.2
1785495780000,0.5929,80.2
1785495840000,0.5929,80.2
1785495900000,0.5929,80.2
1785495960000,0.5929,80.2
1785496020000,0.5929,80.2
1785496080000,0.5929,80.2
1785496140000,0.5929,80.2
1785496200000,0.5929,80.2
1785496260000,0.5929,80.2
1785496320000,0.5929,80.2
1785496380000,0.5929,80.2
1785496440000,0.5929,80.2
1785496500000,0.5929,80.2
1785496560000,0.5929,80.2
1785496620000,0.5929,80.2
1785496680000,0.5929,80.2
1785496740000,0.5929,80.2
1785496800000,0.5929,80.2
1785496860000,0.5929,80.2
1785496920000,0.5929,80.2
1785496980000,0.5929,80.2
1785497040000,0.5929,80.2
1785497100000,0.5929,80.2
1785497160000,0.5929,80.2
1785497220000,0.5929,80.2
1785497280000,0.5929,80.2
1785497340000,0.5929,80.2
1785497400000,0.5929,80.2
1785497460000,0.5929,80.2
1785497520000,0.5929,80.2
1785497580000,0.5929,80.2
1785497640000,0.5929,80.2
1785497700000,0.5929,80.2
1785497760000,0.5929,80.2
1785497820000,0.5929,80.2
1785497880000,0.5929,80.2
1785497940000,0.5929,80.2
1785498000000,0.5929,80.2
1785498060000,0.5929,80.2
1785498120000,0.5929,80.2
1785498180000,0.5929,80.2
1785498240000,0.5929,80.2
1785498300000,0.5929,80.2
1785498360000,0.5929,80.2
1785498420000,0.5929,80.2
1785498480000,0.5929,80.2
1785498540000,0.5929,80.2
1785498600000,0.5929,80.2
1785498660000,0.5929,80.2
1785498720000,0.5929,80.2
1785498780000,0.5929,80.2
1785498840000,0.5929,80.2
1785498900000,0.5929,80.2
1785498960000,0.5929,80.2
1785499020000,0.5929,80.2
1785499080000,0.5929,80.2
1785499140000,0.5929,80.2
1785499200000,0.5929,80.2
1785499260000,0.5929,80.2
1785499320000,0.5929,80.2
1785499380000,0.5929,80.2
1785499440000,0.5929,80.2
1785499500000,0.5929,80.2
1785499560000,0.5929,80.2
1785499620000,0.5929,80.2
1785499680000,0.5929,80.2
1785499740000,0.5929,80.2
1785499800000,0.5929,80.2
1785499860000,0.5929,80.2
1785499920000,0.5929,80.2
1785499980000,0.5929,80.2
1785500040000,0.5929,80.2
1785500100000,0.5929,80.2
1785500160000,0.5929,80.2
1785500220000,0.5929,80.2
1785500280000,0.5929,80.2
1785500340000,0.5929,80.2
1785500400000,0.5929,80.2
1785500460000,0.5929,80.2
1785500520000,0.5929,80.2
1785500580000,0.5929,80.2
1785500640000,0.5929,80.2
1785500700000,0.5929,80.2
1785500760000,0.5929,80.2
1785500820000,0.5929,80.2
1785500880000,0.5929,80.2
1785500940000,0.5929,80.2
1785501000000,0.5929,80.2
1785501060000,0.5929,80.2
1785501120000,0.5929,80.2
1785501180000,0.5929,80.2
1785501240000,0.5929,80.2
1785501300000,0.5929,80.2
1785501360000,0.5929,80.2
1785501420000,0.5929,80.2
1785501480000,0.5929,80.2
1785501540000,0.5929,80.2
1785501600000,0.5929,80.2
1785501660000,0.5929,80.2
1785501720000,0.5929,80.2
1785501780000,0.5929,80.2
1785501840000,0.5929,80.2
1785501900000,0.5929,80.2
1785501960000,0.5929,80.2
1785502020000,0.5929,80.2
1785502080000,0.5929,80.2
1785502140000,0.5929,80.2
1785502200000,0.5929,80.2
1785502260000,0.5929,80.2
1785502320000,0.5929,80.2
1785502380000,0.5929,80.2
1785502440000,0.5929,80.2
1785502500000,0.5929,80.2
1785502560000,0.5929,80.2
1785502620000,0.6225,79.21
1785504720000,0.6225,79.21
1785504780000,0.6225,79.21
1785504840000,0.6225,79.21
1785504900000,0.6225,79.21
1785504960000,0.6225,79.21
1785505020000,0.6225,79.21
1785505080000,0.6225,79.21
1785505140000,0.6225,79.21
1785505200000,0.6225,79.21
1785505260000,0.6225,79.21
1785505320000,0.6225,79.21
1785505380000,0.6225,79.21
1785505440000,0.6225,79.21
1785505500000,0.6225,79.21
1785505560000,0.6225,79.21
1785505620000,0.6225,79.21
1785505680000,0.6225,79.21
1785505740000,0.6225,79.21
1785505800000,0.6225,79.21
1785505860000,0.6225,79.21
1785505920000,0.6225,79.21
1785505980000,0.6225,79.21
1785506040000,0.6225,79.21
1785506100000,0.6225,79.21
1785506160000,0.6225,79.21
1785506220000,0.6225,79.21
1785506280000,0.6225,79.21
1785506340000,0.6225,79.21
1785506400000,0.6225,79.21
1785506460000,0.6225,79.21
1785506520000,0.6225,79.21
1785506580000,0.6225,79.21
1785506640000,0.6225,79.21
1785506700000,0.7953,73.44
1785507900000,0.7953,73.44
1785507960000,0.7953,73.44
1785508020000,0.7953,73.44
1785508080000,0.7953,73.44
1785508140000,0.7953,73.44
1785508200000,0.8225,72.54
1785508920000,0.8225,72.54
1785508980000,0.8225,72.54
1785509040000,0.8225,72.54
1785509100000,0.8225,72.54
1785509160000,0.8225,72.54
1785509220000,0.8225,72.54
1785509280000,0.8225,72.54
1785509340000,0.8225,72.54
1785509400000,0.8225,72.54
1785509460000,0.8225,72.54
1785509520000,0.8225,72.54
1785509580000,0.8225,72.54
1785509640000,0.8225,72.54
1785509700000,0.8225,72.54
1785509760000,0.8225,72.54
1785509820000,0.8225,72.54
1785509880000,0.8225,72.54
1785509940000,0.8225,72.54
1785510000000,0.8225,72.54
1785510060000,0.8225,72.54
1785510120000,0.8225,72.54
1785510180000,0.8225,72.54
1785510240000,0.8225,72.54
1785510300000,0.8225,72.54
1785510360000,0.8225,72.54
1785510420000,0.8225,72.54
1785510480000,0.8225,72.54
1785510540000,0.8225,72.54
1785510600000,0.8225,72.54
1785510660000,0.8225,72.54
1785510720000,0.8225,72.54
1785510780000,0.8225,72.54
1785510840000,0.8225,72.54
1785510900000,0.8225,72.54
1785510960000,0.8225,72.54
1785511020000,0.8225,72.54
1785511080000,0.8225,72.54
1785511140000,0.8225,72.54
1785511200000,0.8225,72.54
1785511260000,0.8225,72.54
1785511320000,0.8225,72.54
1785511380000,0.8225,72.54
1785511440000,0.8225,72.54
1785511500000,0.8225,72.54
1785511560000,0.8225,72.54
1785511620000,0.8225,72.54
1785511680000,0.8225,72.54
1785511740000,0.8225,72.54
1785511800000,0.8225,72.54
1785511860000,0.8225,72.54
1785511920000,0.8225,72.54
1785511980000,0.8225,72.54
1785512040000,0.8225,72.54
1785512100000,0.8225,72.54
1785512160000,0.8225,72.54
1785512220000,0.8225,72.54
1785512280000,0.8225,72.54
1785512340000,0.8225,72.54
1785512400000,0.8225,72.54
1785512460000,0.8225,72.54
1785512520000,0.8225,72.54
1785512580000,0.8225,72.54
1785512640000,0.8225,72.54
1785512700000,0.8225,72.54
1785512760000,0.8225,72.54
1785512820000,0.8225,72.54
1785512880000,0.8225,72.54
1785512940000,0.8225,72.54
1785513000000,0.8225,72.54
1785513060000,0.8225,72.54
1785513120000,0.8225,72.54
1785513180000,0.8225,72.54
1785513240000,0.8225,72.54
1785513300000,0.8225,72.54
1785513360000,0.8225,72.54
1785513420000,0.8225,72.54
1785513480000,0.8225,72.54
1785513540000,0.8225,72.54
1785513600000,0.8225,72.54
1785513660000,0.8225,72.54
1785513720000,0.8225,72.54
1785513780000,0.8225,72.54
1785513840000,0.8225,72.54
1785513900000,0.8225,72.54
1785513960000,0.8225,72.54
1785514020000,0.8225,72.54
1785514080000,0.8225,72.54
1785514140000,0.8225,72.54
1785514200000,0.8225,72.54
1785514260000,0.8225,72.54
1785514320000,0.8225,72.54
1785514380000,0.8225,72.54
1785514440000,0.8225,72.54
1785514500000,0.8225,72.54
1785514560000,0.8225,72.54
1785514620000,0.8225,72.54
1785514680000,0.8225,72.54
1785514740000,0.8225,72.54
1785514800000,0.8225,72.54
1785514860000,0.8225,72.54
1785514920000,0.8225,72.54
1785514980000,0.8225,72.54
1785515040000,0.8225,72.54
1785515100000,0.8225,72.54
1785515160000,0.8225,72.54
1785515220000,0.8225,72.54
1785515280000,0.8225,72.54
1785515340000,0.8225,72.54
1785515400000,0.8225,72.54
1785515460000,0.8225,72.54
1785515520000,0.8225,72.54
1785515580000,0.8225,72.54
1785515640000,0.8225,72.54
1785515700000,0.8225,72.54
1785515760000,0.8225,72.54
1785515820000,0.8225,72.54
1785515880000,0.8225,72.54
1785515940000,0.8225,72.54
1785516000000,0.8225,72.54
1785516060000,0.8225,72.54
1785516120000,0.8225,72.54
1785516180000,0.8225,72.54
1785516240000,0.8225,72.54
1785516300000,0.8225,72.54
1785516360000,0.8225,72.54
1785516420000,0.8225,72.54
1785516480000,0.8225,72.54
1785516540000,0.8225,72.54
1785516600000,0.8225,72.54
1785516660000,0.8225,72.54
1785516720000,0.8225,72.54
1785516780000,0.8225,72.54
1785516840000,0.8225,72.54
1785516900000,0.8225,72.54
1785516960000,0.8225,72.54
1785517020000,0.8225,72.54
1785517080000,0.8225,72.54
1785517140000,0.8225,72.54
1785517200000,0.8225,72.54
1785517260000,0.8225,72.54
1785517320000,0.8225,72.54
1785517380000,0.8225,72.54
1785517440000,0.8225,72.54
1785517500000,0.8225,72.54
1785517560000,0.8225,72.54
1785517620000,0.8225,72.54
1785517680000,0.8225,72.54
1785517740000,0.8225,72.54
1785517800000,0.8225,72.54
1785517860000,0.8225,72.54
1785517920000,0.7154,76.11
1785521520000,0.7154,76.11
1785521580000,0.7154,76.11
1785521640000,0.7154,76.11
1785521700000,0.7154,76.11
1785521760000,0.7154,76.11
1785521820000,0.7154,76.11
1785521880000,0.7154,76.11
1785521940000,0.7154,76.11
1785522000000,0.7154,76.11
1785522060000,0.7154,76.11
1785522120000,0.7154,76.11
1785522180000,0.7154,76.11
1785522240000,0.7154,76.11
1785522300000,0.7154,76.11
1785522360000,0.7154,76.11
1785522420000,0.7154,76.11
1785522480000,0.7154,76.11
1785522540000,0.7154,76.11
1785522600000,0.7154,76.11
1785522660000,0.7154,76.11
1785522720000,0.7154,76.11
1785522780000,0.7154,76.11
1785522840000,0.7154,76.11
1785522900000,0.7154,76.11
1785522960000,0.7154,76.11
1785523020000,0.7154,76.11
1785523080000,0.7154,76.11
1785523140000,0.7154,76.11
1785523200000,0.7154,76.11
1785523260000,0.7154,76.11
1785523320000,0.7154,76.11
1785523380000,0.7154,76.11
1785523440000,0.7154,76.11
1785523500000,0.7154,76.11
1785523560000,0.7154,76.11
1785523620000,0.7154,76.11
1785523680000,0.7154,76.11
1785523740000,0.7154,76.11
1785523800000,0.7154,76.11
1785523860000,0.7154,76.11
1785523920000,0.7154,76.11
1785523980000,0.7154,76.11
1785524040000,0.7154,76.11
1785524100000,0.7154,76.11
1785524160000,0.7154,76.11
1785524220000,0.7154,76.11
1785524280000,0.7154,76.11
1785524340000,0.7154,76.11
1785524400000,0.7154,76.11
1785524460000,0.7154,76.11
1785524520000,0.7154,76.11
1785524580000,0.7154,76.11
1785524640000,0.7154,76.11
1785524700000,0.7154,76.11
1785524760000,0.7154,76.11
1785524820000,0.7154,76.11
1785524880000,0.7154,76.11
1785524940000,0.7154,76.11
1785525000000,0.7154,76.11
1785525060000,0.7154,76.11
1785525120000,0.7154,76.11
1785525180000,0.7154,76.11
1785525240000,0.7154,76.11
1785525300000,0.7154,76.11
1785525360000,0.7154,76.11
1785525420000,0.7154,76.11
1785525480000,0.7154,76.11
1785525540000,0.7154,76.11
1785525600000,0.7154,76.11
1785525660000,0.7154,76.11
1785525720000,0.7154,76.11
1785525780000,0.7154,76.11
1785525840000,0.7154,76.11
1785525900000,0.7154,76.11
1785525960000,0.7154,76.11
1785526020000,0.7154,76.11
1785526080000,0.7154,76.11
1785526140000,0.7154,76.11
1785526200000,0.7154,76.11
1785526260000,0.7154,76.11
1785526320000,0.7154,76.11
1785526380000,0.7154,76.11
1785526440000,0.7154,76.11
1785526500000,0.7154,76.11
1785526560000,0.7154,76.11
1785526620000,0.7154,76.11
1785526680000,0.7154,76.11
1785526740000,0.7154,76.11
1785526800000,0.7154,76.11
1785526860000,0.7154,76.11
1785526920000,0.7154,76.11
1785526980000,0.7154,76.11
1785527040000,0.7154,76.11
1785527100000,0.7154,76.11
1785527160000,0.7154,76.11
1785527220000,0.7154,76.11
1785527280000,0.7154,76.11
1785527340000,0.7154,76.11
1785527400000,0.7154,76.11
1785527460000,0.7154,76.11
1785527520000,0.7154,76.11
1785527580000,0.7154,76.11
1785527640000,0.7154,76.11
1785527700000,0.7154,76.11
1785527760000,0.7154,76.11
1785527820000,0.7154,76.11
1785527880000,0.7154,76.11
1785527940000,0.7154,76.11
1785528000000,0.7154,76.11
1785528060000,0.7154,76.11
1785528120000,0.7154,76.11
1785528180000,0.7154,76.11
1785528240000,0.7154,76.11
1785528300000,0.7154,76.11
1785528360000,0.7154,76.11
1785528420000,0.7154,76.11
1785528480000,0.7154,76.11
1785528540000,0.7154,76.11
1785528600000,0.7154,76.11
1785528660000,0.7154,76.11
1785528720000,0.7154,76.11
1785528780000,0.7154,76.11
1785528840000,0.7154,76.11
1785528900000,0.7154,76.11
1785528960000,0.7154,76.11
1785529020000,0.7154,76.11
1785529080000,0.7154,76.11
1785529140000,0.7154,76.11
1785529200000,0.7154,76.11
1785529260000,0.7154,76.11
1785529320000,0.7154,76.11
1785529380000,0.7154,76.11
1785529440000,0.7154,76.11
1785529500000,0.7154,76.11
1785529560000,0.7154,76.11
1785529620000,0.7154,76.11
1785529680000,0.7154,76.11
1785529740000,0.7154,76.11
1785529800000,0.7154,76.11
1785529860000,0.7154,76.11
1785529920000,0.7154,76.11
1785529980000,0.7154,76.11
1785530040000,0.7154,76.11
1785530100000,0.7154,76.11
1785530160000,0.7154,76.11
1785530220000,0.7154,76.11
1785530280000,0.7154,76.11
1785530340000,0.7154,76.11
1785530400000,0.7154,76.11
1785530460000,0.7154,76.11
1785530520000,0.7154,76.11
1785530580000,0.7154,76.11
1785530640000,0.7154,76.11
1785530700000,0.7154,76.11
1785530760000,0.7154,76.11
1785530820000,0.7154,76.11
1785530880000,0.7154,76.11
1785530940000,0.7154,76.11
1785531000000,0.7154,76.11
1785531060000,0.7154,76.11
1785531120000,0.7154,76.11
1785531180000,0.7154,76.11
1785531240000,0.7154,76.11
1785531300000,0.7154,76.11
1785531360000,0.7154,76.11
1785531420000,0.7154,76.11
1785531480000,0.7154,76.11
1785531540000,0.7154,76.11
1785531600000,0.7154,76.11
1785531660000,0.7154,76.11
1785531720000,0.7154,76.11
1785531780000,0.7154,76.11
1785531840000,0.7154,76.11
1785531900000,0.7154,76.11
1785531960000,0.7154,76.11
1785532020000,0.7154,76.11
1785532080000,0.7154,76.11
1785532140000,0.7154,76.11
1785532200000,0.7154,76.11
1785532260000,0.7154,76.11
1785532320000,0.7154,76.11
1785532380000,0.7154,76.11
1785532440000,0.7154,76.11
1785532500000,0.7154,76.11
1785532560000,0.7154,76.11
1785532620000,0.7154,76.11
1785532680000,0.7154,76.11
1785532740000,0.7154,76.11
1785532800000,0.7154,76.11
1785532860000,0.7154,76.11
1785532920000,0.7154,76.11
1785532980000,0.7154,76.11
1785533040000,0.7154,76.11
1785533100000,0.7154,76.11
1785533160000,0.7154,76.11
1785533220000,0.7154,76.11
1785533280000,0.7154,76.11
1785533340000,0.7154,76.11
1785533400000,0.7154,76.11
1785533460000,0.7154,76.11
1785533520000,0.7154,76.11
1785533580000,0.7154,76.11
1785533640000,0.7154,76.11
1785533700000,0.7154,76.11
1785533760000,0.7154,76.11
1785533820000,0.7154,76.11
1785533880000,0.7154,76.11
1785533940000,0.7154,76.11
1785534000000,0.7154,76.11
1785534060000,0.7154,76.11
1785534120000,0.7154,76.11
1785534180000,0.7154,76.11
1785534240000,0.7154,76.11
1785534300000,0.7154,76.11
1785534360000,0.7154,76.11
1785534420000,0.7154,76.11
1785534480000,0.7154,76.11
1785534540000,0.7154,76.11
1785534600000,0.7154,76.11
1785534660000,0.7154,76.11
1785534720000,0.7154,76.11
1785534780000,0.7154,76.11
1785534840000,0.7154,76.11
1785534900000,0.7154,76.11
1785534960000,0.7154,76.11
1785535020000,0.7154,76.11
1785535080000,0.7154,76.11
1785535140000,0.7154,76.11
1785535200000,0.7154,76.11
1785535260000,0.7154,76.11
1785535320000,0.7154,76.11
1785535380000,0.7154,76.11
1785535440000,0.7154,76.11
1785535500000,0.7154,76.11
1785535560000,0.7154,76.11
1785535620000,0.7154,76.11
1785535680000,0.7154,76.11
1785535740000,0.7154,76.11
1785535800000,0.7154,76.11
1785535860000,0.7154,76.11
1785535920000,0.7154,76.11
1785535980000,0.7154,76.11
1785536040000,0.7154,76.11
1785536100000,0.7154,76.11
1785536160000,0.7154,76.11
1785536220000,0.7154,76.11
1785536280000,0.7154,76.11
1785536340000,0.7154,76.11
1785536400000,0.7154,76.11
1785536460000,0.7154,76.11
1785536520000,0.7154,76.11
1785536580000,0.7154,76.11
1785536640000,0.7154,76.11
1785536700000,0.7154,76.11
1785536760000,0.7154,76.11
1785536820000,0.7154,76.11
1785536880000,0.7154,76.11
1785536940000,0.7154,76.11
1785537000000,0.7154,76.11
1785537060000,0.7154,76.11
1785537120000,0.7154,76.11
1785537180000,0.7154,76.11
1785537240000,0.7154,76.11
1785537300000,0.7154,76.11
1785537360000,0.7154,76.11
1785537420000,0.7154,76.11
1785537480000,0.7154,76.11
1785537540000,0.7154,76.11
1785537600000,0.7154,76.11
1785537660000,0.7154,76.11
1785537720000,0.7154,76.11
1785537780000,0.7154,76.11
1785537840000,0.7154,76.11
1785537900000,0.7154,76.11
1785537960000,0.7154,76.11
1785538020000,0.7154,76.11
1785538080000,0.7154,76.11
1785538140000,0.7154,76.11
1785538200000,0.7154,76.11
1785538260000,0.7154,76.11
1785538320000,0.7154,76.11
1785538380000,0.7154,76.11
1785538440000,0.7154,76.11
1785538500000,0.7154,76.11
1785538560000,0.7154,76.11
1785538620000,0.7154,76.11
1785538680000,0.7154,76.11
1785538740000,0.7154,76.11
1785538800000,0.7154,76.11
1785538860000,0.7154,76.11
1785538920000,0.7154,76.11
1785538980000,0.7154,76.11
1785539040000,0.7154,76.11
1785539100000,0.7154,76.11
1785539160000,0.7154,76.11
1785539220000,0.7154,76.11
1785539280000,0.7154,76.11
1785539340000,0.7154,76.11
1785539400000,0.7154,76.11
1785539460000,0.7154,76.11
1785539520000,0.7154,76.11
1785539580000,0.7154,76.11
1785539640000,0.7154,76.11
1785539700000,0.7154,76.11
1785539760000,0.7154,76.11
1785539820000,0.7154,76.11
1785539880000,0.7154,76.11
1785539940000,0.7154,76.11
1785540000000,0.7154,76.11
1785540060000,0.7154,76.11
1785540120000,0.7154,76.11
1785540180000,0.7154,76.11
1785540240000,0.7154,76.11
1785540300000,0.7154,76.11
1785540360000,0.7154,76.11
1785540420000,0.7154,76.11
1785540480000,0.7154,76.11
1785540540000,0.7154,76.11
1785540600000,0.7154,76.11
1785540660000,0.7154,76.11
1785540720000,0.7154,76.11
1785540780000,0.7154,76.11
1785540840000,0.7154,76.11
1785540900000,0.7154,76.11
1785540960000,0.7154,76.11
1785541020000,0.7154,76.11
1785541080000,0.7154,76.11
1785541140000,0.7154,76.11
1785541200000,0.7154,76.11
1785541260000,0.7154,76.11
1785541320000,0.7154,76.11
1785541380000,0.7154,76.11
1785541440000,0.7154,76.11
1785541500000,0.7154,76.11
1785541560000,0.7154,76.11
1785541620000,0.7154,76.11
1785541680000,0.7154,76.11
1785541740000,0.7154,76.11
1785541800000,0.7154,76.11
1785541860000,0.7154,76.11
1785541920000,0.7154,76.11
1785541980000,0.7154,76.11
1785542040000,0.7154,76.11
1785542100000,0.7154,76.11
1785542160000,0.7154,76.11
1785542220000,0.7154,76.11
1785542280000,0.7154,76.11
1785542340000,0.7154,76.11
1785542400000,0.7154,76.11
1785542460000,0.7154,76.11
1785542520000,0.7154,76.11
1785542580000,0.7154,76.11
1785542640000,0.7154,76.11
1785542700000,0.7154,76.11
1785542760000,0.7154,76.11
1785542820000,0.7154,76.11
1785542880000,0.7154,76.11
1785542940000,0.7154,76.11
1785543000000,0.7154,76.11
1785543060000,0.7154,76.11
1785543120000,0.7154,76.11
1785543180000,0.7154,76.11
1785543240000,0.7154,76.11
1785543300000,0.7154,76.11
1785543360000,0.7154,76.11
1785543420000,0.7154,76.11
1785543480000,0.7154,76.11
1785543540000,0.7154,76.11
1785543600000,0.7154,76.11
1785543660000,0.7154,76.11
1785543720000,0.7154,76.11
1785543780000,0.7154,76.11
1785543840000,0.7154,76.11
1785543900000,0.7154,76.11
1785543960000,0.7154,76.11
1785544020000,0.7154,76.11
1785544080000,0.7154,76.11
1785544140000,0.7154,76.11
1785544200000,0.7154,76.11
1785544260000,0.7154,76.11
1785544320000,0.7154,76.11
1785544380000,0.7154,76.11
1785544440000,0.7154,76.11
1785544500000,0.7154,76.11
1785544560000,0.7154,76.11
1785544620000,0.7154,76.11
1785544680000,0.7154,76.11
1785544740000,0.7154,76.11
1785544800000,0.7154,76.11
1785544860000,0.7154,76.11
1785544920000,0.7154,76.11
1785544980000,0.7154,76.11
1785545040000,0.7154,76.11
1785545100000,0.7154,76.11
1785545160000,0.7154,76.11
1785545220000,0.7154,76.11
1785545280000,0.7154,76.11
1785545340000,0.7154,76.11
1785545400000,0.7154,76.11
1785545460000,0.7154,76.11
1785545520000,0.7154,76.11
1785545580000,0.7154,76.11
1785545640000,0.7154,76.11
1785545700000,0.7154,76.11
1785545760000,0.7154,76.11
1785545820000,0.7154,76.11
1785545880000,0.7154,76.11
1785545940000,0.7154,76.11
1785546000000,0.7154,76.11
1785546060000,0.7154,76.11
1785546120000,0.7154,76.11
1785546180000,0.7154,76.11
1785546240000,0.7154,76.11
1785546300000,0.7154,76.11
1785546360000,0.7154,76.11
1785546420000,0.7154,76.11
1785546480000,0.7154,76.11
1785546540000,0.7154,76.11
1785546600000,0.7154,76.11
1785546660000,0.7154,76.11
1785546720000,0.7154,76.11
1785546780000,0.7154,76.11
1785546840000,0.7154,76.11
1785546900000,0.7154,76.11
1785546960000,0.7154,76.11
1785547020000,0.7154,76.11
1785547080000,0.7154,76.11
1785547140000,0.7154,76.11
1785547200000,0.7154,76.11
1785547260000,0.7154,76.11
1785547320000,0.7154,76.11
1785547380000,0.7154,76.11
1785547440000,0.7154,76.11
1785547500000,0.7154,76.11
1785547560000,0.7154,76.11
1785547620000,0.7154,76.11
1785547680000,0.7154,76.11
1785547740000,0.7154,76.11
1785547800000,0.7154,76.11
1785547860000,0.7154,76.11
1785547920000,0.7154,76.11
1785547980000,0.7154,76.11
1785548040000,0.7154,76.11
1785548100000,0.7154,76.11
1785548160000,0.7154,76.11
1785548220000,0.7154,76.11
1785548280000,0.7154,76.11
1785548340000,0.7154,76.11
1785548400000,0.7154,76.11
1785548460000,0.7154,76.11
1785548520000,0.7154,76.11
1785548580000,0.7154,76.11
1785548640000,0.7154,76.11
1785548700000,0.7154,76.11
1785548760000,0.7154,76.11
1785548820000,0.7154,76.11
1785548880000,0.7154,76.11
1785548940000,0.7154,76.11
1785549000000,0.7154,76.11
1785549060000,0.7154,76.11
1785549120000,0.7154,76.11
1785549180000,0.7154,76.11
1785549240000,0.7154,76.11
1785549300000,0.7154,76.11
1785549360000,0.7154,76.11
1785549420000,0.7154,76.11
1785549480000,0.7154,76.11
1785549540000,0.7154,76.11
1785549600000,0.7154,76.11
1785549660000,0.7154,76.11
1785549720000,0.7154,76.11
1785549780000,0.7154,76.11
1785549840000,0.7154,76.11
1785549900000,0.7154,76.11
1785549960000,0.7154,76.11
1785550020000,0.7154,76.11
1785550080000,0.7154,76.11
1785550140000,0.7154,76.11
1785550200000,0.7154,76.11
1785550260000,0.7154,76.11
1785550320000,0.7154,76.11
1785550380000,0.7154,76.11
1785550440000,0.7154,76.11
1785550500000,0.7154,76.11
1785550560000,0.7154,76.11
1785550620000,0.7154,76.11
1785550680000,0.7154,76.11
1785550740000,0.7154,76.11
1785550800000,0.7395,75.31
1785578880000,0.7395,75.31
1785578940000,0.7395,75.31
1785579000000,0.7395,75.31
1785579060000,0.7395,75.31
1785579120000,0.7395,75.31
1785579180000,0.7395,75.31
1785579240000,0.7395,75.31
1785579300000,0.7395,75.31
1785579360000,0.7395,75.31
1785579420000,0.7395,75.31
1785579480000,0.7395,75.31
1785579540000,0.7395,75.31
1785579600000,0.7395,75.31
1785579660000,0.7395,75.31
1785579720000,0.7395,75.31
1785579780000,0.7395,75.31
1785579840000,0.7395,75.31
1785579900000,0.7395,75.31
1785579960000,0.7395,75.31
1785580020000,0.7395,75.31
1785580080000,0.7395,75.31
1785580140000,0.7395,75.31
1785580200000,0.7395,75.31
1785580260000,0.7395,75.31
1785580320000,0.7395,75.31
1785580380000,0.7395,75.31
1785580440000,0.7395,75.31
1785580500000,0.7395,75.31
1785580560000,0.7395,75.31
1785580620000,0.7395,75.31
1785580680000,0.7395,75.31
1785580740000,0.7395,75.31
1785580800000,0.7395,75.31
1785580860000,0.7395,75.31
1785580920000,0.7395,75.31
1785580980000,0.7395,75.31
1785581040000,0.7395,75.31
1785581100000,0.7395,75.31
1785581160000,0.7395,75.31
1785581220000,0.7395,75.31
1785581280000,0.7395,75.31
1785581340000,0.7395,75.31
1785581400000,0.7395,75.31
1785581460000,0.7395,75.31
1785581520000,0.7395,75.31
1785581580000,0.7395,75.31
1785581640000,0.7395,75.31
1785581700000,0.7395,75.31
1785581760000,0.7395,75.31
1785581820000,0.7395,75.31
1785581880000,0.7395,75.31
1785581940000,0.7395,75.31
1785582000000,0.7395,75.31
1785582060000,0.7395,75.31
1785582120000,0.7395,75.31
1785582180000,0.7395,75.31
1785582240000,0.7395,75.31
1785582300000,0.7395,75.31
1785582360000,0.7395,75.31
1785582420000,0.7395,75.31
1785582480000,0.7395,75.31
1785582540000,0.7395,75.31
1785582600000,0.7395,75.31
1785582660000,0.7395,75.31
1785582720000,0.7395,75.31
1785582780000,0.7395,75.31
1785582840000,0.7395,75.31
1785582900000,0.7395,75.31
1785582960000,0.7395,75.31
1785583020000,0.7395,75.31
1785583080000,0.7395,75.31
1785583140000,0.7395,75.31
1785583200000,0.7395,75.31
1785583260000,0.7395,75.31
1785583320000,0.7395,75.31
1785583380000,0.7395,75.31
1785583440000,0.7395,75.31
1785583500000,0.7395,75.31
1785583560000,0.7395,75.31
1785583620000,0.7395,75.31
1785583680000,0.7395,75.31
1785583740000,0.7395,75.31
1785583800000,0.7395,75.31
1785583860000,0.7395,75.31
1785583920000,0.7395,75.31
1785583980000,0.7395,75.31
1785584040000,0.7395,75.31
1785584100000,0.7395,75.31
1785584160000,0.7395,75.31
1785584220000,0.7395,75.31
1785584280000,0.7395,75.31
1785584340000,0.7395,75.31
1785584400000,0.7395,75.31
1785584460000,0.7395,75.31
1785584520000,0.7395,75.31
1785584580000,0.7395,75.31
1785584640000,0.7395,75.31
1785584700000,0.7395,75.31
1785584760000,0.7395,75.31
1785584820000,0.7395,75.31
1785584880000,0.7395,75.31
1785584940000,0.7395,75.31
1785585000000,0.7395,75.31
1785585060000,0.7395,75.31
1785585120000,0.7395,75.31
1785585180000,0.7395,75.31
1785585240000,0.7395,75.31
1785585300000,0.7395,75.31
1785585360000,0.7395,75.31
1785585420000,0.7395,75.31
1785585480000,0.7395,75.31
1785585540000,0.7395,75.31
1785585600000,0.7395,75.31
1785585660000,0.7395,75.31
1785585720000,0.7395,75.31
1785585780000,0.7395,75.31
1785585840000,0.7395,75.31
1785585900000,0.7395,75.31
1785585960000,0.7395,75.31
1785586020000,0.7395,75.31
1785586080000,0.7395,75.31
1785586140000,0.7395,75.31
1785586200000,0.7395,75.31
1785586260000,0.7395,75.31
1785586320000,0.7395,75.31
1785586380000,0.7395,75.31
1785586440000,0.7395,75.31
1785586500000,0.7395,75.31
1785586560000,0.7395,75.31
1785586620000,0.7395,75.31
1785586680000,0.7395,75.31
1785586740000,0.7395,75.31
1785586800000,0.7395,75.31
1785586860000,0.7395,75.31
1785586920000,0.7395,75.31
1785586980000,0.7395,75.31
1785587040000,0.7395,75.31
1785587100000,0.7395,75.31
1785587160000,0.7395,75.31
1785587220000,0.7395,75.31
1785587280000,0.7395,75.31
1785587340000,0.7395,75.31
1785587400000,0.7395,75.31
1785587460000,0.7395,75.31
1785587520000,0.7395,75.31
1785587580000,0.7395,75.31
1785587640000,0.7395,75.31
1785587700000,0.7395,75.31
1785587760000,0.7395,75.31
1785587820000,0.7395,75.31
1785587880000,0.7395,75.31
1785587940000,0.7395,75.31
1785588000000,0.7395,75.31
1785588060000,0.6552,78.12
1785660000000,0.6552,78.12
1785660060000,0.6552,78.12
1785660120000,0.6552,78.12
1785660180000,0.6552,78.12
1785660240000,0.6552,78.12
1785660300000,0.6552,78.12
1785660360000,0.6552,78.12
1785660420000,0.6552,78.12
1785660480000,0.6552,78.12
1785660540000,0.6552,78.12
1785660600000,0.6552,78.12
1785660660000,0.6552,78.12
1785660720000,0.6552,78.12
1785660780000,0.6552,78.12
1785660840000,0.6552,78.12
1785660900000,0.6552,78.12
1785660960000,0.6552,78.12
1785661020000,0.6552,78.12
1785661080000,0.6552,78.12
1785661140000,0.6552,78.12
1785661200000,0.6552,78.12
1785661260000,0.6552,78.12
1785661320000,0.6552,78.12
1785661380000,0.6552,78.12
1785661440000,0.6552,78.12
1785661500000,0.6552,78.12
1785661560000,0.6552,78.12
1785661620000,0.6552,78.12
1785661680000,0.6552,78.12
1785661740000,0.6552,78.12
1785661800000,0.6552,78.12
1785661860000,0.6552,78.12
1785661920000,0.6552,78.12
1785661980000,0.6552,78.12
1785662040000,0.6552,78.12
1785662100000,0.6552,78.12
1785662160000,0.6552,78.12
1785662220000,0.6552,78.12
1785662280000,0.6552,78.12
1785662340000,0.6552,78.12
1785662400000,0.6552,78.12
1785662460000,0.6552,78.12
1785662520000,0.6552,78.12
1785662580000,0.6552,78.12
1785662640000,0.6552,78.12
1785662700000,0.6552,78.12
1785662760000,0.6552,78.12
1785662820000,0.6552,78.12
1785662880000,0.6552,78.12
1785662940000,0.6552,78.12
1785663000000,0.6552,78.12
1785663060000,0.6552,78.12
1785663120000,0.6552,78.12
1785663180000,0.6552,78.12
1785663240000,0.6552,78.12
1785663300000,0.6552,78.12
1785663360000,0.6552,78.12
1785663420000,0.6552,78.12
1785663480000,0.6552,78.12
1785663540000,0.6552,78.12
1785663600000,0.6552,78.12
1785663660000,0.6552,78.12
1785663720000,0.6552,78.12
1785663780000,0.6552,78.12
1785663840000,0.6552,78.12
1785663900000,0.6552,78.12
1785663960000,0.6552,78.12
1785664020000,0.6552,78.12
1785664080000,0.6552,78.12
1785664140000,0.6552,78.12
1785664200000,0.6552,78.12
1785664260000,0.6552,78.12
1785664320000,0.6552,78.12
1785664380000,0.6552,78.12
1785664440000,0.6552,78.12
1785664500000,0.6552,78.12
1785664560000,0.6552,78.12
1785664620000,0.6552,78.12
1785664680000,0.6552,78.12
1785664740000,0.6552,78.12
1785664800000,0.6552,78.12
1785664860000,0.6552,78.12
1785664920000,0.6552,78.12
1785664980000,0.6552,78.12
1785665040000,0.6552,78.12
1785665100000,0.6552,78.12
1785665160000,0.6552,78.12
1785665220000,0.6552,78.12
1785665280000,0.6552,78.12
1785665340000,0.6552,78.12
1785665400000,0.6552,78.12
1785665460000,0.6552,78.12
1785665520000,0.6552,78.12
1785665580000,0.6552,78.12
1785665640000,0.6552,78.12
1785665700000,0.6552,78.12
1785665760000,0.6552,78.12
1785665820000,0.6552,78.12
1785665880000,0.6552,78.12
1785665940000,0.6552,78.12
1785666000000,0.6552,78.12
1785666060000,0.6552,78.12
1785666120000,0.6552,78.12
1785666180000,0.6552,78.12
1785666240000,0.6552,78.12
1785666300000,0.6552,78.12
1785666360000,0.6552,78.12
1785666420000,0.6552,78.12
1785666480000,0.6552,78.12
1785666540000,0.6552,78.12
1785666600000,0.6552,78.12
1785666660000,0.6552,78.12
1785666720000,0.6552,78.12
1785666780000,0.6552,78.12
1785666840000,0.6552,78.12
1785666900000,0.6552,78.12
1785666960000,0.6552,78.12
1785667020000,0.6552,78.12
1785667080000,0.6552,78.12
1785667140000,0.6552,78.12
1785667200000,0.6552,78.12
1785667260000,0.6552,78.12
1785667320000,0.6552,78.12
1785667380000,0.6552,78.12
1785667440000,0.6552,78.12
1785667500000,0.6552,78.12
1785667560000,0.6552,78.12
1785667620000,0.6552,78.12
1785667680000,0.6552,78.12
1785667740000,0.6552,78.12
1785667800000,0.6552,78.12
1785667860000,0.6552,78.12
1785667920000,0.6552,78.12
1785667980000,0.6552,78.12
1785668040000,0.6552,78.12
1785668100000,0.6552,78.12
1785668160000,0.6552,78.12
1785668220000,0.6552,78.12
1785668280000,0.6552,78.12
1785668340000,0.6552,78.12
1785668400000,0.6552,78.12
1785668460000,0.6552,78.12
1785668520000,0.6552,78.12
1785668580000,0.6552,78.12
1785668640000,0.6552,78.12
1785668700000,0.6552,78.12
1785668760000,0.6552,78.12
1785668820000,0.6552,78.12
1785668880000,0.6552,78.12
1785668940000,0.6552,78.12
1785669000000,0.6552,78.12
1785669060000,0.6552,78.12
1785669120000,0.6552,78.12
1785669180000,0.6552,78.12
1785669240000,0.6552,78.12
1785669300000,0.6552,78.12
1785669360000,0.6552,78.12
1785669420000,0.6552,78.12
1785669480000,0.6552,78.12
1785669540000,0.6552,78.12
1785669600000,0.6552,78.12
1785669660000,0.6552,78.12
1785669720000,0.6552,78.12
1785669780000,0.6552,78.12
1785669840000,0.6552,78.12
1785669900000,0.6552,78.12
1785669960000,0.6552,78.12
1785670020000,0.6552,78.12
1785670080000,0.6552,78.12
1785670140000,0.6552,78.12
1785670200000,0.6552,78.12
1785670260000,0.6552,78.12
1785670320000,0.6552,78.12
1785670380000,0.6552,78.12
1785670440000,0.6552,78.12
1785670500000,0.6552,78.12
1785670560000,0.6552,78.12
1785670620000,0.6552,78.12
1785670680000,0.6552,78.12
1785670740000,0.6552,78.12
1785670800000,0.6552,78.12
1785670860000,0.6552,78.12
1785670920000,0.6552,78.12
1785670980000,0.6552,78.12
1785671040000,0.6552,78.12
1785671100000,0.6552,78.12
1785671160000,0.6552,78.12
1785671220000,0.6552,78.12
1785671280000,0.6552,78.12
1785671340000,0.6552,78.12
1785671400000,0.6552,78.12
1785671460000,0.6552,78.12
1785671520000,0.6552,78.12
1785671580000,0.6552,78.12
1785671640000,0.6552,78.12
1785671700000,0.6552,78.12
1785671760000,0.6552,78.12
1785671820000,0.6552,78.12
1785671880000,0.6552,78.12
1785671940000,0.6552,78.12
1785672000000,0.6552,78.12
1785672060000,0.6552,78.12
1785672120000,0.6552,78.12
1785672180000,0.6552,78.12
1785672240000,0.6552,78.12
1785672300000,0.6552,78.12
1785672360000,0.6552,78.12
1785672420000,0.6552,78.12
1785672480000,0.6552,78.12
1785672540000,0.6552,78.12
1785672600000,0.6552,78.12
1785672660000,0.6552,78.12
1785672720000,0.6552,78.12
1785672780000,0.6552,78.12
1785672840000,0.6552,78.12
1785672900000,0.6552,78.12
1785672960000,0.6552,78.12
1785673020000,0.6552,78.12
1785673080000,0.6552,78.12
1785673140000,0.6552,78.12
1785673200000,0.6552,78.12
1785673260000,0.6552,78.12
1785673320000,0.6552,78.12
1785673380000,0.6552,78.12
1785673440000,0.6552,78.12
1785673500000,0.6552,78.12
1785673560000,0.6552,78.12
1785673620000,0.6552,78.12
1785673680000,0.6552,78.12
1785673740000,0.6552,78.12
1785673800000,0.6552,78.12
1785673860000,0.6552,78.12
1785673920000,0.6552,78.12
1785673980000,0.6552,78.12
1785674040000,0.6552,78.12
1785674100000,0.6552,78.12
1785674160000,0.6552,78.12
1785674220000,0.6552,78.12
1785674280000,0.6552,78.12
1785674340000,0.6552,78.12
1785674400000,0.6552,78.12
1785674460000,0.6552,78.12
1785674520000,0.6552,78.12
1785674580000,0.6552,78.12
1785674640000,0.6552,78.12
1785674700000,0.6552,78.12
1785674760000,0.6552,78.12
1785674820000,0.6552,78.12
1785674880000,0.6552,78.12
1785674940000,0.6552,78.12
1785675000000,0.6552,78.12
1785675060000,0.6552,78.12
1785675120000,0.6552,78.12
1785675180000,0.6552,78.12
1785675240000,0.6552,78.12
1785675300000,0.6552,78.12
1785675360000,0.6552,78.12
1785675420000,0.6552,78.12
1785675480000,0.6552,78.12
1785675540000,0.6552,78.12
1785675600000,0.6552,78.12
1785675660000,0.6552,78.12
1785675720000,0.6552,78.12
1785675780000,0.6552,78.12
1785675840000,0.6552,78.12
1785675900000,0.6552,78.12
1785675960000,0.6552,78.12
1785676020000,0.6552,78.12
1785676080000,0.6552,78.12
1785676140000,0.6552,78.12
1785676200000,0.6552,78.12
1785676260000,0.6552,78.12
1785676320000,0.6552,78.12
1785676380000,0.6552,78.12
1785676440000,0.6552,78.12
1785676500000,0.6552,78.12
1785676560000,0.6552,78.12
1785676620000,0.6552,78.12
1785676680000,0.6552,78.12
1785676740000,0.6552,78.12
1785676800000,0.6552,78.12
1785676860000,0.6552,78.12
1785676920000,0.6552,78.12
1785676980000,0.6552,78.12
1785677040000,0.6552,78.12
1785677100000,0.6552,78.12
1785677160000,0.6552,78.12
1785677220000,0.6552,78.12
1785677280000,0.6552,78.12
1785677340000,0.6552,78.12
1785677400000,0.6552,78.12
1785677460000,0.6552,78.12
1785677520000,0.6552,78.12
1785677580000,0.6552,78.12
1785677640000,0.6552,78.12
1785677700000,0.6552,78.12
1785677760000,0.6552,78.12
1785677820000,0.6552,78.12
1785677880000,0.6552,78.12
1785677940000,0.6552,78.12
1785678000000,0.6552,78.12
1785678060000,0.6552,78.12
1785678120000,0.6552,78.12
1785678180000,0.6552,78.12
1785678240000,0.6552,78.12
1785678300000,0.6552,78.12
1785678360000,0.6552,78.12
1785678420000,0.6552,78.12
1785678480000,0.6552,78.12
1785678540000,0.6552,78.12
1785678600000,0.6552,78.12
1785678660000,0.6552,78.12
1785678720000,0.6552,78.12
1785678780000,0.6552,78.12
1785678840000,0.6552,78.12
1785678900000,0.6552,78.12
1785678960000,0.6552,78.12
1785679020000,0.6552,78.12
1785679080000,0.6552,78.12
1785679140000,0.6552,78.12
1785679200000,0.6552,78.12
1785679260000,0.6552,78.12
1785679320000,0.6552,78.12
1785679380000,0.6552,78.12
1785679440000,0.6552,78.12
1785679500000,0.6552,78.12
1785679560000,0.6552,78.12
1785679620000,0.6552,78.12
1785679680000,0.6552,78.12
1785679740000,0.6552,78.12
1785679800000,0.6552,78.12
1785679860000,0.6552,78.12
1785679920000,0.6552,78.12
1785679980000,0.6552,78.12
1785680040000,0.6552,78.12
1785680100000,0.6552,78.12
1785680160000,0.6552,78.12
1785680220000,0.6552,78.12
1785680280000,0.6552,78.12
1785680340000,0.6552,78.12
1785680400000,0.6552,78.12
1785680460000,0.6552,78.12
1785680520000,0.6552,78.12
1785680580000,0.6552,78.12
1785680640000,0.6552,78.12
1785680700000,0.6552,78.12
1785680760000,0.6552,78.12
1785680820000,0.6552,78.12
1785680880000,0.6552,78.12
1785680940000,0.6552,78.12
1785681000000,0.6552,78.12
1785681060000,0.6552,78.12
1785681120000,0.6552,78.12
1785681180000,0.6552,78.12
1785681240000,0.6552,78.12
1785681300000,0.6552,78.12
1785681360000,0.6552,78.12
1785681420000,0.6552,78.12
1785681480000,0.6552,78.12
1785681540000,0.6552,78.12
1785681600000,0.6552,78.12
1785681660000,0.6552,78.12
1785681720000,0.6552,78.12
1785681780000,0.6552,78.12
1785681840000,0.6552,78.12
1785681900000,0.6552,78.12
1785681960000,0.6552,78.12
1785682020000,0.6552,78.12
1785682080000,0.6552,78.12
1785682140000,0.6552,78.12
1785682200000,0.6552,78.12
1785682260000,0.6552,78.12
1785682320000,0.6552,78.12
1785682380000,0.6552,78.12
1785682440000,0.6552,78.12
1785682500000,0.6552,78.12
1785682560000,0.6552,78.12
1785682620000,0.6552,78.12
1785682680000,0.6552,78.12
1785682740000,0.6552,78.12
1785682800000,0.6552,78.12
1785682860000,0.6552,78.12
1785682920000,0.6552,78.12
1785682980000,0.6552,78.12
1785683040000,0.6552,78.12
1785683100000,0.6552,78.12
1785683160000,0.6552,78.12
1785683220000,0.6552,78.12
1785683280000,0.6552,78.12
1785683340000,0.6552,78.12
1785683400000,0.6552,78.12
1785683460000,0.6552,78.12
1785683520000,0.6552,78.12
1785683580000,0.6552,78.12
1785683640000,0.6552,78.12
1785683700000,0.6552,78.12
1785683760000,0.6552,78.12
1785683820000,0.6552,78.12
1785683880000,0.6552,78.12
1785683940000,0.6552,78.12
1785684000000,0.6552,78.12
1785684060000,0.6552,78.12
1785684120000,0.6552,78.12
1785684180000,0.6552,78.12
1785684240000,0.6552,78.12
1785684300000,0.6552,78.12
1785684360000,0.6552,78.12
1785684420000,0.6552,78.12
1785684480000,0.6552,78.12
1785684540000,0.6552,78.12
1785684600000,0.6552,78.12
1785684660000,0.6552,78.12
1785684720000,0.6552,78.12
1785684780000,0.6552,78.12
1785684840000,0.6552,78.12
1785684900000,0.6552,78.12
1785684960000,0.6552,78.12
1785685020000,0.6552,78.12
1785685080000,0.6552,78.12
1785685140000,0.6552,78.12
1785685200000,0.6552,78.12
1785685260000,0.6552,78.12
1785685320000,0.6552,78.12
1785685380000,0.6552,78.12
1785685440000,0.6552,78.12
1785685500000,0.6552,78.12
1785685560000,0.6552,78.12
1785685620000,0.6552,78.12
1785685680000,0.6552,78.12
1785685740000,0.6552,78.12
1785685800000,0.6552,78.12
1785685860000,0.6552,78.12
1785685920000,0.6552,78.12
1785685980000,0.6552,78.12
1785686040000,0.6552,78.12
1785686100000,0.6552,78.12
1785686160000,0.6552,78.12
1785686220000,0.6552,78.12
1785686280000,0.6552,78.12
1785686340000,0.6552,78.12
1785686400000,0.6552,78.12
1785686460000,0.6552,78.12
1785686520000,0.6552,78.12
1785686580000,0.6552,78.12
1785686640000,0.6552,78.12
1785686700000,0.6552,78.12
1785686760000,0.6552,78.12
1785686820000,0.6552,78.12
1785686880000,0.6552,78.12
1785686940000,0.6552,78.12
1785687000000,0.6552,78.12
1785687060000,0.6552,78.12
1785687120000,0.6552,78.12
1785687180000,0.6552,78.12
1785687240000,0.6552,78.12
1785687300000,0.6552,78.12
1785687360000,0.6552,78.12
1785687420000,0.6552,78.12
1785687480000,0.6552,78.12
1785687540000,0.6552,78.12
1785687600000,0.6552,78.12
1785687660000,0.6552,78.12
1785687720000,0.6552,78.12
1785687780000,0.6552,78.12
1785687840000,0.6552,78.12
1785687900000,0.6552,78.12
1785687960000,0.6552,78.12
1785688020000,0.6552,78.12
1785688080000,0.6552,78.12
1785688140000,0.6552,78.12
1785688200000,0.6552,78.12
1785688260000,0.6552,78.12
1785688320000,0.6552,78.12
1785688380000,0.6552,78.12
1785688440000,0.6552,78.12
1785688500000,0.6552,78.12
1785688560000,0.6552,78.12
1785688620000,0.6552,78.12
1785688680000,0.6552,78.12
1785688740000,0.6552,78.12
1785688800000,0.6552,78.12
1785688860000,0.6552,78.12
1785688920000,0.6552,78.12
1785688980000,0.6552,78.12
1785689040000,0.6552,78.12
1785689100000,0.6552,78.12
1785689160000,0.6552,78.12
1785689220000,0.6552,78.12
1785689280000,0.6552,78.12
1785689340000,0.6552,78.12
1785689400000,0.6552,78.12
1785689460000,0.6552,78.12
1785689520000,0.6552,78.12
1785689580000,0.6552,78.12
1785689640000,0.6552,78.12
1785689700000,0.6552,78.12
1785689760000,0.6552,78.12
1785689820000,0.6552,78.12
1785689880000,0.6552,78.12
1785689940000,0.6552,78.12
1785690000000,0.6552,78.12
1785690060000,0.6552,78.12
1785690120000,0.6552,78.12
1785690180000,0.6552,78.12
1785690240000,0.6552,78.12
1785690300000,0.6552,78.12
1785690360000,0.6552,78.12
1785690420000,0.6552,78.12
1785690480000,0.6552,78.12
1785690540000,0.6552,78.12
1785690600000,0.6552,78.12
1785690660000,0.6552,78.12
1785690720000,0.6552,78.12
1785690780000,0.6552,78.12
1785690840000,0.6904,76.95
1785695880000,0.6904,76.95
1785695940000,0.6904,76.95
1785696000000,0.6904,76.95
1785696060000,0.6904,76.95
1785696120000,0.6904,76.95
1785696180000,0.6904,76.95
1785696240000,0.6904,76.95
1785696300000,0.6904,76.95
1785696360000,0.6904,76.95
1785696420000,0.6904,76.95
1785696480000,0.6904,76.95
1785696540000,0.6904,76.95
1785696600000,0.7199,75.96
1785700200000,0.7199,75.96
1785700260000,0.7199,75.96
1785700320000,0.7199,75.96
1785700380000,0.7199,75.96
1785700440000,0.7199,75.96
1785700500000,0.7199,75.96
1785700560000,0.7199,75.96
1785700620000,0.7199,75.96
1785700680000,0.7199,75.96
1785700740000,0.7199,75.96
1785700800000,0.7199,75.96
1785700860000,0.7199,75.96
1785700920000,0.7199,75.96
1785700980000,0.7199,75.96
1785701040000,0.7199,75.96
1785701100000,0.7199,75.96
1785701160000,0.7199,75.96
1785701220000,0.7199,75.96
1785701280000,0.7199,75.96
1785701340000,0.7199,75.96
1785701400000,0.7199,75.96
1785701460000,0.7199,75.96
1785701520000,0.7199,75.96
1785701580000,0.7199,75.96
1785701640000,0.7199,75.96
1785701700000,0.7199,75.96
1785701760000,0.7199,75.96
1785701820000,0.7199,75.96
1785701880000,0.7199,75.96
1785701940000,0.7199,75.96
1785702000000,0.7199,75.96
1785702060000,0.7199,75.96
1785702120000,0.7199,75.96
1785702180000,0.7199,75.96
1785702240000,0.7199,75.96
1785702300000,0.7199,75.96
1785702360000,0.7199,75.96
1785702420000,0.7199,75.96
1785702480000,0.7199,75.96
1785702540000,0.7199,75.96
1785702600000,0.7199,75.96
1785702660000,0.7199,75.96
1785702720000,0.7199,75.96
1785702780000,0.7199,75.96
1785702840000,0.7199,75.96
1785702900000,0.7199,75.96
1785702960000,0.7199,75.96
1785703020000,0.7199,75.96
1785703080000,0.7199,75.96
1785703140000,0.7199,75.96
1785703200000,0.7199,75.96
1785703260000,0.7199,75.96
1785703320000,0.7199,75.96
1785703380000,0.7199,75.96
1785703440000,0.7199,75.96
1785703500000,0.7199,75.96
1785703560000,0.7199,75.96
1785703620000,0.7199,75.96
1785703680000,0.7199,75.96
1785703740000,0.7199,75.96
1785703800000,0.7199,75.96
1785703860000,0.7199,75.96
1785703920000,0.7199,75.96
1785703980000,0.7199,75.96
1785704040000,0.7199,75.96
1785704100000,0.7199,75.96
1785704160000,0.7199,75.96
1785704220000,0.7199,75.96
1785704280000,0.7199,75.96
1785704340000,0.7199,75.96
1785704400000,0.7199,75.96
1785704460000,0.7199,75.96
1785704520000,0.7199,75.96
1785704580000,0.7199,75.96
1785704640000,0.7199,75.96
1785704700000,0.7199,75.96
1785704760000,0.7199,75.96
1785704820000,0.7199,75.96
1785704880000,0.7199,75.96
1785704940000,0.7199,75.96
1785705000000,0.7199,75.96
1785705060000,0.7199,75.96
1785705120000,0.7199,75.96
1785705180000,0.7199,75.96
1785705240000,0.7199,75.96
1785705300000,0.7199,75.96
1785705360000,0.7199,75.96
1785705420000,0.7199,75.96
1785705480000,0.7199,75.96
1785705540000,0.7199,75.96
1785705600000,0.7199,75.96
1785705660000,0.7199,75.96
1785705720000,0.7199,75.96
1785705780000,0.7199,75.96
1785705840000,0.7199,75.96
1785705900000,0.7199,75.96
1785705960000,0.7199,75.96
1785706020000,0.7199,75.96
1785706080000,0.7199,75.96
1785706140000,0.7199,75.96
1785706200000,0.7199,75.96
1785706260000,0.7199,75.96
1785706320000,0.7199,75.96
1785706380000,0.7199,75.96
1785706440000,0.7199,75.96
1785706500000,0.7199,75.96
1785706560000,0.7199,75.96
1785706620000,0.7199,75.96
1785706680000,0.7199,75.96
1785706740000,0.7199,75.96
1785706800000,0.7199,75.96
1785706860000,0.7199,75.96
1785706920000,0.7199,75.96
1785706980000,0.7199,75.96
1785707040000,0.7199,75.96
1785707100000,0.7199,75.96
1785707160000,0.7199,75.96
1785707220000,0.7199,75.96
1785707280000,0.7199,75.96
1785707340000,0.7199,75.96
1785707400000,0.7199,75.96
1785707460000,0.7199,75.96
1785707520000,0.7199,75.96
1785707580000,0.7199,75.96
1785707640000,0.7199,75.96
1785707700000,0.7199,75.96
1785707760000,0.7199,75.96
1785707820000,0.7199,75.96
1785707880000,0.7199,75.96
1785707940000,0.7199,75.96
1785708000000,0.7199,75.96
1785708060000,0.7199,75.96
1785708120000,0.7199,75.96
1785708180000,0.7199,75.96
1785708240000,0.7199,75.96
1785708300000,0.7199,75.96
1785708360000,0.7199,75.96
1785708420000,0.7199,75.96
1785708480000,0.7199,75.96
1785708540000,0.7199,75.96
1785708600000,0.7199,75.96
1785708660000,0.7199,75.96
1785708720000,0.7199,75.96
1785708780000,0.7199,75.96
1785708840000,0.7199,75.96
1785708900000,0.7199,75.96
1785708960000,0.7199,75.96
1785709020000,0.7199,75.96
1785709080000,0.7199,75.96
1785709140000,0.7199,75.96
1785709200000,0.7199,75.96
1785709260000,0.7199,75.96
1785709320000,0.7199,75.96
1785709380000,0.7199,75.96
1785709440000,0.7199,75.96
1785709500000,0.7199,75.96
1785709560000,0.7199,75.96
1785709620000,0.7199,75.96
1785709680000,0.7199,75.96
1785709740000,0.7199,75.96
1785709800000,0.7199,75.96
1785709860000,0.7199,75.96
1785709920000,0.7199,75.96
1785709980000,0.7199,75.96
1785710040000,0.7199,75.96
1785710100000,0.7199,75.96
1785710160000,0.7199,75.96
1785710220000,0.7477,75.03
1785745140000,0.7477,75.03
1785745200000,0.7477,75.03
1785745260000,0.7477,75.03
1785745320000,0.7477,75.03
1785745380000,0.7477,75.03
1785745440000,0.7477,75.03
1785745500000,0.7477,75.03
1785745560000,0.7477,75.03
1785745620000,0.7477,75.03
1785745680000,0.7477,75.03
1785745740000,0.7477,75.03
1785745800000,0.7477,75.03
1785745860000,0.7477,75.03
1785745920000,0.7477,75.03
1785745980000,0.7477,75.03
1785746040000,0.7477,75.03
1785746100000,0.7477,75.03
1785746160000,0.7477,75.03
1785746220000,0.7477,75.03
1785746280000,0.7477,75.03
1785746340000,0.7477,75.03
1785746400000,0.7477,75.03
1785746460000,0.7477,75.03
1785746520000,0.7477,75.03
1785746580000,0.7477,75.03
1785746640000,0.7477,75.03
1785746700000,0.7477,75.03
1785746760000,0.7477,75.03
1785746820000,0.7477,75.03
1785746880000,0.7477,75.03
1785746940000,0.7477,75.03
1785747000000,0.7477,75.03
1785747060000,0.7715,74.24
1785753240000,0.7715,74.24
1785753300000,0.7715,74.24
1785753360000,0.7715,74.24
1785753420000,0.7715,74.24
1785753480000,0.7715,74.24
1785753540000,0.7715,74.24
1785753600000,0.7715,74.24
1785753660000,0.7715,74.24
1785753720000,0.7715,74.24
1785753780000,0.7715,74.24
1785753840000,0.7715,74.24
1785753900000,0.7715,74.24
1785753960000,0.7715,74.24
1785754020000,0.7715,74.24
1785754080000,0.7715,74.24
1785754140000,0.7715,74.24
1785754200000,0.7715,74.24
1785754260000,0.7715,74.24
1785754320000,0.7715,74.24
1785754380000,0.7715,74.24
1785754440000,0.7715,74.24
1785754500000,0.7715,74.24
1785754560000,0.7715,74.24
1785754620000,0.7715,74.24
1785754680000,0.7715,74.24
1785754740000,0.7715,74.24
1785754800000,0.7715,74.24
1785754860000,0.7715,74.24
1785754920000,0.7715,74.24
1785754980000,0.7715,74.24
1785755040000,0.7715,74.24
1785755100000,0.7715,74.24
1785755160000,0.7715,74.24
1785755220000,0.7715,74.24
1785755280000,0.7715,74.24
1785755340000,0.7715,74.24
1785755400000,0.7715,74.24
1785755460000,0.7715,74.24
1785755520000,0.7715,74.24
1785755580000,0.7715,74.24
1785755640000,0.7715,74.24
1785755700000,0.7715,74.24
1785755760000,0.7715,74.24
1785755820000,0.7715,74.24
1785755880000,0.7715,74.24
1785755940000,0.7715,74.24
1785756000000,0.7715,74.24
1785756060000,0.7715,74.24
1785756120000,0.7715,74.24
1785756180000,0.7715,74.24
1785756240000,0.7715,74.24
1785756300000,0.7715,74.24
1785756360000,0.7715,74.24
1785756420000,0.7715,74.24
1785756480000,0.7715,74.24
1785756540000,0.7715,74.24
1785756600000,0.7715,74.24
1785756660000,0.7715,74.24
1785756720000,0.7715,74.24
1785756780000,0.7715,74.24
1785756840000,0.7715,74.24
1785756900000,0.7715,74.24
1785756960000,0.7715,74.24
1785757020000,0.7715,74.24
1785757080000,0.7715,74.24
1785757140000,0.7715,74.24
1785757200000,0.7715,74.24
1785757260000,0.7715,74.24
1785757320000,0.7715,74.24
1785757380000,0.7715,74.24
1785757440000,0.7715,74.24
1785757500000,0.7715,74.24
1785757560000,0.7715,74.24
1785757620000,0.7715,74.24
1785757680000,0.7715,74.24
1785757740000,0.7715,74.24
1785757800000,0.7715,74.24
1785757860000,0.7715,74.24
1785757920000,0.7715,74.24
1785757980000,0.7715,74.24
1785758040000,0.7715,74.24
1785758100000,0.7715,74.24
1785758160000,0.7715,74.24
1785758220000,0.7715,74.24
1785758280000,0.7715,74.24
1785758340000,0.7715,74.24
1785758400000,0.7715,74.24
1785758460000,0.7715,74.24
1785758520000,0.7715,74.24
1785758580000,0.7715,74.24
1785758640000,0.7715,74.24
1785758700000,0.7715,74.24
1785758760000,0.7715,74.24
1785758820000,0.7715,74.24
1785758880000,0.7715,74.24
1785758940000,0.7715,74.24
1785759000000,0.7715,74.24
1785759060000,0.7715,74.24
1785759120000,0.7715,74.24
1785759180000,0.7715,74.24
1785759240000,0.7715,74.24
1785759300000,0.7715,74.24
1785759360000,0.7715,74.24
1785759420000,0.7715,74.24
1785759480000,0.7715,74.24
1785759540000,0.7715,74.24
1785759600000,0.7715,74.24
1785759660000,0.7715,74.24
1785759720000,0.7715,74.24
1785759780000,0.7715,74.24
1785759840000,0.7715,74.24
1785759900000,0.7715,74.24
1785759960000,0.7715,74.24
1785760020000,0.7715,74.24
1785760080000,0.7715,74.24
1785760140000,0.7715,74.24
1785760200000,0.7715,74.24
1785760260000,0.7715,74.24
1785760320000,0.7715,74.24
1785760380000,0.7715,74.24
1785760440000,0.7715,74.24
1785760500000,0.7715,74.24
1785760560000,0.7715,74.24
1785760620000,0.7715,74.24
1785760680000,0.7715,74.24
1785760740000,0.7715,74.24
1785760800000,0.7715,74.24
1785760860000,0.7715,74.24
1785760920000,0.7715,74.24
1785760980000,0.7715,74.24
1785761040000,0.7715,74.24
1785761100000,0.7715,74.24
1785761160000,0.7715,74.24
1785761220000,0.7715,74.24
1785761280000,0.7715,74.24
1785761340000,0.7715,74.24
1785761400000,0.7715,74.24
1785761460000,0.7715,74.24
1785761520000,0.7715,74.24
1785761580000,0.7715,74.24
1785761640000,0.7715,74.24
1785761700000,0.7715,74.24
1785761760000,0.7715,74.24
1785761820000,0.7715,74.24
1785761880000,0.7715,74.24
1785761940000,0.7715,74.24
1785762000000,0.7715,74.24
1785762060000,0.7715,74.24
1785762120000,0.7715,74.24
1785762180000,0.7715,74.24
1785762240000,0.7715,74.24
1785762300000,0.7715,74.24
1785762360000,0.7715,74.24
1785762420000,0.7715,74.24
1785762480000,0.7715,74.24
1785762540000,0.7715,74.24
1785762600000,0.7715,74.24
1785762660000,0.7715,74.24
1785762720000,0.7715,74.24
1785762780000,0.7715,74.24
1785762840000,0.7715,74.24
1785762900000,0.7715,74.24
1785762960000,0.7948,73.46
1785763680000,0.7948,73.46
1785763740000,0.7948,73.46
1785763800000,0.7948,73.46
1785763860000,0.7948,73.46
1785763920000,0.7948,73.46
1785763980000,0.7948,73.46
1785764040000,0.7948,73.46
1785764100000,0.7948,73.46
1785764160000,0.7948,73.46
1785764220000,0.7948,73.46
1785764280000,0.7948,73.46
1785764340000,0.7948,73.46
1785764400000,0.7948,73.46
1785764460000,0.7948,73.46
1785764520000,0.7948,73.46
1785764580000,0.7948,73.46
1785764640000,0.7948,73.46
1785764700000,0.7948,73.46
1785764760000,0.7948,73.46
1785764820000,0.7948,73.46
1785764880000,0.7948,73.46
1785764940000,0.7948,73.46
1785765000000,0.7948,73.46
1785765060000,0.7948,73.46
1785765120000,0.6959,76.76
1785831540000,0.6959,76.76
1785831600000,0.6959,76.76
1785831660000,0.6959,76.76
1785831720000,0.6959,76.76
1785831780000,0.6959,76.76
1785831840000,0.6959,76.76
1785831900000,0.6959,76.76
1785831960000,0.6959,76.76
1785832020000,0.6959,76.76
1785832080000,0.6959,76.76
1785832140000,0.6959,76.76
1785832200000,0.6959,76.76
1785832260000,0.6959,76.76
1785832320000,0.6959,76.76
1785832380000,0.6959,76.76
1785832440000,0.6959,76.76
1785832500000,0.6959,76.76
1785832560000,0.6959,76.76
1785832620000,0.6959,76.76
1785832680000,0.6959,76.76
1785832740000,0.6959,76.76
1785832800000,0.6959,76.76
1785832860000,0.6959,76.76
1785832920000,0.6959,76.76
1785832980000,0.6959,76.76
1785833040000,0.6959,76.76
1785833100000,0.6959,76.76
1785833160000,0.6959,76.76
1785833220000,0.6959,76.76
1785833280000,0.6959,76.76
1785833340000,0.6959,76.76
1785833400000,0.6959,76.76
1785833460000,0.6959,76.76
1785833520000,0.6959,76.76
1785833580000,0.6959,76.76
1785833640000,0.6959,76.76
1785833700000,0.6959,76.76
1785833760000,0.6959,76.76
1785833820000,0.6959,76.76
1785833880000,0.6959,76.76
1785833940000,0.6959,76.76
1785834000000,0.6959,76.76
1785834060000,0.6959,76.76
1785834120000,0.6959,76.76
1785834180000,0.6959,76.76
1785834240000,0.6959,76.76
1785834300000,0.6959,76.76
1785834360000,0.6959,76.76
1785834420000,0.6959,76.76
1785834480000,0.6959,76.76
1785834540000,0.6959,76.76
1785834600000,0.6959,76.76
1785834660000,0.6959,76.76
1785834720000,0.6959,76.76
1785834780000,0.6959,76.76
1785834840000,0.6959,76.76
1785834900000,0.6959,76.76
1785834960000,0.6959,76.76
1785835020000,0.6959,76.76
1785835080000,0.6959,76.76
1785835140000,0.6959,76.76
1785835200000,0.6959,76.76
1785835260000,0.6959,76.76
1785835320000,0.6959,76.76
1785835380000,0.6959,76.76
1785835440000,0.6959,76.76
1785835500000,0.6959,76.76
1785835560000,0.6959,76.76
1785835620000,0.6959,76.76
1785835680000,0.6959,76.76
1785835740000,0.6959,76.76
1785835800000,0.6959,76.76
1785835860000,0.6959,76.76
1785835920000,0.6959,76.76
1785835980000,0.6959,76.76
1785836040000,0.6959,76.76
1785836100000,0.6959,76.76
1785836160000,0.6959,76.76
1785836220000,0.6959,76.76
1785836280000,0.6959,76.76
1785836340000,0.6959,76.76
1785836400000,0.6959,76.76
1785836460000,0.6959,76.76
1785836520000,0.6959,76.76
1785836580000,0.6959,76.76
1785836640000,0.6959,76.76
1785836700000,0.6959,76.76
1785836760000,0.6959,76.76
1785836820000,0.6959,76.76
1785836880000,0.6959,76.76
1785836940000,0.6959,76.76
1785837000000,0.6959,76.76
1785837060000,0.6959,76.76
1785837120000,0.6959,76.76
1785837180000,0.6959,76.76
1785837240000,0.6959,76.76
1785837300000,0.6959,76.76
1785837360000,0.6959,76.76
1785837420000,0.6959,76.76
1785837480000,0.6959,76.76
1785837540000,0.6959,76.76
1785837600000,0.6959,76.76
1785837660000,0.6959,76.76
1785837720000,0.6959,76.76
1785837780000,0.6959,76.76
1785837840000,0.6959,76.76
1785837900000,0.6959,76.76
1785837960000,0.6959,76.76
1785838020000,0.6959,76.76
1785838080000,0.6959,76.76
1785838140000,0.6959,76.76
1785838200000,0.6959,76.76
1785838260000,0.6959,76.76
1785838320000,0.6959,76.76
1785838380000,0.6959,76.76
1785838440000,0.6959,76.76
1785838500000,0.6959,76.76
1785838560000,0.6959,76.76
1785838620000,0.6959,76.76
1785838680000,0.6959,76.76
1785838740000,0.6959,76.76
1785838800000,0.6959,76.76
1785838860000,0.7169,76.06
1785840960000,0.7169,76.06
1785841020000,0.7169,76.06
1785841080000,0.7169,76.06
1785841140000,0.7169,76.06
1785841200000,0.7169,76.06
1785841260000,0.7169,76.06
1785841320000,0.7169,76.06
1785841380000,0.7169,76.06
1785841440000,0.7169,76.06
1785841500000,0.7169,76.06
1785841560000,0.7169,76.06
1785841620000,0.7169,76.06
1785841680000,0.7169,76.06
1785841740000,0.7169,76.06
1785841800000,0.7169,76.06
1785841860000,0.7169,76.06
1785841920000,0.7169,76.06
1785841980000,0.7169,76.06
1785842040000,0.7169,76.06
1785842100000,0.7169,76.06
1785842160000,0.7169,76.06
1785842220000,0.7169,76.06
1785842280000,0.7169,76.06
1785842340000,0.7169,76.06
1785842400000,0.7169,76.06
1785842460000,0.7169,76.06
1785842520000,0.7169,76.06
1785842580000,0.7169,76.06
1785842640000,0.7169,76.06
1785842700000,0.7169,76.06
1785842760000,0.7169,76.06
1785842820000,0.7169,76.06
1785842880000,0.7169,76.06
1785842940000,0.7169,76.06
1785843000000,0.7169,76.06
1785843060000,0.7169,76.06
1785843120000,0.7169,76.06
1785843180000,0.7169,76.06
1785843240000,0.7169,76.06
1785843300000,0.7169,76.06
1785843360000,0.7169,76.06
1785843420000,0.7169,76.06
1785843480000,0.7169,76.06
1785843540000,0.7169,76.06
1785843600000,0.7169,76.06
1785843660000,0.7169,76.06
1785843720000,0.7169,76.06
1785843780000,0.7169,76.06
1785843840000,0.7169,76.06
1785843900000,0.7169,76.06
1785843960000,0.7169,76.06
1785844020000,0.7169,76.06
1785844080000,0.7169,76.06
1785844140000,0.7169,76.06
1785844200000,0.7169,76.06
1785844260000,0.7169,76.06
1785844320000,0.7169,76.06
1785844380000,0.7169,76.06
1785844440000,0.7169,76.06
1785844500000,0.7169,76.06
1785844560000,0.7169,76.06
1785844620000,0.7169,76.06
1785844680000,0.7169,76.06
1785844740000,0.7169,76.06
1785844800000,0.7169,76.06
1785844860000,0.7169,76.06
1785844920000,0.7169,76.06
1785844980000,0.7169,76.06
1785845040000,0.7169,76.06
1785845100000,0.7169,76.06
1785845160000,0.7169,76.06
1785845220000,0.7169,76.06
1785845280000,0.7169,76.06
1785845340000,0.7169,76.06
1785845400000,0.7169,76.06
1785845460000,0.7169,76.06
1785845520000,0.7169,76.06
1785845580000,0.7169,76.06
1785845640000,0.7169,76.06
1785845700000,0.7169,76.06
1785845760000,0.7169,76.06
1785845820000,0.7169,76.06
1785845880000,0.7169,76.06
1785845940000,0.7169,76.06
1785846000000,0.7169,76.06
1785846060000,0.7169,76.06
1785846120000,0.7169,76.06
1785846180000,0.7169,76.06
1785846240000,0.7169,76.06
1785846300000,0.7169,76.06
1785846360000,0.7169,76.06
1785846420000,0.7169,76.06
1785846480000,0.7169,76.06
1785846540000,0.7169,76.06
1785846600000,0.7169,76.06
1785846660000,0.7169,76.06
1785846720000,0.7169,76.06
1785846780000,0.7169,76.06
1785846840000,0.7169,76.06
1785846900000,0.7169,76.06
1785846960000,0.7169,76.06
1785847020000,0.7169,76.06
1785847080000,0.7169,76.06
1785847140000,0.7169,76.06
1785847200000,0.7169,76.06
1785847260000,0.7169,76.06
1785847320000,0.7169,76.06
1785847380000,0.7169,76.06
1785847440000,0.7169,76.06
1785847500000,0.7169,76.06
1785847560000,0.7169,76.06
1785847620000,0.7169,76.06
1785847680000,0.7169,76.06
1785847740000,0.7169,76.06
1785847800000,0.7169,76.06
1785847860000,0.7169,76.06
1785847920000,0.7169,76.06
1785847980000,0.7169,76.06
1785848040000,0.7169,76.06
1785848100000,0.7169,76.06
1785848160000,0.7169,76.06
1785848220000,0.7169,76.06
1785848280000,0.7169,76.06
1785848340000,0.7169,76.06
1785848400000,0.7169,76.06
1785848460000,0.7169,76.06
1785848520000,0.7169,76.06
1785848580000,0.7169,76.06
1785848640000,0.7169,76.06
1785848700000,0.7169,76.06
1785848760000,0.7169,76.06
1785848820000,0.7169,76.06
1785848880000,0.7169,76.06
1785848940000,0.7169,76.06
1785849000000,0.7169,76.06
1785849060000,0.7169,76.06
1785849120000,0.7169,76.06
1785849180000,0.7169,76.06
1785849240000,0.7169,76.06
1785849300000,0.7169,76.06
1785849360000,0.7169,76.06
1785849420000,0.7169,76.06
1785849480000,0.7169,76.06
1785849540000,0.7169,76.06
1785849600000,0.7169,76.06
1785849660000,0.7169,76.06
1785849720000,0.7169,76.06
1785849780000,0.7169,76.06
1785849840000,0.7169,76.06
1785849900000,0.7169,76.06
1785849960000,0.7169,76.06
1785850020000,0.7169,76.06
1785850080000,0.7169,76.06
1785850140000,0.7169,76.06
1785850200000,0.7607,74.6
1785850860000,0.7607,74.6
1785850920000,0.7607,74.6
1785850980000,0.7607,74.6
1785851040000,0.7607,74.6
1785851100000,0.7607,74.6
1785851160000,0.7607,74.6
1785851220000,0.6588,78.0
1785916860000,0.6588,78.0
1785916920000,0.6588,78.0
1785916980000,0.6588,78.0
1785917040000,0.6588,78.0
1785917100000,0.6588,78.0
1785917160000,0.6588,78.0
1785917220000,0.6588,78.0
1785917280000,0.6588,78.0
1785917340000,0.6588,78.0
1785917400000,0.6588,78.0
1785917460000,0.6588,78.0
1785917520000,0.6588,78.0
1785917580000,0.6588,78.0
1785917640000,0.6588,78.0
1785917700000,0.6588,78.0
1785917760000,0.6588,78.0
1785917820000,0.6588,78.0
1785917880000,0.6588,78.0
1785917940000,0.6588,78.0
1785918000000,0.6588,78.0
1785918060000,0.6588,78.0
1785918120000,0.6588,78.0
1785918180000,0.6588,78.0
1785918240000,0.6588,78.0
1785918300000,0.6588,78.0
1785918360000,0.6588,78.0
1785918420000,0.6588,78.0
1785918480000,0.6588,78.0
1785918540000,0.6588,78.0
1785918600000,0.6588,78.0
1785918660000,0.6588,78.0
1785918720000,0.6588,78.0
1785918780000,0.6588,78.0
1785918840000,0.6588,78.0
1785918900000,0.6588,78.0
1785918960000,0.6588,78.0
1785919020000,0.6588,78.0
1785919080000,0.6588,78.0
1785919140000,0.6588,78.0
1785919200000,0.6588,78.0
1785919260000,0.6588,78.0
1785919320000,0.6588,78.0
1785919380000,0.6588,78.0
1785919440000,0.6588,78.0
1785919500000,0.6588,78.0
1785919560000,0.6588,78.0
1785919620000,0.6588,78.0
1785919680000,0.6588,78.0
1785919740000,0.6588,78.0
1785919800000,0.6588,78.0
1785919860000,0.6588,78.0
1785919920000,0.6588,78.0
1785919980000,0.6588,78.0
1785920040000,0.6588,78.0
1785920100000,0.6588,78.0
1785920160000,0.6588,78.0
1785920220000,0.6588,78.0
1785920280000,0.6588,78.0
1785920340000,0.6588,78.0
1785920400000,0.6588,78.0
1785920460000,0.6588,78.0
1785920520000,0.6588,78.0
1785920580000,0.6588,78.0
1785920640000,0.6588,78.0
1785920700000,0.6588,78.0
1785920760000,0.6588,78.0
1785920820000,0.6588,78.0
1785920880000,0.6588,78.0
1785920940000,0.6588,78.0
1785921000000,0.6588,78.0
1785921060000,0.6588,78.0
1785921120000,0.6588,78.0
1785921180000,0.6588,78.0
1785921240000,0.6588,78.0
1785921300000,0.6588,78.0
1785921360000,0.6588,78.0
1785921420000,0.6588,78.0
1785921480000,0.6588,78.0
1785921540000,0.6588,78.0
1785921600000,0.6588,78.0
1785921660000,0.6588,78.0
1785921720000,0.6588,78.0
1785921780000,0.6588,78.0
1785921840000,0.6588,78.0
1785921900000,0.6588,78.0
1785921960000,0.6588,78.0
1785922020000,0.6588,78.0
1785922080000,0.6588,78.0
1785922140000,0.6588,78.0
1785922200000,0.6588,78.0
1785922260000,0.6588,78.0
1785922320000,0.6588,78.0
1785922380000,0.6588,78.0
1785922440000,0.6588,78.0
1785922500000,0.6588,78.0
1785922560000,0.6588,78.0
1785922620000,0.6588,78.0
1785922680000,0.6588,78.0
1785922740000,0.6588,78.0
1785922800000,0.6588,78.0
1785922860000,0.6588,78.0
1785922920000,0.6588,78.0
1785922980000,0.6588,78.0
1785923040000,0.6588,78.0
1785923100000,0.6588,78.0
1785923160000,0.6588,78.0
1785923220000,0.6588,78.0
1785923280000,0.6588,78.0
1785923340000,0.6588,78.0
1785923400000,0.6588,78.0
1785923460000,0.6588,78.0
1785923520000,0.6588,78.0
1785923580000,0.6588,78.0
1785923640000,0.6588,78.0
1785923700000,0.6588,78.0
1785923760000,0.6588,78.0
1785923820000,0.6588,78.0
1785923880000,0.6588,78.0
1785923940000,0.6588,78.0
1785924000000,0.6588,78.0
1785924060000,0.6588,78.0
1785924120000,0.6588,78.0
1785924180000,0.6588,78.0
1785924240000,0.6588,78.0
1785924300000,0.6588,78.0
1785924360000,0.6588,78.0
1785924420000,0.6588,78.0
1785924480000,0.6588,78.0
1785924540000,0.6588,78.0
1785924600000,0.6588,78.0
1785924660000,0.6588,78.0
1785924720000,0.6588,78.0
1785924780000,0.6588,78.0
1785924840000,0.6588,78.0
1785924900000,0.6588,78.0
1785924960000,0.6588,78.0
1785925020000,0.6588,78.0
1785925080000,0.6588,78.0
1785925140000,0.6588,78.0
1785925200000,0.6588,78.0
1785925260000,0.6588,78.0
1785925320000,0.6588,78.0
1785925380000,0.6588,78.0
1785925440000,0.6588,78.0
1785925500000,0.6588,78.0
1785925560000,0.6588,78.0
1785925620000,0.6588,78.0
1785925680000,0.6588,78.0
1785925740000,0.6588,78.0
1785925800000,0.6588,78.0
1785925860000,0.6588,78.0
1785925920000,0.6588,78.0
1785925980000,0.6588,78.0
1785926040000,0.6588,78.0
1785926100000,0.6588,78.0
1785926160000,0.6588,78.0
1785926220000,0.6588,78.0
1785926280000,0.6588,78.0
1785926340000,0.6588,78.0
1785926400000,0.6588,78.0
1785926460000,0.6588,78.0
1785926520000,0.6588,78.0
1785926580000,0.6588,78.0
1785926640000,0.6588,78.0
1785926700000,0.6588,78.0
1785926760000,0.6588,78.0
1785926820000,0.6588,78.0
1785926880000,0.6588,78.0
1785926940000,0.6588,78.0
1785927000000,0.6588,78.0
1785927060000,0.6588,78.0
1785927120000,0.6588,78.0
1785927180000,0.6588,78.0
1785927240000,0.5552,81.46
1786014180000,0.5552,81.46
1786014240000,0.5552,81.46
1786014300000,0.5552,81.46
1786014360000,0.5552,81.46
1786014420000,0.5552,81.46
1786014480000,0.5552,81.46
1786014540000,0.5552,81.46
1786014600000,0.5552,81.46
1786014660000,0.5552,81.46
1786014720000,0.5552,81.46
1786014780000,0.5552,81.46
1786014840000,0.5552,81.46
1786014900000,0.467,84.41
1786092300000,0.467,84.41
1786092360000,0.467,84.41
1786092420000,0.467,84.41
1786092480000,0.467,84.41
1786092540000,0.467,84.41
1786092600000,0.467,84.41
1786092660000,0.467,84.41
1786092720000,0.467,84.41
1786092780000,0.467,84.41
1786092840000,0.467,84.41
1786092900000,0.467,84.41
1786092960000,0.467,84.41
1786093020000,0.467,84.41
1786093080000,0.467,84.41
1786093140000,0.467,84.41
1786093200000,0.467,84.41
1786093260000,0.467,84.41
1786093320000,0.467,84.41
1786093380000,0.467,84.41
1786093440000,0.467,84.41
1786093500000,0.467,84.41
1786093560000,0.467,84.41
1786093620000,0.467,84.41
1786093680000,0.467,84.41
1786093740000,0.467,84.41
1786093800000,0.467,84.41
1786093860000,0.467,84.41
1786093920000,0.467,84.41
1786093980000,0.467,84.41
1786094040000,0.467,84.41
1786094100000,0.467,84.41
1786094160000,0.467,84.41
1786094220000,0.467,84.41
1786094280000,0.467,84.41
1786094340000,0.467,84.41
1786094400000,0.467,84.41
1786094460000,0.467,84.41
1786094520000,0.467,84.41
1786094580000,0.467,84.41
1786094640000,0.467,84.41
1786094700000,0.467,84.41
1786094760000,0.467,84.41
1786094820000,0.467,84.41
1786094880000,0.467,84.41
1786094940000,0.467,84.41
1786095000000,0.467,84.41
1786095060000,0.467,84.41
1786095120000,0.467,84.41
1786095180000,0.467,84.41
1786095240000,0.467,84.41
1786095300000,0.467,84.41
1786095360000,0.467,84.41
1786095420000,0.467,84.41
1786095480000,0.467,84.41
1786095540000,0.467,84.41
1786095600000,0.467,84.41
1786095660000,0.467,84.41
1786095720000,0.467,84.41
1786095780000,0.467,84.41
1786095840000,0.467,84.41
1786095900000,0.467,84.41
1786095960000,0.467,84.41
1786096020000,0.467,84.41
1786096080000,0.467,84.41
1786096140000,0.467,84.41
1786096200000,0.467,84.41
1786096260000,0.467,84.41
1786096320000,0.467,84.41
1786096380000,0.467,84.41
1786096440000,0.467,84.41
1786096500000,0.467,84.41
1786096560000,0.467,84.41
1786096620000,0.467,84.41
1786096680000,0.467,84.41
1786096740000,0.467,84.41
1786096800000,0.467,84.41
1786096860000,0.467,84.41
1786096920000,0.467,84.41
1786096980000,0.467,84.41
1786097040000,0.467,84.41
1786097100000,0.467,84.41
1786097160000,0.467,84.41
1786097220000,0.467,84.41
1786097280000,0.467,84.41
1786097340000,0.467,84.41
1786097400000,0.467,84.41
1786097460000,0.467,84.41
1786097520000,0.467,84.41
1786097580000,0.467,84.41
1786097640000,0.467,84.41
1786097700000,0.467,84.41
1786097760000,0.467,84.41
1786097820000,0.467,84.41
1786097880000,0.467,84.41
1786097940000,0.467,84.41
1786098000000,0.467,84.41
1786098060000,0.467,84.41
1786098120000,0.467,84.41
1786098180000,0.467,84.41
1786098240000,0.467,84.41
1786098300000,0.467,84.41
1786098360000,0.467,84.41
1786098420000,0.467,84.41
1786098480000,0.467,84.41
1786098540000,0.467,84.41
1786098600000,0.467,84.41
1786098660000,0.467,84.41
1786098720000,0.467,84.41
1786098780000,0.467,84.41
1786098840000,0.467,84.41
1786098900000,0.467,84.41
1786098960000,0.467,84.41
1786099020000,0.467,84.41
1786099080000,0.467,84.41
1786099140000,0.467,84.41
1786099200000,0.467,84.41
1786099260000,0.467,84.41
1786099320000,0.467,84.41
1786099380000,0.467,84.41
1786099440000,0.467,84.41
1786099500000,0.467,84.41
1786099560000,0.467,84.41
1786099620000,0.467,84.41
1786099680000,0.467,84.41
1786099740000,0.467,84.41
1786099800000,0.467,84.41
1786099860000,0.467,84.41
1786099920000,0.467,84.41
1786099980000,0.467,84.41
1786100040000,0.467,84.41
1786100100000,0.467,84.41
1786100160000,0.467,84.41
1786100220000,0.467,84.41
1786100280000,0.467,84.41
1786100340000,0.467,84.41
1786100400000,0.467,84.41
1786100460000,0.467,84.41
1786100520000,0.467,84.41
1786100580000,0.467,84.41
1786100640000,0.467,84.41
1786100700000,0.467,84.41
1786100760000,0.467,84.41
1786100820000,0.467,84.41
1786100880000,0.467,84.41
1786100940000,0.467,84.41
1786101000000,0.467,84.41
1786101060000,0.467,84.41
1786101120000,0.467,84.41
1786101180000,0.467,84.41
1786101240000,0.467,84.41
1786101300000,0.467,84.41
1786101360000,0.467,84.41
1786101420000,0.467,84.41
1786101480000,0.467,84.41
1786101540000,0.467,84.41
1786101600000,0.467,84.41
1786101660000,0.467,84.41
1786101720000,0.467,84.41
1786101780000,0.467,84.41
1786101840000,0.467,84.41
1786101900000,0.467,84.41
1786101960000,0.467,84.41
1786102020000,0.467,84.41
1786102080000,0.467,84.41
1786102140000,0.467,84.41
1786102200000,0.467,84.41
1786102260000,0.467,84.41
1786102320000,0.467,84.41
1786102380000,0.467,84.41
1786102440000,0.467,84.41
1786102500000,0.467,84.41
1786102560000,0.467,84.41
1786102620000,0.467,84.41
1786102680000,0.467,84.41
1786102740000,0.467,84.41
1786102800000,0.467,84.41
1786102860000,0.467,84.41
1786102920000,0.467,84.41
1786102980000,0.467,84.41
1786103040000,0.467,84.41
1786103100000,0.467,84.41
1786103160000,0.467,84.41
1786103220000,0.467,84.41
1786103280000,0.467,84.41
1786103340000,0.467,84.41
1786103400000,0.467,84.41
1786103460000,0.467,84.41
1786103520000,0.467,84.41
1786103580000,0.467,84.41
1786103640000,0.467,84.41
1786103700000,0.467,84.41
1786103760000,0.467,84.41
1786103820000,0.467,84.41
1786103880000,0.467,84.41
1786103940000,0.467,84.41
1786104000000,0.467,84.41
1786104060000,0.467,84.41
1786104120000,0.467,84.41
1786104180000,0.467,84.41
1786104240000,0.467,84.41
1786104300000,0.467,84.41
1786104360000,0.467,84.41
1786104420000,0.467,84.41
1786104480000,0.467,84.41
1786104540000,0.6139,79.5
1786106400000,0.6139,79.5
1786106460000,0.6139,79.5
1786106520000,0.6139,79.5
1786106580000,0.6139,79.5
1786106640000,0.6139,79.5
1786106700000,0.6139,79.5
1786106760000,0.6139,79.5
1786106820000,0.6139,79.5
1786106880000,0.6139,79.5
1786106940000,0.6139,79.5
1786107000000,0.6139,79.5
1786107060000,0.6139,79.5
1786107120000,0.6139,79.5
1786107180000,0.6139,79.5
1786107240000,0.6139,79.5
1786107300000,0.6139,79.5
1786107360000,0.6139,79.5
1786107420000,0.6139,79.5
1786107480000,0.6139,79.5
1786107540000,0.6139,79.5
1786107600000,0.6139,79.5
1786107660000,0.6139,79.5
1786107720000,0.6139,79.5
1786107780000,0.6139,79.5
1786107840000,0.6139,79.5
1786107900000,0.6139,79.5
1786107960000,0.6139,79.5
1786108020000,0.6139,79.5
1786108080000,0.6139,79.5
1786108140000,0.6139,79.5
1786108200000,0.6139,79.5
1786108260000,0.6139,79.5
1786108320000,0.6139,79.5
1786108380000,0.6139,79.5
1786108440000,0.6139,79.5
1786108500000,0.6139,79.5
1786108560000,0.6139,79.5
1786108620000,0.6139,79.5
1786108680000,0.6139,79.5
1786108740000,0.6139,79.5
1786108800000,0.6139,79.5
1786108860000,0.6139,79.5
1786108920000,0.6139,79.5
1786108980000,0.6139,79.5
1786109040000,0.6139,79.5
1786109100000,0.6139,79.5
1786109160000,0.6139,79.5
1786109220000,0.6139,79.5
1786109280000,0.6139,79.5
1786109340000,0.6139,79.5
1786109400000,0.6139,79.5
1786109460000,0.6139,79.5
1786109520000,0.6139,79.5
1786109580000,0.6139,79.5
1786109640000,0.6139,79.5
1786109700000,0.6139,79.5
1786109760000,0.6139,79.5
1786109820000,0.6139,79.5
1786109880000,0.6139,79.5
1786109940000,0.6139,79.5
1786110000000,0.6139,79.5
1786110060000,0.6139,79.5
1786110120000,0.6139,79.5
1786110180000,0.6139,79.5
1786110240000,0.6139,79.5
1786110300000,0.6139,79.5
1786110360000,0.6139,79.5
1786110420000,0.6139,79.5
1786110480000,0.6139,79.5
1786110540000,0.6139,79.5
1786110600000,0.6139,79.5
1786110660000,0.6139,79.5
1786110720000,0.6139,79.5
1786110780000,0.6139,79.5
1786110840000,0.6139,79.5
1786110900000,0.6139,79.5
1786110960000,0.6139,79.5
1786111020000,0.6139,79.5
1786111080000,0.6139,79.5
1786111140000,0.5114,82.92
1786112400000,0.5114,82.92
1786112460000,0.5114,82.92
1786112520000,0.5114,82.92
1786112580000,0.5114,82.92
1786112640000,0.5114,82.92
1786112700000,0.5114,82.92
1786112760000,0.5114,82.92
1786112820000,0.5114,82.92
1786112880000,0.5114,82.92
1786112940000,0.5114,82.92
1786113000000,0.5114,82.92
1786113060000,0.5114,82.92
1786113120000,0.5114,82.92
1786113180000,0.5114,82.92
1786113240000,0.5114,82.92
1786113300000,0.5114,82.92
1786113360000,0.5114,82.92
1786113420000,0.5114,82.92
1786113480000,0.5114,82.92
1786113540000,0.5114,82.92
1786113600000,0.5114,82.92
1786113660000,0.5114,82.92
1786113720000,0.5114,82.92
1786113780000,0.5114,82.92
1786113840000,0.5114,82.92
1786113900000,0.5114,82.92
1786113960000,0.5114,82.92
1786114020000,0.5114,82.92
1786114080000,0.5114,82.92
1786114140000,0.5114,82.92
1786114200000,0.5114,82.92
1786114260000,0.5114,82.92
1786114320000,0.5114,82.92
1786114380000,0.5114,82.92
1786114440000,0.5114,82.92
1786114500000,0.5114,82.92
1786114560000,0.5114,82.92
1786114620000,0.5114,82.92
1786114680000,0.5114,82.92
1786114740000,0.5114,82.92
1786114800000,0.5114,82.92
1786114860000,0.5114,82.92
1786114920000,0.5114,82.92
1786114980000,0.5114,82.92
1786115040000,0.5114,82.92
1786115100000,0.5114,82.92
1786115160000,0.5114,82.92
1786115220000,0.5114,82.92
1786115280000,0.5114,82.92
1786115340000,0.5114,82.92
1786115400000,0.5114,82.92
1786115460000,0.5114,82.92
1786115520000,0.5114,82.92
1786115580000,0.5114,82.92
1786115640000,0.5114,82.92
1786115700000,0.5114,82.92
1786115760000,0.5114,82.92
1786115820000,0.5114,82.92
1786115880000,0.5114,82.92
1786115940000,0.5114,82.92
1786116000000,0.5114,82.92
1786116060000,0.5114,82.92
1786116120000,0.5114,82.92
1786116180000,0.5114,82.92
1786116240000,0.5114,82.92
1786116300000,0.5114,82.92
1786116360000,0.5114,82.92
1786116420000,0.5114,82.92
1786116480000,0.5114,82.92
1786116540000,0.5114,82.92
1786116600000,0.5114,82.92
1786116660000,0.5114,82.92
1786116720000,0.5114,82.92
1786116780000,0.5114,82.92
1786116840000,0.5114,82.92
1786116900000,0.5114,82.92
1786116960000,0.5114,82.92
1786117020000,0.5114,82.92
1786117080000,0.5114,82.92
1786117140000,0.5114,82.92
1786117200000,0.5114,82.92
1786117260000,0.5114,82.92
1786117320000,0.5114,82.92
1786117380000,0.5114,82.92
1786117440000,0.5114,82.92
1786117500000,0.5114,82.92
1786117560000,0.5114,82.92
1786117620000,0.5114,82.92
1786117680000,0.5114,82.92
1786117740000,0.5114,82.92
1786117800000,0.5114,82.92
1786117860000,0.5114,82.92
1786117920000,0.5114,82.92
1786117980000,0.5114,82.92
1786118040000,0.5114,82.92
1786118100000,0.5114,82.92
1786118160000,0.5114,82.92
1786118220000,0.5114,82.92
1786118280000,0.5114,82.92
1786118340000,0.5114,82.92
1786118400000,0.5114,82.92
1786118460000,0.5114,82.92
1786118520000,0.5114,82.92
1786118580000,0.5114,82.92
1786118640000,0.5114,82.92
1786118700000,0.5114,82.92
1786118760000,0.5114,82.92
1786118820000,0.5114,82.92
1786118880000,0.5114,82.92
1786118940000,0.5114,82.92
1786119000000,0.5114,82.92
1786119060000,0.5114,82.92
1786119120000,0.5114,82.92
1786119180000,0.5114,82.92
1786119240000,0.5114,82.92
1786119300000,0.5114,82.92
1786119360000,0.5114,82.92
1786119420000,0.5114,82.92
1786119480000,0.5114,82.92
1786119540000,0.5114,82.92
1786119600000,0.5114,82.92
1786119660000,0.5114,82.92
1786119720000,0.5114,82.92
1786119780000,0.5114,82.92
1786119840000,0.5114,82.92
1786119900000,0.5114,82.92
1786119960000,0.5114,82.92
1786120020000,0.5114,82.92
1786120080000,0.5114,82.92
1786120140000,0.5114,82.92
1786120200000,0.5114,82.92
1786120260000,0.5114,82.92
1786120320000,0.5114,82.92
1786120380000,0.5114,82.92
1786120440000,0.5114,82.92
1786120500000,0.5114,82.92
1786120560000,0.5114,82.92
1786120620000,0.5114,82.92
1786120680000,0.5114,82.92
1786120740000,0.5114,82.92
1786120800000,0.5114,82.92
1786120860000,0.5114,82.92
1786120920000,0.5114,82.92
1786120980000,0.5114,82.92
1786121040000,0.5114,82.92
1786121100000,0.5114,82.92
1786121160000,0.5114,82.92
1786121220000,0.5114,82.92
1786121280000,0.5114,82.92
1786121340000,0.5114,82.92
1786121400000,0.5114,82.92
1786121460000,0.5114,82.92
1786121520000,0.5114,82.92
1786121580000,0.5114,82.92
1786121640000,0.5114,82.92
1786121700000,0.5114,82.92
1786121760000,0.5114,82.92
1786121820000,0.5114,82.92
1786121880000,0.5114,82.92
1786121940000,0.3992,86.67
1786262820000,0.3992,86.67
1786262880000,0.3992,86.67
1786262940000,0.3992,86.67
1786263000000,0.3992,86.67
1786263060000,0.3992,86.67
1786263120000,0.3992,86.67
1786263180000,0.3992,86.67
1786263240000,0.3992,86.67
1786263300000,0.3992,86.67
1786263360000,0.3992,86.67
1786263420000,0.3992,86.67
1786263480000,0.3992,86.67
1786263540000,0.3992,86.67
1786263600000,0.3992,86.67
1786263660000,0.3992,86.67
1786263720000,0.3992,86.67
1786263780000,0.3992,86.67
1786263840000,0.3992,86.67
1786263900000,0.3992,86.67
1786263960000,0.3992,86.67
1786264020000,0.3992,86.67
1786264080000,0.3992,86.67
1786264140000,0.3992,86.67
1786264200000,0.3992,86.67
1786264260000,0.3992,86.67
1786264320000,0.3992,86.67
1786264380000,0.3992,86.67
1786264440000,0.3992,86.67
1786264500000,0.3992,86.67
1786264560000,0.3992,86.67
1786264620000,0.3992,86.67
1786264680000,0.3992,86.67
1786264740000,0.3992,86.67
1786264800000,0.3144,89.5
1786354380000,0.3144,89.5
1786354440000,0.3144,89.5
1786354500000,0.3144,89.5
1786354560000,0.3144,89.5
1786354620000,0.3144,89.5
1786354680000,0.3144,89.5
1786354740000,0.3144,89.5
1786354800000,0.3144,89.5
1786354860000,0.3144,89.5
1786354920000,0.3144,89.5
1786354980000,0.3144,89.5
1786355040000,0.3144,89.5
1786355100000,0.3144,89.5
1786355160000,0.3144,89.5
1786355220000,0.3144,89.5
1786355280000,0.3144,89.5
1786355340000,0.3144,89.5
1786355400000,0.3144,89.5
1786355460000,0.3144,89.5
1786355520000,0.3144,89.5
1786355580000,0.3144,89.5
1786355640000,0.3144,89.5
1786355700000,0.3144,89.5
1786355760000,0.3144,89.5
1786355820000,0.3144,89.5
1786355880000,0.3144,89.5
1786355940000,0.3144,89.5
1786356000000,0.3144,89.5
1786356060000,0.3144,89.5
1786356120000,0.3144,89.5
1786356180000,0.3144,89.5
1786356240000,0.3144,89.5
1786356300000,0.3144,89.5
1786356360000,0.3144,89.5
1786356420000,0.3144,89.5
1786356480000,0.3144,89.5
1786356540000,0.3144,89.5
1786356600000,0.3144,89.5
1786356660000,0.3144,89.5
1786356720000,0.3144,89.5
1786356780000,0.3144,89.5
1786356840000,0.3144,89.5
1786356900000,0.3144,89.5
1786356960000,0.3144,89.5
1786357020000,0.3144,89.5
1786357080000,0.3144,89.5
1786357140000,0.3144,89.5
1786357200000,0.3144,89.5
1786357260000,0.3144,89.5
1786357320000,0.3144,89.5
1786357380000,0.3144,89.5
1786357440000,0.3144,89.5
1786357500000,0.3144,89.5
1786357560000,0.3144,89.5
1786357620000,0.3144,89.5
1786357680000,0.3144,89.5
1786357740000,0.3144,89.5
1786357800000,0.3144,89.5
1786357860000,0.3144,89.5
1786357920000,0.3144,89.5
1786357980000,0.3144,89.5
1786358040000,0.3144,89.5
1786358100000,0.3144,89.5
1786358160000,0.3144,89.5
1786358220000,0.3144,89.5
1786358280000,0.3144,89.5
1786358340000,0.3144,89.5
1786358400000,0.3144,89.5
1786358460000,0.3144,89.5
1786358520000,0.3144,89.5
1786358580000,0.3144,89.5
1786358640000,0.3144,89.5
1786358700000,0.3144,89.5
1786358760000,0.3144,89.5
1786358820000,0.3144,89.5
1786358880000,0.3144,89.5
1786358940000,0.3144,89.5
1786359000000,0.3144,89.5
1786359060000,0.3144,89.5
1786359120000,0.3144,89.5
1786359180000,0.3144,89.5
1786359240000,0.3144,89.5
1786359300000,0.3144,89.5
1786359360000,0.3144,89.5
1786359420000,0.3144,89.5
1786359480000,0.3144,89.5
1786359540000,0.3144,89.5
1786359600000,0.3144,89.5
1786359660000,0.3144,89.5
1786359720000,0.3144,89.5
1786359780000,0.3144,89.5
1786359840000,0.3144,89.5
1786359900000,0.3144,89.5
1786359960000,0.3144,89.5
1786360020000,0.3144,89.5
1786360080000,0.3144,89.5
1786360140000,0.3144,89.5
1786360200000,0.3144,89.5
1786360260000,0.3144,89.5
1786360320000,0.3144,89.5
1786360380000,0.3144,89.5
1786360440000,0.3144,89.5
1786360500000,0.3144,89.5
1786360560000,0.3144,89.5
1786360620000,0.3144,89.5
1786360680000,0.3144,89.5
1786360740000,0.3144,89.5
1786360800000,0.3144,89.5
1786360860000,0.3144,89.5
1786360920000,0.3144,89.5
1786360980000,0.3144,89.5
1786361040000,0.3144,89.5
1786361100000,0.3144,89.5
1786361160000,0.3144,89.5
1786361220000,0.3144,89.5
1786361280000,0.3144,89.5
1786361340000,0.3144,89.5
1786361400000,0.3144,89.5
1786361460000,0.3144,89.5
1786361520000,0.3144,89.5
1786361580000,0.3144,89.5
1786361640000,0.3144,89.5
1786361700000,0.3144,89.5
1786361760000,0.3144,89.5
1786361820000,0.3144,89.5
1786361880000,0.3144,89.5
1786361940000,0.3144,89.5
1786362000000,0.3144,89.5
1786362060000,0.3144,89.5
1786362120000,0.3144,89.5
1786362180000,0.3144,89.5
1786362240000,0.3144,89.5
1786362300000,0.3144,89.5
1786362360000,0.3144,89.5
1786362420000,0.3144,89.5
1786362480000,0.3144,89.5
1786362540000,0.3144,89.5
1786362600000,0.3144,89.5
1786362660000,0.3144,89.5
1786362720000,0.3144,89.5
1786362780000,0.3144,89.5
1786362840000,0.3144,89.5
1786362900000,0.3144,89.5
1786362960000,0.3144,89.5
1786363020000,0.3144,89.5
1786363080000,0.3144,89.5
1786363140000,0.3144,89.5
1786363200000,0.3144,89.5
1786363260000,0.3144,89.5
1786363320000,0.3144,89.5
1786363380000,0.3144,89.5
1786363440000,0.3144,89.5
1786363500000,0.3144,89.5
1786363560000,0.3144,89.5
1786363620000,0.3144,89.5
1786363680000,0.3144,89.5
1786363740000,0.3144,89.5
1786363800000,0.3144,89.5
1786363860000,0.3144,89.5
1786363920000,0.3144,89.5
1786363980000,0.3144,89.5
1786364040000,0.3144,89.5
1786364100000,0.3144,89.5
1786364160000,0.3144,89.5
1786364220000,0.3144,89.5
1786364280000,0.3144,89.5
1786364340000,0.3144,89.5
1786364400000,0.3144,89.5
1786364460000,0.3144,89.5
1786364520000,0.3144,89.5
1786364580000,0.3144,89.5
1786364640000,0.3144,89.5
1786364700000,0.3144,89.5
1786364760000,0.3144,89.5
1786364820000,0.3144,89.5
1786364880000,0.3144,89.5
1786364940000,0.3144,89.5
1786365000000,0.3144,89.5
1786365060000,0.3144,89.5
1786365120000,0.3144,89.5
1786365180000,0.3144,89.5
1786365240000,0.3144,89.5
1786365300000,0.3144,89.5
1786365360000,0.3144,89.5
1786365420000,0.3144,89.5
1786365480000,0.3144,89.5
1786365540000,0.3144,89.5
1786365600000,0.3144,89.5
1786365660000,0.3144,89.5
1786365720000,0.3144,89.5
1786365780000,0.3144,89.5
1786365840000,0.3144,89.5
1786365900000,0.3144,89.5
1786365960000,0.3144,89.5
1786366020000,0.3144,89.5
1786366080000,0.3144,89.5
1786366140000,0.3144,89.5
1786366200000,0.3144,89.5
1786366260000,0.3144,89.5
1786366320000,0.3144,89.5
1786366380000,0.3144,89.5
1786366440000,0.3144,89.5
1786366500000,0.3144,89.5
1786366560000,0.3144,89.5
1786366620000,0.3144,89.5
1786366680000,0.3144,89.5
1786366740000,0.3144,89.5
1786366800000,0.3144,89.5
1786366860000,0.3144,89.5
1786366920000,0.3144,89.5
1786366980000,0.3144,89.5
1786367040000,0.3144,89.5
1786367100000,0.3144,89.5
1786367160000,0.3144,89.5
1786367220000,0.3144,89.5
1786367280000,0.3144,89.5
1786367340000,0.3144,89.5
1786367400000,0.3144,89.5
1786367460000,0.3144,89.5
1786367520000,0.3144,89.5
1786367580000,0.3144,89.5
1786367640000,0.3144,89.5
1786367700000,0.3144,89.5
1786367760000,0.3144,89.5
1786367820000,0.3144,89.5
1786367880000,0.3144,89.5
1786367940000,0.3144,89.5
1786368000000,0.3144,89.5
1786368060000,0.3144,89.5
1786368120000,0.3144,89.5
1786368180000,0.3144,89.5
1786368240000,0.3144,89.5
1786368300000,0.3144,89.5
1786368360000,0.3144,89.5
1786368420000,0.3144,89.5
1786368480000,0.3144,89.5
1786368540000,0.3144,89.5
1786368600000,0.3144,89.5
1786368660000,0.3144,89.5
1786368720000,0.3144,89.5
1786368780000,0.3144,89.5
1786368840000,0.4263,85.77
1786369620000,0.4263,85.77
1786369680000,0.4263,85.77
1786369740000,0.4263,85.77
1786369800000,0.4263,85.77
1786369860000,0.4263,85.77
1786369920000,0.4263,85.77
1786369980000,0.4263,85.77
1786370040000,0.4263,85.77
1786370100000,0.4263,85.77
1786370160000,0.4263,85.77
1786370220000,0.4263,85.77
1786370280000,0.4263,85.77
1786370340000,0.4263,85.77
1786370400000,0.4263,85.77
1786370460000,0.4263,85.77
1786370520000,0.4263,85.77
1786370580000,0.4263,85.77
1786370640000,0.4263,85.77
1786370700000,0.4263,85.77
1786370760000,0.4263,85.77
1786370820000,0.4263,85.77
1786370880000,0.4263,85.77
1786370940000,0.4263,85.77
1786371000000,0.4263,85.77
1786371060000,0.4263,85.77
1786371120000,0.4263,85.77
1786371180000,0.4263,85.77
1786371240000,0.4263,85.77
1786371300000,0.4263,85.77
1786371360000,0.4263,85.77
1786371420000,0.4263,85.77
1786371480000,0.4263,85.77
1786371540000,0.4263,85.77
1786371600000,0.4263,85.77
1786371660000,0.4263,85.77
1786371720000,0.4263,85.77
1786371780000,0.4263,85.77
1786371840000,0.4263,85.77
1786371900000,0.4263,85.77
1786371960000,0.4263,85.77
1786372020000,0.4263,85.77
1786372080000,0.4263,85.77
1786372140000,0.4263,85.77
1786372200000,0.4263,85.77
1786372260000,0.4263,85.77
1786372320000,0.4263,85.77
1786372380000,0.4263,85.77
1786372440000,0.4263,85.77
1786372500000,0.4263,85.77
1786372560000,0.4263,85.77
1786372620000,0.4263,85.77
1786372680000,0.4263,85.77
1786372740000,0.4263,85.77
1786372800000,0.4263,85.77
1786372860000,0.4263,85.77
1786372920000,0.4263,85.77
1786372980000,0.4263,85.77
1786373040000,0.4263,85.77
1786373100000,0.4263,85.77
1786373160000,0.4263,85.77
1786373220000,0.4263,85.77
1786373280000,0.4263,85.77
1786373340000,0.4263,85.77
1786373400000,0.4263,85.77
1786373460000,0.4263,85.77
1786373520000,0.4263,85.77
1786373580000,0.4263,85.77
1786373640000,0.4263,85.77
1786373700000,0.4263,85.77
1786373760000,0.4263,85.77
1786373820000,0.4263,85.77
1786373880000,0.4263,85.77
1786373940000,0.4263,85.77
1786374000000,0.4263,85.77
1786374060000,0.4263,85.77
1786374120000,0.4263,85.77
1786374180000,0.4263,85.77
1786374240000,0.4263,85.77
1786374300000,0.4263,85.77
1786374360000,0.4263,85.77
1786374420000,0.4263,85.77
1786374480000,0.4263,85.77
1786374540000,0.4263,85.77
1786374600000,0.4263,85.77
1786374660000,0.4263,85.77
1786374720000,0.5637,81.18
1786375500000,0.5637,81.18
1786375560000,0.5637,81.18
1786375620000,0.5637,81.18
1786375680000,0.5637,81.18
1786375740000,0.5637,81.18
1786375800000,0.5637,81.18
1786375860000,0.5637,81.18
1786375920000,0.5637,81.18
1786375980000,0.5637,81.18
1786376040000,0.5637,81.18
1786376100000,0.5637,81.18
1786376160000,0.5637,81.18
1786376220000,0.5637,81.18
1786376280000,0.5637,81.18
1786376340000,0.5637,81.18
1786376400000,0.5637,81.18
1786376460000,0.5637,81.18
1786376520000,0.5637,81.18
1786376580000,0.5637,81.18
1786376640000,0.5637,81.18
1786376700000,0.5637,81.18
1786376760000,0.5637,81.18
1786376820000,0.5637,81.18
1786376880000,0.5637,81.18
1786376940000,0.5637,81.18
1786377000000,0.5637,81.18
1786377060000,0.5637,81.18
1786377120000,0.5637,81.18
1786377180000,0.5637,81.18
1786377240000,0.5637,81.18
1786377300000,0.5637,81.18
1786377360000,0.5637,81.18
1786377420000,0.5637,81.18
1786377480000,0.5637,81.18
1786377540000,0.5637,81.18
1786377600000,0.5637,81.18
1786377660000,0.5637,81.18
1786377720000,0.5637,81.18
1786377780000,0.5637,81.18
1786377840000,0.5637,81.18
1786377900000,0.5637,81.18
1786377960000,0.5637,81.18
1786378020000,0.5637,81.18
1786378080000,0.5637,81.18
1786378140000,0.5637,81.18
1786378200000,0.5637,81.18
1786378260000,0.5637,81.18
1786378320000,0.5637,81.18
1786378380000,0.5637,81.18
1786378440000,0.5637,81.18
1786378500000,0.5637,81.18
1786378560000,0.5637,81.18
1786378620000,0.5637,81.18
1786378680000,0.5637,81.18
1786378740000,0.5637,81.18
1786378800000,0.5637,81.18
1786378860000,0.5637,81.18
1786378920000,0.5637,81.18
1786378980000,0.5637,81.18
1786379040000,0.5637,81.18
1786379100000,0.5637,81.18
1786379160000,0.5637,81.18
1786379220000,0.5637,81.18
1786379280000,0.5637,81.18
1786379340000,0.5637,81.18
1786379400000,0.5637,81.18
1786379460000,0.5637,81.18
1786379520000,0.5637,81.18
1786379580000,0.5637,81.18
1786379640000,0.5637,81.18
1786379700000,0.5637,81.18
1786379760000,0.5637,81.18
1786379820000,0.5637,81.18
1786379880000,0.5637,81.18
1786379940000,0.5637,81.18
1786380000000,0.5637,81.18
1786380060000,0.5637,81.18
1786380120000,0.5637,81.18
1786380180000,0.5637,81.18
1786380240000,0.5637,81.18
1786380300000,0.5637,81.18
1786380360000,0.5637,81.18
1786380420000,0.5637,81.18
1786380480000,0.5637,81.18
1786380540000,0.5637,81.18
1786380600000,0.5637,81.18
1786380660000,0.5637,81.18
1786380720000,0.5637,81.18
1786380780000,0.5637,81.18
1786380840000,0.5637,81.18
1786380900000,0.5637,81.18
1786380960000,0.5637,81.18
1786381020000,0.5637,81.18
1786381080000,0.5637,81.18
1786381140000,0.5637,81.18
1786381200000,0.5637,81.18
1786381260000,0.5637,81.18
1786381320000,0.5637,81.18
1786381380000,0.5637,81.18
1786381440000,0.5637,81.18
1786381500000,0.5637,81.18
1786381560000,0.5637,81.18
1786381620000,0.5637,81.18
1786381680000,0.5637,81.18
1786381740000,0.5637,81.18
1786381800000,0.5637,81.18
1786381860000,0.5637,81.18
1786381920000,0.5637,81.18
1786381980000,0.5637,81.18
1786382040000,0.5637,81.18
1786382100000,0.5637,81.18
1786382160000,0.5637,81.18
1786382220000,0.5637,81.18
1786382280000,0.5637,81.18
1786382340000,0.5637,81.18
1786382400000,0.5637,81.18
1786382460000,0.5637,81.18
1786382520000,0.5637,81.18
1786382580000,0.5637,81.18
1786382640000,0.5637,81.18
1786382700000,0.5637,81.18
1786382760000,0.5637,81.18
1786382820000,0.5637,81.18
1786382880000,0.5637,81.18
1786382940000,0.5637,81.18
1786383000000,0.5637,81.18
1786383060000,0.5637,81.18
1786383120000,0.5637,81.18
1786383180000,0.5637,81.18
1786383240000,0.5637,81.18
1786383300000,0.5637,81.18
1786383360000,0.5637,81.18
1786383420000,0.5637,81.18
1786383480000,0.5637,81.18
1786383540000,0.5637,81.18
1786383600000,0.5637,81.18
1786383660000,0.5637,81.18
1786383720000,0.5637,81.18
1786383780000,0.5637,81.18
1786383840000,0.5637,81.18
1786383900000,0.5637,81.18
1786383960000,0.5637,81.18
1786384020000,0.5637,81.18
1786384080000,0.5637,81.18
1786384140000,0.5637,81.18
1786384200000,0.5637,81.18
1786384260000,0.5637,81.18
1786384320000,0.5637,81.18
1786384380000,0.5637,81.18
1786384440000,0.5637,81.18
1786384500000,0.5637,81.18
1786384560000,0.5637,81.18
1786384620000,0.5637,81.18
1786384680000,0.5637,81.18
1786384740000,0.5637,81.18
1786384800000,0.5637,81.18
1786384860000,0.5637,81.18
1786384920000,0.5637,81.18
1786384980000,0.5637,81.18
1786385040000,0.5637,81.18
1786385100000,0.5637,81.18
1786385160000,0.5637,81.18
1786385220000,0.5637,81.18
1786385280000,0.5637,81.18
1786385340000,0.5637,81.18
1786385400000,0.5637,81.18
1786385460000,0.5637,81.18
1786385520000,0.5637,81.18
1786385580000,0.5637,81.18
1786385640000,0.5637,81.18
1786385700000,0.5637,81.18
1786385760000,0.5637,81.18
1786385820000,0.5637,81.18
1786385880000,0.5637,81.18
1786385940000,0.5637,81.18
1786386000000,0.5637,81.18
1786386060000,0.5637,81.18
1786386120000,0.5637,81.18
1786386180000,0.5637,81.18
1786386240000,0.5637,81.18
1786386300000,0.5637,81.18
1786386360000,0.5637,81.18
1786386420000,0.5637,81.18
1786386480000,0.5637,81.18
1786386540000,0.5637,81.18
1786386600000,0.5637,81.18
1786386660000,0.5637,81.18
1786386720000,0.5637,81.18
1786386780000,0.5637,81.18
1786386840000,0.5637,81.18
1786386900000,0.5637,81.18
1786386960000,0.5637,81.18
1786387020000,0.5637,81.18
1786387080000,0.5637,81.18
1786387140000,0.5637,81.18
1786387200000,0.5637,81.18
1786387260000,0.5637,81.18
1786387320000,0.5637,81.18
1786387380000,0.5637,81.18
1786387440000,0.5637,81.18
1786387500000,0.5637,81.18
1786387560000,0.5637,81.18
1786387620000,0.5637,81.18
1786387680000,0.5637,81.18
1786387740000,0.5637,81.18
1786387800000,0.5637,81.18
1786387860000,0.5637,81.18
1786387920000,0.5637,81.18
1786387980000,0.5637,81.18
1786388040000,0.5637,81.18
1786388100000,0.5637,81.18
1786388160000,0.5637,81.18
1786388220000,0.5637,81.18
1786388280000,0.5637,81.18
1786388340000,0.5637,81.18
1786388400000,0.5637,81.18
1786388460000,0.5637,81.18
1786388520000,0.5637,81.18
1786388580000,0.5637,81.18
1786388640000,0.5637,81.18
1786388700000,0.5637,81.18
1786388760000,0.5637,81.18
1786388820000,0.5637,81.18
1786388880000,0.5637,81.18
1786388940000,0.5637,81.18
1786389000000,0.5637,81.18
1786389060000,0.5637,81.18
1786389120000,0.5637,81.18
1786389180000,0.5637,81.18
1786389240000,0.5637,81.18
1786389300000,0.5637,81.18
1786389360000,0.5637,81.18
1786389420000,0.5637,81.18
1786389480000,0.5637,81.18
1786389540000,0.5637,81.18
1786389600000,0.5637,81.18
1786389660000,0.5637,81.18
1786389720000,0.5637,81.18
1786389780000,0.5637,81.18
1786389840000,0.5637,81.18
1786389900000,0.5637,81.18
1786389960000,0.5637,81.18
1786390020000,0.5637,81.18
1786390080000,0.5637,81.18
1786390140000,0.5637,81.18
1786390200000,0.5637,81.18
1786390260000,0.5637,81.18
1786390320000,0.5637,81.18
1786390380000,0.5637,81.18
1786390440000,0.5637,81.18
1786390500000,0.5637,81.18
1786390560000,0.5637,81.18
1786390620000,0.5637,81.18
1786390680000,0.5637,81.18
1786390740000,0.5637,81.18
1786390800000,0.5637,81.18
1786390860000,0.5637,81.18
1786390920000,0.5637,81.18
1786390980000,0.5637,81.18
1786391040000,0.5637,81.18
1786391100000,0.5637,81.18
1786391160000,0.5637,81.18
1786391220000,0.5637,81.18
1786391280000,0.5637,81.18
1786391340000,0.5637,81.18
1786391400000,0.5637,81.18
1786391460000,0.5637,81.18
1786391520000,0.5637,81.18
1786391580000,0.5637,81.18
1786391640000,0.5637,81.18
1786391700000,0.5637,81.18
1786391760000,0.5637,81.18
1786391820000,0.5637,81.18
1786391880000,0.5637,81.18
1786391940000,0.5637,81.18
1786392000000,0.5637,81.18
1786392060000,0.5637,81.18
1786392120000,0.5637,81.18
1786392180000,0.5637,81.18
1786392240000,0.5637,81.18
1786392300000,0.5637,81.18
1786392360000,0.5637,81.18
1786392420000,0.5637,81.18
1786392480000,0.5637,81.18
1786392540000,0.5637,81.18
1786392600000,0.5637,81.18
1786392660000,0.5637,81.18
1786392720000,0.5637,81.18
1786392780000,0.5637,81.18
1786392840000,0.5637,81.18
1786392900000,0.5637,81.18
1786392960000,0.5637,81.18
1786393020000,0.5637,81.18
1786393080000,0.5637,81.18
1786393140000,0.5637,81.18
1786393200000,0.5637,81.18
1786393260000,0.5637,81.18
1786393320000,0.5637,81.18
1786393380000,0.5637,81.18
1786393440000,0.5637,81.18
1786393500000,0.5637,81.18
1786393560000,0.5637,81.18
1786393620000,0.5637,81.18
1786393680000,0.5637,81.18
1786393740000,0.5637,81.18
1786393800000,0.5637,81.18
1786393860000,0.5637,81.18
1786393920000,0.5637,81.18
1786393980000,0.5637,81.18
1786394040000,0.5637,81.18
1786394100000,0.5637,81.18
1786394160000,0.5637,81.18
1786394220000,0.5637,81.18
1786394280000,0.5637,81.18
1786394340000,0.5637,81.18
1786394400000,0.5637,81.18
1786394460000,0.5637,81.18
1786394520000,0.5637,81.18
1786394580000,0.5637,81.18
1786394640000,0.5637,81.18
1786394700000,0.5637,81.18
1786394760000,0.5637,81.18
1786394820000,0.5637,81.18
1786394880000,0.5637,81.18
1786394940000,0.5637,81.18
1786395000000,0.5637,81.18
1786395060000,0.5637,81.18
1786395120000,0.5637,81.18
1786395180000,0.5637,81.18
1786395240000,0.5637,81.18
1786395300000,0.5637,81.18
1786395360000,0.5637,81.18
1786395420000,0.5637,81.18
1786395480000,0.5637,81.18
1786395540000,0.5637,81.18
1786395600000,0.5637,81.18
1786395660000,0.5637,81.18
1786395720000,0.5637,81.18
1786395780000,0.5637,81.18
1786395840000,0.5637,81.18
1786395900000,0.5637,81.18
1786395960000,0.5637,81.18
1786396020000,0.5637,81.18
1786396080000,0.5637,81.18
1786396140000,0.5637,81.18
1786396200000,0.5637,81.18
1786396260000,0.5637,81.18
1786396320000,0.5637,81.18
1786396380000,0.5637,81.18
1786396440000,0.5637,81.18
1786396500000,0.5637,81.18
1786396560000,0.5637,81.18
1786396620000,0.5637,81.18
1786396680000,0.5637,81.18
1786396740000,0.5637,81.18
1786396800000,0.5637,81.18
1786396860000,0.5637,81.18
1786396920000,0.5637,81.18
1786396980000,0.5637,81.18
1786397040000,0.5637,81.18
1786397100000,0.5637,81.18
1786397160000,0.5637,81.18
1786397220000,0.5637,81.18
1786397280000,0.5637,81.18
1786397340000,0.5637,81.18
1786397400000,0.5637,81.18
1786397460000,0.5637,81.18
1786397520000,0.5637,81.18
1786397580000,0.5637,81.18
1786397640000,0.5637,81.18
1786397700000,0.5637,81.18
1786397760000,0.5637,81.18
1786397820000,0.5637,81.18
1786397880000,0.5637,81.18
1786397940000,0.5637,81.18
1786398000000,0.5637,81.18
1786398060000,0.5637,81.18
1786398120000,0.5637,81.18
1786398180000,0.5637,81.18
1786398240000,0.5637,81.18
1786398300000,0.5637,81.18
1786398360000,0.5637,81.18
1786398420000,0.5637,81.18
1786398480000,0.5637,81.18
1786398540000,0.5637,81.18
1786398600000,0.5637,81.18
1786398660000,0.5637,81.18
1786398720000,0.5637,81.18
1786398780000,0.5637,81.18
1786398840000,0.5637,81.18
1786398900000,0.5637,81.18
1786398960000,0.5637,81.18
1786399020000,0.5637,81.18
1786399080000,0.5637,81.18
1786399140000,0.5637,81.18
1786399200000,0.5637,81.18
1786399260000,0.5637,81.18
1786399320000,0.5637,81.18
1786399380000,0.5637,81.18
1786399440000,0.5637,81.18
1786399500000,0.5637,81.18
1786399560000,0.5637,81.18
1786399620000,0.5637,81.18
1786399680000,0.5637,81.18
1786399740000,0.5637,81.18
1786399800000,0.5637,81.18
1786399860000,0.5637,81.18
1786399920000,0.5637,81.18
1786399980000,0.5637,81.18
1786400040000,0.5637,81.18
1786400100000,0.5637,81.18
1786400160000,0.5637,81.18
1786400220000,0.5637,81.18
1786400280000,0.5637,81.18
1786400340000,0.5637,81.18
1786400400000,0.5637,81.18
1786400460000,0.5637,81.18
1786400520000,0.5637,81.18
1786400580000,0.5637,81.18
1786400640000,0.5637,81.18
1786400700000,0.5637,81.18
1786400760000,0.5637,81.18
1786400820000,0.5637,81.18
1786400880000,0.5637,81.18
1786400940000,0.5637,81.18
1786401000000,0.5637,81.18
1786401060000,0.5637,81.18
1786401120000,0.5637,81.18
1786401180000,0.5637,81.18
1786401240000,0.5637,81.18
1786401300000,0.5637,81.18
1786401360000,0.5637,81.18
1786401420000,0.5637,81.18
1786401480000,0.5637,81.18
1786401540000,0.5637,81.18
1786401600000,0.5637,81.18
1786401660000,0.5637,81.18
1786401720000,0.5637,81.18
1786401780000,0.5637,81.18
1786401840000,0.5637,81.18
1786401900000,0.5637,81.18
1786401960000,0.5637,81.18
1786402020000,0.5637,81.18
1786402080000,0.5637,81.18
1786402140000,0.5637,81.18
1786402200000,0.5637,81.18
1786402260000,0.5637,81.18
1786402320000,0.5637,81.18
1786402380000,0.5637,81.18
1786402440000,0.5637,81.18
1786402500000,0.5637,81.18
1786402560000,0.5637,81.18
1786402620000,0.5637,81.18
1786402680000,0.5637,81.18
1786402740000,0.5637,81.18
1786402800000,0.5637,81.18
1786402860000,0.5637,81.18
1786402920000,0.5637,81.18
1786402980000,0.5637,81.18
1786403040000,0.5637,81.18
1786403100000,0.5637,81.18
1786403160000,0.5637,81.18
1786403220000,0.5637,81.18
1786403280000,0.5637,81.18
1786403340000,0.5637,81.18
1786403400000,0.5637,81.18
1786403460000,0.5637,81.18
1786403520000,0.5637,81.18
1786403580000,0.5637,81.18
1786403640000,0.5637,81.18
1786403700000,0.5637,81.18
1786403760000,0.5637,81.18
1786403820000,0.5637,81.18
1786403880000,0.5637,81.18
1786403940000,0.5637,81.18
1786404000000,0.5637,81.18
1786404060000,0.5637,81.18
1786404120000,0.5637,81.18
1786404180000,0.5637,81.18
1786404240000,0.5637,81.18
1786404300000,0.5637,81.18
1786404360000,0.5637,81.18
1786404420000,0.5637,81.18
1786404480000,0.5637,81.18
1786404540000,0.5637,81.18
1786404600000,0.5637,81.18
1786404660000,0.5637,81.18
1786404720000,0.5637,81.18
1786404780000,0.5637,81.18
1786404840000,0.5637,81.18
1786404900000,0.5637,81.18
1786404960000,0.5637,81.18
1786405020000,0.5637,81.18
1786405080000,0.5637,81.18
1786405140000,0.5637,81.18
1786405200000,0.5637,81.18
1786405260000,0.5637,81.18
1786405320000,0.5637,81.18
1786405380000,0.5637,81.18
1786405440000,0.5637,81.18
1786405500000,0.5637,81.18
1786405560000,0.5637,81.18
1786405620000,0.5637,81.18
1786405680000,0.5637,81.18
1786405740000,0.5637,81.18
1786405800000,0.5637,81.18
1786405860000,0.5637,81.18
1786405920000,0.5637,81.18
1786405980000,0.5637,81.18
1786406040000,0.5637,81.18
1786406100000,0.5637,81.18
1786406160000,0.5637,81.18
1786406220000,0.5637,81.18
1786406280000,0.5637,81.18
1786406340000,0.5637,81.18
1786406400000,0.5637,81.18
1786406460000,0.5637,81.18
1786406520000,0.5637,81.18
1786406580000,0.5637,81.18
1786406640000,0.5637,81.18
1786406700000,0.5637,81.18
1786406760000,0.5637,81.18
1786406820000,0.5637,81.18
1786406880000,0.5637,81.18
1786406940000,0.5637,81.18
1786407000000,0.5637,81.18
1786407060000,0.5637,81.18
1786407120000,0.5637,81.18
1786407180000,0.5637,81.18
1786407240000,0.5637,81.18
1786407300000,0.5637,81.18
1786407360000,0.5637,81.18
1786407420000,0.5637,81.18
1786407480000,0.5637,81.18
1786407540000,0.5637,81.18
1786407600000,0.5637,81.18
1786407660000,0.5637,81.18
1786407720000,0.5637,81.18
1786407780000,0.5637,81.18
1786407840000,0.5637,81.18
1786407900000,0.5637,81.18
1786407960000,0.5637,81.18
1786408020000,0.5637,81.18
1786408080000,0.5637,81.18
1786408140000,0.5637,81.18
1786408200000,0.5637,81.18
1786408260000,0.5637,81.18
1786408320000,0.5637,81.18
1786408380000,0.5637,81.18
1786408440000,0.5637,81.18
1786408500000,0.5637,81.18
1786408560000,0.5637,81.18
1786408620000,0.5637,81.18
1786408680000,0.5637,81.18
1786408740000,0.5637,81.18
1786408800000,0.5637,81.18
1786408860000,0.5637,81.18
1786408920000,0.5637,81.18
1786408980000,0.5637,81.18
1786409040000,0.5637,81.18
1786409100000,0.5637,81.18
1786409160000,0.5637,81.18
1786409220000,0.5637,81.18
1786409280000,0.5637,81.18
1786409340000,0.5637,81.18
1786409400000,0.5637,81.18
1786409460000,0.5637,81.18
1786409520000,0.5637,81.18
1786409580000,0.5637,81.18
1786409640000,0.5637,81.18
1786409700000,0.5637,81.18
1786409760000,0.5637,81.18
1786409820000,0.5637,81.18
1786409880000,0.5637,81.18
1786409940000,0.5637,81.18
1786410000000,0.5637,81.18
1786410060000,0.5637,81.18
1786410120000,0.5637,81.18
1786410180000,0.5637,81.18
1786410240000,0.5637,81.18
1786410300000,0.5637,81.18
1786410360000,0.5637,81.18
1786410420000,0.5637,81.18
1786410480000,0.5637,81.18
1786410540000,0.5637,81.18
1786410600000,0.5637,81.18
1786410660000,0.5637,81.18
1786410720000,0.5637,81.18
1786410780000,0.5637,81.18
1786410840000,0.5637,81.18
1786410900000,0.5637,81.18
1786410960000,0.5637,81.18
1786411020000,0.5637,81.18
1786411080000,0.5637,81.18
1786411140000,0.5637,81.18
1786411200000,0.5637,81.18
1786411260000,0.5637,81.18
1786411320000,0.5637,81.18
1786411380000,0.5637,81.18
1786411440000,0.5637,81.18
1786411500000,0.5637,81.18
1786411560000,0.5637,81.18
1786411620000,0.5637,81.18
1786411680000,0.5637,81.18
1786411740000,0.5637,81.18
1786411800000,0.5637,81.18
1786411860000,0.5637,81.18
1786411920000,0.5637,81.18
1786411980000,0.5637,81.18
1786412040000,0.5637,81.18
1786412100000,0.5637,81.18
1786412160000,0.5637,81.18
1786412220000,0.5637,81.18
1786412280000,0.5637,81.18
1786412340000,0.5637,81.18
1786412400000,0.5637,81.18
1786412460000,0.5637,81.18
1786412520000,0.5637,81.18
1786412580000,0.5637,81.18
1786412640000,0.5637,81.18
1786412700000,0.5637,81.18
1786412760000,0.5637,81.18
1786412820000,0.5637,81.18
1786412880000,0.5637,81.18
1786412940000,0.5637,81.18
1786413000000,0.5637,81.18
1786413060000,0.5637,81.18
1786413120000,0.5637,81.18
1786413180000,0.5637,81.18
1786413240000,0.5637,81.18
1786413300000,0.5637,81.18
1786413360000,0.5637,81.18
1786413420000,0.5637,81.18
1786413480000,0.5637,81.18
1786413540000,0.5637,81.18
1786413600000,0.5637,81.18
1786413660000,0.5637,81.18
1786413720000,0.5637,81.18
1786413780000,0.5637,81.18
1786413840000,0.5637,81.18
1786413900000,0.5637,81.18
1786413960000,0.5637,81.18
1786414020000,0.5637,81.18
1786414080000,0.5637,81.18
1786414140000,0.5637,81.18
1786414200000,0.5637,81.18
1786414260000,0.5637,81.18
1786414320000,0.5637,81.18
1786414380000,0.5637,81.18
1786414440000,0.5637,81.18
1786414500000,0.5637,81.18
1786414560000,0.5637,81.18
1786414620000,0.5637,81.18
1786414680000,0.5637,81.18
1786414740000,0.5637,81.18
1786414800000,0.5637,81.18
1786414860000,0.5637,81.18
1786414920000,0.5637,81.18
1786414980000,0.5637,81.18
1786415040000,0.5637,81.18
1786415100000,0.5637,81.18
1786415160000,0.5637,81.18
1786415220000,0.5637,81.18
1786415280000,0.5637,81.18
1786415340000,0.5637,81.18
1786415400000,0.5637,81.18
1786415460000,0.5637,81.18
1786415520000,0.5637,81.18
1786415580000,0.5637,81.18
1786415640000,0.5637,81.18
1786415700000,0.5637,81.18
1786415760000,0.5637,81.18
1786415820000,0.5637,81.18
1786415880000,0.5637,81.18
1786415940000,0.5637,81.18
1786416000000,0.5637,81.18
1786416060000,0.5637,81.18
1786416120000,0.5637,81.18
1786416180000,0.5637,81.18
1786416240000,0.5637,81.18
1786416300000,0.5637,81.18
1786416360000,0.5637,81.18
1786416420000,0.5637,81.18
1786416480000,0.5637,81.18
1786416540000,0.5637,81.18
1786416600000,0.5637,81.18
1786416660000,0.5637,81.18
1786416720000,0.5637,81.18
1786416780000,0.5637,81.18
1786416840000,0.5637,81.18
1786416900000,0.5637,81.18
1786416960000,0.5637,81.18
1786417020000,0.5637,81.18
1786417080000,0.5637,81.18
1786417140000,0.5637,81.18
1786417200000,0.5637,81.18
1786417260000,0.5637,81.18
1786417320000,0.5637,81.18
1786417380000,0.5637,81.18
1786417440000,0.5637,81.18
1786417500000,0.5637,81.18
1786417560000,0.5637,81.18
1786417620000,0.5637,81.18
1786417680000,0.5637,81.18
1786417740000,0.5637,81.18
1786417800000,0.5637,81.18
1786417860000,0.5637,81.18
1786417920000,0.5637,81.18
1786417980000,0.5637,81.18
1786418040000,0.5637,81.18
1786418100000,0.5637,81.18
1786418160000,0.5637,81.18
1786418220000,0.5637,81.18
1786418280000,0.5637,81.18
1786418340000,0.5637,81.18
1786418400000,0.5637,81.18
1786418460000,0.5637,81.18
1786418520000,0.5637,81.18
1786418580000,0.5637,81.18
1786418640000,0.5637,81.18
1786418700000,0.5637,81.18
1786418760000,0.5637,81.18
1786418820000,0.5637,81.18
1786418880000,0.5637,81.18
1786418940000,0.5637,81.18
1786419000000,0.5637,81.18
1786419060000,0.5637,81.18
1786419120000,0.5637,81.18
1786419180000,0.5637,81.18
1786419240000,0.5637,81.18
1786419300000,0.5637,81.18
1786419360000,0.5637,81.18
1786419420000,0.5637,81.18
1786419480000,0.5637,81.18
1786419540000,0.5637,81.18
1786419600000,0.5637,81.18
1786419660000,0.5637,81.18
1786419720000,0.5637,81.18
1786419780000,0.5637,81.18
1786419840000,0.5637,81.18
1786419900000,0.5637,81.18
1786419960000,0.5637,81.18
1786420020000,0.5637,81.18
1786420080000,0.5637,81.18
1786420140000,0.5637,81.18
1786420200000,0.5637,81.18
1786420260000,0.5637,81.18
1786420320000,0.5637,81.18
1786420380000,0.5637,81.18
1786420440000,0.5637,81.18
1786420500000,0.5637,81.18
1786420560000,0.5637,81.18
1786420620000,0.5637,81.18
1786420680000,0.5637,81.18
1786420740000,0.5637,81.18
1786420800000,0.5637,81.18
1786420860000,0.5637,81.18
1786420920000,0.5637,81.18
1786420980000,0.5637,81.18
1786421040000,0.5637,81.18
1786421100000,0.5637,81.18
1786421160000,0.5637,81.18
1786421220000,0.5637,81.18
1786421280000,0.5637,81.18
1786421340000,0.5637,81.18
1786421400000,0.5637,81.18
1786421460000,0.5637,81.18
1786421520000,0.5637,81.18
1786421580000,0.5637,81.18
1786421640000,0.5637,81.18
1786421700000,0.5637,81.18
1786421760000,0.5637,81.18
1786421820000,0.5637,81.18
1786421880000,0.5637,81.18
1786421940000,0.5637,81.18
1786422000000,0.5637,81.18
1786422060000,0.5637,81.18
1786422120000,0.5637,81.18
1786422180000,0.5637,81.18
1786422240000,0.5637,81.18
1786422300000,0.5637,81.18
1786422360000,0.5637,81.18
1786422420000,0.5637,81.18
1786422480000,0.5637,81.18
1786422540000,0.5637,81.18
1786422600000,0.5637,81.18
1786422660000,0.5637,81.18
1786422720000,0.5637,81.18
1786422780000,0.5637,81.18
1786422840000,0.5637,81.18
1786422900000,0.5637,81.18
1786422960000,0.5637,81.18
1786423020000,0.5637,81.18
1786423080000,0.5637,81.18
1786423140000,0.5637,81.18
1786423200000,0.5637,81.18
1786423260000,0.5637,81.18
1786423320000,0.5637,81.18
1786423380000,0.5637,81.18
1786423440000,0.5637,81.18
1786423500000,0.5637,81.18
1786423560000,0.5637,81.18
1786423620000,0.5637,81.18
1786423680000,0.5637,81.18
1786423740000,0.5637,81.18
1786423800000,0.5637,81.18
1786423860000,0.5637,81.18
1786423920000,0.5637,81.18
1786423980000,0.5637,81.18
1786424040000,0.5637,81.18
1786424100000,0.5637,81.18
1786424160000,0.5637,81.18
1786424220000,0.5637,81.18
1786424280000,0.5637,81.18
1786424340000,0.5637,81.18
1786424400000,0.5637,81.18
1786424460000,0.5637,81.18
1786424520000,0.5637,81.18
1786424580000,0.5637,81.18
1786424640000,0.5637,81.18
1786424700000,0.5637,81.18
1786424760000,0.5637,81.18
1786424820000,0.5637,81.18
1786424880000,0.5637,81.18
1786424940000,0.5637,81.18
1786425000000,0.5637,81.18
1786425060000,0.5637,81.18
1786425120000,0.5637,81.18
1786425180000,0.5637,81.18
1786425240000,0.5637,81.18
1786425300000,0.5637,81.18
1786425360000,0.5637,81.18
1786425420000,0.5637,81.18
1786425480000,0.5637,81.18
1786425540000,0.5637,81.18
1786425600000,0.5637,81.18
1786425660000,0.5637,81.18
1786425720000,0.5637,81.18
1786425780000,0.5637,81.18
1786425840000,0.5637,81.18
1786425900000,0.5637,81.18
1786425960000,0.5637,81.18
1786426020000,0.5637,81.18
1786426080000,0.5637,81.18
1786426140000,0.5637,81.18
1786426200000,0.5637,81.18
1786426260000,0.5637,81.18
1786426320000,0.5637,81.18
1786426380000,0.5637,81.18
1786426440000,0.5637,81.18
1786426500000,0.5637,81.18
1786426560000,0.5637,81.18
1786426620000,0.5637,81.18
1786426680000,0.5637,81.18
1786426740000,0.5637,81.18
1786426800000,0.5637,81.18
1786426860000,0.5637,81.18
1786426920000,0.5637,81.18
1786426980000,0.5637,81.18
1786427040000,0.5637,81.18
1786427100000,0.5637,81.18
1786427160000,0.5637,81.18
1786427220000,0.5637,81.18
1786427280000,0.5637,81.18
1786427340000,0.5637,81.18
1786427400000,0.5637,81.18
1786427460000,0.5637,81.18
1786427520000,0.5637,81.18
1786427580000,0.5637,81.18
1786427640000,0.5637,81.18
1786427700000,0.5637,81.18
1786427760000,0.5637,81.18
1786427820000,0.5637,81.18
1786427880000,0.5637,81.18
1786427940000,0.5637,81.18
1786428000000,0.5637,81.18
1786428060000,0.5637,81.18
1786428120000,0.5637,81.18
1786428180000,0.5637,81.18
1786428240000,0.5637,81.18
1786428300000,0.5637,81.18
1786428360000,0.5637,81.18
1786428420000,0.5637,81.18
1786428480000,0.5637,81.18
1786428540000,0.5637,81.18
1786428600000,0.5637,81.18
1786428660000,0.5637,81.18
1786428720000,0.5637,81.18
1786428780000,0.5637,81.18
1786428840000,0.5637,81.18
1786428900000,0.5637,81.18
1786428960000,0.5637,81.18
1786429020000,0.5637,81.18
1786429080000,0.5637,81.18
1786429140000,0.5637,81.18
1786429200000,0.5637,81.18
1786429260000,0.5637,81.18
1786429320000,0.5637,81.18
1786429380000,0.5637,81.18
1786429440000,0.5637,81.18
1786429500000,0.5637,81.18
1786429560000,0.5637,81.18
1786429620000,0.5637,81.18
1786429680000,0.5637,81.18
1786429740000,0.5637,81.18
1786429800000,0.5637,81.18
1786429860000,0.5637,81.18
1786429920000,0.5637,81.18
1786429980000,0.5637,81.18
1786430040000,0.5637,81.18
1786430100000,0.5637,81.18
1786430160000,0.5637,81.18
1786430220000,0.5637,81.18
1786430280000,0.5637,81.18
1786430340000,0.5637,81.18
1786430400000,0.5637,81.18
1786430460000,0.5637,81.18
1786430520000,0.5637,81.18
1786430580000,0.5637,81.18
1786430640000,0.5637,81.18
1786430700000,0.5637,81.18
1786430760000,0.5637,81.18
1786430820000,0.5637,81.18
1786430880000,0.5637,81.18
1786430940000,0.5637,81.18
1786431000000,0.5637,81.18
1786431060000,0.5637,81.18
1786431120000,0.5637,81.18
1786431180000,0.5637,81.18
1786431240000,0.5637,81.18
1786431300000,0.5637,81.18
1786431360000,0.5637,81.18
1786431420000,0.5637,81.18
1786431480000,0.5637,81.18
1786431540000,0.5637,81.18
1786431600000,0.5637,81.18
1786431660000,0.5637,81.18
1786431720000,0.5637,81.18
1786431780000,0.5637,81.18
1786431840000,0.5637,81.18
1786431900000,0.5637,81.18
1786431960000,0.5637,81.18
1786432020000,0.5637,81.18
1786432080000,0.5637,81.18
1786432140000,0.5637,81.18
1786432200000,0.5637,81.18
1786432260000,0.5637,81.18
1786432320000,0.5637,81.18
1786432380000,0.5637,81.18
1786432440000,0.5637,81.18
1786432500000,0.5637,81.18
1786432560000,0.5637,81.18
1786432620000,0.5637,81.18
1786432680000,0.5637,81.18
1786432740000,0.5637,81.18
1786432800000,0.5637,81.18
1786432860000,0.5637,81.18
1786432920000,0.5637,81.18
1786432980000,0.5637,81.18
1786433040000,0.5637,81.18
1786433100000,0.5637,81.18
1786433160000,0.5637,81.18
1786433220000,0.5637,81.18
1786433280000,0.5637,81.18
1786433340000,0.5637,81.18
1786433400000,0.5637,81.18
1786433460000,0.5637,81.18
1786433520000,0.5637,81.18
1786433580000,0.5637,81.18
1786433640000,0.5637,81.18
1786433700000,0.5637,81.18
1786433760000,0.5637,81.18
1786433820000,0.5637,81.18
1786433880000,0.5637,81.18
1786433940000,0.5637,81.18
1786434000000,0.5637,81.18
1786434060000,0.5637,81.18
1786434120000,0.5637,81.18
1786434180000,0.5637,81.18
1786434240000,0.5637,81.18
1786434300000,0.5637,81.18
1786434360000,0.5637,81.18
1786434420000,0.5637,81.18
1786434480000,0.5637,81.18
1786434540000,0.5637,81.18
1786434600000,0.5637,81.18
1786434660000,0.5637,81.18
1786434720000,0.5637,81.18
1786434780000,0.5637,81.18
1786434840000,0.5637,81.18
1786434900000,0.5637,81.18
1786434960000,0.5637,81.18
1786435020000,0.5637,81.18
1786435080000,0.5637,81.18
1786435140000,0.5637,81.18
1786435200000,0.5637,81.18
1786435260000,0.5637,81.18
1786435320000,0.5637,81.18
1786435380000,0.5637,81.18
1786435440000,0.5637,81.18
1786435500000,0.5637,81.18
1786435560000,0.5637,81.18
1786435620000,0.5637,81.18
1786435680000,0.5637,81.18
1786435740000,0.5637,81.18
1786435800000,0.5637,81.18
1786435860000,0.5637,81.18
1786435920000,0.5637,81.18
1786435980000,0.5637,81.18
1786436040000,0.5637,81.18
1786436100000,0.5637,81.18
1786436160000,0.5637,81.18
1786436220000,0.5637,81.18
1786436280000,0.5637,81.18
1786436340000,0.5637,81.18
1786436400000,0.5637,81.18
1786436460000,0.5637,81.18
1786436520000,0.5637,81.18
1786436580000,0.5637,81.18
1786436640000,0.5637,81.18
1786436700000,0.5637,81.18
1786436760000,0.5637,81.18
1786436820000,0.5637,81.18
1786436880000,0.5637,81.18
1786436940000,0.5637,81.18
1786437000000,0.5637,81.18
1786437060000,0.5637,81.18
1786437120000,0.5637,81.18
1786437180000,0.5637,81.18
1786437240000,0.5637,81.18
1786437300000,0.5637,81.18
1786437360000,0.5637,81.18
1786437420000,0.5637,81.18
1786437480000,0.5637,81.18
1786437540000,0.5637,81.18
1786437600000,0.5637,81.18
1786437660000,0.5637,81.18
1786437720000,0.5637,81.18
1786437780000,0.5637,81.18
1786437840000,0.5637,81.18
1786437900000,0.5637,81.18
1786437960000,0.5637,81.18
1786438020000,0.5637,81.18
1786438080000,0.5637,81.18
1786438140000,0.5637,81.18
1786438200000,0.5637,81.18
1786438260000,0.5637,81.18
1786438320000,0.5637,81.18
1786438380000,0.5637,81.18
1786438440000,0.5637,81.18
1786438500000,0.5637,81.18
1786438560000,0.5637,81.18
1786438620000,0.5637,81.18
1786438680000,0.5637,81.18
1786438740000,0.5637,81.18
1786438800000,0.5637,81.18
1786438860000,0.5637,81.18
1786438920000,0.5637,81.18
1786438980000,0.5637,81.18
1786439040000,0.5637,81.18
1786439100000,0.5637,81.18
1786439160000,0.5637,81.18
1786439220000,0.5637,81.18
1786439280000,0.5637,81.18
1786439340000,0.5637,81.18
1786439400000,0.5637,81.18
1786439460000,0.5637,81.18
1786439520000,0.5637,81.18
1786439580000,0.5637,81.18
1786439640000,0.5637,81.18
1786439700000,0.5637,81.18
1786439760000,0.5637,81.18
1786439820000,0.5637,81.18
1786439880000,0.5637,81.18
1786439940000,0.5637,81.18
1786440000000,0.5637,81.18
1786440060000,0.5637,81.18
1786440120000,0.5637,81.18
1786440180000,0.5637,81.18
1786440240000,0.5637,81.18
1786440300000,0.5637,81.18
1786440360000,0.5637,81.18
1786440420000,0.5637,81.18
1786440480000,0.5637,81.18
1786440540000,0.5637,81.18
1786440600000,0.5637,81.18
1786440660000,0.5637,81.18
1786440720000,0.5637,81.18
1786440780000,0.5637,81.18
1786440840000,0.5637,81.18
1786440900000,0.5637,81.18
1786440960000,0.5637,81.18
1786441020000,0.5637,81.18
1786441080000,0.5637,81.18
1786441140000,0.5637,81.18
1786441200000,0.5637,81.18
1786441260000,0.5637,81.18
1786441320000,0.5637,81.18
1786441380000,0.5637,81.18
1786441440000,0.5637,81.18
1786441500000,0.5637,81.18
1786441560000,0.5637,81.18
1786441620000,0.5637,81.18
1786441680000,0.5637,81.18
1786441740000,0.5637,81.18
1786441800000,0.5637,81.18
1786441860000,0.5637,81.18
1786441920000,0.4632,84.53
1786522020000,0.4632,84.53
1786522080000,0.4632,84.53
1786522140000,0.4632,84.53
1786522200000,0.4632,84.53
1786522260000,0.4632,84.53
1786522320000,0.4632,84.53
1786522380000,0.4632,84.53
1786522440000,0.4632,84.53
1786522500000,0.4632,84.53
1786522560000,0.4632,84.53
1786522620000,0.4632,84.53
1786522680000,0.4632,84.53
1786522740000,0.4632,84.53
1786522800000,0.4632,84.53
1786522860000,0.4632,84.53
1786522920000,0.4632,84.53
1786522980000,0.4632,84.53
1786523040000,0.4632,84.53
1786523100000,0.4632,84.53
1786523160000,0.4632,84.53
1786523220000,0.4632,84.53
1786523280000,0.4632,84.53
1786523340000,0.4632,84.53
1786523400000,0.4632,84.53
1786523460000,0.4632,84.53
1786523520000,0.4632,84.53
1786523580000,0.4632,84.53
1786523640000,0.4632,84.53
1786523700000,0.4632,84.53
1786523760000,0.4632,84.53
1786523820000,0.4632,84.53
1786523880000,0.4632,84.53
1786523940000,0.4632,84.53
1786524000000,0.4632,84.53
1786524060000,0.4632,84.53
1786524120000,0.4632,84.53
1786524180000,0.4632,84.53
1786524240000,0.4632,84.53
1786524300000,0.4632,84.53
1786524360000,0.4632,84.53
1786524420000,0.4632,84.53
1786524480000,0.4632,84.53
1786524540000,0.4632,84.53
1786524600000,0.4632,84.53
1786524660000,0.4632,84.53
1786524720000,0.4632,84.53
1786524780000,0.4632,84.53
1786524840000,0.4632,84.53
1786524900000,0.4632,84.53
1786524960000,0.4632,84.53
1786525020000,0.4632,84.53
1786525080000,0.4632,84.53
1786525140000,0.4632,84.53
1786525200000,0.4632,84.53
1786525260000,0.4632,84.53
1786525320000,0.4632,84.53
1786525380000,0.4632,84.53
1786525440000,0.4632,84.53
1786525500000,0.4632,84.53
1786525560000,0.4632,84.53
1786525620000,0.4632,84.53
1786525680000,0.4632,84.53
1786525740000,0.4632,84.53
1786525800000,0.4632,84.53
1786525860000,0.4632,84.53
1786525920000,0.4632,84.53
1786525980000,0.4632,84.53
1786526040000,0.4632,84.53
1786526100000,0.4632,84.53
1786526160000,0.4632,84.53
1786526220000,0.4632,84.53
1786526280000,0.4632,84.53
1786526340000,0.4632,84.53
1786526400000,0.4632,84.53
1786526460000,0.4632,84.53
1786526520000,0.4632,84.53
1786526580000,0.4632,84.53
1786526640000,0.4632,84.53
1786526700000,0.4632,84.53
1786526760000,0.4632,84.53
1786526820000,0.4632,84.53
1786526880000,0.4632,84.53
1786526940000,0.4632,84.53
1786527000000,0.4632,84.53
1786527060000,0.4632,84.53
1786527120000,0.4632,84.53
1786527180000,0.4632,84.53
1786527240000,0.4632,84.53
1786527300000,0.4632,84.53
1786527360000,0.4632,84.53
1786527420000,0.4632,84.53
1786527480000,0.4632,84.53
1786527540000,0.4632,84.53
1786527600000,0.4632,84.53
1786527660000,0.4632,84.53
1786527720000,0.4632,84.53
1786527780000,0.4632,84.53
1786527840000,0.4632,84.53
1786527900000,0.4632,84.53
1786527960000,0.4632,84.53
1786528020000,0.4632,84.53
1786528080000,0.4632,84.53
1786528140000,0.4632,84.53
1786528200000,0.4632,84.53
1786528260000,0.4632,84.53
1786528320000,0.4632,84.53
1786528380000,0.4632,84.53
1786528440000,0.4632,84.53
1786528500000,0.4632,84.53
1786528560000,0.4632,84.53
1786528620000,0.4632,84.53
1786528680000,0.4632,84.53
1786528740000,0.4632,84.53
1786528800000,0.4632,84.53
1786528860000,0.4632,84.53
1786528920000,0.5809,80.6
1786529580000,0.5809,80.6
1786529640000,0.5809,80.6
1786529700000,0.5809,80.6
1786529760000,0.5809,80.6
1786529820000,0.5809,80.6
1786529880000,0.5809,80.6
1786529940000,0.5809,80.6
1786530000000,0.5809,80.6
1786530060000,0.5809,80.6
1786530120000,0.5809,80.6
1786530180000,0.5809,80.6
1786530240000,0.5809,80.6
1786530300000,0.5809,80.6
1786530360000,0.5809,80.6
1786530420000,0.5809,80.6
1786530480000,0.5809,80.6
1786530540000,0.5809,80.6
1786530600000,0.5809,80.6
1786530660000,0.5809,80.6
1786530720000,0.5809,80.6
1786530780000,0.5809,80.6
1786530840000,0.5809,80.6
1786530900000,0.5809,80.6
1786530960000,0.5809,80.6
1786531020000,0.5809,80.6
1786531080000,0.5809,80.6
1786531140000,0.5809,80.6
1786531200000,0.5809,80.6
1786531260000,0.5809,80.6
1786531320000,0.5809,80.6
1786531380000,0.5809,80.6
1786531440000,0.5809,80.6
1786531500000,0.5809,80.6
1786531560000,0.5809,80.6
1786531620000,0.5809,80.6
1786531680000,0.5809,80.6
1786531740000,0.5809,80.6
1786531800000,0.5809,80.6
1786531860000,0.5809,80.6
1786531920000,0.5809,80.6
1786531980000,0.5809,80.6
1786532040000,0.5809,80.6
1786532100000,0.5809,80.6
1786532160000,0.5809,80.6
1786532220000,0.5809,80.6
1786532280000,0.5809,80.6
1786532340000,0.5809,80.6
1786532400000,0.5809,80.6
1786532460000,0.5809,80.6
1786532520000,0.5809,80.6
1786532580000,0.5809,80.6
1786532640000,0.5809,80.6
1786532700000,0.5809,80.6
1786532760000,0.5809,80.6
1786532820000,0.5809,80.6
1786532880000,0.5809,80.6
1786532940000,0.5809,80.6
1786533000000,0.5809,80.6
1786533060000,0.5809,80.6
1786533120000,0.5809,80.6
1786533180000,0.5809,80.6
1786533240000,0.5809,80.6
1786533300000,0.5809,80.6
1786533360000,0.5809,80.6
1786533420000,0.5809,80.6
1786533480000,0.5809,80.6
1786533540000,0.5809,80.6
1786533600000,0.5809,80.6
1786533660000,0.5809,80.6
1786533720000,0.5809,80.6
1786533780000,0.5809,80.6
1786533840000,0.5809,80.6
1786533900000,0.5809,80.6
1786533960000,0.5809,80.6
1786534020000,0.5809,80.6
1786534080000,0.5809,80.6
1786534140000,0.5809,80.6
1786534200000,0.5809,80.6
1786534260000,0.5809,80.6
1786534320000,0.5809,80.6
1786534380000,0.5809,80.6
1786534440000,0.5809,80.6
1786534500000,0.5809,80.6
1786534560000,0.5809,80.6
1786534620000,0.5809,80.6
1786534680000,0.5809,80.6
1786534740000,0.5809,80.6
1786534800000,0.5809,80.6
1786534860000,0.5809,80.6
1786534920000,0.5809,80.6
1786534980000,0.5809,80.6
1786535040000,0.5809,80.6
1786535100000,0.5809,80.6
1786535160000,0.5809,80.6
1786535220000,0.5809,80.6
1786535280000,0.5809,80.6
1786535340000,0.5809,80.6
1786535400000,0.5809,80.6
1786535460000,0.5809,80.6
1786535520000,0.5809,80.6
1786535580000,0.5809,80.6
1786535640000,0.5809,80.6
1786535700000,0.5809,80.6
1786535760000,0.5809,80.6
1786535820000,0.5809,80.6
1786535880000,0.5809,80.6
1786535940000,0.5809,80.6
1786536000000,0.5809,80.6
1786536060000,0.5809,80.6
1786536120000,0.5809,80.6
1786536180000,0.5809,80.6
1786536240000,0.5809,80.6
1786536300000,0.5809,80.6
1786536360000,0.5809,80.6
1786536420000,0.5809,80.6
1786536480000,0.5809,80.6
1786536540000,0.5809,80.6
1786536600000,0.5809,80.6
1786536660000,0.5809,80.6
1786536720000,0.5809,80.6
1786536780000,0.5809,80.6
1786536840000,0.5809,80.6
1786536900000,0.5809,80.6
1786536960000,0.5809,80.6
1786537020000,0.5809,80.6
1786537080000,0.5809,80.6
1786537140000,0.5809,80.6
1786537200000,0.5809,80.6
1786537260000,0.5809,80.6
1786537320000,0.5809,80.6
1786537380000,0.5809,80.6
1786537440000,0.5809,80.6
1786537500000,0.5809,80.6
1786537560000,0.5809,80.6
1786537620000,0.5809,80.6
1786537680000,0.5809,80.6
1786537740000,0.5809,80.6
1786537800000,0.6067,79.74
1786539180000,0.6067,79.74
1786539240000,0.6067,79.74
1786539300000,0.6067,79.74
1786539360000,0.6067,79.74
1786539420000,0.6067,79.74
1786539480000,0.6067,79.74
1786539540000,0.6067,79.74
1786539600000,0.6067,79.74
1786539660000,0.6067,79.74
1786539720000,0.6067,79.74
1786539780000,0.6067,79.74
1786539840000,0.6067,79.74
1786539900000,0.6067,79.74
1786539960000,0.6067,79.74
1786540020000,0.6067,79.74
1786540080000,0.6067,79.74
1786540140000,0.6067,79.74
1786540200000,0.6067,79.74
1786540260000,0.6067,79.74
1786540320000,0.6067,79.74
1786540380000,0.6067,79.74
1786540440000,0.6067,79.74
1786540500000,0.6067,79.74
1786540560000,0.6067,79.74
1786540620000,0.6067,79.74
1786540680000,0.6067,79.74
1786540740000,0.6067,79.74
1786540800000,0.6067,79.74
1786540860000,0.6067,79.74
1786540920000,0.6067,79.74
1786540980000,0.6067,79.74
1786541040000,0.6067,79.74
1786541100000,0.6067,79.74
1786541160000,0.6067,79.74
1786541220000,0.6067,79.74
1786541280000,0.6067,79.74
1786541340000,0.6067,79.74
1786541400000,0.6067,79.74
1786541460000,0.5156,82.78
1786542540000,0.5156,82.78
1786542600000,0.5156,82.78
1786542660000,0.5156,82.78
1786542720000,0.5156,82.78
1786542780000,0.5156,82.78
1786542840000,0.5156,82.78
1786542900000,0.4274,85.73
1786612320000,0.4274,85.73
1786612380000,0.4274,85.73
1786612440000,0.4274,85.73
1786612500000,0.4274,85.73
1786612560000,0.4274,85.73
1786612620000,0.4274,85.73
1786612680000,0.4274,85.73
1786612740000,0.4274,85.73
1786612800000,0.4274,85.73
1786612860000,0.4274,85.73
1786612920000,0.4274,85.73
1786612980000,0.4274,85.73
1786613040000,0.4274,85.73
1786613100000,0.4274,85.73
1786613160000,0.4274,85.73
1786613220000,0.4274,85.73
1786613280000,0.4274,85.73
1786613340000,0.4274,85.73
1786613400000,0.4274,85.73
1786613460000,0.4274,85.73
1786613520000,0.4274,85.73
1786613580000,0.4274,85.73
1786613640000,0.4274,85.73
1786613700000,0.4274,85.73
1786613760000,0.4274,85.73
1786613820000,0.4274,85.73
1786613880000,0.4274,85.73
1786613940000,0.4274,85.73
1786614000000,0.4274,85.73
1786614060000,0.4274,85.73
1786614120000,0.4274,85.73
1786614180000,0.4274,85.73
1786614240000,0.4274,85.73
1786614300000,0.4274,85.73
1786614360000,0.4274,85.73
1786614420000,0.4274,85.73
1786614480000,0.4274,85.73
1786614540000,0.4274,85.73
1786614600000,0.4274,85.73
1786614660000,0.4274,85.73
1786614720000,0.4274,85.73
1786614780000,0.4274,85.73
1786614840000,0.4274,85.73
1786614900000,0.4274,85.73
1786614960000,0.4274,85.73
1786615020000,0.3446,88.49
1786695900000,0.3446,88.49
1786695960000,0.3446,88.49
1786696020000,0.3446,88.49
1786696080000,0.3446,88.49
1786696140000,0.3446,88.49
1786696200000,0.3446,88.49
1786696260000,0.3446,88.49
1786696320000,0.3446,88.49
1786696380000,0.3446,88.49
1786696440000,0.3446,88.49
1786696500000,0.3446,88.49
1786696560000,0.3446,88.49
1786696620000,0.3446,88.49
1786696680000,0.2592,91.35
1786798800000,0.2592,91.35
1786798860000,0.2592,91.35
1786798920000,0.2592,91.35
1786798980000,0.2592,91.35
1786799040000,0.2592,91.35
1786799100000,0.2592,91.35
1786799160000,0.2592,91.35
1786799220000,0.2592,91.35
1786799280000,0.2592,91.35
1786799340000,0.2592,91.35
1786799400000,0.2592,91.35
1786799460000,0.2592,91.35
1786799520000,0.2592,91.35
1786799580000,0.2592,91.35
1786799640000,0.2592,91.35
1786799700000,0.2592,91.35
1786799760000,0.2592,91.35
1786799820000,0.2592,91.35
1786799880000,0.2592,91.35
1786799940000,0.2592,91.35
1786800000000,0.2592,91.35
1786800060000,0.2592,91.35
1786800120000,0.2592,91.35
1786800180000,0.2592,91.35
1786800240000,0.2592,91.35
1786800300000,0.2592,91.35
1786800360000,0.2592,91.35
1786800420000,0.2592,91.35
1786800480000,0.2592,91.35
1786800540000,0.2592,91.35
1786800600000,0.2592,91.35
1786800660000,0.2592,91.35
1786800720000,0.2592,91.35
1786800780000,0.2592,91.35
1786800840000,0.2592,91.35
1786800900000,0.2592,91.35
1786800960000,0.2592,91.35
1786801020000,0.2592,91.35
1786801080000,0.2592,91.35
1786801140000,0.2592,91.35
1786801200000,0.2592,91.35
1786801260000,0.2592,91.35
1786801320000,0.2592,91.35
1786801380000,0.2592,91.35
1786801440000,0.2592,91.35
1786801500000,0.2592,91.35
1786801560000,0.2592,91.35
1786801620000,0.2592,91.35
1786801680000,0.2592,91.35
1786801740000,0.2592,91.35
1786801800000,0.2592,91.35
1786801860000,0.2592,91.35
1786801920000,0.2592,91.35
1786801980000,0.2592,91.35
1786802040000,0.2592,91.35
1786802100000,0.2592,91.35
1786802160000,0.2592,91.35
1786802220000,0.2592,91.35
1786802280000,0.2592,91.35
1786802340000,0.2592,91.35
1786802400000,0.2592,91.35
1786802460000,0.2592,91.35
1786802520000,0.2592,91.35
1786802580000,0.2592,91.35
1786802640000,0.2592,91.35
1786802700000,0.2592,91.35
1786802760000,0.2592,91.35
1786802820000,0.2592,91.35
1786802880000,0.2592,91.35
1786802940000,0.2592,91.35
1786803000000,0.2592,91.35
1786803060000,0.2592,91.35
1786803120000,0.2592,91.35
1786803180000,0.2592,91.35
1786803240000,0.2592,91.35
1786803300000,0.2592,91.35
1786803360000,0.2592,91.35
1786803420000,0.2592,91.35
1786803480000,0.2592,91.35
1786803540000,0.2592,91.35
1786803600000,0.2592,91.35
1786803660000,0.2592,91.35
1786803720000,0.2592,91.35
1786803780000,0.2592,91.35
1786803840000,0.2592,91.35
1786803900000,0.2592,91.35
1786803960000,0.2592,91.35
1786804020000,0.2592,91.35
1786804080000,0.2592,91.35
1786804140000,0.2592,91.35
1786804200000,0.2592,91.35
1786804260000,0.2592,91.35
1786804320000,0.2592,91.35
1786804380000,0.2592,91.35
1786804440000,0.2592,91.35
1786804500000,0.2592,91.35
1786804560000,0.2592,91.35
1786804620000,0.2592,91.35
1786804680000,0.2592,91.35
1786804740000,0.2592,91.35
1786804800000,0.2592,91.35
1786804860000,0.2592,91.35
1786804920000,0.2592,91.35
1786804980000,0.2592,91.35
1786805040000,0.2592,91.35
1786805100000,0.2592,91.35
1786805160000,0.2592,91.35
1786805220000,0.2592,91.35
1786805280000,0.2592,91.35
1786805340000,0.2592,91.35
1786805400000,0.2592,91.35
1786805460000,0.2592,91.35
1786805520000,0.2592,91.35
1786805580000,0.2592,91.35
1786805640000,0.2592,91.35
1786805700000,0.2592,91.35
1786805760000,0.2592,91.35
1786805820000,0.2592,91.35
1786805880000,0.2592,91.35
1786805940000,0.2592,91.35
1786806000000,0.2592,91.35
1786806060000,0.2592,91.35
1786806120000,0.2592,91.35
1786806180000,0.2592,91.35
1786806240000,0.2592,91.35
1786806300000,0.2592,91.35
1786806360000,0.2592,91.35
1786806420000,0.2592,91.35
1786806480000,0.2592,91.35
1786806540000,0.2592,91.35
1786806600000,0.2592,91.35
1786806660000,0.2592,91.35
1786806720000,0.2592,91.35
1786806780000,0.2592,91.35
1786806840000,0.2592,91.35
1786806900000,0.2592,91.35
1786806960000,0.2592,91.35
1786807020000,0.2592,91.35
1786807080000,0.2592,91.35
1786807140000,0.2592,91.35
1786807200000,0.2592,91.35
1786807260000,0.2592,91.35
1786807320000,0.2592,91.35
1786807380000,0.2592,91.35
1786807440000,0.2592,91.35
1786807500000,0.2592,91.35
1786807560000,0.2592,91.35
1786807620000,0.2592,91.35
1786807680000,0.2592,91.35
1786807740000,0.2592,91.35
1786807800000,0.2592,91.35
1786807860000,0.2592,91.35
1786807920000,0.2592,91.35
1786807980000,0.2592,91.35
1786808040000,0.2592,91.35
1786808100000,0.2592,91.35
1786808160000,0.2592,91.35
1786808220000,0.2592,91.35
1786808280000,0.2592,91.35
1786808340000,0.2592,91.35
1786808400000,0.2592,91.35
1786808460000,0.2592,91.35
1786808520000,0.2592,91.35
1786808580000,0.2592,91.35
1786808640000,0.2592,91.35
1786808700000,0.2592,91.35
1786808760000,0.2592,91.35
1786808820000,0.2592,91.35
1786808880000,0.2592,91.35
1786808940000,0.2592,91.35
1786809000000,0.2592,91.35
1786809060000,0.2592,91.35
1786809120000,0.2592,91.35
1786809180000,0.2592,91.35
1786809240000,0.2592,91.35
1786809300000,0.2592,91.35
1786809360000,0.2592,91.35
1786809420000,0.2592,91.35
1786809480000,0.2592,91.35
1786809540000,0.2592,91.35
1786809600000,0.2592,91.35
1786809660000,0.2592,91.35
1786809720000,0.2592,91.35
1786809780000,0.2592,91.35
1786809840000,0.2592,91.35
1786809900000,0.2592,91.35
1786809960000,0.2592,91.35
1786810020000,0.2592,91.35
1786810080000,0.2592,91.35
1786810140000,0.2592,91.35
1786810200000,0.2592,91.35
1786810260000,0.2592,91.35
1786810320000,0.2592,91.35
1786810380000,0.2592,91.35
1786810440000,0.2592,91.35
1786810500000,0.2592,91.35
1786810560000,0.2592,91.35
1786810620000,0.2592,91.35
1786810680000,0.2592,91.35
1786810740000,0.2592,91.35
1786810800000,0.2592,91.35
1786810860000,0.2592,91.35
1786810920000,0.2592,91.35
1786810980000,0.2592,91.35
1786811040000,0.2592,91.35
1786811100000,0.2592,91.35
1786811160000,0.2592,91.35
1786811220000,0.2592,91.35
1786811280000,0.2592,91.35
1786811340000,0.2592,91.35
1786811400000,0.2592,91.35
1786811460000,0.2592,91.35
1786811520000,0.2592,91.35
1786811580000,0.2592,91.35
1786811640000,0.2592,91.35
1786811700000,0.2592,91.35
1786811760000,0.2592,91.35
1786811820000,0.2592,91.35
1786811880000,0.2592,91.35
1786811940000,0.2592,91.35
1786812000000,0.2592,91.35
1786812060000,0.2592,91.35
1786812120000,0.2592,91.35
1786812180000,0.2592,91.35
1786812240000,0.2592,91.35
1786812300000,0.2592,91.35
1786812360000,0.2592,91.35
1786812420000,0.2592,91.35
1786812480000,0.2592,91.35
1786812540000,0.2592,91.35
1786812600000,0.2592,91.35
1786812660000,0.2592,91.35
1786812720000,0.2592,91.35
1786812780000,0.2592,91.35
1786812840000,0.2592,91.35
1786812900000,0.2592,91.35
1786812960000,0.2592,91.35
1786813020000,0.2592,91.35
1786813080000,0.2592,91.35
1786813140000,0.2592,91.35
1786813200000,0.2592,91.35
1786813260000,0.2592,91.35
1786813320000,0.2592,91.35
1786813380000,0.2592,91.35
1786813440000,0.2592,91.35
1786813500000,0.2592,91.35
1786813560000,0.2592,91.35
1786813620000,0.2592,91.35
1786813680000,0.2592,91.35
1786813740000,0.2592,91.35
1786813800000,0.2592,91.35
1786813860000,0.2592,91.35
1786813920000,0.2592,91.35
1786813980000,0.2592,91.35
1786814040000,0.2592,91.35
1786814100000,0.2592,91.35
1786814160000,0.2592,91.35
1786814220000,0.2592,91.35
1786814280000,0.2592,91.35
1786814340000,0.2592,91.35
1786814400000,0.2592,91.35
1786814460000,0.2592,91.35
1786814520000,0.2592,91.35
1786814580000,0.2592,91.35
1786814640000,0.2592,91.35
1786814700000,0.2592,91.35
1786814760000,0.2592,91.35
1786814820000,0.2592,91.35
1786814880000,0.2592,91.35
1786814940000,0.2592,91.35
1786815000000,0.2592,91.35
1786815060000,0.2592,91.35
1786815120000,0.2592,91.35
1786815180000,0.2592,91.35
1786815240000,0.2592,91.35
1786815300000,0.2592,91.35
1786815360000,0.2592,91.35
1786815420000,0.2592,91.35
1786815480000,0.2592,91.35
1786815540000,0.2592,91.35
1786815600000,0.2592,91.35
1786815660000,0.2592,91.35
1786815720000,0.2592,91.35
1786815780000,0.2592,91.35
1786815840000,0.2592,91.35
1786815900000,0.2592,91.35
1786815960000,0.2592,91.35
1786816020000,0.2592,91.35
1786816080000,0.2592,91.35
1786816140000,0.2592,91.35
1786816200000,0.2592,91.35
1786816260000,0.2592,91.35
1786816320000,0.2592,91.35
1786816380000,0.2592,91.35
1786816440000,0.2592,91.35
1786816500000,0.2592,91.35
1786816560000,0.2592,91.35
1786816620000,0.2592,91.35
1786816680000,0.2592,91.35
1786816740000,0.2592,91.35
1786816800000,0.2592,91.35
1786816860000,0.2592,91.35
1786816920000,0.2592,91.35
1786816980000,0.2592,91.35
1786817040000,0.2592,91.35
1786817100000,0.2592,91.35
1786817160000,0.2592,91.35
1786817220000,0.2592,91.35
1786817280000,0.2592,91.35
1786817340000,0.2592,91.35
1786817400000,0.2592,91.35
1786817460000,0.2592,91.35
1786817520000,0.2592,91.35
1786817580000,0.2592,91.35
1786817640000,0.2592,91.35
1786817700000,0.2592,91.35
1786817760000,0.2592,91.35
1786817820000,0.2592,91.35
1786817880000,0.2592,91.35
1786817940000,0.2592,91.35
1786818000000,0.2592,91.35
1786818060000,0.2592,91.35
1786818120000,0.2592,91.35
1786818180000,0.2592,91.35
1786818240000,0.2592,91.35
1786818300000,0.2592,91.35
1786818360000,0.2592,91.35
1786818420000,0.2592,91.35
1786818480000,0.2592,91.35
1786818540000,0.2592,91.35
1786818600000,0.2592,91.35
1786818660000,0.2592,91.35
1786818720000,0.2592,91.35
1786818780000,0.2592,91.35
1786818840000,0.2592,91.35
1786818900000,0.2592,91.35
1786818960000,0.2592,91.35
1786819020000,0.2592,91.35
1786819080000,0.2592,91.35
1786819140000,0.2592,91.35
1786819200000,0.2592,91.35
1786819260000,0.2592,91.35
1786819320000,0.2592,91.35
1786819380000,0.2592,91.35
1786819440000,0.2592,91.35
1786819500000,0.2592,91.35
1786819560000,0.2592,91.35
1786819620000,0.2592,91.35
1786819680000,0.2592,91.35
1786819740000,0.2592,91.35
1786819800000,0.2592,91.35
1786819860000,0.2592,91.35
1786819920000,0.2592,91.35
1786819980000,0.2592,91.35
1786820040000,0.2592,91.35
1786820100000,0.2592,91.35
1786820160000,0.2592,91.35
1786820220000,0.2592,91.35
1786820280000,0.2592,91.35
1786820340000,0.2592,91.35
1786820400000,0.2592,91.35
1786820460000,0.2592,91.35
1786820520000,0.2592,91.35
1786820580000,0.2592,91.35
1786820640000,0.2592,91.35
1786820700000,0.2592,91.35
1786820760000,0.2592,91.35
1786820820000,0.2592,91.35
1786820880000,0.2592,91.35
1786820940000,0.2592,91.35
1786821000000,0.2592,91.35
1786821060000,0.2592,91.35
1786821120000,0.2592,91.35
1786821180000,0.2592,91.35
1786821240000,0.2592,91.35
1786821300000,0.2592,91.35
1786821360000,0.2592,91.35
1786821420000,0.2592,91.35
1786821480000,0.2592,91.35
1786821540000,0.2592,91.35
1786821600000,0.2592,91.35
1786821660000,0.2592,91.35
1786821720000,0.2592,91.35
1786821780000,0.2592,91.35
1786821840000,0.2592,91.35
1786821900000,0.2592,91.35
1786821960000,0.2592,91.35
1786822020000,0.2592,91.35
1786822080000,0.2592,91.35
1786822140000,0.2592,91.35
1786822200000,0.2592,91.35
1786822260000,0.2592,91.35
1786822320000,0.2592,91.35
1786822380000,0.2592,91.35
1786822440000,0.2592,91.35
1786822500000,0.2592,91.35
1786822560000,0.2592,91.35
1786822620000,0.2592,91.35
1786822680000,0.2592,91.35
1786822740000,0.2592,91.35
1786822800000,0.2592,91.35
1786822860000,0.2592,91.35
1786822920000,0.2592,91.35
1786822980000,0.2592,91.35
1786823040000,0.2592,91.35
1786823100000,0.2592,91.35
1786823160000,0.2592,91.35
1786823220000,0.2592,91.35
1786823280000,0.2592,91.35
1786823340000,0.2592,91.35
1786823400000,0.2592,91.35
1786823460000,0.2592,91.35
1786823520000,0.2592,91.35
1786823580000,0.2592,91.35
1786823640000,0.2592,91.35
1786823700000,0.2592,91.35
1786823760000,0.2592,91.35
1786823820000,0.2592,91.35
1786823880000,0.2592,91.35
1786823940000,0.2592,91.35
1786824000000,0.2592,91.35
1786824060000,0.2592,91.35
1786824120000,0.2592,91.35
1786824180000,0.2592,91.35
1786824240000,0.2592,91.35
1786824300000,0.2592,91.35
1786824360000,0.2592,91.35
1786824420000,0.2592,91.35
1786824480000,0.2592,91.35
1786824540000,0.2592,91.35
1786824600000,0.2592,91.35
1786824660000,0.2592,91.35
1786824720000,0.2592,91.35
1786824780000,0.2592,91.35
1786824840000,0.2592,91.35
1786824900000,0.2592,91.35
1786824960000,0.2592,91.35
1786825020000,0.2592,91.35
1786825080000,0.2592,91.35
1786825140000,0.2592,91.35
1786825200000,0.2592,91.35
1786825260000,0.2592,91.35
1786825320000,0.2592,91.35
1786825380000,0.2592,91.35
1786825440000,0.2592,91.35
1786825500000,0.2592,91.35
1786825560000,0.2592,91.35
1786825620000,0.2592,91.35
1786825680000,0.2592,91.35
1786825740000,0.2592,91.35
1786825800000,0.2592,91.35
1786825860000,0.2592,91.35
1786825920000,0.2592,91.35
1786825980000,0.2592,91.35
1786826040000,0.2592,91.35
1786826100000,0.2592,91.35
1786826160000,0.2592,91.35
1786826220000,0.2592,91.35
1786826280000,0.2592,91.35
1786826340000,0.2592,91.35
1786826400000,0.2592,91.35
1786826460000,0.2592,91.35
1786826520000,0.2592,91.35
1786826580000,0.2592,91.35
1786826640000,0.2592,91.35
1786826700000,0.2592,91.35
1786826760000,0.2592,91.35
1786826820000,0.2592,91.35
1786826880000,0.2592,91.35
1786826940000,0.2592,91.35
1786827000000,0.2592,91.35
1786827060000,0.2592,91.35
1786827120000,0.2592,91.35
1786827180000,0.2592,91.35
1786827240000,0.2592,91.35
1786827300000,0.2592,91.35
1786827360000,0.2592,91.35
1786827420000,0.2592,91.35
1786827480000,0.2592,91.35
1786827540000,0.2592,91.35
1786827600000,0.2592,91.35
1786827660000,0.2592,91.35
1786827720000,0.2592,91.35
1786827780000,0.2592,91.35
1786827840000,0.2592,91.35
1786827900000,0.2592,91.35
1786827960000,0.2592,91.35
1786828020000,0.2592,91.35
1786828080000,0.2592,91.35
1786828140000,0.2592,91.35
1786828200000,0.2592,91.35
1786828260000,0.2592,91.35
1786828320000,0.2592,91.35
1786828380000,0.2592,91.35
1786828440000,0.2592,91.35
1786828500000,0.2592,91.35
1786828560000,0.2592,91.35
1786828620000,0.2592,91.35
1786828680000,0.2592,91.35
1786828740000,0.2592,91.35
1786828800000,0.2592,91.35
1786828860000,0.2592,91.35
1786828920000,0.2592,91.35
1786828980000,0.2592,91.35
1786829040000,0.2592,91.35
1786829100000,0.2592,91.35
1786829160000,0.2592,91.35
1786829220000,0.2592,91.35
1786829280000,0.2592,91.35
1786829340000,0.2592,91.35
1786829400000,0.2592,91.35
1786829460000,0.2592,91.35
1786829520000,0.2592,91.35
1786829580000,0.2592,91.35
1786829640000,0.2592,91.35
1786829700000,0.2592,91.35
1786829760000,0.2592,91.35
1786829820000,0.2592,91.35
1786829880000,0.2592,91.35
1786829940000,0.2592,91.35
1786830000000,0.2592,91.35
1786830060000,0.2592,91.35
1786830120000,0.2592,91.35
1786830180000,0.2592,91.35
1786830240000,0.2592,91.35
1786830300000,0.2592,91.35
1786830360000,0.2592,91.35
1786830420000,0.2592,91.35
1786830480000,0.2592,91.35
1786830540000,0.2592,91.35
1786830600000,0.2592,91.35
1786830660000,0.2592,91.35
1786830720000,0.2592,91.35
1786830780000,0.2592,91.35
1786830840000,0.2592,91.35
1786830900000,0.2592,91.35
1786830960000,0.2592,91.35
1786831020000,0.2592,91.35
1786831080000,0.2592,91.35
1786831140000,0.2592,91.35
1786831200000,0.2592,91.35
1786831260000,0.2592,91.35
1786831320000,0.2592,91.35
1786831380000,0.2592,91.35
1786831440000,0.2592,91.35
1786831500000,0.2592,91.35
1786831560000,0.2592,91.35
1786831620000,0.2592,91.35
1786831680000,0.2592,91.35
1786831740000,0.2592,91.35
1786831800000,0.2592,91.35
1786831860000,0.2592,91.35
1786831920000,0.2592,91.35
1786831980000,0.2592,91.35
1786832040000,0.2592,91.35
1786832100000,0.2592,91.35
1786832160000,0.2592,91.35
1786832220000,0.2592,91.35
1786832280000,0.2592,91.35
1786832340000,0.2592,91.35
1786832400000,0.2592,91.35
1786832460000,0.2592,91.35
1786832520000,0.2592,91.35
1786832580000,0.2592,91.35
1786832640000,0.2592,91.35
1786832700000,0.2592,91.35
1786832760000,0.2592,91.35
1786832820000,0.2592,91.35
1786832880000,0.2592,91.35
1786832940000,0.2592,91.35
1786833000000,0.2592,91.35
1786833060000,0.2592,91.35
1786833120000,0.2592,91.35
1786833180000,0.2592,91.35
1786833240000,0.2592,91.35
1786833300000,0.2592,91.35
1786833360000,0.2592,91.35
1786833420000,0.2592,91.35
1786833480000,0.2592,91.35
1786833540000,0.2592,91.35
1786833600000,0.2592,91.35
1786833660000,0.2592,91.35
1786833720000,0.2592,91.35
1786833780000,0.2592,91.35
1786833840000,0.2592,91.35
1786833900000,0.2592,91.35
1786833960000,0.2592,91.35
1786834020000,0.2592,91.35
1786834080000,0.2592,91.35
1786834140000,0.2592,91.35
1786834200000,0.2592,91.35
1786834260000,0.2592,91.35
1786834320000,0.2592,91.35
1786834380000,0.2592,91.35
1786834440000,0.2592,91.35
1786834500000,0.2592,91.35
1786834560000,0.2592,91.35
1786834620000,0.2592,91.35
1786834680000,0.2592,91.35
1786834740000,0.2592,91.35
1786834800000,0.2592,91.35
1786834860000,0.2592,91.35
1786834920000,0.2592,91.35
1786834980000,0.2592,91.35
1786835040000,0.2592,91.35
1786835100000,0.2592,91.35
1786835160000,0.2592,91.35
1786835220000,0.2592,91.35
1786835280000,0.2592,91.35
1786835340000,0.2592,91.35
1786835400000,0.2592,91.35
1786835460000,0.2592,91.35
1786835520000,0.2592,91.35
1786835580000,0.2592,91.35
1786835640000,0.2592,91.35
1786835700000,0.2592,91.35
1786835760000,0.2592,91.35
1786835820000,0.2592,91.35
1786835880000,0.2592,91.35
1786835940000,0.2592,91.35
1786836000000,0.2592,91.35
1786836060000,0.2592,91.35
1786836120000,0.2592,91.35
1786836180000,0.2592,91.35
1786836240000,0.2592,91.35
1786836300000,0.2592,91.35
1786836360000,0.2592,91.35
1786836420000,0.2592,91.35
1786836480000,0.2592,91.35
1786836540000,0.2592,91.35
1786836600000,0.2592,91.35
1786836660000,0.2592,91.35
1786836720000,0.2592,91.35
1786836780000,0.2592,91.35
1786836840000,0.2592,91.35
1786836900000,0.2592,91.35
1786836960000,0.2592,91.35
1786837020000,0.2592,91.35
1786837080000,0.2592,91.35
1786837140000,0.2592,91.35
1786837200000,0.2592,91.35
1786837260000,0.2592,91.35
1786837320000,0.2592,91.35
1786837380000,0.2592,91.35
1786837440000,0.2592,91.35
1786837500000,0.2592,91.35
1786837560000,0.2592,91.35
1786837620000,0.2592,91.35
1786837680000,0.2592,91.35
1786837740000,0.2592,91.35
1786837800000,0.2592,91.35
1786837860000,0.2592,91.35
1786837920000,0.2592,91.35
1786837980000,0.2592,91.35
1786838040000,0.2592,91.35
1786838100000,0.2592,91.35
1786838160000,0.2592,91.35
1786838220000,0.2592,91.35
1786838280000,0.2592,91.35
1786838340000,0.2592,91.35
1786838400000,0.2592,91.35
1786838460000,0.2592,91.35
1786838520000,0.2592,91.35
1786838580000,0.2592,91.35
1786838640000,0.2592,91.35
1786838700000,0.2592,91.35
1786838760000,0.2592,91.35
1786838820000,0.2592,91.35
1786838880000,0.2592,91.35
1786838940000,0.2592,91.35
1786839000000,0.2592,91.35
1786839060000,0.2592,91.35
1786839120000,0.2592,91.35
1786839180000,0.2592,91.35
1786839240000,0.2592,91.35
1786839300000,0.2592,91.35
1786839360000,0.2592,91.35
1786839420000,0.2592,91.35
1786839480000,0.2592,91.35
1786839540000,0.2592,91.35
1786839600000,0.2592,91.35
1786839660000,0.2592,91.35
1786839720000,0.2592,91.35
1786839780000,0.2592,91.35
1786839840000,0.2592,91.35
1786839900000,0.2592,91.35
1786839960000,0.2592,91.35
1786840020000,0.2592,91.35
1786840080000,0.2592,91.35
1786840140000,0.2592,91.35
1786840200000,0.2592,91.35
1786840260000,0.2592,91.35
1786840320000,0.2592,91.35
1786840380000,0.2592,91.35
1786840440000,0.2592,91.35
1786840500000,0.2592,91.35
1786840560000,0.2592,91.35
1786840620000,0.2592,91.35
1786840680000,0.2592,91.35
1786840740000,0.2592,91.35
1786840800000,0.2592,91.35
1786840860000,0.2592,91.35
1786840920000,0.2592,91.35
1786840980000,0.2592,91.35
1786841040000,0.2592,91.35
1786841100000,0.2592,91.35
1786841160000,0.2592,91.35
1786841220000,0.2592,91.35
1786841280000,0.2592,91.35
1786841340000,0.2592,91.35
1786841400000,0.2592,91.35
1786841460000,0.2592,91.35
1786841520000,0.2592,91.35
1786841580000,0.2592,91.35
1786841640000,0.2592,91.35
1786841700000,0.2592,91.35
1786841760000,0.2592,91.35
1786841820000,0.2592,91.35
1786841880000,0.2592,91.35
1786841940000,0.2592,91.35
1786842000000,0.2592,91.35
1786842060000,0.2592,91.35
1786842120000,0.2592,91.35
1786842180000,0.2592,91.35
1786842240000,0.2592,91.35
1786842300000,0.2592,91.35
1786842360000,0.2592,91.35
1786842420000,0.2592,91.35
1786842480000,0.2592,91.35
1786842540000,0.2592,91.35
1786842600000,0.2592,91.35
1786842660000,0.2592,91.35
1786842720000,0.2592,91.35
1786842780000,0.2592,91.35
1786842840000,0.2592,91.35
1786842900000,0.2592,91.35
1786842960000,0.2592,91.35
1786843020000,0.2592,91.35
1786843080000,0.2592,91.35
1786843140000,0.2592,91.35
1786843200000,0.2592,91.35
1786843260000,0.2592,91.35
1786843320000,0.2592,91.35
1786843380000,0.2592,91.35
1786843440000,0.2592,91.35
1786843500000,0.2592,91.35
1786843560000,0.2592,91.35
1786843620000,0.2592,91.35
1786843680000,0.2592,91.35
1786843740000,0.2592,91.35
1786843800000,0.2592,91.35
1786843860000,0.2592,91.35
1786843920000,0.2592,91.35
1786843980000,0.2592,91.35
1786844040000,0.2592,91.35
1786844100000,0.2592,91.35
1786844160000,0.2592,91.35
1786844220000,0.2592,91.35
1786844280000,0.2592,91.35
1786844340000,0.1768,94.1
1786954320000,0.1768,94.1
1786954380000,0.1768,94.1
1786954440000,0.1768,94.1
1786954500000,0.1768,94.1
1786954560000,0.1768,94.1
1786954620000,0.1768,94.1
1786954680000,0.1768,94.1
1786954740000,0.1768,94.1
1786954800000,0.1768,94.1
1786954860000,0.1768,94.1
1786954920000,0.1768,94.1
1786954980000,0.1768,94.1
1786955040000,0.1768,94.1
1786955100000,0.1768,94.1
1786955160000,0.1768,94.1
1786955220000,0.1768,94.1
1786955280000,0.1768,94.1
1786955340000,0.1768,94.1
1786955400000,0.1768,94.1
1786955460000,0.1768,94.1
1786955520000,0.1768,94.1
1786955580000,0.1768,94.1
1786955640000,0.1768,94.1
1786955700000,0.1768,94.1
1786955760000,0.1768,94.1
1786955820000,0.1768,94.1
1786955880000,0.1768,94.1
1786955940000,0.1768,94.1
1786956000000,0.1768,94.1
1786956060000,0.1768,94.1
1786956120000,0.1768,94.1
1786956180000,0.1768,94.1
1786956240000,0.1768,94.1
1786956300000,0.1768,94.1
1786956360000,0.1768,94.1
1786956420000,0.1768,94.1
1786956480000,0.1768,94.1
1786956540000,0.1768,94.1
1786956600000,0.1768,94.1
1786956660000,0.1768,94.1
1786956720000,0.1768,94.1
1786956780000,0.1768,94.1
1786956840000,0.1768,94.1
1786956900000,0.1768,94.1
1786956960000,0.1768,94.1
1786957020000,0.1768,94.1
1786957080000,0.1768,94.1
1786957140000,0.1768,94.1
1786957200000,0.1768,94.1
1786957260000,0.1768,94.1
1786957320000,0.1768,94.1
1786957380000,0.1768,94.1
1786957440000,0.1768,94.1
1786957500000,0.1768,94.1
1786957560000,0.1768,94.1
1786957620000,0.1768,94.1
1786957680000,0.1768,94.1
1786957740000,0.1768,94.1
1786957800000,0.1768,94.1
1786957860000,0.1768,94.1
1786957920000,0.1768,94.1
1786957980000,0.1768,94.1
1786958040000,0.1768,94.1
1786958100000,0.1768,94.1
1786958160000,0.1768,94.1
1786958220000,0.1768,94.1
1786958280000,0.1768,94.1
1786958340000,0.1768,94.1
1786958400000,0.1768,94.1
1786958460000,0.1768,94.1
1786958520000,0.1768,94.1
1786958580000,0.1768,94.1
1786958640000,0.1768,94.1
1786958700000,0.1768,94.1
1786958760000,0.1768,94.1
1786958820000,0.1768,94.1
1786958880000,0.1768,94.1
1786958940000,0.1768,94.1
1786959000000,0.1768,94.1
1786959060000,0.1768,94.1
1786959120000,0.1768,94.1
1786959180000,0.1768,94.1
1786959240000,0.1768,94.1
1786959300000,0.1768,94.1
1786959360000,0.1768,94.1
1786959420000,0.1768,94.1
1786959480000,0.1768,94.1
1786959540000,0.1768,94.1
1786959600000,0.1768,94.1
1786959660000,0.1768,94.1
1786959720000,0.1768,94.1
1786959780000,0.1768,94.1
1786959840000,0.1768,94.1
1786959900000,0.1768,94.1
1786959960000,0.1768,94.1
1786960020000,0.1768,94.1
1786960080000,0.1768,94.1
1786960140000,0.1768,94.1
1786960200000,0.1768,94.1
1786960260000,0.1768,94.1
1786960320000,0.1768,94.1
1786960380000,0.1768,94.1
1786960440000,0.1768,94.1
1786960500000,0.1768,94.1
1786960560000,0.1768,94.1
1786960620000,0.1768,94.1
1786960680000,0.1768,94.1
1786960740000,0.1768,94.1
1786960800000,0.1768,94.1
1786960860000,0.1768,94.1
1786960920000,0.1768,94.1
1786960980000,0.1768,94.1
1786961040000,0.1768,94.1
1786961100000,0.1768,94.1
1786961160000,0.1768,94.1
1786961220000,0.1768,94.1
1786961280000,0.1768,94.1
1786961340000,0.1768,94.1
1786961400000,0.1768,94.1
1786961460000,0.1768,94.1
1786961520000,0.1768,94.1
1786961580000,0.1768,94.1
1786961640000,0.1768,94.1
1786961700000,0.1768,94.1
1786961760000,0.1768,94.1
1786961820000,0.1768,94.1
1786961880000,0.1768,94.1
1786961940000,0.1768,94.1
1786962000000,0.1768,94.1
1786962060000,0.1768,94.1
1786962120000,0.1768,94.1
1786962180000,0.1768,94.1
1786962240000,0.1768,94.1
1786962300000,0.1768,94.1
1786962360000,0.1768,94.1
1786962420000,0.1768,94.1
1786962480000,0.1768,94.1
1786962540000,0.1768,94.1
1786962600000,0.1768,94.1
1786962660000,0.1768,94.1
1786962720000,0.0623,97.92
1787041200000,0.0623,97.92
1787041260000,0.0623,97.92
1787041320000,0.0623,97.92
1787041380000,0.0623,97.92
1787041440000,0.0623,97.92
1787041500000,0.0623,97.92
1787041560000,0.0623,97.92
1787041620000,0.0623,97.92
1787041680000,0.0623,97.92
1787041740000,0.0623,97.92
1787041800000,0.0623,97.92
1787041860000,0.0623,97.92
1787041920000,0.0623,97.92
1787041980000,0.0623,97.92
1787042040000,0.0623,97.92
1787042100000,0.0623,97.92
1787042160000,0.0623,97.92
1787042220000,0.0623,97.92
1787042280000,0.0623,97.92
1787042340000,0.0623,97.92
1787042400000,0.0623,97.92
1787042460000,0.0623,97.92
1787042520000,0.0623,97.92
1787042580000,0.0623,97.92
1787042640000,0.0623,97.92
1787042700000,0.0623,97.92
1787042760000,0.0623,97.92
1787042820000,0.0623,97.92
1787042880000,0.0623,97.92
1787042940000,0.0623,97.92
1787043000000,0.0623,97.92
1787043060000,0.0623,97.92
1787043120000,0.0623,97.92
1787043180000,0.0623,97.92
1787043240000,0.0623,97.92
1787043300000,0.0623,97.92
1787043360000,0.0623,97.92
1787043420000,0.0623,97.92
1787043480000,0.0623,97.92
1787043540000,0.0623,97.92
1787043600000,0.0623,97.92
1787043660000,0.0623,97.92
1787043720000,0.0623,97.92
1787043780000,0.0623,97.92
1787043840000,0.0623,97.92
1787043900000,0.0623,97.92
1787043960000,0.0623,97.92
1787044020000,0.0623,97.92
1787044080000,0.0623,97.92
1787044140000,0.0623,97.92
1787044200000,0.0623,97.92
1787044260000,0.0623,97.92
1787044320000,0.0623,97.92
1787044380000,0.0623,97.92
1787044440000,0.0623,97.92
1787044500000,0.0623,97.92
1787044560000,0.0623,97.92
1787044620000,0.0623,97.92
1787044680000,0.0623,97.92
1787044740000,0.0623,97.92
1787044800000,0.0623,97.92
1787044860000,0.0623,97.92
1787044920000,0.0623,97.92
1787044980000,0.0623,97.92
1787045040000,0.0623,97.92
1787045100000,0.0623,97.92
1787045160000,0.0623,97.92
1787045220000,0.0623,97.92
1787045280000,0.0623,97.92
1787045340000,0.0623,97.92
1787045400000,0.0623,97.92
1787045460000,0.0623,97.92
1787045520000,0.0623,97.92
1787045580000,0.0623,97.92
1787045640000,0.0623,97.92
1787045700000,0.0623,97.92
1787045760000,0.0623,97.92
1787045820000,0.0623,97.92
1787045880000,0.0623,97.92
1787045940000,0.0623,97.92
1787046000000,0.0623,97.92
1787046060000,0.0623,97.92
1787046120000,0.0623,97.92
1787046180000,0.0623,97.92
1787046240000,0.0623,97.92
1787046300000,0.0623,97.92
1787046360000,0.0623,97.92
1787046420000,0.0623,97.92
1787046480000,0.0623,97.92
1787046540000,0.0623,97.92
1787046600000,0.0623,97.92
1787046660000,0.0623,97.92
1787046720000,0.0623,97.92
1787046780000,0.0623,97.92
1787046840000,0.0623,97.92
1787046900000,0.0623,97.92
1787046960000,0.0623,97.92
1787047020000,0.0623,97.92
1787047080000,0.0623,97.92
1787047140000,0.0623,97.92
1787047200000,0.0623,97.92
1787047260000,0.0623,97.92
1787047320000,0.0623,97.92
1787047380000,0.0623,97.92
1787047440000,0.0623,97.92
1787047500000,0.0623,97.92
1787047560000,0.0623,97.92
1787047620000,0.0623,97.92
1787047680000,0.0623,97.92
1787047740000,0.0623,97.92
1787047800000,0.0623,97.92
1787047860000,0.0623,97.92
1787047920000,0.0623,97.92
1787047980000,0.0623,97.92
1787048040000,0.0623,97.92
1787048100000,0.0623,97.92
1787048160000,0.0623,97.92
1787048220000,0.0623,97.92
1787048280000,0.0623,97.92
1787048340000,0.0623,97.92
1787048400000,0.0623,97.92
1787048460000,0.0623,97.92
1787048520000,0.0623,97.92
1787048580000,0.0623,97.92
1787048640000,0.0623,97.92
1787048700000,0.0623,97.92
1787048760000,0.0623,97.92
1787048820000,0.0623,97.92
1787048880000,0.0623,97.92
1787048940000,0.0623,97.92
1787049000000,0.0623,97.92
1787049060000,0.0623,97.92
1787049120000,0.0623,97.92
1787049180000,0.0623,97.92
1787049240000,0.0623,97.92
1787049300000,0.0623,97.92
1787049360000,0.0623,97.92
1787049420000,0.0623,97.92
1787049480000,0.0623,97.92
1787049540000,0.0623,97.92
1787049600000,0.0623,97.92
1787049660000,0.0623,97.92
1787049720000,0.0623,97.92
1787049780000,0.0623,97.92
1787049840000,0.0623,97.92
1787049900000,0.0623,97.92
1787049960000,0.0623,97.92
1787050020000,0.0623,97.92
1787050080000,0.0623,97.92
1787050140000,0.0623,97.92
1787050200000,0.0623,97.92
1787050260000,0.0623,97.92
1787050320000,0.0623,97.92
1787050380000,0.0623,97.92
1787050440000,0.0623,97.92
1787050500000,0.0623,97.92
1787050560000,0.0623,97.92
1787050620000,0.0623,97.92
1787050680000,0.0623,97.92
1787050740000,0.0623,97.92
1787050800000,0.0623,97.92
1787050860000,0.0623,97.92
1787050920000,0.0623,97.92
1787050980000,0.0623,97.92
1787051040000,0.0623,97.92
1787051100000,0.0623,97.92
1787051160000,0.0623,97.92
1787051220000,0.0623,97.92
1787051280000,0.0623,97.92
1787051340000,0.0623,97.92
1787051400000,0.0623,97.92
1787051460000,0.0623,97.92
1787051520000,0.0623,97.92
1787051580000,0.0623,97.92
1787051640000,0.0623,97.92
1787051700000,0.0623,97.92
1787051760000,0.0623,97.92
1787051820000,0.0623,97.92
1787051880000,0.0623,97.92
1787051940000,0.0623,97.92
1787052000000,0.0623,97.92
1787052060000,0.0623,97.92
1787052120000,0.0623,97.92
1787052180000,0.0623,97.92
1787052240000,0.0623,97.92
1787052300000,0.0623,97.92
1787052360000,0.0623,97.92
1787052420000,0.0623,97.92
1787052480000,0.0623,97.92
1787052540000,0.0623,97.92
1787052600000,0.0623,97.92
1787052660000,0.0623,97.92
1787052720000,0.0623,97.92
1787052780000,0.0623,97.92
1787052840000,0.0623,97.92
1787052900000,0.0623,97.92
1787052960000,0.0623,97.92
1787053020000,0.0623,97.92
1787053080000,0.0623,97.92
1787053140000,0.0623,97.92
1787053200000,0.0623,97.92
1787053260000,0.0623,97.92
1787053320000,0.0623,97.92
1787053380000,0.0623,97.92
1787053440000,0.0623,97.92
1787053500000,0.0623,97.92
1787053560000,0.0623,97.92
1787053620000,0.0623,97.92
1787053680000,0.0623,97.92
1787053740000,0.0623,97.92
1787053800000,0.0623,97.92
1787053860000,0.0623,97.92
1787053920000,0.0623,97.92
1787053980000,0.0623,97.92
1787054040000,0.0623,97.92
1787054100000,0.0623,97.92
1787054160000,0.0623,97.92
1787054220000,0.0623,97.92
1787054280000,0.0623,97.92
1787054340000,0.0623,97.92
1787054400000,0.0623,97.92
1787054460000,0.0623,97.92
1787054520000,0.0623,97.92
1787054580000,0.0623,97.92
1787054640000,0.0623,97.92
1787054700000,0.0623,97.92
1787054760000,0.0623,97.92
1787054820000,0.0623,97.92
1787054880000,0.0623,97.92
1787054940000,0.0623,97.92
1787055000000,0.0623,97.92
1787055060000,0.0623,97.92
1787055120000,0.0623,97.92
1787055180000,0.0623,97.92
1787055240000,0.0623,97.92
1787055300000,0.0623,97.92
1787055360000,0.0623,97.92
1787055420000,0.0623,97.92
1787055480000,0.0623,97.92
1787055540000,0.0623,97.92
1787055600000,0.0623,97.92
1787055660000,0.0623,97.92
1787055720000,0.0623,97.92
1787055780000,0.0623,97.92
1787055840000,0.0623,97.92
1787055900000,0.0623,97.92
1787055960000,0.0623,97.92
1787056020000,0.0623,97.92
1787056080000,0.0623,97.92
1787056140000,0.0623,97.92
1787056200000,0.0623,97.92
1787056260000,0.0623,97.92
1787056320000,0.0623,97.92
1787056380000,0.0623,97.92
1787056440000,0.0623,97.92
1787056500000,0.0623,97.92
1787056560000,0.0623,97.92
1787056620000,0.0623,97.92
1787056680000,0.0623,97.92
1787056740000,0.0623,97.92
1787056800000,0.0623,97.92
1787056860000,0.0623,97.92
1787056920000,0.0623,97.92
1787056980000,0.0623,97.92
1787057040000,0.0623,97.92
1787057100000,0.0623,97.92
1787057160000,0.0623,97.92
1787057220000,0.0623,97.92
1787057280000,0.0623,97.92
1787057340000,0.0623,97.92
1787057400000,0.0623,97.92
1787057460000,0.0623,97.92
1787057520000,0.0623,97.92
1787057580000,0.0623,97.92
1787057640000,0.0623,97.92
1787057700000,0.0623,97.92
1787057760000,0.0623,97.92
1787057820000,0.0623,97.92
1787057880000,0.0623,97.92
1787057940000,0.0623,97.92
1787058000000,0.0623,97.92
1787058060000,0.0623,97.92
1787058120000,0.0623,97.92
1787058180000,0.0623,97.92
1787058240000,0.0623,97.92
1787058300000,0.0623,97.92
1787058360000,0.0623,97.92
1787058420000,0.0623,97.92
1787058480000,0.0623,97.92
1787058540000,0.0623,97.92
1787058600000,0.0623,97.92
1787058660000,0.0623,97.92
1787058720000,0.0623,97.92
1787058780000,0.0623,97.92
1787058840000,0.0623,97.92
1787058900000,0.0623,97.92
1787058960000,0.0623,97.92
1787059020000,0.0623,97.92
1787059080000,0.0623,97.92
1787059140000,0.0623,97.92
1787059200000,0.0623,97.92
1787059260000,0.0623,97.92
1787059320000,0.0623,97.92
1787059380000,0.0623,97.92
1787059440000,0.0623,97.92
1787059500000,0.0623,97.92
1787059560000,0.0623,97.92
1787059620000,0.0623,97.92
1787059680000,0.0623,97.92
1787059740000,0.0623,97.92
1787059800000,0.0623,97.92
1787059860000,0.0623,97.92
1787059920000,0.0623,97.92
1787059980000,0.0623,97.92
1787060040000,0.0623,97.92
1787060100000,0.0623,97.92
1787060160000,0.0623,97.92
1787060220000,0.0623,97.92
1787060280000,0.0623,97.92
1787060340000,0.0623,97.92
1787060400000,0.0623,97.92
1787060460000,0.0623,97.92
1787060520000,0.0623,97.92
1787060580000,0.0623,97.92
1787060640000,0.0623,97.92
1787060700000,0.0623,97.92
1787060760000,0.0623,97.92
1787060820000,0.0623,97.92
1787060880000,0.0623,97.92
1787060940000,0.0623,97.92
1787061000000,0.0623,97.92
1787061060000,0.0623,97.92
1787061120000,0.0623,97.92
1787061180000,0.0623,97.92
1787061240000,0.0623,97.92
1787061300000,0.0623,97.92
1787061360000,0.0623,97.92
1787061420000,0.0623,97.92
1787061480000,0.0623,97.92
1787061540000,0.0623,97.92
1787061600000,0.0623,97.92
1787061660000,0.0623,97.92
1787061720000,0.0623,97.92
1787061780000,0.0623,97.92
1787061840000,0.0623,97.92
1787061900000,0.0623,97.92
1787061960000,0.0623,97.92
1787062020000,0.0623,97.92
1787062080000,0.0623,97.92
1787062140000,0.0623,97.92
1787062200000,0.0623,97.92
1787062260000,0.0623,97.92
1787062320000,0.0623,97.92
1787062380000,0.0623,97.92
1787062440000,0.0623,97.92
1787062500000,0.0623,97.92
1787062560000,0.0623,97.92
1787062620000,0.0623,97.92
1787062680000,0.0623,97.92
1787062740000,0.0623,97.92
1787062800000,0.0623,97.92
1787062860000,0.0623,97.92
1787062920000,0.0623,97.92
1787062980000,0.0623,97.92
1787063040000,0.0623,97.92
1787063100000,0.0623,97.92
1787063160000,0.0623,97.92
1787063220000,0.0623,97.92
1787063280000,0.1949,93.49
1787065260000,0.1949,93.49
1787065320000,0.1949,93.49
1787065380000,0.1949,93.49
1787065440000,0.1949,93.49
1787065500000,0.1949,93.49
1787065560000,0.1949,93.49
1787065620000,0.1949,93.49
1787065680000,0.1949,93.49
1787065740000,0.1949,93.49
1787065800000,0.0965,96.78
1787067300000,0.0965,96.78
1787067360000,0.0965,96.78
1787067420000,0.0965,96.78
1787067480000,0.0965,96.78
1787067540000,0.0965,96.78
1787067600000,0.0965,96.78
1787067660000,0.0965,96.78
1787067720000,0.0965,96.78
1787067780000,0.0965,96.78
1787067840000,0.0965,96.78
1787067900000,0.0965,96.78
1787067960000,0.0965,96.78
1787068020000,0.0965,96.78
1787068080000,0.0965,96.78
1787068140000,0.0965,96.78
1787068200000,0.0965,96.78
1787068260000,0.0965,96.78
1787068320000,0.0965,96.78
1787068380000,0.0965,96.78
1787068440000,0.0965,96.78
1787068500000,0.0965,96.78
1787068560000,0.0965,96.78
1787068620000,0.0965,96.78
1787068680000,0.0965,96.78
1787068740000,0.0965,96.78
1787068800000,0.0965,96.78
1787068860000,0.0965,96.78
1787068920000,0.0965,96.78
1787068980000,0.0965,96.78
1787069040000,0.0965,96.78
1787069100000,0.0965,96.78
1787069160000,0.0965,96.78
1787069220000,0.0965,96.78
1787069280000,0.0965,96.78
1787069340000,0.0965,96.78
1787069400000,0.0965,96.78
1787069460000,0.0965,96.78
1787069520000,0.0965,96.78
1787069580000,0.0965,96.78
1787069640000,0.0965,96.78
1787069700000,0.0965,96.78
1787069760000,0.0965,96.78
1787069820000,0.0965,96.78
1787069880000,0.0965,96.78
1787069940000,0.0965,96.78
1787070000000,0.0965,96.78
1787070060000,0.0965,96.78
1787070120000,0.0965,96.78
1787070180000,0.0965,96.78
1787070240000,0.0965,96.78
1787070300000,0.0965,96.78
1787070360000,0.0965,96.78
1787070420000,0.0965,96.78
1787070480000,0.0965,96.78
1787070540000,0.0965,96.78
1787070600000,0.0965,96.78
1787070660000,0.0965,96.78
1787070720000,0.0965,96.78
1787070780000,0.0965,96.78
1787070840000,0.0965,96.78
1787070900000,0.0965,96.78
1787070960000,0.0965,96.78
1787071020000,0.0965,96.78
1787071080000,0.0965,96.78
1787071140000,0.0965,96.78
1787071200000,0.0965,96.78
1787071260000,0.0965,96.78
1787071320000,0.0965,96.78
1787071380000,0.0965,96.78
1787071440000,0.0965,96.78
1787071500000,0.0965,96.78
1787071560000,0.0965,96.78
1787071620000,0.0965,96.78
1787071680000,0.0965,96.78
1787071740000,0.0965,96.78
1787071800000,0.0965,96.78
1787071860000,0.0965,96.78
1787071920000,0.0965,96.78
1787071980000,0.0965,96.78
1787072040000,0.0965,96.78
1787072100000,0.0965,96.78
1787072160000,0.0965,96.78
1787072220000,0.0965,96.78
1787072280000,0.0965,96.78
1787072340000,0.0965,96.78
1787072400000,0.0965,96.78
1787072460000,0.0965,96.78
1787072520000,0.0965,96.78
1787072580000,0.0965,96.78
1787072640000,0.0965,96.78
1787072700000,0.0965,96.78
1787072760000,0.0965,96.78
1787072820000,0.0965,96.78
1787072880000,0.0965,96.78
1787072940000,0.0965,96.78
1787073000000,0.0965,96.78
1787073060000,0.0965,96.78
1787073120000,0.0965,96.78
1787073180000,0.0965,96.78
1787073240000,0.0965,96.78
1787073300000,0.0965,96.78
1787073360000,0.0965,96.78
1787073420000,0.0965,96.78
1787073480000,0.0965,96.78
1787073540000,0.0965,96.78
1787073600000,0.0965,96.78
1787073660000,0.0965,96.78
1787073720000,0.0965,96.78
1787073780000,0.0965,96.78
1787073840000,0.0965,96.78
1787073900000,0.0965,96.78
1787073960000,0.0965,96.78
1787074020000,0.0965,96.78
1787074080000,0.0965,96.78
1787074140000,0.0965,96.78
1787074200000,0.0965,96.78
1787074260000,0.0965,96.78
1787074320000,0.0965,96.78
1787074380000,0.0965,96.78
1787074440000,0.0965,96.78
1787074500000,0.0965,96.78
1787074560000,0.0965,96.78
1787074620000,0.0965,96.78
1787074680000,0.0965,96.78
1787074740000,0.0965,96.78
1787074800000,0.0965,96.78
1787074860000,0.0965,96.78
1787074920000,0.0965,96.78
1787074980000,0.0965,96.78
1787075040000,0.0965,96.78
1787075100000,0.0965,96.78
1787075160000,0.0965,96.78
1787075220000,0.0965,96.78
1787075280000,0.0965,96.78
1787075340000,0.0965,96.78
1787075400000,0.0965,96.78
1787075460000,0.0965,96.78
1787075520000,0.0965,96.78
1787075580000,0.0965,96.78
1787075640000,0.0965,96.78
1787075700000,0.0965,96.78
1787075760000,0.0965,96.78
1787075820000,0.0052,99.83
1787128980000,0.0052,99.83
1787129040000,0.0052,99.83
1787129100000,0.0052,99.83
1787129160000,0.0052,99.83
1787129220000,0.0052,99.83
1787129280000,0.0052,99.83
1787129340000,0.0052,99.83
1787129400000,0.0052,99.83
1787129460000,0.0052,99.83
1787129520000,0.0052,99.83
1787129580000,0.0052,99.83
1787129640000,0.0052,99.83
1787129700000,0.0052,99.83
1787129760000,0.0052,99.83
1787129820000,0.0052,99.83
1787129880000,0.0052,99.83
1787129940000,0.0052,99.83
1787130000000,0.0052,99.83
1787130060000,0.0052,99.83
1787130120000,0.0052,99.83
1787130180000,0.0052,99.83
1787130240000,0.0052,99.83
1787130300000,0.0052,99.83
1787130360000,0.0052,99.83
1787130420000,0.0052,99.83
1787130480000,0.0052,99.83
1787130540000,0.0052,99.83
1787130600000,0.0052,99.83
1787130660000,0.0052,99.83
1787130720000,0.0052,99.83
1787130780000,0.0052,99.83
1787130840000,0.0052,99.83
1787130900000,0.0052,99.83
1787130960000,0.0052,99.83
1787131020000,0.0052,99.83
1787131080000,0.0052,99.83
1787131140000,0.0052,99.83
1787131200000,0.0052,99.83
1787131260000,0.0052,99.83
1787131320000,0.0052,99.83
1787131380000,0.0052,99.83
1787131440000,0.0052,99.83
1787131500000,0.0052,99.83
1787131560000,0.0052,99.83
1787131620000,0.0052,99.83
1787131680000,0.0052,99.83
1787131740000,0.0052,99.83
1787131800000,0.0052,99.83
1787131860000,0.0052,99.83
1787131920000,0.0052,99.83
1787131980000,0.0052,99.83
1787132040000,0.0052,99.83
1787132100000,0.0052,99.83
1787132160000,0.0052,99.83
1787132220000,0.0052,99.83
1787132280000,0.0052,99.83
1787132340000,0.0052,99.83
1787132400000,0.0052,99.83
1787132460000,0.0052,99.83
1787132520000,0.0052,99.83
1787132580000,0.0052,99.83
1787132640000,0.0052,99.83
1787132700000,0.0052,99.83
1787132760000,0.0052,99.83
1787132820000,0.0052,99.83
1787132880000,0.0052,99.83
1787132940000,0.0052,99.83
1787133000000,0.0052,99.83
1787133060000,0.0052,99.83
1787133120000,0.0052,99.83
1787133180000,0.0052,99.83
1787133240000,0.0052,99.83
1787133300000,0.0052,99.83
1787133360000,0.0052,99.83
1787133420000,0.0052,99.83
1787133480000,0.0052,99.83
1787133540000,0.0052,99.83
1787133600000,0.0052,99.83
1787133660000,0.0052,99.83
1787133720000,0.0052,99.83
1787133780000,0.0052,99.83
1787133840000,0.0052,99.83
1787133900000,0.0052,99.83
1787133960000,0.0052,99.83
1787134020000,0.0052,99.83
1787134080000,0.0052,99.83
1787134140000,0.0052,99.83
1787134200000,0.0052,99.83
1787134260000,0.0052,99.83
1787134320000,0.0052,99.83
1787134380000,0.0052,99.83
1787134440000,0.0052,99.83
1787134500000,0.0052,99.83
1787134560000,0.0052,99.83
1787134620000,0.0052,99.83
1787134680000,0.0052,99.83
1787134740000,0.0052,99.83
1787134800000,0.0052,99.83
1787134860000,0.0052,99.83
1787134920000,0.0052,99.83
1787134980000,0.0052,99.83
1787135040000,0.0052,99.83
1787135100000,0.0052,99.83
1787135160000,0.0052,99.83
1787135220000,0.0052,99.83
1787135280000,-0.0985,103.29
1787214420000,-0.0985,103.29
1787214480000,-0.0985,103.29
1787214540000,-0.0985,103.29
1787214600000,-0.0985,103.29
1787214660000,-0.0985,103.29
1787214720000,-0.0985,103.29
1787214780000,-0.0985,103.29
1787214840000,-0.0985,103.29
1787214900000,-0.1797,106.0
1787299320000,-0.1797,106.0
1787299380000,-0.1797,106.0
1787299440000,-0.1797,106.0
1787299500000,-0.1797,106.0
1787299560000,-0.1797,106.0
1787299620000,-0.1797,106.0
1787299680000,-0.1797,106.0
1787299740000,-0.1797,106.0
1787299800000,-0.1797,106.0
1787299860000,-0.1797,106.0
1787299920000,-0.1797,106.0
1787299980000,-0.1797,106.0
1787300040000,-0.1797,106.0
1787300100000,-0.1797,106.0
1787300160000,-0.1797,106.0
1787300220000,-0.1797,106.0
1787300280000,-0.1797,106.0
1787300340000,-0.1797,106.0
1787300400000,-0.1797,106.0
1787300460000,-0.1797,106.0
1787300520000,-0.1797,106.0
1787300580000,-0.1797,106.0
1787300640000,-0.1797,106.0
1787300700000,-0.1797,106.0
1787300760000,-0.1797,106.0
1787300820000,-0.1797,106.0
1787300880000,-0.1797,106.0
1787300940000,-0.1797,106.0
1787301000000,-0.1797,106.0
1787301060000,-0.1797,106.0
1787301120000,-0.1797,106.0
1787301180000,-0.1797,106.0
1787301240000,-0.033,101.1
1787306340000,-0.033,101.1
1787306400000,-0.033,101.1
1787306460000,-0.033,101.1
1787306520000,-0.033,101.1
1787306580000,-0.033,101.1
1787306640000,-0.033,101.1
1787306700000,-0.033,101.1
1787306760000,-0.033,101.1
1787306820000,-0.033,101.1
1787306880000,-0.033,101.1
1787306940000,-0.033,101.1
1787307000000,-0.033,101.1
1787307060000,-0.033,101.1
1787307120000,-0.033,101.1
1787307180000,-0.033,101.1
1787307240000,-0.033,101.1
1787307300000,-0.033,101.1
1787307360000,-0.033,101.1
1787307420000,-0.033,101.1
1787307480000,-0.033,101.1
1787307540000,-0.033,101.1
1787307600000,-0.033,101.1
1787307660000,-0.033,101.1
1787307720000,-0.033,101.1
1787307780000,-0.033,101.1
1787307840000,-0.033,101.1
1787307900000,-0.033,101.1
1787307960000,-0.0015,100.05
1787309160000,-0.0015,100.05
1787309220000,-0.0015,100.05
1787309280000,-0.0015,100.05
1787309340000,-0.0015,100.05
1787309400000,-0.0015,100.05
1787309460000,-0.0015,100.05
1787309520000,-0.0015,100.05
1787309580000,-0.0015,100.05
1787309640000,-0.0015,100.05
1787309700000,-0.0015,100.05
1787309760000,-0.0015,100.05
1787309820000,-0.0015,100.05
1787309880000,-0.0015,100.05
1787309940000,-0.0015,100.05
1787310000000,-0.0015,100.05
1787310060000,-0.0015,100.05
1787310120000,-0.1057,103.53
1787311260000,-0.1057,103.53
1787311320000,-0.1057,103.53
1787311380000,-0.1057,103.53
1787311440000,-0.1057,103.53
1787311500000,-0.1057,103.53
1787311560000,-0.1057,103.53
1787311620000,-0.1057,103.53
1787311680000,-0.1057,103.53
1787311740000,-0.1057,103.53
1787311800000,-0.1057,103.53
1787311860000,-0.1057,103.53
1787311920000,-0.0843,102.81
1787313600000,-0.0843,102.81
1787313660000,-0.0843,102.81
1787313720000,-0.0843,102.81
1787313780000,-0.0843,102.81
1787313840000,-0.0843,102.81
1787313900000,-0.0843,102.81
1787313960000,-0.0843,102.81
1787314020000,-0.0843,102.81
1787314080000,-0.0843,102.81
1787314140000,-0.0843,102.81
1787314200000,-0.0843,102.81
1787314260000,-0.0843,102.81
1787314320000,-0.0843,102.81
1787314380000,-0.1725,105.76
1787385900000,-0.1725,105.76
1787385960000,-0.1725,105.76
1787386020000,-0.1725,105.76
1787386080000,-0.1725,105.76
1787386140000,-0.1725,105.76
1787386200000,-0.2823,109.43
1787474040000,-0.2823,109.43
1787474100000,-0.2823,109.43
1787474160000,-0.2823,109.43
1787474220000,-0.2823,109.43
1787474280000,-0.2823,109.43
1787474340000,-0.2823,109.43
1787474400000,-0.2823,109.43
1787474460000,-0.2823,109.43
1787474520000,-0.2823,109.43
1787474580000,-0.2823,109.43
1787474640000,-0.2823,109.43
1787474700000,-0.2823,109.43
1787474760000,-0.2823,109.43
1787474820000,-0.2823,109.43
1787474880000,-0.2823,109.43
1787474940000,-0.2823,109.43
1787475000000,-0.2823,109.43
1787475060000,-0.2823,109.43
1787475120000,-0.2823,109.43
1787475180000,-0.2823,109.43
1787475240000,-0.2823,109.43
1787475300000,-0.2823,109.43
1787475360000,-0.2548,108.51
1787478060000,-0.2548,108.51
1787478120000,-0.2548,108.51
1787478180000,-0.2548,108.51
1787478240000,-0.2548,108.51
1787478300000,-0.2548,108.51
1787478360000,-0.2548,108.51
1787478420000,-0.2548,108.51
1787478480000,-0.2548,108.51
1787478540000,-0.2548,108.51
1787478600000,-0.2548,108.51
1787478660000,-0.2548,108.51
1787478720000,-0.2548,108.51
1787478780000,-0.2548,108.51
1787478840000,-0.2548,108.51
1787478900000,-0.2548,108.51
1787478960000,-0.2548,108.51
1787479020000,-0.2548,108.51
1787479080000,-0.2548,108.51
1787479140000,-0.2548,108.51
1787479200000,-0.2548,108.51
1787479260000,-0.2548,108.51
1787479320000,-0.2548,108.51
1787479380000,-0.2548,108.51
1787479440000,-0.2548,108.51
1787479500000,-0.2548,108.51
1787479560000,-0.2548,108.51
1787479620000,-0.2548,108.51
1787479680000,-0.2548,108.51
1787479740000,-0.2548,108.51
1787479800000,-0.2548,108.51
1787479860000,-0.2548,108.51
1787479920000,-0.2548,108.51
1787479980000,-0.2548,108.51
1787480040000,-0.2548,108.51
1787480100000,-0.2548,108.51
1787480160000,-0.2548,108.51
1787480220000,-0.2548,108.51
1787480280000,-0.2548,108.51
1787480340000,-0.2548,108.51
1787480400000,-0.2548,108.51
1787480460000,-0.2548,108.51
1787480520000,-0.2548,108.51
1787480580000,-0.2548,108.51
1787480640000,-0.2548,108.51
1787480700000,-0.2548,108.51
1787480760000,-0.2548,108.51
1787480820000,-0.2548,108.51
1787480880000,-0.2548,108.51
1787480940000,-0.2548,108.51
1787481000000,-0.2548,108.51
1787481060000,-0.2548,108.51
1787481120000,-0.2548,108.51
1787481180000,-0.2548,108.51
1787481240000,-0.2548,108.51
1787481300000,-0.2548,108.51
1787481360000,-0.2548,108.51
1787481420000,-0.2548,108.51
1787481480000,-0.2548,108.51
1787481540000,-0.2548,108.51
1787481600000,-0.2548,108.51
1787481660000,-0.2548,108.51
1787481720000,-0.2548,108.51
1787481780000,-0.2548,108.51
1787481840000,-0.2548,108.51
1787481900000,-0.2548,108.51
1787481960000,-0.2548,108.51
1787482020000,-0.2548,108.51
1787482080000,-0.2548,108.51
1787482140000,-0.2548,108.51
1787482200000,-0.2548,108.51
1787482260000,-0.2548,108.51
1787482320000,-0.2548,108.51
1787482380000,-0.2548,108.51
1787482440000,-0.2548,108.51
1787482500000,-0.2548,108.51
1787482560000,-0.2548,108.51
1787482620000,-0.2548,108.51
1787482680000,-0.2548,108.51
1787482740000,-0.2548,108.51
1787482800000,-0.2548,108.51
1787482860000,-0.2548,108.51
1787482920000,-0.2548,108.51
1787482980000,-0.2548,108.51
1787483040000,-0.2548,108.51
1787483100000,-0.2548,108.51
1787483160000,-0.2548,108.51
1787483220000,-0.2548,108.51
1787483280000,-0.2548,108.51
1787483340000,-0.2548,108.51
1787483400000,-0.2548,108.51
1787483460000,-0.2548,108.51
1787483520000,-0.2548,108.51
1787483580000,-0.2548,108.51
1787483640000,-0.2548,108.51
1787483700000,-0.2548,108.51
1787483760000,-0.2548,108.51
1787483820000,-0.2548,108.51
1787483880000,-0.2548,108.51
1787483940000,-0.2548,108.51
1787484000000,-0.2548,108.51
1787484060000,-0.1386,104.63
1787485140000,-0.1386,104.63
1787485200000,-0.1386,104.63
1787485260000,-0.1386,104.63
1787485320000,-0.1386,104.63
1787485380000,-0.1386,104.63
1787485440000,-0.1386,104.63
1787485500000,-0.1386,104.63
1787485560000,-0.1386,104.63
1787485620000,-0.1386,104.63
1787485680000,-0.1386,104.63
1787485740000,-0.1386,104.63
1787485800000,-0.1386,104.63
1787485860000,-0.1386,104.63
1787485920000,-0.1386,104.63
1787485980000,-0.1386,104.63
1787486040000,-0.1386,104.63
1787486100000,-0.1386,104.63
1787486160000,-0.1386,104.63
1787486220000,-0.1386,104.63
1787486280000,-0.1386,104.63
1787486340000,-0.1386,104.63
1787486400000,-0.1386,104.63
1787486460000,-0.1386,104.63
1787486520000,-0.1386,104.63
1787486580000,-0.1386,104.63
1787486640000,-0.1386,104.63
1787486700000,-0.1386,104.63
1787486760000,-0.2456,108.2
1787491920000,-0.2456,108.2
1787491980000,-0.2456,108.2
1787492040000,-0.2456,108.2
1787492100000,-0.331,111.05
1787558820000,-0.331,111.05
1787558880000,-0.331,111.05
1787558940000,-0.331,111.05
1787559000000,-0.331,111.05
1787559060000,-0.331,111.05
1787559120000,-0.4225,114.11
1787644920000,-0.4225,114.11
1787644980000,-0.4225,114.11
1787645040000,-0.4225,114.11
1787645100000,-0.4225,114.11
1787645160000,-0.4225,114.11
1787645220000,-0.4225,114.11
1787645280000,-0.4225,114.11
1787645340000,-0.4225,114.11
1787645400000,-0.4225,114.11
1787645460000,-0.4225,114.11
1787645520000,-0.5304,117.71
1787731380000,-0.5304,117.71
1787731440000,-0.5304,117.71
1787731500000,-0.5304,117.71
1787731560000,-0.5304,117.71
1787731620000,-0.5304,117.71
1787731680000,-0.5304,117.71
1787731740000,-0.6227,120.79
1787819100000,-0.6227,120.79
1787819160000,-0.6227,120.79
1787819220000,-0.6227,120.79
1787819280000,-0.6227,120.79
1787819340000,-0.5215,117.41
1787820000000,-0.5215,117.41
1787820060000,-0.5215,117.41
1787820120000,-0.5215,117.41
1787820180000,-0.5215,117.41
1787820240000,-0.5215,117.41
1787820300000,-0.5215,117.41
1787820360000,-0.5215,117.41
1787820420000,-0.5215,117.41
1787820480000,-0.5215,117.41
1787820540000,-0.5215,117.41
1787820600000,-0.5215,117.41
1787820660000,-0.5215,117.41
1787820720000,-0.5215,117.41
1787820780000,-0.5215,117.41
1787820840000,-0.5215,117.41
1787820900000,-0.5215,117.41
1787820960000,-0.5215,117.41
1787821020000,-0.5215,117.41
1787821080000,-0.5215,117.41
1787821140000,-0.5215,117.41
1787821200000,-0.5215,117.41
1787821260000,-0.5215,117.41
1787821320000,-0.5215,117.41
1787821380000,-0.5215,117.41
1787821440000,-0.5215,117.41
1787821500000,-0.5215,117.41
1787821560000,-0.5215,117.41
1787821620000,-0.5215,117.41
1787821680000,-0.5215,117.41
1787821740000,-0.5215,117.41
1787821800000,-0.5215,117.41
1787821860000,-0.5215,117.41
1787821920000,-0.5215,117.41
1787821980000,-0.5215,117.41
1787822040000,-0.5215,117.41
1787822100000,-0.5215,117.41
1787822160000,-0.5215,117.41
1787822220000,-0.5215,117.41
1787822280000,-0.5215,117.41
1787822340000,-0.5215,117.41
1787822400000,-0.5215,117.41
1787822460000,-0.5215,117.41
1787822520000,-0.5215,117.41
1787822580000,-0.5215,117.41
1787822640000,-0.5215,117.41
1787822700000,-0.3888,112.98
1787823420000,-0.3888,112.98
1787823480000,-0.3888,112.98
1787823540000,-0.3888,112.98
1787823600000,-0.3888,112.98
1787823660000,-0.3888,112.98
1787823720000,-0.4714,115.74
1787825220000,-0.4714,115.74
1787825280000,-0.4714,115.74
1787825340000,-0.4714,115.74
1787825400000,-0.4714,115.74
1787825460000,-0.4714,115.74
1787825520000,-0.4714,115.74
1787825580000,-0.4714,115.74
1787825640000,-0.5626,118.79
1787827680000,-0.5626,118.79
1787827740000,-0.5626,118.79
1787827800000,-0.5626,118.79
1787827860000,-0.5626,118.79
1787827920000,-0.5626,118.79
1787827980000,-0.5626,118.79
1787828040000,-0.5626,118.79
1787828100000,-0.5626,118.79
1787828160000,-0.5626,118.79
1787828220000,-0.5626,118.79
1787828280000,-0.5626,118.79
1787828340000,-0.5626,118.79
1787828400000,-0.5626,118.79
1787828460000,-0.5626,118.79
1787828520000,-0.5626,118.79
1787828580000,-0.5626,118.79
1787828640000,-0.5626,118.79
1787828700000,-0.5626,118.79
1787828760000,-0.5626,118.79
1787828820000,-0.5626,118.79
1787828880000,-0.5626,118.79
1787828940000,-0.5626,118.79
1787829000000,-0.5626,118.79
1787829060000,-0.5626,118.79
1787829120000,-0.5626,118.79
1787829180000,-0.5626,118.79
1787829240000,-0.5626,118.79
1787829300000,-0.5626,118.79
1787829360000,-0.6422,121.44
1787906820000,-0.6422,121.44
1787906880000,-0.6422,121.44
1787906940000,-0.6422,121.44
1787907000000,-0.6422,121.44
1787907060000,-0.6422,121.44
1787907120000,-0.6422,121.44
1787907180000,-0.6422,121.44
1787907240000,-0.6422,121.44
1787907300000,-0.6422,121.44
1787907360000,-0.6422,121.44
1787907420000,-0.6422,121.44
1787907480000,-0.6422,121.44
1787907540000,-0.6422,121.44
1787907600000,-0.6422,121.44
1787907660000,-0.6422,121.44
1787907720000,-0.6422,121.44
1787907780000,-0.6422,121.44
1787907840000,-0.6422,121.44
1787907900000,-0.6422,121.44
1787907960000,-0.6422,121.44
1787908020000,-0.6422,121.44
1787908080000,-0.6422,121.44
1787908140000,-0.6422,121.44
1787908200000,-0.6422,121.44
1787908260000,-0.6422,121.44
1787908320000,-0.6422,121.44
1787908380000,-0.6422,121.44
1787908440000,-0.6422,121.44
1787908500000,-0.6422,121.44
1787908560000,-0.6422,121.44
1787908620000,-0.6422,121.44
1787908680000,-0.6422,121.44
1787908740000,-0.6422,121.44
1787908800000,-0.6422,121.44
1787908860000,-0.6422,121.44
1787908920000,-0.6422,121.44
1787908980000,-0.6422,121.44
1787909040000,-0.6422,121.44
1787909100000,-0.6422,121.44
1787909160000,-0.6422,121.44
1787909220000,-0.6422,121.44
1787909280000,-0.6422,121.44
1787909340000,-0.6422,121.44
1787909400000,-0.6422,121.44
1787909460000,-0.6422,121.44
1787909520000,-0.6422,121.44
1787909580000,-0.6422,121.44
1787909640000,-0.6422,121.44
1787909700000,-0.6422,121.44
1787909760000,-0.6422,121.44
1787909820000,-0.6422,121.44
1787909880000,-0.6422,121.44
1787909940000,-0.6422,121.44
1787910000000,-0.6422,121.44
1787910060000,-0.6422,121.44
1787910120000,-0.6422,121.44
1787910180000,-0.6422,121.44
1787910240000,-0.6422,121.44
1787910300000,-0.6422,121.44
1787910360000,-0.6422,121.44
1787910420000,-0.6422,121.44
1787910480000,-0.6422,121.44
1787910540000,-0.6422,121.44
1787910600000,-0.6422,121.44
1787910660000,-0.6422,121.44
1787910720000,-0.6422,121.44
1787910780000,-0.6422,121.44
1787910840000,-0.6422,121.44
1787910900000,-0.6422,121.44
1787910960000,-0.6422,121.44
1787911020000,-0.6422,121.44
1787911080000,-0.6422,121.44
1787911140000,-0.6422,121.44
1787911200000,-0.6422,121.44
1787911260000,-0.6422,121.44
1787911320000,-0.6422,121.44
1787911380000,-0.6422,121.44
1787911440000,-0.6422,121.44
1787911500000,-0.6422,121.44
1787911560000,-0.6422,121.44
1787911620000,-0.6422,121.44
1787911680000,-0.6422,121.44
1787911740000,-0.6422,121.44
1787911800000,-0.6422,121.44
1787911860000,-0.6422,121.44
1787911920000,-0.6422,121.44
1787911980000,-0.6422,121.44
1787912040000,-0.6422,121.44
1787912100000,-0.6422,121.44
1787912160000,-0.6422,121.44
1787912220000,-0.6422,121.44
1787912280000,-0.6422,121.44
1787912340000,-0.6422,121.44
1787912400000,-0.6422,121.44
1787912460000,-0.6422,121.44
1787912520000,-0.6422,121.44
1787912580000,-0.6422,121.44
1787912640000,-0.6422,121.44
1787912700000,-0.6422,121.44
1787912760000,-0.6422,121.44
1787912820000,-0.6422,121.44
1787912880000,-0.6422,121.44
1787912940000,-0.6422,121.44
1787913000000,-0.6422,121.44
1787913060000,-0.6422,121.44
1787913120000,-0.6422,121.44
1787913180000,-0.6422,121.44
1787913240000,-0.6422,121.44
1787913300000,-0.6422,121.44
1787913360000,-0.6422,121.44
1787913420000,-0.6422,121.44
1787913480000,-0.6422,121.44
1787913540000,-0.6422,121.44
1787913600000,-0.6422,121.44
1787913660000,-0.6422,121.44
1787913720000,-0.6422,121.44
1787913780000,-0.6422,121.44
1787913840000,-0.6422,121.44
1787913900000,-0.6422,121.44
1787913960000,-0.6422,121.44
1787914020000,-0.6422,121.44
1787914080000,-0.6422,121.44
1787914140000,-0.6422,121.44
1787914200000,-0.6422,121.44
1787914260000,-0.6422,121.44
1787914320000,-0.6422,121.44
1787914380000,-0.6422,121.44
1787914440000,-0.7352,124.55
1788014580000,-0.7352,124.55
1788014640000,-0.7352,124.55
1788014700000,-0.7352,124.55
1788014760000,-0.7352,124.55
1788014820000,-0.7352,124.55
1788014880000,-0.7352,124.55
1788014940000,-0.7352,124.55
1788015000000,-0.7352,124.55
1788015060000,-0.7352,124.55
1788015120000,-0.7352,124.55
1788015180000,-0.7352,124.55
1788015240000,-0.7352,124.55
1788015300000,-0.7352,124.55
1788015360000,-0.7352,124.55
1788015420000,-0.7352,124.55
1788015480000,-0.7352,124.55
1788015540000,-0.7352,124.55
1788015600000,-0.7352,124.55
1788015660000,-0.7352,124.55
1788015720000,-0.7352,124.55
1788015780000,-0.7352,124.55
1788015840000,-0.7352,124.55
1788015900000,-0.7352,124.55
1788015960000,-0.7352,124.55
1788016020000,-0.7352,124.55
1788016080000,-0.7352,124.55
1788016140000,-0.7352,124.55
1788016200000,-0.7352,124.55
1788016260000,-0.7352,124.55
1788016320000,-0.7352,124.55
1788016380000,-0.7352,124.55
1788016440000,-0.7352,124.55
1788016500000,-0.7352,124.55
1788016560000,-0.7352,124.55
1788016620000,-0.7352,124.55
1788016680000,-0.7352,124.55
1788016740000,-0.7352,124.55
1788016800000,-0.7352,124.55
1788016860000,-0.7352,124.55
1788016920000,-0.7352,124.55
1788016980000,-0.7352,124.55
1788017040000,-0.7352,124.55
1788017100000,-0.7352,124.55
1788017160000,-0.7352,124.55
1788017220000,-0.7352,124.55
1788017280000,-0.7352,124.55
1788017340000,-0.7352,124.55
1788017400000,-0.7352,124.55
1788017460000,-0.7352,124.55
1788017520000,-0.7352,124.55
1788017580000,-0.7352,124.55
1788017640000,-0.7352,124.55
1788017700000,-0.7352,124.55
1788017760000,-0.7352,124.55
1788017820000,-0.7352,124.55
1788017880000,-0.7352,124.55
1788017940000,-0.7352,124.55
1788018000000,-0.7352,124.55
1788018060000,-0.7352,124.55
1788018120000,-0.7352,124.55
1788018180000,-0.7352,124.55
1788018240000,-0.7352,124.55
1788018300000,-0.7352,124.55
1788018360000,-0.7352,124.55
1788018420000,-0.7352,124.55
1788018480000,-0.7352,124.55
1788018540000,-0.7352,124.55
1788018600000,-0.7352,124.55
1788018660000,-0.7352,124.55
1788018720000,-0.7352,124.55
1788018780000,-0.7352,124.55
1788018840000,-0.7352,124.55
1788018900000,-0.7352,124.55
1788018960000,-0.7352,124.55
1788019020000,-0.7352,124.55
1788019080000,-0.7352,124.55
1788019140000,-0.7352,124.55
1788019200000,-0.7352,124.55
1788019260000,-0.7352,124.55
1788019320000,-0.7352,124.55
1788019380000,-0.7352,124.55
1788019440000,-0.7352,124.55
1788019500000,-0.7352,124.55
1788019560000,-0.7352,124.55
1788019620000,-0.7352,124.55
1788019680000,-0.7352,124.55
1788019740000,-0.7352,124.55
1788019800000,-0.7352,124.55
1788019860000,-0.7352,124.55
1788019920000,-0.7352,124.55
1788019980000,-0.7352,124.55
1788020040000,-0.7352,124.55
1788020100000,-0.7352,124.55
1788020160000,-0.7352,124.55
1788020220000,-0.7352,124.55
1788020280000,-0.7352,124.55
1788020340000,-0.7352,124.55
1788020400000,-0.7352,124.55
1788020460000,-0.7352,124.55
1788020520000,-0.7352,124.55
1788020580000,-0.7352,124.55
1788020640000,-0.7352,124.55
1788020700000,-0.7352,124.55
1788020760000,-0.7352,124.55
1788020820000,-0.7352,124.55
1788020880000,-0.7352,124.55
1788020940000,-0.7352,124.55
1788021000000,-0.7352,124.55
1788021060000,-0.7352,124.55
1788021120000,-0.7352,124.55
1788021180000,-0.7352,124.55
1788021240000,-0.7352,124.55
1788021300000,-0.7352,124.55
1788021360000,-0.7352,124.55
1788021420000,-0.7352,124.55
1788021480000,-0.7352,124.55
1788021540000,-0.7352,124.55
1788021600000,-0.7352,124.55
1788021660000,-0.7352,124.55
1788021720000,-0.7352,124.55
1788021780000,-0.7352,124.55
1788021840000,-0.7352,124.55
1788021900000,-0.7352,124.55
1788021960000,-0.7352,124.55
1788022020000,-0.7352,124.55
1788022080000,-0.7352,124.55
1788022140000,-0.7352,124.55
1788022200000,-0.7352,124.55
1788022260000,-0.7352,124.55
1788022320000,-0.7352,124.55
1788022380000,-0.7352,124.55
1788022440000,-0.7352,124.55
1788022500000,-0.7352,124.55
1788022560000,-0.7352,124.55
1788022620000,-0.7352,124.55
1788022680000,-0.7352,124.55
1788022740000,-0.7352,124.55
1788022800000,-0.7352,124.55
1788022860000,-0.7352,124.55
1788022920000,-0.7352,124.55
1788022980000,-0.7352,124.55
1788023040000,-0.7352,124.55
1788023100000,-0.7352,124.55
1788023160000,-0.7352,124.55
1788023220000,-0.7352,124.55
1788023280000,-0.7352,124.55
1788023340000,-0.7352,124.55
1788023400000,-0.7352,124.55
1788023460000,-0.7352,124.55
1788023520000,-0.7352,124.55
1788023580000,-0.7352,124.55
1788023640000,-0.7352,124.55
1788023700000,-0.7352,124.55
1788023760000,-0.7352,124.55
1788023820000,-0.7352,124.55
1788023880000,-0.7352,124.55
1788023940000,-0.7352,124.55
1788024000000,-0.7352,124.55
1788024060000,-0.7352,124.55
1788024120000,-0.7352,124.55
1788024180000,-0.7352,124.55
1788024240000,-0.7352,124.55
1788024300000,-0.7352,124.55
1788024360000,-0.7352,124.55
1788024420000,-0.7352,124.55
1788024480000,-0.7352,124.55
1788024540000,-0.7352,124.55
1788024600000,-0.7352,124.55
1788024660000,-0.7352,124.55
1788024720000,-0.7352,124.55
1788024780000,-0.7352,124.55
1788024840000,-0.7352,124.55
1788024900000,-0.7352,124.55
1788024960000,-0.7352,124.55
1788025020000,-0.7352,124.55
1788025080000,-0.7352,124.55
1788025140000,-0.7352,124.55
1788025200000,-0.7352,124.55
1788025260000,-0.7352,124.55
1788025320000,-0.7352,124.55
1788025380000,-0.7352,124.55
1788025440000,-0.7352,124.55
1788025500000,-0.7352,124.55
1788025560000,-0.7352,124.55
1788025620000,-0.7352,124.55
1788025680000,-0.7352,124.55
1788025740000,-0.7352,124.55
1788025800000,-0.7352,124.55
1788025860000,-0.7352,124.55
1788025920000,-0.7352,124.55
1788025980000,-0.7352,124.55
1788026040000,-0.7352,124.55
1788026100000,-0.7352,124.55
1788026160000,-0.7352,124.55
1788026220000,-0.7352,124.55
1788026280000,-0.7352,124.55
1788026340000,-0.7352,124.55
1788026400000,-0.7352,124.55
1788026460000,-0.7352,124.55
1788026520000,-0.7352,124.55
1788026580000,-0.7352,124.55
1788026640000,-0.7352,124.55
1788026700000,-0.7352,124.55
1788026760000,-0.7352,124.55
1788026820000,-0.7352,124.55
1788026880000,-0.7352,124.55
1788026940000,-0.7352,124.55
1788027000000,-0.7352,124.55
1788027060000,-0.7352,124.55
1788027120000,-0.7352,124.55
1788027180000,-0.7352,124.55
1788027240000,-0.7352,124.55
1788027300000,-0.7352,124.55
1788027360000,-0.7352,124.55
1788027420000,-0.7352,124.55
1788027480000,-0.7352,124.55
1788027540000,-0.7352,124.55
1788027600000,-0.7352,124.55
1788027660000,-0.7352,124.55
1788027720000,-0.7352,124.55
1788027780000,-0.7352,124.55
1788027840000,-0.7352,124.55
1788027900000,-0.7352,124.55
1788027960000,-0.7352,124.55
1788028020000,-0.7352,124.55
1788028080000,-0.7352,124.55
1788028140000,-0.7352,124.55
1788028200000,-0.7352,124.55
1788028260000,-0.7352,124.55
1788028320000,-0.7352,124.55
1788028380000,-0.7352,124.55
1788028440000,-0.7352,124.55
1788028500000,-0.7352,124.55
1788028560000,-0.7352,124.55
1788028620000,-0.7352,124.55
1788028680000,-0.7352,124.55
1788028740000,-0.7352,124.55
1788028800000,-0.7352,124.55
1788028860000,-0.7352,124.55
1788028920000,-0.7352,124.55
1788028980000,-0.7352,124.55
1788029040000,-0.7352,124.55
1788029100000,-0.7352,124.55
1788029160000,-0.7352,124.55
1788029220000,-0.7352,124.55
1788029280000,-0.7352,124.55
1788029340000,-0.7352,124.55
1788029400000,-0.7352,124.55
1788029460000,-0.7352,124.55
1788029520000,-0.7352,124.55
1788029580000,-0.7352,124.55
1788029640000,-0.7352,124.55
1788029700000,-0.7352,124.55
1788029760000,-0.7352,124.55
1788029820000,-0.7352,124.55
1788029880000,-0.7352,124.55
1788029940000,-0.7352,124.55
1788030000000,-0.7352,124.55
1788030060000,-0.7352,124.55
1788030120000,-0.7352,124.55
1788030180000,-0.7352,124.55
1788030240000,-0.7352,124.55
1788030300000,-0.7352,124.55
1788030360000,-0.7352,124.55
1788030420000,-0.7352,124.55
1788030480000,-0.7352,124.55
1788030540000,-0.7352,124.55
1788030600000,-0.7352,124.55
1788030660000,-0.7352,124.55
1788030720000,-0.7352,124.55
1788030780000,-0.7352,124.55
1788030840000,-0.7352,124.55
1788030900000,-0.7352,124.55
1788030960000,-0.7352,124.55
1788031020000,-0.7352,124.55
1788031080000,-0.7352,124.55
1788031140000,-0.7352,124.55
1788031200000,-0.7352,124.55
1788031260000,-0.7352,124.55
1788031320000,-0.7352,124.55
1788031380000,-0.7352,124.55
1788031440000,-0.7352,124.55
1788031500000,-0.7352,124.55
1788031560000,-0.7352,124.55
1788031620000,-0.7352,124.55
1788031680000,-0.7352,124.55
1788031740000,-0.7352,124.55
1788031800000,-0.7352,124.55
1788031860000,-0.7352,124.55
1788031920000,-0.7352,124.55
1788031980000,-0.7352,124.55
1788032040000,-0.7352,124.55
1788032100000,-0.7352,124.55
1788032160000,-0.7352,124.55
1788032220000,-0.7352,124.55
1788032280000,-0.7352,124.55
1788032340000,-0.7352,124.55
1788032400000,-0.7352,124.55
1788032460000,-0.7352,124.55
1788032520000,-0.7352,124.55
1788032580000,-0.7352,124.55
1788032640000,-0.7352,124.55
1788032700000,-0.7352,124.55
1788032760000,-0.7352,124.55
1788032820000,-0.7352,124.55
1788032880000,-0.7352,124.55
1788032940000,-0.7352,124.55
1788033000000,-0.7352,124.55
1788033060000,-0.7352,124.55
1788033120000,-0.7352,124.55
1788033180000,-0.7352,124.55
1788033240000,-0.7352,124.55
1788033300000,-0.7352,124.55
1788033360000,-0.7352,124.55
1788033420000,-0.7352,124.55
1788033480000,-0.7352,124.55
1788033540000,-0.7352,124.55
1788033600000,-0.7352,124.55
1788033660000,-0.7352,124.55
1788033720000,-0.7352,124.55
1788033780000,-0.7352,124.55
1788033840000,-0.7352,124.55
1788033900000,-0.7352,124.55
1788033960000,-0.7352,124.55
1788034020000,-0.7352,124.55
1788034080000,-0.7352,124.55
1788034140000,-0.7352,124.55
1788034200000,-0.7352,124.55
1788034260000,-0.7352,124.55
1788034320000,-0.7352,124.55
1788034380000,-0.7352,124.55
1788034440000,-0.7352,124.55
1788034500000,-0.7352,124.55
1788034560000,-0.7352,124.55
1788034620000,-0.7352,124.55
1788034680000,-0.7352,124.55
1788034740000,-0.7352,124.55
1788034800000,-0.7352,124.55
1788034860000,-0.7352,124.55
1788034920000,-0.7352,124.55
1788034980000,-0.7352,124.55
1788035040000,-0.7352,124.55
1788035100000,-0.7352,124.55
1788035160000,-0.7352,124.55
1788035220000,-0.7352,124.55
1788035280000,-0.7352,124.55
1788035340000,-0.7352,124.55
1788035400000,-0.7352,124.55
1788035460000,-0.7352,124.55
1788035520000,-0.7352,124.55
1788035580000,-0.7352,124.55
1788035640000,-0.7352,124.55
1788035700000,-0.7352,124.55
1788035760000,-0.7352,124.55
1788035820000,-0.7352,124.55
1788035880000,-0.7352,124.55
1788035940000,-0.7352,124.55
1788036000000,-0.7352,124.55
1788036060000,-0.7352,124.55
1788036120000,-0.7352,124.55
1788036180000,-0.7352,124.55
1788036240000,-0.7352,124.55
1788036300000,-0.7352,124.55
1788036360000,-0.7352,124.55
1788036420000,-0.7352,124.55
1788036480000,-0.7352,124.55
1788036540000,-0.7352,124.55
1788036600000,-0.7352,124.55
1788036660000,-0.7352,124.55
1788036720000,-0.7352,124.55
1788036780000,-0.7352,124.55
1788036840000,-0.7352,124.55
1788036900000,-0.7352,124.55
1788036960000,-0.7352,124.55
1788037020000,-0.7352,124.55
1788037080000,-0.7352,124.55
1788037140000,-0.7352,124.55
1788037200000,-0.7352,124.55
1788037260000,-0.7352,124.55
1788037320000,-0.7352,124.55
1788037380000,-0.7352,124.55
1788037440000,-0.7352,124.55
1788037500000,-0.7352,124.55
1788037560000,-0.7352,124.55
1788037620000,-0.7352,124.55
1788037680000,-0.7352,124.55
1788037740000,-0.7352,124.55
1788037800000,-0.7352,124.55
1788037860000,-0.7352,124.55
1788037920000,-0.7352,124.55
1788037980000,-0.7352,124.55
1788038040000,-0.7352,124.55
1788038100000,-0.7352,124.55
1788038160000,-0.7352,124.55
1788038220000,-0.7352,124.55
1788038280000,-0.7352,124.55
1788038340000,-0.7352,124.55
1788038400000,-0.7352,124.55
1788038460000,-0.7352,124.55
1788038520000,-0.7352,124.55
1788038580000,-0.7352,124.55
1788038640000,-0.7352,124.55
1788038700000,-0.7352,124.55
1788038760000,-0.7352,124.55
1788038820000,-0.7352,124.55
1788038880000,-0.7352,124.55
1788038940000,-0.7352,124.55
1788039000000,-0.7352,124.55
1788039060000,-0.7352,124.55
1788039120000,-0.7352,124.55
1788039180000,-0.7352,124.55
1788039240000,-0.7352,124.55
1788039300000,-0.7352,124.55
1788039360000,-0.7352,124.55
1788039420000,-0.7352,124.55
1788039480000,-0.7352,124.55
1788039540000,-0.7352,124.55
1788039600000,-0.7352,124.55
1788039660000,-0.7352,124.55
1788039720000,-0.7352,124.55
1788039780000,-0.7352,124.55
1788039840000,-0.7352,124.55
1788039900000,-0.7352,124.55
1788039960000,-0.7352,124.55
1788040020000,-0.7352,124.55
1788040080000,-0.7352,124.55
1788040140000,-0.7352,124.55
1788040200000,-0.7352,124.55
1788040260000,-0.7352,124.55
1788040320000,-0.7352,124.55
1788040380000,-0.7352,124.55
1788040440000,-0.7352,124.55
1788040500000,-0.7352,124.55
1788040560000,-0.7352,124.55
1788040620000,-0.7352,124.55
1788040680000,-0.7352,124.55
1788040740000,-0.7352,124.55
1788040800000,-0.7352,124.55
1788040860000,-0.7352,124.55
1788040920000,-0.7352,124.55
1788040980000,-0.7352,124.55
1788041040000,-0.7352,124.55
1788041100000,-0.7352,124.55
1788041160000,-0.7352,124.55
1788041220000,-0.7352,124.55
1788041280000,-0.7352,124.55
1788041340000,-0.7352,124.55
1788041400000,-0.7352,124.55
1788041460000,-0.7352,124.55
1788041520000,-0.7352,124.55
1788041580000,-0.7352,124.55
1788041640000,-0.7352,124.55
1788041700000,-0.7352,124.55
1788041760000,-0.7352,124.55
1788041820000,-0.7352,124.55
1788041880000,-0.7352,124.55
1788041940000,-0.7352,124.55
1788042000000,-0.7352,124.55
1788042060000,-0.7352,124.55
1788042120000,-0.7352,124.55
1788042180000,-0.7352,124.55
1788042240000,-0.7352,124.55
1788042300000,-0.7352,124.55
1788042360000,-0.7352,124.55
1788042420000,-0.7352,124.55
1788042480000,-0.7352,124.55
1788042540000,-0.7352,124.55
1788042600000,-0.7352,124.55
1788042660000,-0.7352,124.55
1788042720000,-0.7352,124.55
1788042780000,-0.7352,124.55
1788042840000,-0.7352,124.55
1788042900000,-0.7352,124.55
1788042960000,-0.7352,124.55
1788043020000,-0.7352,124.55
1788043080000,-0.7352,124.55
1788043140000,-0.7352,124.55
1788043200000,-0.7352,124.55
1788043260000,-0.7352,124.55
1788043320000,-0.7352,124.55
1788043380000,-0.7352,124.55
1788043440000,-0.7352,124.55
1788043500000,-0.7352,124.55
1788043560000,-0.7352,124.55
1788043620000,-0.7352,124.55
1788043680000,-0.7352,124.55
1788043740000,-0.7352,124.55
1788043800000,-0.7352,124.55
1788043860000,-0.7352,124.55
1788043920000,-0.7352,124.55
1788043980000,-0.7352,124.55
1788044040000,-0.7352,124.55
1788044100000,-0.7352,124.55
1788044160000,-0.7352,124.55
1788044220000,-0.7352,124.55
1788044280000,-0.7352,124.55
1788044340000,-0.7352,124.55
1788044400000,-0.7352,124.55
1788044460000,-0.7352,124.55
1788044520000,-0.7352,124.55
1788044580000,-0.7352,124.55
1788044640000,-0.7352,124.55
1788044700000,-0.7352,124.55
1788044760000,-0.7352,124.55
1788044820000,-0.7352,124.55
1788044880000,-0.7352,124.55
1788044940000,-0.7352,124.55
1788045000000,-0.7352,124.55
1788045060000,-0.7352,124.55
1788045120000,-0.7352,124.55
1788045180000,-0.7352,124.55
1788045240000,-0.7352,124.55
1788045300000,-0.7352,124.55
1788045360000,-0.7352,124.55
1788045420000,-0.7352,124.55
1788045480000,-0.7352,124.55
1788045540000,-0.7352,124.55
1788045600000,-0.7352,124.55
1788045660000,-0.7352,124.55
1788045720000,-0.7352,124.55
1788045780000,-0.7352,124.55
1788045840000,-0.7352,124.55
1788045900000,-0.7352,124.55
1788045960000,-0.7352,124.55
1788046020000,-0.7352,124.55
1788046080000,-0.7352,124.55
1788046140000,-0.7352,124.55
1788046200000,-0.7352,124.55
1788046260000,-0.7352,124.55
1788046320000,-0.7352,124.55
1788046380000,-0.7352,124.55
1788046440000,-0.7352,124.55
1788046500000,-0.7352,124.55
1788046560000,-0.7352,124.55
1788046620000,-0.7352,124.55
1788046680000,-0.7352,124.55
1788046740000,-0.7352,124.55
1788046800000,-0.7352,124.55
1788046860000,-0.7352,124.55
1788046920000,-0.7352,124.55
1788046980000,-0.7352,124.55
1788047040000,-0.7352,124.55
1788047100000,-0.7352,124.55
1788047160000,-0.7352,124.55
1788047220000,-0.7352,124.55
1788047280000,-0.7352,124.55
1788047340000,-0.7352,124.55
1788047400000,-0.7352,124.55
1788047460000,-0.7352,124.55
1788047520000,-0.7352,124.55
1788047580000,-0.7352,124.55
1788047640000,-0.7352,124.55
1788047700000,-0.7352,124.55
1788047760000,-0.7352,124.55
1788047820000,-0.7352,124.55
1788047880000,-0.7352,124.55
1788047940000,-0.7352,124.55
1788048000000,-0.7352,124.55
1788048060000,-0.7352,124.55
1788048120000,-0.7352,124.55
1788048180000,-0.7352,124.55
1788048240000,-0.7352,124.55
1788048300000,-0.7352,124.55
1788048360000,-0.7352,124.55
1788048420000,-0.7352,124.55
1788048480000,-0.7352,124.55
1788048540000,-0.7352,124.55
1788048600000,-0.7352,124.55
1788048660000,-0.7352,124.55
1788048720000,-0.7352,124.55
1788048780000,-0.7352,124.55
1788048840000,-0.7352,124.55
1788048900000,-0.7352,124.55
1788048960000,-0.7352,124.55
1788049020000,-0.611,120.4
1788091500000,-0.611,120.4
1788091560000,-0.611,120.4
1788091620000,-0.611,120.4
1788091680000,-0.611,120.4
1788091740000,-0.611,120.4
1788091800000,-0.611,120.4
1788091860000,-0.611,120.4
1788091920000,-0.611,120.4
1788091980000,-0.611,120.4
1788092040000,-0.611,120.4
1788092100000,-0.611,120.4
1788092160000,-0.611,120.4
1788092220000,-0.611,120.4
1788092280000,-0.611,120.4
1788092340000,-0.5868,119.59
1788093780000,-0.5868,119.59
1788093840000,-0.5868,119.59
1788093900000,-0.5868,119.59
1788093960000,-0.5868,119.59
1788094020000,-0.5868,119.59
1788094080000,-0.5868,119.59
1788094140000,-0.5868,119.59
1788094200000,-0.5868,119.59
1788094260000,-0.5868,119.59
1788094320000,-0.5868,119.59
1788094380000,-0.5868,119.59
1788094440000,-0.5868,119.59
1788094500000,-0.5868,119.59
1788094560000,-0.5868,119.59
1788094620000,-0.5868,119.59
1788094680000,-0.5868,119.59
1788094740000,-0.5868,119.59
1788094800000,-0.5868,119.59
1788094860000,-0.5868,119.59
1788094920000,-0.5868,119.59
1788094980000,-0.5868,119.59
1788095040000,-0.5868,119.59
1788095100000,-0.5868,119.59
1788095160000,-0.5868,119.59
1788095220000,-0.5868,119.59
1788095280000,-0.5868,119.59
1788095340000,-0.5868,119.59
1788095400000,-0.5868,119.59
1788095460000,-0.5868,119.59
1788095520000,-0.5868,119.59
1788095580000,-0.5868,119.59
1788095640000,-0.5868,119.59
1788095700000,-0.5868,119.59
1788095760000,-0.5868,119.59
1788095820000,-0.5868,119.59
1788095880000,-0.5868,119.59
1788095940000,-0.5868,119.59
1788096000000,-0.5868,119.59
1788096060000,-0.5868,119.59
1788096120000,-0.5868,119.59
1788096180000,-0.5868,119.59
1788096240000,-0.5868,119.59
1788096300000,-0.5868,119.59
1788096360000,-0.5868,119.59
1788096420000,-0.5868,119.59
1788096480000,-0.5868,119.59
1788096540000,-0.5868,119.59
1788096600000,-0.5868,119.59
1788096660000,-0.5868,119.59
1788096720000,-0.5868,119.59
1788096780000,-0.5868,119.59
1788096840000,-0.5868,119.59
1788096900000,-0.5868,119.59
1788096960000,-0.5868,119.59
1788097020000,-0.5868,119.59
1788097080000,-0.5868,119.59
1788097140000,-0.5868,119.59
1788097200000,-0.5868,119.59
1788097260000,-0.5868,119.59
1788097320000,-0.5868,119.59
1788097380000,-0.5868,119.59
1788097440000,-0.5868,119.59
1788097500000,-0.5868,119.59
1788097560000,-0.5868,119.59
1788097620000,-0.5868,119.59
1788097680000,-0.5868,119.59
1788097740000,-0.5868,119.59
1788097800000,-0.5868,119.59
1788097860000,-0.5868,119.59
1788097920000,-0.5868,119.59
1788097980000,-0.5868,119.59
1788098040000,-0.5868,119.59
1788098100000,-0.5868,119.59
1788098160000,-0.5868,119.59
1788098220000,-0.5868,119.59
1788098280000,-0.5868,119.59
1788098340000,-0.5868,119.59
1788098400000,-0.5868,119.59
1788098460000,-0.5868,119.59
1788098520000,-0.5868,119.59
1788098580000,-0.5868,119.59
1788098640000,-0.5868,119.59
1788098700000,-0.5868,119.59
1788098760000,-0.5868,119.59
1788098820000,-0.5868,119.59
1788098880000,-0.5868,119.59
1788098940000,-0.5868,119.59
1788099000000,-0.5868,119.59
1788099060000,-0.5868,119.59
1788099120000,-0.5868,119.59
1788099180000,-0.5868,119.59
1788099240000,-0.5868,119.59
1788099300000,-0.5868,119.59
1788099360000,-0.5868,119.59
1788099420000,-0.5868,119.59
1788099480000,-0.5868,119.59
1788099540000,-0.5868,119.59
1788099600000,-0.5868,119.59
1788099660000,-0.5868,119.59
1788099720000,-0.5868,119.59
1788099780000,-0.5868,119.59
1788099840000,-0.5868,119.59
1788099900000,-0.5868,119.59
1788099960000,-0.5868,119.59
1788100020000,-0.5868,119.59
1788100080000,-0.5868,119.59
1788100140000,-0.5868,119.59
1788100200000,-0.5868,119.59
1788100260000,-0.5868,119.59
1788100320000,-0.5868,119.59
1788100380000,-0.5868,119.59
1788100440000,-0.5868,119.59
1788100500000,-0.5868,119.59
1788100560000,-0.5868,119.59
1788100620000,-0.5868,119.59
1788100680000,-0.5868,119.59
1788100740000,-0.5868,119.59
1788100800000,-0.5868,119.59
1788100860000,-0.5868,119.59
1788100920000,-0.5868,119.59
1788100980000,-0.5868,119.59
1788101040000,-0.5868,119.59
1788101100000,-0.5868,119.59
1788101160000,-0.5868,119.59
1788101220000,-0.5868,119.59
1788101280000,-0.5868,119.59
1788101340000,-0.5868,119.59
1788101400000,-0.5868,119.59
1788101460000,-0.5868,119.59
1788101520000,-0.5868,119.59
1788101580000,-0.5868,119.59
1788101640000,-0.5868,119.59
1788101700000,-0.5868,119.59
1788101760000,-0.5868,119.59
1788101820000,-0.5868,119.59
1788101880000,-0.5868,119.59
1788101940000,-0.5868,119.59
1788102000000,-0.5868,119.59
1788102060000,-0.5868,119.59
1788102120000,-0.5868,119.59
1788102180000,-0.5868,119.59
1788102240000,-0.5868,119.59
1788102300000,-0.5868,119.59
1788102360000,-0.5868,119.59
1788102420000,-0.5868,119.59
1788102480000,-0.5868,119.59
1788102540000,-0.5868,119.59
1788102600000,-0.5868,119.59
1788102660000,-0.5868,119.59
1788102720000,-0.5868,119.59
1788102780000,-0.5868,119.59
1788102840000,-0.5868,119.59
1788102900000,-0.5868,119.59
1788102960000,-0.5868,119.59
1788103020000,-0.5868,119.59
1788103080000,-0.5868,119.59
1788103140000,-0.5868,119.59
1788103200000,-0.5868,119.59
1788103260000,-0.5868,119.59
1788103320000,-0.5868,119.59
1788103380000,-0.5868,119.59
1788103440000,-0.5868,119.59
1788103500000,-0.5868,119.59
1788103560000,-0.5868,119.59
1788103620000,-0.5868,119.59
1788103680000,-0.5868,119.59
1788103740000,-0.5868,119.59
1788103800000,-0.5868,119.59
1788103860000,-0.5868,119.59
1788103920000,-0.5868,119.59
1788103980000,-0.5868,119.59
1788104040000,-0.5868,119.59
1788104100000,-0.5868,119.59
1788104160000,-0.5868,119.59
1788104220000,-0.5868,119.59
1788104280000,-0.5868,119.59
1788104340000,-0.5868,119.59
1788104400000,-0.5868,119.59
1788104460000,-0.5868,119.59
1788104520000,-0.5868,119.59
1788104580000,-0.5868,119.59
1788104640000,-0.5868,119.59
1788104700000,-0.5868,119.59
1788104760000,-0.5868,119.59
1788104820000,-0.5868,119.59
1788104880000,-0.5868,119.59
1788104940000,-0.5868,119.59
1788105000000,-0.5868,119.59
1788105060000,-0.5868,119.59
1788105120000,-0.5868,119.59
1788105180000,-0.5868,119.59
1788105240000,-0.5868,119.59
1788105300000,-0.5868,119.59
1788105360000,-0.5868,119.59
1788105420000,-0.5868,119.59
1788105480000,-0.5868,119.59
1788105540000,-0.5868,119.59
1788105600000,-0.5868,119.59
1788105660000,-0.5868,119.59
1788105720000,-0.5868,119.59
1788105780000,-0.5868,119.59
1788105840000,-0.4551,115.2
1788107580000,-0.4551,115.2
1788107640000,-0.4551,115.2
1788107700000,-0.4551,115.2
1788107760000,-0.4551,115.2
1788107820000,-0.4551,115.2
1788107880000,-0.4551,115.2
1788107940000,-0.4551,115.2
1788108000000,-0.4551,115.2
1788108060000,-0.4551,115.2
1788108120000,-0.4551,115.2
1788108180000,-0.4551,115.2
1788108240000,-0.4551,115.2
1788108300000,-0.4551,115.2
1788108360000,-0.4551,115.2
1788108420000,-0.4551,115.2
1788108480000,-0.4551,115.2
1788108540000,-0.4551,115.2
1788108600000,-0.4551,115.2
1788108660000,-0.4551,115.2
1788108720000,-0.4551,115.2
1788108780000,-0.4551,115.2
1788108840000,-0.4551,115.2
1788108900000,-0.4551,115.2
1788108960000,-0.4551,115.2
1788109020000,-0.4551,115.2
1788109080000,-0.4551,115.2
1788109140000,-0.4551,115.2
1788109200000,-0.4551,115.2
1788109260000,-0.4551,115.2
1788109320000,-0.4551,115.2
1788109380000,-0.4551,115.2
1788109440000,-0.4551,115.2
1788109500000,-0.4551,115.2
1788109560000,-0.4551,115.2
1788109620000,-0.4551,115.2
1788109680000,-0.4551,115.2
1788109740000,-0.4551,115.2
1788109800000,-0.4551,115.2
1788109860000,-0.4551,115.2
1788109920000,-0.4551,115.2
1788109980000,-0.4551,115.2
1788110040000,-0.4551,115.2
1788110100000,-0.4275,114.27
1788110940000,-0.4275,114.27
1788111000000,-0.4275,114.27
1788111060000,-0.4275,114.27
1788111120000,-0.4275,114.27
1788111180000,-0.4275,114.27
1788111240000,-0.4275,114.27
1788111300000,-0.4275,114.27
1788111360000,-0.4275,114.27
1788111420000,-0.4275,114.27
1788111480000,-0.4275,114.27
1788111540000,-0.4275,114.27
1788111600000,-0.4275,114.27
1788111660000,-0.4275,114.27
1788111720000,-0.4275,114.27
1788111780000,-0.4275,114.27
1788111840000,-0.4275,114.27
1788111900000,-0.4275,114.27
1788111960000,-0.4275,114.27
1788112020000,-0.4275,114.27
1788112080000,-0.4275,114.27
1788112140000,-0.4275,114.27
1788112200000,-0.4275,114.27
1788112260000,-0.4275,114.27
1788112320000,-0.4275,114.27
1788112380000,-0.4275,114.27
1788112440000,-0.4275,114.27
1788112500000,-0.4275,114.27
1788112560000,-0.4275,114.27
1788112620000,-0.4275,114.27
1788112680000,-0.4275,114.27
1788112740000,-0.4275,114.27
1788112800000,-0.4275,114.27
1788112860000,-0.4275,114.27
1788112920000,-0.4275,114.27
1788112980000,-0.4275,114.27
1788113040000,-0.4275,114.27
1788113100000,-0.4275,114.27
1788113160000,-0.4275,114.27
1788113220000,-0.4275,114.27
1788113280000,-0.4275,114.27
1788113340000,-0.4275,114.27
1788113400000,-0.4275,114.27
1788113460000,-0.4275,114.27
1788113520000,-0.4275,114.27
1788113580000,-0.4275,114.27
1788113640000,-0.4275,114.27
1788113700000,-0.4275,114.27
1788113760000,-0.4275,114.27
1788113820000,-0.4275,114.27
1788113880000,-0.4275,114.27
1788113940000,-0.4275,114.27
1788114000000,-0.4275,114.27
1788114060000,-0.4275,114.27
1788114120000,-0.4275,114.27
1788114180000,-0.4275,114.27
1788114240000,-0.4275,114.27
1788114300000,-0.4275,114.27
1788114360000,-0.4275,114.27
1788114420000,-0.4275,114.27
1788114480000,-0.4275,114.27
1788114540000,-0.4275,114.27
1788114600000,-0.4275,114.27
1788114660000,-0.4275,114.27
1788114720000,-0.4275,114.27
1788114780000,-0.4275,114.27
1788114840000,-0.4275,114.27
1788114900000,-0.4275,114.27
1788114960000,-0.4275,114.27
1788115020000,-0.4275,114.27
1788115080000,-0.4275,114.27
1788115140000,-0.4275,114.27
1788115200000,-0.4275,114.27
1788115260000,-0.4275,114.27
1788115320000,-0.4275,114.27
1788115380000,-0.4275,114.27
1788115440000,-0.4275,114.27
1788115500000,-0.4275,114.27
1788115560000,-0.4275,114.27
1788115620000,-0.4275,114.27
1788115680000,-0.4275,114.27
1788115740000,-0.4275,114.27
1788115800000,-0.4275,114.27
1788115860000,-0.4275,114.27
1788115920000,-0.4275,114.27
1788115980000,-0.4275,114.27
1788116040000,-0.4275,114.27
1788116100000,-0.4275,114.27
1788116160000,-0.4275,114.27
1788116220000,-0.4275,114.27
1788116280000,-0.4275,114.27
1788116340000,-0.4275,114.27
1788116400000,-0.4275,114.27
1788116460000,-0.4275,114.27
1788116520000,-0.4275,114.27
1788116580000,-0.4275,114.27
1788116640000,-0.4275,114.27
1788116700000,-0.4275,114.27
1788116760000,-0.4275,114.27
1788116820000,-0.4275,114.27
1788116880000,-0.4275,114.27
1788116940000,-0.4275,114.27
1788117000000,-0.4275,114.27
1788117060000,-0.4275,114.27
1788117120000,-0.4275,114.27
1788117180000,-0.4275,114.27
1788117240000,-0.4275,114.27
1788117300000,-0.4275,114.27
1788117360000,-0.4275,114.27
1788117420000,-0.4275,114.27
1788117480000,-0.4275,114.27
1788117540000,-0.4275,114.27
1788117600000,-0.4275,114.27
1788117660000,-0.4275,114.27
1788117720000,-0.4275,114.27
1788117780000,-0.4275,114.27
1788117840000,-0.4275,114.27
1788117900000,-0.4275,114.27
1788117960000,-0.4275,114.27
1788118020000,-0.4275,114.27
1788118080000,-0.4275,114.27
1788118140000,-0.4275,114.27
1788118200000,-0.4275,114.27
1788118260000,-0.4275,114.27
1788118320000,-0.4275,114.27
1788118380000,-0.4275,114.27
1788118440000,-0.4275,114.27
1788118500000,-0.4275,114.27
1788118560000,-0.4275,114.27
1788118620000,-0.4034,113.47
1788120060000,-0.4034,113.47
1788120120000,-0.4034,113.47
1788120180000,-0.4034,113.47
1788120240000,-0.4034,113.47
1788120300000,-0.4034,113.47
1788120360000,-0.4034,113.47
1788120420000,-0.4034,113.47
1788120480000,-0.4034,113.47
1788120540000,-0.4034,113.47
1788120600000,-0.4034,113.47
1788120660000,-0.4034,113.47
1788120720000,-0.4034,113.47
1788120780000,-0.4034,113.47
1788120840000,-0.4034,113.47
1788120900000,-0.4034,113.47
1788120960000,-0.4034,113.47
1788121020000,-0.4034,113.47
1788121080000,-0.4034,113.47
1788121140000,-0.4034,113.47
1788121200000,-0.4034,113.47
1788121260000,-0.4034,113.47
1788121320000,-0.4034,113.47
1788121380000,-0.4034,113.47
1788121440000,-0.4034,113.47
1788121500000,-0.4034,113.47
1788121560000,-0.4034,113.47
1788121620000,-0.4034,113.47
1788121680000,-0.4034,113.47
1788121740000,-0.4034,113.47
1788121800000,-0.4034,113.47
1788121860000,-0.4869,116.26
1788123420000,-0.4869,116.26
1788123480000,-0.4869,116.26
1788123540000,-0.4869,116.26
1788123600000,-0.4869,116.26
1788123660000,-0.3697,112.34
1788163620000,-0.3697,112.34
1788163680000,-0.3697,112.34
1788163740000,-0.3697,112.34
1788163800000,-0.3697,112.34
1788163860000,-0.4573,115.27
1788250020000,-0.4573,115.27
1788250080000,-0.4573,115.27
1788250140000,-0.4573,115.27
1788250200000,-0.4573,115.27
1788250260000,-0.4573,115.27
1788250320000,-0.4573,115.27
1788250380000,-0.4573,115.27
1788250440000,-0.4573,115.27
1788250500000,-0.4573,115.27
1788250560000,-0.4573,115.27
1788250620000,-0.4573,115.27
1788250680000,-0.4573,115.27
1788250740000,-0.4573,115.27
1788250800000,-0.4573,115.27
1788250860000,-0.4573,115.27
1788250920000,-0.4573,115.27
1788250980000,-0.4573,115.27
1788251040000,-0.4573,115.27
1788251100000,-0.4573,115.27
1788251160000,-0.4573,115.27
1788251220000,-0.4573,115.27
1788251280000,-0.4573,115.27
1788251340000,-0.4573,115.27
1788251400000,-0.4573,115.27
1788251460000,-0.4573,115.27
1788251520000,-0.4573,115.27
1788251580000,-0.4573,115.27
1788251640000,-0.4573,115.27
1788251700000,-0.4573,115.27
1788251760000,-0.4573,115.27
1788251820000,-0.4573,115.27
1788251880000,-0.4573,115.27
1788251940000,-0.4573,115.27
1788252000000,-0.4573,115.27
1788252060000,-0.4573,115.27
1788252120000,-0.4573,115.27
1788252180000,-0.4573,115.27
1788252240000,-0.4573,115.27
1788252300000,-0.4573,115.27
1788252360000,-0.4573,115.27
1788252420000,-0.4573,115.27
1788252480000,-0.4573,115.27
1788252540000,-0.4573,115.27
1788252600000,-0.4573,115.27
1788252660000,-0.4573,115.27
1788252720000,-0.4573,115.27
1788252780000,-0.4573,115.27
1788252840000,-0.4573,115.27
1788252900000,-0.4573,115.27
1788252960000,-0.4573,115.27
1788253020000,-0.4573,115.27
1788253080000,-0.4573,115.27
1788253140000,-0.4573,115.27
1788253200000,-0.4573,115.27
1788253260000,-0.4573,115.27
1788253320000,-0.4573,115.27
1788253380000,-0.4573,115.27
1788253440000,-0.4573,115.27
1788253500000,-0.3241,110.82
1788260040000,-0.3241,110.82
1788260100000,-0.3241,110.82
1788260160000,-0.3241,110.82
1788260220000,-0.3241,110.82
1788260280000,-0.3241,110.82
1788260340000,-0.3241,110.82
1788260400000,-0.3241,110.82
1788260460000,-0.3241,110.82
1788260520000,-0.3241,110.82
1788260580000,-0.3241,110.82
1788260640000,-0.3241,110.82
1788260700000,-0.3241,110.82
1788260760000,-0.3241,110.82
1788260820000,-0.3241,110.82
1788260880000,-0.3241,110.82
1788260940000,-0.3241,110.82
1788261000000,-0.3241,110.82
1788261060000,-0.3241,110.82
1788261120000,-0.3241,110.82
1788261180000,-0.3241,110.82
1788261240000,-0.3241,110.82
1788261300000,-0.3241,110.82
1788261360000,-0.3241,110.82
1788261420000,-0.3241,110.82
1788261480000,-0.3241,110.82
1788261540000,-0.3241,110.82
1788261600000,-0.3241,110.82
1788261660000,-0.3241,110.82
1788261720000,-0.3241,110.82
1788261780000,-0.3241,110.82
1788261840000,-0.3241,110.82
1788261900000,-0.3241,110.82
1788261960000,-0.3241,110.82
1788262020000,-0.3241,110.82
1788262080000,-0.3241,110.82
1788262140000,-0.3241,110.82
1788262200000,-0.3241,110.82
1788262260000,-0.3241,110.82
1788262320000,-0.3241,110.82
1788262380000,-0.3241,110.82
1788262440000,-0.3241,110.82
1788262500000,-0.3241,110.82
1788262560000,-0.3241,110.82
1788262620000,-0.3241,110.82
1788262680000,-0.3241,110.82
1788262740000,-0.3241,110.82
1788262800000,-0.4095,113.67
1788264060000,-0.4095,113.67
1788264120000,-0.4095,113.67
1788264180000,-0.4095,113.67
1788264240000,-0.4095,113.67
1788264300000,-0.4095,113.67
1788264360000,-0.4095,113.67
1788264420000,-0.4095,113.67
1788264480000,-0.4095,113.67
1788264540000,-0.4095,113.67
1788264600000,-0.4095,113.67
1788264660000,-0.4095,113.67
1788264720000,-0.4095,113.67
1788264780000,-0.4095,113.67
1788264840000,-0.4095,113.67
1788264900000,-0.4095,113.67
1788264960000,-0.4095,113.67
1788265020000,-0.4095,113.67
1788265080000,-0.4095,113.67
1788265140000,-0.4095,113.67
1788265200000,-0.4095,113.67
1788265260000,-0.4095,113.67
1788265320000,-0.4095,113.67
1788265380000,-0.4095,113.67
1788265440000,-0.4095,113.67
1788265500000,-0.4095,113.67
1788265560000,-0.4095,113.67
1788265620000,-0.4095,113.67
1788265680000,-0.4095,113.67
1788265740000,-0.4095,113.67
1788265800000,-0.4095,113.67
1788265860000,-0.4095,113.67
1788265920000,-0.4095,113.67
1788265980000,-0.4095,113.67
1788266040000,-0.4095,113.67
1788266100000,-0.4095,113.67
1788266160000,-0.4095,113.67
1788266220000,-0.4095,113.67
1788266280000,-0.4095,113.67
1788266340000,-0.4095,113.67
1788266400000,-0.2935,109.8
1788267780000,-0.2935,109.8
1788267840000,-0.2935,109.8
1788267900000,-0.2935,109.8
1788267960000,-0.1804,106.02
1788269760000,-0.1804,106.02
1788269820000,-0.1804,106.02
1788269880000,-0.1804,106.02
1788269940000,-0.1804,106.02
1788270000000,-0.1804,106.02
1788270060000,-0.1804,106.02
1788270120000,-0.1804,106.02
1788270180000,-0.1543,105.15
1788270840000,-0.1543,105.15
1788270900000,-0.1543,105.15
1788270960000,-0.1543,105.15
1788271020000,-0.1543,105.15
1788271080000,-0.1543,105.15
1788271140000,-0.1543,105.15
1788271200000,-0.1543,105.15
1788271260000,-0.2508,108.37
1788272340000,-0.2508,108.37
1788272400000,-0.2508,108.37
1788272460000,-0.2508,108.37
1788272520000,-0.2508,108.37
1788272580000,-0.2508,108.37
1788272640000,-0.2508,108.37
1788272700000,-0.2508,108.37
1788272760000,-0.2508,108.37
1788272820000,-0.2508,108.37
1788272880000,-0.2508,108.37
1788272940000,-0.2508,108.37
1788273000000,-0.2508,108.37
1788273060000,-0.2508,108.37
1788273120000,-0.2508,108.37
1788273180000,-0.2508,108.37
1788273240000,-0.2508,108.37
1788273300000,-0.2508,108.37
1788273360000,-0.2508,108.37
1788273420000,-0.2508,108.37
1788273480000,-0.2508,108.37
1788273540000,-0.2508,108.37
1788273600000,-0.2508,108.37
1788273660000,-0.2508,108.37
1788273720000,-0.2508,108.37
1788273780000,-0.2508,108.37
1788273840000,-0.2508,108.37
1788273900000,-0.2508,108.37
1788273960000,-0.2508,108.37
1788274020000,-0.3656,112.21
1788278520000,-0.3656,112.21
1788278580000,-0.3656,112.21
1788278640000,-0.3656,112.21
1788278700000,-0.3656,112.21
1788278760000,-0.3656,112.21
1788278820000,-0.3656,112.21
1788278880000,-0.3656,112.21
1788278940000,-0.3656,112.21
1788279000000,-0.3656,112.21
1788279060000,-0.3656,112.21
1788279120000,-0.3656,112.21
1788279180000,-0.3656,112.21
1788279240000,-0.3656,112.21
1788279300000,-0.3656,112.21
1788279360000,-0.3656,112.21
1788279420000,-0.3656,112.21
1788279480000,-0.3656,112.21
1788279540000,-0.3656,112.21
1788279600000,-0.3656,112.21
1788279660000,-0.3656,112.21
1788279720000,-0.3656,112.21
1788279780000,-0.3656,112.21
1788279840000,-0.3656,112.21
1788279900000,-0.3656,112.21
1788279960000,-0.3656,112.21
1788280020000,-0.3656,112.21
1788280080000,-0.3656,112.21
1788280140000,-0.3656,112.21
1788280200000,-0.3656,112.21
1788280260000,-0.3656,112.21
1788280320000,-0.3656,112.21
1788280380000,-0.3656,112.21
1788280440000,-0.3656,112.21
1788280500000,-0.3656,112.21
1788280560000,-0.2236,107.47
1788336180000,-0.2236,107.47
1788336240000,-0.2236,107.47
1788336300000,-0.2236,107.47
1788336360000,-0.2236,107.47
1788336420000,-0.2236,107.47
1788336480000,-0.2236,107.47
1788336540000,-0.2236,107.47
1788336600000,-0.2236,107.47
1788336660000,-0.2236,107.47
1788336720000,-0.2236,107.47
1788336780000,-0.2236,107.47
1788336840000,-0.2236,107.47
1788336900000,-0.2236,107.47
1788336960000,-0.2236,107.47
1788337020000,-0.2236,107.47
1788337080000,-0.2236,107.47
1788337140000,-0.2236,107.47
1788337200000,-0.2236,107.47
1788337260000,-0.2236,107.47
1788337320000,-0.2236,107.47
1788337380000,-0.2236,107.47
1788337440000,-0.2236,107.47
1788337500000,-0.2236,107.47
1788337560000,-0.2236,107.47
1788337620000,-0.2236,107.47
1788337680000,-0.2236,107.47
1788337740000,-0.2236,107.47
1788337800000,-0.2236,107.47
1788337860000,-0.2236,107.47
1788337920000,-0.2236,107.47
1788337980000,-0.2236,107.47
1788338040000,-0.2236,107.47
1788338100000,-0.2236,107.47
1788338160000,-0.2236,107.47
1788338220000,-0.2236,107.47
1788338280000,-0.2236,107.47
1788338340000,-0.2236,107.47
1788338400000,-0.2236,107.47
1788338460000,-0.2236,107.47
1788338520000,-0.1065,103.56
1788339240000,-0.1065,103.56
1788339300000,-0.1065,103.56
1788339360000,-0.1065,103.56
1788339420000,-0.1065,103.56
1788339480000,-0.1065,103.56
1788339540000,-0.1065,103.56
1788339600000,-0.1065,103.56
1788339660000,-0.1065,103.56
1788339720000,-0.1065,103.56
1788339780000,-0.1065,103.56
1788339840000,-0.1065,103.56
1788339900000,-0.1065,103.56
1788339960000,-0.1065,103.56
1788340020000,-0.1065,103.56
1788340080000,-0.1065,103.56
1788340140000,-0.1065,103.56
1788340200000,-0.1065,103.56
1788340260000,-0.1065,103.56
1788340320000,-0.1065,103.56
1788340380000,-0.1065,103.56
1788340440000,-0.1065,103.56
1788340500000,-0.1065,103.56
1788340560000,-0.1065,103.56
1788340620000,-0.1065,103.56
1788340680000,-0.1065,103.56
1788340740000,-0.1065,103.56
1788340800000,-0.1065,103.56
1788340860000,-0.1065,103.56
1788340920000,-0.1065,103.56
1788340980000,-0.1065,103.56
1788341040000,-0.1065,103.56
1788341100000,-0.1065,103.56
1788341160000,-0.1065,103.56
1788341220000,-0.1065,103.56
1788341280000,-0.1065,103.56
1788341340000,-0.1065,103.56
1788341400000,-0.1065,103.56
1788341460000,-0.1065,103.56
1788341520000,-0.1065,103.56
1788341580000,-0.1065,103.56
1788341640000,-0.1065,103.56
1788341700000,-0.1065,103.56
1788341760000,-0.1065,103.56
1788341820000,-0.1065,103.56
1788341880000,-0.1065,103.56
1788341940000,-0.1065,103.56
1788342000000,-0.1065,103.56
1788342060000,-0.1065,103.56
1788342120000,-0.1065,103.56
1788342180000,-0.1065,103.56
1788342240000,-0.1065,103.56
1788342300000,-0.1065,103.56
1788342360000,0.0615,97.95
1788345060000,0.0615,97.95
1788345120000,0.0615,97.95
1788345180000,0.0615,97.95
1788345240000,0.0615,97.95
1788345300000,0.0615,97.95
1788345360000,0.0615,97.95
1788345420000,0.0615,97.95
1788345480000,0.0615,97.95
1788345540000,0.0615,97.95
1788345600000,0.0615,97.95
1788345660000,0.0615,97.95
1788345720000,0.0615,97.95
1788345780000,0.0615,97.95
1788345840000,0.0615,97.95
1788345900000,0.0615,97.95
1788345960000,0.0615,97.95
1788346020000,0.0615,97.95
1788346080000,0.0615,97.95
1788346140000,0.0615,97.95
1788346200000,0.0615,97.95
1788346260000,0.0615,97.95
1788346320000,0.0615,97.95
1788346380000,0.0615,97.95
1788346440000,0.0853,97.15
1788348180000,0.0853,97.15
1788348240000,0.0853,97.15
1788348300000,0.0853,97.15
1788348360000,0.0853,97.15
1788348420000,0.0853,97.15
1788348480000,0.0853,97.15
1788348540000,0.0853,97.15
1788348600000,0.0853,97.15
1788348660000,0.0853,97.15
1788348720000,0.0853,97.15
1788348780000,0.0853,97.15
1788348840000,0.0014,99.95
1788352740000,0.0014,99.95
1788352800000,0.0014,99.95
1788352860000,0.0014,99.95
1788352920000,0.0014,99.95
1788352980000,0.0014,99.95
1788353040000,0.0014,99.95
1788353100000,0.0014,99.95
1788353160000,0.0014,99.95
1788353220000,0.0014,99.95
1788353280000,0.0014,99.95
1788353340000,0.0014,99.95
1788353400000,0.0014,99.95
1788353460000,0.0014,99.95
1788353520000,0.0014,99.95
1788353580000,0.0014,99.95
1788353640000,0.0014,99.95
1788353700000,0.0014,99.95
1788353760000,0.0014,99.95
1788353820000,0.0014,99.95
1788353880000,0.0014,99.95
1788353940000,0.0014,99.95
1788354000000,0.0014,99.95
1788354060000,0.0014,99.95
1788354120000,0.0014,99.95
1788354180000,0.0014,99.95
1788354240000,0.0014,99.95
1788354300000,0.0014,99.95
1788354360000,0.0014,99.95
1788354420000,0.0014,99.95
1788354480000,0.0014,99.95
1788354540000,0.0014,99.95
1788354600000,0.0014,99.95
1788354660000,0.0014,99.95
1788354720000,0.0014,99.95
1788354780000,0.0014,99.95
1788354840000,0.0014,99.95
1788354900000,0.0014,99.95
1788354960000,0.0014,99.95
1788355020000,0.0014,99.95
1788355080000,0.0014,99.95
1788355140000,0.0014,99.95
1788355200000,0.0014,99.95
1788355260000,0.0014,99.95
1788355320000,0.0014,99.95
1788355380000,0.0014,99.95
1788355440000,0.0014,99.95
1788355500000,0.0014,99.95
1788355560000,-0.095,103.17
1788357600000,-0.095,103.17
1788357660000,-0.095,103.17
1788357720000,-0.095,103.17
1788357780000,-0.095,103.17
1788357840000,-0.18,106.01
1788358920000,-0.18,106.01
1788358980000,-0.18,106.01
1788359040000,-0.18,106.01
1788359100000,-0.2747,109.17
1788422640000,-0.2747,109.17
1788422700000,-0.2747,109.17
1788422760000,-0.2747,109.17
1788422820000,-0.2747,109.17
1788422880000,-0.2747,109.17
1788422940000,-0.2747,109.17
1788423000000,-0.2747,109.17
1788423060000,-0.2747,109.17
1788423120000,-0.2747,109.17
1788423180000,-0.2747,109.17
1788423240000,-0.2747,109.17
1788423300000,-0.2747,109.17
1788423360000,-0.2747,109.17
1788423420000,-0.2747,109.17
1788423480000,-0.2747,109.17
1788423540000,-0.2747,109.17
1788423600000,-0.2747,109.17
1788423660000,-0.2747,109.17
1788423720000,-0.2747,109.17
1788423780000,-0.2747,109.17
1788423840000,-0.2747,109.17
1788423900000,-0.2747,109.17
1788423960000,-0.2747,109.17
1788424020000,-0.2747,109.17
1788424080000,-0.2747,109.17
1788424140000,-0.2747,109.17
1788424200000,-0.2747,109.17
1788424260000,-0.2747,109.17
1788424320000,-0.2747,109.17
1788424380000,-0.2747,109.17
1788424440000,-0.2747,109.17
1788424500000,-0.2747,109.17
1788424560000,-0.2747,109.17
1788424620000,-0.2747,109.17
1788424680000,-0.2747,109.17
1788424740000,-0.2747,109.17
1788424800000,-0.2747,109.17
1788424860000,-0.2747,109.17
1788424920000,-0.2747,109.17
1788424980000,-0.2747,109.17
1788425040000,-0.2747,109.17
1788425100000,-0.2747,109.17
1788425160000,-0.2747,109.17
1788425220000,-0.2747,109.17
1788425280000,-0.2747,109.17
1788425340000,-0.2747,109.17
1788425400000,-0.2747,109.17
1788425460000,-0.2747,109.17
1788425520000,-0.2747,109.17
1788425580000,-0.2747,109.17
1788425640000,-0.2747,109.17
1788425700000,-0.2747,109.17
1788425760000,-0.2747,109.17
1788425820000,-0.2747,109.17
1788425880000,-0.2747,109.17
1788425940000,-0.2747,109.17
1788426000000,-0.2747,109.17
1788426060000,-0.2747,109.17
1788426120000,-0.2747,109.17
1788426180000,-0.2747,109.17
1788426240000,-0.2747,109.17
1788426300000,-0.2747,109.17
1788426360000,-0.2747,109.17
1788426420000,-0.2747,109.17
1788426480000,-0.2747,109.17
1788426540000,-0.2747,109.17
1788426600000,-0.2747,109.17
1788426660000,-0.2747,109.17
1788426720000,-0.2747,109.17
1788426780000,-0.2747,109.17
1788426840000,-0.2747,109.17
1788426900000,-0.2747,109.17
1788426960000,-0.2747,109.17
1788427020000,-0.2747,109.17
1788427080000,-0.2747,109.17
1788427140000,-0.2747,109.17
1788427200000,-0.2747,109.17
1788427260000,-0.2747,109.17
1788427320000,-0.2747,109.17
1788427380000,-0.2747,109.17
1788427440000,-0.2747,109.17
1788427500000,-0.2747,109.17
1788427560000,-0.2747,109.17
1788427620000,-0.2747,109.17
1788427680000,-0.2747,109.17
1788427740000,-0.2747,109.17
1788427800000,-0.2747,109.17
1788427860000,-0.2747,109.17
1788427920000,-0.2747,109.17
1788427980000,-0.2747,109.17
1788428040000,-0.2747,109.17
1788428100000,-0.2747,109.17
1788428160000,-0.2747,109.17
1788428220000,-0.2747,109.17
1788428280000,-0.2747,109.17
1788428340000,-0.2747,109.17
1788428400000,-0.2747,109.17
1788428460000,-0.3936,113.14
1788509580000,-0.3936,113.14
1788509640000,-0.3936,113.14
1788509700000,-0.3936,113.14
1788509760000,-0.3936,113.14
1788509820000,-0.3936,113.14
1788509880000,-0.3936,113.14
1788509940000,-0.3936,113.14
1788510000000,-0.3936,113.14
1788510060000,-0.3936,113.14
1788510120000,-0.3936,113.14
1788510180000,-0.3936,113.14
1788510240000,-0.3936,113.14
1788510300000,-0.3936,113.14
1788510360000,-0.3936,113.14
1788510420000,-0.3936,113.14
1788510480000,-0.3936,113.14
1788510540000,-0.3936,113.14
1788510600000,-0.3936,113.14
1788510660000,-0.3936,113.14
1788510720000,-0.3936,113.14
1788510780000,-0.3936,113.14
1788510840000,-0.3936,113.14
1788510900000,-0.3936,113.14
1788510960000,-0.3936,113.14
1788511020000,-0.3936,113.14
1788511080000,-0.3936,113.14
1788511140000,-0.3936,113.14
1788511200000,-0.3936,113.14
1788511260000,-0.3936,113.14
1788511320000,-0.3936,113.14
1788511380000,-0.3936,113.14
1788511440000,-0.3936,113.14
1788511500000,-0.3936,113.14
1788511560000,-0.2772,109.26
1788512280000,-0.2772,109.26
1788512340000,-0.2772,109.26
1788512400000,-0.2772,109.26
1788512460000,-0.2772,109.26
1788512520000,-0.2772,109.26
1788512580000,-0.2772,109.26
1788512640000,-0.2772,109.26
1788512700000,-0.2772,109.26
1788512760000,-0.2772,109.26
1788512820000,-0.2772,109.26
1788512880000,-0.2772,109.26
1788512940000,-0.2772,109.26
1788513000000,-0.2772,109.26
1788513060000,-0.2772,109.26
1788513120000,-0.2772,109.26
1788513180000,-0.2772,109.26
1788513240000,-0.2772,109.26
1788513300000,-0.2772,109.26
1788513360000,-0.2772,109.26
1788513420000,-0.2772,109.26
1788513480000,-0.2772,109.26
1788513540000,-0.2772,109.26
1788513600000,-0.2772,109.26
1788513660000,-0.2384,107.96
1788514380000,-0.2384,107.96
1788514440000,-0.2384,107.96
1788514500000,-0.2384,107.96
1788514560000,-0.2384,107.96
1788514620000,-0.2384,107.96
1788514680000,-0.2384,107.96
1788514740000,-0.2384,107.96
1788514800000,-0.2384,107.96
1788514860000,-0.2384,107.96
1788514920000,-0.2384,107.96
1788514980000,-0.2384,107.96
1788515040000,-0.2384,107.96
1788515100000,-0.2384,107.96
1788515160000,-0.2384,107.96
1788515220000,-0.2384,107.96
1788515280000,-0.2384,107.96
1788515340000,-0.2384,107.96
1788515400000,-0.2384,107.96
1788515460000,-0.2384,107.96
1788515520000,-0.2384,107.96
1788515580000,-0.2384,107.96
1788515640000,-0.2384,107.96
1788515700000,-0.2384,107.96
1788515760000,-0.2384,107.96
1788515820000,-0.2384,107.96
1788515880000,-0.2384,107.96
1788515940000,-0.2384,107.96
1788516000000,-0.2384,107.96
1788516060000,-0.2384,107.96
1788516120000,-0.2384,107.96
1788516180000,-0.2384,107.96
1788516240000,-0.2384,107.96
1788516300000,-0.2384,107.96
1788516360000,-0.2384,107.96
1788516420000,-0.2384,107.96
1788516480000,-0.2384,107.96
1788516540000,-0.3369,111.25
1788517980000,-0.3369,111.25
1788518040000,-0.3369,111.25
1788518100000,-0.3369,111.25
1788518160000,-0.3369,111.25
1788518220000,-0.3369,111.25
1788518280000,-0.3369,111.25
1788518340000,-0.3369,111.25
1788518400000,-0.3369,111.25
1788518460000,-0.3369,111.25
1788518520000,-0.3369,111.25
1788518580000,-0.3369,111.25
1788518640000,-0.3369,111.25
1788518700000,-0.3369,111.25
1788518760000,-0.3369,111.25
1788518820000,-0.3369,111.25
1788518880000,-0.3369,111.25
1788518940000,-0.3369,111.25
1788519000000,-0.3369,111.25
1788519060000,-0.3369,111.25
1788519120000,-0.3369,111.25
1788519180000,-0.3369,111.25
1788519240000,-0.3369,111.25
1788519300000,-0.3369,111.25
1788519360000,-0.3369,111.25
1788519420000,-0.3369,111.25
1788519480000,-0.3369,111.25
1788519540000,-0.3369,111.25
1788519600000,-0.3369,111.25
1788519660000,-0.3369,111.25
1788519720000,-0.3369,111.25
1788519780000,-0.3369,111.25
1788519840000,-0.3369,111.25
1788519900000,-0.3369,111.25
1788519960000,-0.3369,111.25
1788520020000,-0.3369,111.25
1788520080000,-0.3369,111.25
1788520140000,-0.3369,111.25
1788520200000,-0.3369,111.25
1788520260000,-0.3369,111.25
1788520320000,-0.3369,111.25
1788520380000,-0.3369,111.25
1788520440000,-0.3369,111.25
1788520500000,-0.3369,111.25
1788520560000,-0.3369,111.25
1788520620000,-0.3369,111.25
1788520680000,-0.3369,111.25
1788520740000,-0.3369,111.25
1788520800000,-0.3369,111.25
1788520860000,-0.3369,111.25
1788520920000,-0.3369,111.25
1788520980000,-0.3369,111.25
1788521040000,-0.3369,111.25
1788521100000,-0.3369,111.25
1788521160000,-0.3369,111.25
1788521220000,-0.3369,111.25
1788521280000,-0.3369,111.25
1788521340000,-0.3369,111.25
1788521400000,-0.3369,111.25
1788521460000,-0.3369,111.25
1788521520000,-0.3369,111.25
1788521580000,-0.3369,111.25
1788521640000,-0.3369,111.25
1788521700000,-0.3369,111.25
1788521760000,-0.3369,111.25
1788521820000,-0.3369,111.25
1788521880000,-0.3369,111.25
1788521940000,-0.3369,111.25
1788522000000,-0.3369,111.25
1788522060000,-0.3369,111.25
1788522120000,-0.3369,111.25
1788522180000,-0.3369,111.25
1788522240000,-0.3369,111.25
1788522300000,-0.3369,111.25
1788522360000,-0.3369,111.25
1788522420000,-0.3369,111.25
1788522480000,-0.3369,111.25
1788522540000,-0.3369,111.25
1788522600000,-0.3369,111.25
1788522660000,-0.3369,111.25
1788522720000,-0.3369,111.25
1788522780000,-0.3369,111.25
1788522840000,-0.3369,111.25
1788522900000,-0.3369,111.25
1788522960000,-0.3369,111.25
1788523020000,-0.3369,111.25
1788523080000,-0.3369,111.25
1788523140000,-0.3369,111.25
1788523200000,-0.3369,111.25
1788523260000,-0.3369,111.25
1788523320000,-0.3369,111.25
1788523380000,-0.3369,111.25
1788523440000,-0.3369,111.25
1788523500000,-0.3369,111.25
1788523560000,-0.3369,111.25
1788523620000,-0.3369,111.25
1788523680000,-0.3369,111.25
1788523740000,-0.3369,111.25
1788523800000,-0.3369,111.25
1788523860000,-0.3369,111.25
1788523920000,-0.3369,111.25
1788523980000,-0.3369,111.25
1788524040000,-0.3369,111.25
1788524100000,-0.3369,111.25
1788524160000,-0.3369,111.25
1788524220000,-0.3369,111.25
1788524280000,-0.3369,111.25
1788524340000,-0.3369,111.25
1788524400000,-0.3369,111.25
1788524460000,-0.3369,111.25
1788524520000,-0.3369,111.25
1788524580000,-0.3369,111.25
1788524640000,-0.3369,111.25
1788524700000,-0.3369,111.25
1788524760000,-0.3369,111.25
1788524820000,-0.3369,111.25
1788524880000,-0.3369,111.25
1788524940000,-0.3369,111.25
1788525000000,-0.5184,117.31
1788616380000,-0.5184,117.31
1788616440000,-0.5184,117.31
1788616500000,-0.5184,117.31
1788616560000,-0.5184,117.31
1788616620000,-0.5184,117.31
1788616680000,-0.5184,117.31
1788616740000,-0.5184,117.31
1788616800000,-0.5184,117.31
1788616860000,-0.5184,117.31
1788616920000,-0.5184,117.31
1788616980000,-0.5184,117.31
1788617040000,-0.5184,117.31
1788617100000,-0.5184,117.31
1788617160000,-0.5184,117.31
1788617220000,-0.5184,117.31
1788617280000,-0.5184,117.31
1788617340000,-0.5184,117.31
1788617400000,-0.5184,117.31
1788617460000,-0.5184,117.31
1788617520000,-0.5184,117.31
1788617580000,-0.5184,117.31
1788617640000,-0.5184,117.31
1788617700000,-0.5184,117.31
1788617760000,-0.5184,117.31
1788617820000,-0.5184,117.31
1788617880000,-0.5184,117.31
1788617940000,-0.5184,117.31
1788618000000,-0.5184,117.31
1788618060000,-0.5184,117.31
1788618120000,-0.5184,117.31
1788618180000,-0.5184,117.31
1788618240000,-0.5184,117.31
1788618300000,-0.5184,117.31
1788618360000,-0.5184,117.31
1788618420000,-0.5184,117.31
1788618480000,-0.5184,117.31
1788618540000,-0.5184,117.31
1788618600000,-0.5184,117.31
1788618660000,-0.5184,117.31
1788618720000,-0.5184,117.31
1788618780000,-0.5184,117.31
1788618840000,-0.5184,117.31
1788618900000,-0.5184,117.31
1788618960000,-0.5184,117.31
1788619020000,-0.5184,117.31
1788619080000,-0.5184,117.31
1788619140000,-0.5184,117.31
1788619200000,-0.5184,117.31
1788619260000,-0.5184,117.31
1788619320000,-0.5184,117.31
1788619380000,-0.5184,117.31
1788619440000,-0.5184,117.31
1788619500000,-0.5184,117.31
1788619560000,-0.5184,117.31
1788619620000,-0.5184,117.31
1788619680000,-0.5184,117.31
1788619740000,-0.5184,117.31
1788619800000,-0.5184,117.31
1788619860000,-0.5184,117.31
1788619920000,-0.5184,117.31
1788619980000,-0.5184,117.31
1788620040000,-0.5184,117.31
1788620100000,-0.5184,117.31
1788620160000,-0.5184,117.31
1788620220000,-0.5184,117.31
1788620280000,-0.5184,117.31
1788620340000,-0.5184,117.31
1788620400000,-0.5184,117.31
1788620460000,-0.5184,117.31
1788620520000,-0.5184,117.31
1788620580000,-0.5184,117.31
1788620640000,-0.5184,117.31
1788620700000,-0.5184,117.31
1788620760000,-0.5184,117.31
1788620820000,-0.5184,117.31
1788620880000,-0.5184,117.31
1788620940000,-0.5184,117.31
1788621000000,-0.5184,117.31
1788621060000,-0.5184,117.31
1788621120000,-0.5184,117.31
1788621180000,-0.5184,117.31
1788621240000,-0.5184,117.31
1788621300000,-0.5184,117.31
1788621360000,-0.5184,117.31
1788621420000,-0.5184,117.31
1788621480000,-0.5184,117.31
1788621540000,-0.5184,117.31
1788621600000,-0.5184,117.31
1788621660000,-0.5184,117.31
1788621720000,-0.5184,117.31
1788621780000,-0.5184,117.31
1788621840000,-0.5184,117.31
1788621900000,-0.5184,117.31
1788621960000,-0.5184,117.31
1788622020000,-0.5184,117.31
1788622080000,-0.5184,117.31
1788622140000,-0.5184,117.31
1788622200000,-0.5184,117.31
1788622260000,-0.5184,117.31
1788622320000,-0.5184,117.31
1788622380000,-0.5184,117.31
1788622440000,-0.5184,117.31
1788622500000,-0.5184,117.31
1788622560000,-0.5184,117.31
1788622620000,-0.5184,117.31
1788622680000,-0.5184,117.31
1788622740000,-0.5184,117.31
1788622800000,-0.5184,117.31
1788622860000,-0.5184,117.31
1788622920000,-0.5184,117.31
1788622980000,-0.5184,117.31
1788623040000,-0.5184,117.31
1788623100000,-0.5184,117.31
1788623160000,-0.5184,117.31
1788623220000,-0.5184,117.31
1788623280000,-0.5184,117.31
1788623340000,-0.5184,117.31
1788623400000,-0.5184,117.31
1788623460000,-0.5184,117.31
1788623520000,-0.5184,117.31
1788623580000,-0.5184,117.31
1788623640000,-0.5184,117.31
1788623700000,-0.5184,117.31
1788623760000,-0.5184,117.31
1788623820000,-0.5184,117.31
1788623880000,-0.5184,117.31
1788623940000,-0.5184,117.31
1788624000000,-0.5184,117.31
1788624060000,-0.5184,117.31
1788624120000,-0.5184,117.31
1788624180000,-0.6314,121.08
1788687840000,-0.6314,121.08
1788687900000,-0.6314,121.08
1788687960000,-0.6314,121.08
1788688020000,-0.6314,121.08
1788688080000,-0.6314,121.08
1788688140000,-0.6314,121.08
1788688200000,-0.6314,121.08
1788688260000,-0.6314,121.08
1788688320000,-0.6314,121.08
1788688380000,-0.6314,121.08
1788688440000,-0.6314,121.08
1788688500000,-0.6314,121.08
1788688560000,-0.6314,121.08
1788688620000,-0.6314,121.08
1788688680000,-0.6314,121.08
1788688740000,-0.6314,121.08
1788688800000,-0.6314,121.08
1788688860000,-0.6314,121.08
1788688920000,-0.6314,121.08
1788688980000,-0.6314,121.08
1788689040000,-0.6314,121.08
1788689100000,-0.6314,121.08
1788689160000,-0.6314,121.08
1788689220000,-0.6314,121.08
1788689280000,-0.6314,121.08
1788689340000,-0.6314,121.08
1788689400000,-0.6314,121.08
1788689460000,-0.6314,121.08
1788689520000,-0.6314,121.08
1788689580000,-0.6314,121.08
1788689640000,-0.6314,121.08
1788689700000,-0.6314,121.08
1788689760000,-0.6314,121.08
1788689820000,-0.6314,121.08
1788689880000,-0.6314,121.08
1788689940000,-0.6314,121.08
1788690000000,-0.6314,121.08
1788690060000,-0.6314,121.08
1788690120000,-0.6314,121.08
1788690180000,-0.6314,121.08
1788690240000,-0.6314,121.08
1788690300000,-0.6314,121.08
1788690360000,-0.6314,121.08
1788690420000,-0.6314,121.08
1788690480000,-0.6314,121.08
1788690540000,-0.6314,121.08
1788690600000,-0.6314,121.08
1788690660000,-0.6314,121.08
1788690720000,-0.6314,121.08
1788690780000,-0.6314,121.08
1788690840000,-0.6314,121.08
1788690900000,-0.6314,121.08
1788690960000,-0.6314,121.08
1788691020000,-0.6314,121.08
1788691080000,-0.6314,121.08
1788691140000,-0.6314,121.08
1788691200000,-0.6314,121.08
1788691260000,-0.6314,121.08
1788691320000,-0.6314,121.08
1788691380000,-0.6314,121.08
1788691440000,-0.6314,121.08
1788691500000,-0.6314,121.08
1788691560000,-0.6314,121.08
1788691620000,-0.6314,121.08
1788691680000,-0.6314,121.08
1788691740000,-0.6314,121.08
1788691800000,-0.6314,121.08
1788691860000,-0.6314,121.08
1788691920000,-0.6314,121.08
1788691980000,-0.6314,121.08
1788692040000,-0.6314,121.08
1788692100000,-0.6314,121.08
1788692160000,-0.6314,121.08
1788692220000,-0.6314,121.08
1788692280000,-0.6314,121.08
1788692340000,-0.6314,121.08
1788692400000,-0.6314,121.08
1788692460000,-0.6314,121.08
1788692520000,-0.6314,121.08
1788692580000,-0.6314,121.08
1788692640000,-0.6314,121.08
1788692700000,-0.6314,121.08
1788692760000,-0.7321,124.44
1788775020000,-0.7321,124.44
1788775080000,-0.7321,124.44
1788775140000,-0.7321,124.44
1788775200000,-0.7321,124.44
1788775260000,-0.7321,124.44
1788775320000,-0.7321,124.44
1788775380000,-0.7321,124.44
1788775440000,-0.7321,124.44
1788775500000,-0.7321,124.44
1788775560000,-0.7321,124.44
1788775620000,-0.7321,124.44
1788775680000,-0.7321,124.44
1788775740000,-0.7321,124.44
1788775800000,-0.7321,124.44
1788775860000,-0.7321,124.44
1788775920000,-0.7321,124.44
1788775980000,-0.7321,124.44
1788776040000,-0.7321,124.44
1788776100000,-0.7321,124.44
1788776160000,-0.7321,124.44
1788776220000,-0.7321,124.44
1788776280000,-0.7321,124.44
1788776340000,-0.7321,124.44
1788776400000,-0.7321,124.44
1788776460000,-0.7321,124.44
1788776520000,-0.7321,124.44
1788776580000,-0.7321,124.44
1788776640000,-0.7321,124.44
1788776700000,-0.7321,124.44
1788776760000,-0.7321,124.44
1788776820000,-0.7321,124.44
1788776880000,-0.7321,124.44
1788776940000,-0.7321,124.44
1788777000000,-0.7321,124.44
1788777060000,-0.7321,124.44
1788777120000,-0.7321,124.44
1788777180000,-0.7321,124.44
1788777240000,-0.7321,124.44
1788777300000,-0.7321,124.44
1788777360000,-0.7321,124.44
1788777420000,-0.7321,124.44
1788777480000,-0.7321,124.44
1788777540000,-0.7321,124.44
1788777600000,-0.7321,124.44
1788777660000,-0.7321,124.44
1788777720000,-0.7321,124.44
1788777780000,-0.7321,124.44
1788777840000,-0.7321,124.44
1788777900000,-0.7321,124.44
1788777960000,-0.7321,124.44
1788778020000,-0.7321,124.44
1788778080000,-0.7321,124.44
1788778140000,-0.7321,124.44
1788778200000,-0.7321,124.44
1788778260000,-0.7321,124.44
1788778320000,-0.7321,124.44
1788778380000,-0.7321,124.44
1788778440000,-0.7321,124.44
1788778500000,-0.7321,124.44
1788778560000,-0.7321,124.44
1788778620000,-0.7321,124.44
1788778680000,-0.7321,124.44
1788778740000,-0.7321,124.44
1788778800000,-0.7321,124.44
1788778860000,-0.7321,124.44
1788778920000,-0.7321,124.44
1788778980000,-0.7321,124.44
1788779040000,-0.7321,124.44
1788779100000,-0.7321,124.44
1788779160000,-0.7321,124.44
1788779220000,-0.7321,124.44
1788779280000,-0.7321,124.44
1788779340000,-0.7321,124.44
1788779400000,-0.7321,124.44
1788779460000,-0.7321,124.44
1788779520000,-0.7321,124.44
1788779580000,-0.7321,124.44
1788779640000,-0.7321,124.44
1788779700000,-0.7321,124.44
1788779760000,-0.7321,124.44
1788779820000,-0.7321,124.44
1788779880000,-0.7321,124.44
1788779940000,-0.7321,124.44
1788780000000,-0.7321,124.44
1788780060000,-0.7321,124.44
1788780120000,-0.7321,124.44
1788780180000,-0.7321,124.44
1788780240000,-0.7321,124.44
1788780300000,-0.7321,124.44
1788780360000,-0.7321,124.44
1788780420000,-0.7321,124.44
1788780480000,-0.7321,124.44
1788780540000,-0.7321,124.44
1788780600000,-0.7321,124.44
1788780660000,-0.7321,124.44
1788780720000,-0.8223,127.46
1788854520000,-0.8223,127.46
1788854580000,-0.8223,127.46
1788854640000,-0.8223,127.46
1788854700000,-0.8223,127.46
1788854760000,-0.8223,127.46
1788854820000,-0.8223,127.46
1788854880000,-0.8223,127.46
1788854940000,-0.8223,127.46
1788855000000,-0.8223,127.46
1788855060000,-0.8223,127.46
1788855120000,-0.8223,127.46
1788855180000,-0.8223,127.46
1788855240000,-0.8223,127.46
1788855300000,-0.8223,127.46
1788855360000,-0.8223,127.46
1788855420000,-0.8223,127.46
1788855480000,-0.8223,127.46
1788855540000,-0.8223,127.46
1788855600000,-0.8223,127.46
1788855660000,-0.8223,127.46
1788855720000,-0.8223,127.46
1788855780000,-0.8223,127.46
1788855840000,-0.8223,127.46
1788855900000,-0.8223,127.46
1788855960000,-0.8223,127.46
1788856020000,-0.8223,127.46
1788856080000,-0.8223,127.46
1788856140000,-0.8223,127.46
1788856200000,-0.8223,127.46
1788856260000,-0.8223,127.46
1788856320000,-0.8223,127.46
1788856380000,-0.8223,127.46
1788856440000,-0.8223,127.46
1788856500000,-0.9104,130.4
1788940980000,-0.9104,130.4
1788941040000,-0.9104,130.4
1788941100000,-0.9104,130.4
1788941160000,-0.9104,130.4
1788941220000,-0.9104,130.4
1788941280000,-0.9104,130.4
1788941340000,-0.9104,130.4
1788941400000,-0.9104,130.4
1788941460000,-0.9104,130.4
1788941520000,-0.9104,130.4
1788941580000,-0.9104,130.4
1788941640000,-0.9104,130.4
1788941700000,-0.9104,130.4
1788941760000,-0.9104,130.4
1788941820000,-0.9104,130.4
1788941880000,-0.9104,130.4
1788941940000,-0.9104,130.4
1788942000000,-0.9104,130.4
1788942060000,-0.9104,130.4
1788942120000,-0.9104,130.4
1788942180000,-0.9104,130.4
1788942240000,-0.9104,130.4
1788942300000,-0.9104,130.4
1788942360000,-0.9104,130.4
1788942420000,-0.9104,130.4
1788942480000,-0.9104,130.4
1788942540000,-0.9104,130.4
1788942600000,-0.9104,130.4
1788942660000,-0.9104,130.4
1788942720000,-0.9104,130.4
1788942780000,-0.9104,130.4
1788942840000,-0.9104,130.4
1788942900000,-0.9104,130.4
1788942960000,-0.9104,130.4
1788943020000,-0.9104,130.4
1788943080000,-0.9104,130.4
1788943140000,-0.9104,130.4
1788943200000,-0.9104,130.4
1788943260000,-0.9104,130.4
1788943320000,-0.9104,130.4
1788943380000,-0.9104,130.4
1788943440000,-0.9104,130.4
1788943500000,-0.9104,130.4
1788943560000,-0.9104,130.4
1788943620000,-0.9104,130.4
1788943680000,-0.9104,130.4
1788943740000,-0.9104,130.4
1788943800000,-0.9104,130.4
1788943860000,-0.9104,130.4
1788943920000,-0.9104,130.4
1788943980000,-0.9104,130.4
1788944040000,-0.9104,130.4
1788944100000,-0.9104,130.4
1788944160000,-0.9104,130.4
1788944220000,-0.9104,130.4
1788944280000,-0.9104,130.4
1788944340000,-0.9104,130.4
1788944400000,-0.9104,130.4
1788944460000,-0.9104,130.4
1788944520000,-0.9104,130.4
1788944580000,-0.9104,130.4
1788944640000,-0.9104,130.4
1788944700000,-0.9104,130.4
1788944760000,-0.9104,130.4
1788944820000,-0.9104,130.4
1788944880000,-0.9104,130.4
1788944940000,-0.9104,130.4
1788945000000,-0.9104,130.4
1788945060000,-0.9104,130.4
1788945120000,-0.9104,130.4
1788945180000,-0.9104,130.4
1788945240000,-0.9104,130.4
1788945300000,-0.9104,130.4
1788945360000,-0.9104,130.4
1788945420000,-0.9104,130.4
1788945480000,-0.9104,130.4
1788945540000,-0.9104,130.4
1788945600000,-0.9104,130.4
1788945660000,-0.9104,130.4
1788945720000,-0.9104,130.4
1788945780000,-0.9104,130.4
1788945840000,-0.9104,130.4
1788945900000,-0.9104,130.4
1788945960000,-0.9104,130.4
1788946020000,-0.9104,130.4
1788946080000,-0.9104,130.4
1788946140000,-0.9104,130.4
1788946200000,-0.9892,133.03
1789032960000,-0.9892,133.03
1789033020000,-0.9892,133.03
1789033080000,-0.9892,133.03
1789033140000,-0.9892,133.03
1789033200000,-0.9892,133.03
1789033260000,-0.9892,133.03
1789033320000,-0.9892,133.03
1789033380000,-0.9892,133.03
1789033440000,-0.9892,133.03
1789033500000,-0.9892,133.03
1789033560000,-0.9892,133.03
1789033620000,-0.9892,133.03
1789033680000,-0.9892,133.03
1789033740000,-0.9892,133.03
1789033800000,-0.9892,133.03
1789033860000,-0.9892,133.03
1789033920000,-0.9892,133.03
1789033980000,-0.9892,133.03
1789034040000,-0.9892,133.03
1789034100000,-0.9892,133.03
1789034160000,-0.9892,133.03
1789034220000,-0.9892,133.03
1789034280000,-0.9892,133.03
1789034340000,-0.9892,133.03
1789034400000,-0.9892,133.03
1789034460000,-0.9892,133.03
1789034520000,-0.9892,133.03
1789034580000,-0.9892,133.03
1789034640000,-0.9892,133.03
1789034700000,-0.9892,133.03
1789034760000,-0.9892,133.03
1789034820000,-0.9892,133.03
1789034880000,-0.9892,133.03
1789034940000,-0.9892,133.03
1789035000000,-0.9892,133.03
1789035060000,-0.9892,133.03
1789035120000,-0.9892,133.03
1789035180000,-0.9892,133.03
1789035240000,-0.9892,133.03
1789035300000,-0.9892,133.03
1789035360000,-0.9892,133.03
1789035420000,-0.9892,133.03
1789035480000,-0.9892,133.03
1789035540000,-0.9892,133.03
1789035600000,-0.9892,133.03
1789035660000,-0.9892,133.03
1789035720000,-0.9892,133.03
1789035780000,-0.9892,133.03
1789035840000,-0.9892,133.03
1789035900000,-0.9892,133.03
1789035960000,-0.9892,133.03
1789036020000,-0.9892,133.03
1789036080000,-0.9892,133.03
1789036140000,-0.9892,133.03
1789036200000,-0.9892,133.03
1789036260000,-0.9892,133.03
1789036320000,-0.9892,133.03
1789036380000,-0.9892,133.03
1789036440000,-0.9892,133.03
1789036500000,-0.9892,133.03
1789036560000,-0.9892,133.03
1789036620000,-0.9892,133.03
1789036680000,-0.9892,133.03
1789036740000,-0.9892,133.03
1789036800000,-0.9892,133.03
1789036860000,-0.9892,133.03
1789036920000,-0.9892,133.03
1789036980000,-0.9892,133.03
1789037040000,-0.9892,133.03
1789037100000,-0.9892,133.03
1789037160000,-0.9892,133.03
1789037220000,-0.9892,133.03
1789037280000,-0.9892,133.03
1789037340000,-0.9892,133.03
1789037400000,-0.9892,133.03
1789037460000,-0.9892,133.03
1789037520000,-0.9892,133.03
1789037580000,-0.9892,133.03
1789037640000,-0.9892,133.03
1789037700000,-0.9892,133.03
1789037760000,-0.9892,133.03
1789037820000,-0.9892,133.03
1789037880000,-0.9892,133.03
1789037940000,-0.9892,133.03
1789038000000,-0.9892,133.03
1789038060000,-0.9892,133.03
1789038120000,-0.9892,133.03
1789038180000,-0.9892,133.03
1789038240000,-0.9892,133.03
1789038300000,-0.9892,133.03
1789038360000,-0.9892,133.03
1789038420000,-0.9892,133.03
1789038480000,-0.9892,133.03
1789038540000,-0.9892,133.03
1789038600000,-0.9892,133.03
1789038660000,-0.9892,133.03
1789038720000,-0.9892,133.03
1789038780000,-0.9892,133.03
1789038840000,-0.9892,133.03
1789038900000,-0.9892,133.03
1789038960000,-0.9892,133.03
1789039020000,-0.9892,133.03
1789039080000,-0.9892,133.03
1789039140000,-0.9892,133.03
1789039200000,-0.9892,133.03
1789039260000,-0.9892,133.03
1789039320000,-0.9892,133.03
1789039380000,-0.9892,133.03
1789039440000,-0.9892,133.03
1789039500000,-0.9892,133.03
1789039560000,-0.9892,133.03
1789039620000,-0.9892,133.03
1789039680000,-0.9892,133.03
1789039740000,-0.9892,133.03
1789039800000,-0.9892,133.03
1789039860000,-0.9892,133.03
1789039920000,-0.9892,133.03
1789039980000,-0.9892,133.03
1789040040000,-0.9892,133.03
1789040100000,-0.9892,133.03
1789040160000,-0.9892,133.03
1789040220000,-0.9892,133.03
1789040280000,-0.9892,133.03
1789040340000,-0.9892,133.03
1789040400000,-0.9892,133.03
1789040460000,-0.9892,133.03
1789040520000,-0.9892,133.03
1789040580000,-0.9892,133.03
1789040640000,-0.9892,133.03
1789040700000,-0.9892,133.03
1789040760000,-0.9892,133.03
1789040820000,-0.9892,133.03
1789040880000,-0.9892,133.03
1789040940000,-0.9892,133.03
1789041000000,-0.9892,133.03
1789041060000,-0.9892,133.03
1789041120000,-0.9892,133.03
1789041180000,-0.9892,133.03
1789041240000,-0.9892,133.03
1789041300000,-0.9892,133.03
1789041360000,-0.9892,133.03
1789041420000,-0.9892,133.03
1789041480000,-0.9892,133.03
1789041540000,-0.9892,133.03
1789041600000,-0.9892,133.03
1789041660000,-0.9892,133.03
1789041720000,-0.9892,133.03
1789041780000,-0.9892,133.03
1789041840000,-0.9892,133.03
1789041900000,-0.9892,133.03
1789041960000,-0.9892,133.03
1789042020000,-0.9892,133.03
1789042080000,-0.9892,133.03
1789042140000,-0.9892,133.03
1789042200000,-0.9892,133.03
1789042260000,-0.9892,133.03
1789042320000,-0.9892,133.03
1789042380000,-0.9892,133.03
1789042440000,-0.9892,133.03
1789042500000,-0.9892,133.03
1789042560000,-0.9892,133.03
1789042620000,-0.9892,133.03
1789042680000,-0.9892,133.03
1789042740000,-0.9892,133.03
1789042800000,-0.9892,133.03
1789042860000,-0.9892,133.03
1789042920000,-0.9892,133.03
1789042980000,-0.9892,133.03
1789043040000,-0.9892,133.03
1789043100000,-0.9892,133.03
1789043160000,-0.9892,133.03
1789043220000,-0.9892,133.03
1789043280000,-0.9892,133.03
1789043340000,-0.9892,133.03
1789043400000,-0.8817,129.44
1789045740000,-0.8817,129.44
1789045800000,-0.8817,129.44
1789045860000,-0.8817,129.44
1789045920000,-0.8817,129.44
1789045980000,-0.8817,129.44
1789046040000,-0.8817,129.44
1789046100000,-0.8817,129.44
1789046160000,-0.8555,128.57
1789049160000,-0.8555,128.57
1789049220000,-0.8555,128.57
1789049280000,-0.8555,128.57
1789049340000,-0.8555,128.57
1789049400000,-0.8555,128.57
1789049460000,-0.8555,128.57
1789049520000,-0.8555,128.57
1789049580000,-0.8555,128.57
1789049640000,-0.8555,128.57
1789049700000,-0.8555,128.57
1789049760000,-0.8555,128.57
1789049820000,-0.8555,128.57
1789049880000,-0.8555,128.57
1789049940000,-0.8555,128.57
1789050000000,-0.8555,128.57
1789050060000,-0.8555,128.57
1789050120000,-0.8555,128.57
1789050180000,-0.8555,128.57
1789050240000,-0.9611,132.09
1789115400000,-0.9611,132.09
1789115460000,-0.9611,132.09
1789115520000,-0.9611,132.09
1789115580000,-0.9611,132.09
1789115640000,-0.9611,132.09
1789115700000,-0.9611,132.09
1789115760000,-0.9611,132.09
1789115820000,-0.9611,132.09
1789115880000,-0.9611,132.09
1789115940000,-0.9611,132.09
1789116000000,-0.9611,132.09
1789116060000,-0.9611,132.09
1789116120000,-0.9611,132.09
1789116180000,-0.9611,132.09
1789116240000,-0.9611,132.09
1789116300000,-0.9611,132.09
1789116360000,-0.9611,132.09
1789116420000,-0.9611,132.09
1789116480000,-0.9611,132.09
1789116540000,-0.9611,132.09
1789116600000,-0.9354,131.23
1789218660000,-0.9354,131.23
1789218720000,-0.9354,131.23
1789218780000,-0.9354,131.23
1789218840000,-0.9354,131.23
1789218900000,-0.9354,131.23
1789218960000,-0.9354,131.23
1789219020000,-0.9354,131.23
1789219080000,-0.9354,131.23
1789219140000,-0.9354,131.23
1789219200000,-0.9354,131.23
1789219260000,-0.9354,131.23
1789219320000,-0.9354,131.23
1789219380000,-0.9354,131.23
1789219440000,-0.9354,131.23
1789219500000,-0.9354,131.23
1789219560000,-0.9354,131.23
1789219620000,-0.9354,131.23
1789219680000,-0.9354,131.23
1789219740000,-0.9354,131.23
1789219800000,-0.9354,131.23
1789219860000,-0.9354,131.23
1789219920000,-0.9354,131.23
1789219980000,-0.9354,131.23
1789220040000,-0.9354,131.23
1789220100000,-0.9354,131.23
1789220160000,-0.9354,131.23
1789220220000,-0.9354,131.23
1789220280000,-0.9354,131.23
1789220340000,-0.9354,131.23
1789220400000,-0.9354,131.23
1789220460000,-0.9354,131.23
1789220520000,-0.9354,131.23
1789220580000,-0.9354,131.23
1789220640000,-0.9354,131.23
1789220700000,-0.9354,131.23
1789220760000,-0.9354,131.23
1789220820000,-0.9354,131.23
1789220880000,-0.9354,131.23
1789220940000,-0.9354,131.23
1789221000000,-0.9354,131.23
1789221060000,-0.9354,131.23
1789221120000,-0.9354,131.23
1789221180000,-0.9354,131.23
1789221240000,-0.9354,131.23
1789221300000,-0.9354,131.23
1789221360000,-0.9354,131.23
1789221420000,-0.9354,131.23
1789221480000,-0.9354,131.23
1789221540000,-0.9354,131.23
1789221600000,-0.9354,131.23
1789221660000,-0.9354,131.23
1789221720000,-0.9354,131.23
1789221780000,-0.9354,131.23
1789221840000,-0.9354,131.23
1789221900000,-0.9354,131.23
1789221960000,-0.9354,131.23
1789222020000,-0.9354,131.23
1789222080000,-0.9354,131.23
1789222140000,-0.9354,131.23
1789222200000,-0.9354,131.23
1789222260000,-0.9354,131.23
1789222320000,-0.9354,131.23
1789222380000,-0.9354,131.23
1789222440000,-0.9354,131.23
1789222500000,-0.9354,131.23
1789222560000,-0.9354,131.23
1789222620000,-0.9354,131.23
1789222680000,-0.9354,131.23
1789222740000,-0.9354,131.23
1789222800000,-0.9354,131.23
1789222860000,-0.9354,131.23
1789222920000,-0.9354,131.23
1789222980000,-0.9354,131.23
1789223040000,-0.9354,131.23
1789223100000,-0.9354,131.23
1789223160000,-0.9354,131.23
1789223220000,-0.9354,131.23
1789223280000,-0.9354,131.23
1789223340000,-0.9354,131.23
1789223400000,-0.9354,131.23
1789223460000,-0.9354,131.23
1789223520000,-0.9354,131.23
1789223580000,-0.9354,131.23
1789223640000,-0.9354,131.23
1789223700000,-0.9354,131.23
1789223760000,-0.9354,131.23
1789223820000,-0.9354,131.23
1789223880000,-0.9354,131.23
1789223940000,-0.9354,131.23
1789224000000,-0.9354,131.23
1789224060000,-0.9354,131.23
1789224120000,-0.9354,131.23
1789224180000,-0.9354,131.23
1789224240000,-0.9354,131.23
1789224300000,-0.9354,131.23
1789224360000,-0.9354,131.23
1789224420000,-0.9354,131.23
1789224480000,-0.9354,131.23
1789224540000,-0.9354,131.23
1789224600000,-0.9354,131.23
1789224660000,-0.9354,131.23
1789224720000,-0.9354,131.23
1789224780000,-0.9354,131.23
1789224840000,-0.9354,131.23
1789224900000,-0.9354,131.23
1789224960000,-0.9354,131.23
1789225020000,-0.9354,131.23
1789225080000,-0.9354,131.23
1789225140000,-0.9354,131.23
1789225200000,-0.9354,131.23
1789225260000,-0.9354,131.23
1789225320000,-0.9354,131.23
1789225380000,-0.9354,131.23
1789225440000,-0.9354,131.23
1789225500000,-0.9354,131.23
1789225560000,-0.9354,131.23
1789225620000,-0.9354,131.23
1789225680000,-0.9354,131.23
1789225740000,-0.9354,131.23
1789225800000,-0.9354,131.23
1789225860000,-0.9354,131.23
1789225920000,-0.9354,131.23
1789225980000,-0.9354,131.23
1789226040000,-0.9354,131.23
1789226100000,-0.9354,131.23
1789226160000,-0.9354,131.23
1789226220000,-0.9354,131.23
1789226280000,-0.9354,131.23
1789226340000,-0.9354,131.23
1789226400000,-0.9354,131.23
1789226460000,-0.9354,131.23
1789226520000,-0.9354,131.23
1789226580000,-0.9354,131.23
1789226640000,-0.9354,131.23
1789226700000,-0.9354,131.23
1789226760000,-0.9354,131.23
1789226820000,-0.9354,131.23
1789226880000,-0.9354,131.23
1789226940000,-0.9354,131.23
1789227000000,-0.9354,131.23
1789227060000,-0.9354,131.23
1789227120000,-0.9354,131.23
1789227180000,-0.9354,131.23
1789227240000,-0.9354,131.23
1789227300000,-0.9354,131.23
1789227360000,-0.9354,131.23
1789227420000,-1.0169,133.95
1789287480000,-1.0169,133.95
1789287540000,-1.0169,133.95
1789287600000,-1.0169,133.95
1789287660000,-1.0169,133.95
1789287720000,-1.0169,133.95
1789287780000,-1.0169,133.95
1789287840000,-1.0169,133.95
1789287900000,-1.0169,133.95
1789287960000,-1.0169,133.95
1789288020000,-1.0169,133.95
1789288080000,-1.0169,133.95
1789288140000,-1.0169,133.95
1789288200000,-1.0169,133.95
1789288260000,-1.0169,133.95
1789288320000,-1.0169,133.95
1789288380000,-1.0169,133.95
1789288440000,-1.0169,133.95
1789288500000,-1.0169,133.95
1789288560000,-1.0169,133.95
1789288620000,-1.0169,133.95
1789288680000,-1.0169,133.95
1789288740000,-0.9172,130.63
1789290960000,-0.9172,130.63
1789291020000,-0.9172,130.63
1789291080000,-0.9172,130.63
1789291140000,-0.9172,130.63
1789291200000,-0.9172,130.63
1789291260000,-0.9172,130.63
1789291320000,-0.9172,130.63
1789291380000,-0.9172,130.63
1789291440000,-0.9172,130.63
1789291500000,-0.9172,130.63
1789291560000,-0.9172,130.63
1789291620000,-0.9172,130.63
1789291680000,-0.9172,130.63
1789291740000,-0.9172,130.63
1789291800000,-0.9172,130.63
1789291860000,-0.9172,130.63
1789291920000,-0.9172,130.63
1789291980000,-0.7949,126.54
1789297140000,-0.7949,126.54
1789297200000,-0.7949,126.54
1789297260000,-0.7949,126.54
1789297320000,-0.7949,126.54
1789297380000,-0.7949,126.54
1789297440000,-0.7949,126.54
1789297500000,-0.7949,126.54
1789297560000,-0.7949,126.54
1789297620000,-0.7949,126.54
1789297680000,-0.7949,126.54
1789297740000,-0.7949,126.54
1789297800000,-0.7949,126.54
1789297860000,-0.7949,126.54
1789297920000,-0.7949,126.54
1789297980000,-0.7949,126.54
1789298040000,-0.7949,126.54
1789298100000,-0.7949,126.54
1789298160000,-0.7949,126.54
1789298220000,-0.7949,126.54
1789298280000,-0.7949,126.54
1789298340000,-0.7949,126.54
1789298400000,-0.7949,126.54
1789298460000,-0.7949,126.54
1789298520000,-0.7949,126.54
1789298580000,-0.7949,126.54
1789298640000,-0.7949,126.54
1789298700000,-0.7949,126.54
1789298760000,-0.7949,126.54
1789298820000,-0.7949,126.54
1789298880000,-0.7949,126.54
1789298940000,-0.7949,126.54
1789299000000,-0.7949,126.54
1789299060000,-0.7949,126.54
1789299120000,-0.7949,126.54
1789299180000,-0.7949,126.54
1789299240000,-0.7949,126.54
1789299300000,-0.7949,126.54
1789299360000,-0.7949,126.54
1789299420000,-0.7949,126.54
1789299480000,-0.7949,126.54
1789299540000,-0.7949,126.54
1789299600000,-0.8918,129.78
1789303140000,-0.8918,129.78
1789303200000,-0.8918,129.78
1789303260000,-0.8918,129.78
1789303320000,-0.8918,129.78
1789303380000,-0.8918,129.78
1789303440000,-0.8918,129.78
1789303500000,-0.8918,129.78
1789303560000,-0.8918,129.78
1789303620000,-0.8918,129.78
1789303680000,-0.8918,129.78
1789303740000,-0.8918,129.78
1789303800000,-0.8918,129.78
1789303860000,-0.8918,129.78
1789303920000,-0.8918,129.78
1789303980000,-0.8918,129.78
1789304040000,-0.8918,129.78
1789304100000,-0.8918,129.78
1789304160000,-0.8918,129.78
1789304220000,-0.8918,129.78
1789304280000,-0.8918,129.78
1789304340000,-0.8918,129.78
1789304400000,-0.8918,129.78
1789304460000,-0.8918,129.78
1789304520000,-0.8918,129.78
1789304580000,-0.8918,129.78
1789304640000,-0.8918,129.78
1789304700000,-0.8918,129.78
1789304760000,-0.8918,129.78
1789304820000,-0.8918,129.78
1789304880000,-0.8918,129.78
1789304940000,-0.8918,129.78
1789305000000,-0.8918,129.78
1789305060000,-0.8918,129.78
1789305120000,-0.8918,129.78
1789305180000,-0.8918,129.78
1789305240000,-0.8918,129.78
1789305300000,-0.8918,129.78
1789305360000,-0.8918,129.78
1789305420000,-0.8918,129.78
1789305480000,-0.8918,129.78
1789305540000,-0.8918,129.78
1789305600000,-0.8918,129.78
1789305660000,-0.8918,129.78
1789305720000,-0.8918,129.78
1789305780000,-0.8918,129.78
1789305840000,-0.8918,129.78
1789305900000,-0.8918,129.78
1789305960000,-0.8918,129.78
1789306020000,-0.8918,129.78
1789306080000,-0.8918,129.78
1789306140000,-0.8918,129.78
1789306200000,-0.8918,129.78
1789306260000,-0.8918,129.78
1789306320000,-0.8918,129.78
1789306380000,-0.8918,129.78
1789306440000,-0.8918,129.78
1789306500000,-0.8918,129.78
1789306560000,-0.8918,129.78
1789306620000,-0.8918,129.78
1789306680000,-0.8918,129.78
1789306740000,-0.8918,129.78
1789306800000,-0.8918,129.78
1789306860000,-0.8683,128.99
1789311960000,-0.8683,128.99
1789312020000,-0.8683,128.99
1789312080000,-0.8683,128.99
1789312140000,-0.8683,128.99
1789312200000,-0.8683,128.99
1789312260000,-0.8683,128.99
1789312320000,-0.8683,128.99
1789312380000,-0.8683,128.99
1789312440000,-0.8683,128.99
1789312500000,-0.8683,128.99
1789312560000,-0.8683,128.99
1789312620000,-0.8683,128.99
1789312680000,-0.8683,128.99
1789312740000,-0.8683,128.99
1789312800000,-0.8683,128.99
1789312860000,-0.8683,128.99
1789312920000,-0.8683,128.99
1789312980000,-0.8683,128.99
1789313040000,-0.9564,131.93
1789315800000,-0.9564,131.93
1789315860000,-0.9564,131.93
1789315920000,-0.9564,131.93
1789315980000,-0.9564,131.93
1789316040000,-0.9564,131.93
1789316100000,-0.9564,131.93
1789316160000,-0.9564,131.93
1789316220000,-0.9564,131.93
1789316280000,-0.9564,131.93
1789316340000,-0.9564,131.93
1789316400000,-0.9564,131.93
1789316460000,-0.9564,131.93
1789316520000,-0.9564,131.93
1789316580000,-0.9564,131.93
1789316640000,-0.9564,131.93
1789316700000,-0.9564,131.93
1789316760000,-0.9564,131.93
1789316820000,-0.9564,131.93
1789316880000,-0.9564,131.93
1789316940000,-0.9564,131.93
1789317000000,-0.9564,131.93
1789317060000,-0.9564,131.93
1789317120000,-0.9564,131.93
1789317180000,-0.9564,131.93
1789317240000,-0.9564,131.93
1789317300000,-0.9564,131.93
1789317360000,-0.9564,131.93
1789317420000,-0.9564,131.93
1789317480000,-0.9564,131.93
1789317540000,-0.9564,131.93
1789317600000,-0.9564,131.93
1789317660000,-0.9564,131.93
1789317720000,-0.9564,131.93
1789317780000,-0.9564,131.93
1789317840000,-0.9564,131.93
1789317900000,-0.9564,131.93
1789317960000,-0.9564,131.93
1789318020000,-0.9564,131.93
1789318080000,-0.9564,131.93
1789318140000,-0.9564,131.93
1789318200000,-0.9564,131.93
1789318260000,-0.9564,131.93
1789318320000,-0.9564,131.93
1789318380000,-0.9564,131.93
1789318440000,-0.9564,131.93
1789318500000,-0.9564,131.93
1789318560000,-0.9564,131.93
1789318620000,-0.9564,131.93
1789318680000,-0.9564,131.93
1789318740000,-0.9564,131.93
1789318800000,-0.9564,131.93
1789318860000,-0.9564,131.93
1789318920000,-0.9564,131.93
1789318980000,-0.9564,131.93
1789319040000,-0.9564,131.93
1789319100000,-0.9564,131.93
1789319160000,-0.9564,131.93
1789319220000,-0.9564,131.93
1789319280000,-0.9564,131.93
1789319340000,-0.9564,131.93
1789319400000,-0.9564,131.93
1789319460000,-0.9564,131.93
1789319520000,-0.9564,131.93
1789319580000,-0.9564,131.93
1789319640000,-0.9564,131.93
1789319700000,-0.9564,131.93
1789319760000,-0.9564,131.93
1789319820000,-0.9564,131.93
1789319880000,-0.9564,131.93
1789319940000,-0.9564,131.93
1789320000000,-0.9564,131.93
1789320060000,-0.9564,131.93
1789320120000,-0.9564,131.93
1789320180000,-0.9564,131.93
1789320240000,-0.9564,131.93
1789320300000,-0.9564,131.93
1789320360000,-0.9564,131.93
1789320420000,-0.9564,131.93
1789320480000,-0.9564,131.93
1789320540000,-0.9564,131.93
1789320600000,-0.9564,131.93
1789320660000,-0.9564,131.93
1789320720000,-0.9564,131.93
1789320780000,-0.9564,131.93
1789320840000,-0.9564,131.93
1789320900000,-0.9564,131.93
1789320960000,-0.9564,131.93
1789321020000,-0.9564,131.93
1789321080000,-0.9564,131.93
1789321140000,-0.9564,131.93
1789321200000,-0.9564,131.93
1789321260000,-0.9564,131.93
1789321320000,-0.9564,131.93
1789321380000,-0.9564,131.93
1789321440000,-0.9564,131.93
1789321500000,-0.9564,131.93
1789321560000,-0.9564,131.93
1789321620000,-0.9564,131.93
1789321680000,-0.9564,131.93
1789321740000,-0.9564,131.93
1789321800000,-0.9564,131.93
1789321860000,-0.9564,131.93
1789321920000,-0.9564,131.93
1789321980000,-0.9564,131.93
1789322040000,-0.9564,131.93
1789322100000,-0.9564,131.93
1789322160000,-0.9564,131.93
1789322220000,-0.9564,131.93
1789322280000,-0.9564,131.93
1789322340000,-0.9564,131.93
1789322400000,-0.9564,131.93
1789322460000,-0.9564,131.93
1789322520000,-0.9564,131.93
1789322580000,-0.9564,131.93
1789322640000,-0.9564,131.93
1789322700000,-0.9564,131.93
1789322760000,-0.9564,131.93
1789322820000,-0.9564,131.93
1789322880000,-0.9564,131.93
1789322940000,-0.9564,131.93
1789323000000,-0.9564,131.93
1789323060000,-0.9564,131.93
1789323120000,-0.9564,131.93
1789323180000,-0.9564,131.93
1789323240000,-0.9564,131.93
1789323300000,-0.9564,131.93
1789323360000,-0.9564,131.93
1789323420000,-0.9564,131.93
1789323480000,-0.9564,131.93
1789323540000,-0.9564,131.93
1789323600000,-0.9564,131.93
1789323660000,-0.9564,131.93
1789323720000,-0.9564,131.93
1789323780000,-0.9564,131.93
1789323840000,-0.9564,131.93
1789323900000,-0.9564,131.93
1789323960000,-0.9564,131.93
1789324020000,-0.9564,131.93
1789324080000,-0.9564,131.93
1789324140000,-0.9564,131.93
1789324200000,-0.9564,131.93
1789324260000,-0.9564,131.93
1789324320000,-0.9564,131.93
1789324380000,-0.9564,131.93
1789324440000,-0.9564,131.93
1789324500000,-0.9564,131.93
1789324560000,-0.9564,131.93
1789324620000,-0.9564,131.93
1789324680000,-0.9564,131.93
1789324740000,-0.9564,131.93
1789324800000,-0.9564,131.93
1789324860000,-0.9564,131.93
1789324920000,-0.9564,131.93
1789324980000,-0.9564,131.93
1789325040000,-0.9564,131.93
1789325100000,-0.9564,131.93
1789325160000,-0.9564,131.93
1789325220000,-0.9564,131.93
1789325280000,-0.9564,131.93
1789325340000,-0.9564,131.93
1789325400000,-0.9564,131.93
1789325460000,-0.9564,131.93
1789325520000,-0.9564,131.93
1789325580000,-0.9564,131.93
1789325640000,-0.9564,131.93
1789325700000,-0.9564,131.93
1789325760000,-0.9564,131.93
1789325820000,-0.9564,131.93
1789325880000,-0.9564,131.93
1789325940000,-0.9564,131.93
1789326000000,-0.9564,131.93
1789326060000,-0.9564,131.93
1789326120000,-0.9564,131.93
1789326180000,-0.9564,131.93
1789326240000,-0.9564,131.93
1789326300000,-0.9564,131.93
1789326360000,-0.9564,131.93
1789326420000,-0.9564,131.93
1789326480000,-0.9564,131.93
1789326540000,-0.9564,131.93
1789326600000,-0.9564,131.93
1789326660000,-0.9564,131.93
1789326720000,-0.9564,131.93
1789326780000,-0.9564,131.93
1789326840000,-0.9564,131.93
1789326900000,-0.9564,131.93
1789326960000,-0.9564,131.93
1789327020000,-0.9564,131.93
1789327080000,-0.9564,131.93
1789327140000,-0.9564,131.93
1789327200000,-0.9564,131.93
1789327260000,-0.9564,131.93
1789327320000,-0.9564,131.93
1789327380000,-0.9564,131.93
1789327440000,-0.9564,131.93
1789327500000,-0.9564,131.93
1789327560000,-0.9564,131.93
1789327620000,-0.9564,131.93
1789327680000,-0.9564,131.93
1789327740000,-0.9564,131.93
1789327800000,-0.9564,131.93
1789327860000,-0.9564,131.93
1789327920000,-0.9564,131.93
1789327980000,-0.9564,131.93
1789328040000,-0.9564,131.93
1789328100000,-0.9564,131.93
1789328160000,-0.9564,131.93
1789328220000,-0.9564,131.93
1789328280000,-0.9564,131.93
1789328340000,-0.9564,131.93
1789328400000,-0.9564,131.93
1789328460000,-0.9564,131.93
1789328520000,-0.9564,131.93
1789328580000,-0.9564,131.93
1789328640000,-0.9564,131.93
1789328700000,-0.9564,131.93
1789328760000,-0.9564,131.93
1789328820000,-0.9564,131.93
1789328880000,-0.9564,131.93
1789328940000,-0.9564,131.93
1789329000000,-0.9564,131.93
1789329060000,-0.9564,131.93
1789329120000,-0.9564,131.93
1789329180000,-0.9564,131.93
1789329240000,-0.9564,131.93
1789329300000,-0.9564,131.93
1789329360000,-0.9564,131.93
1789329420000,-0.9564,131.93
1789329480000,-0.9564,131.93
1789329540000,-0.9564,131.93
1789329600000,-0.9564,131.93
1789329660000,-0.9564,131.93
1789329720000,-0.9564,131.93
1789329780000,-0.9564,131.93
1789329840000,-0.9564,131.93
1789329900000,-0.9564,131.93
1789329960000,-0.9564,131.93
1789330020000,-0.9564,131.93
1789330080000,-0.9564,131.93
1789330140000,-0.9564,131.93
1789330200000,-0.9564,131.93
1789330260000,-0.9564,131.93
1789330320000,-0.9564,131.93
1789330380000,-0.9564,131.93
1789330440000,-0.9564,131.93
1789330500000,-0.9564,131.93
1789330560000,-0.9564,131.93
1789330620000,-0.9564,131.93
1789330680000,-0.9564,131.93
1789330740000,-0.9564,131.93
1789330800000,-0.9564,131.93
1789330860000,-0.9564,131.93
1789330920000,-0.9564,131.93
1789330980000,-0.9564,131.93
1789331040000,-0.9564,131.93
1789331100000,-0.9564,131.93
1789331160000,-0.9564,131.93
1789331220000,-0.9564,131.93
1789331280000,-0.9564,131.93
1789331340000,-0.9564,131.93
1789331400000,-0.9564,131.93
1789331460000,-0.9564,131.93
1789331520000,-0.9564,131.93
1789331580000,-0.9564,131.93
1789331640000,-0.9564,131.93
1789331700000,-0.9564,131.93
1789331760000,-0.9564,131.93
1789331820000,-0.9564,131.93
1789331880000,-0.9564,131.93
1789331940000,-0.9564,131.93
1789332000000,-0.9564,131.93
1789332060000,-0.9564,131.93
1789332120000,-0.9564,131.93
1789332180000,-0.9564,131.93
1789332240000,-0.9564,131.93
1789332300000,-0.9564,131.93
1789332360000,-0.9564,131.93
1789332420000,-0.9564,131.93
1789332480000,-0.9564,131.93
1789332540000,-0.9564,131.93
1789332600000,-0.9564,131.93
1789332660000,-0.9564,131.93
1789332720000,-0.9564,131.93
1789332780000,-0.9564,131.93
1789332840000,-0.9564,131.93
1789332900000,-0.9564,131.93
1789332960000,-0.9564,131.93
1789333020000,-0.9564,131.93
1789333080000,-0.9564,131.93
1789333140000,-0.9564,131.93
1789333200000,-0.9564,131.93
1789333260000,-0.9564,131.93
1789333320000,-0.9564,131.93
1789333380000,-0.9564,131.93
1789333440000,-0.9564,131.93
1789333500000,-0.9564,131.93
1789333560000,-0.9564,131.93
1789333620000,-0.9564,131.93
1789333680000,-0.9564,131.93
1789333740000,-0.9564,131.93
1789333800000,-0.9564,131.93
1789333860000,-0.9564,131.93
1789333920000,-0.9564,131.93
1789333980000,-0.9564,131.93
1789334040000,-0.9564,131.93
1789334100000,-0.9564,131.93
1789334160000,-0.9564,131.93
1789334220000,-0.9564,131.93
1789334280000,-0.9564,131.93
1789334340000,-0.9564,131.93
1789334400000,-0.9564,131.93
1789334460000,-0.9564,131.93
1789334520000,-0.9564,131.93
1789334580000,-0.9564,131.93
1789334640000,-0.9564,131.93
1789334700000,-0.9564,131.93
1789334760000,-0.9564,131.93
1789334820000,-0.9564,131.93
1789334880000,-0.9564,131.93
1789334940000,-0.9564,131.93
1789335000000,-0.9564,131.93
1789335060000,-0.9564,131.93
1789335120000,-0.9564,131.93
1789335180000,-0.9564,131.93
1789335240000,-0.9564,131.93
1789335300000,-0.9564,131.93
1789335360000,-0.9564,131.93
1789335420000,-0.9564,131.93
1789335480000,-0.9564,131.93
1789335540000,-0.9564,131.93
1789335600000,-0.9564,131.93
1789335660000,-0.9564,131.93
1789335720000,-0.9564,131.93
1789335780000,-0.9564,131.93
1789335840000,-0.9564,131.93
1789335900000,-0.9564,131.93
1789335960000,-0.9564,131.93
1789336020000,-0.9564,131.93
1789336080000,-0.9564,131.93
1789336140000,-0.9564,131.93
1789336200000,-0.9564,131.93
1789336260000,-0.9564,131.93
1789336320000,-0.9564,131.93
1789336380000,-0.9564,131.93
1789336440000,-0.9564,131.93
1789336500000,-0.9564,131.93
1789336560000,-0.9564,131.93
1789336620000,-0.9564,131.93
1789336680000,-0.9564,131.93
1789336740000,-0.9564,131.93
1789336800000,-0.9278,130.98
1789373460000,-0.9278,130.98
1789373520000,-0.9278,130.98
1789373580000,-0.9278,130.98
1789373640000,-0.9278,130.98
1789373700000,-0.9278,130.98
1789373760000,-0.9278,130.98
1789373820000,-0.9278,130.98
1789373880000,-0.9278,130.98
1789373940000,-0.9278,130.98
1789374000000,-0.9278,130.98
1789374060000,-0.9278,130.98
1789374120000,-0.9278,130.98
1789374180000,-0.9278,130.98
1789374240000,-0.9278,130.98
1789374300000,-0.9278,130.98
1789374360000,-0.9278,130.98
1789374420000,-0.9278,130.98
1789374480000,-0.9278,130.98
1789374540000,-0.9278,130.98
1789374600000,-0.9278,130.98
1789374660000,-0.9278,130.98
1789374720000,-0.9278,130.98
1789374780000,-0.9278,130.98
1789374840000,-0.9278,130.98
1789374900000,-0.9278,130.98
1789374960000,-0.9278,130.98
1789375020000,-0.9278,130.98
1789375080000,-0.9278,130.98
1789375140000,-0.9278,130.98
1789375200000,-0.9278,130.98
1789375260000,-0.9278,130.98
1789375320000,-0.9278,130.98
1789375380000,-0.9278,130.98
1789375440000,-0.9278,130.98
1789375500000,-0.9278,130.98
1789375560000,-0.9278,130.98
1789375620000,-0.9278,130.98
1789375680000,-0.9278,130.98
1789375740000,-0.9278,130.98
1789375800000,-0.9278,130.98
1789375860000,-0.9278,130.98
1789375920000,-0.9278,130.98
1789375980000,-0.9278,130.98
1789376040000,-0.9278,130.98
1789376100000,-0.9278,130.98
1789376160000,-0.9278,130.98
1789376220000,-0.9278,130.98
1789376280000,-0.9278,130.98
1789376340000,-0.9278,130.98
1789376400000,-0.9278,130.98
1789376460000,-0.9278,130.98
1789376520000,-0.9278,130.98
1789376580000,-0.9278,130.98
1789376640000,-0.9278,130.98
1789376700000,-0.9278,130.98
1789376760000,-0.9278,130.98
1789376820000,-1.0242,134.2
1789459260000,-1.0242,134.2
1789459320000,-1.0242,134.2
1789459380000,-1.0242,134.2
1789459440000,-1.0242,134.2
1789459500000,-1.0242,134.2
1789459560000,-1.0242,134.2
1789459620000,-1.0242,134.2
1789459680000,-1.0242,134.2
1789459740000,-1.0242,134.2
1789459800000,-1.0242,134.2
1789459860000,-1.0242,134.2
1789459920000,-1.0242,134.2
1789459980000,-1.0242,134.2
1789460040000,-1.0242,134.2
1789460100000,-1.0242,134.2
1789460160000,-1.0242,134.2
1789460220000,-1.0242,134.2
1789460280000,-1.0242,134.2
1789460340000,-1.0242,134.2
1789460400000,-1.0242,134.2
1789460460000,-1.0242,134.2
1789460520000,-1.0242,134.2
1789460580000,-1.0242,134.2
1789460640000,-1.0242,134.2
1789460700000,-1.0242,134.2
1789460760000,-1.0242,134.2
1789460820000,-1.0242,134.2
1789460880000,-1.0242,134.2
1789460940000,-1.0242,134.2
1789461000000,-1.0242,134.2
1789461060000,-1.0242,134.2
1789461120000,-1.0242,134.2
1789461180000,-1.0242,134.2
1789461240000,-1.0242,134.2
1789461300000,-1.0242,134.2
1789461360000,-1.0242,134.2
1789461420000,-1.0242,134.2
1789461480000,-1.0242,134.2
1789461540000,-1.0242,134.2
1789461600000,-1.0242,134.2
1789461660000,-1.0242,134.2
1789461720000,-1.0242,134.2
1789461780000,-1.0242,134.2
1789461840000,-1.0242,134.2
1789461900000,-1.0242,134.2
1789461960000,-1.0242,134.2
1789462020000,-1.0242,134.2
1789462080000,-1.0242,134.2
1789462140000,-1.0242,134.2
1789462200000,-1.0242,134.2
1789462260000,-1.0242,134.2
1789462320000,-1.0242,134.2
1789462380000,-1.0242,134.2
1789462440000,-1.0242,134.2
1789462500000,-1.0242,134.2
1789462560000,-1.0242,134.2
1789462620000,-1.0242,134.2
1789462680000,-1.0242,134.2
1789462740000,-1.0242,134.2
1789462800000,-1.0242,134.2
1789462860000,-1.0242,134.2
1789462920000,-1.0242,134.2
1789462980000,-1.0242,134.2
1789463040000,-1.0242,134.2
1789463100000,-1.0242,134.2
1789463160000,-1.0242,134.2
1789463220000,-1.0242,134.2
1789463280000,-1.0242,134.2
1789463340000,-1.0242,134.2
1789463400000,-1.0242,134.2
1789463460000,-1.0242,134.2
1789463520000,-1.0242,134.2
1789463580000,-1.0242,134.2
1789463640000,-1.0242,134.2
1789463700000,-1.0242,134.2
1789463760000,-1.0242,134.2
1789463820000,-1.0242,134.2
1789463880000,-1.0242,134.2
1789463940000,-1.0242,134.2
1789464000000,-1.0242,134.2
1789464060000,-1.0242,134.2
1789464120000,-1.0242,134.2
1789464180000,-1.0242,134.2
1789464240000,-1.0242,134.2
1789464300000,-1.0242,134.2
1789464360000,-1.0242,134.2
1789464420000,-1.0242,134.2
1789464480000,-1.0242,134.2
1789464540000,-1.0242,134.2
1789464600000,-1.0242,134.2
1789464660000,-1.0242,134.2
1789464720000,-1.0242,134.2
1789464780000,-1.0242,134.2
1789464840000,-1.0242,134.2
1789464900000,-1.0242,134.2
1789464960000,-1.0242,134.2
1789465020000,-1.0242,134.2
1789465080000,-1.0242,134.2
1789465140000,-1.0242,134.2
1789465200000,-1.0242,134.2
1789465260000,-1.0242,134.2
1789465320000,-1.0242,134.2
1789465380000,-1.0242,134.2
1789465440000,-1.0242,134.2
1789465500000,-1.0242,134.2
1789465560000,-1.0242,134.2
1789465620000,-1.0242,134.2
1789465680000,-1.0242,134.2
1789465740000,-1.0242,134.2
1789465800000,-1.0242,134.2
1789465860000,-1.0242,134.2
1789465920000,-1.0242,134.2
1789465980000,-1.1123,137.14
1789546020000,-1.1123,137.14
1789546080000,-1.1123,137.14
1789546140000,-1.1123,137.14
1789546200000,-1.1123,137.14
1789546260000,-1.1123,137.14
1789546320000,-1.1123,137.14
1789546380000,-1.1123,137.14
1789546440000,-1.1123,137.14
1789546500000,-1.1123,137.14
1789546560000,-1.1123,137.14
1789546620000,-1.1123,137.14
1789546680000,-1.1123,137.14
1789546740000,-1.1123,137.14
1789546800000,-1.1123,137.14
1789546860000,-1.1123,137.14
1789546920000,-1.1123,137.14
1789546980000,-1.1123,137.14
1789547040000,-1.1123,137.14
1789547100000,-1.1123,137.14
1789547160000,-1.1123,137.14
1789547220000,-1.1123,137.14
1789547280000,-1.1123,137.14
1789547340000,-1.1123,137.14
1789547400000,-1.1123,137.14
1789547460000,-1.1123,137.14
1789547520000,-1.1123,137.14
1789547580000,-1.1123,137.14
1789547640000,-1.1123,137.14
1789547700000,-1.1123,137.14
1789547760000,-1.1123,137.14
1789547820000,-1.1123,137.14
1789547880000,-1.1123,137.14
1789547940000,-1.1123,137.14
1789548000000,-1.1123,137.14
1789548060000,-1.1123,137.14
1789548120000,-1.1123,137.14
1789548180000,-1.1123,137.14
1789548240000,-1.1123,137.14
1789548300000,-1.1123,137.14
1789548360000,-1.1123,137.14
1789548420000,-1.1123,137.14
1789548480000,-1.1123,137.14
1789548540000,-1.1123,137.14
1789548600000,-1.1123,137.14
1789548660000,-1.1123,137.14
1789548720000,-1.1123,137.14
1789548780000,-1.1123,137.14
1789548840000,-1.2032,140.17
1789633380000,-1.2032,140.17
1789633440000,-1.2032,140.17
1789633500000,-1.2032,140.17
1789633560000,-1.2032,140.17
1789633620000,-1.2032,140.17
1789633680000,-1.2032,140.17
1789633740000,-1.2032,140.17
1789633800000,-1.2032,140.17
1789633860000,-1.2032,140.17
1789633920000,-1.2032,140.17
1789633980000,-1.2032,140.17
1789634040000,-1.2032,140.17
1789634100000,-1.2032,140.17
1789634160000,-1.2032,140.17
1789634220000,-1.2032,140.17
1789634280000,-1.2032,140.17
1789634340000,-1.2032,140.17
1789634400000,-1.2032,140.17
1789634460000,-1.2032,140.17
1789634520000,-1.2032,140.17
1789634580000,-1.2032,140.17
1789634640000,-1.2032,140.17
1789634700000,-1.2032,140.17
1789634760000,-1.2032,140.17
1789634820000,-1.2032,140.17
1789634880000,-1.2032,140.17
1789634940000,-1.2032,140.17
1789635000000,-1.2032,140.17
1789635060000,-1.2032,140.17
1789635120000,-1.2032,140.17
1789635180000,-1.2032,140.17
1789635240000,-1.2032,140.17
1789635300000,-1.2032,140.17
1789635360000,-1.2032,140.17
1789635420000,-1.2032,140.17
1789635480000,-1.2032,140.17
1789635540000,-1.2032,140.17
1789635600000,-1.2032,140.17
1789635660000,-1.2032,140.17
1789635720000,-1.2032,140.17
1789635780000,-1.2032,140.17
1789635840000,-1.2032,140.17
1789635900000,-1.2032,140.17
1789635960000,-1.2032,140.17
1789636020000,-1.2032,140.17
1789636080000,-1.2032,140.17
1789636140000,-1.2032,140.17
1789636200000,-1.2032,140.17
1789636260000,-1.2032,140.17
1789636320000,-1.2032,140.17
1789636380000,-1.2032,140.17
1789636440000,-1.2032,140.17
1789636500000,-1.2032,140.17
1789636560000,-1.2032,140.17
1789636620000,-1.2032,140.17
1789636680000,-1.2032,140.17
1789636740000,-1.2032,140.17
1789636800000,-1.2032,140.17
1789636860000,-1.2032,140.17
1789636920000,-1.2032,140.17
1789636980000,-1.2032,140.17
1789637040000,-1.2032,140.17
1789637100000,-1.2032,140.17
1789637160000,-1.2032,140.17
1789637220000,-1.2032,140.17
1789637280000,-1.2032,140.17
1789637340000,-1.2032,140.17
1789637400000,-1.2032,140.17
1789637460000,-1.2032,140.17
1789637520000,-1.2032,140.17
1789637580000,-1.2032,140.17
1789637640000,-1.2032,140.17
1789637700000,-1.2032,140.17
1789637760000,-1.2032,140.17
1789637820000,-1.2032,140.17
1789637880000,-1.2032,140.17
1789637940000,-1.2032,140.17
1789638000000,-1.2032,140.17
1789638060000,-1.2032,140.17
1789638120000,-1.2032,140.17
1789638180000,-1.2032,140.17
1789638240000,-1.2032,140.17
1789638300000,-1.2032,140.17
1789638360000,-1.2032,140.17
1789638420000,-1.2032,140.17
1789638480000,-1.2032,140.17
1789638540000,-1.2032,140.17
1789638600000,-1.2032,140.17
1789638660000,-1.2032,140.17
1789638720000,-1.2032,140.17
1789638780000,-1.2032,140.17
1789638840000,-1.2032,140.17
1789638900000,-1.2032,140.17
1789638960000,-1.2032,140.17
1789639020000,-1.2032,140.17
1789639080000,-1.2032,140.17
1789639140000,-1.2032,140.17
1789639200000,-1.2032,140.17
1789639260000,-1.2032,140.17
1789639320000,-1.288,143.01
1789718520000,-1.288,143.01
1789718580000,-1.288,143.01
1789718640000,-1.288,143.01
1789718700000,-1.288,143.01
1789718760000,-1.288,143.01
1789718820000,-1.288,143.01
1789718880000,-1.288,143.01
1789718940000,-1.3756,145.93
1789805400000,-1.3756,145.93
1789805460000,-1.3756,145.93
1789805520000,-1.3756,145.93
1789805580000,-1.3756,145.93
1789805640000,-1.3756,145.93
1789805700000,-1.3756,145.93
1789805760000,-1.3756,145.93
1789805820000,-1.3756,145.93
1789805880000,-1.3756,145.93
1789805940000,-1.3756,145.93
1789806000000,-1.2658,142.27
1789806960000,-1.2658,142.27
1789807020000,-1.2658,142.27
1789807080000,-1.2658,142.27
1789807140000,-1.2658,142.27
1789807200000,-1.2658,142.27
1789807260000,-1.2658,142.27
1789807320000,-1.2658,142.27
1789807380000,-1.2658,142.27
1789807440000,-1.2658,142.27
1789807500000,-1.2658,142.27
1789807560000,-1.2658,142.27
1789807620000,-1.2658,142.27
1789807680000,-1.2658,142.27
1789807740000,-1.2658,142.27
1789807800000,-1.2658,142.27
1789807860000,-1.2658,142.27
1789807920000,-1.2658,142.27
1789807980000,-1.2658,142.27
1789808040000,-1.2658,142.27
1789808100000,-1.2658,142.27
1789808160000,-1.2658,142.27
1789808220000,-1.2658,142.27
1789808280000,-1.2658,142.27
1789808340000,-1.2658,142.27
1789808400000,-1.2658,142.27
1789808460000,-1.2658,142.27
1789808520000,-1.2658,142.27
1789808580000,-1.2658,142.27
1789808640000,-1.2658,142.27
1789808700000,-1.2658,142.27
1789808760000,-1.2658,142.27
1789808820000,-1.2658,142.27
1789808880000,-1.2658,142.27
1789808940000,-1.2658,142.27
1789809000000,-1.2658,142.27
1789809060000,-1.2658,142.27
1789809120000,-1.2658,142.27
1789809180000,-1.2658,142.27
1789809240000,-1.2658,142.27
1789809300000,-1.2658,142.27
1789809360000,-1.2658,142.27
1789809420000,-1.2658,142.27
1789809480000,-1.2658,142.27
1789809540000,-1.2658,142.27
1789809600000,-1.2658,142.27
1789809660000,-1.2658,142.27
1789809720000,-1.2658,142.27
1789809780000,-1.2658,142.27
1789809840000,-1.2658,142.27
1789809900000,-1.2658,142.27
1789809960000,-1.2658,142.27
1789810020000,-1.2658,142.27
1789810080000,-1.2658,142.27
1789810140000,-1.2658,142.27
1789810200000,-1.2658,142.27
1789810260000,-1.2658,142.27
1789810320000,-1.3616,145.46
1789898880000,-1.3616,145.46
1789898940000,-1.3616,145.46
1789899000000,-1.3616,145.46
1789899060000,-1.3616,145.46
1789899120000,-1.3616,145.46
1789899180000,-1.3616,145.46
1789899240000,-1.3616,145.46
1789899300000,-1.3616,145.46
1789899360000,-1.3616,145.46
1789899420000,-1.3616,145.46
1789899480000,-1.3616,145.46
1789899540000,-1.3616,145.46
1789899600000,-1.3616,145.46
1789899660000,-1.3616,145.46
1789899720000,-1.3616,145.46
1789899780000,-1.3616,145.46
1789899840000,-1.3616,145.46
1789899900000,-1.3616,145.46
1789899960000,-1.3616,145.46
1789900020000,-1.3616,145.46
1789900080000,-1.3616,145.46
1789900140000,-1.3616,145.46
1789900200000,-1.3616,145.46
1789900260000,-1.3616,145.46
1789900320000,-1.3616,145.46
1789900380000,-1.3616,145.46
1789900440000,-1.3616,145.46
1789900500000,-1.3616,145.46
1789900560000,-1.3616,145.46
1789900620000,-1.3616,145.46
1789900680000,-1.3616,145.46
1789900740000,-1.3616,145.46
1789900800000,-1.3616,145.46
1789900860000,-1.3616,145.46
1789900920000,-1.3616,145.46
1789900980000,-1.3616,145.46
1789901040000,-1.3616,145.46
1789901100000,-1.3616,145.46
1789901160000,-1.3616,145.46
1789901220000,-1.3616,145.46
1789901280000,-1.3616,145.46
1789901340000,-1.3616,145.46
1789901400000,-1.3616,145.46
1789901460000,-1.3616,145.46
1789901520000,-1.3616,145.46
1789901580000,-1.3616,145.46
1789901640000,-1.3616,145.46
1789901700000,-1.3616,145.46
1789901760000,-1.3616,145.46
1789901820000,-1.3616,145.46
1789901880000,-1.3616,145.46
1789901940000,-1.3616,145.46
1789902000000,-1.3616,145.46
1789902060000,-1.3616,145.46
1789902120000,-1.3616,145.46
1789902180000,-1.3616,145.46
1789902240000,-1.3616,145.46
1789902300000,-1.3616,145.46
1789902360000,-1.3616,145.46
1789902420000,-1.3616,145.46
1789902480000,-1.3616,145.46
1789902540000,-1.3616,145.46
1789902600000,-1.3616,145.46
1789902660000,-1.3616,145.46
1789902720000,-1.3616,145.46
1789902780000,-1.3616,145.46
1789902840000,-1.3616,145.46
1789902900000,-1.3616,145.46
1789902960000,-1.3616,145.46
1789903020000,-1.3616,145.46
1789903080000,-1.3616,145.46
1789903140000,-1.3616,145.46
1789903200000,-1.3616,145.46
1789903260000,-1.3616,145.46
1789903320000,-1.3616,145.46
1789903380000,-1.3616,145.46
1789903440000,-1.3616,145.46
1789903500000,-1.3616,145.46
1789903560000,-1.3616,145.46
1789903620000,-1.3616,145.46
1789903680000,-1.3616,145.46
1789903740000,-1.3616,145.46
1789903800000,-1.3616,145.46
1789903860000,-1.3616,145.46
1789903920000,-1.3616,145.46
1789903980000,-1.3616,145.46
1789904040000,-1.3616,145.46
1789904100000,-1.3616,145.46
1789904160000,-1.3616,145.46
1789904220000,-1.3616,145.46
1789904280000,-1.3616,145.46
1789904340000,-1.3616,145.46
1789904400000,-1.3616,145.46
1789904460000,-1.3616,145.46
1789904520000,-1.3616,145.46
1789904580000,-1.3616,145.46
1789904640000,-1.3616,145.46
1789904700000,-1.3616,145.46
1789904760000,-1.3616,145.46
1789904820000,-1.3616,145.46
1789904880000,-1.3616,145.46
1789904940000,-1.3616,145.46
1789905000000,-1.3616,145.46
1789905060000,-1.3616,145.46
1789905120000,-1.3616,145.46
1789905180000,-1.3616,145.46
1789905240000,-1.3616,145.46
1789905300000,-1.3616,145.46
1789905360000,-1.3616,145.46
1789905420000,-1.3616,145.46
1789905480000,-1.3616,145.46
1789905540000,-1.3616,145.46
1789905600000,-1.3616,145.46
1789905660000,-1.3616,145.46
1789905720000,-1.3616,145.46
1789905780000,-1.3616,145.46
1789905840000,-1.3616,145.46
1789905900000,-1.3616,145.46
1789905960000,-1.3616,145.46
1789906020000,-1.3616,145.46
1789906080000,-1.3616,145.46
1789906140000,-1.3616,145.46
1789906200000,-1.3616,145.46
1789906260000,-1.3616,145.46
1789906320000,-1.4516,148.47
1789978140000,-1.4516,148.47
1789978200000,-1.4516,148.47
1789978260000,-1.4516,148.47
1789978320000,-1.4516,148.47
1789978380000,-1.4516,148.47
1789978440000,-1.4516,148.47
1789978500000,-1.4516,148.47
1789978560000,-1.4516,148.47
1789978620000,-1.4516,148.47
1789978680000,-1.4516,148.47
1789978740000,-1.4516,148.47
1789978800000,-1.4516,148.47
1789978860000,-1.4516,148.47
1789978920000,-1.4516,148.47
1789978980000,-1.4516,148.47
1789979040000,-1.4516,148.47
1789979100000,-1.4516,148.47
1789979160000,-1.4516,148.47
1789979220000,-1.4516,148.47
1789979280000,-1.4516,148.47
1789979340000,-1.4516,148.47
1789979400000,-1.4516,148.47
1789979460000,-1.4516,148.47
1789979520000,-1.4516,148.47
1789979580000,-1.4516,148.47
1789979640000,-1.4516,148.47
1789979700000,-1.4516,148.47
1789979760000,-1.4516,148.47
1789979820000,-1.4516,148.47
1789979880000,-1.2916,143.13
1789981320000,-1.2916,143.13
1789981380000,-1.2916,143.13
1789981440000,-1.2916,143.13
1789981500000,-1.2916,143.13
1789981560000,-1.2916,143.13
1789981620000,-1.2916,143.13
1789981680000,-1.2916,143.13
1789981740000,-1.2916,143.13
1789981800000,-1.2916,143.13
1789981860000,-1.2916,143.13
1789981920000,-1.2916,143.13
1789981980000,-1.2916,143.13
1789982040000,-1.2916,143.13
1789982100000,-1.2916,143.13
1789982160000,-1.2916,143.13
1789982220000,-1.2916,143.13
1789982280000,-1.2916,143.13
1789982340000,-1.2916,143.13
1789982400000,-1.2916,143.13
1789982460000,-1.2916,143.13
1789982520000,-1.2916,143.13
1789982580000,-1.2916,143.13
1789982640000,-1.2916,143.13
1789982700000,-1.2916,143.13
1789982760000,-1.2916,143.13
1789982820000,-1.2916,143.13
1789982880000,-1.2916,143.13
1789982940000,-1.1713,139.11
1789984920000,-1.1713,139.11
1789984980000,-1.1713,139.11
1789985040000,-1.1713,139.11
1789985100000,-1.2738,142.53
1789987380000,-1.2738,142.53
1789987440000,-1.2738,142.53
1789987500000,-1.2738,142.53
1789987560000,-1.2738,142.53
1789987620000,-1.2738,142.53
1789987680000,-1.2738,142.53
1789987740000,-1.2738,142.53
1789987800000,-1.2738,142.53
1789987860000,-1.2738,142.53
1789987920000,-1.2738,142.53
1789987980000,-1.2738,142.53
1789988040000,-1.2738,142.53
1789988100000,-1.2738,142.53
1789988160000,-1.2738,142.53
1789988220000,-1.2738,142.53
1789988280000,-1.2738,142.53
1789988340000,-1.2738,142.53
1789988400000,-1.2738,142.53
1789988460000,-1.2738,142.53
1789988520000,-1.2738,142.53
1789988580000,-1.2738,142.53
1789988640000,-1.2738,142.53
1789988700000,-1.2738,142.53
1789988760000,-1.2738,142.53
1789988820000,-1.2738,142.53
1789988880000,-1.2738,142.53
1789988940000,-1.2738,142.53
1789989000000,-1.2738,142.53
1789989060000,-1.2738,142.53
1789989120000,-1.2738,142.53
1789989180000,-1.2738,142.53
1789989240000,-1.2738,142.53
1789989300000,-1.2738,142.53
1789989360000,-1.2738,142.53
1789989420000,-1.2738,142.53
1789989480000,-1.2738,142.53
1789989540000,-1.2738,142.53
1789989600000,-1.2738,142.53
1789989660000,-1.2738,142.53
1789989720000,-1.2738,142.53
1789989780000,-1.2738,142.53
1789989840000,-1.2738,142.53
1789989900000,-1.2738,142.53
1789989960000,-1.2738,142.53
1789990020000,-1.2738,142.53
1789990080000,-1.2738,142.53
1789990140000,-1.2738,142.53
1789990200000,-1.2738,142.53
1789990260000,-1.2738,142.53
1789990320000,-1.2738,142.53
1789990380000,-1.2738,142.53
1789990440000,-1.2738,142.53
1789990500000,-1.2738,142.53
1789990560000,-1.2738,142.53
1789990620000,-1.2738,142.53
1789990680000,-1.2738,142.53
1789990740000,-1.2738,142.53
1789990800000,-1.2738,142.53
1789990860000,-1.2738,142.53
1789990920000,-1.2738,142.53
1789990980000,-1.2738,142.53
1789991040000,-1.2738,142.53
1789991100000,-1.2738,142.53
1789991160000,-1.2738,142.53
1789991220000,-1.2738,142.53
1789991280000,-1.2738,142.53
1789991340000,-1.2738,142.53
1789991400000,-1.2738,142.53
1789991460000,-1.2738,142.53
1789991520000,-1.2738,142.53
1789991580000,-1.2738,142.53
1789991640000,-1.2738,142.53
1789991700000,-1.2738,142.53
1789991760000,-1.2738,142.53
1789991820000,-1.2738,142.53
1789991880000,-1.2738,142.53
1789991940000,-1.2738,142.53
1789992000000,-1.2738,142.53
1789992060000,-1.2738,142.53
1789992120000,-1.2738,142.53
1789992180000,-1.2738,142.53
1789992240000,-1.2738,142.53
1789992300000,-1.2738,142.53
1789992360000,-1.2738,142.53
1789992420000,-1.2738,142.53
1789992480000,-1.2738,142.53
1789992540000,-1.2738,142.53
1789992600000,-1.2738,142.53
1789992660000,-1.2738,142.53
1789992720000,-1.2738,142.53
1789992780000,-1.2738,142.53
1789992840000,-1.2738,142.53
1789992900000,-1.2738,142.53
1789992960000,-1.2738,142.53
1789993020000,-1.2738,142.53
1789993080000,-1.2738,142.53
1789993140000,-1.2738,142.53
1789993200000,-1.2738,142.53
1789993260000,-1.2738,142.53
1789993320000,-1.2738,142.53
1789993380000,-1.2738,142.53
1789993440000,-1.2738,142.53
1789993500000,-1.2738,142.53
1789993560000,-1.2738,142.53
1789993620000,-1.2738,142.53
1789993680000,-1.2738,142.53
1789993740000,-1.2738,142.53
1789993800000,-1.2738,142.53
1789993860000,-1.2738,142.53
1789993920000,-1.2738,142.53
1789993980000,-1.2738,142.53
1789994040000,-1.2738,142.53
1789994100000,-1.2738,142.53
1789994160000,-1.2738,142.53
1789994220000,-1.2738,142.53
1789994280000,-1.2738,142.53
1789994340000,-1.2738,142.53
1789994400000,-1.2738,142.53
1789994460000,-1.2738,142.53
1789994520000,-1.2738,142.53
1789994580000,-1.2738,142.53
1789994640000,-1.2738,142.53
1789994700000,-1.2738,142.53
1789994760000,-1.2738,142.53
1789994820000,-1.2738,142.53
1789994880000,-1.2738,142.53
1789994940000,-1.2738,142.53
1789995000000,-1.2738,142.53
1789995060000,-1.2738,142.53
1789995120000,-1.2738,142.53
1789995180000,-1.2738,142.53
1789995240000,-1.2738,142.53
1789995300000,-1.2738,142.53
1789995360000,-1.2738,142.53
1789995420000,-1.163,138.83
1789996140000,-1.163,138.83
1789996200000,-1.163,138.83
1789996260000,-1.163,138.83
1789996320000,-1.163,138.83
1789996380000,-1.163,138.83
1789996440000,-1.163,138.83
1789996500000,-1.163,138.83
1789996560000,-1.163,138.83
1789996620000,-1.163,138.83
1789996680000,-1.163,138.83
1789996740000,-1.163,138.83
1789996800000,-1.163,138.83
1789996860000,-1.163,138.83
1789996920000,-1.163,138.83
1789996980000,-1.163,138.83
1789997040000,-1.163,138.83
1789997100000,-1.163,138.83
1789997160000,-1.2789,142.7
1789999320000,-1.2789,142.7
1789999380000,-1.2789,142.7
1789999440000,-1.3825,146.16
1790065620000,-1.3825,146.16
1790065680000,-1.3825,146.16
1790065740000,-1.3825,146.16
1790065800000,-1.3825,146.16
1790065860000,-1.3825,146.16
1790065920000,-1.3825,146.16
1790065980000,-1.3825,146.16
1790066040000,-1.3825,146.16
1790066100000,-1.3825,146.16
1790066160000,-1.4697,149.07
1790150760000,-1.4697,149.07
1790150820000,-1.4697,149.07
1790150880000,-1.4697,149.07
1790150940000,-1.4697,149.07
1790151000000,-1.4697,149.07
1790151060000,-1.4697,149.07
1790151120000,-1.4697,149.07
1790151180000,-1.4697,149.07
1790151240000,-1.4697,149.07
1790151300000,-1.4697,149.07
1790151360000,-1.4697,149.07
1790151420000,-1.4697,149.07
1790151480000,-1.5555,151.94
1790237940000,-1.5555,151.94
1790238000000,-1.5555,151.94
1790238060000,-1.5555,151.94
1790238120000,-1.5555,151.94
1790238180000,-1.5555,151.94
1790238240000,-1.5555,151.94
1790238300000,-1.5555,151.94
1790238360000,-1.5555,151.94
1790238420000,-1.5555,151.94
1790238480000,-1.5555,151.94
1790238540000,-1.5555,151.94
1790238600000,-1.5555,151.94
1790238660000,-1.5555,151.94
1790238720000,-1.5555,151.94
1790238780000,-1.5555,151.94
1790238840000,-1.5555,151.94
1790238900000,-1.5555,151.94
1790238960000,-1.5555,151.94
1790239020000,-1.5555,151.94
1790239080000,-1.5555,151.94
1790239140000,-1.5555,151.94
1790239200000,-1.5555,151.94
1790239260000,-1.5555,151.94
1790239320000,-1.5555,151.94
1790239380000,-1.5555,151.94
1790239440000,-1.5555,151.94
1790239500000,-1.5555,151.94
1790239560000,-1.5555,151.94
1790239620000,-1.5555,151.94
1790239680000,-1.5555,151.94
1790239740000,-1.4342,147.89
1790240700000,-1.4342,147.89
1790240760000,-1.4342,147.89
1790240820000,-1.4342,147.89
1790240880000,-1.4342,147.89
1790240940000,-1.4342,147.89
1790241000000,-1.4342,147.89
1790241060000,-1.4342,147.89
1790241120000,-1.4342,147.89
1790241180000,-1.4342,147.89
1790241240000,-1.4342,147.89
1790241300000,-1.4342,147.89
1790241360000,-1.4342,147.89
1790241420000,-1.4342,147.89
1790241480000,-1.4342,147.89
1790241540000,-1.4342,147.89
1790241600000,-1.4342,147.89
1790241660000,-1.4342,147.89
1790241720000,-1.4342,147.89
1790241780000,-1.4342,147.89
1790241840000,-1.4342,147.89
1790241900000,-1.4342,147.89
1790241960000,-1.4342,147.89
1790242020000,-1.4342,147.89
1790242080000,-1.4342,147.89
1790242140000,-1.4342,147.89
1790242200000,-1.4342,147.89
1790242260000,-1.4342,147.89
1790242320000,-1.3007,143.43
1790243100000,-1.3007,143.43
1790243160000,-1.3007,143.43
1790243220000,-1.3007,143.43
1790243280000,-1.3007,143.43
1790243340000,-1.3007,143.43
1790243400000,-1.3007,143.43
1790243460000,-1.3007,143.43
1790243520000,-1.3007,143.43
1790243580000,-1.3007,143.43
1790243640000,-1.3007,143.43
1790243700000,-1.3007,143.43
1790243760000,-1.3007,143.43
1790243820000,-1.3007,143.43
1790243880000,-1.3007,143.43
1790243940000,-1.3007,143.43
1790244000000,-1.3007,143.43
1790244060000,-1.3007,143.43
1790244120000,-1.3007,143.43
1790244180000,-1.3007,143.43
1790244240000,-1.3007,143.43
1790244300000,-1.3007,143.43
1790244360000,-1.3007,143.43
1790244420000,-1.3007,143.43
1790244480000,-1.3007,143.43
1790244540000,-1.3007,143.43
1790244600000,-1.3007,143.43
1790244660000,-1.3007,143.43
1790244720000,-1.3007,143.43
1790244780000,-1.3007,143.43
1790244840000,-1.3007,143.43
1790244900000,-1.3007,143.43
1790244960000,-1.3007,143.43
1790245020000,-1.3007,143.43
1790245080000,-1.3007,143.43
1790245140000,-1.3007,143.43
1790245200000,-1.3007,143.43
1790245260000,-1.3007,143.43
1790245320000,-1.3007,143.43
1790245380000,-1.3007,143.43
1790245440000,-1.3007,143.43
1790245500000,-1.3007,143.43
1790245560000,-1.3007,143.43
1790245620000,-1.3007,143.43
1790245680000,-1.3007,143.43
1790245740000,-1.3007,143.43
1790245800000,-1.3007,143.43
1790245860000,-1.3007,143.43
1790245920000,-1.3007,143.43
1790245980000,-1.3007,143.43
1790246040000,-1.3007,143.43
1790246100000,-1.3007,143.43
1790246160000,-1.3007,143.43
1790246220000,-1.3007,143.43
1790246280000,-1.3007,143.43
1790246340000,-1.3007,143.43
1790246400000,-1.3007,143.43
1790246460000,-1.3007,143.43
1790246520000,-1.3007,143.43
1790246580000,-1.3007,143.43
1790246640000,-1.3007,143.43
1790246700000,-1.3007,143.43
1790246760000,-1.3007,143.43
1790246820000,-1.3007,143.43
1790246880000,-1.3007,143.43
1790246940000,-1.3853,146.26
1790249820000,-1.3853,146.26
1790249880000,-1.3853,146.26
1790249940000,-1.3853,146.26
1790250000000,-1.3853,146.26
1790250060000,-1.3853,146.26
1790250120000,-1.3853,146.26
1790250180000,-1.3853,146.26
1790250240000,-1.3853,146.26
1790250300000,-1.3853,146.26
1790250360000,-1.3853,146.26
1790250420000,-1.3853,146.26
1790250480000,-1.3853,146.26
1790250540000,-1.3853,146.26
1790250600000,-1.3853,146.26
1790250660000,-1.3853,146.26
1790250720000,-1.3853,146.26
1790250780000,-1.3853,146.26
1790250840000,-1.3853,146.26
1790250900000,-1.3853,146.26
1790250960000,-1.3853,146.26
1790251020000,-1.3853,146.26
1790251080000,-1.3853,146.26
1790251140000,-1.3853,146.26
1790251200000,-1.3853,146.26
1790251260000,-1.3853,146.26
1790251320000,-1.3853,146.26
1790251380000,-1.3853,146.26
1790251440000,-1.3853,146.26
1790251500000,-1.3853,146.26
1790251560000,-1.3853,146.26
1790251620000,-1.3853,146.26
1790251680000,-1.3853,146.26
1790251740000,-1.3853,146.26
1790251800000,-1.3853,146.26
1790251860000,-1.3853,146.26
1790251920000,-1.3853,146.26
1790251980000,-1.3853,146.26
1790252040000,-1.3853,146.26
1790252100000,-1.3853,146.26
1790252160000,-1.3853,146.26
1790252220000,-1.3853,146.26
1790252280000,-1.3853,146.26
1790252340000,-1.3853,146.26
1790252400000,-1.3853,146.26
1790252460000,-1.3853,146.26
1790252520000,-1.3853,146.26
1790252580000,-1.3853,146.26
1790252640000,-1.4686,149.04
1790256720000,-1.4686,149.04
1790256780000,-1.4686,149.04
1790256840000,-1.4686,149.04
1790256900000,-1.4686,149.04
1790256960000,-1.4686,149.04
1790257020000,-1.4686,149.04
1790257080000,-1.4686,149.04
1790257140000,-1.4686,149.04
1790257200000,-1.4686,149.04
1790257260000,-1.4686,149.04
1790257320000,-1.4686,149.04
1790257380000,-1.4686,149.04
1790257440000,-1.4686,149.04
1790257500000,-1.4686,149.04
1790257560000,-1.4686,149.04
1790257620000,-1.4686,149.04
1790257680000,-1.4686,149.04
1790257740000,-1.4686,149.04
1790257800000,-1.4686,149.04
1790257860000,-1.4686,149.04
1790257920000,-1.4686,149.04
1790257980000,-1.4686,149.04
1790258040000,-1.4686,149.04
1790258100000,-1.4686,149.04
1790258160000,-1.4686,149.04
1790258220000,-1.4686,149.04
1790258280000,-1.4686,149.04
1790258340000,-1.4686,149.04
1790258400000,-1.4686,149.04
1790258460000,-1.4686,149.04
1790258520000,-1.4686,149.04
1790258580000,-1.4686,149.04
1790258640000,-1.4686,149.04
1790258700000,-1.4686,149.04
1790258760000,-1.4686,149.04
1790258820000,-1.4686,149.04
1790258880000,-1.4686,149.04
1790258940000,-1.4686,149.04
1790259000000,-1.4686,149.04
1790259060000,-1.4686,149.04
1790259120000,-1.4686,149.04
1790259180000,-1.4686,149.04
1790259240000,-1.4686,149.04
1790259300000,-1.4686,149.04
1790259360000,-1.4686,149.04
1790259420000,-1.4686,149.04
1790259480000,-1.4686,149.04
1790259540000,-1.4686,149.04
1790259600000,-1.4686,149.04
1790259660000,-1.4686,149.04
1790259720000,-1.4686,149.04
1790259780000,-1.4686,149.04
1790259840000,-1.4686,149.04
1790259900000,-1.4686,149.04
1790259960000,-1.4686,149.04
1790260020000,-1.4686,149.04
1790260080000,-1.4686,149.04
1790260140000,-1.3269,144.31
1790262180000,-1.3269,144.31
1790262240000,-1.3269,144.31
1790262300000,-1.3269,144.31
1790262360000,-1.3269,144.31
1790262420000,-1.3269,144.31
1790262480000,-1.3269,144.31
1790262540000,-1.3269,144.31
1790262600000,-1.3269,144.31
1790262660000,-1.3269,144.31
1790262720000,-1.4345,147.9
1790263680000,-1.4345,147.9
1790263740000,-1.4345,147.9
1790263800000,-1.4345,147.9
1790263860000,-1.4345,147.9
1790263920000,-1.4345,147.9
1790263980000,-1.4345,147.9
1790264040000,-1.4345,147.9
1790264100000,-1.4345,147.9
1790264160000,-1.4345,147.9
1790264220000,-1.4345,147.9
1790264280000,-1.4345,147.9
1790264340000,-1.4345,147.9
1790264400000,-1.4345,147.9
1790264460000,-1.4345,147.9
1790264520000,-1.4345,147.9
1790264580000,-1.4345,147.9
1790264640000,-1.4345,147.9
1790264700000,-1.4345,147.9
1790264760000,-1.4345,147.9
1790264820000,-1.4345,147.9
1790264880000,-1.4345,147.9
1790264940000,-1.4345,147.9
1790265000000,-1.4345,147.9
1790265060000,-1.4345,147.9
1790265120000,-1.4345,147.9
1790265180000,-1.4345,147.9
1790265240000,-1.4345,147.9
1790265300000,-1.4345,147.9
1790265360000,-1.4345,147.9
1790265420000,-1.4345,147.9
1790265480000,-1.4345,147.9
1790265540000,-1.4345,147.9
1790265600000,-1.4345,147.9
1790265660000,-1.4345,147.9
1790265720000,-1.4345,147.9
1790265780000,-1.4345,147.9
1790265840000,-1.4345,147.9
1790265900000,-1.4345,147.9
1790265960000,-1.4345,147.9
1790266020000,-1.4345,147.9
1790266080000,-1.4345,147.9
1790266140000,-1.4345,147.9
1790266200000,-1.4345,147.9
1790266260000,-1.4047,146.9
1790267280000,-1.4047,146.9
1790267340000,-1.4047,146.9
1790267400000,-1.4047,146.9
1790267460000,-1.4047,146.9
1790267520000,-1.4047,146.9
1790267580000,-1.4047,146.9
1790267640000,-1.4047,146.9
1790267700000,-1.4047,146.9
1790267760000,-1.4047,146.9
1790267820000,-1.4047,146.9
1790267880000,-1.4047,146.9
1790267940000,-1.4047,146.9
1790268000000,-1.4047,146.9
1790268060000,-1.4047,146.9
1790268120000,-1.4047,146.9
1790268180000,-1.4047,146.9
1790268240000,-1.4047,146.9
1790268300000,-1.4047,146.9
1790268360000,-1.4047,146.9
1790268420000,-1.4047,146.9
1790268480000,-1.4047,146.9
1790268540000,-1.4047,146.9
1790268600000,-1.4047,146.9
1790268660000,-1.4047,146.9
1790268720000,-1.4047,146.9
1790268780000,-1.4047,146.9
1790268840000,-1.4047,146.9
1790268900000,-1.4047,146.9
1790268960000,-1.4047,146.9
1790269020000,-1.4047,146.9
1790269080000,-1.4047,146.9
1790269140000,-1.4047,146.9
1790269200000,-1.4047,146.9
1790269260000,-1.4047,146.9
1790269320000,-1.4047,146.9
1790269380000,-1.4047,146.9
1790269440000,-1.4047,146.9
1790269500000,-1.4047,146.9
1790269560000,-1.5243,150.9
1790324160000,-1.5243,150.9
1790324220000,-1.5243,150.9
1790324280000,-1.5243,150.9
1790324340000,-1.5243,150.9
1790324400000,-1.5243,150.9
1790324460000,-1.5243,150.9
1790324520000,-1.5243,150.9
1790324580000,-1.5243,150.9
1790324640000,-1.5243,150.9
1790324700000,-1.5243,150.9
1790324760000,-1.5243,150.9
1790324820000,-1.5243,150.9
1790324880000,-1.5243,150.9
1790324940000,-1.5243,150.9
1790325000000,-1.5243,150.9
1790325060000,-1.5243,150.9
1790325120000,-1.5243,150.9
1790325180000,-1.5243,150.9
1790325240000,-1.5243,150.9
1790325300000,-1.5243,150.9
1790325360000,-1.5243,150.9
1790325420000,-1.5243,150.9
1790325480000,-1.5243,150.9
1790325540000,-1.5243,150.9
1790325600000,-1.5243,150.9
1790325660000,-1.5243,150.9
1790325720000,-1.5243,150.9
1790325780000,-1.5243,150.9
1790325840000,-1.5243,150.9
1790325900000,-1.5243,150.9
1790325960000,-1.5243,150.9
1790326020000,-1.5243,150.9
1790326080000,-1.5243,150.9
1790326140000,-1.5243,150.9
1790326200000,-1.5243,150.9
1790326260000,-1.5243,150.9
1790326320000,-1.5243,150.9
1790326380000,-1.5243,150.9
1790326440000,-1.5243,150.9
1790326500000,-1.5243,150.9
1790326560000,-1.5243,150.9
1790326620000,-1.5243,150.9
1790326680000,-1.5243,150.9
1790326740000,-1.5243,150.9
1790326800000,-1.5243,150.9
1790326860000,-1.5243,150.9
1790326920000,-1.5243,150.9
1790326980000,-1.5243,150.9
1790327040000,-1.5243,150.9
1790327100000,-1.5243,150.9
1790327160000,-1.5243,150.9
1790327220000,-1.5243,150.9
1790327280000,-1.422,147.48
1790328420000,-1.422,147.48
1790328480000,-1.422,147.48
1790328540000,-1.422,147.48
1790328600000,-1.422,147.48
1790328660000,-1.422,147.48
1790328720000,-1.422,147.48
1790328780000,-1.422,147.48
1790328840000,-1.422,147.48
1790328900000,-1.422,147.48
1790328960000,-1.422,147.48
1790329020000,-1.422,147.48
1790329080000,-1.422,147.48
1790329140000,-1.422,147.48
1790329200000,-1.422,147.48
1790329260000,-1.422,147.48
1790329320000,-1.3822,146.15
1790331060000,-1.3822,146.15
1790331120000,-1.3822,146.15
1790331180000,-1.3822,146.15
1790331240000,-1.3822,146.15
1790331300000,-1.3822,146.15
1790331360000,-1.3822,146.15
1790331420000,-1.3822,146.15
1790331480000,-1.3822,146.15
1790331540000,-1.3822,146.15
1790331600000,-1.3822,146.15
1790331660000,-1.3822,146.15
1790331720000,-1.3822,146.15
1790331780000,-1.3822,146.15
1790331840000,-1.3822,146.15
1790331900000,-1.3822,146.15
1790331960000,-1.3822,146.15
1790332020000,-1.3822,146.15
1790332080000,-1.3822,146.15
1790332140000,-1.3822,146.15
1790332200000,-1.3822,146.15
1790332260000,-1.3822,146.15
1790332320000,-1.3822,146.15
1790332380000,-1.3822,146.15
1790332440000,-1.3822,146.15
1790332500000,-1.3822,146.15
1790332560000,-1.3822,146.15
1790332620000,-1.3822,146.15
1790332680000,-1.3822,146.15
1790332740000,-1.3822,146.15
1790332800000,-1.3822,146.15
1790332860000,-1.3822,146.15
1790332920000,-1.3822,146.15
1790332980000,-1.3822,146.15
1790333040000,-1.3822,146.15
1790333100000,-1.3822,146.15
1790333160000,-1.3822,146.15
1790333220000,-1.3822,146.15
1790333280000,-1.3822,146.15
1790333340000,-1.3822,146.15
1790333400000,-1.3822,146.15
1790333460000,-1.3822,146.15
1790333520000,-1.3822,146.15
1790333580000,-1.3822,146.15
1790333640000,-1.3822,146.15
1790333700000,-1.3822,146.15
1790333760000,-1.3822,146.15
1790333820000,-1.3822,146.15
1790333880000,-1.3822,146.15
1790333940000,-1.3822,146.15
1790334000000,-1.3822,146.15
1790334060000,-1.3822,146.15
1790334120000,-1.3822,146.15
1790334180000,-1.3822,146.15
1790334240000,-1.3822,146.15
1790334300000,-1.3822,146.15
1790334360000,-1.2751,142.58
1790336160000,-1.2751,142.58
1790336220000,-1.2751,142.58
1790336280000,-1.2751,142.58
1790336340000,-1.2751,142.58
1790336400000,-1.2751,142.58
1790336460000,-1.2751,142.58
1790336520000,-1.2751,142.58
1790336580000,-1.2751,142.58
1790336640000,-1.2751,142.58
1790336700000,-1.3607,145.43
1790340000000,-1.3607,145.43
1790340060000,-1.3607,145.43
1790340120000,-1.3607,145.43
1790340180000,-1.3607,145.43
1790340240000,-1.3607,145.43
1790340300000,-1.3607,145.43
1790340360000,-1.3607,145.43
1790340420000,-1.3607,145.43
1790340480000,-1.3607,145.43
1790340540000,-1.3607,145.43
1790340600000,-1.3607,145.43
1790340660000,-1.3607,145.43
1790340720000,-1.3607,145.43
1790340780000,-1.3607,145.43
1790340840000,-1.3607,145.43
1790340900000,-1.3607,145.43
1790340960000,-1.3607,145.43
1790341020000,-1.3607,145.43
1790341080000,-1.3607,145.43
1790341140000,-1.3607,145.43
1790341200000,-1.3607,145.43
1790341260000,-1.3607,145.43
1790341320000,-1.3607,145.43
1790341380000,-1.3607,145.43
1790341440000,-1.3607,145.43
1790341500000,-1.3607,145.43
1790341560000,-1.3607,145.43
1790341620000,-1.3607,145.43
1790341680000,-1.3607,145.43
1790341740000,-1.3607,145.43
1790341800000,-1.3607,145.43
1790341860000,-1.3607,145.43
1790341920000,-1.3607,145.43
1790341980000,-1.3607,145.43
1790342040000,-1.3607,145.43
1790342100000,-1.3607,145.43
1790342160000,-1.3607,145.43
1790342220000,-1.3607,145.43
1790342280000,-1.3607,145.43
1790342340000,-1.3607,145.43
1790342400000,-1.3607,145.43
1790342460000,-1.4801,149.42
1790411640000,-1.4801,149.42
1790411700000,-1.4801,149.42
1790411760000,-1.4801,149.42
1790411820000,-1.4801,149.42
1790411880000,-1.4801,149.42
1790411940000,-1.4801,149.42
1790412000000,-1.4801,149.42
1790412060000,-1.4801,149.42
1790412120000,-1.4801,149.42
1790412180000,-1.4801,149.42
1790412240000,-1.4801,149.42
1790412300000,-1.4801,149.42
1790412360000,-1.4801,149.42
1790412420000,-1.4801,149.42
1790412480000,-1.4801,149.42
1790412540000,-1.4801,149.42
1790412600000,-1.4801,149.42
1790412660000,-1.4801,149.42
1790412720000,-1.4801,149.42
1790412780000,-1.4801,149.42
1790412840000,-1.4801,149.42
1790412900000,-1.4801,149.42
1790412960000,-1.4801,149.42
1790413020000,-1.4801,149.42
1790413080000,-1.4801,149.42
1790413140000,-1.4801,149.42
1790413200000,-1.4801,149.42
1790413260000,-1.4801,149.42
1790413320000,-1.4801,149.42
1790413380000,-1.4801,149.42
1790413440000,-1.4801,149.42
1790413500000,-1.4801,149.42
1790413560000,-1.4801,149.42
1790413620000,-1.4801,149.42
1790413680000,-1.4801,149.42
1790413740000,-1.4801,149.42
1790413800000,-1.5765,152.64
