time,equity,dd_pct
1782715080000,1000.0,0.0
1782761040000,1000.0,0.0
1782761100000,1000.0,0.0
1782761160000,1000.0,0.0
1782761220000,1000.0,0.0
1782761280000,1000.0,0.0
1782761340000,1000.0,0.0
1782761400000,1000.0,0.0
1782761460000,1000.0,0.0
1782761520000,1000.0,0.0
1782761580000,1000.0,0.0
1782761640000,1000.0,0.0
1782761700000,1000.0,0.0
1782761760000,1000.0,0.0
1782761820000,1000.0,0.0
1782761880000,1000.0,0.0
1782761940000,1000.0,0.0
1782762000000,1000.0,0.0
1782762060000,1000.0,0.0
1782762120000,1000.0,0.0
1782762180000,1000.0,0.0
1782762240000,1000.0,0.0
1782762300000,1000.0,0.0
1782762360000,1000.0,0.0
1782762420000,1000.0,0.0
1782762480000,1000.0,0.0
1782762540000,1000.0,0.0
1782762600000,1000.0,0.0
1782762660000,1000.0,0.0
1782762720000,1000.0,0.0
1782762780000,1000.0,0.0
1782762840000,1000.0,0.0
1782762900000,1000.0,0.0
1782762960000,1000.0,0.0
1782763020000,1000.0,0.0
1782763080000,1000.0,0.0
1782763140000,1000.0,0.0
1782763200000,1000.0,0.0
1782763260000,1000.0,0.0
1782763320000,1000.0,0.0
1782763380000,1000.0,0.0
1782763440000,1000.0,0.0
1782763500000,1000.0,0.0
1782763560000,1000.0,0.0
1782763620000,1000.0,0.0
1782763680000,1000.0,0.0
1782763740000,1000.0,0.0
1782763800000,1000.0,0.0
1782763860000,1000.0,0.0
1782763920000,1000.0,0.0
1782763980000,1000.0,0.0
1782764040000,1000.0,0.0
1782764100000,1000.0,0.0
1782764160000,1000.0,0.0
1782764220000,1000.0,0.0
1782764280000,1000.0,0.0
1782764340000,1000.0,0.0
1782764400000,1000.0,0.0
1782764460000,1000.0,0.0
1782764520000,1000.0,0.0
1782764580000,1000.0,0.0
1782764640000,1000.0,0.0
1782764700000,1000.0,0.0
1782764760000,1000.0,0.0
1782764820000,1000.0,0.0
1782764880000,1000.0,0.0
1782764940000,1000.0,0.0
1782765000000,1000.0,0.0
1782765060000,1000.0,0.0
1782765120000,1000.0,0.0
1782765180000,1000.0,0.0
1782765240000,1000.0,0.0
1782765300000,1000.0,0.0
1782765360000,1000.0,0.0
1782765420000,1000.0,0.0
1782765480000,1000.0,0.0
1782765540000,1000.0,0.0
1782765600000,1000.0,0.0
1782765660000,1000.0,0.0
1782765720000,1000.0,0.0
1782765780000,1000.0,0.0
1782765840000,1000.0,0.0
1782765900000,1000.0,0.0
1782765960000,1000.0,0.0
1782766020000,1000.0,0.0
1782766080000,1000.0,0.0
1782766140000,1000.0,0.0
1782766200000,1000.0,0.0
1782766260000,1000.0,0.0
1782766320000,1000.0,0.0
1782766380000,1000.0,0.0
1782766440000,1000.0,0.0
1782766500000,1000.0,0.0
1782766560000,1000.0,0.0
1782766620000,1000.0,0.0
1782766680000,1000.0,0.0
1782766740000,1000.0,0.0
1782766800000,1000.0,0.0
1782766860000,1000.0,0.0
1782766920000,1000.0,0.0
1782766980000,990.8007,0.92
1782820560000,990.8007,0.92
1782820620000,990.8007,0.92
1782820680000,990.8007,0.92
1782820740000,990.8007,0.92
1782820800000,990.8007,0.92
1782820860000,990.8007,0.92
1782820920000,990.8007,0.92
1782820980000,990.8007,0.92
1782821040000,990.8007,0.92
1782821100000,990.8007,0.92
1782821160000,990.8007,0.92
1782821220000,990.8007,0.92
1782821280000,990.8007,0.92
1782821340000,990.8007,0.92
1782821400000,990.8007,0.92
1782821460000,990.8007,0.92
1782821520000,990.8007,0.92
1782821580000,990.8007,0.92
1782821640000,990.8007,0.92
1782821700000,990.8007,0.92
1782821760000,990.8007,0.92
1782821820000,990.8007,0.92
1782821880000,990.8007,0.92
1782821940000,990.8007,0.92
1782822000000,990.8007,0.92
1782822060000,990.8007,0.92
1782822120000,1000.5181,0.0
1782823680000,1000.5181,0.0
1782823740000,1000.5181,0.0
1782823800000,1000.5181,0.0
1782823860000,1000.5181,0.0
1782823920000,1000.5181,0.0
1782823980000,1000.5181,0.0
1782824040000,1000.5181,0.0
1782824100000,1000.5181,0.0
1782824160000,1000.5181,0.0
1782824220000,1000.5181,0.0
1782824280000,1000.5181,0.0
1782824340000,1000.5181,0.0
1782824400000,1000.5181,0.0
1782824460000,1000.5181,0.0
1782824520000,1000.5181,0.0
1782824580000,1000.5181,0.0
1782824640000,1000.5181,0.0
1782824700000,1000.5181,0.0
1782824760000,1000.5181,0.0
1782824820000,1000.5181,0.0
1782824880000,1000.5181,0.0
1782824940000,1000.5181,0.0
1782825000000,1000.5181,0.0
1782825060000,1000.5181,0.0
1782825120000,1000.5181,0.0
1782825180000,1000.5181,0.0
1782825240000,1000.5181,0.0
1782825300000,1000.5181,0.0
1782825360000,1000.5181,0.0
1782825420000,1000.5181,0.0
1782825480000,1000.5181,0.0
1782825540000,1000.5181,0.0
1782825600000,1000.5181,0.0
1782825660000,1000.5181,0.0
1782825720000,1000.5181,0.0
1782825780000,1000.5181,0.0
1782825840000,1000.5181,0.0
1782825900000,1000.5181,0.0
1782825960000,1000.5181,0.0
1782826020000,1000.5181,0.0
1782826080000,1000.5181,0.0
1782826140000,1000.5181,0.0
1782826200000,990.9331,0.96
1782830280000,990.9331,0.96
1782830340000,990.9331,0.96
1782830400000,990.9331,0.96
1782830460000,990.9331,0.96
1782830520000,990.9331,0.96
1782830580000,990.9331,0.96
1782830640000,990.9331,0.96
1782830700000,990.9331,0.96
1782830760000,990.9331,0.96
1782830820000,990.9331,0.96
1782830880000,990.9331,0.96
1782830940000,990.9331,0.96
1782831000000,990.9331,0.96
1782831060000,990.9331,0.96
1782831120000,990.9331,0.96
1782831180000,990.9331,0.96
1782831240000,990.9331,0.96
1782831300000,990.9331,0.96
1782831360000,990.9331,0.96
1782831420000,990.9331,0.96
1782831480000,990.9331,0.96
1782831540000,990.9331,0.96
1782831600000,990.9331,0.96
1782831660000,990.9331,0.96
1782831720000,990.9331,0.96
1782831780000,990.9331,0.96
1782831840000,990.9331,0.96
1782831900000,990.9331,0.96
1782831960000,990.9331,0.96
1782832020000,990.9331,0.96
1782832080000,990.9331,0.96
1782832140000,990.9331,0.96
1782832200000,990.9331,0.96
1782832260000,990.9331,0.96
1782832320000,990.9331,0.96
1782832380000,990.9331,0.96
1782832440000,990.9331,0.96
1782832500000,990.9331,0.96
1782832560000,990.9331,0.96
1782832620000,990.9331,0.96
1782832680000,990.9331,0.96
1782832740000,990.9331,0.96
1782832800000,990.9331,0.96
1782832860000,990.9331,0.96
1782832920000,990.9331,0.96
1782832980000,990.9331,0.96
1782833040000,990.9331,0.96
1782833100000,990.9331,0.96
1782833160000,990.9331,0.96
1782833220000,990.9331,0.96
1782833280000,990.9331,0.96
1782833340000,990.9331,0.96
1782833400000,990.9331,0.96
1782833460000,990.9331,0.96
1782833520000,990.9331,0.96
1782833580000,990.9331,0.96
1782833640000,990.9331,0.96
1782833700000,990.9331,0.96
1782833760000,990.9331,0.96
1782833820000,990.9331,0.96
1782833880000,990.9331,0.96
1782833940000,990.9331,0.96
1782834000000,990.9331,0.96
1782834060000,990.9331,0.96
1782834120000,990.9331,0.96
1782834180000,990.9331,0.96
1782834240000,990.9331,0.96
1782834300000,990.9331,0.96
1782834360000,982.1516,1.84
1782836160000,982.1516,1.84
1782836220000,982.1516,1.84
1782836280000,982.1516,1.84
1782836340000,982.1516,1.84
1782836400000,982.1516,1.84
1782836460000,982.1516,1.84
1782836520000,982.1516,1.84
1782836580000,982.1516,1.84
1782836640000,982.1516,1.84
1782836700000,982.1516,1.84
1782836760000,982.1516,1.84
1782836820000,982.1516,1.84
1782836880000,982.1516,1.84
1782836940000,982.1516,1.84
1782837000000,982.1516,1.84
1782837060000,982.1516,1.84
1782837120000,982.1516,1.84
1782837180000,982.1516,1.84
1782837240000,982.1516,1.84
1782837300000,982.1516,1.84
1782837360000,982.1516,1.84
1782837420000,982.1516,1.84
1782837480000,982.1516,1.84
1782837540000,982.1516,1.84
1782837600000,982.1516,1.84
1782837660000,982.1516,1.84
1782837720000,982.1516,1.84
1782837780000,982.1516,1.84
1782837840000,982.1516,1.84
1782837900000,982.1516,1.84
1782837960000,982.1516,1.84
1782838020000,982.1516,1.84
1782838080000,982.1516,1.84
1782838140000,982.1516,1.84
1782838200000,982.1516,1.84
1782838260000,982.1516,1.84
1782838320000,982.1516,1.84
1782838380000,982.1516,1.84
1782838440000,973.0233,2.75
1782845340000,973.0233,2.75
1782845400000,973.0233,2.75
1782845460000,973.0233,2.75
1782845520000,973.0233,2.75
1782845580000,973.0233,2.75
1782845640000,973.0233,2.75
1782845700000,973.0233,2.75
1782845760000,973.0233,2.75
1782845820000,973.0233,2.75
1782845880000,973.0233,2.75
1782845940000,973.0233,2.75
1782846000000,973.0233,2.75
1782846060000,973.0233,2.75
1782846120000,973.0233,2.75
1782846180000,973.0233,2.75
1782846240000,973.0233,2.75
1782846300000,973.0233,2.75
1782846360000,973.0233,2.75
1782846420000,973.0233,2.75
1782846480000,973.0233,2.75
1782846540000,973.0233,2.75
1782846600000,973.0233,2.75
1782846660000,973.0233,2.75
1782846720000,973.0233,2.75
1782846780000,973.0233,2.75
1782846840000,973.0233,2.75
1782846900000,973.0233,2.75
1782846960000,973.0233,2.75
1782847020000,973.0233,2.75
1782847080000,973.0233,2.75
1782847140000,973.0233,2.75
1782847200000,973.0233,2.75
1782847260000,973.0233,2.75
1782847320000,973.0233,2.75
1782847380000,973.0233,2.75
1782847440000,973.0233,2.75
1782847500000,973.0233,2.75
1782847560000,973.0233,2.75
1782847620000,973.0233,2.75
1782847680000,973.0233,2.75
1782847740000,973.0233,2.75
1782847800000,973.0233,2.75
1782847860000,973.0233,2.75
1782847920000,973.0233,2.75
1782847980000,973.0233,2.75
1782848040000,973.0233,2.75
1782848100000,973.0233,2.75
1782848160000,973.0233,2.75
1782848220000,973.0233,2.75
1782848280000,973.0233,2.75
1782848340000,973.0233,2.75
1782848400000,973.0233,2.75
1782848460000,973.0233,2.75
1782848520000,973.0233,2.75
1782848580000,973.0233,2.75
1782848640000,973.0233,2.75
1782848700000,973.0233,2.75
1782848760000,973.0233,2.75
1782848820000,973.0233,2.75
1782848880000,973.0233,2.75
1782848940000,973.0233,2.75
1782849000000,973.0233,2.75
1782849060000,973.0233,2.75
1782849120000,973.0233,2.75
1782849180000,973.0233,2.75
1782849240000,973.0233,2.75
1782849300000,973.0233,2.75
1782849360000,973.0233,2.75
1782849420000,973.0233,2.75
1782849480000,973.0233,2.75
1782849540000,973.0233,2.75
1782849600000,973.0233,2.75
1782849660000,973.0233,2.75
1782849720000,973.0233,2.75
1782849780000,973.0233,2.75
1782849840000,973.0233,2.75
1782849900000,973.0233,2.75
1782849960000,973.0233,2.75
1782850020000,973.0233,2.75
1782850080000,973.0233,2.75
1782850140000,973.0233,2.75
1782850200000,973.0233,2.75
1782850260000,973.0233,2.75
1782850320000,973.0233,2.75
1782850380000,973.0233,2.75
1782850440000,973.0233,2.75
1782850500000,973.0233,2.75
1782850560000,973.0233,2.75
1782850620000,973.0233,2.75
1782850680000,973.0233,2.75
1782850740000,973.0233,2.75
1782850800000,973.0233,2.75
1782850860000,973.0233,2.75
1782850920000,973.0233,2.75
1782850980000,973.0233,2.75
1782851040000,973.0233,2.75
1782851100000,973.0233,2.75
1782851160000,973.0233,2.75
1782851220000,973.0233,2.75
1782851280000,973.0233,2.75
1782851340000,973.0233,2.75
1782851400000,973.0233,2.75
1782851460000,973.0233,2.75
1782851520000,973.0233,2.75
1782851580000,973.0233,2.75
1782851640000,973.0233,2.75
1782851700000,973.0233,2.75
1782851760000,973.0233,2.75
1782851820000,973.0233,2.75
1782851880000,973.0233,2.75
1782851940000,973.0233,2.75
1782852000000,973.0233,2.75
1782852060000,973.0233,2.75
1782852120000,973.0233,2.75
1782852180000,973.0233,2.75
1782852240000,973.0233,2.75
1782852300000,973.0233,2.75
1782852360000,973.0233,2.75
1782852420000,973.0233,2.75
1782852480000,973.0233,2.75
1782852540000,973.0233,2.75
1782852600000,973.0233,2.75
1782852660000,973.0233,2.75
1782852720000,973.0233,2.75
1782852780000,973.0233,2.75
1782852840000,973.0233,2.75
1782852900000,973.0233,2.75
1782852960000,973.0233,2.75
1782853020000,973.0233,2.75
1782853080000,973.0233,2.75
1782853140000,973.0233,2.75
1782853200000,973.0233,2.75
1782853260000,973.0233,2.75
1782853320000,973.0233,2.75
1782853380000,973.0233,2.75
1782853440000,973.0233,2.75
1782853500000,973.0233,2.75
1782853560000,973.0233,2.75
1782853620000,973.0233,2.75
1782853680000,973.0233,2.75
1782853740000,973.0233,2.75
1782853800000,963.6456,3.69
1782900840000,963.6456,3.69
1782900900000,963.6456,3.69
1782900960000,963.6456,3.69
1782901020000,963.6456,3.69
1782901080000,963.6456,3.69
1782901140000,963.6456,3.69
1782901200000,963.6456,3.69
1782901260000,963.6456,3.69
1782901320000,963.6456,3.69
1782901380000,963.6456,3.69
1782901440000,963.6456,3.69
1782901500000,963.6456,3.69
1782901560000,963.6456,3.69
1782901620000,963.6456,3.69
1782901680000,963.6456,3.69
1782901740000,963.6456,3.69
1782901800000,963.6456,3.69
1782901860000,963.6456,3.69
1782901920000,963.6456,3.69
1782901980000,963.6456,3.69
1782902040000,963.6456,3.69
1782902100000,963.6456,3.69
1782902160000,963.6456,3.69
1782902220000,963.6456,3.69
1782902280000,963.6456,3.69
1782902340000,963.6456,3.69
1782902400000,963.6456,3.69
1782902460000,963.6456,3.69
1782902520000,963.6456,3.69
1782902580000,963.6456,3.69
1782902640000,963.6456,3.69
1782902700000,963.6456,3.69
1782902760000,963.6456,3.69
1782902820000,963.6456,3.69
1782902880000,963.6456,3.69
1782902940000,963.6456,3.69
1782903000000,963.6456,3.69
1782903060000,963.6456,3.69
1782903120000,963.6456,3.69
1782903180000,963.6456,3.69
1782903240000,963.6456,3.69
1782903300000,963.6456,3.69
1782903360000,963.6456,3.69
1782903420000,963.6456,3.69
1782903480000,963.6456,3.69
1782903540000,963.6456,3.69
1782903600000,963.6456,3.69
1782903660000,963.6456,3.69
1782903720000,963.6456,3.69
1782903780000,963.6456,3.69
1782903840000,963.6456,3.69
1782903900000,963.6456,3.69
1782903960000,963.6456,3.69
1782904020000,963.6456,3.69
1782904080000,963.6456,3.69
1782904140000,963.6456,3.69
1782904200000,963.6456,3.69
1782904260000,963.6456,3.69
1782904320000,963.6456,3.69
1782904380000,963.6456,3.69
1782904440000,963.6456,3.69
1782904500000,963.6456,3.69
1782904560000,963.6456,3.69
1782904620000,963.6456,3.69
1782904680000,963.6456,3.69
1782904740000,963.6456,3.69
1782904800000,963.6456,3.69
1782904860000,963.6456,3.69
1782904920000,963.6456,3.69
1782904980000,963.6456,3.69
1782905040000,963.6456,3.69
1782905100000,963.6456,3.69
1782905160000,963.6456,3.69
1782905220000,963.6456,3.69
1782905280000,963.6456,3.69
1782905340000,963.6456,3.69
1782905400000,963.6456,3.69
1782905460000,963.6456,3.69
1782905520000,963.6456,3.69
1782905580000,963.6456,3.69
1782905640000,963.6456,3.69
1782905700000,963.6456,3.69
1782905760000,963.6456,3.69
1782905820000,963.6456,3.69
1782905880000,963.6456,3.69
1782905940000,963.6456,3.69
1782906000000,963.6456,3.69
1782906060000,963.6456,3.69
1782906120000,963.6456,3.69
1782906180000,963.6456,3.69
1782906240000,963.6456,3.69
1782906300000,963.6456,3.69
1782906360000,963.6456,3.69
1782906420000,963.6456,3.69
1782906480000,963.6456,3.69
1782906540000,963.6456,3.69
1782906600000,963.6456,3.69
1782906660000,963.6456,3.69
1782906720000,963.6456,3.69
1782906780000,963.6456,3.69
1782906840000,963.6456,3.69
1782906900000,963.6456,3.69
1782906960000,973.1199,2.74
1782915060000,973.1199,2.74
1782915120000,973.1199,2.74
1782915180000,973.1199,2.74
1782915240000,973.1199,2.74
1782915300000,973.1199,2.74
1782915360000,973.1199,2.74
1782915420000,973.1199,2.74
1782915480000,973.1199,2.74
1782915540000,973.1199,2.74
1782915600000,973.1199,2.74
1782915660000,973.1199,2.74
1782915720000,973.1199,2.74
1782915780000,973.1199,2.74
1782915840000,973.1199,2.74
1782915900000,973.1199,2.74
1782915960000,973.1199,2.74
1782916020000,973.1199,2.74
1782916080000,973.1199,2.74
1782916140000,973.1199,2.74
1782916200000,973.1199,2.74
1782916260000,973.1199,2.74
1782916320000,973.1199,2.74
1782916380000,973.1199,2.74
1782916440000,973.1199,2.74
1782916500000,973.1199,2.74
1782916560000,973.1199,2.74
1782916620000,973.1199,2.74
1782916680000,973.1199,2.74
1782916740000,973.1199,2.74
1782916800000,973.1199,2.74
1782916860000,973.1199,2.74
1782916920000,973.1199,2.74
1782916980000,973.1199,2.74
1782917040000,973.1199,2.74
1782917100000,973.1199,2.74
1782917160000,973.1199,2.74
1782917220000,973.1199,2.74
1782917280000,973.1199,2.74
1782917340000,973.1199,2.74
1782917400000,973.1199,2.74
1782917460000,973.1199,2.74
1782917520000,973.1199,2.74
1782917580000,973.1199,2.74
1782917640000,973.1199,2.74
1782917700000,973.1199,2.74
1782917760000,973.1199,2.74
1782917820000,973.1199,2.74
1782917880000,973.1199,2.74
1782917940000,973.1199,2.74
1782918000000,973.1199,2.74
1782918060000,973.1199,2.74
1782918120000,973.1199,2.74
1782918180000,973.1199,2.74
1782918240000,973.1199,2.74
1782918300000,973.1199,2.74
1782918360000,973.1199,2.74
1782918420000,973.1199,2.74
1782918480000,973.1199,2.74
1782918540000,973.1199,2.74
1782918600000,973.1199,2.74
1782918660000,973.1199,2.74
1782918720000,973.1199,2.74
1782918780000,973.1199,2.74
1782918840000,973.1199,2.74
1782918900000,973.1199,2.74
1782918960000,973.1199,2.74
1782919020000,973.1199,2.74
1782919080000,973.1199,2.74
1782919140000,973.1199,2.74
1782919200000,973.1199,2.74
1782919260000,973.1199,2.74
1782919320000,973.1199,2.74
1782919380000,973.1199,2.74
1782919440000,973.1199,2.74
1782919500000,973.1199,2.74
1782919560000,973.1199,2.74
1782919620000,973.1199,2.74
1782919680000,973.1199,2.74
1782919740000,973.1199,2.74
1782919800000,973.1199,2.74
1782919860000,973.1199,2.74
1782919920000,973.1199,2.74
1782919980000,973.1199,2.74
1782920040000,973.1199,2.74
1782920100000,973.1199,2.74
1782920160000,973.1199,2.74
1782920220000,973.1199,2.74
1782920280000,973.1199,2.74
1782920340000,973.1199,2.74
1782920400000,973.1199,2.74
1782920460000,973.1199,2.74
1782920520000,973.1199,2.74
1782920580000,973.1199,2.74
1782920640000,973.1199,2.74
1782920700000,973.1199,2.74
1782920760000,973.1199,2.74
1782920820000,973.1199,2.74
1782920880000,973.1199,2.74
1782920940000,973.1199,2.74
1782921000000,973.1199,2.74
1782921060000,973.1199,2.74
1782921120000,973.1199,2.74
1782921180000,973.1199,2.74
1782921240000,973.1199,2.74
1782921300000,973.1199,2.74
1782921360000,973.1199,2.74
1782921420000,973.1199,2.74
1782921480000,973.1199,2.74
1782921540000,973.1199,2.74
1782921600000,973.1199,2.74
1782921660000,973.1199,2.74
1782921720000,973.1199,2.74
1782921780000,973.1199,2.74
1782921840000,973.1199,2.74
1782921900000,973.1199,2.74
1782921960000,973.1199,2.74
1782922020000,973.1199,2.74
1782922080000,973.1199,2.74
1782922140000,973.1199,2.74
1782922200000,973.1199,2.74
1782922260000,973.1199,2.74
1782922320000,973.1199,2.74
1782922380000,973.1199,2.74
1782922440000,973.1199,2.74
1782922500000,973.1199,2.74
1782922560000,973.1199,2.74
1782922620000,973.1199,2.74
1782922680000,973.1199,2.74
1782922740000,973.1199,2.74
1782922800000,973.1199,2.74
1782922860000,973.1199,2.74
1782922920000,973.1199,2.74
1782922980000,973.1199,2.74
1782923040000,973.1199,2.74
1782923100000,973.1199,2.74
1782923160000,973.1199,2.74
1782923220000,973.1199,2.74
1782923280000,973.1199,2.74
1782923340000,973.1199,2.74
1782923400000,973.1199,2.74
1782923460000,973.1199,2.74
1782923520000,973.1199,2.74
1782923580000,973.1199,2.74
1782923640000,973.1199,2.74
1782923700000,973.1199,2.74
1782923760000,973.1199,2.74
1782923820000,973.1199,2.74
1782923880000,973.1199,2.74
1782923940000,973.1199,2.74
1782924000000,973.1199,2.74
1782924060000,973.1199,2.74
1782924120000,973.1199,2.74
1782924180000,973.1199,2.74
1782924240000,973.1199,2.74
1782924300000,973.1199,2.74
1782924360000,973.1199,2.74
1782924420000,973.1199,2.74
1782924480000,973.1199,2.74
1782924540000,973.1199,2.74
1782924600000,973.1199,2.74
1782924660000,973.1199,2.74
1782924720000,973.1199,2.74
1782924780000,973.1199,2.74
1782924840000,973.1199,2.74
1782924900000,973.1199,2.74
1782924960000,973.1199,2.74
1782925020000,973.1199,2.74
1782925080000,973.1199,2.74
1782925140000,973.1199,2.74
1782925200000,973.1199,2.74
1782925260000,973.1199,2.74
1782925320000,973.1199,2.74
1782925380000,973.1199,2.74
1782925440000,973.1199,2.74
1782925500000,973.1199,2.74
1782925560000,973.1199,2.74
1782925620000,973.1199,2.74
1782925680000,973.1199,2.74
1782925740000,973.1199,2.74
1782925800000,973.1199,2.74
1782925860000,973.1199,2.74
1782925920000,973.1199,2.74
1782925980000,973.1199,2.74
1782926040000,973.1199,2.74
1782926100000,973.1199,2.74
1782926160000,973.1199,2.74
1782926220000,973.1199,2.74
1782926280000,973.1199,2.74
1782926340000,973.1199,2.74
1782926400000,973.1199,2.74
1782926460000,973.1199,2.74
1782926520000,973.1199,2.74
1782926580000,973.1199,2.74
1782926640000,973.1199,2.74
1782926700000,973.1199,2.74
1782926760000,973.1199,2.74
1782926820000,973.1199,2.74
1782926880000,973.1199,2.74
1782926940000,973.1199,2.74
1782927000000,973.1199,2.74
1782927060000,973.1199,2.74
1782927120000,973.1199,2.74
1782927180000,973.1199,2.74
1782927240000,973.1199,2.74
1782927300000,973.1199,2.74
1782927360000,973.1199,2.74
1782927420000,973.1199,2.74
1782927480000,973.1199,2.74
1782927540000,973.1199,2.74
1782927600000,973.1199,2.74
1782927660000,973.1199,2.74
1782927720000,973.1199,2.74
1782927780000,973.1199,2.74
1782927840000,973.1199,2.74
1782927900000,973.1199,2.74
1782927960000,973.1199,2.74
1782928020000,973.1199,2.74
1782928080000,973.1199,2.74
1782928140000,973.1199,2.74
1782928200000,973.1199,2.74
1782928260000,973.1199,2.74
1782928320000,973.1199,2.74
1782928380000,973.1199,2.74
1782928440000,973.1199,2.74
1782928500000,973.1199,2.74
1782928560000,973.1199,2.74
1782928620000,973.1199,2.74
1782928680000,973.1199,2.74
1782928740000,973.1199,2.74
1782928800000,973.1199,2.74
1782928860000,973.1199,2.74
1782928920000,973.1199,2.74
1782928980000,973.1199,2.74
1782929040000,973.1199,2.74
1782929100000,973.1199,2.74
1782929160000,973.1199,2.74
1782929220000,973.1199,2.74
1782929280000,973.1199,2.74
1782929340000,973.1199,2.74
1782929400000,973.1199,2.74
1782929460000,973.1199,2.74
1782929520000,973.1199,2.74
1782929580000,973.1199,2.74
1782929640000,973.1199,2.74
1782929700000,973.1199,2.74
1782929760000,973.1199,2.74
1782929820000,973.1199,2.74
1782929880000,973.1199,2.74
1782929940000,973.1199,2.74
1782930000000,973.1199,2.74
1782930060000,973.1199,2.74
1782930120000,973.1199,2.74
1782930180000,973.1199,2.74
1782930240000,973.1199,2.74
1782930300000,973.1199,2.74
1782930360000,973.1199,2.74
1782930420000,973.1199,2.74
1782930480000,973.1199,2.74
1782930540000,973.1199,2.74
1782930600000,973.1199,2.74
1782930660000,973.1199,2.74
1782930720000,973.1199,2.74
1782930780000,973.1199,2.74
1782930840000,973.1199,2.74
1782930900000,973.1199,2.74
1782930960000,973.1199,2.74
1782931020000,973.1199,2.74
1782931080000,973.1199,2.74
1782931140000,973.1199,2.74
1782931200000,973.1199,2.74
1782931260000,973.1199,2.74
1782931320000,973.1199,2.74
1782931380000,973.1199,2.74
1782931440000,973.1199,2.74
1782931500000,973.1199,2.74
1782931560000,973.1199,2.74
1782931620000,973.1199,2.74
1782931680000,973.1199,2.74
1782931740000,973.1199,2.74
1782931800000,973.1199,2.74
1782931860000,973.1199,2.74
1782931920000,973.1199,2.74
1782931980000,973.1199,2.74
1782932040000,973.1199,2.74
1782932100000,973.1199,2.74
1782932160000,973.1199,2.74
1782932220000,973.1199,2.74
1782932280000,973.1199,2.74
1782932340000,973.1199,2.74
1782932400000,973.1199,2.74
1782932460000,973.1199,2.74
1782932520000,973.1199,2.74
1782932580000,973.1199,2.74
1782932640000,973.1199,2.74
1782932700000,973.1199,2.74
1782932760000,973.1199,2.74
1782932820000,973.1199,2.74
1782932880000,973.1199,2.74
1782932940000,973.1199,2.74
1782933000000,973.1199,2.74
1782933060000,973.1199,2.74
1782933120000,973.1199,2.74
1782933180000,973.1199,2.74
1782933240000,973.1199,2.74
1782933300000,973.1199,2.74
1782933360000,973.1199,2.74
1782933420000,973.1199,2.74
1782933480000,973.1199,2.74
1782933540000,973.1199,2.74
1782933600000,973.1199,2.74
1782933660000,973.1199,2.74
1782933720000,973.1199,2.74
1782933780000,973.1199,2.74
1782933840000,973.1199,2.74
1782933900000,973.1199,2.74
1782933960000,973.1199,2.74
1782934020000,973.1199,2.74
1782934080000,973.1199,2.74
1782934140000,973.1199,2.74
1782934200000,973.1199,2.74
1782934260000,973.1199,2.74
1782934320000,973.1199,2.74
1782934380000,973.1199,2.74
1782934440000,973.1199,2.74
1782934500000,973.1199,2.74
1782934560000,973.1199,2.74
1782934620000,973.1199,2.74
1782934680000,973.1199,2.74
1782934740000,973.1199,2.74
1782934800000,973.1199,2.74
1782934860000,973.1199,2.74
1782934920000,973.1199,2.74
1782934980000,973.1199,2.74
1782935040000,973.1199,2.74
1782935100000,973.1199,2.74
1782935160000,973.1199,2.74
1782935220000,973.1199,2.74
1782935280000,973.1199,2.74
1782935340000,973.1199,2.74
1782935400000,973.1199,2.74
1782935460000,973.1199,2.74
1782935520000,973.1199,2.74
1782935580000,973.1199,2.74
1782935640000,973.1199,2.74
1782935700000,973.1199,2.74
1782935760000,973.1199,2.74
1782935820000,973.1199,2.74
1782935880000,973.1199,2.74
1782935940000,973.1199,2.74
1782936000000,973.1199,2.74
1782936060000,973.1199,2.74
1782936120000,973.1199,2.74
1782936180000,973.1199,2.74
1782936240000,973.1199,2.74
1782936300000,973.1199,2.74
1782936360000,973.1199,2.74
1782936420000,973.1199,2.74
1782936480000,973.1199,2.74
1782936540000,973.1199,2.74
1782936600000,973.1199,2.74
1782936660000,973.1199,2.74
1782936720000,973.1199,2.74
1782936780000,973.1199,2.74
1782936840000,973.1199,2.74
1782936900000,973.1199,2.74
1782936960000,973.1199,2.74
1782937020000,973.1199,2.74
1782937080000,973.1199,2.74
1782937140000,973.1199,2.74
1782937200000,973.1199,2.74
1782937260000,973.1199,2.74
1782937320000,973.1199,2.74
1782937380000,973.1199,2.74
1782937440000,973.1199,2.74
1782937500000,973.1199,2.74
1782937560000,973.1199,2.74
1782937620000,973.1199,2.74
1782937680000,973.1199,2.74
1782937740000,973.1199,2.74
1782937800000,973.1199,2.74
1782937860000,973.1199,2.74
1782937920000,973.1199,2.74
1782937980000,973.1199,2.74
1782938040000,973.1199,2.74
1782938100000,973.1199,2.74
1782938160000,973.1199,2.74
1782938220000,973.1199,2.74
1782938280000,973.1199,2.74
1782938340000,973.1199,2.74
1782938400000,973.1199,2.74
1782938460000,973.1199,2.74
1782938520000,973.1199,2.74
1782938580000,973.1199,2.74
1782938640000,973.1199,2.74
1782938700000,973.1199,2.74
1782938760000,973.1199,2.74
1782938820000,973.1199,2.74
1782938880000,973.1199,2.74
1782938940000,973.1199,2.74
1782939000000,973.1199,2.74
1782939060000,973.1199,2.74
1782939120000,973.1199,2.74
1782939180000,973.1199,2.74
1782939240000,973.1199,2.74
1782939300000,973.1199,2.74
1782939360000,973.1199,2.74
1782939420000,973.1199,2.74
1782939480000,973.1199,2.74
1782939540000,973.1199,2.74
1782939600000,973.1199,2.74
1782939660000,973.1199,2.74
1782939720000,973.1199,2.74
1782939780000,973.1199,2.74
1782939840000,973.1199,2.74
1782939900000,973.1199,2.74
1782939960000,973.1199,2.74
1782940020000,973.1199,2.74
1782940080000,973.1199,2.74
1782940140000,973.1199,2.74
1782940200000,973.1199,2.74
1782940260000,973.1199,2.74
1782940320000,973.1199,2.74
1782940380000,973.1199,2.74
1782940440000,973.1199,2.74
1782940500000,973.1199,2.74
1782940560000,973.1199,2.74
1782940620000,973.1199,2.74
1782940680000,973.1199,2.74
1782940740000,973.1199,2.74
1782940800000,973.1199,2.74
1782940860000,973.1199,2.74
1782940920000,973.1199,2.74
1782940980000,973.1199,2.74
1782941040000,973.1199,2.74
1782941100000,973.1199,2.74
1782941160000,973.1199,2.74
1782941220000,973.1199,2.74
1782941280000,973.1199,2.74
1782941340000,973.1199,2.74
1782941400000,973.1199,2.74
1782941460000,973.1199,2.74
1782941520000,973.1199,2.74
1782941580000,973.1199,2.74
1782941640000,973.1199,2.74
1782941700000,973.1199,2.74
1782941760000,973.1199,2.74
1782941820000,973.1199,2.74
1782941880000,973.1199,2.74
1782941940000,973.1199,2.74
1782942000000,973.1199,2.74
1782942060000,973.1199,2.74
1782942120000,973.1199,2.74
1782942180000,973.1199,2.74
1782942240000,973.1199,2.74
1782942300000,973.1199,2.74
1782942360000,973.1199,2.74
1782942420000,973.1199,2.74
1782942480000,973.1199,2.74
1782942540000,973.1199,2.74
1782942600000,973.1199,2.74
1782942660000,973.1199,2.74
1782942720000,973.1199,2.74
1782942780000,973.1199,2.74
1782942840000,973.1199,2.74
1782942900000,973.1199,2.74
1782942960000,973.1199,2.74
1782943020000,973.1199,2.74
1782943080000,973.1199,2.74
1782943140000,973.1199,2.74
1782943200000,973.1199,2.74
1782943260000,973.1199,2.74
1782943320000,973.1199,2.74
1782943380000,973.1199,2.74
1782943440000,973.1199,2.74
1782943500000,973.1199,2.74
1782943560000,973.1199,2.74
1782943620000,973.1199,2.74
1782943680000,973.1199,2.74
1782943740000,973.1199,2.74
1782943800000,973.1199,2.74
1782943860000,973.1199,2.74
1782943920000,973.1199,2.74
1782943980000,973.1199,2.74
1782944040000,973.1199,2.74
1782944100000,973.1199,2.74
1782944160000,973.1199,2.74
1782944220000,973.1199,2.74
1782944280000,973.1199,2.74
1782944340000,973.1199,2.74
1782944400000,973.1199,2.74
1782944460000,994.3487,0.62
1782984720000,994.3487,0.62
1782984780000,994.3487,0.62
1782984840000,994.3487,0.62
1782984900000,994.3487,0.62
1782984960000,994.3487,0.62
1782985020000,994.3487,0.62
1782985080000,1005.4286,0.0
1782994560000,1005.4286,0.0
1782994620000,1005.4286,0.0
1782994680000,1005.4286,0.0
1782994740000,1005.4286,0.0
1782994800000,1005.4286,0.0
1782994860000,1005.4286,0.0
1782994920000,1005.4286,0.0
1782994980000,1005.4286,0.0
1782995040000,1005.4286,0.0
1782995100000,1005.4286,0.0
1782995160000,1005.4286,0.0
1782995220000,1005.4286,0.0
1782995280000,1005.4286,0.0
1782995340000,1005.4286,0.0
1782995400000,1005.4286,0.0
1782995460000,1005.4286,0.0
1782995520000,1005.4286,0.0
1782995580000,1005.4286,0.0
1782995640000,1005.4286,0.0
1782995700000,1005.4286,0.0
1782995760000,1005.4286,0.0
1782995820000,1005.4286,0.0
1782995880000,1005.4286,0.0
1782995940000,1005.4286,0.0
1782996000000,1005.4286,0.0
1782996060000,1005.4286,0.0
1782996120000,1005.4286,0.0
1782996180000,1005.4286,0.0
1782996240000,1005.4286,0.0
1782996300000,1005.4286,0.0
1782996360000,1005.4286,0.0
1782996420000,1005.4286,0.0
1782996480000,1005.4286,0.0
1782996540000,1005.4286,0.0
1782996600000,1005.4286,0.0
1782996660000,1005.4286,0.0
1782996720000,1005.4286,0.0
1782996780000,1005.4286,0.0
1782996840000,1005.4286,0.0
1782996900000,1005.4286,0.0
1782996960000,1005.4286,0.0
1782997020000,1005.4286,0.0
1782997080000,1005.4286,0.0
1782997140000,1005.4286,0.0
1782997200000,1005.4286,0.0
1782997260000,1005.4286,0.0
1782997320000,1005.4286,0.0
1782997380000,1005.4286,0.0
1782997440000,1005.4286,0.0
1782997500000,1005.4286,0.0
1782997560000,1005.4286,0.0
1782997620000,1005.4286,0.0
1782997680000,1005.4286,0.0
1782997740000,1005.4286,0.0
1782997800000,1005.4286,0.0
1782997860000,1005.4286,0.0
1782997920000,1005.4286,0.0
1782997980000,1019.3594,0.0
1782998700000,1019.3594,0.0
1782998760000,1019.3594,0.0
1782998820000,1019.3594,0.0
1782998880000,1019.3594,0.0
1782998940000,1019.3594,0.0
1782999000000,1019.3594,0.0
1782999060000,1019.3594,0.0
1782999120000,1019.3594,0.0
1782999180000,1019.3594,0.0
1782999240000,1019.3594,0.0
1782999300000,1019.3594,0.0
1782999360000,1019.3594,0.0
1782999420000,1019.3594,0.0
1782999480000,1019.3594,0.0
1782999540000,1019.3594,0.0
1782999600000,1019.3594,0.0
1782999660000,1019.3594,0.0
1782999720000,1019.3594,0.0
1782999780000,1019.3594,0.0
1782999840000,1019.3594,0.0
1782999900000,1019.3594,0.0
1782999960000,1019.3594,0.0
1783000020000,1019.3594,0.0
1783000080000,1019.3594,0.0
1783000140000,1019.3594,0.0
1783000200000,1019.3594,0.0
1783000260000,1019.3594,0.0
1783000320000,1019.3594,0.0
1783000380000,1019.3594,0.0
1783000440000,1019.3594,0.0
1783000500000,1019.3594,0.0
1783000560000,1019.3594,0.0
1783000620000,1019.3594,0.0
1783000680000,1019.3594,0.0
1783000740000,1019.3594,0.0
1783000800000,1019.3594,0.0
1783000860000,1019.3594,0.0
1783000920000,1019.3594,0.0
1783000980000,1019.3594,0.0
1783001040000,1019.3594,0.0
1783001100000,1019.3594,0.0
1783001160000,1019.3594,0.0
1783001220000,1019.3594,0.0
1783001280000,1019.3594,0.0
1783001340000,1019.3594,0.0
1783001400000,1019.3594,0.0
1783001460000,1019.3594,0.0
1783001520000,1019.3594,0.0
1783001580000,1019.3594,0.0
1783001640000,1019.3594,0.0
1783001700000,1019.3594,0.0
1783001760000,1019.3594,0.0
1783001820000,1019.3594,0.0
1783001880000,1019.3594,0.0
1783001940000,1019.3594,0.0
1783002000000,1019.3594,0.0
1783002060000,1019.3594,0.0
1783002120000,1019.3594,0.0
1783002180000,1019.3594,0.0
1783002240000,1019.3594,0.0
1783002300000,1019.3594,0.0
1783002360000,1019.3594,0.0
1783002420000,1019.3594,0.0
1783002480000,1019.3594,0.0
1783002540000,1019.3594,0.0
1783002600000,1019.3594,0.0
1783002660000,1019.3594,0.0
1783002720000,1019.3594,0.0
1783002780000,1019.3594,0.0
1783002840000,1019.3594,0.0
1783002900000,1019.3594,0.0
1783002960000,1019.3594,0.0
1783003020000,1019.3594,0.0
1783003080000,1019.3594,0.0
1783003140000,1019.3594,0.0
1783003200000,1019.3594,0.0
1783003260000,1019.3594,0.0
1783003320000,1019.3594,0.0
1783003380000,1019.3594,0.0
1783003440000,1019.3594,0.0
1783003500000,1019.3594,0.0
1783003560000,1019.3594,0.0
1783003620000,1019.3594,0.0
1783003680000,1019.3594,0.0
1783003740000,1019.3594,0.0
1783003800000,1019.3594,0.0
1783003860000,1019.3594,0.0
1783003920000,1019.3594,0.0
1783003980000,1019.3594,0.0
1783004040000,1019.3594,0.0
1783004100000,1019.3594,0.0
1783004160000,1019.3594,0.0
1783004220000,1019.3594,0.0
1783004280000,1019.3594,0.0
1783004340000,1019.3594,0.0
1783004400000,1019.3594,0.0
1783004460000,1019.3594,0.0
1783004520000,1019.3594,0.0
1783004580000,1019.3594,0.0
1783004640000,1019.3594,0.0
1783004700000,1019.3594,0.0
1783004760000,1019.3594,0.0
1783004820000,1019.3594,0.0
1783004880000,1019.3594,0.0
1783004940000,1019.3594,0.0
1783005000000,1019.3594,0.0
1783005060000,1019.3594,0.0
1783005120000,1019.3594,0.0
1783005180000,1019.3594,0.0
1783005240000,1019.3594,0.0
1783005300000,1019.3594,0.0
1783005360000,1019.3594,0.0
1783005420000,1019.3594,0.0
1783005480000,1019.3594,0.0
1783005540000,1019.3594,0.0
1783005600000,1019.3594,0.0
1783005660000,1019.3594,0.0
1783005720000,1019.3594,0.0
1783005780000,1019.3594,0.0
1783005840000,1019.3594,0.0
1783005900000,1019.3594,0.0
1783005960000,1019.3594,0.0
1783006020000,1019.3594,0.0
1783006080000,1019.3594,0.0
1783006140000,1019.3594,0.0
1783006200000,1019.3594,0.0
1783006260000,1019.3594,0.0
1783006320000,1019.3594,0.0
1783006380000,1019.3594,0.0
1783006440000,1019.3594,0.0
1783006500000,1019.3594,0.0
1783006560000,1019.3594,0.0
1783006620000,1019.3594,0.0
1783006680000,1019.3594,0.0
1783006740000,1019.3594,0.0
1783006800000,1019.3594,0.0
1783006860000,1019.3594,0.0
1783006920000,1019.3594,0.0
1783006980000,1019.3594,0.0
1783007040000,1019.3594,0.0
1783007100000,1019.3594,0.0
1783007160000,1019.3594,0.0
1783007220000,1019.3594,0.0
1783007280000,1019.3594,0.0
1783007340000,1019.3594,0.0
1783007400000,1019.3594,0.0
1783007460000,1019.3594,0.0
1783007520000,1019.3594,0.0
1783007580000,1019.3594,0.0
1783007640000,1019.3594,0.0
1783007700000,1019.3594,0.0
1783007760000,1019.3594,0.0
1783007820000,1019.3594,0.0
1783007880000,1019.3594,0.0
1783007940000,1019.3594,0.0
1783008000000,1019.3594,0.0
1783008060000,1019.3594,0.0
1783008120000,1019.3594,0.0
1783008180000,1019.3594,0.0
1783008240000,1019.3594,0.0
1783008300000,1019.3594,0.0
1783008360000,1019.3594,0.0
1783008420000,1019.3594,0.0
1783008480000,1019.3594,0.0
1783008540000,1019.3594,0.0
1783008600000,1019.3594,0.0
1783008660000,1019.3594,0.0
1783008720000,1019.3594,0.0
1783008780000,1019.3594,0.0
1783008840000,1019.3594,0.0
1783008900000,1019.3594,0.0
1783008960000,1019.3594,0.0
1783009020000,1019.3594,0.0
1783009080000,1019.3594,0.0
1783009140000,1019.3594,0.0
1783009200000,1019.3594,0.0
1783009260000,1019.3594,0.0
1783009320000,1019.3594,0.0
1783009380000,1019.3594,0.0
1783009440000,1019.3594,0.0
1783009500000,1019.3594,0.0
1783009560000,1019.3594,0.0
1783009620000,1019.3594,0.0
1783009680000,1019.3594,0.0
1783009740000,1019.3594,0.0
1783009800000,1019.3594,0.0
1783009860000,1019.3594,0.0
1783009920000,1019.3594,0.0
1783009980000,1019.3594,0.0
1783010040000,1019.3594,0.0
1783010100000,1019.3594,0.0
1783010160000,1019.3594,0.0
1783010220000,1019.3594,0.0
1783010280000,1019.3594,0.0
1783010340000,1019.3594,0.0
1783010400000,1019.3594,0.0
1783010460000,1019.3594,0.0
1783010520000,1019.3594,0.0
1783010580000,1019.3594,0.0
1783010640000,1019.3594,0.0
1783010700000,1019.3594,0.0
1783010760000,1019.3594,0.0
1783010820000,1019.3594,0.0
1783010880000,1019.3594,0.0
1783010940000,1019.3594,0.0
1783011000000,1019.3594,0.0
1783011060000,1019.3594,0.0
1783011120000,1019.3594,0.0
1783011180000,1019.3594,0.0
1783011240000,1019.3594,0.0
1783011300000,1019.3594,0.0
1783011360000,1019.3594,0.0
1783011420000,1019.3594,0.0
1783011480000,1019.3594,0.0
1783011540000,1019.3594,0.0
1783011600000,1019.3594,0.0
1783011660000,1019.3594,0.0
1783011720000,1019.3594,0.0
1783011780000,1019.3594,0.0
1783011840000,1019.3594,0.0
1783011900000,1019.3594,0.0
1783011960000,1019.3594,0.0
1783012020000,1019.3594,0.0
1783012080000,1019.3594,0.0
1783012140000,1019.3594,0.0
1783012200000,1019.3594,0.0
1783012260000,1019.3594,0.0
1783012320000,1019.3594,0.0
1783012380000,1019.3594,0.0
1783012440000,1019.3594,0.0
1783012500000,1019.3594,0.0
1783012560000,1019.3594,0.0
1783012620000,1019.3594,0.0
1783012680000,1019.3594,0.0
1783012740000,1019.3594,0.0
1783012800000,1019.3594,0.0
1783012860000,1019.3594,0.0
1783012920000,1019.3594,0.0
1783012980000,1019.3594,0.0
1783013040000,1019.3594,0.0
1783013100000,1019.3594,0.0
1783013160000,1019.3594,0.0
1783013220000,1019.3594,0.0
1783013280000,1019.3594,0.0
1783013340000,1019.3594,0.0
1783013400000,1019.3594,0.0
1783013460000,1019.3594,0.0
1783013520000,1019.3594,0.0
1783013580000,1019.3594,0.0
1783013640000,1019.3594,0.0
1783013700000,1019.3594,0.0
1783013760000,1019.3594,0.0
1783013820000,1019.3594,0.0
1783013880000,1019.3594,0.0
1783013940000,1019.3594,0.0
1783014000000,1019.3594,0.0
1783014060000,1019.3594,0.0
1783014120000,1019.3594,0.0
1783014180000,1019.3594,0.0
1783014240000,1019.3594,0.0
1783014300000,1019.3594,0.0
1783014360000,1019.3594,0.0
1783014420000,1019.3594,0.0
1783014480000,1019.3594,0.0
1783014540000,1019.3594,0.0
1783014600000,1019.3594,0.0
1783014660000,1019.3594,0.0
1783014720000,1019.3594,0.0
1783014780000,1019.3594,0.0
1783014840000,1019.3594,0.0
1783014900000,1019.3594,0.0
1783014960000,1019.3594,0.0
1783015020000,1019.3594,0.0
1783015080000,1019.3594,0.0
1783015140000,1019.3594,0.0
1783015200000,1019.3594,0.0
1783015260000,1019.3594,0.0
1783015320000,1019.3594,0.0
1783015380000,1019.3594,0.0
1783015440000,1019.3594,0.0
1783015500000,1019.3594,0.0
1783015560000,1019.3594,0.0
1783015620000,1019.3594,0.0
1783015680000,1019.3594,0.0
1783015740000,1019.3594,0.0
1783015800000,1019.3594,0.0
1783015860000,1019.3594,0.0
1783015920000,1019.3594,0.0
1783015980000,1019.3594,0.0
1783016040000,1019.3594,0.0
1783016100000,1019.3594,0.0
1783016160000,1019.3594,0.0
1783016220000,1019.3594,0.0
1783016280000,1019.3594,0.0
1783016340000,1019.3594,0.0
1783016400000,1019.3594,0.0
1783016460000,1019.3594,0.0
1783016520000,1019.3594,0.0
1783016580000,1019.3594,0.0
1783016640000,1019.3594,0.0
1783016700000,1019.3594,0.0
1783016760000,1019.3594,0.0
1783016820000,1019.3594,0.0
1783016880000,1019.3594,0.0
1783016940000,1019.3594,0.0
1783017000000,1019.3594,0.0
1783017060000,1019.3594,0.0
1783017120000,1019.3594,0.0
1783017180000,1019.3594,0.0
1783017240000,1019.3594,0.0
1783017300000,1019.3594,0.0
1783017360000,1019.3594,0.0
1783017420000,1019.3594,0.0
1783017480000,1019.3594,0.0
1783017540000,1019.3594,0.0
1783017600000,1019.3594,0.0
1783017660000,1019.3594,0.0
1783017720000,1019.3594,0.0
1783017780000,1019.3594,0.0
1783017840000,1019.3594,0.0
1783017900000,1019.3594,0.0
1783017960000,1019.3594,0.0
1783018020000,1019.3594,0.0
1783018080000,1019.3594,0.0
1783018140000,1019.3594,0.0
1783018200000,1019.3594,0.0
1783018260000,1019.3594,0.0
1783018320000,1019.3594,0.0
1783018380000,1019.3594,0.0
1783018440000,1019.3594,0.0
1783018500000,1019.3594,0.0
1783018560000,1019.3594,0.0
1783018620000,1019.3594,0.0
1783018680000,1019.3594,0.0
1783018740000,1019.3594,0.0
1783018800000,1019.3594,0.0
1783018860000,1019.3594,0.0
1783018920000,1019.3594,0.0
1783018980000,1019.3594,0.0
1783019040000,1019.3594,0.0
1783019100000,1019.3594,0.0
1783019160000,1019.3594,0.0
1783019220000,1019.3594,0.0
1783019280000,1019.3594,0.0
1783019340000,1019.3594,0.0
1783019400000,1019.3594,0.0
1783019460000,1019.3594,0.0
1783019520000,1019.3594,0.0
1783019580000,1019.3594,0.0
1783019640000,1019.3594,0.0
1783019700000,1019.3594,0.0
1783019760000,1019.3594,0.0
1783019820000,1019.3594,0.0
1783019880000,1019.3594,0.0
1783019940000,1019.3594,0.0
1783020000000,1019.3594,0.0
1783020060000,1019.3594,0.0
1783020120000,1019.3594,0.0
1783020180000,1019.3594,0.0
1783020240000,1019.3594,0.0
1783020300000,1019.3594,0.0
1783020360000,1019.3594,0.0
1783020420000,1019.3594,0.0
1783020480000,1019.3594,0.0
1783020540000,1019.3594,0.0
1783020600000,1019.3594,0.0
1783020660000,1019.3594,0.0
1783020720000,1019.3594,0.0
1783020780000,1019.3594,0.0
1783020840000,1019.3594,0.0
1783020900000,1019.3594,0.0
1783020960000,1019.3594,0.0
1783021020000,1019.3594,0.0
1783021080000,1019.3594,0.0
1783021140000,1019.3594,0.0
1783021200000,1019.3594,0.0
1783021260000,1019.3594,0.0
1783021320000,1019.3594,0.0
1783021380000,1019.3594,0.0
1783021440000,1019.3594,0.0
1783021500000,1019.3594,0.0
1783021560000,1019.3594,0.0
1783021620000,1019.3594,0.0
1783021680000,1019.3594,0.0
1783021740000,1019.3594,0.0
1783021800000,1019.3594,0.0
1783021860000,1019.3594,0.0
1783021920000,1019.3594,0.0
1783021980000,1019.3594,0.0
1783022040000,1019.3594,0.0
1783022100000,1019.3594,0.0
1783022160000,1019.3594,0.0
1783022220000,1019.3594,0.0
1783022280000,1019.3594,0.0
1783022340000,1019.3594,0.0
1783022400000,1019.3594,0.0
1783022460000,1019.3594,0.0
1783022520000,1019.3594,0.0
1783022580000,1019.3594,0.0
1783022640000,1019.3594,0.0
1783022700000,1019.3594,0.0
1783022760000,1019.3594,0.0
1783022820000,1019.3594,0.0
1783022880000,1019.3594,0.0
1783022940000,1019.3594,0.0
1783023000000,1019.3594,0.0
1783023060000,1019.3594,0.0
1783023120000,1019.3594,0.0
1783023180000,1019.3594,0.0
1783023240000,1019.3594,0.0
1783023300000,1019.3594,0.0
1783023360000,1019.3594,0.0
1783023420000,1019.3594,0.0
1783023480000,1019.3594,0.0
1783023540000,1019.3594,0.0
1783023600000,1019.3594,0.0
1783023660000,1019.3594,0.0
1783023720000,1019.3594,0.0
1783023780000,1019.3594,0.0
1783023840000,1019.3594,0.0
1783023900000,1019.3594,0.0
1783023960000,1019.3594,0.0
1783024020000,1019.3594,0.0
1783024080000,1019.3594,0.0
1783024140000,1019.3594,0.0
1783024200000,1019.3594,0.0
1783024260000,1019.3594,0.0
1783024320000,1019.3594,0.0
1783024380000,1019.3594,0.0
1783024440000,1019.3594,0.0
1783024500000,1019.3594,0.0
1783024560000,1019.3594,0.0
1783024620000,1019.3594,0.0
1783024680000,1019.3594,0.0
1783024740000,1019.3594,0.0
1783024800000,1019.3594,0.0
1783024860000,1019.3594,0.0
1783024920000,1019.3594,0.0
1783024980000,1019.3594,0.0
1783025040000,1019.3594,0.0
1783025100000,1019.3594,0.0
1783025160000,1019.3594,0.0
1783025220000,1019.3594,0.0
1783025280000,1019.3594,0.0
1783025340000,1019.3594,0.0
1783025400000,1019.3594,0.0
1783025460000,1019.3594,0.0
1783025520000,1019.3594,0.0
1783025580000,1019.3594,0.0
1783025640000,1019.3594,0.0
1783025700000,1019.3594,0.0
1783025760000,1019.3594,0.0
1783025820000,1019.3594,0.0
1783025880000,1019.3594,0.0
1783025940000,1019.3594,0.0
1783026000000,1019.3594,0.0
1783026060000,1019.3594,0.0
1783026120000,1019.3594,0.0
1783026180000,1019.3594,0.0
1783026240000,1019.3594,0.0
1783026300000,1019.3594,0.0
1783026360000,1019.3594,0.0
1783026420000,1019.3594,0.0
1783026480000,1019.3594,0.0
1783026540000,1019.3594,0.0
1783026600000,1019.3594,0.0
1783026660000,1019.3594,0.0
1783026720000,1019.3594,0.0
1783026780000,1019.3594,0.0
1783026840000,1019.3594,0.0
1783026900000,1019.3594,0.0
1783026960000,1019.3594,0.0
1783027020000,1019.3594,0.0
1783027080000,1019.3594,0.0
1783027140000,1019.3594,0.0
1783027200000,1019.3594,0.0
1783027260000,1019.3594,0.0
1783027320000,1019.3594,0.0
1783027380000,1019.3594,0.0
1783027440000,1019.3594,0.0
1783027500000,1019.3594,0.0
1783027560000,1019.3594,0.0
1783027620000,1019.3594,0.0
1783027680000,1019.3594,0.0
1783027740000,1019.3594,0.0
1783027800000,1019.3594,0.0
1783027860000,1019.3594,0.0
1783027920000,1019.3594,0.0
1783027980000,1019.3594,0.0
1783028040000,1019.3594,0.0
1783028100000,1019.3594,0.0
1783028160000,1019.3594,0.0
1783028220000,1019.3594,0.0
1783028280000,1019.3594,0.0
1783028340000,1019.3594,0.0
1783028400000,1019.3594,0.0
1783028460000,1019.3594,0.0
1783028520000,1019.3594,0.0
1783028580000,1019.3594,0.0
1783028640000,1019.3594,0.0
1783028700000,1019.3594,0.0
1783028760000,1019.3594,0.0
1783028820000,1019.3594,0.0
1783028880000,1019.3594,0.0
1783028940000,1019.3594,0.0
1783029000000,1019.3594,0.0
1783029060000,1019.3594,0.0
1783029120000,1019.3594,0.0
1783029180000,1019.3594,0.0
1783029240000,1019.3594,0.0
1783029300000,1019.3594,0.0
1783029360000,1019.3594,0.0
1783029420000,1019.3594,0.0
1783029480000,1019.3594,0.0
1783029540000,1019.3594,0.0
1783029600000,1019.3594,0.0
1783029660000,1019.3594,0.0
1783029720000,1019.3594,0.0
1783029780000,1019.3594,0.0
1783029840000,1019.3594,0.0
1783029900000,1019.3594,0.0
1783029960000,1019.3594,0.0
1783030020000,1019.3594,0.0
1783030080000,1019.3594,0.0
1783030140000,1019.3594,0.0
1783030200000,1019.3594,0.0
1783030260000,1019.3594,0.0
1783030320000,1019.3594,0.0
1783030380000,1019.3594,0.0
1783030440000,1019.3594,0.0
1783030500000,1019.3594,0.0
1783030560000,1019.3594,0.0
1783030620000,1019.3594,0.0
1783030680000,1019.3594,0.0
1783030740000,1019.3594,0.0
1783030800000,1019.3594,0.0
1783030860000,1019.3594,0.0
1783030920000,1019.3594,0.0
1783030980000,1019.3594,0.0
1783031040000,1019.3594,0.0
1783031100000,1019.3594,0.0
1783031160000,1019.3594,0.0
1783031220000,1019.3594,0.0
1783031280000,1019.3594,0.0
1783031340000,1019.3594,0.0
1783031400000,1019.3594,0.0
1783031460000,1019.3594,0.0
1783031520000,1019.3594,0.0
1783031580000,1019.3594,0.0
1783031640000,1019.3594,0.0
1783031700000,1019.3594,0.0
1783031760000,1019.3594,0.0
1783031820000,1019.3594,0.0
1783031880000,1019.3594,0.0
1783031940000,1019.3594,0.0
1783032000000,1019.3594,0.0
1783032060000,1019.3594,0.0
1783032120000,1019.3594,0.0
1783032180000,1019.3594,0.0
1783032240000,1019.3594,0.0
1783032300000,1019.3594,0.0
1783032360000,1019.3594,0.0
1783032420000,1019.3594,0.0
1783032480000,1019.3594,0.0
1783032540000,1019.3594,0.0
1783032600000,1019.3594,0.0
1783032660000,1019.3594,0.0
1783032720000,1019.3594,0.0
1783032780000,1019.3594,0.0
1783032840000,1019.3594,0.0
1783032900000,1019.3594,0.0
1783032960000,1019.3594,0.0
1783033020000,1019.3594,0.0
1783033080000,1019.3594,0.0
1783033140000,1019.3594,0.0
1783033200000,1019.3594,0.0
1783033260000,1019.3594,0.0
1783033320000,1019.3594,0.0
1783033380000,1019.3594,0.0
1783033440000,1019.3594,0.0
1783033500000,1019.3594,0.0
1783033560000,1019.3594,0.0
1783033620000,1019.3594,0.0
1783033680000,1019.3594,0.0
1783033740000,1019.3594,0.0
1783033800000,1019.3594,0.0
1783033860000,1019.3594,0.0
1783033920000,1019.3594,0.0
1783033980000,1019.3594,0.0
1783034040000,1019.3594,0.0
1783034100000,1019.3594,0.0
1783034160000,1019.3594,0.0
1783034220000,1019.3594,0.0
1783034280000,1019.3594,0.0
1783034340000,1019.3594,0.0
1783034400000,1019.3594,0.0
1783034460000,1019.3594,0.0
1783034520000,1019.3594,0.0
1783034580000,1019.3594,0.0
1783034640000,1019.3594,0.0
1783034700000,1019.3594,0.0
1783034760000,1019.3594,0.0
1783034820000,1019.3594,0.0
1783034880000,1019.3594,0.0
1783034940000,1019.3594,0.0
1783035000000,1019.3594,0.0
1783035060000,1019.3594,0.0
1783035120000,1019.3594,0.0
1783035180000,1019.3594,0.0
1783035240000,1019.3594,0.0
1783035300000,1019.3594,0.0
1783035360000,1019.3594,0.0
1783035420000,1019.3594,0.0
1783035480000,1019.3594,0.0
1783035540000,1019.3594,0.0
1783035600000,1019.3594,0.0
1783035660000,1019.3594,0.0
1783035720000,1019.3594,0.0
1783035780000,1019.3594,0.0
1783035840000,1019.3594,0.0
1783035900000,1019.3594,0.0
1783035960000,1019.3594,0.0
1783036020000,1019.3594,0.0
1783036080000,1019.3594,0.0
1783036140000,1019.3594,0.0
1783036200000,1019.3594,0.0
1783036260000,1019.3594,0.0
1783036320000,1019.3594,0.0
1783036380000,1019.3594,0.0
1783036440000,1019.3594,0.0
1783036500000,1019.3594,0.0
1783036560000,1019.3594,0.0
1783036620000,1019.3594,0.0
1783036680000,1019.3594,0.0
1783036740000,1019.3594,0.0
1783036800000,1019.3594,0.0
1783036860000,1019.3594,0.0
1783036920000,1019.3594,0.0
1783036980000,1019.3594,0.0
1783037040000,1019.3594,0.0
1783037100000,1019.3594,0.0
1783037160000,1019.3594,0.0
1783037220000,1019.3594,0.0
1783037280000,1019.3594,0.0
1783037340000,1019.3594,0.0
1783037400000,1019.3594,0.0
1783037460000,1019.3594,0.0
1783037520000,1019.3594,0.0
1783037580000,1019.3594,0.0
1783037640000,1019.3594,0.0
1783037700000,1019.3594,0.0
1783037760000,1019.3594,0.0
1783037820000,1019.3594,0.0
1783037880000,1019.3594,0.0
1783037940000,1019.3594,0.0
1783038000000,1019.3594,0.0
1783038060000,1019.3594,0.0
1783038120000,1019.3594,0.0
1783038180000,1019.3594,0.0
1783038240000,1019.3594,0.0
1783038300000,1019.3594,0.0
1783038360000,1019.3594,0.0
1783038420000,1019.3594,0.0
1783038480000,1019.3594,0.0
1783038540000,1019.3594,0.0
1783038600000,1019.3594,0.0
1783038660000,1019.3594,0.0
1783038720000,1019.3594,0.0
1783038780000,1019.3594,0.0
1783038840000,1019.3594,0.0
1783038900000,1019.3594,0.0
1783038960000,1019.3594,0.0
1783039020000,1019.3594,0.0
1783039080000,1019.3594,0.0
1783039140000,1019.3594,0.0
1783039200000,1019.3594,0.0
1783039260000,1019.3594,0.0
1783039320000,1019.3594,0.0
1783039380000,1019.3594,0.0
1783039440000,1019.3594,0.0
1783039500000,1019.3594,0.0
1783039560000,1019.3594,0.0
1783039620000,1019.3594,0.0
1783039680000,1019.3594,0.0
1783039740000,1019.3594,0.0
1783039800000,1019.3594,0.0
1783039860000,1019.3594,0.0
1783039920000,1019.3594,0.0
1783039980000,1019.3594,0.0
1783040040000,1019.3594,0.0
1783040100000,1019.3594,0.0
1783040160000,1019.3594,0.0
1783040220000,1019.3594,0.0
1783040280000,1019.3594,0.0
1783040340000,1019.3594,0.0
1783040400000,1019.3594,0.0
1783040460000,1019.3594,0.0
1783040520000,1019.3594,0.0
1783040580000,1019.3594,0.0
1783040640000,1019.3594,0.0
1783040700000,1019.3594,0.0
1783040760000,1019.3594,0.0
1783040820000,1019.3594,0.0
1783040880000,1019.3594,0.0
1783040940000,1019.3594,0.0
1783041000000,1019.3594,0.0
1783041060000,1019.3594,0.0
1783041120000,1019.3594,0.0
1783041180000,1019.3594,0.0
1783041240000,1019.3594,0.0
1783041300000,1019.3594,0.0
1783041360000,1019.3594,0.0
1783041420000,1019.3594,0.0
1783041480000,1019.3594,0.0
1783041540000,1019.3594,0.0
1783041600000,1019.3594,0.0
1783041660000,1019.3594,0.0
1783041720000,1019.3594,0.0
1783041780000,1019.3594,0.0
1783041840000,1019.3594,0.0
1783041900000,1019.3594,0.0
1783041960000,1019.3594,0.0
1783042020000,1019.3594,0.0
1783042080000,1019.3594,0.0
1783042140000,1019.3594,0.0
1783042200000,1019.3594,0.0
1783042260000,1019.3594,0.0
1783042320000,1019.3594,0.0
1783042380000,1019.3594,0.0
1783042440000,1019.3594,0.0
1783042500000,1019.3594,0.0
1783042560000,1019.3594,0.0
1783042620000,1019.3594,0.0
1783042680000,1019.3594,0.0
1783042740000,1019.3594,0.0
1783042800000,1019.3594,0.0
1783042860000,1019.3594,0.0
1783042920000,1019.3594,0.0
1783042980000,1019.3594,0.0
1783043040000,1019.3594,0.0
1783043100000,1019.3594,0.0
1783043160000,1019.3594,0.0
1783043220000,1019.3594,0.0
1783043280000,1019.3594,0.0
1783043340000,1019.3594,0.0
1783043400000,1019.3594,0.0
1783043460000,1019.3594,0.0
1783043520000,1019.3594,0.0
1783043580000,1019.3594,0.0
1783043640000,1019.3594,0.0
1783043700000,1019.3594,0.0
1783043760000,1019.3594,0.0
1783043820000,1019.3594,0.0
1783043880000,1019.3594,0.0
1783043940000,1019.3594,0.0
1783044000000,1019.3594,0.0
1783044060000,1019.3594,0.0
1783044120000,1019.3594,0.0
1783044180000,1019.3594,0.0
1783044240000,1019.3594,0.0
1783044300000,1019.3594,0.0
1783044360000,1019.3594,0.0
1783044420000,1019.3594,0.0
1783044480000,1019.3594,0.0
1783044540000,1019.3594,0.0
1783044600000,1019.3594,0.0
1783044660000,1019.3594,0.0
1783044720000,1019.3594,0.0
1783044780000,1019.3594,0.0
1783044840000,1019.3594,0.0
1783044900000,1019.3594,0.0
1783044960000,1019.3594,0.0
1783045020000,1019.3594,0.0
1783045080000,1019.3594,0.0
1783045140000,1019.3594,0.0
1783045200000,1019.3594,0.0
1783045260000,1019.3594,0.0
1783045320000,1019.3594,0.0
1783045380000,1019.3594,0.0
1783045440000,1019.3594,0.0
1783045500000,1019.3594,0.0
1783045560000,1019.3594,0.0
1783045620000,1019.3594,0.0
1783045680000,1019.3594,0.0
1783045740000,1019.3594,0.0
1783045800000,1019.3594,0.0
1783045860000,1019.3594,0.0
1783045920000,1019.3594,0.0
1783045980000,1019.3594,0.0
1783046040000,1019.3594,0.0
1783046100000,1019.3594,0.0
1783046160000,1019.3594,0.0
1783046220000,1019.3594,0.0
1783046280000,1019.3594,0.0
1783046340000,1019.3594,0.0
1783046400000,1019.3594,0.0
1783046460000,1019.3594,0.0
1783046520000,1019.3594,0.0
1783046580000,1019.3594,0.0
1783046640000,1019.3594,0.0
1783046700000,1019.3594,0.0
1783046760000,1019.3594,0.0
1783046820000,1019.3594,0.0
1783046880000,1019.3594,0.0
1783046940000,1019.3594,0.0
1783047000000,1019.3594,0.0
1783047060000,1019.3594,0.0
1783047120000,1019.3594,0.0
1783047180000,1019.3594,0.0
1783047240000,1019.3594,0.0
1783047300000,1019.3594,0.0
1783047360000,1019.3594,0.0
1783047420000,1019.3594,0.0
1783047480000,1019.3594,0.0
1783047540000,1019.3594,0.0
1783047600000,1019.3594,0.0
1783047660000,1019.3594,0.0
1783047720000,1019.3594,0.0
1783047780000,1019.3594,0.0
1783047840000,1019.3594,0.0
1783047900000,1019.3594,0.0
1783047960000,1019.3594,0.0
1783048020000,1019.3594,0.0
1783048080000,1019.3594,0.0
1783048140000,1019.3594,0.0
1783048200000,1019.3594,0.0
1783048260000,1019.3594,0.0
1783048320000,1019.3594,0.0
1783048380000,1019.3594,0.0
1783048440000,1019.3594,0.0
1783048500000,1019.3594,0.0
1783048560000,1019.3594,0.0
1783048620000,1019.3594,0.0
1783048680000,1019.3594,0.0
1783048740000,1019.3594,0.0
1783048800000,1019.3594,0.0
1783048860000,1019.3594,0.0
1783048920000,1019.3594,0.0
1783048980000,1019.3594,0.0
1783049040000,1019.3594,0.0
1783049100000,1019.3594,0.0
1783049160000,1019.3594,0.0
1783049220000,1019.3594,0.0
1783049280000,1019.3594,0.0
1783049340000,1019.3594,0.0
1783049400000,1019.3594,0.0
1783049460000,1019.3594,0.0
1783049520000,1019.3594,0.0
1783049580000,1019.3594,0.0
1783049640000,1019.3594,0.0
1783049700000,1019.3594,0.0
1783049760000,1019.3594,0.0
1783049820000,1019.3594,0.0
1783049880000,1019.3594,0.0
1783049940000,1019.3594,0.0
1783050000000,1019.3594,0.0
1783050060000,1019.3594,0.0
1783050120000,1019.3594,0.0
1783050180000,1019.3594,0.0
1783050240000,1019.3594,0.0
1783050300000,1019.3594,0.0
1783050360000,1019.3594,0.0
1783050420000,1019.3594,0.0
1783050480000,1019.3594,0.0
1783050540000,1019.3594,0.0
1783050600000,1019.3594,0.0
1783050660000,1019.3594,0.0
1783050720000,1019.3594,0.0
1783050780000,1019.3594,0.0
1783050840000,1019.3594,0.0
1783050900000,1019.3594,0.0
1783050960000,1019.3594,0.0
1783051020000,1019.3594,0.0
1783051080000,1019.3594,0.0
1783051140000,1019.3594,0.0
1783051200000,1019.3594,0.0
1783051260000,1019.3594,0.0
1783051320000,1019.3594,0.0
1783051380000,1019.3594,0.0
1783051440000,1019.3594,0.0
1783051500000,1019.3594,0.0
1783051560000,1019.3594,0.0
1783051620000,1019.3594,0.0
1783051680000,1019.3594,0.0
1783051740000,1019.3594,0.0
1783051800000,1019.3594,0.0
1783051860000,1019.3594,0.0
1783051920000,1019.3594,0.0
1783051980000,1019.3594,0.0
1783052040000,1019.3594,0.0
1783052100000,1019.3594,0.0
1783052160000,1019.3594,0.0
1783052220000,1019.3594,0.0
1783052280000,1019.3594,0.0
1783052340000,1019.3594,0.0
1783052400000,1019.3594,0.0
1783052460000,1019.3594,0.0
1783052520000,1019.3594,0.0
1783052580000,1019.3594,0.0
1783052640000,1019.3594,0.0
1783052700000,1019.3594,0.0
1783052760000,1019.3594,0.0
1783052820000,1019.3594,0.0
1783052880000,1019.3594,0.0
1783052940000,1019.3594,0.0
1783053000000,1019.3594,0.0
1783053060000,1019.3594,0.0
1783053120000,1019.3594,0.0
1783053180000,1019.3594,0.0
1783053240000,1019.3594,0.0
1783053300000,1019.3594,0.0
1783053360000,1019.3594,0.0
1783053420000,1019.3594,0.0
1783053480000,1019.3594,0.0
1783053540000,1019.3594,0.0
1783053600000,1019.3594,0.0
1783053660000,1019.3594,0.0
1783053720000,1019.3594,0.0
1783053780000,1019.3594,0.0
1783053840000,1019.3594,0.0
1783053900000,1019.3594,0.0
1783053960000,1019.3594,0.0
1783054020000,1019.3594,0.0
1783054080000,1019.3594,0.0
1783054140000,1019.3594,0.0
1783054200000,1019.3594,0.0
1783054260000,1019.3594,0.0
1783054320000,1019.3594,0.0
1783054380000,1019.3594,0.0
1783054440000,1019.3594,0.0
1783054500000,1019.3594,0.0
1783054560000,1019.3594,0.0
1783054620000,1019.3594,0.0
1783054680000,1019.3594,0.0
1783054740000,1019.3594,0.0
1783054800000,1019.3594,0.0
1783054860000,1019.3594,0.0
1783054920000,1019.3594,0.0
1783054980000,1019.3594,0.0
1783055040000,1019.3594,0.0
1783055100000,1019.3594,0.0
1783055160000,1019.3594,0.0
1783055220000,1019.3594,0.0
1783055280000,1019.3594,0.0
1783055340000,1019.3594,0.0
1783055400000,1019.3594,0.0
1783055460000,1019.3594,0.0
1783055520000,1019.3594,0.0
1783055580000,1019.3594,0.0
1783055640000,1019.3594,0.0
1783055700000,1019.3594,0.0
1783055760000,1019.3594,0.0
1783055820000,1019.3594,0.0
1783055880000,1019.3594,0.0
1783055940000,1019.3594,0.0
1783056000000,1019.3594,0.0
1783056060000,1019.3594,0.0
1783056120000,1019.3594,0.0
1783056180000,1019.3594,0.0
1783056240000,1019.3594,0.0
1783056300000,1019.3594,0.0
1783056360000,1019.3594,0.0
1783056420000,1019.3594,0.0
1783056480000,1019.3594,0.0
1783056540000,1019.3594,0.0
1783056600000,1019.3594,0.0
1783056660000,1019.3594,0.0
1783056720000,1019.3594,0.0
1783056780000,1019.3594,0.0
1783056840000,1019.3594,0.0
1783056900000,1019.3594,0.0
1783056960000,1019.3594,0.0
1783057020000,1019.3594,0.0
1783057080000,1019.3594,0.0
1783057140000,1019.3594,0.0
1783057200000,1019.3594,0.0
1783057260000,1019.3594,0.0
1783057320000,1019.3594,0.0
1783057380000,1019.3594,0.0
1783057440000,1019.3594,0.0
1783057500000,1019.3594,0.0
1783057560000,1019.3594,0.0
1783057620000,1019.3594,0.0
1783057680000,1019.3594,0.0
1783057740000,1019.3594,0.0
1783057800000,1019.3594,0.0
1783057860000,1019.3594,0.0
1783057920000,1019.3594,0.0
1783057980000,1019.3594,0.0
1783058040000,1019.3594,0.0
1783058100000,1019.3594,0.0
1783058160000,1019.3594,0.0
1783058220000,1019.3594,0.0
1783058280000,1019.3594,0.0
1783058340000,1019.3594,0.0
1783058400000,1019.3594,0.0
1783058460000,1019.3594,0.0
1783058520000,1019.3594,0.0
1783058580000,1019.3594,0.0
1783058640000,1019.3594,0.0
1783058700000,1019.3594,0.0
1783058760000,1019.3594,0.0
1783058820000,1019.3594,0.0
1783058880000,1019.3594,0.0
1783058940000,1019.3594,0.0
1783059000000,1019.3594,0.0
1783059060000,1019.3594,0.0
1783059120000,1019.3594,0.0
1783059180000,1019.3594,0.0
1783059240000,1019.3594,0.0
1783059300000,1019.3594,0.0
1783059360000,1019.3594,0.0
1783059420000,1019.3594,0.0
1783059480000,1019.3594,0.0
1783059540000,1019.3594,0.0
1783059600000,1019.3594,0.0
1783059660000,1019.3594,0.0
1783059720000,1019.3594,0.0
1783059780000,1019.3594,0.0
1783059840000,1019.3594,0.0
1783059900000,1019.3594,0.0
1783059960000,1019.3594,0.0
1783060020000,1019.3594,0.0
1783060080000,1019.3594,0.0
1783060140000,1019.3594,0.0
1783060200000,1019.3594,0.0
1783060260000,1019.3594,0.0
1783060320000,1019.3594,0.0
1783060380000,1019.3594,0.0
1783060440000,1019.3594,0.0
1783060500000,1019.3594,0.0
1783060560000,1019.3594,0.0
1783060620000,1019.3594,0.0
1783060680000,1019.3594,0.0
1783060740000,1019.3594,0.0
1783060800000,1019.3594,0.0
1783060860000,1019.3594,0.0
1783060920000,1019.3594,0.0
1783060980000,1019.3594,0.0
1783061040000,1019.3594,0.0
1783061100000,1019.3594,0.0
1783061160000,1019.3594,0.0
1783061220000,1019.3594,0.0
1783061280000,1019.3594,0.0
1783061340000,1019.3594,0.0
1783061400000,1019.3594,0.0
1783061460000,1019.3594,0.0
1783061520000,1019.3594,0.0
1783061580000,1019.3594,0.0
1783061640000,1019.3594,0.0
1783061700000,1019.3594,0.0
1783061760000,1019.3594,0.0
1783061820000,1019.3594,0.0
1783061880000,1019.3594,0.0
1783061940000,1019.3594,0.0
1783062000000,1019.3594,0.0
1783062060000,1019.3594,0.0
1783062120000,1019.3594,0.0
1783062180000,1019.3594,0.0
1783062240000,1019.3594,0.0
1783062300000,1019.3594,0.0
1783062360000,1019.3594,0.0
1783062420000,1019.3594,0.0
1783062480000,1019.3594,0.0
1783062540000,1019.3594,0.0
1783062600000,1019.3594,0.0
1783062660000,1019.3594,0.0
1783062720000,1019.3594,0.0
1783062780000,1019.3594,0.0
1783062840000,1019.3594,0.0
1783062900000,1019.3594,0.0
1783062960000,1019.3594,0.0
1783063020000,1019.3594,0.0
1783063080000,1019.3594,0.0
1783063140000,1019.3594,0.0
1783063200000,1019.3594,0.0
1783063260000,1019.3594,0.0
1783063320000,1019.3594,0.0
1783063380000,1019.3594,0.0
1783063440000,1019.3594,0.0
1783063500000,1019.3594,0.0
1783063560000,1019.3594,0.0
1783063620000,1019.3594,0.0
1783063680000,1019.3594,0.0
1783063740000,1019.3594,0.0
1783063800000,1019.3594,0.0
1783063860000,1019.3594,0.0
1783063920000,1019.3594,0.0
1783063980000,1019.3594,0.0
1783064040000,1019.3594,0.0
1783064100000,1019.3594,0.0
1783064160000,1019.3594,0.0
1783064220000,1019.3594,0.0
1783064280000,1019.3594,0.0
1783064340000,1019.3594,0.0
1783064400000,1019.3594,0.0
1783064460000,1019.3594,0.0
1783064520000,1019.3594,0.0
1783064580000,1019.3594,0.0
1783064640000,1019.3594,0.0
1783064700000,1019.3594,0.0
1783064760000,1019.3594,0.0
1783064820000,1019.3594,0.0
1783064880000,1019.3594,0.0
1783064940000,1019.3594,0.0
1783065000000,1019.3594,0.0
1783065060000,1019.3594,0.0
1783065120000,1019.3594,0.0
1783065180000,1019.3594,0.0
1783065240000,1019.3594,0.0
1783065300000,1019.3594,0.0
1783065360000,1019.3594,0.0
1783065420000,1019.3594,0.0
1783065480000,1019.3594,0.0
1783065540000,1019.3594,0.0
1783065600000,1019.3594,0.0
1783065660000,1019.3594,0.0
1783065720000,1019.3594,0.0
1783065780000,1019.3594,0.0
1783065840000,1019.3594,0.0
1783065900000,1019.3594,0.0
1783065960000,1019.3594,0.0
1783066020000,1019.3594,0.0
1783066080000,1019.3594,0.0
1783066140000,1019.3594,0.0
1783066200000,1019.3594,0.0
1783066260000,1019.3594,0.0
1783066320000,1019.3594,0.0
1783066380000,1019.3594,0.0
1783066440000,1019.3594,0.0
1783066500000,1019.3594,0.0
1783066560000,1019.3594,0.0
1783066620000,1019.3594,0.0
1783066680000,1019.3594,0.0
1783066740000,1019.3594,0.0
1783066800000,1019.3594,0.0
1783066860000,1019.3594,0.0
1783066920000,1019.3594,0.0
1783066980000,1019.3594,0.0
1783067040000,1019.3594,0.0
1783067100000,1019.3594,0.0
1783067160000,1019.3594,0.0
1783067220000,1019.3594,0.0
1783067280000,1019.3594,0.0
1783067340000,1019.3594,0.0
1783067400000,1019.3594,0.0
1783067460000,1019.3594,0.0
1783067520000,1019.3594,0.0
1783067580000,1019.3594,0.0
1783067640000,1019.3594,0.0
1783067700000,1019.3594,0.0
1783067760000,1019.3594,0.0
1783067820000,1019.3594,0.0
1783067880000,1019.3594,0.0
1783067940000,1019.3594,0.0
1783068000000,1019.3594,0.0
1783068060000,1019.3594,0.0
1783068120000,1019.3594,0.0
1783068180000,1041.65,0.0
1783069680000,1041.65,0.0
1783069740000,1041.65,0.0
1783069800000,1041.65,0.0
1783069860000,1041.65,0.0
1783069920000,1041.65,0.0
1783069980000,1041.65,0.0
1783070040000,1041.65,0.0
1783070100000,1041.65,0.0
1783070160000,1041.65,0.0
1783070220000,1041.65,0.0
1783070280000,1041.65,0.0
1783070340000,1041.65,0.0
1783070400000,1041.65,0.0
1783070460000,1041.65,0.0
1783070520000,1041.65,0.0
1783070580000,1041.65,0.0
1783070640000,1041.65,0.0
1783070700000,1041.65,0.0
1783070760000,1041.65,0.0
1783070820000,1041.65,0.0
1783070880000,1041.65,0.0
1783070940000,1041.65,0.0
1783071000000,1041.65,0.0
1783071060000,1041.65,0.0
1783071120000,1041.65,0.0
1783071180000,1041.65,0.0
1783071240000,1041.65,0.0
1783071300000,1041.65,0.0
1783071360000,1041.65,0.0
1783071420000,1041.65,0.0
1783071480000,1041.65,0.0
1783071540000,1041.65,0.0
1783071600000,1041.65,0.0
1783071660000,1041.65,0.0
1783071720000,1041.65,0.0
1783071780000,1041.65,0.0
1783071840000,1041.65,0.0
1783071900000,1041.65,0.0
1783071960000,1041.65,0.0
1783072020000,1041.65,0.0
1783072080000,1041.65,0.0
1783072140000,1041.65,0.0
1783072200000,1041.65,0.0
1783072260000,1041.65,0.0
1783072320000,1041.65,0.0
1783072380000,1041.65,0.0
1783072440000,1041.65,0.0
1783072500000,1041.65,0.0
1783072560000,1041.65,0.0
1783072620000,1041.65,0.0
1783072680000,1041.65,0.0
1783072740000,1041.65,0.0
1783072800000,1041.65,0.0
1783072860000,1041.65,0.0
1783072920000,1041.65,0.0
1783072980000,1041.65,0.0
1783073040000,1041.65,0.0
1783073100000,1041.65,0.0
1783073160000,1041.65,0.0
1783073220000,1041.65,0.0
1783073280000,1041.65,0.0
1783073340000,1041.65,0.0
1783073400000,1041.65,0.0
1783073460000,1041.65,0.0
1783073520000,1041.65,0.0
1783073580000,1041.65,0.0
1783073640000,1041.65,0.0
1783073700000,1041.65,0.0
1783073760000,1041.65,0.0
1783073820000,1041.65,0.0
1783073880000,1041.65,0.0
1783073940000,1041.65,0.0
1783074000000,1041.65,0.0
1783074060000,1041.65,0.0
1783074120000,1041.65,0.0
1783074180000,1041.65,0.0
1783074240000,1041.65,0.0
1783074300000,1041.65,0.0
1783074360000,1041.65,0.0
1783074420000,1041.65,0.0
1783074480000,1041.65,0.0
1783074540000,1041.65,0.0
1783074600000,1041.65,0.0
1783074660000,1041.65,0.0
1783074720000,1041.65,0.0
1783074780000,1041.65,0.0
1783074840000,1041.65,0.0
1783074900000,1041.65,0.0
1783074960000,1041.65,0.0
1783075020000,1041.65,0.0
1783075080000,1041.65,0.0
1783075140000,1041.65,0.0
1783075200000,1041.65,0.0
1783075260000,1041.65,0.0
1783075320000,1041.65,0.0
1783075380000,1041.65,0.0
1783075440000,1041.65,0.0
1783075500000,1041.65,0.0
1783075560000,1041.65,0.0
1783075620000,1041.65,0.0
1783075680000,1041.65,0.0
1783075740000,1041.65,0.0
1783075800000,1041.65,0.0
1783075860000,1041.65,0.0
1783075920000,1041.65,0.0
1783075980000,1041.65,0.0
1783076040000,1041.65,0.0
1783076100000,1041.65,0.0
1783076160000,1041.65,0.0
1783076220000,1041.65,0.0
1783076280000,1041.65,0.0
1783076340000,1041.65,0.0
1783076400000,1041.65,0.0
1783076460000,1041.65,0.0
1783076520000,1041.65,0.0
1783076580000,1041.65,0.0
1783076640000,1041.65,0.0
1783076700000,1041.65,0.0
1783076760000,1041.65,0.0
1783076820000,1041.65,0.0
1783076880000,1041.65,0.0
1783076940000,1041.65,0.0
1783077000000,1041.65,0.0
1783077060000,1041.65,0.0
1783077120000,1041.65,0.0
1783077180000,1041.65,0.0
1783077240000,1041.65,0.0
1783077300000,1041.65,0.0
1783077360000,1041.65,0.0
1783077420000,1041.65,0.0
1783077480000,1041.65,0.0
1783077540000,1041.65,0.0
1783077600000,1041.65,0.0
1783077660000,1041.65,0.0
1783077720000,1041.65,0.0
1783077780000,1041.65,0.0
1783077840000,1041.65,0.0
1783077900000,1041.65,0.0
1783077960000,1041.65,0.0
1783078020000,1041.65,0.0
1783078080000,1041.65,0.0
1783078140000,1041.65,0.0
1783078200000,1041.65,0.0
1783078260000,1041.65,0.0
1783078320000,1041.65,0.0
1783078380000,1041.65,0.0
1783078440000,1041.65,0.0
1783078500000,1041.65,0.0
1783078560000,1041.65,0.0
1783078620000,1041.65,0.0
1783078680000,1041.65,0.0
1783078740000,1041.65,0.0
1783078800000,1041.65,0.0
1783078860000,1041.65,0.0
1783078920000,1041.65,0.0
1783078980000,1041.65,0.0
1783079040000,1041.65,0.0
1783079100000,1041.65,0.0
1783079160000,1041.65,0.0
1783079220000,1041.65,0.0
1783079280000,1041.65,0.0
1783079340000,1041.65,0.0
1783079400000,1041.65,0.0
1783079460000,1041.65,0.0
1783079520000,1041.65,0.0
1783079580000,1041.65,0.0
1783079640000,1041.65,0.0
1783079700000,1041.65,0.0
1783079760000,1041.65,0.0
1783079820000,1041.65,0.0
1783079880000,1041.65,0.0
1783079940000,1041.65,0.0
1783080000000,1041.65,0.0
1783080060000,1041.65,0.0
1783080120000,1041.65,0.0
1783080180000,1041.65,0.0
1783080240000,1041.65,0.0
1783080300000,1041.65,0.0
1783080360000,1041.65,0.0
1783080420000,1041.65,0.0
1783080480000,1041.65,0.0
1783080540000,1041.65,0.0
1783080600000,1041.65,0.0
1783080660000,1041.65,0.0
1783080720000,1041.65,0.0
1783080780000,1041.65,0.0
1783080840000,1041.65,0.0
1783080900000,1041.65,0.0
1783080960000,1041.65,0.0
1783081020000,1041.65,0.0
1783081080000,1041.65,0.0
1783081140000,1041.65,0.0
1783081200000,1041.65,0.0
1783081260000,1041.65,0.0
1783081320000,1041.65,0.0
1783081380000,1041.65,0.0
1783081440000,1041.65,0.0
1783081500000,1041.65,0.0
1783081560000,1041.65,0.0
1783081620000,1041.65,0.0
1783081680000,1041.65,0.0
1783081740000,1041.65,0.0
1783081800000,1041.65,0.0
1783081860000,1041.65,0.0
1783081920000,1041.65,0.0
1783081980000,1041.65,0.0
1783082040000,1041.65,0.0
1783082100000,1041.65,0.0
1783082160000,1041.65,0.0
1783082220000,1041.65,0.0
1783082280000,1041.65,0.0
1783082340000,1041.65,0.0
1783082400000,1041.65,0.0
1783082460000,1041.65,0.0
1783082520000,1041.65,0.0
1783082580000,1041.65,0.0
1783082640000,1041.65,0.0
1783082700000,1041.65,0.0
1783082760000,1041.65,0.0
1783082820000,1041.65,0.0
1783082880000,1041.65,0.0
1783082940000,1041.65,0.0
1783083000000,1041.65,0.0
1783083060000,1041.65,0.0
1783083120000,1041.65,0.0
1783083180000,1041.65,0.0
1783083240000,1041.65,0.0
1783083300000,1041.65,0.0
1783083360000,1041.65,0.0
1783083420000,1041.65,0.0
1783083480000,1041.65,0.0
1783083540000,1041.65,0.0
1783083600000,1041.65,0.0
1783083660000,1041.65,0.0
1783083720000,1041.65,0.0
1783083780000,1041.65,0.0
1783083840000,1041.65,0.0
1783083900000,1041.65,0.0
1783083960000,1041.65,0.0
1783084020000,1041.65,0.0
1783084080000,1041.65,0.0
1783084140000,1041.65,0.0
1783084200000,1041.65,0.0
1783084260000,1041.65,0.0
1783084320000,1041.65,0.0
1783084380000,1041.65,0.0
1783084440000,1041.65,0.0
1783084500000,1041.65,0.0
1783084560000,1041.65,0.0
1783084620000,1041.65,0.0
1783084680000,1041.65,0.0
1783084740000,1041.65,0.0
1783084800000,1041.65,0.0
1783084860000,1041.65,0.0
1783084920000,1041.65,0.0
1783084980000,1041.65,0.0
1783085040000,1041.65,0.0
1783085100000,1041.65,0.0
1783085160000,1041.65,0.0
1783085220000,1041.65,0.0
1783085280000,1041.65,0.0
1783085340000,1041.65,0.0
1783085400000,1041.65,0.0
1783085460000,1041.65,0.0
1783085520000,1041.65,0.0
1783085580000,1041.65,0.0
1783085640000,1041.65,0.0
1783085700000,1041.65,0.0
1783085760000,1041.65,0.0
1783085820000,1041.65,0.0
1783085880000,1041.65,0.0
1783085940000,1041.65,0.0
1783086000000,1041.65,0.0
1783086060000,1041.65,0.0
1783086120000,1041.65,0.0
1783086180000,1041.65,0.0
1783086240000,1041.65,0.0
1783086300000,1041.65,0.0
1783086360000,1041.65,0.0
1783086420000,1041.65,0.0
1783086480000,1041.65,0.0
1783086540000,1041.65,0.0
1783086600000,1041.65,0.0
1783086660000,1041.65,0.0
1783086720000,1041.65,0.0
1783086780000,1041.65,0.0
1783086840000,1041.65,0.0
1783086900000,1041.65,0.0
1783086960000,1041.65,0.0
1783087020000,1041.65,0.0
1783087080000,1041.65,0.0
1783087140000,1041.65,0.0
1783087200000,1041.65,0.0
1783087260000,1041.65,0.0
1783087320000,1041.65,0.0
1783087380000,1041.65,0.0
1783087440000,1041.65,0.0
1783087500000,1041.65,0.0
1783087560000,1041.65,0.0
1783087620000,1041.65,0.0
1783087680000,1041.65,0.0
1783087740000,1041.65,0.0
1783087800000,1041.65,0.0
1783087860000,1041.65,0.0
1783087920000,1041.65,0.0
1783087980000,1041.65,0.0
1783088040000,1041.65,0.0
1783088100000,1041.65,0.0
1783088160000,1041.65,0.0
1783088220000,1041.65,0.0
1783088280000,1041.65,0.0
1783088340000,1041.65,0.0
1783088400000,1041.65,0.0
1783088460000,1041.65,0.0
1783088520000,1041.65,0.0
1783088580000,1041.65,0.0
1783088640000,1041.65,0.0
1783088700000,1041.65,0.0
1783088760000,1041.65,0.0
1783088820000,1041.65,0.0
1783088880000,1041.65,0.0
1783088940000,1041.65,0.0
1783089000000,1041.65,0.0
1783089060000,1041.65,0.0
1783089120000,1041.65,0.0
1783089180000,1041.65,0.0
1783089240000,1041.65,0.0
1783089300000,1041.65,0.0
1783089360000,1041.65,0.0
1783089420000,1041.65,0.0
1783089480000,1041.65,0.0
1783089540000,1041.65,0.0
1783089600000,1041.65,0.0
1783089660000,1041.65,0.0
1783089720000,1041.65,0.0
1783089780000,1041.65,0.0
1783089840000,1041.65,0.0
1783089900000,1041.65,0.0
1783089960000,1041.65,0.0
1783090020000,1041.65,0.0
1783090080000,1041.65,0.0
1783090140000,1041.65,0.0
1783090200000,1041.65,0.0
1783090260000,1041.65,0.0
1783090320000,1041.65,0.0
1783090380000,1041.65,0.0
1783090440000,1041.65,0.0
1783090500000,1041.65,0.0
1783090560000,1041.65,0.0
1783090620000,1041.65,0.0
1783090680000,1041.65,0.0
1783090740000,1041.65,0.0
1783090800000,1041.65,0.0
1783090860000,1041.65,0.0
1783090920000,1041.65,0.0
1783090980000,1041.65,0.0
1783091040000,1041.65,0.0
1783091100000,1041.65,0.0
1783091160000,1041.65,0.0
1783091220000,1041.65,0.0
1783091280000,1041.65,0.0
1783091340000,1041.65,0.0
1783091400000,1041.65,0.0
1783091460000,1041.65,0.0
1783091520000,1041.65,0.0
1783091580000,1041.65,0.0
1783091640000,1041.65,0.0
1783091700000,1041.65,0.0
1783091760000,1041.65,0.0
1783091820000,1041.65,0.0
1783091880000,1041.65,0.0
1783091940000,1041.65,0.0
1783092000000,1041.65,0.0
1783092060000,1041.65,0.0
1783092120000,1041.65,0.0
1783092180000,1041.65,0.0
1783092240000,1041.65,0.0
1783092300000,1041.65,0.0
1783092360000,1041.65,0.0
1783092420000,1041.65,0.0
1783092480000,1041.65,0.0
1783092540000,1041.65,0.0
1783092600000,1041.65,0.0
1783092660000,1041.65,0.0
1783092720000,1041.65,0.0
1783092780000,1041.65,0.0
1783092840000,1041.65,0.0
1783092900000,1041.65,0.0
1783092960000,1041.65,0.0
1783093020000,1041.65,0.0
1783093080000,1041.65,0.0
1783093140000,1041.65,0.0
1783093200000,1041.65,0.0
1783093260000,1041.65,0.0
1783093320000,1041.65,0.0
1783093380000,1041.65,0.0
1783093440000,1041.65,0.0
1783093500000,1041.65,0.0
1783093560000,1041.65,0.0
1783093620000,1041.65,0.0
1783093680000,1041.65,0.0
1783093740000,1041.65,0.0
1783093800000,1041.65,0.0
1783093860000,1041.65,0.0
1783093920000,1041.65,0.0
1783093980000,1041.65,0.0
1783094040000,1041.65,0.0
1783094100000,1041.65,0.0
1783094160000,1041.65,0.0
1783094220000,1041.65,0.0
1783094280000,1041.65,0.0
1783094340000,1041.65,0.0
1783094400000,1041.65,0.0
1783094460000,1041.65,0.0
1783094520000,1041.65,0.0
1783094580000,1041.65,0.0
1783094640000,1041.65,0.0
1783094700000,1041.65,0.0
1783094760000,1041.65,0.0
1783094820000,1041.65,0.0
1783094880000,1041.65,0.0
1783094940000,1041.65,0.0
1783095000000,1041.65,0.0
1783095060000,1041.65,0.0
1783095120000,1041.65,0.0
1783095180000,1041.65,0.0
1783095240000,1041.65,0.0
1783095300000,1041.65,0.0
1783095360000,1041.65,0.0
1783095420000,1041.65,0.0
1783095480000,1041.65,0.0
1783095540000,1041.65,0.0
1783095600000,1041.65,0.0
1783095660000,1041.65,0.0
1783095720000,1041.65,0.0
1783095780000,1041.65,0.0
1783095840000,1041.65,0.0
1783095900000,1041.65,0.0
1783095960000,1041.65,0.0
1783096020000,1041.65,0.0
1783096080000,1041.65,0.0
1783096140000,1041.65,0.0
1783096200000,1041.65,0.0
1783096260000,1041.65,0.0
1783096320000,1041.65,0.0
1783096380000,1041.65,0.0
1783096440000,1041.65,0.0
1783096500000,1041.65,0.0
1783096560000,1041.65,0.0
1783096620000,1041.65,0.0
1783096680000,1041.65,0.0
1783096740000,1041.65,0.0
1783096800000,1041.65,0.0
1783096860000,1041.65,0.0
1783096920000,1041.65,0.0
1783096980000,1041.65,0.0
1783097040000,1041.65,0.0
1783097100000,1041.65,0.0
1783097160000,1041.65,0.0
1783097220000,1041.65,0.0
1783097280000,1041.65,0.0
1783097340000,1041.65,0.0
1783097400000,1041.65,0.0
1783097460000,1041.65,0.0
1783097520000,1041.65,0.0
1783097580000,1041.65,0.0
1783097640000,1041.65,0.0
1783097700000,1041.65,0.0
1783097760000,1041.65,0.0
1783097820000,1041.65,0.0
1783097880000,1041.65,0.0
1783097940000,1041.65,0.0
1783098000000,1041.65,0.0
1783098060000,1041.65,0.0
1783098120000,1041.65,0.0
1783098180000,1041.65,0.0
1783098240000,1041.65,0.0
1783098300000,1041.65,0.0
1783098360000,1041.65,0.0
1783098420000,1041.65,0.0
1783098480000,1041.65,0.0
1783098540000,1041.65,0.0
1783098600000,1041.65,0.0
1783098660000,1041.65,0.0
1783098720000,1041.65,0.0
1783098780000,1041.65,0.0
1783098840000,1041.65,0.0
1783098900000,1041.65,0.0
1783098960000,1041.65,0.0
1783099020000,1041.65,0.0
1783099080000,1041.65,0.0
1783099140000,1041.65,0.0
1783099200000,1041.65,0.0
1783099260000,1041.65,0.0
1783099320000,1041.65,0.0
1783099380000,1041.65,0.0
1783099440000,1041.65,0.0
1783099500000,1041.65,0.0
1783099560000,1041.65,0.0
1783099620000,1041.65,0.0
1783099680000,1041.65,0.0
1783099740000,1041.65,0.0
1783099800000,1041.65,0.0
1783099860000,1041.65,0.0
1783099920000,1041.65,0.0
1783099980000,1041.65,0.0
1783100040000,1041.65,0.0
1783100100000,1041.65,0.0
1783100160000,1041.65,0.0
1783100220000,1041.65,0.0
1783100280000,1041.65,0.0
1783100340000,1041.65,0.0
1783100400000,1041.65,0.0
1783100460000,1041.65,0.0
1783100520000,1041.65,0.0
1783100580000,1041.65,0.0
1783100640000,1041.65,0.0
1783100700000,1041.65,0.0
1783100760000,1041.65,0.0
1783100820000,1041.65,0.0
1783100880000,1041.65,0.0
1783100940000,1041.65,0.0
1783101000000,1041.65,0.0
1783101060000,1041.65,0.0
1783101120000,1041.65,0.0
1783101180000,1041.65,0.0
1783101240000,1041.65,0.0
1783101300000,1041.65,0.0
1783101360000,1041.65,0.0
1783101420000,1041.65,0.0
1783101480000,1041.65,0.0
1783101540000,1041.65,0.0
1783101600000,1041.65,0.0
1783101660000,1041.65,0.0
1783101720000,1041.65,0.0
1783101780000,1041.65,0.0
1783101840000,1041.65,0.0
1783101900000,1041.65,0.0
1783101960000,1041.65,0.0
1783102020000,1041.65,0.0
1783102080000,1041.65,0.0
1783102140000,1041.65,0.0
1783102200000,1041.65,0.0
1783102260000,1041.65,0.0
1783102320000,1041.65,0.0
1783102380000,1041.65,0.0
1783102440000,1041.65,0.0
1783102500000,1041.65,0.0
1783102560000,1041.65,0.0
1783102620000,1041.65,0.0
1783102680000,1041.65,0.0
1783102740000,1041.65,0.0
1783102800000,1041.65,0.0
1783102860000,1041.65,0.0
1783102920000,1041.65,0.0
1783102980000,1041.65,0.0
1783103040000,1041.65,0.0
1783103100000,1041.65,0.0
1783103160000,1041.65,0.0
1783103220000,1041.65,0.0
1783103280000,1041.65,0.0
1783103340000,1041.65,0.0
1783103400000,1041.65,0.0
1783103460000,1041.65,0.0
1783103520000,1041.65,0.0
1783103580000,1041.65,0.0
1783103640000,1041.65,0.0
1783103700000,1041.65,0.0
1783103760000,1041.65,0.0
1783103820000,1041.65,0.0
1783103880000,1041.65,0.0
1783103940000,1041.65,0.0
1783104000000,1041.65,0.0
1783104060000,1041.65,0.0
1783104120000,1041.65,0.0
1783104180000,1041.65,0.0
1783104240000,1041.65,0.0
1783104300000,1041.65,0.0
1783104360000,1041.65,0.0
1783104420000,1041.65,0.0
1783104480000,1041.65,0.0
1783104540000,1041.65,0.0
1783104600000,1041.65,0.0
1783104660000,1041.65,0.0
1783104720000,1041.65,0.0
1783104780000,1041.65,0.0
1783104840000,1041.65,0.0
1783104900000,1041.65,0.0
1783104960000,1041.65,0.0
1783105020000,1041.65,0.0
1783105080000,1041.65,0.0
1783105140000,1041.65,0.0
1783105200000,1041.65,0.0
1783105260000,1041.65,0.0
1783105320000,1041.65,0.0
1783105380000,1041.65,0.0
1783105440000,1041.65,0.0
1783105500000,1041.65,0.0
1783105560000,1041.65,0.0
1783105620000,1041.65,0.0
1783105680000,1041.65,0.0
1783105740000,1041.65,0.0
1783105800000,1041.65,0.0
1783105860000,1041.65,0.0
1783105920000,1041.65,0.0
1783105980000,1041.65,0.0
1783106040000,1041.65,0.0
1783106100000,1041.65,0.0
1783106160000,1041.65,0.0
1783106220000,1041.65,0.0
1783106280000,1041.65,0.0
1783106340000,1041.65,0.0
1783106400000,1041.65,0.0
1783106460000,1041.65,0.0
1783106520000,1041.65,0.0
1783106580000,1041.65,0.0
1783106640000,1041.65,0.0
1783106700000,1041.65,0.0
1783106760000,1041.65,0.0
1783106820000,1041.65,0.0
1783106880000,1041.65,0.0
1783106940000,1041.65,0.0
1783107000000,1041.65,0.0
1783107060000,1041.65,0.0
1783107120000,1041.65,0.0
1783107180000,1041.65,0.0
1783107240000,1041.65,0.0
1783107300000,1041.65,0.0
1783107360000,1041.65,0.0
1783107420000,1041.65,0.0
1783107480000,1041.65,0.0
1783107540000,1041.65,0.0
1783107600000,1041.65,0.0
1783107660000,1041.65,0.0
1783107720000,1041.65,0.0
1783107780000,1041.65,0.0
1783107840000,1041.65,0.0
1783107900000,1041.65,0.0
1783107960000,1041.65,0.0
1783108020000,1041.65,0.0
1783108080000,1041.65,0.0
1783108140000,1041.65,0.0
1783108200000,1041.65,0.0
1783108260000,1041.65,0.0
1783108320000,1041.65,0.0
1783108380000,1041.65,0.0
1783108440000,1041.65,0.0
1783108500000,1041.65,0.0
1783108560000,1041.65,0.0
1783108620000,1041.65,0.0
1783108680000,1041.65,0.0
1783108740000,1041.65,0.0
1783108800000,1041.65,0.0
1783108860000,1041.65,0.0
1783108920000,1041.65,0.0
1783108980000,1041.65,0.0
1783109040000,1041.65,0.0
1783109100000,1041.65,0.0
1783109160000,1041.65,0.0
1783109220000,1041.65,0.0
1783109280000,1041.65,0.0
1783109340000,1041.65,0.0
1783109400000,1041.65,0.0
1783109460000,1041.65,0.0
1783109520000,1041.65,0.0
1783109580000,1041.65,0.0
1783109640000,1041.65,0.0
1783109700000,1041.65,0.0
1783109760000,1041.65,0.0
1783109820000,1041.65,0.0
1783109880000,1041.65,0.0
1783109940000,1041.65,0.0
1783110000000,1041.65,0.0
1783110060000,1041.65,0.0
1783110120000,1041.65,0.0
1783110180000,1041.65,0.0
1783110240000,1041.65,0.0
1783110300000,1041.65,0.0
1783110360000,1059.6266,0.0
1783173720000,1059.6266,0.0
1783173780000,1059.6266,0.0
1783173840000,1059.6266,0.0
1783173900000,1059.6266,0.0
1783173960000,1059.6266,0.0
1783174020000,1059.6266,0.0
1783174080000,1059.6266,0.0
1783174140000,1059.6266,0.0
1783174200000,1059.6266,0.0
1783174260000,1059.6266,0.0
1783174320000,1059.6266,0.0
1783174380000,1059.6266,0.0
1783174440000,1059.6266,0.0
1783174500000,1059.6266,0.0
1783174560000,1059.6266,0.0
1783174620000,1059.6266,0.0
1783174680000,1059.6266,0.0
1783174740000,1059.6266,0.0
1783174800000,1059.6266,0.0
1783174860000,1059.6266,0.0
1783174920000,1059.6266,0.0
1783174980000,1059.6266,0.0
1783175040000,1059.6266,0.0
1783175100000,1059.6266,0.0
1783175160000,1059.6266,0.0
1783175220000,1059.6266,0.0
1783175280000,1059.6266,0.0
1783175340000,1059.6266,0.0
1783175400000,1059.6266,0.0
1783175460000,1059.6266,0.0
1783175520000,1059.6266,0.0
1783175580000,1059.6266,0.0
1783175640000,1059.6266,0.0
1783175700000,1059.6266,0.0
1783175760000,1059.6266,0.0
1783175820000,1059.6266,0.0
1783175880000,1059.6266,0.0
1783175940000,1059.6266,0.0
1783176000000,1059.6266,0.0
1783176060000,1059.6266,0.0
1783176120000,1059.6266,0.0
1783176180000,1059.6266,0.0
1783176240000,1059.6266,0.0
1783176300000,1059.6266,0.0
1783176360000,1059.6266,0.0
1783176420000,1059.6266,0.0
1783176480000,1059.6266,0.0
1783176540000,1059.6266,0.0
1783176600000,1059.6266,0.0
1783176660000,1059.6266,0.0
1783176720000,1059.6266,0.0
1783176780000,1059.6266,0.0
1783176840000,1059.6266,0.0
1783176900000,1059.6266,0.0
1783176960000,1059.6266,0.0
1783177020000,1059.6266,0.0
1783177080000,1059.6266,0.0
1783177140000,1059.6266,0.0
1783177200000,1059.6266,0.0
1783177260000,1059.6266,0.0
1783177320000,1059.6266,0.0
1783177380000,1059.6266,0.0
1783177440000,1059.6266,0.0
1783177500000,1069.8251,0.0
1783186080000,1069.8251,0.0
1783186140000,1069.8251,0.0
1783186200000,1069.8251,0.0
1783186260000,1069.8251,0.0
1783186320000,1069.8251,0.0
1783186380000,1069.8251,0.0
1783186440000,1069.8251,0.0
1783186500000,1069.8251,0.0
1783186560000,1069.8251,0.0
1783186620000,1069.8251,0.0
1783186680000,1069.8251,0.0
1783186740000,1069.8251,0.0
1783186800000,1069.8251,0.0
1783186860000,1069.8251,0.0
1783186920000,1069.8251,0.0
1783186980000,1069.8251,0.0
1783187040000,1069.8251,0.0
1783187100000,1069.8251,0.0
1783187160000,1069.8251,0.0
1783187220000,1069.8251,0.0
1783187280000,1069.8251,0.0
1783187340000,1069.8251,0.0
1783187400000,1080.2052,0.0
1783244460000,1080.2052,0.0
1783244520000,1080.2052,0.0
1783244580000,1080.2052,0.0
1783244640000,1080.2052,0.0
1783244700000,1080.2052,0.0
1783244760000,1080.2052,0.0
1783244820000,1080.2052,0.0
1783244880000,1080.2052,0.0
1783244940000,1080.2052,0.0
1783245000000,1080.2052,0.0
1783245060000,1080.2052,0.0
1783245120000,1080.2052,0.0
1783245180000,1080.2052,0.0
1783245240000,1080.2052,0.0
1783245300000,1080.2052,0.0
1783245360000,1080.2052,0.0
1783245420000,1080.2052,0.0
1783245480000,1080.2052,0.0
1783245540000,1080.2052,0.0
1783245600000,1080.2052,0.0
1783245660000,1080.2052,0.0
1783245720000,1080.2052,0.0
1783245780000,1080.2052,0.0
1783245840000,1080.2052,0.0
1783245900000,1080.2052,0.0
1783245960000,1080.2052,0.0
1783246020000,1080.2052,0.0
1783246080000,1080.2052,0.0
1783246140000,1080.2052,0.0
1783246200000,1080.2052,0.0
1783246260000,1080.2052,0.0
1783246320000,1080.2052,0.0
1783246380000,1080.2052,0.0
1783246440000,1080.2052,0.0
1783246500000,1080.2052,0.0
1783246560000,1080.2052,0.0
1783246620000,1080.2052,0.0
1783246680000,1080.2052,0.0
1783246740000,1080.2052,0.0
1783246800000,1080.2052,0.0
1783246860000,1080.2052,0.0
1783246920000,1080.2052,0.0
1783246980000,1080.2052,0.0
1783247040000,1080.2052,0.0
1783247100000,1080.2052,0.0
1783247160000,1080.2052,0.0
1783247220000,1080.2052,0.0
1783247280000,1080.2052,0.0
1783247340000,1080.2052,0.0
1783247400000,1080.2052,0.0
1783247460000,1080.2052,0.0
1783247520000,1080.2052,0.0
1783247580000,1080.2052,0.0
1783247640000,1080.2052,0.0
1783247700000,1080.2052,0.0
1783247760000,1080.2052,0.0
1783247820000,1080.2052,0.0
1783247880000,1080.2052,0.0
1783247940000,1080.2052,0.0
1783248000000,1080.2052,0.0
1783248060000,1080.2052,0.0
1783248120000,1080.2052,0.0
1783248180000,1080.2052,0.0
1783248240000,1080.2052,0.0
1783248300000,1080.2052,0.0
1783248360000,1080.2052,0.0
1783248420000,1080.2052,0.0
1783248480000,1080.2052,0.0
1783248540000,1080.2052,0.0
1783248600000,1080.2052,0.0
1783248660000,1080.2052,0.0
1783248720000,1080.2052,0.0
1783248780000,1080.2052,0.0
1783248840000,1080.2052,0.0
1783248900000,1080.2052,0.0
1783248960000,1080.2052,0.0
1783249020000,1080.2052,0.0
1783249080000,1080.2052,0.0
1783249140000,1080.2052,0.0
1783249200000,1070.493,0.9
1783339560000,1070.493,0.9
1783339620000,1070.493,0.9
1783339680000,1070.493,0.9
1783339740000,1070.493,0.9
1783339800000,1070.493,0.9
1783339860000,1070.493,0.9
1783339920000,1070.493,0.9
1783339980000,1070.493,0.9
1783340040000,1070.493,0.9
1783340100000,1070.493,0.9
1783340160000,1070.493,0.9
1783340220000,1070.493,0.9
1783340280000,1070.493,0.9
1783340340000,1070.493,0.9
1783340400000,1070.493,0.9
1783340460000,1070.493,0.9
1783340520000,1070.493,0.9
1783340580000,1070.493,0.9
1783340640000,1070.493,0.9
1783340700000,1070.493,0.9
1783340760000,1070.493,0.9
1783340820000,1070.493,0.9
1783340880000,1070.493,0.9
1783340940000,1070.493,0.9
1783341000000,1070.493,0.9
1783341060000,1070.493,0.9
1783341120000,1070.493,0.9
1783341180000,1070.493,0.9
1783341240000,1070.493,0.9
1783341300000,1070.493,0.9
1783341360000,1070.493,0.9
1783341420000,1070.493,0.9
1783341480000,1070.493,0.9
1783341540000,1070.493,0.9
1783341600000,1070.493,0.9
1783341660000,1070.493,0.9
1783341720000,1070.493,0.9
1783341780000,1070.493,0.9
1783341840000,1070.493,0.9
1783341900000,1070.493,0.9
1783341960000,1070.493,0.9
1783342020000,1070.493,0.9
1783342080000,1070.493,0.9
1783342140000,1070.493,0.9
1783342200000,1070.493,0.9
1783342260000,1070.493,0.9
1783342320000,1070.493,0.9
1783342380000,1070.493,0.9
1783342440000,1070.493,0.9
1783342500000,1070.493,0.9
1783342560000,1070.493,0.9
1783342620000,1070.493,0.9
1783342680000,1070.493,0.9
1783342740000,1070.493,0.9
1783342800000,1070.493,0.9
1783342860000,1070.493,0.9
1783342920000,1070.493,0.9
1783342980000,1070.493,0.9
1783343040000,1070.493,0.9
1783343100000,1070.493,0.9
1783343160000,1070.493,0.9
1783343220000,1070.493,0.9
1783343280000,1070.493,0.9
1783343340000,1070.493,0.9
1783343400000,1070.493,0.9
1783343460000,1070.493,0.9
1783343520000,1070.493,0.9
1783343580000,1070.493,0.9
1783343640000,1070.493,0.9
1783343700000,1070.493,0.9
1783343760000,1070.493,0.9
1783343820000,1070.493,0.9
1783343880000,1070.493,0.9
1783343940000,1070.493,0.9
1783344000000,1070.493,0.9
1783344060000,1070.493,0.9
1783344120000,1070.493,0.9
1783344180000,1070.493,0.9
1783344240000,1070.493,0.9
1783344300000,1070.493,0.9
1783344360000,1070.493,0.9
1783344420000,1070.493,0.9
1783344480000,1070.493,0.9
1783344540000,1070.493,0.9
1783344600000,1070.493,0.9
1783344660000,1070.493,0.9
1783344720000,1070.493,0.9
1783344780000,1070.493,0.9
1783344840000,1070.493,0.9
1783344900000,1070.493,0.9
1783344960000,1070.493,0.9
1783345020000,1070.493,0.9
1783345080000,1070.493,0.9
1783345140000,1070.493,0.9
1783345200000,1070.493,0.9
1783345260000,1070.493,0.9
1783345320000,1070.493,0.9
1783345380000,1070.493,0.9
1783345440000,1070.493,0.9
1783345500000,1070.493,0.9
1783345560000,1070.493,0.9
1783345620000,1070.493,0.9
1783345680000,1070.493,0.9
1783345740000,1070.493,0.9
1783345800000,1070.493,0.9
1783345860000,1070.493,0.9
1783345920000,1070.493,0.9
1783345980000,1070.493,0.9
1783346040000,1070.493,0.9
1783346100000,1070.493,0.9
1783346160000,1070.493,0.9
1783346220000,1070.493,0.9
1783346280000,1070.493,0.9
1783346340000,1070.493,0.9
1783346400000,1070.493,0.9
1783346460000,1070.493,0.9
1783346520000,1070.493,0.9
1783346580000,1070.493,0.9
1783346640000,1070.493,0.9
1783346700000,1070.493,0.9
1783346760000,1070.493,0.9
1783346820000,1070.493,0.9
1783346880000,1070.493,0.9
1783346940000,1070.493,0.9
1783347000000,1070.493,0.9
1783347060000,1070.493,0.9
1783347120000,1070.493,0.9
1783347180000,1070.493,0.9
1783347240000,1070.493,0.9
1783347300000,1070.493,0.9
1783347360000,1070.493,0.9
1783347420000,1070.493,0.9
1783347480000,1070.493,0.9
1783347540000,1070.493,0.9
1783347600000,1070.493,0.9
1783347660000,1070.493,0.9
1783347720000,1070.493,0.9
1783347780000,1070.493,0.9
1783347840000,1070.493,0.9
1783347900000,1061.5084,1.73
1783352700000,1061.5084,1.73
1783352760000,1061.5084,1.73
1783352820000,1061.5084,1.73
1783352880000,1061.5084,1.73
1783352940000,1061.5084,1.73
1783353000000,1061.5084,1.73
1783353060000,1061.5084,1.73
1783353120000,1061.5084,1.73
1783353180000,1061.5084,1.73
1783353240000,1061.5084,1.73
1783353300000,1061.5084,1.73
1783353360000,1061.5084,1.73
1783353420000,1061.5084,1.73
1783353480000,1061.5084,1.73
1783353540000,1061.5084,1.73
1783353600000,1061.5084,1.73
1783353660000,1061.5084,1.73
1783353720000,1061.5084,1.73
1783353780000,1061.5084,1.73
1783353840000,1061.5084,1.73
1783353900000,1061.5084,1.73
1783353960000,1061.5084,1.73
1783354020000,1061.5084,1.73
1783354080000,1061.5084,1.73
1783354140000,1061.5084,1.73
1783354200000,1061.5084,1.73
1783354260000,1061.5084,1.73
1783354320000,1061.5084,1.73
1783354380000,1061.5084,1.73
1783354440000,1061.5084,1.73
1783354500000,1061.5084,1.73
1783354560000,1061.5084,1.73
1783354620000,1061.5084,1.73
1783354680000,1061.5084,1.73
1783354740000,1061.5084,1.73
1783354800000,1061.5084,1.73
1783354860000,1061.5084,1.73
1783354920000,1061.5084,1.73
1783354980000,1061.5084,1.73
1783355040000,1061.5084,1.73
1783355100000,1061.5084,1.73
1783355160000,1061.5084,1.73
1783355220000,1061.5084,1.73
1783355280000,1061.5084,1.73
1783355340000,1061.5084,1.73
1783355400000,1061.5084,1.73
1783355460000,1061.5084,1.73
1783355520000,1061.5084,1.73
1783355580000,1061.5084,1.73
1783355640000,1061.5084,1.73
1783355700000,1061.5084,1.73
1783355760000,1061.5084,1.73
1783355820000,1061.5084,1.73
1783355880000,1061.5084,1.73
1783355940000,1061.5084,1.73
1783356000000,1061.5084,1.73
1783356060000,1061.5084,1.73
1783356120000,1061.5084,1.73
1783356180000,1061.5084,1.73
1783356240000,1061.5084,1.73
1783356300000,1061.5084,1.73
1783356360000,1061.5084,1.73
1783356420000,1061.5084,1.73
1783356480000,1061.5084,1.73
1783356540000,1061.5084,1.73
1783356600000,1061.5084,1.73
1783356660000,1061.5084,1.73
1783356720000,1061.5084,1.73
1783356780000,1061.5084,1.73
1783356840000,1061.5084,1.73
1783356900000,1061.5084,1.73
1783356960000,1061.5084,1.73
1783357020000,1061.5084,1.73
1783357080000,1061.5084,1.73
1783357140000,1061.5084,1.73
1783357200000,1061.5084,1.73
1783357260000,1061.5084,1.73
1783357320000,1061.5084,1.73
1783357380000,1061.5084,1.73
1783357440000,1061.5084,1.73
1783357500000,1061.5084,1.73
1783357560000,1061.5084,1.73
1783357620000,1061.5084,1.73
1783357680000,1061.5084,1.73
1783357740000,1061.5084,1.73
1783357800000,1061.5084,1.73
1783357860000,1061.5084,1.73
1783357920000,1061.5084,1.73
1783357980000,1061.5084,1.73
1783358040000,1061.5084,1.73
1783358100000,1061.5084,1.73
1783358160000,1061.5084,1.73
1783358220000,1061.5084,1.73
1783358280000,1061.5084,1.73
1783358340000,1061.5084,1.73
1783358400000,1061.5084,1.73
1783358460000,1061.5084,1.73
1783358520000,1061.5084,1.73
1783358580000,1061.5084,1.73
1783358640000,1061.5084,1.73
1783358700000,1061.5084,1.73
1783358760000,1061.5084,1.73
1783358820000,1061.5084,1.73
1783358880000,1061.5084,1.73
1783358940000,1061.5084,1.73
1783359000000,1061.5084,1.73
1783359060000,1061.5084,1.73
1783359120000,1061.5084,1.73
1783359180000,1061.5084,1.73
1783359240000,1061.5084,1.73
1783359300000,1061.5084,1.73
1783359360000,1061.5084,1.73
1783359420000,1061.5084,1.73
1783359480000,1061.5084,1.73
1783359540000,1061.5084,1.73
1783359600000,1061.5084,1.73
1783359660000,1061.5084,1.73
1783359720000,1061.5084,1.73
1783359780000,1061.5084,1.73
1783359840000,1061.5084,1.73
1783359900000,1061.5084,1.73
1783359960000,1061.5084,1.73
1783360020000,1061.5084,1.73
1783360080000,1061.5084,1.73
1783360140000,1061.5084,1.73
1783360200000,1061.5084,1.73
1783360260000,1061.5084,1.73
1783360320000,1061.5084,1.73
1783360380000,1061.5084,1.73
1783360440000,1061.5084,1.73
1783360500000,1061.5084,1.73
1783360560000,1061.5084,1.73
1783360620000,1061.5084,1.73
1783360680000,1061.5084,1.73
1783360740000,1061.5084,1.73
1783360800000,1061.5084,1.73
1783360860000,1061.5084,1.73
1783360920000,1061.5084,1.73
1783360980000,1061.5084,1.73
1783361040000,1061.5084,1.73
1783361100000,1061.5084,1.73
1783361160000,1061.5084,1.73
1783361220000,1061.5084,1.73
1783361280000,1061.5084,1.73
1783361340000,1061.5084,1.73
1783361400000,1061.5084,1.73
1783361460000,1061.5084,1.73
1783361520000,1061.5084,1.73
1783361580000,1061.5084,1.73
1783361640000,1061.5084,1.73
1783361700000,1061.5084,1.73
1783361760000,1061.5084,1.73
1783361820000,1061.5084,1.73
1783361880000,1061.5084,1.73
1783361940000,1061.5084,1.73
1783362000000,1061.5084,1.73
1783362060000,1061.5084,1.73
1783362120000,1061.5084,1.73
1783362180000,1061.5084,1.73
1783362240000,1061.5084,1.73
1783362300000,1061.5084,1.73
1783362360000,1061.5084,1.73
1783362420000,1061.5084,1.73
1783362480000,1061.5084,1.73
1783362540000,1061.5084,1.73
1783362600000,1061.5084,1.73
1783362660000,1061.5084,1.73
1783362720000,1061.5084,1.73
1783362780000,1061.5084,1.73
1783362840000,1061.5084,1.73
1783362900000,1061.5084,1.73
1783362960000,1061.5084,1.73
1783363020000,1061.5084,1.73
1783363080000,1061.5084,1.73
1783363140000,1061.5084,1.73
1783363200000,1061.5084,1.73
1783363260000,1061.5084,1.73
1783363320000,1061.5084,1.73
1783363380000,1061.5084,1.73
1783363440000,1061.5084,1.73
1783363500000,1061.5084,1.73
1783363560000,1061.5084,1.73
1783363620000,1061.5084,1.73
1783363680000,1061.5084,1.73
1783363740000,1061.5084,1.73
1783363800000,1061.5084,1.73
1783363860000,1061.5084,1.73
1783363920000,1061.5084,1.73
1783363980000,1061.5084,1.73
1783364040000,1061.5084,1.73
1783364100000,1061.5084,1.73
1783364160000,1061.5084,1.73
1783364220000,1061.5084,1.73
1783364280000,1061.5084,1.73
1783364340000,1061.5084,1.73
1783364400000,1061.5084,1.73
1783364460000,1061.5084,1.73
1783364520000,1061.5084,1.73
1783364580000,1061.5084,1.73
1783364640000,1061.5084,1.73
1783364700000,1061.5084,1.73
1783364760000,1061.5084,1.73
1783364820000,1061.5084,1.73
1783364880000,1061.5084,1.73
1783364940000,1061.5084,1.73
1783365000000,1061.5084,1.73
1783365060000,1061.5084,1.73
1783365120000,1061.5084,1.73
1783365180000,1061.5084,1.73
1783365240000,1061.5084,1.73
1783365300000,1061.5084,1.73
1783365360000,1061.5084,1.73
1783365420000,1061.5084,1.73
1783365480000,1061.5084,1.73
1783365540000,1061.5084,1.73
1783365600000,1061.5084,1.73
1783365660000,1061.5084,1.73
1783365720000,1061.5084,1.73
1783365780000,1061.5084,1.73
1783365840000,1061.5084,1.73
1783365900000,1061.5084,1.73
1783365960000,1061.5084,1.73
1783366020000,1061.5084,1.73
1783366080000,1061.5084,1.73
1783366140000,1061.5084,1.73
1783366200000,1061.5084,1.73
1783366260000,1061.5084,1.73
1783366320000,1061.5084,1.73
1783366380000,1061.5084,1.73
1783366440000,1061.5084,1.73
1783366500000,1061.5084,1.73
1783366560000,1061.5084,1.73
1783366620000,1061.5084,1.73
1783366680000,1061.5084,1.73
1783366740000,1061.5084,1.73
1783366800000,1061.5084,1.73
1783366860000,1061.5084,1.73
1783366920000,1061.5084,1.73
1783366980000,1061.5084,1.73
1783367040000,1061.5084,1.73
1783367100000,1061.5084,1.73
1783367160000,1061.5084,1.73
1783367220000,1061.5084,1.73
1783367280000,1061.5084,1.73
1783367340000,1061.5084,1.73
1783367400000,1061.5084,1.73
1783367460000,1061.5084,1.73
1783367520000,1061.5084,1.73
1783367580000,1061.5084,1.73
1783367640000,1061.5084,1.73
1783367700000,1061.5084,1.73
1783367760000,1061.5084,1.73
1783367820000,1061.5084,1.73
1783367880000,1061.5084,1.73
1783367940000,1061.5084,1.73
1783368000000,1061.5084,1.73
1783368060000,1061.5084,1.73
1783368120000,1061.5084,1.73
1783368180000,1061.5084,1.73
1783368240000,1061.5084,1.73
1783368300000,1061.5084,1.73
1783368360000,1061.5084,1.73
1783368420000,1061.5084,1.73
1783368480000,1061.5084,1.73
1783368540000,1061.5084,1.73
1783368600000,1061.5084,1.73
1783368660000,1061.5084,1.73
1783368720000,1061.5084,1.73
1783368780000,1061.5084,1.73
1783368840000,1061.5084,1.73
1783368900000,1061.5084,1.73
1783368960000,1061.5084,1.73
1783369020000,1061.5084,1.73
1783369080000,1061.5084,1.73
1783369140000,1061.5084,1.73
1783369200000,1061.5084,1.73
1783369260000,1061.5084,1.73
1783369320000,1061.5084,1.73
1783369380000,1061.5084,1.73
1783369440000,1061.5084,1.73
1783369500000,1061.5084,1.73
1783369560000,1061.5084,1.73
1783369620000,1061.5084,1.73
1783369680000,1061.5084,1.73
1783369740000,1061.5084,1.73
1783369800000,1061.5084,1.73
1783369860000,1061.5084,1.73
1783369920000,1061.5084,1.73
1783369980000,1061.5084,1.73
1783370040000,1061.5084,1.73
1783370100000,1061.5084,1.73
1783370160000,1061.5084,1.73
1783370220000,1061.5084,1.73
1783370280000,1061.5084,1.73
1783370340000,1061.5084,1.73
1783370400000,1061.5084,1.73
1783370460000,1061.5084,1.73
1783370520000,1061.5084,1.73
1783370580000,1061.5084,1.73
1783370640000,1061.5084,1.73
1783370700000,1061.5084,1.73
1783370760000,1061.5084,1.73
1783370820000,1061.5084,1.73
1783370880000,1061.5084,1.73
1783370940000,1061.5084,1.73
1783371000000,1061.5084,1.73
1783371060000,1061.5084,1.73
1783371120000,1061.5084,1.73
1783371180000,1061.5084,1.73
1783371240000,1061.5084,1.73
1783371300000,1061.5084,1.73
1783371360000,1061.5084,1.73
1783371420000,1061.5084,1.73
1783371480000,1061.5084,1.73
1783371540000,1061.5084,1.73
1783371600000,1061.5084,1.73
1783371660000,1061.5084,1.73
1783371720000,1061.5084,1.73
1783371780000,1061.5084,1.73
1783371840000,1061.5084,1.73
1783371900000,1061.5084,1.73
1783371960000,1061.5084,1.73
1783372020000,1061.5084,1.73
1783372080000,1061.5084,1.73
1783372140000,1084.7212,0.0
1783418640000,1084.7212,0.0
1783418700000,1084.7212,0.0
1783418760000,1084.7212,0.0
1783418820000,1084.7212,0.0
1783418880000,1084.7212,0.0
1783418940000,1084.7212,0.0
1783419000000,1084.7212,0.0
1783419060000,1084.7212,0.0
1783419120000,1084.7212,0.0
1783419180000,1084.7212,0.0
1783419240000,1084.7212,0.0
1783419300000,1084.7212,0.0
1783419360000,1084.7212,0.0
1783419420000,1084.7212,0.0
1783419480000,1084.7212,0.0
1783419540000,1084.7212,0.0
1783419600000,1084.7212,0.0
1783419660000,1084.7212,0.0
1783419720000,1084.7212,0.0
1783419780000,1084.7212,0.0
1783419840000,1084.7212,0.0
1783419900000,1084.7212,0.0
1783419960000,1084.7212,0.0
1783420020000,1084.7212,0.0
1783420080000,1084.7212,0.0
1783420140000,1084.7212,0.0
1783420200000,1073.9469,0.99
1783424760000,1073.9469,0.99
1783424820000,1073.9469,0.99
1783424880000,1073.9469,0.99
1783424940000,1073.9469,0.99
1783425000000,1073.9469,0.99
1783425060000,1073.9469,0.99
1783425120000,1073.9469,0.99
1783425180000,1073.9469,0.99
1783425240000,1073.9469,0.99
1783425300000,1073.9469,0.99
1783425360000,1073.9469,0.99
1783425420000,1073.9469,0.99
1783425480000,1073.9469,0.99
1783425540000,1073.9469,0.99
1783425600000,1073.9469,0.99
1783425660000,1073.9469,0.99
1783425720000,1073.9469,0.99
1783425780000,1073.9469,0.99
1783425840000,1073.9469,0.99
1783425900000,1073.9469,0.99
1783425960000,1073.9469,0.99
1783426020000,1084.4115,0.03
1783435020000,1084.4115,0.03
1783435080000,1084.4115,0.03
1783435140000,1084.4115,0.03
1783435200000,1084.4115,0.03
1783435260000,1084.4115,0.03
1783435320000,1084.4115,0.03
1783435380000,1084.4115,0.03
1783435440000,1084.4115,0.03
1783435500000,1084.4115,0.03
1783435560000,1084.4115,0.03
1783435620000,1075.1361,0.88
1783437780000,1075.1361,0.88
1783437840000,1075.1361,0.88
1783437900000,1075.1361,0.88
1783437960000,1075.1361,0.88
1783438020000,1075.1361,0.88
1783438080000,1075.1361,0.88
1783438140000,1075.1361,0.88
1783438200000,1075.1361,0.88
1783438260000,1075.1361,0.88
1783438320000,1075.1361,0.88
1783438380000,1075.1361,0.88
1783438440000,1075.1361,0.88
1783438500000,1075.1361,0.88
1783438560000,1075.1361,0.88
1783438620000,1075.1361,0.88
1783438680000,1075.1361,0.88
1783438740000,1075.1361,0.88
1783438800000,1075.1361,0.88
1783438860000,1075.1361,0.88
1783438920000,1075.1361,0.88
1783438980000,1075.1361,0.88
1783439040000,1075.1361,0.88
1783439100000,1075.1361,0.88
1783439160000,1075.1361,0.88
1783439220000,1075.1361,0.88
1783439280000,1075.1361,0.88
1783439340000,1075.1361,0.88
1783439400000,1075.1361,0.88
1783439460000,1075.1361,0.88
1783439520000,1075.1361,0.88
1783439580000,1075.1361,0.88
1783439640000,1075.1361,0.88
1783439700000,1075.1361,0.88
1783439760000,1075.1361,0.88
1783439820000,1075.1361,0.88
1783439880000,1075.1361,0.88
1783439940000,1075.1361,0.88
1783440000000,1075.1361,0.88
1783440060000,1075.1361,0.88
1783440120000,1075.1361,0.88
1783440180000,1075.1361,0.88
1783440240000,1075.1361,0.88
1783440300000,1075.1361,0.88
1783440360000,1075.1361,0.88
1783440420000,1075.1361,0.88
1783440480000,1075.1361,0.88
1783440540000,1075.1361,0.88
1783440600000,1075.1361,0.88
1783440660000,1075.1361,0.88
1783440720000,1075.1361,0.88
1783440780000,1075.1361,0.88
1783440840000,1075.1361,0.88
1783440900000,1075.1361,0.88
1783440960000,1075.1361,0.88
1783441020000,1075.1361,0.88
1783441080000,1075.1361,0.88
1783441140000,1075.1361,0.88
1783441200000,1075.1361,0.88
1783441260000,1075.1361,0.88
1783441320000,1075.1361,0.88
1783441380000,1075.1361,0.88
1783441440000,1075.1361,0.88
1783441500000,1075.1361,0.88
1783441560000,1075.1361,0.88
1783441620000,1075.1361,0.88
1783441680000,1075.1361,0.88
1783441740000,1075.1361,0.88
1783441800000,1075.1361,0.88
1783441860000,1075.1361,0.88
1783441920000,1075.1361,0.88
1783441980000,1075.1361,0.88
1783442040000,1075.1361,0.88
1783442100000,1075.1361,0.88
1783442160000,1075.1361,0.88
1783442220000,1075.1361,0.88
1783442280000,1075.1361,0.88
1783442340000,1075.1361,0.88
1783442400000,1075.1361,0.88
1783442460000,1075.1361,0.88
1783442520000,1075.1361,0.88
1783442580000,1075.1361,0.88
1783442640000,1075.1361,0.88
1783442700000,1075.1361,0.88
1783442760000,1075.1361,0.88
1783442820000,1075.1361,0.88
1783442880000,1075.1361,0.88
1783442940000,1075.1361,0.88
1783443000000,1075.1361,0.88
1783443060000,1075.1361,0.88
1783443120000,1075.1361,0.88
1783443180000,1075.1361,0.88
1783443240000,1075.1361,0.88
1783443300000,1075.1361,0.88
1783443360000,1075.1361,0.88
1783443420000,1075.1361,0.88
1783443480000,1075.1361,0.88
1783443540000,1075.1361,0.88
1783443600000,1075.1361,0.88
1783443660000,1075.1361,0.88
1783443720000,1075.1361,0.88
1783443780000,1075.1361,0.88
1783443840000,1075.1361,0.88
1783443900000,1075.1361,0.88
1783443960000,1075.1361,0.88
1783444020000,1075.1361,0.88
1783444080000,1075.1361,0.88
1783444140000,1075.1361,0.88
1783444200000,1075.1361,0.88
1783444260000,1075.1361,0.88
1783444320000,1075.1361,0.88
1783444380000,1075.1361,0.88
1783444440000,1075.1361,0.88
1783444500000,1075.1361,0.88
1783444560000,1075.1361,0.88
1783444620000,1075.1361,0.88
1783444680000,1075.1361,0.88
1783444740000,1075.1361,0.88
1783444800000,1075.1361,0.88
1783444860000,1075.1361,0.88
1783444920000,1075.1361,0.88
1783444980000,1075.1361,0.88
1783445040000,1075.1361,0.88
1783445100000,1075.1361,0.88
1783445160000,1075.1361,0.88
1783445220000,1075.1361,0.88
1783445280000,1075.1361,0.88
1783445340000,1075.1361,0.88
1783445400000,1075.1361,0.88
1783445460000,1075.1361,0.88
1783445520000,1075.1361,0.88
1783445580000,1075.1361,0.88
1783445640000,1075.1361,0.88
1783445700000,1075.1361,0.88
1783445760000,1075.1361,0.88
1783445820000,1075.1361,0.88
1783445880000,1075.1361,0.88
1783445940000,1075.1361,0.88
1783446000000,1075.1361,0.88
1783446060000,1075.1361,0.88
1783446120000,1075.1361,0.88
1783446180000,1075.1361,0.88
1783446240000,1075.1361,0.88
1783446300000,1075.1361,0.88
1783446360000,1075.1361,0.88
1783446420000,1075.1361,0.88
1783446480000,1075.1361,0.88
1783446540000,1075.1361,0.88
1783446600000,1075.1361,0.88
1783446660000,1075.1361,0.88
1783446720000,1075.1361,0.88
1783446780000,1075.1361,0.88
1783446840000,1075.1361,0.88
1783446900000,1075.1361,0.88
1783446960000,1075.1361,0.88
1783447020000,1075.1361,0.88
1783447080000,1075.1361,0.88
1783447140000,1075.1361,0.88
1783447200000,1075.1361,0.88
1783447260000,1075.1361,0.88
1783447320000,1075.1361,0.88
1783447380000,1075.1361,0.88
1783447440000,1075.1361,0.88
1783447500000,1075.1361,0.88
1783447560000,1075.1361,0.88
1783447620000,1075.1361,0.88
1783447680000,1075.1361,0.88
1783447740000,1075.1361,0.88
1783447800000,1075.1361,0.88
1783447860000,1075.1361,0.88
1783447920000,1075.1361,0.88
1783447980000,1075.1361,0.88
1783448040000,1075.1361,0.88
1783448100000,1075.1361,0.88
1783448160000,1075.1361,0.88
1783448220000,1075.1361,0.88
1783448280000,1075.1361,0.88
1783448340000,1075.1361,0.88
1783448400000,1075.1361,0.88
1783448460000,1075.1361,0.88
1783448520000,1075.1361,0.88
1783448580000,1075.1361,0.88
1783448640000,1075.1361,0.88
1783448700000,1075.1361,0.88
1783448760000,1075.1361,0.88
1783448820000,1075.1361,0.88
1783448880000,1075.1361,0.88
1783448940000,1075.1361,0.88
1783449000000,1075.1361,0.88
1783449060000,1075.1361,0.88
1783449120000,1075.1361,0.88
1783449180000,1075.1361,0.88
1783449240000,1075.1361,0.88
1783449300000,1075.1361,0.88
1783449360000,1075.1361,0.88
1783449420000,1075.1361,0.88
1783449480000,1075.1361,0.88
1783449540000,1075.1361,0.88
1783449600000,1075.1361,0.88
1783449660000,1075.1361,0.88
1783449720000,1075.1361,0.88
1783449780000,1075.1361,0.88
1783449840000,1075.1361,0.88
1783449900000,1075.1361,0.88
1783449960000,1075.1361,0.88
1783450020000,1075.1361,0.88
1783450080000,1075.1361,0.88
1783450140000,1075.1361,0.88
1783450200000,1075.1361,0.88
1783450260000,1075.1361,0.88
1783450320000,1075.1361,0.88
1783450380000,1075.1361,0.88
1783450440000,1075.1361,0.88
1783450500000,1075.1361,0.88
1783450560000,1075.1361,0.88
1783450620000,1075.1361,0.88
1783450680000,1075.1361,0.88
1783450740000,1075.1361,0.88
1783450800000,1065.2415,1.8
1783499280000,1065.2415,1.8
1783499340000,1065.2415,1.8
1783499400000,1065.2415,1.8
1783499460000,1065.2415,1.8
1783499520000,1065.2415,1.8
1783499580000,1065.2415,1.8
1783499640000,1065.2415,1.8
1783499700000,1065.2415,1.8
1783499760000,1065.2415,1.8
1783499820000,1065.2415,1.8
1783499880000,1065.2415,1.8
1783499940000,1065.2415,1.8
1783500000000,1065.2415,1.8
1783500060000,1065.2415,1.8
1783500120000,1065.2415,1.8
1783500180000,1065.2415,1.8
1783500240000,1065.2415,1.8
1783500300000,1065.2415,1.8
1783500360000,1065.2415,1.8
1783500420000,1065.2415,1.8
1783500480000,1065.2415,1.8
1783500540000,1065.2415,1.8
1783500600000,1065.2415,1.8
1783500660000,1065.2415,1.8
1783500720000,1065.2415,1.8
1783500780000,1065.2415,1.8
1783500840000,1065.2415,1.8
1783500900000,1065.2415,1.8
1783500960000,1065.2415,1.8
1783501020000,1065.2415,1.8
1783501080000,1065.2415,1.8
1783501140000,1065.2415,1.8
1783501200000,1065.2415,1.8
1783501260000,1065.2415,1.8
1783501320000,1065.2415,1.8
1783501380000,1065.2415,1.8
1783501440000,1065.2415,1.8
1783501500000,1065.2415,1.8
1783501560000,1065.2415,1.8
1783501620000,1065.2415,1.8
1783501680000,1065.2415,1.8
1783501740000,1065.2415,1.8
1783501800000,1065.2415,1.8
1783501860000,1065.2415,1.8
1783501920000,1065.2415,1.8
1783501980000,1065.2415,1.8
1783502040000,1065.2415,1.8
1783502100000,1065.2415,1.8
1783502160000,1065.2415,1.8
1783502220000,1065.2415,1.8
1783502280000,1065.2415,1.8
1783502340000,1065.2415,1.8
1783502400000,1065.2415,1.8
1783502460000,1065.2415,1.8
1783502520000,1065.2415,1.8
1783502580000,1065.2415,1.8
1783502640000,1065.2415,1.8
1783502700000,1065.2415,1.8
1783502760000,1065.2415,1.8
1783502820000,1065.2415,1.8
1783502880000,1065.2415,1.8
1783502940000,1065.2415,1.8
1783503000000,1065.2415,1.8
1783503060000,1065.2415,1.8
1783503120000,1065.2415,1.8
1783503180000,1065.2415,1.8
1783503240000,1065.2415,1.8
1783503300000,1065.2415,1.8
1783503360000,1065.2415,1.8
1783503420000,1065.2415,1.8
1783503480000,1065.2415,1.8
1783503540000,1065.2415,1.8
1783503600000,1065.2415,1.8
1783503660000,1065.2415,1.8
1783503720000,1065.2415,1.8
1783503780000,1065.2415,1.8
1783503840000,1065.2415,1.8
1783503900000,1065.2415,1.8
1783503960000,1065.2415,1.8
1783504020000,1065.2415,1.8
1783504080000,1065.2415,1.8
1783504140000,1065.2415,1.8
1783504200000,1065.2415,1.8
1783504260000,1065.2415,1.8
1783504320000,1065.2415,1.8
1783504380000,1065.2415,1.8
1783504440000,1065.2415,1.8
1783504500000,1065.2415,1.8
1783504560000,1065.2415,1.8
1783504620000,1065.2415,1.8
1783504680000,1065.2415,1.8
1783504740000,1065.2415,1.8
1783504800000,1065.2415,1.8
1783504860000,1065.2415,1.8
1783504920000,1065.2415,1.8
1783504980000,1065.2415,1.8
1783505040000,1065.2415,1.8
1783505100000,1065.2415,1.8
1783505160000,1065.2415,1.8
1783505220000,1065.2415,1.8
1783505280000,1065.2415,1.8
1783505340000,1065.2415,1.8
1783505400000,1065.2415,1.8
1783505460000,1065.2415,1.8
1783505520000,1065.2415,1.8
1783505580000,1065.2415,1.8
1783505640000,1065.2415,1.8
1783505700000,1065.2415,1.8
1783505760000,1065.2415,1.8
1783505820000,1065.2415,1.8
1783505880000,1065.2415,1.8
1783505940000,1065.2415,1.8
1783506000000,1065.2415,1.8
1783506060000,1065.2415,1.8
1783506120000,1065.2415,1.8
1783506180000,1065.2415,1.8
1783506240000,1065.2415,1.8
1783506300000,1065.2415,1.8
1783506360000,1065.2415,1.8
1783506420000,1065.2415,1.8
1783506480000,1065.2415,1.8
1783506540000,1065.2415,1.8
1783506600000,1065.2415,1.8
1783506660000,1065.2415,1.8
1783506720000,1065.2415,1.8
1783506780000,1065.2415,1.8
1783506840000,1065.2415,1.8
1783506900000,1065.2415,1.8
1783506960000,1065.2415,1.8
1783507020000,1065.2415,1.8
1783507080000,1065.2415,1.8
1783507140000,1065.2415,1.8
1783507200000,1065.2415,1.8
1783507260000,1065.2415,1.8
1783507320000,1065.2415,1.8
1783507380000,1065.2415,1.8
1783507440000,1065.2415,1.8
1783507500000,1065.2415,1.8
1783507560000,1065.2415,1.8
1783507620000,1065.2415,1.8
1783507680000,1065.2415,1.8
1783507740000,1065.2415,1.8
1783507800000,1065.2415,1.8
1783507860000,1065.2415,1.8
1783507920000,1065.2415,1.8
1783507980000,1065.2415,1.8
1783508040000,1065.2415,1.8
1783508100000,1065.2415,1.8
1783508160000,1065.2415,1.8
1783508220000,1065.2415,1.8
1783508280000,1065.2415,1.8
1783508340000,1065.2415,1.8
1783508400000,1065.2415,1.8
1783508460000,1065.2415,1.8
1783508520000,1065.2415,1.8
1783508580000,1065.2415,1.8
1783508640000,1065.2415,1.8
1783508700000,1065.2415,1.8
1783508760000,1065.2415,1.8
1783508820000,1065.2415,1.8
1783508880000,1065.2415,1.8
1783508940000,1065.2415,1.8
1783509000000,1065.2415,1.8
1783509060000,1065.2415,1.8
1783509120000,1065.2415,1.8
1783509180000,1065.2415,1.8
1783509240000,1065.2415,1.8
1783509300000,1065.2415,1.8
1783509360000,1065.2415,1.8
1783509420000,1065.2415,1.8
1783509480000,1065.2415,1.8
1783509540000,1065.2415,1.8
1783509600000,1065.2415,1.8
1783509660000,1065.2415,1.8
1783509720000,1065.2415,1.8
1783509780000,1065.2415,1.8
1783509840000,1065.2415,1.8
1783509900000,1065.2415,1.8
1783509960000,1065.2415,1.8
1783510020000,1065.2415,1.8
1783510080000,1065.2415,1.8
1783510140000,1065.2415,1.8
1783510200000,1065.2415,1.8
1783510260000,1065.2415,1.8
1783510320000,1065.2415,1.8
1783510380000,1065.2415,1.8
1783510440000,1065.2415,1.8
1783510500000,1065.2415,1.8
1783510560000,1065.2415,1.8
1783510620000,1065.2415,1.8
1783510680000,1065.2415,1.8
1783510740000,1065.2415,1.8
1783510800000,1065.2415,1.8
1783510860000,1065.2415,1.8
1783510920000,1065.2415,1.8
1783510980000,1065.2415,1.8
1783511040000,1065.2415,1.8
1783511100000,1065.2415,1.8
1783511160000,1065.2415,1.8
1783511220000,1056.3038,2.62
1783518600000,1056.3038,2.62
1783518660000,1056.3038,2.62
1783518720000,1056.3038,2.62
1783518780000,1056.3038,2.62
1783518840000,1056.3038,2.62
1783518900000,1056.3038,2.62
1783518960000,1056.3038,2.62
1783519020000,1056.3038,2.62
1783519080000,1056.3038,2.62
1783519140000,1056.3038,2.62
1783519200000,1056.3038,2.62
1783519260000,1056.3038,2.62
1783519320000,1056.3038,2.62
1783519380000,1056.3038,2.62
1783519440000,1056.3038,2.62
1783519500000,1056.3038,2.62
1783519560000,1056.3038,2.62
1783519620000,1056.3038,2.62
1783519680000,1056.3038,2.62
1783519740000,1056.3038,2.62
1783519800000,1056.3038,2.62
1783519860000,1056.3038,2.62
1783519920000,1056.3038,2.62
1783519980000,1056.3038,2.62
1783520040000,1056.3038,2.62
1783520100000,1056.3038,2.62
1783520160000,1056.3038,2.62
1783520220000,1056.3038,2.62
1783520280000,1056.3038,2.62
1783520340000,1056.3038,2.62
1783520400000,1056.3038,2.62
1783520460000,1056.3038,2.62
1783520520000,1056.3038,2.62
1783520580000,1056.3038,2.62
1783520640000,1056.3038,2.62
1783520700000,1056.3038,2.62
1783520760000,1056.3038,2.62
1783520820000,1056.3038,2.62
1783520880000,1056.3038,2.62
1783520940000,1056.3038,2.62
1783521000000,1056.3038,2.62
1783521060000,1056.3038,2.62
1783521120000,1056.3038,2.62
1783521180000,1056.3038,2.62
1783521240000,1056.3038,2.62
1783521300000,1056.3038,2.62
1783521360000,1056.3038,2.62
1783521420000,1056.3038,2.62
1783521480000,1056.3038,2.62
1783521540000,1056.3038,2.62
1783521600000,1056.3038,2.62
1783521660000,1056.3038,2.62
1783521720000,1056.3038,2.62
1783521780000,1056.3038,2.62
1783521840000,1056.3038,2.62
1783521900000,1056.3038,2.62
1783521960000,1056.3038,2.62
1783522020000,1056.3038,2.62
1783522080000,1056.3038,2.62
1783522140000,1056.3038,2.62
1783522200000,1056.3038,2.62
1783522260000,1056.3038,2.62
1783522320000,1056.3038,2.62
1783522380000,1056.3038,2.62
1783522440000,1056.3038,2.62
1783522500000,1056.3038,2.62
1783522560000,1056.3038,2.62
1783522620000,1056.3038,2.62
1783522680000,1056.3038,2.62
1783522740000,1056.3038,2.62
1783522800000,1056.3038,2.62
1783522860000,1056.3038,2.62
1783522920000,1056.3038,2.62
1783522980000,1056.3038,2.62
1783523040000,1056.3038,2.62
1783523100000,1056.3038,2.62
1783523160000,1056.3038,2.62
1783523220000,1056.3038,2.62
1783523280000,1056.3038,2.62
1783523340000,1056.3038,2.62
1783523400000,1056.3038,2.62
1783523460000,1056.3038,2.62
1783523520000,1056.3038,2.62
1783523580000,1056.3038,2.62
1783523640000,1056.3038,2.62
1783523700000,1056.3038,2.62
1783523760000,1056.3038,2.62
1783523820000,1056.3038,2.62
1783523880000,1056.3038,2.62
1783523940000,1056.3038,2.62
1783524000000,1056.3038,2.62
1783524060000,1056.3038,2.62
1783524120000,1056.3038,2.62
1783524180000,1056.3038,2.62
1783524240000,1056.3038,2.62
1783524300000,1056.3038,2.62
1783524360000,1056.3038,2.62
1783524420000,1056.3038,2.62
1783524480000,1056.3038,2.62
1783524540000,1056.3038,2.62
1783524600000,1056.3038,2.62
1783524660000,1056.3038,2.62
1783524720000,1056.3038,2.62
1783524780000,1056.3038,2.62
1783524840000,1056.3038,2.62
1783524900000,1056.3038,2.62
1783524960000,1056.3038,2.62
1783525020000,1056.3038,2.62
1783525080000,1056.3038,2.62
1783525140000,1056.3038,2.62
1783525200000,1056.3038,2.62
1783525260000,1056.3038,2.62
1783525320000,1056.3038,2.62
1783525380000,1056.3038,2.62
1783525440000,1056.3038,2.62
1783525500000,1056.3038,2.62
1783525560000,1056.3038,2.62
1783525620000,1056.3038,2.62
1783525680000,1056.3038,2.62
1783525740000,1056.3038,2.62
1783525800000,1056.3038,2.62
1783525860000,1056.3038,2.62
1783525920000,1056.3038,2.62
1783525980000,1056.3038,2.62
1783526040000,1056.3038,2.62
1783526100000,1056.3038,2.62
1783526160000,1056.3038,2.62
1783526220000,1056.3038,2.62
1783526280000,1056.3038,2.62
1783526340000,1056.3038,2.62
1783526400000,1056.3038,2.62
1783526460000,1056.3038,2.62
1783526520000,1056.3038,2.62
1783526580000,1056.3038,2.62
1783526640000,1056.3038,2.62
1783526700000,1056.3038,2.62
1783526760000,1056.3038,2.62
1783526820000,1056.3038,2.62
1783526880000,1056.3038,2.62
1783526940000,1056.3038,2.62
1783527000000,1056.3038,2.62
1783527060000,1056.3038,2.62
1783527120000,1056.3038,2.62
1783527180000,1056.3038,2.62
1783527240000,1056.3038,2.62
1783527300000,1056.3038,2.62
1783527360000,1056.3038,2.62
1783527420000,1056.3038,2.62
1783527480000,1056.3038,2.62
1783527540000,1056.3038,2.62
1783527600000,1056.3038,2.62
1783527660000,1056.3038,2.62
1783527720000,1056.3038,2.62
1783527780000,1056.3038,2.62
1783527840000,1056.3038,2.62
1783527900000,1056.3038,2.62
1783527960000,1056.3038,2.62
1783528020000,1056.3038,2.62
1783528080000,1056.3038,2.62
1783528140000,1056.3038,2.62
1783528200000,1056.3038,2.62
1783528260000,1056.3038,2.62
1783528320000,1056.3038,2.62
1783528380000,1056.3038,2.62
1783528440000,1056.3038,2.62
1783528500000,1056.3038,2.62
1783528560000,1056.3038,2.62
1783528620000,1056.3038,2.62
1783528680000,1056.3038,2.62
1783528740000,1056.3038,2.62
1783528800000,1056.3038,2.62
1783528860000,1056.3038,2.62
1783528920000,1056.3038,2.62
1783528980000,1056.3038,2.62
1783529040000,1056.3038,2.62
1783529100000,1056.3038,2.62
1783529160000,1056.3038,2.62
1783529220000,1056.3038,2.62
1783529280000,1056.3038,2.62
1783529340000,1056.3038,2.62
1783529400000,1056.3038,2.62
1783529460000,1056.3038,2.62
1783529520000,1056.3038,2.62
1783529580000,1056.3038,2.62
1783529640000,1056.3038,2.62
1783529700000,1056.3038,2.62
1783529760000,1056.3038,2.62
1783529820000,1056.3038,2.62
1783529880000,1056.3038,2.62
1783529940000,1056.3038,2.62
1783530000000,1056.3038,2.62
1783530060000,1056.3038,2.62
1783530120000,1056.3038,2.62
1783530180000,1056.3038,2.62
1783530240000,1056.3038,2.62
1783530300000,1056.3038,2.62
1783530360000,1056.3038,2.62
1783530420000,1056.3038,2.62
1783530480000,1056.3038,2.62
1783530540000,1056.3038,2.62
1783530600000,1056.3038,2.62
1783530660000,1056.3038,2.62
1783530720000,1056.3038,2.62
1783530780000,1056.3038,2.62
1783530840000,1056.3038,2.62
1783530900000,1056.3038,2.62
1783530960000,1056.3038,2.62
1783531020000,1056.3038,2.62
1783531080000,1056.3038,2.62
1783531140000,1056.3038,2.62
1783531200000,1056.3038,2.62
1783531260000,1056.3038,2.62
1783531320000,1056.3038,2.62
1783531380000,1056.3038,2.62
1783531440000,1056.3038,2.62
1783531500000,1056.3038,2.62
1783531560000,1056.3038,2.62
1783531620000,1056.3038,2.62
1783531680000,1056.3038,2.62
1783531740000,1056.3038,2.62
1783531800000,1056.3038,2.62
1783531860000,1047.1559,3.46
1783601040000,1047.1559,3.46
1783601100000,1047.1559,3.46
1783601160000,1047.1559,3.46
1783601220000,1047.1559,3.46
1783601280000,1047.1559,3.46
1783601340000,1047.1559,3.46
1783601400000,1047.1559,3.46
1783601460000,1047.1559,3.46
1783601520000,1047.1559,3.46
1783601580000,1047.1559,3.46
1783601640000,1047.1559,3.46
1783601700000,1047.1559,3.46
1783601760000,1047.1559,3.46
1783601820000,1047.1559,3.46
1783601880000,1047.1559,3.46
1783601940000,1047.1559,3.46
1783602000000,1047.1559,3.46
1783602060000,1047.1559,3.46
1783602120000,1047.1559,3.46
1783602180000,1037.7214,4.33
1783606260000,1037.7214,4.33
1783606320000,1037.7214,4.33
1783606380000,1037.7214,4.33
1783606440000,1037.7214,4.33
1783606500000,1037.7214,4.33
1783606560000,1037.7214,4.33
1783606620000,1037.7214,4.33
1783606680000,1037.7214,4.33
1783606740000,1037.7214,4.33
1783606800000,1037.7214,4.33
1783606860000,1037.7214,4.33
1783606920000,1037.7214,4.33
1783606980000,1037.7214,4.33
1783607040000,1037.7214,4.33
1783607100000,1037.7214,4.33
1783607160000,1037.7214,4.33
1783607220000,1037.7214,4.33
1783607280000,1037.7214,4.33
1783607340000,1037.7214,4.33
1783607400000,1037.7214,4.33
1783607460000,1037.7214,4.33
1783607520000,1037.7214,4.33
1783607580000,1037.7214,4.33
1783607640000,1037.7214,4.33
1783607700000,1037.7214,4.33
1783607760000,1037.7214,4.33
1783607820000,1037.7214,4.33
1783607880000,1037.7214,4.33
1783607940000,1037.7214,4.33
1783608000000,1037.7214,4.33
1783608060000,1037.7214,4.33
1783608120000,1037.7214,4.33
1783608180000,1037.7214,4.33
1783608240000,1037.7214,4.33
1783608300000,1037.7214,4.33
1783608360000,1037.7214,4.33
1783608420000,1037.7214,4.33
1783608480000,1037.7214,4.33
1783608540000,1037.7214,4.33
1783608600000,1037.7214,4.33
1783608660000,1037.7214,4.33
1783608720000,1037.7214,4.33
1783608780000,1037.7214,4.33
1783608840000,1037.7214,4.33
1783608900000,1037.7214,4.33
1783608960000,1037.7214,4.33
1783609020000,1037.7214,4.33
1783609080000,1037.7214,4.33
1783609140000,1037.7214,4.33
1783609200000,1037.7214,4.33
1783609260000,1037.7214,4.33
1783609320000,1037.7214,4.33
1783609380000,1037.7214,4.33
1783609440000,1037.7214,4.33
1783609500000,1037.7214,4.33
1783609560000,1037.7214,4.33
1783609620000,1037.7214,4.33
1783609680000,1037.7214,4.33
1783609740000,1037.7214,4.33
1783609800000,1037.7214,4.33
1783609860000,1037.7214,4.33
1783609920000,1037.7214,4.33
1783609980000,1037.7214,4.33
1783610040000,1037.7214,4.33
1783610100000,1037.7214,4.33
1783610160000,1037.7214,4.33
1783610220000,1037.7214,4.33
1783610280000,1037.7214,4.33
1783610340000,1037.7214,4.33
1783610400000,1037.7214,4.33
1783610460000,1037.7214,4.33
1783610520000,1037.7214,4.33
1783610580000,1037.7214,4.33
1783610640000,1037.7214,4.33
1783610700000,1037.7214,4.33
1783610760000,1037.7214,4.33
1783610820000,1037.7214,4.33
1783610880000,1037.7214,4.33
1783610940000,1037.7214,4.33
1783611000000,1037.7214,4.33
1783611060000,1037.7214,4.33
1783611120000,1037.7214,4.33
1783611180000,1037.7214,4.33
1783611240000,1037.7214,4.33
1783611300000,1037.7214,4.33
1783611360000,1037.7214,4.33
1783611420000,1037.7214,4.33
1783611480000,1037.7214,4.33
1783611540000,1037.7214,4.33
1783611600000,1037.7214,4.33
1783611660000,1037.7214,4.33
1783611720000,1037.7214,4.33
1783611780000,1037.7214,4.33
1783611840000,1037.7214,4.33
1783611900000,1037.7214,4.33
1783611960000,1037.7214,4.33
1783612020000,1037.7214,4.33
1783612080000,1037.7214,4.33
1783612140000,1037.7214,4.33
1783612200000,1037.7214,4.33
1783612260000,1037.7214,4.33
1783612320000,1037.7214,4.33
1783612380000,1037.7214,4.33
1783612440000,1037.7214,4.33
1783612500000,1037.7214,4.33
1783612560000,1037.7214,4.33
1783612620000,1037.7214,4.33
1783612680000,1037.7214,4.33
1783612740000,1037.7214,4.33
1783612800000,1037.7214,4.33
1783612860000,1037.7214,4.33
1783612920000,1037.7214,4.33
1783612980000,1037.7214,4.33
1783613040000,1037.7214,4.33
1783613100000,1037.7214,4.33
1783613160000,1037.7214,4.33
1783613220000,1037.7214,4.33
1783613280000,1037.7214,4.33
1783613340000,1037.7214,4.33
1783613400000,1037.7214,4.33
1783613460000,1037.7214,4.33
1783613520000,1037.7214,4.33
1783613580000,1037.7214,4.33
1783613640000,1037.7214,4.33
1783613700000,1037.7214,4.33
1783613760000,1037.7214,4.33
1783613820000,1037.7214,4.33
1783613880000,1037.7214,4.33
1783613940000,1037.7214,4.33
1783614000000,1037.7214,4.33
1783614060000,1037.7214,4.33
1783614120000,1037.7214,4.33
1783614180000,1037.7214,4.33
1783614240000,1037.7214,4.33
1783614300000,1037.7214,4.33
1783614360000,1037.7214,4.33
1783614420000,1037.7214,4.33
1783614480000,1037.7214,4.33
1783614540000,1037.7214,4.33
1783614600000,1037.7214,4.33
1783614660000,1037.7214,4.33
1783614720000,1037.7214,4.33
1783614780000,1037.7214,4.33
1783614840000,1037.7214,4.33
1783614900000,1037.7214,4.33
1783614960000,1037.7214,4.33
1783615020000,1037.7214,4.33
1783615080000,1037.7214,4.33
1783615140000,1037.7214,4.33
1783615200000,1037.7214,4.33
1783615260000,1037.7214,4.33
1783615320000,1037.7214,4.33
1783615380000,1037.7214,4.33
1783615440000,1037.7214,4.33
1783615500000,1037.7214,4.33
1783615560000,1037.7214,4.33
1783615620000,1037.7214,4.33
1783615680000,1037.7214,4.33
1783615740000,1037.7214,4.33
1783615800000,1037.7214,4.33
1783615860000,1037.7214,4.33
1783615920000,1037.7214,4.33
1783615980000,1037.7214,4.33
1783616040000,1037.7214,4.33
1783616100000,1037.7214,4.33
1783616160000,1037.7214,4.33
1783616220000,1037.7214,4.33
1783616280000,1037.7214,4.33
1783616340000,1037.7214,4.33
1783616400000,1037.7214,4.33
1783616460000,1037.7214,4.33
1783616520000,1037.7214,4.33
1783616580000,1037.7214,4.33
1783616640000,1037.7214,4.33
1783616700000,1037.7214,4.33
1783616760000,1037.7214,4.33
1783616820000,1037.7214,4.33
1783616880000,1037.7214,4.33
1783616940000,1037.7214,4.33
1783617000000,1037.7214,4.33
1783617060000,1037.7214,4.33
1783617120000,1037.7214,4.33
1783617180000,1037.7214,4.33
1783617240000,1037.7214,4.33
1783617300000,1037.7214,4.33
1783617360000,1037.7214,4.33
1783617420000,1037.7214,4.33
1783617480000,1037.7214,4.33
1783617540000,1037.7214,4.33
1783617600000,1037.7214,4.33
1783617660000,1037.7214,4.33
1783617720000,1037.7214,4.33
1783617780000,1037.7214,4.33
1783617840000,1037.7214,4.33
1783617900000,1037.7214,4.33
1783617960000,1037.7214,4.33
1783618020000,1037.7214,4.33
1783618080000,1037.7214,4.33
1783618140000,1037.7214,4.33
1783618200000,1037.7214,4.33
1783618260000,1037.7214,4.33
1783618320000,1037.7214,4.33
1783618380000,1037.7214,4.33
1783618440000,1037.7214,4.33
1783618500000,1037.7214,4.33
1783618560000,1037.7214,4.33
1783618620000,1037.7214,4.33
1783618680000,1037.7214,4.33
1783618740000,1028.37,5.19
1783684080000,1028.37,5.19
1783684140000,1028.37,5.19
1783684200000,1028.37,5.19
1783684260000,1028.37,5.19
1783684320000,1028.37,5.19
1783684380000,1028.37,5.19
1783684440000,1028.37,5.19
1783684500000,1028.37,5.19
1783684560000,1028.37,5.19
1783684620000,1028.37,5.19
1783684680000,1028.37,5.19
1783684740000,1028.37,5.19
1783684800000,1028.37,5.19
1783684860000,1028.37,5.19
1783684920000,1028.37,5.19
1783684980000,1028.37,5.19
1783685040000,1028.37,5.19
1783685100000,1028.37,5.19
1783685160000,1028.37,5.19
1783685220000,1028.37,5.19
1783685280000,1028.37,5.19
1783685340000,1028.37,5.19
1783685400000,1028.37,5.19
1783685460000,1028.37,5.19
1783685520000,1028.37,5.19
1783685580000,1028.37,5.19
1783685640000,1028.37,5.19
1783685700000,1028.37,5.19
1783685760000,1028.37,5.19
1783685820000,1028.37,5.19
1783685880000,1028.37,5.19
1783685940000,1028.37,5.19
1783686000000,1028.37,5.19
1783686060000,1028.37,5.19
1783686120000,1028.37,5.19
1783686180000,1028.37,5.19
1783686240000,1028.37,5.19
1783686300000,1028.37,5.19
1783686360000,1028.37,5.19
1783686420000,1028.37,5.19
1783686480000,1028.37,5.19
1783686540000,1028.37,5.19
1783686600000,1028.37,5.19
1783686660000,1028.37,5.19
1783686720000,1028.37,5.19
1783686780000,1028.37,5.19
1783686840000,1028.37,5.19
1783686900000,1028.37,5.19
1783686960000,1028.37,5.19
1783687020000,1028.37,5.19
1783687080000,1028.37,5.19
1783687140000,1028.37,5.19
1783687200000,1028.37,5.19
1783687260000,1028.37,5.19
1783687320000,1028.37,5.19
1783687380000,1028.37,5.19
1783687440000,1028.37,5.19
1783687500000,1028.37,5.19
1783687560000,1028.37,5.19
1783687620000,1028.37,5.19
1783687680000,1028.37,5.19
1783687740000,1028.37,5.19
1783687800000,1028.37,5.19
1783687860000,1028.37,5.19
1783687920000,1028.37,5.19
1783687980000,1018.3483,6.12
1783869960000,1018.3483,6.12
1783870020000,1018.3483,6.12
1783870080000,1018.3483,6.12
1783870140000,1018.3483,6.12
1783870200000,1018.3483,6.12
1783870260000,1018.3483,6.12
1783870320000,1018.3483,6.12
1783870380000,1018.3483,6.12
1783870440000,1018.3483,6.12
1783870500000,1018.3483,6.12
1783870560000,1018.3483,6.12
1783870620000,1018.3483,6.12
1783870680000,1018.3483,6.12
1783870740000,1018.3483,6.12
1783870800000,1018.3483,6.12
1783870860000,1018.3483,6.12
1783870920000,1018.3483,6.12
1783870980000,1018.3483,6.12
1783871040000,1018.3483,6.12
1783871100000,1018.3483,6.12
1783871160000,1018.3483,6.12
1783871220000,1018.3483,6.12
1783871280000,1018.3483,6.12
1783871340000,1018.3483,6.12
1783871400000,1018.3483,6.12
1783871460000,1018.3483,6.12
1783871520000,1018.3483,6.12
1783871580000,1018.3483,6.12
1783871640000,1018.3483,6.12
1783871700000,1018.3483,6.12
1783871760000,1018.3483,6.12
1783871820000,1018.3483,6.12
1783871880000,1018.3483,6.12
1783871940000,1018.3483,6.12
1783872000000,1018.3483,6.12
1783872060000,1018.3483,6.12
1783872120000,1018.3483,6.12
1783872180000,1018.3483,6.12
1783872240000,1018.3483,6.12
1783872300000,1018.3483,6.12
1783872360000,1018.3483,6.12
1783872420000,1018.3483,6.12
1783872480000,1018.3483,6.12
1783872540000,1018.3483,6.12
1783872600000,1018.3483,6.12
1783872660000,1018.3483,6.12
1783872720000,1018.3483,6.12
1783872780000,1008.5189,7.03
1783965600000,1008.5189,7.03
1783965660000,1008.5189,7.03
1783965720000,1008.5189,7.03
1783965780000,1008.5189,7.03
1783965840000,1008.5189,7.03
1783965900000,1008.5189,7.03
1783965960000,1008.5189,7.03
1783966020000,1008.5189,7.03
1783966080000,1008.5189,7.03
1783966140000,1008.5189,7.03
1783966200000,1008.5189,7.03
1783966260000,1008.5189,7.03
1783966320000,1008.5189,7.03
1783966380000,1008.5189,7.03
1783966440000,1008.5189,7.03
1783966500000,1008.5189,7.03
1783966560000,1008.5189,7.03
1783966620000,1008.5189,7.03
1783966680000,1008.5189,7.03
1783966740000,1008.5189,7.03
1783966800000,1008.5189,7.03
1783966860000,1008.5189,7.03
1783966920000,1008.5189,7.03
1783966980000,1008.5189,7.03
1783967040000,1008.5189,7.03
1783967100000,1008.5189,7.03
1783967160000,1008.5189,7.03
1783967220000,1008.5189,7.03
1783967280000,1008.5189,7.03
1783967340000,1008.5189,7.03
1783967400000,1008.5189,7.03
1783967460000,1008.5189,7.03
1783967520000,1008.5189,7.03
1783967580000,1008.5189,7.03
1783967640000,1008.5189,7.03
1783967700000,1008.5189,7.03
1783967760000,1008.5189,7.03
1783967820000,1008.5189,7.03
1783967880000,1008.5189,7.03
1783967940000,1008.5189,7.03
1783968000000,1008.5189,7.03
1783968060000,1008.5189,7.03
1783968120000,1008.5189,7.03
1783968180000,1008.5189,7.03
1783968240000,1008.5189,7.03
1783968300000,1008.5189,7.03
1783968360000,1008.5189,7.03
1783968420000,1008.5189,7.03
1783968480000,1008.5189,7.03
1783968540000,1008.5189,7.03
1783968600000,1008.5189,7.03
1783968660000,1008.5189,7.03
1783968720000,1008.5189,7.03
1783968780000,1008.5189,7.03
1783968840000,1008.5189,7.03
1783968900000,1008.5189,7.03
1783968960000,1008.5189,7.03
1783969020000,1008.5189,7.03
1783969080000,1008.5189,7.03
1783969140000,1008.5189,7.03
1783969200000,1008.5189,7.03
1783969260000,1008.5189,7.03
1783969320000,1008.5189,7.03
1783969380000,1008.5189,7.03
1783969440000,1008.5189,7.03
1783969500000,1008.5189,7.03
1783969560000,1008.5189,7.03
1783969620000,1008.5189,7.03
1783969680000,1008.5189,7.03
1783969740000,1008.5189,7.03
1783969800000,1008.5189,7.03
1783969860000,1008.5189,7.03
1783969920000,1008.5189,7.03
1783969980000,1008.5189,7.03
1783970040000,1008.5189,7.03
1783970100000,1008.5189,7.03
1783970160000,1008.5189,7.03
1783970220000,1000.0621,7.8
1784026080000,1000.0621,7.8
1784026140000,1000.0621,7.8
1784026200000,1000.0621,7.8
1784026260000,1000.0621,7.8
1784026320000,1000.0621,7.8
1784026380000,1000.0621,7.8
1784026440000,1000.0621,7.8
1784026500000,1000.0621,7.8
1784026560000,1000.0621,7.8
1784026620000,1000.0621,7.8
1784026680000,1000.0621,7.8
1784026740000,1000.0621,7.8
1784026800000,1000.0621,7.8
1784026860000,1000.0621,7.8
1784026920000,1000.0621,7.8
1784026980000,1000.0621,7.8
1784027040000,1000.0621,7.8
1784027100000,1000.0621,7.8
1784027160000,1000.0621,7.8
1784027220000,1000.0621,7.8
1784027280000,1000.0621,7.8
1784027340000,1000.0621,7.8
1784027400000,1000.0621,7.8
1784027460000,1000.0621,7.8
1784027520000,1000.0621,7.8
1784027580000,1000.0621,7.8
1784027640000,1000.0621,7.8
1784027700000,1000.0621,7.8
1784027760000,1000.0621,7.8
1784027820000,1000.0621,7.8
1784027880000,1000.0621,7.8
1784027940000,1000.0621,7.8
1784028000000,1000.0621,7.8
1784028060000,1000.0621,7.8
1784028120000,1000.0621,7.8
1784028180000,1000.0621,7.8
1784028240000,1000.0621,7.8
1784028300000,1000.0621,7.8
1784028360000,1000.0621,7.8
1784028420000,1000.0621,7.8
1784028480000,1000.0621,7.8
1784028540000,1000.0621,7.8
1784028600000,1000.0621,7.8
1784028660000,1000.0621,7.8
1784028720000,1000.0621,7.8
1784028780000,1000.0621,7.8
1784028840000,1000.0621,7.8
1784028900000,1000.0621,7.8
1784028960000,1000.0621,7.8
1784029020000,1000.0621,7.8
1784029080000,1000.0621,7.8
1784029140000,1000.0621,7.8
1784029200000,1000.0621,7.8
1784029260000,1000.0621,7.8
1784029320000,1000.0621,7.8
1784029380000,1000.0621,7.8
1784029440000,1000.0621,7.8
1784029500000,1000.0621,7.8
1784029560000,1000.0621,7.8
1784029620000,1000.0621,7.8
1784029680000,1000.0621,7.8
1784029740000,1000.0621,7.8
1784029800000,1000.0621,7.8
1784029860000,1000.0621,7.8
1784029920000,1000.0621,7.8
1784029980000,1000.0621,7.8
1784030040000,1000.0621,7.8
1784030100000,1000.0621,7.8
1784030160000,1000.0621,7.8
1784030220000,1000.0621,7.8
1784030280000,1000.0621,7.8
1784030340000,1000.0621,7.8
1784030400000,1000.0621,7.8
1784030460000,1000.0621,7.8
1784030520000,1000.0621,7.8
1784030580000,1000.0621,7.8
1784030640000,1000.0621,7.8
1784030700000,1000.0621,7.8
1784030760000,1000.0621,7.8
1784030820000,1000.0621,7.8
1784030880000,1000.0621,7.8
1784030940000,1000.0621,7.8
1784031000000,1000.0621,7.8
1784031060000,1000.0621,7.8
1784031120000,1000.0621,7.8
1784031180000,1000.0621,7.8
1784031240000,1000.0621,7.8
1784031300000,1000.0621,7.8
1784031360000,1000.0621,7.8
1784031420000,1000.0621,7.8
1784031480000,1000.0621,7.8
1784031540000,1000.0621,7.8
1784031600000,1000.0621,7.8
1784031660000,1000.0621,7.8
1784031720000,1000.0621,7.8
1784031780000,1000.0621,7.8
1784031840000,1000.0621,7.8
1784031900000,1000.0621,7.8
1784031960000,1000.0621,7.8
1784032020000,1000.0621,7.8
1784032080000,1000.0621,7.8
1784032140000,1000.0621,7.8
1784032200000,1011.0501,6.79
1784033340000,1011.0501,6.79
1784033400000,1011.0501,6.79
1784033460000,1011.0501,6.79
1784033520000,1011.0501,6.79
1784033580000,1011.0501,6.79
1784033640000,1011.0501,6.79
1784033700000,1011.0501,6.79
1784033760000,1011.0501,6.79
1784033820000,1011.0501,6.79
1784033880000,1011.0501,6.79
1784033940000,1011.0501,6.79
1784034000000,1011.0501,6.79
1784034060000,1011.0501,6.79
1784034120000,1011.0501,6.79
1784034180000,1011.0501,6.79
1784034240000,1011.0501,6.79
1784034300000,1011.0501,6.79
1784034360000,1011.0501,6.79
1784034420000,1011.0501,6.79
1784034480000,1011.0501,6.79
1784034540000,1011.0501,6.79
1784034600000,1011.0501,6.79
1784034660000,1011.0501,6.79
1784034720000,1011.0501,6.79
1784034780000,1011.0501,6.79
1784034840000,1011.0501,6.79
1784034900000,1011.0501,6.79
1784034960000,1011.0501,6.79
1784035020000,1011.0501,6.79
1784035080000,1011.0501,6.79
1784035140000,1011.0501,6.79
1784035200000,1011.0501,6.79
1784035260000,1011.0501,6.79
1784035320000,1011.0501,6.79
1784035380000,1011.0501,6.79
1784035440000,1011.0501,6.79
1784035500000,1011.0501,6.79
1784035560000,1011.0501,6.79
1784035620000,1011.0501,6.79
1784035680000,1011.0501,6.79
1784035740000,1011.0501,6.79
1784035800000,1011.0501,6.79
1784035860000,1011.0501,6.79
1784035920000,1011.0501,6.79
1784035980000,1011.0501,6.79
1784036040000,1011.0501,6.79
1784036100000,1011.0501,6.79
1784036160000,1011.0501,6.79
1784036220000,1011.0501,6.79
1784036280000,1011.0501,6.79
1784036340000,1011.0501,6.79
1784036400000,1011.0501,6.79
1784036460000,1011.0501,6.79
1784036520000,1011.0501,6.79
1784036580000,1011.0501,6.79
1784036640000,1011.0501,6.79
1784036700000,1011.0501,6.79
1784036760000,1011.0501,6.79
1784036820000,1011.0501,6.79
1784036880000,1011.0501,6.79
1784036940000,1011.0501,6.79
1784037000000,1011.0501,6.79
1784037060000,1011.0501,6.79
1784037120000,1011.0501,6.79
1784037180000,1011.0501,6.79
1784037240000,1011.0501,6.79
1784037300000,1011.0501,6.79
1784037360000,1011.0501,6.79
1784037420000,1011.0501,6.79
1784037480000,1011.0501,6.79
1784037540000,1011.0501,6.79
1784037600000,1011.0501,6.79
1784037660000,1011.0501,6.79
1784037720000,1011.0501,6.79
1784037780000,1011.0501,6.79
1784037840000,1011.0501,6.79
1784037900000,1011.0501,6.79
1784037960000,1011.0501,6.79
1784038020000,1011.0501,6.79
1784038080000,1011.0501,6.79
1784038140000,1011.0501,6.79
1784038200000,1011.0501,6.79
1784038260000,1011.0501,6.79
1784038320000,1011.0501,6.79
1784038380000,1011.0501,6.79
1784038440000,1011.0501,6.79
1784038500000,1011.0501,6.79
1784038560000,1011.0501,6.79
1784038620000,1011.0501,6.79
1784038680000,1011.0501,6.79
1784038740000,1011.0501,6.79
1784038800000,1011.0501,6.79
1784038860000,1011.0501,6.79
1784038920000,1011.0501,6.79
1784038980000,1011.0501,6.79
1784039040000,1011.0501,6.79
1784039100000,1011.0501,6.79
1784039160000,1011.0501,6.79
1784039220000,1011.0501,6.79
1784039280000,1011.0501,6.79
1784039340000,1011.0501,6.79
1784039400000,1011.0501,6.79
1784039460000,1011.0501,6.79
1784039520000,1011.0501,6.79
1784039580000,1011.0501,6.79
1784039640000,1011.0501,6.79
1784039700000,1011.0501,6.79
1784039760000,1011.0501,6.79
1784039820000,1011.0501,6.79
1784039880000,1011.0501,6.79
1784039940000,1011.0501,6.79
1784040000000,1011.0501,6.79
1784040060000,1011.0501,6.79
1784040120000,1011.0501,6.79
1784040180000,1011.0501,6.79
1784040240000,1011.0501,6.79
1784040300000,1011.0501,6.79
1784040360000,1011.0501,6.79
1784040420000,1011.0501,6.79
1784040480000,1011.0501,6.79
1784040540000,1011.0501,6.79
1784040600000,1011.0501,6.79
1784040660000,1011.0501,6.79
1784040720000,1011.0501,6.79
1784040780000,1011.0501,6.79
1784040840000,1011.0501,6.79
1784040900000,1011.0501,6.79
1784040960000,1011.0501,6.79
1784041020000,1011.0501,6.79
1784041080000,1011.0501,6.79
1784041140000,1011.0501,6.79
1784041200000,1011.0501,6.79
1784041260000,1011.0501,6.79
1784041320000,1011.0501,6.79
1784041380000,1011.0501,6.79
1784041440000,1011.0501,6.79
1784041500000,1011.0501,6.79
1784041560000,1011.0501,6.79
1784041620000,1011.0501,6.79
1784041680000,1011.0501,6.79
1784041740000,1011.0501,6.79
1784041800000,1011.0501,6.79
1784041860000,1011.0501,6.79
1784041920000,1011.0501,6.79
1784041980000,1011.0501,6.79
1784042040000,1011.0501,6.79
1784042100000,1011.0501,6.79
1784042160000,1011.0501,6.79
1784042220000,1011.0501,6.79
1784042280000,1011.0501,6.79
1784042340000,1011.0501,6.79
1784042400000,1011.0501,6.79
1784042460000,1011.0501,6.79
1784042520000,1011.0501,6.79
1784042580000,1011.0501,6.79
1784042640000,1011.0501,6.79
1784042700000,1011.0501,6.79
1784042760000,1011.0501,6.79
1784042820000,1011.0501,6.79
1784042880000,1011.0501,6.79
1784042940000,1011.0501,6.79
1784043000000,1011.0501,6.79
1784043060000,1011.0501,6.79
1784043120000,1011.0501,6.79
1784043180000,1011.0501,6.79
1784043240000,1011.0501,6.79
1784043300000,1011.0501,6.79
1784043360000,1011.0501,6.79
1784043420000,1011.0501,6.79
1784043480000,1011.0501,6.79
1784043540000,1011.0501,6.79
1784043600000,1011.0501,6.79
1784043660000,1011.0501,6.79
1784043720000,1011.0501,6.79
1784043780000,1011.0501,6.79
1784043840000,1011.0501,6.79
1784043900000,1011.0501,6.79
1784043960000,1011.0501,6.79
1784044020000,1011.0501,6.79
1784044080000,1011.0501,6.79
1784044140000,1011.0501,6.79
1784044200000,1011.0501,6.79
1784044260000,1011.0501,6.79
1784044320000,1011.0501,6.79
1784044380000,1011.0501,6.79
1784044440000,1011.0501,6.79
1784044500000,1011.0501,6.79
1784044560000,1011.0501,6.79
1784044620000,1011.0501,6.79
1784044680000,1011.0501,6.79
1784044740000,1011.0501,6.79
1784044800000,1011.0501,6.79
1784044860000,1011.0501,6.79
1784044920000,1011.0501,6.79
1784044980000,1011.0501,6.79
1784045040000,1011.0501,6.79
1784045100000,1011.0501,6.79
1784045160000,1011.0501,6.79
1784045220000,1011.0501,6.79
1784045280000,1011.0501,6.79
1784045340000,1011.0501,6.79
1784045400000,1011.0501,6.79
1784045460000,1011.0501,6.79
1784045520000,1011.0501,6.79
1784045580000,1011.0501,6.79
1784045640000,1011.0501,6.79
1784045700000,1011.0501,6.79
1784045760000,1011.0501,6.79
1784045820000,1011.0501,6.79
1784045880000,1011.0501,6.79
1784045940000,1011.0501,6.79
1784046000000,1011.0501,6.79
1784046060000,1011.0501,6.79
1784046120000,1011.0501,6.79
1784046180000,1011.0501,6.79
1784046240000,1011.0501,6.79
1784046300000,1011.0501,6.79
1784046360000,1011.0501,6.79
1784046420000,1011.0501,6.79
1784046480000,1011.0501,6.79
1784046540000,1011.0501,6.79
1784046600000,1011.0501,6.79
1784046660000,1011.0501,6.79
1784046720000,1011.0501,6.79
1784046780000,1011.0501,6.79
1784046840000,1011.0501,6.79
1784046900000,1011.0501,6.79
1784046960000,1011.0501,6.79
1784047020000,1011.0501,6.79
1784047080000,1011.0501,6.79
1784047140000,1011.0501,6.79
1784047200000,1011.0501,6.79
1784047260000,1011.0501,6.79
1784047320000,1011.0501,6.79
1784047380000,1011.0501,6.79
1784047440000,1011.0501,6.79
1784047500000,1011.0501,6.79
1784047560000,1011.0501,6.79
1784047620000,1011.0501,6.79
1784047680000,1011.0501,6.79
1784047740000,1011.0501,6.79
1784047800000,1011.0501,6.79
1784047860000,1011.0501,6.79
1784047920000,1011.0501,6.79
1784047980000,1011.0501,6.79
1784048040000,1011.0501,6.79
1784048100000,1011.0501,6.79
1784048160000,1011.0501,6.79
1784048220000,1011.0501,6.79
1784048280000,1011.0501,6.79
1784048340000,1011.0501,6.79
1784048400000,1011.0501,6.79
1784048460000,1011.0501,6.79
1784048520000,1011.0501,6.79
1784048580000,1011.0501,6.79
1784048640000,1011.0501,6.79
1784048700000,1011.0501,6.79
1784048760000,1011.0501,6.79
1784048820000,1011.0501,6.79
1784048880000,1011.0501,6.79
1784048940000,1011.0501,6.79
1784049000000,1011.0501,6.79
1784049060000,1011.0501,6.79
1784049120000,1011.0501,6.79
1784049180000,1011.0501,6.79
1784049240000,1011.0501,6.79
1784049300000,1011.0501,6.79
1784049360000,1011.0501,6.79
1784049420000,1011.0501,6.79
1784049480000,1011.0501,6.79
1784049540000,1011.0501,6.79
1784049600000,1011.0501,6.79
1784049660000,1011.0501,6.79
1784049720000,1011.0501,6.79
1784049780000,1011.0501,6.79
1784049840000,1011.0501,6.79
1784049900000,1011.0501,6.79
1784049960000,1011.0501,6.79
1784050020000,1011.0501,6.79
1784050080000,1011.0501,6.79
1784050140000,1011.0501,6.79
1784050200000,1011.0501,6.79
1784050260000,1011.0501,6.79
1784050320000,1011.0501,6.79
1784050380000,1011.0501,6.79
1784050440000,1011.0501,6.79
1784050500000,1011.0501,6.79
1784050560000,1011.0501,6.79
1784050620000,1011.0501,6.79
1784050680000,1011.0501,6.79
1784050740000,1011.0501,6.79
1784050800000,1011.0501,6.79
1784050860000,1011.0501,6.79
1784050920000,1011.0501,6.79
1784050980000,1011.0501,6.79
1784051040000,1011.0501,6.79
1784051100000,1011.0501,6.79
1784051160000,1011.0501,6.79
1784051220000,1011.0501,6.79
1784051280000,1011.0501,6.79
1784051340000,1011.0501,6.79
1784051400000,1011.0501,6.79
1784051460000,1011.0501,6.79
1784051520000,1011.0501,6.79
1784051580000,1011.0501,6.79
1784051640000,1011.0501,6.79
1784051700000,1011.0501,6.79
1784051760000,1011.0501,6.79
1784051820000,1011.0501,6.79
1784051880000,1011.0501,6.79
1784051940000,1011.0501,6.79
1784052000000,1011.0501,6.79
1784052060000,1011.0501,6.79
1784052120000,1011.0501,6.79
1784052180000,1011.0501,6.79
1784052240000,1011.0501,6.79
1784052300000,1011.0501,6.79
1784052360000,1011.0501,6.79
1784052420000,1011.0501,6.79
1784052480000,1011.0501,6.79
1784052540000,1011.0501,6.79
1784052600000,1011.0501,6.79
1784052660000,1011.0501,6.79
1784052720000,1011.0501,6.79
1784052780000,1011.0501,6.79
1784052840000,1011.0501,6.79
1784052900000,1011.0501,6.79
1784052960000,1011.0501,6.79
1784053020000,1011.0501,6.79
1784053080000,1011.0501,6.79
1784053140000,1011.0501,6.79
1784053200000,1011.0501,6.79
1784053260000,1011.0501,6.79
1784053320000,1011.0501,6.79
1784053380000,1011.0501,6.79
1784053440000,1011.0501,6.79
1784053500000,1011.0501,6.79
1784053560000,1011.0501,6.79
1784053620000,1011.0501,6.79
1784053680000,1011.0501,6.79
1784053740000,1011.0501,6.79
1784053800000,1011.0501,6.79
1784053860000,1011.0501,6.79
1784053920000,1011.0501,6.79
1784053980000,1011.0501,6.79
1784054040000,1011.0501,6.79
1784054100000,1011.0501,6.79
1784054160000,1011.0501,6.79
1784054220000,1011.0501,6.79
1784054280000,1011.0501,6.79
1784054340000,1011.0501,6.79
1784054400000,1011.0501,6.79
1784054460000,1011.0501,6.79
1784054520000,1011.0501,6.79
1784054580000,1011.0501,6.79
1784054640000,1011.0501,6.79
1784054700000,1011.0501,6.79
1784054760000,1011.0501,6.79
1784054820000,1011.0501,6.79
1784054880000,1011.0501,6.79
1784054940000,1011.0501,6.79
1784055000000,1011.0501,6.79
1784055060000,1011.0501,6.79
1784055120000,1011.0501,6.79
1784055180000,1011.0501,6.79
1784055240000,1011.0501,6.79
1784055300000,1011.0501,6.79
1784055360000,1011.0501,6.79
1784055420000,1011.0501,6.79
1784055480000,1011.0501,6.79
1784055540000,1011.0501,6.79
1784055600000,1011.0501,6.79
1784055660000,1011.0501,6.79
1784055720000,1011.0501,6.79
1784055780000,1011.0501,6.79
1784055840000,1011.0501,6.79
1784055900000,1011.0501,6.79
1784055960000,1011.0501,6.79
1784056020000,1011.0501,6.79
1784056080000,1011.0501,6.79
1784056140000,1011.0501,6.79
1784056200000,1011.0501,6.79
1784056260000,1011.0501,6.79
1784056320000,1011.0501,6.79
1784056380000,1011.0501,6.79
1784056440000,1011.0501,6.79
1784056500000,1011.0501,6.79
1784056560000,1011.0501,6.79
1784056620000,1011.0501,6.79
1784056680000,1011.0501,6.79
1784056740000,1011.0501,6.79
1784056800000,1011.0501,6.79
1784056860000,1011.0501,6.79
1784056920000,1011.0501,6.79
1784056980000,1011.0501,6.79
1784057040000,1011.0501,6.79
1784057100000,1011.0501,6.79
1784057160000,1011.0501,6.79
1784057220000,1011.0501,6.79
1784057280000,1011.0501,6.79
1784057340000,1011.0501,6.79
1784057400000,1011.0501,6.79
1784057460000,1011.0501,6.79
1784057520000,1011.0501,6.79
1784057580000,1011.0501,6.79
1784057640000,1011.0501,6.79
1784057700000,1011.0501,6.79
1784057760000,1011.0501,6.79
1784057820000,1011.0501,6.79
1784057880000,1011.0501,6.79
1784057940000,1011.0501,6.79
1784058000000,1011.0501,6.79
1784058060000,1011.0501,6.79
1784058120000,1011.0501,6.79
1784058180000,1011.0501,6.79
1784058240000,1011.0501,6.79
1784058300000,1011.0501,6.79
1784058360000,1011.0501,6.79
1784058420000,1011.0501,6.79
1784058480000,1011.0501,6.79
1784058540000,1011.0501,6.79
1784058600000,1011.0501,6.79
1784058660000,1011.0501,6.79
1784058720000,1011.0501,6.79
1784058780000,1011.0501,6.79
1784058840000,1011.0501,6.79
1784058900000,1011.0501,6.79
1784058960000,1011.0501,6.79
1784059020000,1011.0501,6.79
1784059080000,1011.0501,6.79
1784059140000,1011.0501,6.79
1784059200000,1011.0501,6.79
1784059260000,1011.0501,6.79
1784059320000,1011.0501,6.79
1784059380000,1011.0501,6.79
1784059440000,1011.0501,6.79
1784059500000,1011.0501,6.79
1784059560000,1011.0501,6.79
1784059620000,1011.0501,6.79
1784059680000,1011.0501,6.79
1784059740000,1011.0501,6.79
1784059800000,1011.0501,6.79
1784059860000,1011.0501,6.79
1784059920000,1011.0501,6.79
1784059980000,1011.0501,6.79
1784060040000,1011.0501,6.79
1784060100000,1011.0501,6.79
1784060160000,1011.0501,6.79
1784060220000,1011.0501,6.79
1784060280000,1011.0501,6.79
1784060340000,1011.0501,6.79
1784060400000,1011.0501,6.79
1784060460000,1011.0501,6.79
1784060520000,1011.0501,6.79
1784060580000,1011.0501,6.79
1784060640000,1011.0501,6.79
1784060700000,1011.0501,6.79
1784060760000,1011.0501,6.79
1784060820000,1011.0501,6.79
1784060880000,1011.0501,6.79
1784060940000,1011.0501,6.79
1784061000000,1011.0501,6.79
1784061060000,1011.0501,6.79
1784061120000,1011.0501,6.79
1784061180000,1011.0501,6.79
1784061240000,1011.0501,6.79
1784061300000,1011.0501,6.79
1784061360000,1011.0501,6.79
1784061420000,1011.0501,6.79
1784061480000,1011.0501,6.79
1784061540000,1011.0501,6.79
1784061600000,1011.0501,6.79
1784061660000,1011.0501,6.79
1784061720000,1011.0501,6.79
1784061780000,1011.0501,6.79
1784061840000,1011.0501,6.79
1784061900000,1011.0501,6.79
1784061960000,1011.0501,6.79
1784062020000,1011.0501,6.79
1784062080000,1011.0501,6.79
1784062140000,1011.0501,6.79
1784062200000,1011.0501,6.79
1784062260000,1011.0501,6.79
1784062320000,1011.0501,6.79
1784062380000,1011.0501,6.79
1784062440000,1011.0501,6.79
1784062500000,1011.0501,6.79
1784062560000,1011.0501,6.79
1784062620000,1011.0501,6.79
1784062680000,1011.0501,6.79
1784062740000,1011.0501,6.79
1784062800000,1011.0501,6.79
1784062860000,1011.0501,6.79
1784062920000,1011.0501,6.79
1784062980000,1011.0501,6.79
1784063040000,1011.0501,6.79
1784063100000,1011.0501,6.79
1784063160000,1011.0501,6.79
1784063220000,1011.0501,6.79
1784063280000,1011.0501,6.79
1784063340000,1011.0501,6.79
1784063400000,1011.0501,6.79
1784063460000,1011.0501,6.79
1784063520000,1011.0501,6.79
1784063580000,1011.0501,6.79
1784063640000,1011.0501,6.79
1784063700000,1011.0501,6.79
1784063760000,1011.0501,6.79
1784063820000,1011.0501,6.79
1784063880000,1011.0501,6.79
1784063940000,1011.0501,6.79
1784064000000,1011.0501,6.79
1784064060000,1011.0501,6.79
1784064120000,1011.0501,6.79
1784064180000,1011.0501,6.79
1784064240000,1011.0501,6.79
1784064300000,1011.0501,6.79
1784064360000,1011.0501,6.79
1784064420000,1011.0501,6.79
1784064480000,1011.0501,6.79
1784064540000,1011.0501,6.79
1784064600000,1011.0501,6.79
1784064660000,1011.0501,6.79
1784064720000,1011.0501,6.79
1784064780000,1011.0501,6.79
1784064840000,1011.0501,6.79
1784064900000,1011.0501,6.79
1784064960000,1011.0501,6.79
1784065020000,1011.0501,6.79
1784065080000,1011.0501,6.79
1784065140000,1011.0501,6.79
1784065200000,1011.0501,6.79
1784065260000,1011.0501,6.79
1784065320000,1011.0501,6.79
1784065380000,1011.0501,6.79
1784065440000,1011.0501,6.79
1784065500000,1011.0501,6.79
1784065560000,1011.0501,6.79
1784065620000,1011.0501,6.79
1784065680000,1011.0501,6.79
1784065740000,1011.0501,6.79
1784065800000,1011.0501,6.79
1784065860000,1011.0501,6.79
1784065920000,1011.0501,6.79
1784065980000,1011.0501,6.79
1784066040000,1011.0501,6.79
1784066100000,1011.0501,6.79
1784066160000,1011.0501,6.79
1784066220000,1011.0501,6.79
1784066280000,1011.0501,6.79
1784066340000,1011.0501,6.79
1784066400000,1011.0501,6.79
1784066460000,1011.0501,6.79
1784066520000,1011.0501,6.79
1784066580000,1011.0501,6.79
1784066640000,1011.0501,6.79
1784066700000,1011.0501,6.79
1784066760000,1011.0501,6.79
1784066820000,1011.0501,6.79
1784066880000,1011.0501,6.79
1784066940000,1011.0501,6.79
1784067000000,1011.0501,6.79
1784067060000,1011.0501,6.79
1784067120000,1011.0501,6.79
1784067180000,1011.0501,6.79
1784067240000,1011.0501,6.79
1784067300000,1011.0501,6.79
1784067360000,1011.0501,6.79
1784067420000,1011.0501,6.79
1784067480000,1011.0501,6.79
1784067540000,1011.0501,6.79
1784067600000,1011.0501,6.79
1784067660000,1011.0501,6.79
1784067720000,1011.0501,6.79
1784067780000,1011.0501,6.79
1784067840000,1011.0501,6.79
1784067900000,1011.0501,6.79
1784067960000,1011.0501,6.79
1784068020000,1011.0501,6.79
1784068080000,1011.0501,6.79
1784068140000,1011.0501,6.79
1784068200000,1011.0501,6.79
1784068260000,1011.0501,6.79
1784068320000,1011.0501,6.79
1784068380000,1033.1373,4.76
1784110020000,1033.1373,4.76
1784110080000,1033.1373,4.76
1784110140000,1033.1373,4.76
1784110200000,1033.1373,4.76
1784110260000,1033.1373,4.76
1784110320000,1033.1373,4.76
1784110380000,1033.1373,4.76
1784110440000,1033.1373,4.76
1784110500000,1033.1373,4.76
1784110560000,1033.1373,4.76
1784110620000,1033.1373,4.76
1784110680000,1033.1373,4.76
1784110740000,1033.1373,4.76
1784110800000,1033.1373,4.76
1784110860000,1033.1373,4.76
1784110920000,1033.1373,4.76
1784110980000,1022.9429,5.7
1784119140000,1022.9429,5.7
1784119200000,1022.9429,5.7
1784119260000,1022.9429,5.7
1784119320000,1022.9429,5.7
1784119380000,1022.9429,5.7
1784119440000,1022.9429,5.7
1784119500000,1022.9429,5.7
1784119560000,1022.9429,5.7
1784119620000,1022.9429,5.7
1784119680000,1022.9429,5.7
1784119740000,1022.9429,5.7
1784119800000,1022.9429,5.7
1784119860000,1022.9429,5.7
1784119920000,1022.9429,5.7
1784119980000,1041.068,4.02
1784120640000,1041.068,4.02
1784120700000,1041.068,4.02
1784120760000,1041.068,4.02
1784120820000,1041.068,4.02
1784120880000,1041.068,4.02
1784120940000,1041.068,4.02
1784121000000,1041.068,4.02
1784121060000,1041.068,4.02
1784121120000,1041.068,4.02
1784121180000,1041.068,4.02
1784121240000,1041.068,4.02
1784121300000,1041.068,4.02
1784121360000,1041.068,4.02
1784121420000,1041.068,4.02
1784121480000,1041.068,4.02
1784121540000,1041.068,4.02
1784121600000,1041.068,4.02
1784121660000,1041.068,4.02
1784121720000,1041.068,4.02
1784121780000,1041.068,4.02
1784121840000,1041.068,4.02
1784121900000,1041.068,4.02
1784121960000,1041.068,4.02
1784122020000,1041.068,4.02
1784122080000,1041.068,4.02
1784122140000,1041.068,4.02
1784122200000,1041.068,4.02
1784122260000,1041.068,4.02
1784122320000,1041.068,4.02
1784122380000,1041.068,4.02
1784122440000,1041.068,4.02
1784122500000,1041.068,4.02
1784122560000,1041.068,4.02
1784122620000,1041.068,4.02
1784122680000,1041.068,4.02
1784122740000,1041.068,4.02
1784122800000,1041.068,4.02
1784122860000,1041.068,4.02
1784122920000,1041.068,4.02
1784122980000,1041.068,4.02
1784123040000,1041.068,4.02
1784123100000,1041.068,4.02
1784123160000,1041.068,4.02
1784123220000,1032.3451,4.83
1784126100000,1032.3451,4.83
1784126160000,1032.3451,4.83
1784126220000,1032.3451,4.83
1784126280000,1032.3451,4.83
1784126340000,1032.3451,4.83
1784126400000,1032.3451,4.83
1784126460000,1032.3451,4.83
1784126520000,1032.3451,4.83
1784126580000,1032.3451,4.83
1784126640000,1032.3451,4.83
1784126700000,1032.3451,4.83
1784126760000,1032.3451,4.83
1784126820000,1032.3451,4.83
1784126880000,1032.3451,4.83
1784126940000,1032.3451,4.83
1784127000000,1032.3451,4.83
1784127060000,1032.3451,4.83
1784127120000,1032.3451,4.83
1784127180000,1032.3451,4.83
1784127240000,1032.3451,4.83
1784127300000,1032.3451,4.83
1784127360000,1032.3451,4.83
1784127420000,1032.3451,4.83
1784127480000,1032.3451,4.83
1784127540000,1032.3451,4.83
1784127600000,1032.3451,4.83
1784127660000,1032.3451,4.83
1784127720000,1032.3451,4.83
1784127780000,1032.3451,4.83
1784127840000,1032.3451,4.83
1784127900000,1032.3451,4.83
1784127960000,1032.3451,4.83
1784128020000,1032.3451,4.83
1784128080000,1032.3451,4.83
1784128140000,1032.3451,4.83
1784128200000,1032.3451,4.83
1784128260000,1032.3451,4.83
1784128320000,1032.3451,4.83
1784128380000,1032.3451,4.83
1784128440000,1032.3451,4.83
1784128500000,1032.3451,4.83
1784128560000,1032.3451,4.83
1784128620000,1032.3451,4.83
1784128680000,1032.3451,4.83
1784128740000,1032.3451,4.83
1784128800000,1032.3451,4.83
1784128860000,1032.3451,4.83
1784128920000,1032.3451,4.83
1784128980000,1032.3451,4.83
1784129040000,1032.3451,4.83
1784129100000,1032.3451,4.83
1784129160000,1032.3451,4.83
1784129220000,1032.3451,4.83
1784129280000,1032.3451,4.83
1784129340000,1032.3451,4.83
1784129400000,1032.3451,4.83
1784129460000,1032.3451,4.83
1784129520000,1032.3451,4.83
1784129580000,1032.3451,4.83
1784129640000,1032.3451,4.83
1784129700000,1032.3451,4.83
1784129760000,1032.3451,4.83
1784129820000,1032.3451,4.83
1784129880000,1032.3451,4.83
1784129940000,1032.3451,4.83
1784130000000,1032.3451,4.83
1784130060000,1032.3451,4.83
1784130120000,1032.3451,4.83
1784130180000,1032.3451,4.83
1784130240000,1032.3451,4.83
1784130300000,1032.3451,4.83
1784130360000,1032.3451,4.83
1784130420000,1032.3451,4.83
1784130480000,1032.3451,4.83
1784130540000,1032.3451,4.83
1784130600000,1032.3451,4.83
1784130660000,1032.3451,4.83
1784130720000,1032.3451,4.83
1784130780000,1032.3451,4.83
1784130840000,1032.3451,4.83
1784130900000,1032.3451,4.83
1784130960000,1032.3451,4.83
1784131020000,1032.3451,4.83
1784131080000,1032.3451,4.83
1784131140000,1032.3451,4.83
1784131200000,1032.3451,4.83
1784131260000,1032.3451,4.83
1784131320000,1032.3451,4.83
1784131380000,1032.3451,4.83
1784131440000,1032.3451,4.83
1784131500000,1032.3451,4.83
1784131560000,1032.3451,4.83
1784131620000,1032.3451,4.83
1784131680000,1032.3451,4.83
1784131740000,1032.3451,4.83
1784131800000,1032.3451,4.83
1784131860000,1032.3451,4.83
1784131920000,1032.3451,4.83
1784131980000,1032.3451,4.83
1784132040000,1023.5757,5.64
1784137620000,1023.5757,5.64
1784137680000,1023.5757,5.64
1784137740000,1023.5757,5.64
1784137800000,1023.5757,5.64
1784137860000,1023.5757,5.64
1784137920000,1023.5757,5.64
1784137980000,1023.5757,5.64
1784138040000,1023.5757,5.64
1784138100000,1023.5757,5.64
1784138160000,1023.5757,5.64
1784138220000,1023.5757,5.64
1784138280000,1023.5757,5.64
1784138340000,1023.5757,5.64
1784138400000,1023.5757,5.64
1784138460000,1023.5757,5.64
1784138520000,1023.5757,5.64
1784138580000,1023.5757,5.64
1784138640000,1023.5757,5.64
1784138700000,1023.5757,5.64
1784138760000,1023.5757,5.64
1784138820000,1023.5757,5.64
1784138880000,1023.5757,5.64
1784138940000,1023.5757,5.64
1784139000000,1023.5757,5.64
1784139060000,1023.5757,5.64
1784139120000,1023.5757,5.64
1784139180000,1023.5757,5.64
1784139240000,1023.5757,5.64
1784139300000,1023.5757,5.64
1784139360000,1023.5757,5.64
1784139420000,1023.5757,5.64
1784139480000,1023.5757,5.64
1784139540000,1023.5757,5.64
1784139600000,1023.5757,5.64
1784139660000,1023.5757,5.64
1784139720000,1023.5757,5.64
1784139780000,1023.5757,5.64
1784139840000,1023.5757,5.64
1784139900000,1023.5757,5.64
1784139960000,1023.5757,5.64
1784140020000,1023.5757,5.64
1784140080000,1023.5757,5.64
1784140140000,1023.5757,5.64
1784140200000,1023.5757,5.64
1784140260000,1023.5757,5.64
1784140320000,1023.5757,5.64
1784140380000,1023.5757,5.64
1784140440000,1023.5757,5.64
1784140500000,1023.5757,5.64
1784140560000,1023.5757,5.64
1784140620000,1023.5757,5.64
1784140680000,1023.5757,5.64
1784140740000,1023.5757,5.64
1784140800000,1023.5757,5.64
1784140860000,1023.5757,5.64
1784140920000,1023.5757,5.64
1784140980000,1023.5757,5.64
1784141040000,1023.5757,5.64
1784141100000,1023.5757,5.64
1784141160000,1023.5757,5.64
1784141220000,1023.5757,5.64
1784141280000,1023.5757,5.64
1784141340000,1023.5757,5.64
1784141400000,1023.5757,5.64
1784141460000,1023.5757,5.64
1784141520000,1023.5757,5.64
1784141580000,1023.5757,5.64
1784141640000,1023.5757,5.64
1784141700000,1023.5757,5.64
1784141760000,1023.5757,5.64
1784141820000,1023.5757,5.64
1784141880000,1023.5757,5.64
1784141940000,1023.5757,5.64
1784142000000,1023.5757,5.64
1784142060000,1023.5757,5.64
1784142120000,1023.5757,5.64
1784142180000,1023.5757,5.64
1784142240000,1023.5757,5.64
1784142300000,1023.5757,5.64
1784142360000,1023.5757,5.64
1784142420000,1023.5757,5.64
1784142480000,1023.5757,5.64
1784142540000,1023.5757,5.64
1784142600000,1023.5757,5.64
1784142660000,1023.5757,5.64
1784142720000,1023.5757,5.64
1784142780000,1023.5757,5.64
1784142840000,1023.5757,5.64
1784142900000,1023.5757,5.64
1784142960000,1023.5757,5.64
1784143020000,1023.5757,5.64
1784143080000,1014.1105,6.51
1784189460000,1014.1105,6.51
1784189520000,1014.1105,6.51
1784189580000,1014.1105,6.51
1784189640000,1014.1105,6.51
1784189700000,1014.1105,6.51
1784189760000,1014.1105,6.51
1784189820000,1014.1105,6.51
1784189880000,1014.1105,6.51
1784189940000,1014.1105,6.51
1784190000000,1014.1105,6.51
1784190060000,1014.1105,6.51
1784190120000,1014.1105,6.51
1784190180000,1014.1105,6.51
1784190240000,1014.1105,6.51
1784190300000,1014.1105,6.51
1784190360000,1014.1105,6.51
1784190420000,1014.1105,6.51
1784190480000,1014.1105,6.51
1784190540000,1014.1105,6.51
1784190600000,1014.1105,6.51
1784190660000,1014.1105,6.51
1784190720000,1014.1105,6.51
1784190780000,1014.1105,6.51
1784190840000,1014.1105,6.51
1784190900000,1014.1105,6.51
1784190960000,1014.1105,6.51
1784191020000,1014.1105,6.51
1784191080000,1014.1105,6.51
1784191140000,1014.1105,6.51
1784191200000,1014.1105,6.51
1784191260000,1014.1105,6.51
1784191320000,1014.1105,6.51
1784191380000,1014.1105,6.51
1784191440000,1014.1105,6.51
1784191500000,1014.1105,6.51
1784191560000,1014.1105,6.51
1784191620000,1014.1105,6.51
1784191680000,1014.1105,6.51
1784191740000,1014.1105,6.51
1784191800000,1014.1105,6.51
1784191860000,1014.1105,6.51
1784191920000,1014.1105,6.51
1784191980000,1014.1105,6.51
1784192040000,1014.1105,6.51
1784192100000,1014.1105,6.51
1784192160000,1014.1105,6.51
1784192220000,1014.1105,6.51
1784192280000,1014.1105,6.51
1784192340000,1014.1105,6.51
1784192400000,1014.1105,6.51
1784192460000,1014.1105,6.51
1784192520000,1014.1105,6.51
1784192580000,1014.1105,6.51
1784192640000,1014.1105,6.51
1784192700000,1014.1105,6.51
1784192760000,1014.1105,6.51
1784192820000,1014.1105,6.51
1784192880000,1014.1105,6.51
1784192940000,1014.1105,6.51
1784193000000,1014.1105,6.51
1784193060000,1014.1105,6.51
1784193120000,1014.1105,6.51
1784193180000,1014.1105,6.51
1784193240000,1014.1105,6.51
1784193300000,1014.1105,6.51
1784193360000,1014.1105,6.51
1784193420000,1014.1105,6.51
1784193480000,1014.1105,6.51
1784193540000,1014.1105,6.51
1784193600000,1014.1105,6.51
1784193660000,1014.1105,6.51
1784193720000,1014.1105,6.51
1784193780000,1014.1105,6.51
1784193840000,1014.1105,6.51
1784193900000,1014.1105,6.51
1784193960000,1014.1105,6.51
1784194020000,1014.1105,6.51
1784194080000,1014.1105,6.51
1784194140000,1014.1105,6.51
1784194200000,1014.1105,6.51
1784194260000,1014.1105,6.51
1784194320000,1014.1105,6.51
1784194380000,1014.1105,6.51
1784194440000,1014.1105,6.51
1784194500000,1014.1105,6.51
1784194560000,1014.1105,6.51
1784194620000,1014.1105,6.51
1784194680000,1014.1105,6.51
1784194740000,1014.1105,6.51
1784194800000,1014.1105,6.51
1784194860000,1014.1105,6.51
1784194920000,1014.1105,6.51
1784194980000,1014.1105,6.51
1784195040000,1014.1105,6.51
1784195100000,1014.1105,6.51
1784195160000,1014.1105,6.51
1784195220000,1014.1105,6.51
1784195280000,1014.1105,6.51
1784195340000,1014.1105,6.51
1784195400000,1014.1105,6.51
1784195460000,1014.1105,6.51
1784195520000,1014.1105,6.51
1784195580000,1014.1105,6.51
1784195640000,1014.1105,6.51
1784195700000,1014.1105,6.51
1784195760000,1014.1105,6.51
1784195820000,1014.1105,6.51
1784195880000,1014.1105,6.51
1784195940000,1014.1105,6.51
1784196000000,1014.1105,6.51
1784196060000,1014.1105,6.51
1784196120000,1014.1105,6.51
1784196180000,1014.1105,6.51
1784196240000,1014.1105,6.51
1784196300000,1014.1105,6.51
1784196360000,1014.1105,6.51
1784196420000,1014.1105,6.51
1784196480000,1014.1105,6.51
1784196540000,1014.1105,6.51
1784196600000,1014.1105,6.51
1784196660000,1014.1105,6.51
1784196720000,1014.1105,6.51
1784196780000,1014.1105,6.51
1784196840000,1014.1105,6.51
1784196900000,1014.1105,6.51
1784196960000,1014.1105,6.51
1784197020000,1014.1105,6.51
1784197080000,1014.1105,6.51
1784197140000,1014.1105,6.51
1784197200000,1014.1105,6.51
1784197260000,1014.1105,6.51
1784197320000,1014.1105,6.51
1784197380000,1014.1105,6.51
1784197440000,1014.1105,6.51
1784197500000,1014.1105,6.51
1784197560000,1014.1105,6.51
1784197620000,1014.1105,6.51
1784197680000,1014.1105,6.51
1784197740000,1014.1105,6.51
1784197800000,1014.1105,6.51
1784197860000,1014.1105,6.51
1784197920000,1014.1105,6.51
1784197980000,1014.1105,6.51
1784198040000,1014.1105,6.51
1784198100000,1014.1105,6.51
1784198160000,1014.1105,6.51
1784198220000,1014.1105,6.51
1784198280000,1014.1105,6.51
1784198340000,1014.1105,6.51
1784198400000,1014.1105,6.51
1784198460000,1014.1105,6.51
1784198520000,1014.1105,6.51
1784198580000,1014.1105,6.51
1784198640000,1014.1105,6.51
1784198700000,1014.1105,6.51
1784198760000,1014.1105,6.51
1784198820000,1014.1105,6.51
1784198880000,1014.1105,6.51
1784198940000,1014.1105,6.51
1784199000000,1014.1105,6.51
1784199060000,1014.1105,6.51
1784199120000,1014.1105,6.51
1784199180000,1014.1105,6.51
1784199240000,1014.1105,6.51
1784199300000,1014.1105,6.51
1784199360000,1014.1105,6.51
1784199420000,1014.1105,6.51
1784199480000,1014.1105,6.51
1784199540000,1014.1105,6.51
1784199600000,1014.1105,6.51
1784199660000,1014.1105,6.51
1784199720000,1014.1105,6.51
1784199780000,1014.1105,6.51
1784199840000,1014.1105,6.51
1784199900000,1014.1105,6.51
1784199960000,1014.1105,6.51
1784200020000,1014.1105,6.51
1784200080000,1014.1105,6.51
1784200140000,1014.1105,6.51
1784200200000,1014.1105,6.51
1784200260000,1014.1105,6.51
1784200320000,1014.1105,6.51
1784200380000,1014.1105,6.51
1784200440000,1014.1105,6.51
1784200500000,1014.1105,6.51
1784200560000,1014.1105,6.51
1784200620000,1014.1105,6.51
1784200680000,1014.1105,6.51
1784200740000,1014.1105,6.51
1784200800000,1014.1105,6.51
1784200860000,1014.1105,6.51
1784200920000,1014.1105,6.51
1784200980000,1014.1105,6.51
1784201040000,1014.1105,6.51
1784201100000,1014.1105,6.51
1784201160000,1014.1105,6.51
1784201220000,1014.1105,6.51
1784201280000,1014.1105,6.51
1784201340000,1014.1105,6.51
1784201400000,1014.1105,6.51
1784201460000,1014.1105,6.51
1784201520000,1014.1105,6.51
1784201580000,1014.1105,6.51
1784201640000,1014.1105,6.51
1784201700000,1014.1105,6.51
1784201760000,1014.1105,6.51
1784201820000,1014.1105,6.51
1784201880000,1014.1105,6.51
1784201940000,1014.1105,6.51
1784202000000,1014.1105,6.51
1784202060000,1014.1105,6.51
1784202120000,1014.1105,6.51
1784202180000,1014.1105,6.51
1784202240000,1014.1105,6.51
1784202300000,1014.1105,6.51
1784202360000,1014.1105,6.51
1784202420000,1014.1105,6.51
1784202480000,1014.1105,6.51
1784202540000,1014.1105,6.51
1784202600000,1014.1105,6.51
1784202660000,1014.1105,6.51
1784202720000,1014.1105,6.51
1784202780000,1014.1105,6.51
1784202840000,1014.1105,6.51
1784202900000,1014.1105,6.51
1784202960000,1014.1105,6.51
1784203020000,1014.1105,6.51
1784203080000,1014.1105,6.51
1784203140000,1014.1105,6.51
1784203200000,1014.1105,6.51
1784203260000,1014.1105,6.51
1784203320000,1014.1105,6.51
1784203380000,1014.1105,6.51
1784203440000,1014.1105,6.51
1784203500000,1014.1105,6.51
1784203560000,1014.1105,6.51
1784203620000,1014.1105,6.51
1784203680000,1014.1105,6.51
1784203740000,1014.1105,6.51
1784203800000,1014.1105,6.51
1784203860000,1014.1105,6.51
1784203920000,1014.1105,6.51
1784203980000,1014.1105,6.51
1784204040000,1014.1105,6.51
1784204100000,1014.1105,6.51
1784204160000,1014.1105,6.51
1784204220000,1014.1105,6.51
1784204280000,1014.1105,6.51
1784204340000,1014.1105,6.51
1784204400000,1014.1105,6.51
1784204460000,1014.1105,6.51
1784204520000,1014.1105,6.51
1784204580000,1014.1105,6.51
1784204640000,1014.1105,6.51
1784204700000,1014.1105,6.51
1784204760000,1014.1105,6.51
1784204820000,1014.1105,6.51
1784204880000,1014.1105,6.51
1784204940000,1014.1105,6.51
1784205000000,1014.1105,6.51
1784205060000,1014.1105,6.51
1784205120000,1014.1105,6.51
1784205180000,1014.1105,6.51
1784205240000,1014.1105,6.51
1784205300000,1014.1105,6.51
1784205360000,1014.1105,6.51
1784205420000,1014.1105,6.51
1784205480000,1014.1105,6.51
1784205540000,1014.1105,6.51
1784205600000,1014.1105,6.51
1784205660000,1014.1105,6.51
1784205720000,1014.1105,6.51
1784205780000,1014.1105,6.51
1784205840000,1014.1105,6.51
1784205900000,1014.1105,6.51
1784205960000,1014.1105,6.51
1784206020000,1014.1105,6.51
1784206080000,1014.1105,6.51
1784206140000,1014.1105,6.51
1784206200000,1014.1105,6.51
1784206260000,1014.1105,6.51
1784206320000,1014.1105,6.51
1784206380000,1014.1105,6.51
1784206440000,1014.1105,6.51
1784206500000,1014.1105,6.51
1784206560000,1014.1105,6.51
1784206620000,1014.1105,6.51
1784206680000,1014.1105,6.51
1784206740000,1014.1105,6.51
1784206800000,1014.1105,6.51
1784206860000,1014.1105,6.51
1784206920000,1014.1105,6.51
1784206980000,1014.1105,6.51
1784207040000,1014.1105,6.51
1784207100000,1014.1105,6.51
1784207160000,1014.1105,6.51
1784207220000,1014.1105,6.51
1784207280000,1014.1105,6.51
1784207340000,1014.1105,6.51
1784207400000,1014.1105,6.51
1784207460000,1014.1105,6.51
1784207520000,1014.1105,6.51
1784207580000,1014.1105,6.51
1784207640000,1014.1105,6.51
1784207700000,1014.1105,6.51
1784207760000,1014.1105,6.51
1784207820000,1014.1105,6.51
1784207880000,1014.1105,6.51
1784207940000,1014.1105,6.51
1784208000000,1014.1105,6.51
1784208060000,1014.1105,6.51
1784208120000,1014.1105,6.51
1784208180000,1014.1105,6.51
1784208240000,1014.1105,6.51
1784208300000,1014.1105,6.51
1784208360000,1014.1105,6.51
1784208420000,1014.1105,6.51
1784208480000,1014.1105,6.51
1784208540000,1014.1105,6.51
1784208600000,1014.1105,6.51
1784208660000,1014.1105,6.51
1784208720000,1014.1105,6.51
1784208780000,1014.1105,6.51
1784208840000,1014.1105,6.51
1784208900000,1014.1105,6.51
1784208960000,1014.1105,6.51
1784209020000,1014.1105,6.51
1784209080000,1014.1105,6.51
1784209140000,1014.1105,6.51
1784209200000,1014.1105,6.51
1784209260000,1014.1105,6.51
1784209320000,1014.1105,6.51
1784209380000,1014.1105,6.51
1784209440000,1014.1105,6.51
1784209500000,1014.1105,6.51
1784209560000,1014.1105,6.51
1784209620000,1014.1105,6.51
1784209680000,1014.1105,6.51
1784209740000,1014.1105,6.51
1784209800000,1014.1105,6.51
1784209860000,1014.1105,6.51
1784209920000,1014.1105,6.51
1784209980000,1014.1105,6.51
1784210040000,1014.1105,6.51
1784210100000,1014.1105,6.51
1784210160000,1014.1105,6.51
1784210220000,1014.1105,6.51
1784210280000,1014.1105,6.51
1784210340000,1014.1105,6.51
1784210400000,1014.1105,6.51
1784210460000,1014.1105,6.51
1784210520000,1014.1105,6.51
1784210580000,1014.1105,6.51
1784210640000,1014.1105,6.51
1784210700000,1014.1105,6.51
1784210760000,1014.1105,6.51
1784210820000,1014.1105,6.51
1784210880000,1014.1105,6.51
1784210940000,1014.1105,6.51
1784211000000,1014.1105,6.51
1784211060000,1014.1105,6.51
1784211120000,1014.1105,6.51
1784211180000,1014.1105,6.51
1784211240000,1014.1105,6.51
1784211300000,1014.1105,6.51
1784211360000,1014.1105,6.51
1784211420000,1014.1105,6.51
1784211480000,1014.1105,6.51
1784211540000,1014.1105,6.51
1784211600000,1014.1105,6.51
1784211660000,1014.1105,6.51
1784211720000,1014.1105,6.51
1784211780000,1014.1105,6.51
1784211840000,1014.1105,6.51
1784211900000,1014.1105,6.51
1784211960000,1014.1105,6.51
1784212020000,1014.1105,6.51
1784212080000,1014.1105,6.51
1784212140000,1014.1105,6.51
1784212200000,1014.1105,6.51
1784212260000,1014.1105,6.51
1784212320000,1014.1105,6.51
1784212380000,1014.1105,6.51
1784212440000,1014.1105,6.51
1784212500000,1014.1105,6.51
1784212560000,1014.1105,6.51
1784212620000,1014.1105,6.51
1784212680000,1014.1105,6.51
1784212740000,1014.1105,6.51
1784212800000,1014.1105,6.51
1784212860000,1014.1105,6.51
1784212920000,1014.1105,6.51
1784212980000,1014.1105,6.51
1784213040000,1014.1105,6.51
1784213100000,1014.1105,6.51
1784213160000,1014.1105,6.51
1784213220000,1014.1105,6.51
1784213280000,1014.1105,6.51
1784213340000,1014.1105,6.51
1784213400000,1014.1105,6.51
1784213460000,1014.1105,6.51
1784213520000,1014.1105,6.51
1784213580000,1014.1105,6.51
1784213640000,1014.1105,6.51
1784213700000,1014.1105,6.51
1784213760000,1014.1105,6.51
1784213820000,1014.1105,6.51
1784213880000,1014.1105,6.51
1784213940000,1014.1105,6.51
1784214000000,1014.1105,6.51
1784214060000,1014.1105,6.51
1784214120000,1014.1105,6.51
1784214180000,1014.1105,6.51
1784214240000,1014.1105,6.51
1784214300000,1014.1105,6.51
1784214360000,1014.1105,6.51
1784214420000,1014.1105,6.51
1784214480000,1014.1105,6.51
1784214540000,1014.1105,6.51
1784214600000,1014.1105,6.51
1784214660000,1014.1105,6.51
1784214720000,1014.1105,6.51
1784214780000,1014.1105,6.51
1784214840000,1014.1105,6.51
1784214900000,1014.1105,6.51
1784214960000,1014.1105,6.51
1784215020000,1014.1105,6.51
1784215080000,1014.1105,6.51
1784215140000,1014.1105,6.51
1784215200000,1014.1105,6.51
1784215260000,1014.1105,6.51
1784215320000,1014.1105,6.51
1784215380000,1014.1105,6.51
1784215440000,1014.1105,6.51
1784215500000,1014.1105,6.51
1784215560000,1014.1105,6.51
1784215620000,1014.1105,6.51
1784215680000,1014.1105,6.51
1784215740000,1014.1105,6.51
1784215800000,1014.1105,6.51
1784215860000,1014.1105,6.51
1784215920000,1014.1105,6.51
1784215980000,1014.1105,6.51
1784216040000,1014.1105,6.51
1784216100000,1014.1105,6.51
1784216160000,1014.1105,6.51
1784216220000,1014.1105,6.51
1784216280000,1014.1105,6.51
1784216340000,1014.1105,6.51
1784216400000,1014.1105,6.51
1784216460000,1014.1105,6.51
1784216520000,1014.1105,6.51
1784216580000,1014.1105,6.51
1784216640000,1014.1105,6.51
1784216700000,1014.1105,6.51
1784216760000,1014.1105,6.51
1784216820000,1014.1105,6.51
1784216880000,1014.1105,6.51
1784216940000,1014.1105,6.51
1784217000000,1014.1105,6.51
1784217060000,1014.1105,6.51
1784217120000,1014.1105,6.51
1784217180000,1014.1105,6.51
1784217240000,1014.1105,6.51
1784217300000,1014.1105,6.51
1784217360000,1014.1105,6.51
1784217420000,1014.1105,6.51
1784217480000,1014.1105,6.51
1784217540000,1014.1105,6.51
1784217600000,1014.1105,6.51
1784217660000,1014.1105,6.51
1784217720000,1014.1105,6.51
1784217780000,1014.1105,6.51
1784217840000,1014.1105,6.51
1784217900000,1014.1105,6.51
1784217960000,1014.1105,6.51
1784218020000,1014.1105,6.51
1784218080000,1014.1105,6.51
1784218140000,1014.1105,6.51
1784218200000,1014.1105,6.51
1784218260000,1014.1105,6.51
1784218320000,1014.1105,6.51
1784218380000,1014.1105,6.51
1784218440000,1014.1105,6.51
1784218500000,1014.1105,6.51
1784218560000,1014.1105,6.51
1784218620000,1014.1105,6.51
1784218680000,1014.1105,6.51
1784218740000,1014.1105,6.51
1784218800000,1014.1105,6.51
1784218860000,1014.1105,6.51
1784218920000,1014.1105,6.51
1784218980000,1014.1105,6.51
1784219040000,1014.1105,6.51
1784219100000,1014.1105,6.51
1784219160000,1014.1105,6.51
1784219220000,1014.1105,6.51
1784219280000,1014.1105,6.51
1784219340000,1014.1105,6.51
1784219400000,1014.1105,6.51
1784219460000,1014.1105,6.51
1784219520000,1014.1105,6.51
1784219580000,1014.1105,6.51
1784219640000,1014.1105,6.51
1784219700000,1014.1105,6.51
1784219760000,1014.1105,6.51
1784219820000,1014.1105,6.51
1784219880000,1014.1105,6.51
1784219940000,1014.1105,6.51
1784220000000,1014.1105,6.51
1784220060000,1014.1105,6.51
1784220120000,1014.1105,6.51
1784220180000,1014.1105,6.51
1784220240000,1014.1105,6.51
1784220300000,1014.1105,6.51
1784220360000,1014.1105,6.51
1784220420000,1014.1105,6.51
1784220480000,1014.1105,6.51
1784220540000,1014.1105,6.51
1784220600000,1014.1105,6.51
1784220660000,1014.1105,6.51
1784220720000,1014.1105,6.51
1784220780000,1014.1105,6.51
1784220840000,1014.1105,6.51
1784220900000,1014.1105,6.51
1784220960000,1014.1105,6.51
1784221020000,1014.1105,6.51
1784221080000,1014.1105,6.51
1784221140000,1014.1105,6.51
1784221200000,1014.1105,6.51
1784221260000,1014.1105,6.51
1784221320000,1014.1105,6.51
1784221380000,1014.1105,6.51
1784221440000,1014.1105,6.51
1784221500000,1014.1105,6.51
1784221560000,1014.1105,6.51
1784221620000,1014.1105,6.51
1784221680000,1014.1105,6.51
1784221740000,1014.1105,6.51
1784221800000,1014.1105,6.51
1784221860000,1014.1105,6.51
1784221920000,1014.1105,6.51
1784221980000,1014.1105,6.51
1784222040000,1014.1105,6.51
1784222100000,1014.1105,6.51
1784222160000,1014.1105,6.51
1784222220000,1014.1105,6.51
1784222280000,1014.1105,6.51
1784222340000,1014.1105,6.51
1784222400000,1014.1105,6.51
1784222460000,1014.1105,6.51
1784222520000,1014.1105,6.51
1784222580000,1014.1105,6.51
1784222640000,1014.1105,6.51
1784222700000,1014.1105,6.51
1784222760000,1014.1105,6.51
1784222820000,1014.1105,6.51
1784222880000,1014.1105,6.51
1784222940000,1014.1105,6.51
1784223000000,1014.1105,6.51
1784223060000,1014.1105,6.51
1784223120000,1014.1105,6.51
1784223180000,1014.1105,6.51
1784223240000,1014.1105,6.51
1784223300000,1014.1105,6.51
1784223360000,1014.1105,6.51
1784223420000,1014.1105,6.51
1784223480000,1014.1105,6.51
1784223540000,1014.1105,6.51
1784223600000,1014.1105,6.51
1784223660000,1014.1105,6.51
1784223720000,1014.1105,6.51
1784223780000,1014.1105,6.51
1784223840000,1014.1105,6.51
1784223900000,1014.1105,6.51
1784223960000,1014.1105,6.51
1784224020000,1014.1105,6.51
1784224080000,1014.1105,6.51
1784224140000,1014.1105,6.51
1784224200000,1014.1105,6.51
1784224260000,1014.1105,6.51
1784224320000,1014.1105,6.51
1784224380000,1014.1105,6.51
1784224440000,1014.1105,6.51
1784224500000,1014.1105,6.51
1784224560000,1014.1105,6.51
1784224620000,1014.1105,6.51
1784224680000,1014.1105,6.51
1784224740000,1014.1105,6.51
1784224800000,1014.1105,6.51
1784224860000,1014.1105,6.51
1784224920000,1014.1105,6.51
1784224980000,1014.1105,6.51
1784225040000,1014.1105,6.51
1784225100000,1014.1105,6.51
1784225160000,1014.1105,6.51
1784225220000,1014.1105,6.51
1784225280000,1014.1105,6.51
1784225340000,1014.1105,6.51
1784225400000,1014.1105,6.51
1784225460000,1014.1105,6.51
1784225520000,1014.1105,6.51
1784225580000,1014.1105,6.51
1784225640000,1014.1105,6.51
1784225700000,1014.1105,6.51
1784225760000,1014.1105,6.51
1784225820000,1014.1105,6.51
1784225880000,1014.1105,6.51
1784225940000,1014.1105,6.51
1784226000000,1014.1105,6.51
1784226060000,1014.1105,6.51
1784226120000,1014.1105,6.51
1784226180000,1014.1105,6.51
1784226240000,1014.1105,6.51
1784226300000,1014.1105,6.51
1784226360000,1014.1105,6.51
1784226420000,1014.1105,6.51
1784226480000,1014.1105,6.51
1784226540000,1014.1105,6.51
1784226600000,1014.1105,6.51
1784226660000,1014.1105,6.51
1784226720000,1014.1105,6.51
1784226780000,1014.1105,6.51
1784226840000,1014.1105,6.51
1784226900000,1014.1105,6.51
1784226960000,1014.1105,6.51
1784227020000,1014.1105,6.51
1784227080000,1014.1105,6.51
1784227140000,1014.1105,6.51
1784227200000,1014.1105,6.51
1784227260000,1014.1105,6.51
1784227320000,1014.1105,6.51
1784227380000,1014.1105,6.51
1784227440000,1014.1105,6.51
1784227500000,1014.1105,6.51
1784227560000,1014.1105,6.51
1784227620000,1014.1105,6.51
1784227680000,1014.1105,6.51
1784227740000,1014.1105,6.51
1784227800000,1014.1105,6.51
1784227860000,1014.1105,6.51
1784227920000,1014.1105,6.51
1784227980000,1014.1105,6.51
1784228040000,1014.1105,6.51
1784228100000,1014.1105,6.51
1784228160000,1014.1105,6.51
1784228220000,1014.1105,6.51
1784228280000,1014.1105,6.51
1784228340000,1014.1105,6.51
1784228400000,1014.1105,6.51
1784228460000,1014.1105,6.51
1784228520000,1014.1105,6.51
1784228580000,1014.1105,6.51
1784228640000,1014.1105,6.51
1784228700000,1014.1105,6.51
1784228760000,1014.1105,6.51
1784228820000,1014.1105,6.51
1784228880000,1014.1105,6.51
1784228940000,1014.1105,6.51
1784229000000,1014.1105,6.51
1784229060000,1014.1105,6.51
1784229120000,1014.1105,6.51
1784229180000,1014.1105,6.51
1784229240000,1014.1105,6.51
1784229300000,1014.1105,6.51
1784229360000,1014.1105,6.51
1784229420000,1014.1105,6.51
1784229480000,1014.1105,6.51
1784229540000,1014.1105,6.51
1784229600000,1014.1105,6.51
1784229660000,1014.1105,6.51
1784229720000,1014.1105,6.51
1784229780000,1014.1105,6.51
1784229840000,1014.1105,6.51
1784229900000,1014.1105,6.51
1784229960000,1014.1105,6.51
1784230020000,1014.1105,6.51
1784230080000,1014.1105,6.51
1784230140000,1014.1105,6.51
1784230200000,1014.1105,6.51
1784230260000,1014.1105,6.51
1784230320000,1014.1105,6.51
1784230380000,1014.1105,6.51
1784230440000,1014.1105,6.51
1784230500000,1014.1105,6.51
1784230560000,1014.1105,6.51
1784230620000,1014.1105,6.51
1784230680000,1014.1105,6.51
1784230740000,1014.1105,6.51
1784230800000,1014.1105,6.51
1784230860000,1014.1105,6.51
1784230920000,1014.1105,6.51
1784230980000,1014.1105,6.51
1784231040000,1014.1105,6.51
1784231100000,1014.1105,6.51
1784231160000,1014.1105,6.51
1784231220000,1014.1105,6.51
1784231280000,1014.1105,6.51
1784231340000,1014.1105,6.51
1784231400000,1014.1105,6.51
1784231460000,1014.1105,6.51
1784231520000,1014.1105,6.51
1784231580000,1014.1105,6.51
1784231640000,1014.1105,6.51
1784231700000,1014.1105,6.51
1784231760000,1014.1105,6.51
1784231820000,1014.1105,6.51
1784231880000,1014.1105,6.51
1784231940000,1014.1105,6.51
1784232000000,1014.1105,6.51
1784232060000,1014.1105,6.51
1784232120000,1014.1105,6.51
1784232180000,1014.1105,6.51
1784232240000,1014.1105,6.51
1784232300000,1014.1105,6.51
1784232360000,1014.1105,6.51
1784232420000,1014.1105,6.51
1784232480000,1014.1105,6.51
1784232540000,1014.1105,6.51
1784232600000,1014.1105,6.51
1784232660000,1014.1105,6.51
1784232720000,1014.1105,6.51
1784232780000,1014.1105,6.51
1784232840000,1014.1105,6.51
1784232900000,1014.1105,6.51
1784232960000,1014.1105,6.51
1784233020000,1014.1105,6.51
1784233080000,1014.1105,6.51
1784233140000,1014.1105,6.51
1784233200000,1014.1105,6.51
1784233260000,1014.1105,6.51
1784233320000,1014.1105,6.51
1784233380000,1014.1105,6.51
1784233440000,1014.1105,6.51
1784233500000,1014.1105,6.51
1784233560000,1014.1105,6.51
1784233620000,1014.1105,6.51
1784233680000,1014.1105,6.51
1784233740000,1014.1105,6.51
1784233800000,1014.1105,6.51
1784233860000,1014.1105,6.51
1784233920000,1014.1105,6.51
1784233980000,1014.1105,6.51
1784234040000,1014.1105,6.51
1784234100000,1014.1105,6.51
1784234160000,1014.1105,6.51
1784234220000,1014.1105,6.51
1784234280000,1014.1105,6.51
1784234340000,1014.1105,6.51
1784234400000,1014.1105,6.51
1784234460000,1014.1105,6.51
1784234520000,1014.1105,6.51
1784234580000,1014.1105,6.51
1784234640000,1014.1105,6.51
1784234700000,1014.1105,6.51
1784234760000,1014.1105,6.51
1784234820000,1014.1105,6.51
1784234880000,1014.1105,6.51
1784234940000,1014.1105,6.51
1784235000000,1014.1105,6.51
1784235060000,1014.1105,6.51
1784235120000,1014.1105,6.51
1784235180000,1014.1105,6.51
1784235240000,1014.1105,6.51
1784235300000,1014.1105,6.51
1784235360000,1014.1105,6.51
1784235420000,1014.1105,6.51
1784235480000,1014.1105,6.51
1784235540000,1014.1105,6.51
1784235600000,1014.1105,6.51
1784235660000,1014.1105,6.51
1784235720000,1014.1105,6.51
1784235780000,1014.1105,6.51
1784235840000,1014.1105,6.51
1784235900000,1014.1105,6.51
1784235960000,1014.1105,6.51
1784236020000,1014.1105,6.51
1784236080000,1014.1105,6.51
1784236140000,1014.1105,6.51
1784236200000,1014.1105,6.51
1784236260000,1014.1105,6.51
1784236320000,1014.1105,6.51
1784236380000,1014.1105,6.51
1784236440000,1014.1105,6.51
1784236500000,1014.1105,6.51
1784236560000,1014.1105,6.51
1784236620000,1014.1105,6.51
1784236680000,1014.1105,6.51
1784236740000,1014.1105,6.51
1784236800000,1014.1105,6.51
1784236860000,1014.1105,6.51
1784236920000,1014.1105,6.51
1784236980000,1014.1105,6.51
1784237040000,1014.1105,6.51
1784237100000,1014.1105,6.51
1784237160000,1014.1105,6.51
1784237220000,1014.1105,6.51
1784237280000,1014.1105,6.51
1784237340000,1014.1105,6.51
1784237400000,1014.1105,6.51
1784237460000,1014.1105,6.51
1784237520000,1014.1105,6.51
1784237580000,1014.1105,6.51
1784237640000,1014.1105,6.51
1784237700000,1014.1105,6.51
1784237760000,1014.1105,6.51
1784237820000,1014.1105,6.51
1784237880000,1014.1105,6.51
1784237940000,1014.1105,6.51
1784238000000,1014.1105,6.51
1784238060000,1014.1105,6.51
1784238120000,1014.1105,6.51
1784238180000,1014.1105,6.51
1784238240000,1014.1105,6.51
1784238300000,1014.1105,6.51
1784238360000,1014.1105,6.51
1784238420000,1014.1105,6.51
1784238480000,1014.1105,6.51
1784238540000,1014.1105,6.51
1784238600000,1014.1105,6.51
1784238660000,1014.1105,6.51
1784238720000,1014.1105,6.51
1784238780000,1014.1105,6.51
1784238840000,1014.1105,6.51
1784238900000,1014.1105,6.51
1784238960000,1014.1105,6.51
1784239020000,1014.1105,6.51
1784239080000,1014.1105,6.51
1784239140000,1014.1105,6.51
1784239200000,1014.1105,6.51
1784239260000,1014.1105,6.51
1784239320000,1014.1105,6.51
1784239380000,1014.1105,6.51
1784239440000,1014.1105,6.51
1784239500000,1014.1105,6.51
1784239560000,1014.1105,6.51
1784239620000,1014.1105,6.51
1784239680000,1014.1105,6.51
1784239740000,1014.1105,6.51
1784239800000,1014.1105,6.51
1784239860000,1014.1105,6.51
1784239920000,1014.1105,6.51
1784239980000,1014.1105,6.51
1784240040000,1014.1105,6.51
1784240100000,1014.1105,6.51
1784240160000,1014.1105,6.51
1784240220000,1014.1105,6.51
1784240280000,1014.1105,6.51
1784240340000,1014.1105,6.51
1784240400000,1014.1105,6.51
1784240460000,1014.1105,6.51
1784240520000,1014.1105,6.51
1784240580000,1014.1105,6.51
1784240640000,1014.1105,6.51
1784240700000,1014.1105,6.51
1784240760000,1014.1105,6.51
1784240820000,1014.1105,6.51
1784240880000,1014.1105,6.51
1784240940000,1014.1105,6.51
1784241000000,1014.1105,6.51
1784241060000,1014.1105,6.51
1784241120000,1014.1105,6.51
1784241180000,1014.1105,6.51
1784241240000,1014.1105,6.51
1784241300000,1014.1105,6.51
1784241360000,1014.1105,6.51
1784241420000,1014.1105,6.51
1784241480000,1014.1105,6.51
1784241540000,1014.1105,6.51
1784241600000,1014.1105,6.51
1784241660000,1014.1105,6.51
1784241720000,1014.1105,6.51
1784241780000,1014.1105,6.51
1784241840000,1014.1105,6.51
1784241900000,1014.1105,6.51
1784241960000,1014.1105,6.51
1784242020000,1014.1105,6.51
1784242080000,1014.1105,6.51
1784242140000,1014.1105,6.51
1784242200000,1014.1105,6.51
1784242260000,1014.1105,6.51
1784242320000,1014.1105,6.51
1784242380000,1014.1105,6.51
1784242440000,1014.1105,6.51
1784242500000,1014.1105,6.51
1784242560000,1014.1105,6.51
1784242620000,1014.1105,6.51
1784242680000,1014.1105,6.51
1784242740000,1014.1105,6.51
1784242800000,1014.1105,6.51
1784242860000,1014.1105,6.51
1784242920000,1014.1105,6.51
1784242980000,1014.1105,6.51
1784243040000,1014.1105,6.51
1784243100000,1014.1105,6.51
1784243160000,1014.1105,6.51
1784243220000,1014.1105,6.51
1784243280000,1014.1105,6.51
1784243340000,1014.1105,6.51
1784243400000,1014.1105,6.51
1784243460000,1014.1105,6.51
1784243520000,1014.1105,6.51
1784243580000,1014.1105,6.51
1784243640000,1014.1105,6.51
1784243700000,1014.1105,6.51
1784243760000,1014.1105,6.51
1784243820000,1014.1105,6.51
1784243880000,1014.1105,6.51
1784243940000,1014.1105,6.51
1784244000000,1036.195,4.47
1784276280000,1036.195,4.47
1784276340000,1036.195,4.47
1784276400000,1036.195,4.47
1784276460000,1036.195,4.47
1784276520000,1036.195,4.47
1784276580000,1036.195,4.47
1784276640000,1036.195,4.47
1784276700000,1036.195,4.47
1784276760000,1036.195,4.47
1784276820000,1036.195,4.47
1784276880000,1036.195,4.47
1784276940000,1036.195,4.47
1784277000000,1036.195,4.47
1784277060000,1036.195,4.47
1784277120000,1036.195,4.47
1784277180000,1036.195,4.47
1784277240000,1036.195,4.47
1784277300000,1036.195,4.47
1784277360000,1036.195,4.47
1784277420000,1036.195,4.47
1784277480000,1036.195,4.47
1784277540000,1036.195,4.47
1784277600000,1036.195,4.47
1784277660000,1036.195,4.47
1784277720000,1036.195,4.47
1784277780000,1036.195,4.47
1784277840000,1036.195,4.47
1784277900000,1036.195,4.47
1784277960000,1036.195,4.47
1784278020000,1036.195,4.47
1784278080000,1036.195,4.47
1784278140000,1025.6492,5.45
1784295240000,1025.6492,5.45
1784295300000,1025.6492,5.45
1784295360000,1025.6492,5.45
1784295420000,1025.6492,5.45
1784295480000,1025.6492,5.45
1784295540000,1025.6492,5.45
1784295600000,1025.6492,5.45
1784295660000,1025.6492,5.45
1784295720000,1025.6492,5.45
1784295780000,1025.6492,5.45
1784295840000,1025.6492,5.45
1784295900000,1025.6492,5.45
1784295960000,1025.6492,5.45
1784296020000,1025.6492,5.45
1784296080000,1025.6492,5.45
1784296140000,1025.6492,5.45
1784296200000,1025.6492,5.45
1784296260000,1025.6492,5.45
1784296320000,1025.6492,5.45
1784296380000,1025.6492,5.45
1784296440000,1025.6492,5.45
1784296500000,1025.6492,5.45
1784296560000,1015.9136,6.34
1784306940000,1015.9136,6.34
1784307000000,1015.9136,6.34
1784307060000,1015.9136,6.34
1784307120000,1015.9136,6.34
1784307180000,1015.9136,6.34
1784307240000,1015.9136,6.34
1784307300000,1015.9136,6.34
1784307360000,1015.9136,6.34
1784307420000,1015.9136,6.34
1784307480000,1015.9136,6.34
1784307540000,1015.9136,6.34
1784307600000,1015.9136,6.34
1784307660000,1015.9136,6.34
1784307720000,1015.9136,6.34
1784307780000,1015.9136,6.34
1784307840000,1015.9136,6.34
1784307900000,1015.9136,6.34
1784307960000,1015.9136,6.34
1784308020000,1015.9136,6.34
1784308080000,1015.9136,6.34
1784308140000,1015.9136,6.34
1784308200000,1015.9136,6.34
1784308260000,1027.967,5.23
1784399160000,1027.967,5.23
1784399220000,1027.967,5.23
1784399280000,1027.967,5.23
1784399340000,1027.967,5.23
1784399400000,1027.967,5.23
1784399460000,1027.967,5.23
1784399520000,1027.967,5.23
1784399580000,1027.967,5.23
1784399640000,1027.967,5.23
1784399700000,1027.967,5.23
1784399760000,1027.967,5.23
1784399820000,1027.967,5.23
1784399880000,1027.967,5.23
1784399940000,1027.967,5.23
1784400000000,1027.967,5.23
1784400060000,1027.967,5.23
1784400120000,1027.967,5.23
1784400180000,1027.967,5.23
1784400240000,1027.967,5.23
1784400300000,1027.967,5.23
1784400360000,1027.967,5.23
1784400420000,1027.967,5.23
1784400480000,1027.967,5.23
1784400540000,1027.967,5.23
1784400600000,1027.967,5.23
1784400660000,1027.967,5.23
1784400720000,1027.967,5.23
1784400780000,1027.967,5.23
1784400840000,1027.967,5.23
1784400900000,1027.967,5.23
1784400960000,1027.967,5.23
1784401020000,1027.967,5.23
1784401080000,1027.967,5.23
1784401140000,1027.967,5.23
1784401200000,1027.967,5.23
1784401260000,1027.967,5.23
1784401320000,1027.967,5.23
1784401380000,1027.967,5.23
1784401440000,1027.967,5.23
1784401500000,1027.967,5.23
1784401560000,1027.967,5.23
1784401620000,1027.967,5.23
1784401680000,1027.967,5.23
1784401740000,1027.967,5.23
1784401800000,1027.967,5.23
1784401860000,1027.967,5.23
1784401920000,1027.967,5.23
1784401980000,1027.967,5.23
1784402040000,1027.967,5.23
1784402100000,1027.967,5.23
1784402160000,1027.967,5.23
1784402220000,1027.967,5.23
1784402280000,1027.967,5.23
1784402340000,1027.967,5.23
1784402400000,1027.967,5.23
1784402460000,1027.967,5.23
1784402520000,1027.967,5.23
1784402580000,1027.967,5.23
1784402640000,1027.967,5.23
1784402700000,1027.967,5.23
1784402760000,1027.967,5.23
1784402820000,1027.967,5.23
1784402880000,1027.967,5.23
1784402940000,1027.967,5.23
1784403000000,1027.967,5.23
1784403060000,1027.967,5.23
1784403120000,1027.967,5.23
1784403180000,1027.967,5.23
1784403240000,1027.967,5.23
1784403300000,1027.967,5.23
1784403360000,1027.967,5.23
1784403420000,1027.967,5.23
1784403480000,1027.967,5.23
1784403540000,1027.967,5.23
1784403600000,1027.967,5.23
1784403660000,1027.967,5.23
1784403720000,1027.967,5.23
1784403780000,1027.967,5.23
1784403840000,1027.967,5.23
1784403900000,1027.967,5.23
1784403960000,1027.967,5.23
1784404020000,1027.967,5.23
1784404080000,1027.967,5.23
1784404140000,1027.967,5.23
1784404200000,1027.967,5.23
1784404260000,1027.967,5.23
1784404320000,1027.967,5.23
1784404380000,1027.967,5.23
1784404440000,1027.967,5.23
1784404500000,1027.967,5.23
1784404560000,1027.967,5.23
1784404620000,1027.967,5.23
1784404680000,1027.967,5.23
1784404740000,1027.967,5.23
1784404800000,1027.967,5.23
1784404860000,1027.967,5.23
1784404920000,1027.967,5.23
1784404980000,1027.967,5.23
1784405040000,1027.967,5.23
1784405100000,1027.967,5.23
1784405160000,1027.967,5.23
1784405220000,1027.967,5.23
1784405280000,1027.967,5.23
1784405340000,1027.967,5.23
1784405400000,1027.967,5.23
1784405460000,1027.967,5.23
1784405520000,1027.967,5.23
1784405580000,1027.967,5.23
1784405640000,1027.967,5.23
1784405700000,1027.967,5.23
1784405760000,1027.967,5.23
1784405820000,1027.967,5.23
1784405880000,1027.967,5.23
1784405940000,1027.967,5.23
1784406000000,1027.967,5.23
1784406060000,1027.967,5.23
1784406120000,1027.967,5.23
1784406180000,1027.967,5.23
1784406240000,1027.967,5.23
1784406300000,1027.967,5.23
1784406360000,1027.967,5.23
1784406420000,1027.967,5.23
1784406480000,1027.967,5.23
1784406540000,1027.967,5.23
1784406600000,1027.967,5.23
1784406660000,1027.967,5.23
1784406720000,1027.967,5.23
1784406780000,1027.967,5.23
1784406840000,1027.967,5.23
1784406900000,1027.967,5.23
1784406960000,1027.967,5.23
1784407020000,1027.967,5.23
1784407080000,1027.967,5.23
1784407140000,1027.967,5.23
1784407200000,1027.967,5.23
1784407260000,1027.967,5.23
1784407320000,1027.967,5.23
1784407380000,1027.967,5.23
1784407440000,1027.967,5.23
1784407500000,1027.967,5.23
1784407560000,1027.967,5.23
1784407620000,1027.967,5.23
1784407680000,1027.967,5.23
1784407740000,1027.967,5.23
1784407800000,1027.967,5.23
1784407860000,1027.967,5.23
1784407920000,1027.967,5.23
1784407980000,1027.967,5.23
1784408040000,1027.967,5.23
1784408100000,1027.967,5.23
1784408160000,1027.967,5.23
1784408220000,1027.967,5.23
1784408280000,1027.967,5.23
1784408340000,1027.967,5.23
1784408400000,1027.967,5.23
1784408460000,1027.967,5.23
1784408520000,1027.967,5.23
1784408580000,1027.967,5.23
1784408640000,1027.967,5.23
1784408700000,1027.967,5.23
1784408760000,1027.967,5.23
1784408820000,1027.967,5.23
1784408880000,1027.967,5.23
1784408940000,1027.967,5.23
1784409000000,1027.967,5.23
1784409060000,1027.967,5.23
1784409120000,1027.967,5.23
1784409180000,1027.967,5.23
1784409240000,1027.967,5.23
1784409300000,1027.967,5.23
1784409360000,1027.967,5.23
1784409420000,1027.967,5.23
1784409480000,1027.967,5.23
1784409540000,1027.967,5.23
1784409600000,1027.967,5.23
1784409660000,1027.967,5.23
1784409720000,1027.967,5.23
1784409780000,1027.967,5.23
1784409840000,1027.967,5.23
1784409900000,1027.967,5.23
1784409960000,1027.967,5.23
1784410020000,1027.967,5.23
1784410080000,1027.967,5.23
1784410140000,1027.967,5.23
1784410200000,1027.967,5.23
1784410260000,1027.967,5.23
1784410320000,1027.967,5.23
1784410380000,1027.967,5.23
1784410440000,1027.967,5.23
1784410500000,1027.967,5.23
1784410560000,1027.967,5.23
1784410620000,1027.967,5.23
1784410680000,1027.967,5.23
1784410740000,1027.967,5.23
1784410800000,1027.967,5.23
1784410860000,1027.967,5.23
1784410920000,1027.967,5.23
1784410980000,1027.967,5.23
1784411040000,1027.967,5.23
1784411100000,1027.967,5.23
1784411160000,1027.967,5.23
1784411220000,1027.967,5.23
1784411280000,1027.967,5.23
1784411340000,1027.967,5.23
1784411400000,1027.967,5.23
1784411460000,1027.967,5.23
1784411520000,1027.967,5.23
1784411580000,1027.967,5.23
1784411640000,1027.967,5.23
1784411700000,1027.967,5.23
1784411760000,1027.967,5.23
1784411820000,1027.967,5.23
1784411880000,1027.967,5.23
1784411940000,1027.967,5.23
1784412000000,1027.967,5.23
1784412060000,1027.967,5.23
1784412120000,1027.967,5.23
1784412180000,1027.967,5.23
1784412240000,1027.967,5.23
1784412300000,1027.967,5.23
1784412360000,1027.967,5.23
1784412420000,1027.967,5.23
1784412480000,1027.967,5.23
1784412540000,1027.967,5.23
1784412600000,1027.967,5.23
1784412660000,1027.967,5.23
1784412720000,1027.967,5.23
1784412780000,1027.967,5.23
1784412840000,1027.967,5.23
1784412900000,1027.967,5.23
1784412960000,1027.967,5.23
1784413020000,1027.967,5.23
1784413080000,1027.967,5.23
1784413140000,1027.967,5.23
1784413200000,1027.967,5.23
1784413260000,1027.967,5.23
1784413320000,1027.967,5.23
1784413380000,1027.967,5.23
1784413440000,1027.967,5.23
1784413500000,1027.967,5.23
1784413560000,1027.967,5.23
1784413620000,1027.967,5.23
1784413680000,1027.967,5.23
1784413740000,1027.967,5.23
1784413800000,1027.967,5.23
1784413860000,1027.967,5.23
1784413920000,1027.967,5.23
1784413980000,1027.967,5.23
1784414040000,1027.967,5.23
1784414100000,1027.967,5.23
1784414160000,1027.967,5.23
1784414220000,1027.967,5.23
1784414280000,1027.967,5.23
1784414340000,1027.967,5.23
1784414400000,1027.967,5.23
1784414460000,1027.967,5.23
1784414520000,1027.967,5.23
1784414580000,1027.967,5.23
1784414640000,1027.967,5.23
1784414700000,1027.967,5.23
1784414760000,1027.967,5.23
1784414820000,1027.967,5.23
1784414880000,1027.967,5.23
1784414940000,1027.967,5.23
1784415000000,1027.967,5.23
1784415060000,1027.967,5.23
1784415120000,1027.967,5.23
1784415180000,1027.967,5.23
1784415240000,1027.967,5.23
1784415300000,1027.967,5.23
1784415360000,1027.967,5.23
1784415420000,1027.967,5.23
1784415480000,1027.967,5.23
1784415540000,1027.967,5.23
1784415600000,1027.967,5.23
1784415660000,1027.967,5.23
1784415720000,1027.967,5.23
1784415780000,1027.967,5.23
1784415840000,1027.967,5.23
1784415900000,1027.967,5.23
1784415960000,1027.967,5.23
1784416020000,1027.967,5.23
1784416080000,1027.967,5.23
1784416140000,1027.967,5.23
1784416200000,1027.967,5.23
1784416260000,1027.967,5.23
1784416320000,1027.967,5.23
1784416380000,1027.967,5.23
1784416440000,1027.967,5.23
1784416500000,1027.967,5.23
1784416560000,1027.967,5.23
1784416620000,1027.967,5.23
1784416680000,1027.967,5.23
1784416740000,1027.967,5.23
1784416800000,1027.967,5.23
1784416860000,1027.967,5.23
1784416920000,1027.967,5.23
1784416980000,1027.967,5.23
1784417040000,1027.967,5.23
1784417100000,1027.967,5.23
1784417160000,1027.967,5.23
1784417220000,1027.967,5.23
1784417280000,1027.967,5.23
1784417340000,1027.967,5.23
1784417400000,1027.967,5.23
1784417460000,1027.967,5.23
1784417520000,1027.967,5.23
1784417580000,1027.967,5.23
1784417640000,1027.967,5.23
1784417700000,1027.967,5.23
1784417760000,1027.967,5.23
1784417820000,1027.967,5.23
1784417880000,1027.967,5.23
1784417940000,1027.967,5.23
1784418000000,1027.967,5.23
1784418060000,1027.967,5.23
1784418120000,1027.967,5.23
1784418180000,1027.967,5.23
1784418240000,1027.967,5.23
1784418300000,1027.967,5.23
1784418360000,1027.967,5.23
1784418420000,1027.967,5.23
1784418480000,1027.967,5.23
1784418540000,1027.967,5.23
1784418600000,1027.967,5.23
1784418660000,1027.967,5.23
1784418720000,1027.967,5.23
1784418780000,1027.967,5.23
1784418840000,1027.967,5.23
1784418900000,1027.967,5.23
1784418960000,1027.967,5.23
1784419020000,1027.967,5.23
1784419080000,1027.967,5.23
1784419140000,1027.967,5.23
1784419200000,1027.967,5.23
1784419260000,1027.967,5.23
1784419320000,1027.967,5.23
1784419380000,1027.967,5.23
1784419440000,1027.967,5.23
1784419500000,1027.967,5.23
1784419560000,1027.967,5.23
1784419620000,1027.967,5.23
1784419680000,1027.967,5.23
1784419740000,1027.967,5.23
1784419800000,1027.967,5.23
1784419860000,1027.967,5.23
1784419920000,1027.967,5.23
1784419980000,1027.967,5.23
1784420040000,1027.967,5.23
1784420100000,1027.967,5.23
1784420160000,1027.967,5.23
1784420220000,1027.967,5.23
1784420280000,1027.967,5.23
1784420340000,1027.967,5.23
1784420400000,1027.967,5.23
1784420460000,1027.967,5.23
1784420520000,1027.967,5.23
1784420580000,1027.967,5.23
1784420640000,1027.967,5.23
1784420700000,1027.967,5.23
1784420760000,1027.967,5.23
1784420820000,1027.967,5.23
1784420880000,1027.967,5.23
1784420940000,1027.967,5.23
1784421000000,1027.967,5.23
1784421060000,1027.967,5.23
1784421120000,1027.967,5.23
1784421180000,1027.967,5.23
1784421240000,1027.967,5.23
1784421300000,1027.967,5.23
1784421360000,1027.967,5.23
1784421420000,1027.967,5.23
1784421480000,1027.967,5.23
1784421540000,1027.967,5.23
1784421600000,1027.967,5.23
1784421660000,1027.967,5.23
1784421720000,1027.967,5.23
1784421780000,1027.967,5.23
1784421840000,1027.967,5.23
1784421900000,1027.967,5.23
1784421960000,1027.967,5.23
1784422020000,1027.967,5.23
1784422080000,1027.967,5.23
1784422140000,1027.967,5.23
1784422200000,1027.967,5.23
1784422260000,1027.967,5.23
1784422320000,1027.967,5.23
1784422380000,1027.967,5.23
1784422440000,1027.967,5.23
1784422500000,1027.967,5.23
1784422560000,1027.967,5.23
1784422620000,1027.967,5.23
1784422680000,1027.967,5.23
1784422740000,1027.967,5.23
1784422800000,1027.967,5.23
1784422860000,1027.967,5.23
1784422920000,1027.967,5.23
1784422980000,1027.967,5.23
1784423040000,1027.967,5.23
1784423100000,1027.967,5.23
1784423160000,1027.967,5.23
1784423220000,1027.967,5.23
1784423280000,1027.967,5.23
1784423340000,1027.967,5.23
1784423400000,1027.967,5.23
1784423460000,1027.967,5.23
1784423520000,1027.967,5.23
1784423580000,1027.967,5.23
1784423640000,1027.967,5.23
1784423700000,1027.967,5.23
1784423760000,1027.967,5.23
1784423820000,1027.967,5.23
1784423880000,1027.967,5.23
1784423940000,1027.967,5.23
1784424000000,1027.967,5.23
1784424060000,1027.967,5.23
1784424120000,1027.967,5.23
1784424180000,1027.967,5.23
1784424240000,1027.967,5.23
1784424300000,1027.967,5.23
1784424360000,1027.967,5.23
1784424420000,1027.967,5.23
1784424480000,1027.967,5.23
1784424540000,1027.967,5.23
1784424600000,1027.967,5.23
1784424660000,1027.967,5.23
1784424720000,1027.967,5.23
1784424780000,1027.967,5.23
1784424840000,1027.967,5.23
1784424900000,1027.967,5.23
1784424960000,1027.967,5.23
1784425020000,1027.967,5.23
1784425080000,1027.967,5.23
1784425140000,1027.967,5.23
1784425200000,1027.967,5.23
1784425260000,1027.967,5.23
1784425320000,1027.967,5.23
1784425380000,1027.967,5.23
1784425440000,1027.967,5.23
1784425500000,1027.967,5.23
1784425560000,1027.967,5.23
1784425620000,1027.967,5.23
1784425680000,1027.967,5.23
1784425740000,1027.967,5.23
1784425800000,1027.967,5.23
1784425860000,1027.967,5.23
1784425920000,1027.967,5.23
1784425980000,1027.967,5.23
1784426040000,1027.967,5.23
1784426100000,1027.967,5.23
1784426160000,1027.967,5.23
1784426220000,1027.967,5.23
1784426280000,1027.967,5.23
1784426340000,1027.967,5.23
1784426400000,1027.967,5.23
1784426460000,1027.967,5.23
1784426520000,1027.967,5.23
1784426580000,1027.967,5.23
1784426640000,1027.967,5.23
1784426700000,1027.967,5.23
1784426760000,1027.967,5.23
1784426820000,1027.967,5.23
1784426880000,1027.967,5.23
1784426940000,1027.967,5.23
1784427000000,1027.967,5.23
1784427060000,1027.967,5.23
1784427120000,1027.967,5.23
1784427180000,1027.967,5.23
1784427240000,1027.967,5.23
1784427300000,1027.967,5.23
1784427360000,1027.967,5.23
1784427420000,1027.967,5.23
1784427480000,1027.967,5.23
1784427540000,1027.967,5.23
1784427600000,1027.967,5.23
1784427660000,1027.967,5.23
1784427720000,1027.967,5.23
1784427780000,1027.967,5.23
1784427840000,1027.967,5.23
1784427900000,1027.967,5.23
1784427960000,1027.967,5.23
1784428020000,1027.967,5.23
1784428080000,1027.967,5.23
1784428140000,1027.967,5.23
1784428200000,1027.967,5.23
1784428260000,1027.967,5.23
1784428320000,1027.967,5.23
1784428380000,1027.967,5.23
1784428440000,1027.967,5.23
1784428500000,1027.967,5.23
1784428560000,1027.967,5.23
1784428620000,1027.967,5.23
1784428680000,1027.967,5.23
1784428740000,1027.967,5.23
1784428800000,1027.967,5.23
1784428860000,1027.967,5.23
1784428920000,1027.967,5.23
1784428980000,1027.967,5.23
1784429040000,1027.967,5.23
1784429100000,1027.967,5.23
1784429160000,1027.967,5.23
1784429220000,1027.967,5.23
1784429280000,1027.967,5.23
1784429340000,1027.967,5.23
1784429400000,1027.967,5.23
1784429460000,1027.967,5.23
1784429520000,1027.967,5.23
1784429580000,1027.967,5.23
1784429640000,1027.967,5.23
1784429700000,1027.967,5.23
1784429760000,1027.967,5.23
1784429820000,1027.967,5.23
1784429880000,1027.967,5.23
1784429940000,1027.967,5.23
1784430000000,1027.967,5.23
1784430060000,1027.967,5.23
1784430120000,1027.967,5.23
1784430180000,1027.967,5.23
1784430240000,1027.967,5.23
1784430300000,1027.967,5.23
1784430360000,1027.967,5.23
1784430420000,1027.967,5.23
1784430480000,1027.967,5.23
1784430540000,1027.967,5.23
1784430600000,1027.967,5.23
1784430660000,1027.967,5.23
1784430720000,1027.967,5.23
1784430780000,1027.967,5.23
1784430840000,1027.967,5.23
1784430900000,1027.967,5.23
1784430960000,1027.967,5.23
1784431020000,1027.967,5.23
1784431080000,1027.967,5.23
1784431140000,1027.967,5.23
1784431200000,1027.967,5.23
1784431260000,1027.967,5.23
1784431320000,1027.967,5.23
1784431380000,1027.967,5.23
1784431440000,1027.967,5.23
1784431500000,1027.967,5.23
1784431560000,1027.967,5.23
1784431620000,1027.967,5.23
1784431680000,1027.967,5.23
1784431740000,1027.967,5.23
1784431800000,1027.967,5.23
1784431860000,1027.967,5.23
1784431920000,1027.967,5.23
1784431980000,1027.967,5.23
1784432040000,1027.967,5.23
1784432100000,1027.967,5.23
1784432160000,1027.967,5.23
1784432220000,1027.967,5.23
1784432280000,1027.967,5.23
1784432340000,1027.967,5.23
1784432400000,1027.967,5.23
1784432460000,1027.967,5.23
1784432520000,1027.967,5.23
1784432580000,1027.967,5.23
1784432640000,1027.967,5.23
1784432700000,1027.967,5.23
1784432760000,1027.967,5.23
1784432820000,1027.967,5.23
1784432880000,1027.967,5.23
1784432940000,1027.967,5.23
1784433000000,1027.967,5.23
1784433060000,1027.967,5.23
1784433120000,1027.967,5.23
1784433180000,1027.967,5.23
1784433240000,1027.967,5.23
1784433300000,1027.967,5.23
1784433360000,1027.967,5.23
1784433420000,1027.967,5.23
1784433480000,1027.967,5.23
1784433540000,1027.967,5.23
1784433600000,1027.967,5.23
1784433660000,1027.967,5.23
1784433720000,1027.967,5.23
1784433780000,1027.967,5.23
1784433840000,1027.967,5.23
1784433900000,1027.967,5.23
1784433960000,1027.967,5.23
1784434020000,1027.967,5.23
1784434080000,1027.967,5.23
1784434140000,1027.967,5.23
1784434200000,1027.967,5.23
1784434260000,1027.967,5.23
1784434320000,1027.967,5.23
1784434380000,1027.967,5.23
1784434440000,1027.967,5.23
1784434500000,1027.967,5.23
1784434560000,1027.967,5.23
1784434620000,1027.967,5.23
1784434680000,1027.967,5.23
1784434740000,1027.967,5.23
1784434800000,1027.967,5.23
1784434860000,1027.967,5.23
1784434920000,1027.967,5.23
1784434980000,1027.967,5.23
1784435040000,1027.967,5.23
1784435100000,1027.967,5.23
1784435160000,1027.967,5.23
1784435220000,1027.967,5.23
1784435280000,1027.967,5.23
1784435340000,1027.967,5.23
1784435400000,1027.967,5.23
1784435460000,1027.967,5.23
1784435520000,1027.967,5.23
1784435580000,1027.967,5.23
1784435640000,1027.967,5.23
1784435700000,1027.967,5.23
1784435760000,1027.967,5.23
1784435820000,1027.967,5.23
1784435880000,1027.967,5.23
1784435940000,1027.967,5.23
1784436000000,1027.967,5.23
1784436060000,1027.967,5.23
1784436120000,1027.967,5.23
1784436180000,1027.967,5.23
1784436240000,1027.967,5.23
1784436300000,1027.967,5.23
1784436360000,1027.967,5.23
1784436420000,1027.967,5.23
1784436480000,1027.967,5.23
1784436540000,1027.967,5.23
1784436600000,1027.967,5.23
1784436660000,1027.967,5.23
1784436720000,1027.967,5.23
1784436780000,1027.967,5.23
1784436840000,1027.967,5.23
1784436900000,1027.967,5.23
1784436960000,1027.967,5.23
1784437020000,1027.967,5.23
1784437080000,1027.967,5.23
1784437140000,1027.967,5.23
1784437200000,1027.967,5.23
1784437260000,1027.967,5.23
1784437320000,1027.967,5.23
1784437380000,1027.967,5.23
1784437440000,1027.967,5.23
1784437500000,1027.967,5.23
1784437560000,1027.967,5.23
1784437620000,1027.967,5.23
1784437680000,1027.967,5.23
1784437740000,1027.967,5.23
1784437800000,1027.967,5.23
1784437860000,1027.967,5.23
1784437920000,1027.967,5.23
1784437980000,1027.967,5.23
1784438040000,1027.967,5.23
1784438100000,1027.967,5.23
1784438160000,1027.967,5.23
1784438220000,1027.967,5.23
1784438280000,1027.967,5.23
1784438340000,1027.967,5.23
1784438400000,1027.967,5.23
1784438460000,1027.967,5.23
1784438520000,1027.967,5.23
1784438580000,1027.967,5.23
1784438640000,1027.967,5.23
1784438700000,1027.967,5.23
1784438760000,1027.967,5.23
1784438820000,1027.967,5.23
1784438880000,1027.967,5.23
1784438940000,1027.967,5.23
1784439000000,1027.967,5.23
1784439060000,1027.967,5.23
1784439120000,1027.967,5.23
1784439180000,1027.967,5.23
1784439240000,1027.967,5.23
1784439300000,1027.967,5.23
1784439360000,1027.967,5.23
1784439420000,1027.967,5.23
1784439480000,1027.967,5.23
1784439540000,1027.967,5.23
1784439600000,1027.967,5.23
1784439660000,1027.967,5.23
1784439720000,1027.967,5.23
1784439780000,1027.967,5.23
1784439840000,1027.967,5.23
1784439900000,1027.967,5.23
1784439960000,1027.967,5.23
1784440020000,1027.967,5.23
1784440080000,1027.967,5.23
1784440140000,1027.967,5.23
1784440200000,1027.967,5.23
1784440260000,1027.967,5.23
1784440320000,1027.967,5.23
1784440380000,1027.967,5.23
1784440440000,1027.967,5.23
1784440500000,1027.967,5.23
1784440560000,1027.967,5.23
1784440620000,1027.967,5.23
1784440680000,1027.967,5.23
1784440740000,1027.967,5.23
1784440800000,1027.967,5.23
1784440860000,1027.967,5.23
1784440920000,1027.967,5.23
1784440980000,1027.967,5.23
1784441040000,1027.967,5.23
1784441100000,1027.967,5.23
1784441160000,1027.967,5.23
1784441220000,1027.967,5.23
1784441280000,1027.967,5.23
1784441340000,1027.967,5.23
1784441400000,1027.967,5.23
1784441460000,1027.967,5.23
1784441520000,1027.967,5.23
1784441580000,1027.967,5.23
1784441640000,1027.967,5.23
1784441700000,1027.967,5.23
1784441760000,1027.967,5.23
1784441820000,1027.967,5.23
1784441880000,1027.967,5.23
1784441940000,1027.967,5.23
1784442000000,1027.967,5.23
1784442060000,1027.967,5.23
1784442120000,1027.967,5.23
1784442180000,1027.967,5.23
1784442240000,1027.967,5.23
1784442300000,1027.967,5.23
1784442360000,1027.967,5.23
1784442420000,1027.967,5.23
1784442480000,1027.967,5.23
1784442540000,1027.967,5.23
1784442600000,1027.967,5.23
1784442660000,1027.967,5.23
1784442720000,1027.967,5.23
1784442780000,1027.967,5.23
1784442840000,1027.967,5.23
1784442900000,1027.967,5.23
1784442960000,1027.967,5.23
1784443020000,1027.967,5.23
1784443080000,1027.967,5.23
1784443140000,1027.967,5.23
1784443200000,1027.967,5.23
1784443260000,1027.967,5.23
1784443320000,1027.967,5.23
1784443380000,1027.967,5.23
1784443440000,1027.967,5.23
1784443500000,1027.967,5.23
1784443560000,1027.967,5.23
1784443620000,1027.967,5.23
1784443680000,1027.967,5.23
1784443740000,1027.967,5.23
1784443800000,1027.967,5.23
1784443860000,1027.967,5.23
1784443920000,1027.967,5.23
1784443980000,1027.967,5.23
1784444040000,1027.967,5.23
1784444100000,1027.967,5.23
1784444160000,1027.967,5.23
1784444220000,1027.967,5.23
1784444280000,1027.967,5.23
1784444340000,1027.967,5.23
1784444400000,1027.967,5.23
1784444460000,1027.967,5.23
1784444520000,1027.967,5.23
1784444580000,1027.967,5.23
1784444640000,1027.967,5.23
1784444700000,1027.967,5.23
1784444760000,1027.967,5.23
1784444820000,1027.967,5.23
1784444880000,1027.967,5.23
1784444940000,1027.967,5.23
1784445000000,1027.967,5.23
1784445060000,1027.967,5.23
1784445120000,1027.967,5.23
1784445180000,1027.967,5.23
1784445240000,1027.967,5.23
1784445300000,1027.967,5.23
1784445360000,1027.967,5.23
1784445420000,1027.967,5.23
1784445480000,1027.967,5.23
1784445540000,1027.967,5.23
1784445600000,1027.967,5.23
1784445660000,1027.967,5.23
1784445720000,1027.967,5.23
1784445780000,1027.967,5.23
1784445840000,1027.967,5.23
1784445900000,1027.967,5.23
1784445960000,1027.967,5.23
1784446020000,1027.967,5.23
1784446080000,1027.967,5.23
1784446140000,1027.967,5.23
1784446200000,1027.967,5.23
1784446260000,1027.967,5.23
1784446320000,1027.967,5.23
1784446380000,1027.967,5.23
1784446440000,1027.967,5.23
1784446500000,1027.967,5.23
1784446560000,1027.967,5.23
1784446620000,1027.967,5.23
1784446680000,1027.967,5.23
1784446740000,1027.967,5.23
1784446800000,1027.967,5.23
1784446860000,1027.967,5.23
1784446920000,1027.967,5.23
1784446980000,1027.967,5.23
1784447040000,1027.967,5.23
1784447100000,1027.967,5.23
1784447160000,1027.967,5.23
1784447220000,1027.967,5.23
1784447280000,1027.967,5.23
1784447340000,1027.967,5.23
1784447400000,1027.967,5.23
1784447460000,1027.967,5.23
1784447520000,1027.967,5.23
1784447580000,1027.967,5.23
1784447640000,1027.967,5.23
1784447700000,1027.967,5.23
1784447760000,1027.967,5.23
1784447820000,1027.967,5.23
1784447880000,1027.967,5.23
1784447940000,1027.967,5.23
1784448000000,1027.967,5.23
1784448060000,1027.967,5.23
1784448120000,1027.967,5.23
1784448180000,1027.967,5.23
1784448240000,1027.967,5.23
1784448300000,1027.967,5.23
1784448360000,1027.967,5.23
1784448420000,1027.967,5.23
1784448480000,1027.967,5.23
1784448540000,1027.967,5.23
1784448600000,1027.967,5.23
1784448660000,1027.967,5.23
1784448720000,1027.967,5.23
1784448780000,1027.967,5.23
1784448840000,1027.967,5.23
1784448900000,1027.967,5.23
1784448960000,1027.967,5.23
1784449020000,1027.967,5.23
1784449080000,1027.967,5.23
1784449140000,1027.967,5.23
1784449200000,1027.967,5.23
1784449260000,1027.967,5.23
1784449320000,1027.967,5.23
1784449380000,1027.967,5.23
1784449440000,1027.967,5.23
1784449500000,1027.967,5.23
1784449560000,1027.967,5.23
1784449620000,1027.967,5.23
1784449680000,1027.967,5.23
1784449740000,1027.967,5.23
1784449800000,1027.967,5.23
1784449860000,1027.967,5.23
1784449920000,1027.967,5.23
1784449980000,1027.967,5.23
1784450040000,1027.967,5.23
1784450100000,1027.967,5.23
1784450160000,1027.967,5.23
1784450220000,1027.967,5.23
1784450280000,1027.967,5.23
1784450340000,1027.967,5.23
1784450400000,1027.967,5.23
1784450460000,1027.967,5.23
1784450520000,1027.967,5.23
1784450580000,1027.967,5.23
1784450640000,1027.967,5.23
1784450700000,1027.967,5.23
1784450760000,1027.967,5.23
1784450820000,1027.967,5.23
1784450880000,1027.967,5.23
1784450940000,1027.967,5.23
1784451000000,1027.967,5.23
1784451060000,1027.967,5.23
1784451120000,1027.967,5.23
1784451180000,1027.967,5.23
1784451240000,1027.967,5.23
1784451300000,1027.967,5.23
1784451360000,1027.967,5.23
1784451420000,1027.967,5.23
1784451480000,1027.967,5.23
1784451540000,1027.967,5.23
1784451600000,1027.967,5.23
1784451660000,1027.967,5.23
1784451720000,1027.967,5.23
1784451780000,1027.967,5.23
1784451840000,1027.967,5.23
1784451900000,1027.967,5.23
1784451960000,1027.967,5.23
1784452020000,1027.967,5.23
1784452080000,1027.967,5.23
1784452140000,1027.967,5.23
1784452200000,1027.967,5.23
1784452260000,1027.967,5.23
1784452320000,1027.967,5.23
1784452380000,1027.967,5.23
1784452440000,1027.967,5.23
1784452500000,1027.967,5.23
1784452560000,1027.967,5.23
1784452620000,1027.967,5.23
1784452680000,1027.967,5.23
1784452740000,1027.967,5.23
1784452800000,1027.967,5.23
1784452860000,1027.967,5.23
1784452920000,1027.967,5.23
1784452980000,1027.967,5.23
1784453040000,1027.967,5.23
1784453100000,1027.967,5.23
1784453160000,1027.967,5.23
1784453220000,1027.967,5.23
1784453280000,1027.967,5.23
1784453340000,1027.967,5.23
1784453400000,1027.967,5.23
1784453460000,1027.967,5.23
1784453520000,1027.967,5.23
1784453580000,1027.967,5.23
1784453640000,1027.967,5.23
1784453700000,1027.967,5.23
1784453760000,1027.967,5.23
1784453820000,1027.967,5.23
1784453880000,1027.967,5.23
1784453940000,1027.967,5.23
1784454000000,1027.967,5.23
1784454060000,1027.967,5.23
1784454120000,1027.967,5.23
1784454180000,1027.967,5.23
1784454240000,1027.967,5.23
1784454300000,1027.967,5.23
1784454360000,1027.967,5.23
1784454420000,1027.967,5.23
1784454480000,1027.967,5.23
1784454540000,1027.967,5.23
1784454600000,1027.967,5.23
1784454660000,1027.967,5.23
1784454720000,1027.967,5.23
1784454780000,1027.967,5.23
1784454840000,1027.967,5.23
1784454900000,1027.967,5.23
1784454960000,1027.967,5.23
1784455020000,1027.967,5.23
1784455080000,1027.967,5.23
1784455140000,1027.967,5.23
1784455200000,1027.967,5.23
1784455260000,1027.967,5.23
1784455320000,1027.967,5.23
1784455380000,1027.967,5.23
1784455440000,1027.967,5.23
1784455500000,1027.967,5.23
1784455560000,1027.967,5.23
1784455620000,1027.967,5.23
1784455680000,1027.967,5.23
1784455740000,1027.967,5.23
1784455800000,1027.967,5.23
1784455860000,1027.967,5.23
1784455920000,1027.967,5.23
1784455980000,1027.967,5.23
1784456040000,1027.967,5.23
1784456100000,1027.967,5.23
1784456160000,1027.967,5.23
1784456220000,1027.967,5.23
1784456280000,1027.967,5.23
1784456340000,1027.967,5.23
1784456400000,1027.967,5.23
1784456460000,1027.967,5.23
1784456520000,1027.967,5.23
1784456580000,1027.967,5.23
1784456640000,1027.967,5.23
1784456700000,1027.967,5.23
1784456760000,1027.967,5.23
1784456820000,1027.967,5.23
1784456880000,1027.967,5.23
1784456940000,1027.967,5.23
1784457000000,1027.967,5.23
1784457060000,1027.967,5.23
1784457120000,1027.967,5.23
1784457180000,1027.967,5.23
1784457240000,1027.967,5.23
1784457300000,1027.967,5.23
1784457360000,1027.967,5.23
1784457420000,1027.967,5.23
1784457480000,1027.967,5.23
1784457540000,1027.967,5.23
1784457600000,1027.967,5.23
1784457660000,1027.967,5.23
1784457720000,1027.967,5.23
1784457780000,1027.967,5.23
1784457840000,1027.967,5.23
1784457900000,1027.967,5.23
1784457960000,1027.967,5.23
1784458020000,1027.967,5.23
1784458080000,1041.2472,4.01
1784485860000,1041.2472,4.01
1784485920000,1041.2472,4.01
1784485980000,1041.2472,4.01
1784486040000,1041.2472,4.01
1784486100000,1041.2472,4.01
1784486160000,1041.2472,4.01
1784486220000,1041.2472,4.01
1784486280000,1041.2472,4.01
1784486340000,1041.2472,4.01
1784486400000,1041.2472,4.01
1784486460000,1041.2472,4.01
1784486520000,1041.2472,4.01
1784486580000,1041.2472,4.01
1784486640000,1041.2472,4.01
1784486700000,1041.2472,4.01
1784486760000,1041.2472,4.01
1784486820000,1041.2472,4.01
1784486880000,1041.2472,4.01
1784486940000,1041.2472,4.01
1784487000000,1041.2472,4.01
1784487060000,1041.2472,4.01
1784487120000,1041.2472,4.01
1784487180000,1041.2472,4.01
1784487240000,1041.2472,4.01
1784487300000,1041.2472,4.01
1784487360000,1041.2472,4.01
1784487420000,1041.2472,4.01
1784487480000,1041.2472,4.01
1784487540000,1041.2472,4.01
1784487600000,1041.2472,4.01
1784487660000,1041.2472,4.01
1784487720000,1041.2472,4.01
1784487780000,1041.2472,4.01
1784487840000,1041.2472,4.01
1784487900000,1041.2472,4.01
1784487960000,1041.2472,4.01
1784488020000,1041.2472,4.01
1784488080000,1041.2472,4.01
1784488140000,1041.2472,4.01
1784488200000,1041.2472,4.01
1784488260000,1041.2472,4.01
1784488320000,1041.2472,4.01
1784488380000,1041.2472,4.01
1784488440000,1041.2472,4.01
1784488500000,1041.2472,4.01
1784488560000,1041.2472,4.01
1784488620000,1041.2472,4.01
1784488680000,1041.2472,4.01
1784488740000,1041.2472,4.01
1784488800000,1041.2472,4.01
1784488860000,1041.2472,4.01
1784488920000,1041.2472,4.01
1784488980000,1041.2472,4.01
1784489040000,1041.2472,4.01
1784489100000,1041.2472,4.01
1784489160000,1041.2472,4.01
1784489220000,1041.2472,4.01
1784489280000,1041.2472,4.01
1784489340000,1041.2472,4.01
1784489400000,1041.2472,4.01
1784489460000,1041.2472,4.01
1784489520000,1041.2472,4.01
1784489580000,1041.2472,4.01
1784489640000,1041.2472,4.01
1784489700000,1041.2472,4.01
1784489760000,1041.2472,4.01
1784489820000,1041.2472,4.01
1784489880000,1041.2472,4.01
1784489940000,1041.2472,4.01
1784490000000,1041.2472,4.01
1784490060000,1041.2472,4.01
1784490120000,1041.2472,4.01
1784490180000,1041.2472,4.01
1784490240000,1041.2472,4.01
1784490300000,1041.2472,4.01
1784490360000,1041.2472,4.01
1784490420000,1041.2472,4.01
1784490480000,1041.2472,4.01
1784490540000,1041.2472,4.01
1784490600000,1041.2472,4.01
1784490660000,1041.2472,4.01
1784490720000,1041.2472,4.01
1784490780000,1041.2472,4.01
1784490840000,1041.2472,4.01
1784490900000,1041.2472,4.01
1784490960000,1041.2472,4.01
1784491020000,1041.2472,4.01
1784491080000,1041.2472,4.01
1784491140000,1041.2472,4.01
1784491200000,1031.015,4.95
1784536680000,1031.015,4.95
1784536740000,1031.015,4.95
1784536800000,1031.015,4.95
1784536860000,1031.015,4.95
1784536920000,1031.015,4.95
1784536980000,1031.015,4.95
1784537040000,1031.015,4.95
1784537100000,1031.015,4.95
1784537160000,1031.015,4.95
1784537220000,1031.015,4.95
1784537280000,1031.015,4.95
1784537340000,1031.015,4.95
1784537400000,1031.015,4.95
1784537460000,1031.015,4.95
1784537520000,1031.015,4.95
1784537580000,1031.015,4.95
1784537640000,1031.015,4.95
1784537700000,1031.015,4.95
1784537760000,1031.015,4.95
1784537820000,1031.015,4.95
1784537880000,1031.015,4.95
1784537940000,1031.015,4.95
1784538000000,1031.015,4.95
1784538060000,1031.015,4.95
1784538120000,1031.015,4.95
1784538180000,1031.015,4.95
1784538240000,1031.015,4.95
1784538300000,1031.015,4.95
1784538360000,1031.015,4.95
1784538420000,1031.015,4.95
1784538480000,1031.015,4.95
1784538540000,1031.015,4.95
1784538600000,1031.015,4.95
1784538660000,1031.015,4.95
1784538720000,1031.015,4.95
1784538780000,1031.015,4.95
1784538840000,1031.015,4.95
1784538900000,1031.015,4.95
1784538960000,1031.015,4.95
1784539020000,1031.015,4.95
1784539080000,1031.015,4.95
1784539140000,1031.015,4.95
1784539200000,1031.015,4.95
1784539260000,1031.015,4.95
1784539320000,1031.015,4.95
1784539380000,1031.015,4.95
1784539440000,1031.015,4.95
1784539500000,1031.015,4.95
1784539560000,1031.015,4.95
1784539620000,1031.015,4.95
1784539680000,1031.015,4.95
1784539740000,1031.015,4.95
1784539800000,1031.015,4.95
1784539860000,1031.015,4.95
1784539920000,1031.015,4.95
1784539980000,1021.9744,5.78
1784545560000,1021.9744,5.78
1784545620000,1021.9744,5.78
1784545680000,1021.9744,5.78
1784545740000,1021.9744,5.78
1784545800000,1021.9744,5.78
1784545860000,1021.9744,5.78
1784545920000,1021.9744,5.78
1784545980000,1021.9744,5.78
1784546040000,1021.9744,5.78
1784546100000,1021.9744,5.78
1784546160000,1021.9744,5.78
1784546220000,1021.9744,5.78
1784546280000,1021.9744,5.78
1784546340000,1021.9744,5.78
1784546400000,1021.9744,5.78
1784546460000,1021.9744,5.78
1784546520000,1021.9744,5.78
1784546580000,1021.9744,5.78
1784546640000,1021.9744,5.78
1784546700000,1021.9744,5.78
1784546760000,1021.9744,5.78
1784546820000,1021.9744,5.78
1784546880000,1021.9744,5.78
1784546940000,1021.9744,5.78
1784547000000,1031.668,4.89
1784548680000,1031.668,4.89
1784548740000,1031.668,4.89
1784548800000,1031.668,4.89
1784548860000,1031.668,4.89
1784548920000,1022.1098,5.77
1784557080000,1022.1098,5.77
1784557140000,1022.1098,5.77
1784557200000,1022.1098,5.77
1784557260000,1022.1098,5.77
1784557320000,1022.1098,5.77
1784557380000,1022.1098,5.77
1784557440000,1022.1098,5.77
1784557500000,1022.1098,5.77
1784557560000,1022.1098,5.77
1784557620000,1012.9117,6.62
1784562240000,1012.9117,6.62
1784562300000,1012.9117,6.62
1784562360000,1012.9117,6.62
1784562420000,1012.9117,6.62
1784562480000,1012.9117,6.62
1784562540000,1012.9117,6.62
1784562600000,1012.9117,6.62
1784562660000,1012.9117,6.62
1784562720000,1012.9117,6.62
1784562780000,1012.9117,6.62
1784562840000,1012.9117,6.62
1784562900000,1012.9117,6.62
1784562960000,1012.9117,6.62
1784563020000,1012.9117,6.62
1784563080000,1012.9117,6.62
1784563140000,1012.9117,6.62
1784563200000,1012.9117,6.62
1784563260000,1012.9117,6.62
1784563320000,1012.9117,6.62
1784563380000,1012.9117,6.62
1784563440000,1012.9117,6.62
1784563500000,1012.9117,6.62
1784563560000,1012.9117,6.62
1784563620000,1012.9117,6.62
1784563680000,1012.9117,6.62
1784563740000,1012.9117,6.62
1784563800000,1012.9117,6.62
1784563860000,1012.9117,6.62
1784563920000,1012.9117,6.62
1784563980000,1012.9117,6.62
1784564040000,1012.9117,6.62
1784564100000,1012.9117,6.62
1784564160000,1012.9117,6.62
1784564220000,1012.9117,6.62
1784564280000,1012.9117,6.62
1784564340000,1012.9117,6.62
1784564400000,1012.9117,6.62
1784564460000,1012.9117,6.62
1784564520000,1012.9117,6.62
1784564580000,1012.9117,6.62
1784564640000,1012.9117,6.62
1784564700000,1012.9117,6.62
1784564760000,1012.9117,6.62
1784564820000,1012.9117,6.62
1784564880000,1012.9117,6.62
1784564940000,1012.9117,6.62
1784565000000,1012.9117,6.62
1784565060000,1012.9117,6.62
1784565120000,1012.9117,6.62
1784565180000,1012.9117,6.62
1784565240000,1012.9117,6.62
1784565300000,1012.9117,6.62
1784565360000,1012.9117,6.62
1784565420000,1012.9117,6.62
1784565480000,1012.9117,6.62
1784565540000,1012.9117,6.62
1784565600000,1012.9117,6.62
1784565660000,1012.9117,6.62
1784565720000,1012.9117,6.62
1784565780000,1012.9117,6.62
1784565840000,1012.9117,6.62
1784565900000,1012.9117,6.62
1784565960000,1012.9117,6.62
1784566020000,1012.9117,6.62
1784566080000,1012.9117,6.62
1784566140000,1012.9117,6.62
1784566200000,1012.9117,6.62
1784566260000,1012.9117,6.62
1784566320000,1012.9117,6.62
1784566380000,1012.9117,6.62
1784566440000,1012.9117,6.62
1784566500000,1012.9117,6.62
1784566560000,1012.9117,6.62
1784566620000,1012.9117,6.62
1784566680000,1012.9117,6.62
1784566740000,1012.9117,6.62
1784566800000,1012.9117,6.62
1784566860000,1012.9117,6.62
1784566920000,1012.9117,6.62
1784566980000,1012.9117,6.62
1784567040000,1012.9117,6.62
1784567100000,1012.9117,6.62
1784567160000,1012.9117,6.62
1784567220000,1012.9117,6.62
1784567280000,1012.9117,6.62
1784567340000,1012.9117,6.62
1784567400000,1012.9117,6.62
1784567460000,1012.9117,6.62
1784567520000,1012.9117,6.62
1784567580000,1012.9117,6.62
1784567640000,1012.9117,6.62
1784567700000,1012.9117,6.62
1784567760000,1012.9117,6.62
1784567820000,1012.9117,6.62
1784567880000,1012.9117,6.62
1784567940000,1012.9117,6.62
1784568000000,1012.9117,6.62
1784568060000,1012.9117,6.62
1784568120000,1012.9117,6.62
1784568180000,1012.9117,6.62
1784568240000,1012.9117,6.62
1784568300000,1012.9117,6.62
1784568360000,1012.9117,6.62
1784568420000,1012.9117,6.62
1784568480000,1012.9117,6.62
1784568540000,1012.9117,6.62
1784568600000,1012.9117,6.62
1784568660000,1012.9117,6.62
1784568720000,1012.9117,6.62
1784568780000,1012.9117,6.62
1784568840000,1012.9117,6.62
1784568900000,1012.9117,6.62
1784568960000,1012.9117,6.62
1784569020000,1012.9117,6.62
1784569080000,1012.9117,6.62
1784569140000,1012.9117,6.62
1784569200000,1012.9117,6.62
1784569260000,1012.9117,6.62
1784569320000,1012.9117,6.62
1784569380000,1012.9117,6.62
1784569440000,1012.9117,6.62
1784569500000,1012.9117,6.62
1784569560000,1012.9117,6.62
1784569620000,1012.9117,6.62
1784569680000,1012.9117,6.62
1784569740000,1012.9117,6.62
1784569800000,1012.9117,6.62
1784569860000,1012.9117,6.62
1784569920000,1012.9117,6.62
1784569980000,1012.9117,6.62
1784570040000,1012.9117,6.62
1784570100000,1012.9117,6.62
1784570160000,1012.9117,6.62
1784570220000,1012.9117,6.62
1784570280000,1012.9117,6.62
1784570340000,1012.9117,6.62
1784570400000,1012.9117,6.62
1784570460000,1031.3949,4.92
1784646180000,1031.3949,4.92
1784646240000,1031.3949,4.92
1784646300000,1031.3949,4.92
1784646360000,1031.3949,4.92
1784646420000,1031.3949,4.92
1784646480000,1031.3949,4.92
1784646540000,1031.3949,4.92
1784646600000,1031.3949,4.92
1784646660000,1031.3949,4.92
1784646720000,1031.3949,4.92
1784646780000,1031.3949,4.92
1784646840000,1031.3949,4.92
1784646900000,1031.3949,4.92
1784646960000,1031.3949,4.92
1784647020000,1031.3949,4.92
1784647080000,1031.3949,4.92
1784647140000,1031.3949,4.92
1784647200000,1031.3949,4.92
1784647260000,1031.3949,4.92
1784647320000,1031.3949,4.92
1784647380000,1031.3949,4.92
1784647440000,1031.3949,4.92
1784647500000,1031.3949,4.92
1784647560000,1031.3949,4.92
1784647620000,1031.3949,4.92
1784647680000,1031.3949,4.92
1784647740000,1031.3949,4.92
1784647800000,1031.3949,4.92
1784647860000,1031.3949,4.92
1784647920000,1031.3949,4.92
1784647980000,1031.3949,4.92
1784648040000,1031.3949,4.92
1784648100000,1031.3949,4.92
1784648160000,1031.3949,4.92
1784648220000,1031.3949,4.92
1784648280000,1031.3949,4.92
1784648340000,1031.3949,4.92
1784648400000,1031.3949,4.92
1784648460000,1031.3949,4.92
1784648520000,1031.3949,4.92
1784648580000,1031.3949,4.92
1784648640000,1031.3949,4.92
1784648700000,1031.3949,4.92
1784648760000,1031.3949,4.92
1784648820000,1031.3949,4.92
1784648880000,1031.3949,4.92
1784648940000,1031.3949,4.92
1784649000000,1031.3949,4.92
1784649060000,1031.3949,4.92
1784649120000,1031.3949,4.92
1784649180000,1031.3949,4.92
1784649240000,1031.3949,4.92
1784649300000,1031.3949,4.92
1784649360000,1031.3949,4.92
1784649420000,1031.3949,4.92
1784649480000,1031.3949,4.92
1784649540000,1031.3949,4.92
1784649600000,1031.3949,4.92
1784649660000,1031.3949,4.92
1784649720000,1031.3949,4.92
1784649780000,1031.3949,4.92
1784649840000,1031.3949,4.92
1784649900000,1031.3949,4.92
1784649960000,1031.3949,4.92
1784650020000,1031.3949,4.92
1784650080000,1031.3949,4.92
1784650140000,1031.3949,4.92
1784650200000,1031.3949,4.92
1784650260000,1031.3949,4.92
1784650320000,1031.3949,4.92
1784650380000,1031.3949,4.92
1784650440000,1031.3949,4.92
1784650500000,1031.3949,4.92
1784650560000,1031.3949,4.92
1784650620000,1031.3949,4.92
1784650680000,1031.3949,4.92
1784650740000,1031.3949,4.92
1784650800000,1031.3949,4.92
1784650860000,1031.3949,4.92
1784650920000,1031.3949,4.92
1784650980000,1031.3949,4.92
1784651040000,1031.3949,4.92
1784651100000,1031.3949,4.92
1784651160000,1031.3949,4.92
1784651220000,1031.3949,4.92
1784651280000,1031.3949,4.92
1784651340000,1031.3949,4.92
1784651400000,1031.3949,4.92
1784651460000,1031.3949,4.92
1784651520000,1031.3949,4.92
1784651580000,1031.3949,4.92
1784651640000,1031.3949,4.92
1784651700000,1031.3949,4.92
1784651760000,1031.3949,4.92
1784651820000,1031.3949,4.92
1784651880000,1031.3949,4.92
1784651940000,1031.3949,4.92
1784652000000,1031.3949,4.92
1784652060000,1031.3949,4.92
1784652120000,1031.3949,4.92
1784652180000,1031.3949,4.92
1784652240000,1031.3949,4.92
1784652300000,1031.3949,4.92
1784652360000,1031.3949,4.92
1784652420000,1031.3949,4.92
1784652480000,1031.3949,4.92
1784652540000,1031.3949,4.92
1784652600000,1031.3949,4.92
1784652660000,1031.3949,4.92
1784652720000,1031.3949,4.92
1784652780000,1031.3949,4.92
1784652840000,1031.3949,4.92
1784652900000,1031.3949,4.92
1784652960000,1031.3949,4.92
1784653020000,1031.3949,4.92
1784653080000,1031.3949,4.92
1784653140000,1031.3949,4.92
1784653200000,1031.3949,4.92
1784653260000,1031.3949,4.92
1784653320000,1031.3949,4.92
1784653380000,1031.3949,4.92
1784653440000,1031.3949,4.92
1784653500000,1031.3949,4.92
1784653560000,1031.3949,4.92
1784653620000,1031.3949,4.92
1784653680000,1031.3949,4.92
1784653740000,1031.3949,4.92
1784653800000,1031.3949,4.92
1784653860000,1031.3949,4.92
1784653920000,1031.3949,4.92
1784653980000,1031.3949,4.92
1784654040000,1031.3949,4.92
1784654100000,1031.3949,4.92
1784654160000,1031.3949,4.92
1784654220000,1031.3949,4.92
1784654280000,1031.3949,4.92
1784654340000,1031.3949,4.92
1784654400000,1031.3949,4.92
1784654460000,1031.3949,4.92
1784654520000,1031.3949,4.92
1784654580000,1031.3949,4.92
1784654640000,1031.3949,4.92
1784654700000,1031.3949,4.92
1784654760000,1031.3949,4.92
1784654820000,1031.3949,4.92
1784654880000,1031.3949,4.92
1784654940000,1031.3949,4.92
1784655000000,1031.3949,4.92
1784655060000,1031.3949,4.92
1784655120000,1031.3949,4.92
1784655180000,1031.3949,4.92
1784655240000,1031.3949,4.92
1784655300000,1031.3949,4.92
1784655360000,1031.3949,4.92
1784655420000,1031.3949,4.92
1784655480000,1031.3949,4.92
1784655540000,1031.3949,4.92
1784655600000,1031.3949,4.92
1784655660000,1031.3949,4.92
1784655720000,1031.3949,4.92
1784655780000,1031.3949,4.92
1784655840000,1031.3949,4.92
1784655900000,1031.3949,4.92
1784655960000,1031.3949,4.92
1784656020000,1031.3949,4.92
1784656080000,1031.3949,4.92
1784656140000,1031.3949,4.92
1784656200000,1031.3949,4.92
1784656260000,1031.3949,4.92
1784656320000,1031.3949,4.92
1784656380000,1031.3949,4.92
1784656440000,1031.3949,4.92
1784656500000,1031.3949,4.92
1784656560000,1031.3949,4.92
1784656620000,1031.3949,4.92
1784656680000,1031.3949,4.92
1784656740000,1031.3949,4.92
1784656800000,1031.3949,4.92
1784656860000,1031.3949,4.92
1784656920000,1031.3949,4.92
1784656980000,1031.3949,4.92
1784657040000,1031.3949,4.92
1784657100000,1031.3949,4.92
1784657160000,1031.3949,4.92
1784657220000,1031.3949,4.92
1784657280000,1031.3949,4.92
1784657340000,1031.3949,4.92
1784657400000,1031.3949,4.92
1784657460000,1031.3949,4.92
1784657520000,1031.3949,4.92
1784657580000,1031.3949,4.92
1784657640000,1031.3949,4.92
1784657700000,1031.3949,4.92
1784657760000,1031.3949,4.92
1784657820000,1031.3949,4.92
1784657880000,1031.3949,4.92
1784657940000,1031.3949,4.92
1784658000000,1031.3949,4.92
1784658060000,1031.3949,4.92
1784658120000,1031.3949,4.92
1784658180000,1031.3949,4.92
1784658240000,1031.3949,4.92
1784658300000,1031.3949,4.92
1784658360000,1031.3949,4.92
1784658420000,1031.3949,4.92
1784658480000,1031.3949,4.92
1784658540000,1031.3949,4.92
1784658600000,1031.3949,4.92
1784658660000,1031.3949,4.92
1784658720000,1031.3949,4.92
1784658780000,1031.3949,4.92
1784658840000,1031.3949,4.92
1784658900000,1031.3949,4.92
1784658960000,1031.3949,4.92
1784659020000,1031.3949,4.92
1784659080000,1031.3949,4.92
1784659140000,1031.3949,4.92
1784659200000,1031.3949,4.92
1784659260000,1031.3949,4.92
1784659320000,1031.3949,4.92
1784659380000,1031.3949,4.92
1784659440000,1031.3949,4.92
1784659500000,1031.3949,4.92
1784659560000,1031.3949,4.92
1784659620000,1031.3949,4.92
1784659680000,1031.3949,4.92
1784659740000,1031.3949,4.92
1784659800000,1031.3949,4.92
1784659860000,1031.3949,4.92
1784659920000,1031.3949,4.92
1784659980000,1031.3949,4.92
1784660040000,1031.3949,4.92
1784660100000,1031.3949,4.92
1784660160000,1031.3949,4.92
1784660220000,1031.3949,4.92
1784660280000,1031.3949,4.92
1784660340000,1031.3949,4.92
1784660400000,1031.3949,4.92
1784660460000,1031.3949,4.92
1784660520000,1031.3949,4.92
1784660580000,1031.3949,4.92
1784660640000,1031.3949,4.92
1784660700000,1031.3949,4.92
1784660760000,1031.3949,4.92
1784660820000,1031.3949,4.92
1784660880000,1031.3949,4.92
1784660940000,1031.3949,4.92
1784661000000,1031.3949,4.92
1784661060000,1031.3949,4.92
1784661120000,1031.3949,4.92
1784661180000,1031.3949,4.92
1784661240000,1031.3949,4.92
1784661300000,1031.3949,4.92
1784661360000,1031.3949,4.92
1784661420000,1031.3949,4.92
1784661480000,1031.3949,4.92
1784661540000,1031.3949,4.92
1784661600000,1031.3949,4.92
1784661660000,1031.3949,4.92
1784661720000,1031.3949,4.92
1784661780000,1031.3949,4.92
1784661840000,1031.3949,4.92
1784661900000,1031.3949,4.92
1784661960000,1031.3949,4.92
1784662020000,1031.3949,4.92
1784662080000,1031.3949,4.92
1784662140000,1031.3949,4.92
1784662200000,1031.3949,4.92
1784662260000,1031.3949,4.92
1784662320000,1031.3949,4.92
1784662380000,1031.3949,4.92
1784662440000,1031.3949,4.92
1784662500000,1031.3949,4.92
1784662560000,1031.3949,4.92
1784662620000,1031.3949,4.92
1784662680000,1031.3949,4.92
1784662740000,1031.3949,4.92
1784662800000,1031.3949,4.92
1784662860000,1031.3949,4.92
1784662920000,1031.3949,4.92
1784662980000,1031.3949,4.92
1784663040000,1031.3949,4.92
1784663100000,1031.3949,4.92
1784663160000,1031.3949,4.92
1784663220000,1031.3949,4.92
1784663280000,1031.3949,4.92
1784663340000,1031.3949,4.92
1784663400000,1031.3949,4.92
1784663460000,1031.3949,4.92
1784663520000,1031.3949,4.92
1784663580000,1031.3949,4.92
1784663640000,1031.3949,4.92
1784663700000,1031.3949,4.92
1784663760000,1031.3949,4.92
1784663820000,1031.3949,4.92
1784663880000,1031.3949,4.92
1784663940000,1031.3949,4.92
1784664000000,1031.3949,4.92
1784664060000,1031.3949,4.92
1784664120000,1031.3949,4.92
1784664180000,1031.3949,4.92
1784664240000,1031.3949,4.92
1784664300000,1031.3949,4.92
1784664360000,1031.3949,4.92
1784664420000,1031.3949,4.92
1784664480000,1031.3949,4.92
1784664540000,1031.3949,4.92
1784664600000,1031.3949,4.92
1784664660000,1031.3949,4.92
1784664720000,1031.3949,4.92
1784664780000,1031.3949,4.92
1784664840000,1031.3949,4.92
1784664900000,1031.3949,4.92
1784664960000,1031.3949,4.92
1784665020000,1031.3949,4.92
1784665080000,1031.3949,4.92
1784665140000,1031.3949,4.92
1784665200000,1031.3949,4.92
1784665260000,1031.3949,4.92
1784665320000,1031.3949,4.92
1784665380000,1031.3949,4.92
1784665440000,1031.3949,4.92
1784665500000,1031.3949,4.92
1784665560000,1031.3949,4.92
1784665620000,1031.3949,4.92
1784665680000,1031.3949,4.92
1784665740000,1031.3949,4.92
1784665800000,1031.3949,4.92
1784665860000,1031.3949,4.92
1784665920000,1031.3949,4.92
1784665980000,1031.3949,4.92
1784666040000,1031.3949,4.92
1784666100000,1031.3949,4.92
1784666160000,1031.3949,4.92
1784666220000,1031.3949,4.92
1784666280000,1031.3949,4.92
1784666340000,1031.3949,4.92
1784666400000,1031.3949,4.92
1784666460000,1031.3949,4.92
1784666520000,1031.3949,4.92
1784666580000,1031.3949,4.92
1784666640000,1031.3949,4.92
1784666700000,1031.3949,4.92
1784666760000,1031.3949,4.92
1784666820000,1031.3949,4.92
1784666880000,1031.3949,4.92
1784666940000,1031.3949,4.92
1784667000000,1031.3949,4.92
1784667060000,1031.3949,4.92
1784667120000,1031.3949,4.92
1784667180000,1031.3949,4.92
1784667240000,1031.3949,4.92
1784667300000,1031.3949,4.92
1784667360000,1031.3949,4.92
1784667420000,1031.3949,4.92
1784667480000,1031.3949,4.92
1784667540000,1031.3949,4.92
1784667600000,1031.3949,4.92
1784667660000,1031.3949,4.92
1784667720000,1031.3949,4.92
1784667780000,1031.3949,4.92
1784667840000,1031.3949,4.92
1784667900000,1031.3949,4.92
1784667960000,1031.3949,4.92
1784668020000,1031.3949,4.92
1784668080000,1031.3949,4.92
1784668140000,1031.3949,4.92
1784668200000,1031.3949,4.92
1784668260000,1031.3949,4.92
1784668320000,1031.3949,4.92
1784668380000,1031.3949,4.92
1784668440000,1031.3949,4.92
1784668500000,1031.3949,4.92
1784668560000,1031.3949,4.92
1784668620000,1031.3949,4.92
1784668680000,1031.3949,4.92
1784668740000,1031.3949,4.92
1784668800000,1031.3949,4.92
1784668860000,1031.3949,4.92
1784668920000,1031.3949,4.92
1784668980000,1031.3949,4.92
1784669040000,1031.3949,4.92
1784669100000,1031.3949,4.92
1784669160000,1031.3949,4.92
1784669220000,1031.3949,4.92
1784669280000,1031.3949,4.92
1784669340000,1031.3949,4.92
1784669400000,1031.3949,4.92
1784669460000,1031.3949,4.92
1784669520000,1031.3949,4.92
1784669580000,1031.3949,4.92
1784669640000,1031.3949,4.92
1784669700000,1031.3949,4.92
1784669760000,1031.3949,4.92
1784669820000,1031.3949,4.92
1784669880000,1031.3949,4.92
1784669940000,1031.3949,4.92
1784670000000,1031.3949,4.92
1784670060000,1031.3949,4.92
1784670120000,1031.3949,4.92
1784670180000,1031.3949,4.92
1784670240000,1031.3949,4.92
1784670300000,1031.3949,4.92
1784670360000,1031.3949,4.92
1784670420000,1031.3949,4.92
1784670480000,1031.3949,4.92
1784670540000,1031.3949,4.92
1784670600000,1031.3949,4.92
1784670660000,1031.3949,4.92
1784670720000,1031.3949,4.92
1784670780000,1031.3949,4.92
1784670840000,1031.3949,4.92
1784670900000,1031.3949,4.92
1784670960000,1031.3949,4.92
1784671020000,1031.3949,4.92
1784671080000,1031.3949,4.92
1784671140000,1031.3949,4.92
1784671200000,1031.3949,4.92
1784671260000,1031.3949,4.92
1784671320000,1031.3949,4.92
1784671380000,1031.3949,4.92
1784671440000,1031.3949,4.92
1784671500000,1031.3949,4.92
1784671560000,1031.3949,4.92
1784671620000,1031.3949,4.92
1784671680000,1031.3949,4.92
1784671740000,1031.3949,4.92
1784671800000,1031.3949,4.92
1784671860000,1031.3949,4.92
1784671920000,1031.3949,4.92
1784671980000,1031.3949,4.92
1784672040000,1031.3949,4.92
1784672100000,1031.3949,4.92
1784672160000,1031.3949,4.92
1784672220000,1031.3949,4.92
1784672280000,1031.3949,4.92
1784672340000,1031.3949,4.92
1784672400000,1031.3949,4.92
1784672460000,1031.3949,4.92
1784672520000,1031.3949,4.92
1784672580000,1031.3949,4.92
1784672640000,1031.3949,4.92
1784672700000,1031.3949,4.92
1784672760000,1031.3949,4.92
1784672820000,1031.3949,4.92
1784672880000,1031.3949,4.92
1784672940000,1031.3949,4.92
1784673000000,1031.3949,4.92
1784673060000,1031.3949,4.92
1784673120000,1031.3949,4.92
1784673180000,1031.3949,4.92
1784673240000,1031.3949,4.92
1784673300000,1031.3949,4.92
1784673360000,1031.3949,4.92
1784673420000,1031.3949,4.92
1784673480000,1031.3949,4.92
1784673540000,1031.3949,4.92
1784673600000,1031.3949,4.92
1784673660000,1031.3949,4.92
1784673720000,1031.3949,4.92
1784673780000,1031.3949,4.92
1784673840000,1031.3949,4.92
1784673900000,1031.3949,4.92
1784673960000,1031.3949,4.92
1784674020000,1031.3949,4.92
1784674080000,1031.3949,4.92
1784674140000,1031.3949,4.92
1784674200000,1031.3949,4.92
1784674260000,1031.3949,4.92
1784674320000,1031.3949,4.92
1784674380000,1031.3949,4.92
1784674440000,1031.3949,4.92
1784674500000,1031.3949,4.92
1784674560000,1031.3949,4.92
1784674620000,1031.3949,4.92
1784674680000,1031.3949,4.92
1784674740000,1031.3949,4.92
1784674800000,1031.3949,4.92
1784674860000,1031.3949,4.92
1784674920000,1031.3949,4.92
1784674980000,1031.3949,4.92
1784675040000,1031.3949,4.92
1784675100000,1031.3949,4.92
1784675160000,1031.3949,4.92
1784675220000,1031.3949,4.92
1784675280000,1031.3949,4.92
1784675340000,1031.3949,4.92
1784675400000,1031.3949,4.92
1784675460000,1031.3949,4.92
1784675520000,1031.3949,4.92
1784675580000,1031.3949,4.92
1784675640000,1031.3949,4.92
1784675700000,1031.3949,4.92
1784675760000,1031.3949,4.92
1784675820000,1031.3949,4.92
1784675880000,1031.3949,4.92
1784675940000,1031.3949,4.92
1784676000000,1031.3949,4.92
1784676060000,1031.3949,4.92
1784676120000,1031.3949,4.92
1784676180000,1031.3949,4.92
1784676240000,1031.3949,4.92
1784676300000,1031.3949,4.92
1784676360000,1031.3949,4.92
1784676420000,1031.3949,4.92
1784676480000,1031.3949,4.92
1784676540000,1031.3949,4.92
1784676600000,1031.3949,4.92
1784676660000,1031.3949,4.92
1784676720000,1031.3949,4.92
1784676780000,1031.3949,4.92
1784676840000,1031.3949,4.92
1784676900000,1031.3949,4.92
1784676960000,1031.3949,4.92
1784677020000,1031.3949,4.92
1784677080000,1031.3949,4.92
1784677140000,1031.3949,4.92
1784677200000,1031.3949,4.92
1784677260000,1031.3949,4.92
1784677320000,1031.3949,4.92
1784677380000,1031.3949,4.92
1784677440000,1031.3949,4.92
1784677500000,1031.3949,4.92
1784677560000,1031.3949,4.92
1784677620000,1031.3949,4.92
1784677680000,1031.3949,4.92
1784677740000,1031.3949,4.92
1784677800000,1031.3949,4.92
1784677860000,1031.3949,4.92
1784677920000,1031.3949,4.92
1784677980000,1031.3949,4.92
1784678040000,1031.3949,4.92
1784678100000,1031.3949,4.92
1784678160000,1031.3949,4.92
1784678220000,1031.3949,4.92
1784678280000,1031.3949,4.92
1784678340000,1031.3949,4.92
1784678400000,1031.3949,4.92
1784678460000,1031.3949,4.92
1784678520000,1031.3949,4.92
1784678580000,1031.3949,4.92
1784678640000,1031.3949,4.92
1784678700000,1031.3949,4.92
1784678760000,1031.3949,4.92
1784678820000,1031.3949,4.92
1784678880000,1031.3949,4.92
1784678940000,1031.3949,4.92
1784679000000,1031.3949,4.92
1784679060000,1031.3949,4.92
1784679120000,1031.3949,4.92
1784679180000,1022.127,5.77
1784732460000,1022.127,5.77
1784732520000,1022.127,5.77
1784732580000,1022.127,5.77
1784732640000,1022.127,5.77
1784732700000,1022.127,5.77
1784732760000,1022.127,5.77
1784732820000,1022.127,5.77
1784732880000,1022.127,5.77
1784732940000,1022.127,5.77
1784733000000,1022.127,5.77
1784733060000,1022.127,5.77
1784733120000,1022.127,5.77
1784733180000,1022.127,5.77
1784733240000,1022.127,5.77
1784733300000,1022.127,5.77
1784733360000,1022.127,5.77
1784733420000,1022.127,5.77
1784733480000,1022.127,5.77
1784733540000,1022.127,5.77
1784733600000,1037.3476,4.37
1784745540000,1037.3476,4.37
1784745600000,1037.3476,4.37
1784745660000,1037.3476,4.37
1784745720000,1037.3476,4.37
1784745780000,1037.3476,4.37
1784745840000,1037.3476,4.37
1784745900000,1037.3476,4.37
1784745960000,1037.3476,4.37
1784746020000,1037.3476,4.37
1784746080000,1037.3476,4.37
1784746140000,1037.3476,4.37
1784746200000,1037.3476,4.37
1784746260000,1037.3476,4.37
1784746320000,1037.3476,4.37
1784746380000,1037.3476,4.37
1784746440000,1037.3476,4.37
1784746500000,1037.3476,4.37
1784746560000,1037.3476,4.37
1784746620000,1037.3476,4.37
1784746680000,1037.3476,4.37
1784746740000,1037.3476,4.37
1784746800000,1037.3476,4.37
1784746860000,1037.3476,4.37
1784746920000,1037.3476,4.37
1784746980000,1037.3476,4.37
1784747040000,1037.3476,4.37
1784747100000,1037.3476,4.37
1784747160000,1037.3476,4.37
1784747220000,1037.3476,4.37
1784747280000,1037.3476,4.37
1784747340000,1037.3476,4.37
1784747400000,1037.3476,4.37
1784747460000,1037.3476,4.37
1784747520000,1037.3476,4.37
1784747580000,1037.3476,4.37
1784747640000,1037.3476,4.37
1784747700000,1037.3476,4.37
1784747760000,1037.3476,4.37
1784747820000,1037.3476,4.37
1784747880000,1037.3476,4.37
1784747940000,1037.3476,4.37
1784748000000,1037.3476,4.37
1784748060000,1037.3476,4.37
1784748120000,1037.3476,4.37
1784748180000,1037.3476,4.37
1784748240000,1037.3476,4.37
1784748300000,1037.3476,4.37
1784748360000,1037.3476,4.37
1784748420000,1037.3476,4.37
1784748480000,1037.3476,4.37
1784748540000,1037.3476,4.37
1784748600000,1037.3476,4.37
1784748660000,1037.3476,4.37
1784748720000,1037.3476,4.37
1784748780000,1037.3476,4.37
1784748840000,1037.3476,4.37
1784748900000,1037.3476,4.37
1784748960000,1037.3476,4.37
1784749020000,1037.3476,4.37
1784749080000,1037.3476,4.37
1784749140000,1037.3476,4.37
1784749200000,1037.3476,4.37
1784749260000,1037.3476,4.37
1784749320000,1037.3476,4.37
1784749380000,1037.3476,4.37
1784749440000,1037.3476,4.37
1784749500000,1037.3476,4.37
1784749560000,1037.3476,4.37
1784749620000,1037.3476,4.37
1784749680000,1037.3476,4.37
1784749740000,1037.3476,4.37
1784749800000,1037.3476,4.37
1784749860000,1037.3476,4.37
1784749920000,1037.3476,4.37
1784749980000,1037.3476,4.37
1784750040000,1037.3476,4.37
1784750100000,1037.3476,4.37
1784750160000,1037.3476,4.37
1784750220000,1037.3476,4.37
1784750280000,1037.3476,4.37
1784750340000,1037.3476,4.37
1784750400000,1037.3476,4.37
1784750460000,1037.3476,4.37
1784750520000,1037.3476,4.37
1784750580000,1037.3476,4.37
1784750640000,1037.3476,4.37
1784750700000,1037.3476,4.37
1784750760000,1037.3476,4.37
1784750820000,1037.3476,4.37
1784750880000,1037.3476,4.37
1784750940000,1037.3476,4.37
1784751000000,1037.3476,4.37
1784751060000,1037.3476,4.37
1784751120000,1037.3476,4.37
1784751180000,1037.3476,4.37
1784751240000,1037.3476,4.37
1784751300000,1037.3476,4.37
1784751360000,1037.3476,4.37
1784751420000,1037.3476,4.37
1784751480000,1037.3476,4.37
1784751540000,1037.3476,4.37
1784751600000,1037.3476,4.37
1784751660000,1037.3476,4.37
1784751720000,1037.3476,4.37
1784751780000,1037.3476,4.37
1784751840000,1037.3476,4.37
1784751900000,1037.3476,4.37
1784751960000,1037.3476,4.37
1784752020000,1037.3476,4.37
1784752080000,1037.3476,4.37
1784752140000,1037.3476,4.37
1784752200000,1037.3476,4.37
1784752260000,1037.3476,4.37
1784752320000,1037.3476,4.37
1784752380000,1037.3476,4.37
1784752440000,1037.3476,4.37
1784752500000,1037.3476,4.37
1784752560000,1037.3476,4.37
1784752620000,1037.3476,4.37
1784752680000,1037.3476,4.37
1784752740000,1037.3476,4.37
1784752800000,1037.3476,4.37
1784752860000,1037.3476,4.37
1784752920000,1037.3476,4.37
1784752980000,1037.3476,4.37
1784753040000,1037.3476,4.37
1784753100000,1037.3476,4.37
1784753160000,1037.3476,4.37
1784753220000,1037.3476,4.37
1784753280000,1037.3476,4.37
1784753340000,1037.3476,4.37
1784753400000,1037.3476,4.37
1784753460000,1037.3476,4.37
1784753520000,1037.3476,4.37
1784753580000,1037.3476,4.37
1784753640000,1037.3476,4.37
1784753700000,1037.3476,4.37
1784753760000,1037.3476,4.37
1784753820000,1037.3476,4.37
1784753880000,1037.3476,4.37
1784753940000,1037.3476,4.37
1784754000000,1037.3476,4.37
1784754060000,1037.3476,4.37
1784754120000,1037.3476,4.37
1784754180000,1037.3476,4.37
1784754240000,1037.3476,4.37
1784754300000,1037.3476,4.37
1784754360000,1037.3476,4.37
1784754420000,1037.3476,4.37
1784754480000,1037.3476,4.37
1784754540000,1037.3476,4.37
1784754600000,1037.3476,4.37
1784754660000,1037.3476,4.37
1784754720000,1037.3476,4.37
1784754780000,1037.3476,4.37
1784754840000,1037.3476,4.37
1784754900000,1037.3476,4.37
1784754960000,1037.3476,4.37
1784755020000,1037.3476,4.37
1784755080000,1037.3476,4.37
1784755140000,1037.3476,4.37
1784755200000,1037.3476,4.37
1784755260000,1037.3476,4.37
1784755320000,1037.3476,4.37
1784755380000,1037.3476,4.37
1784755440000,1037.3476,4.37
1784755500000,1037.3476,4.37
1784755560000,1037.3476,4.37
1784755620000,1037.3476,4.37
1784755680000,1037.3476,4.37
1784755740000,1037.3476,4.37
1784755800000,1037.3476,4.37
1784755860000,1037.3476,4.37
1784755920000,1037.3476,4.37
1784755980000,1037.3476,4.37
1784756040000,1037.3476,4.37
1784756100000,1037.3476,4.37
1784756160000,1037.3476,4.37
1784756220000,1037.3476,4.37
1784756280000,1037.3476,4.37
1784756340000,1037.3476,4.37
1784756400000,1028.1487,5.22
1784810280000,1028.1487,5.22
1784810340000,1028.1487,5.22
1784810400000,1028.1487,5.22
1784810460000,1028.1487,5.22
1784810520000,1028.1487,5.22
1784810580000,1028.1487,5.22
1784810640000,1028.1487,5.22
1784810700000,1028.1487,5.22
1784810760000,1028.1487,5.22
1784810820000,1028.1487,5.22
1784810880000,1028.1487,5.22
1784810940000,1028.1487,5.22
1784811000000,1028.1487,5.22
1784811060000,1028.1487,5.22
1784811120000,1028.1487,5.22
1784811180000,1028.1487,5.22
1784811240000,1028.1487,5.22
1784811300000,1028.1487,5.22
1784811360000,1028.1487,5.22
1784811420000,1028.1487,5.22
1784811480000,1028.1487,5.22
1784811540000,1028.1487,5.22
1784811600000,1028.1487,5.22
1784811660000,1028.1487,5.22
1784811720000,1028.1487,5.22
1784811780000,1028.1487,5.22
1784811840000,1028.1487,5.22
1784811900000,1028.1487,5.22
1784811960000,1028.1487,5.22
1784812020000,1028.1487,5.22
1784812080000,1028.1487,5.22
1784812140000,1028.1487,5.22
1784812200000,1028.1487,5.22
1784812260000,1028.1487,5.22
1784812320000,1028.1487,5.22
1784812380000,1028.1487,5.22
1784812440000,1028.1487,5.22
1784812500000,1028.1487,5.22
1784812560000,1028.1487,5.22
1784812620000,1028.1487,5.22
1784812680000,1028.1487,5.22
1784812740000,1028.1487,5.22
1784812800000,1028.1487,5.22
1784812860000,1028.1487,5.22
1784812920000,1028.1487,5.22
1784812980000,1028.1487,5.22
1784813040000,1028.1487,5.22
1784813100000,1028.1487,5.22
1784813160000,1028.1487,5.22
1784813220000,1028.1487,5.22
1784813280000,1028.1487,5.22
1784813340000,1028.1487,5.22
1784813400000,1028.1487,5.22
1784813460000,1028.1487,5.22
1784813520000,1028.1487,5.22
1784813580000,1028.1487,5.22
1784813640000,1028.1487,5.22
1784813700000,1028.1487,5.22
1784813760000,1028.1487,5.22
1784813820000,1028.1487,5.22
1784813880000,1028.1487,5.22
1784813940000,1028.1487,5.22
1784814000000,1028.1487,5.22
1784814060000,1028.1487,5.22
1784814120000,1028.1487,5.22
1784814180000,1028.1487,5.22
1784814240000,1028.1487,5.22
1784814300000,1028.1487,5.22
1784814360000,1028.1487,5.22
1784814420000,1028.1487,5.22
1784814480000,1028.1487,5.22
1784814540000,1028.1487,5.22
1784814600000,1028.1487,5.22
1784814660000,1028.1487,5.22
1784814720000,1028.1487,5.22
1784814780000,1028.1487,5.22
1784814840000,1028.1487,5.22
1784814900000,1028.1487,5.22
1784814960000,1028.1487,5.22
1784815020000,1028.1487,5.22
1784815080000,1028.1487,5.22
1784815140000,1028.1487,5.22
1784815200000,1028.1487,5.22
1784815260000,1028.1487,5.22
1784815320000,1028.1487,5.22
1784815380000,1028.1487,5.22
1784815440000,1028.1487,5.22
1784815500000,1028.1487,5.22
1784815560000,1028.1487,5.22
1784815620000,1028.1487,5.22
1784815680000,1028.1487,5.22
1784815740000,1028.1487,5.22
1784815800000,1028.1487,5.22
1784815860000,1028.1487,5.22
1784815920000,1028.1487,5.22
1784815980000,1028.1487,5.22
1784816040000,1028.1487,5.22
1784816100000,1028.1487,5.22
1784816160000,1028.1487,5.22
1784816220000,1028.1487,5.22
1784816280000,1028.1487,5.22
1784816340000,1028.1487,5.22
1784816400000,1028.1487,5.22
1784816460000,1028.1487,5.22
1784816520000,1028.1487,5.22
1784816580000,1028.1487,5.22
1784816640000,1028.1487,5.22
1784816700000,1028.1487,5.22
1784816760000,1028.1487,5.22
1784816820000,1028.1487,5.22
1784816880000,1028.1487,5.22
1784816940000,1028.1487,5.22
1784817000000,1028.1487,5.22
1784817060000,1028.1487,5.22
1784817120000,1028.1487,5.22
1784817180000,1028.1487,5.22
1784817240000,1028.1487,5.22
1784817300000,1028.1487,5.22
1784817360000,1028.1487,5.22
1784817420000,1028.1487,5.22
1784817480000,1028.1487,5.22
1784817540000,1028.1487,5.22
1784817600000,1028.1487,5.22
1784817660000,1028.1487,5.22
1784817720000,1028.1487,5.22
1784817780000,1028.1487,5.22
1784817840000,1028.1487,5.22
1784817900000,1028.1487,5.22
1784817960000,1028.1487,5.22
1784818020000,1028.1487,5.22
1784818080000,1028.1487,5.22
1784818140000,1028.1487,5.22
1784818200000,1028.1487,5.22
1784818260000,1028.1487,5.22
1784818320000,1028.1487,5.22
1784818380000,1028.1487,5.22
1784818440000,1028.1487,5.22
1784818500000,1028.1487,5.22
1784818560000,1028.1487,5.22
1784818620000,1028.1487,5.22
1784818680000,1028.1487,5.22
1784818740000,1028.1487,5.22
1784818800000,1028.1487,5.22
1784818860000,1028.1487,5.22
1784818920000,1028.1487,5.22
1784818980000,1028.1487,5.22
1784819040000,1028.1487,5.22
1784819100000,1028.1487,5.22
1784819160000,1028.1487,5.22
1784819220000,1028.1487,5.22
1784819280000,1028.1487,5.22
1784819340000,1028.1487,5.22
1784819400000,1028.1487,5.22
1784819460000,1028.1487,5.22
1784819520000,1028.1487,5.22
1784819580000,1028.1487,5.22
1784819640000,1028.1487,5.22
1784819700000,1028.1487,5.22
1784819760000,1028.1487,5.22
1784819820000,1028.1487,5.22
1784819880000,1028.1487,5.22
1784819940000,1028.1487,5.22
1784820000000,1028.1487,5.22
1784820060000,1028.1487,5.22
1784820120000,1028.1487,5.22
1784820180000,1028.1487,5.22
1784820240000,1028.1487,5.22
1784820300000,1028.1487,5.22
1784820360000,1028.1487,5.22
1784820420000,1028.1487,5.22
1784820480000,1028.1487,5.22
1784820540000,1028.1487,5.22
1784820600000,1028.1487,5.22
1784820660000,1028.1487,5.22
1784820720000,1028.1487,5.22
1784820780000,1028.1487,5.22
1784820840000,1028.1487,5.22
1784820900000,1028.1487,5.22
1784820960000,1028.1487,5.22
1784821020000,1028.1487,5.22
1784821080000,1028.1487,5.22
1784821140000,1028.1487,5.22
1784821200000,1028.1487,5.22
1784821260000,1028.1487,5.22
1784821320000,1028.1487,5.22
1784821380000,1028.1487,5.22
1784821440000,1028.1487,5.22
1784821500000,1028.1487,5.22
1784821560000,1028.1487,5.22
1784821620000,1028.1487,5.22
1784821680000,1028.1487,5.22
1784821740000,1028.1487,5.22
1784821800000,1028.1487,5.22
1784821860000,1028.1487,5.22
1784821920000,1028.1487,5.22
1784821980000,1028.1487,5.22
1784822040000,1028.1487,5.22
1784822100000,1028.1487,5.22
1784822160000,1028.1487,5.22
1784822220000,1028.1487,5.22
1784822280000,1028.1487,5.22
1784822340000,1028.1487,5.22
1784822400000,1028.1487,5.22
1784822460000,1028.1487,5.22
1784822520000,1028.1487,5.22
1784822580000,1028.1487,5.22
1784822640000,1028.1487,5.22
1784822700000,1028.1487,5.22
1784822760000,1028.1487,5.22
1784822820000,1028.1487,5.22
1784822880000,1028.1487,5.22
1784822940000,1028.1487,5.22
1784823000000,1028.1487,5.22
1784823060000,1028.1487,5.22
1784823120000,1028.1487,5.22
1784823180000,1028.1487,5.22
1784823240000,1028.1487,5.22
1784823300000,1028.1487,5.22
1784823360000,1028.1487,5.22
1784823420000,1028.1487,5.22
1784823480000,1028.1487,5.22
1784823540000,1028.1487,5.22
1784823600000,1028.1487,5.22
1784823660000,1028.1487,5.22
1784823720000,1028.1487,5.22
1784823780000,1028.1487,5.22
1784823840000,1028.1487,5.22
1784823900000,1028.1487,5.22
1784823960000,1028.1487,5.22
1784824020000,1028.1487,5.22
1784824080000,1028.1487,5.22
1784824140000,1028.1487,5.22
1784824200000,1028.1487,5.22
1784824260000,1028.1487,5.22
1784824320000,1028.1487,5.22
1784824380000,1028.1487,5.22
1784824440000,1028.1487,5.22
1784824500000,1028.1487,5.22
1784824560000,1028.1487,5.22
1784824620000,1028.1487,5.22
1784824680000,1028.1487,5.22
1784824740000,1028.1487,5.22
1784824800000,1028.1487,5.22
1784824860000,1028.1487,5.22
1784824920000,1028.1487,5.22
1784824980000,1028.1487,5.22
1784825040000,1028.1487,5.22
1784825100000,1028.1487,5.22
1784825160000,1028.1487,5.22
1784825220000,1028.1487,5.22
1784825280000,1028.1487,5.22
1784825340000,1028.1487,5.22
1784825400000,1028.1487,5.22
1784825460000,1028.1487,5.22
1784825520000,1028.1487,5.22
1784825580000,1028.1487,5.22
1784825640000,1028.1487,5.22
1784825700000,1028.1487,5.22
1784825760000,1028.1487,5.22
1784825820000,1028.1487,5.22
1784825880000,1028.1487,5.22
1784825940000,1028.1487,5.22
1784826000000,1028.1487,5.22
1784826060000,1028.1487,5.22
1784826120000,1028.1487,5.22
1784826180000,1028.1487,5.22
1784826240000,1028.1487,5.22
1784826300000,1028.1487,5.22
1784826360000,1028.1487,5.22
1784826420000,1028.1487,5.22
1784826480000,1028.1487,5.22
1784826540000,1028.1487,5.22
1784826600000,1028.1487,5.22
1784826660000,1028.1487,5.22
1784826720000,1028.1487,5.22
1784826780000,1028.1487,5.22
1784826840000,1028.1487,5.22
1784826900000,1028.1487,5.22
1784826960000,1028.1487,5.22
1784827020000,1028.1487,5.22
1784827080000,1028.1487,5.22
1784827140000,1028.1487,5.22
1784827200000,1028.1487,5.22
1784827260000,1028.1487,5.22
1784827320000,1028.1487,5.22
1784827380000,1028.1487,5.22
1784827440000,1028.1487,5.22
1784827500000,1028.1487,5.22
1784827560000,1028.1487,5.22
1784827620000,1028.1487,5.22
1784827680000,1028.1487,5.22
1784827740000,1028.1487,5.22
1784827800000,1028.1487,5.22
1784827860000,1028.1487,5.22
1784827920000,1028.1487,5.22
1784827980000,1028.1487,5.22
1784828040000,1028.1487,5.22
1784828100000,1028.1487,5.22
1784828160000,1028.1487,5.22
1784828220000,1028.1487,5.22
1784828280000,1028.1487,5.22
1784828340000,1028.1487,5.22
1784828400000,1028.1487,5.22
1784828460000,1028.1487,5.22
1784828520000,1028.1487,5.22
1784828580000,1028.1487,5.22
1784828640000,1028.1487,5.22
1784828700000,1028.1487,5.22
1784828760000,1028.1487,5.22
1784828820000,1028.1487,5.22
1784828880000,1028.1487,5.22
1784828940000,1028.1487,5.22
1784829000000,1028.1487,5.22
1784829060000,1028.1487,5.22
1784829120000,1028.1487,5.22
1784829180000,1028.1487,5.22
1784829240000,1028.1487,5.22
1784829300000,1028.1487,5.22
1784829360000,1028.1487,5.22
1784829420000,1028.1487,5.22
1784829480000,1028.1487,5.22
1784829540000,1028.1487,5.22
1784829600000,1028.1487,5.22
1784829660000,1028.1487,5.22
1784829720000,1028.1487,5.22
1784829780000,1028.1487,5.22
1784829840000,1028.1487,5.22
1784829900000,1028.1487,5.22
1784829960000,1028.1487,5.22
1784830020000,1028.1487,5.22
1784830080000,1028.1487,5.22
1784830140000,1028.1487,5.22
1784830200000,1028.1487,5.22
1784830260000,1028.1487,5.22
1784830320000,1028.1487,5.22
1784830380000,1028.1487,5.22
1784830440000,1028.1487,5.22
1784830500000,1028.1487,5.22
1784830560000,1028.1487,5.22
1784830620000,1028.1487,5.22
1784830680000,1028.1487,5.22
1784830740000,1028.1487,5.22
1784830800000,1028.1487,5.22
1784830860000,1028.1487,5.22
1784830920000,1028.1487,5.22
1784830980000,1028.1487,5.22
1784831040000,1028.1487,5.22
1784831100000,1028.1487,5.22
1784831160000,1028.1487,5.22
1784831220000,1028.1487,5.22
1784831280000,1028.1487,5.22
1784831340000,1028.1487,5.22
1784831400000,1028.1487,5.22
1784831460000,1028.1487,5.22
1784831520000,1028.1487,5.22
1784831580000,1028.1487,5.22
1784831640000,1028.1487,5.22
1784831700000,1028.1487,5.22
1784831760000,1028.1487,5.22
1784831820000,1028.1487,5.22
1784831880000,1028.1487,5.22
1784831940000,1028.1487,5.22
1784832000000,1028.1487,5.22
1784832060000,1028.1487,5.22
1784832120000,1028.1487,5.22
1784832180000,1028.1487,5.22
1784832240000,1028.1487,5.22
1784832300000,1028.1487,5.22
1784832360000,1028.1487,5.22
1784832420000,1028.1487,5.22
1784832480000,1028.1487,5.22
1784832540000,1028.1487,5.22
1784832600000,1028.1487,5.22
1784832660000,1028.1487,5.22
1784832720000,1028.1487,5.22
1784832780000,1028.1487,5.22
1784832840000,1028.1487,5.22
1784832900000,1028.1487,5.22
1784832960000,1028.1487,5.22
1784833020000,1028.1487,5.22
1784833080000,1028.1487,5.22
1784833140000,1028.1487,5.22
1784833200000,1028.1487,5.22
1784833260000,1028.1487,5.22
1784833320000,1028.1487,5.22
1784833380000,1028.1487,5.22
1784833440000,1028.1487,5.22
1784833500000,1028.1487,5.22
1784833560000,1028.1487,5.22
1784833620000,1028.1487,5.22
1784833680000,1028.1487,5.22
1784833740000,1028.1487,5.22
1784833800000,1028.1487,5.22
1784833860000,1028.1487,5.22
1784833920000,1028.1487,5.22
1784833980000,1028.1487,5.22
1784834040000,1028.1487,5.22
1784834100000,1028.1487,5.22
1784834160000,1028.1487,5.22
1784834220000,1028.1487,5.22
1784834280000,1028.1487,5.22
1784834340000,1028.1487,5.22
1784834400000,1028.1487,5.22
1784834460000,1028.1487,5.22
1784834520000,1028.1487,5.22
1784834580000,1028.1487,5.22
1784834640000,1028.1487,5.22
1784834700000,1028.1487,5.22
1784834760000,1028.1487,5.22
1784834820000,1028.1487,5.22
1784834880000,1028.1487,5.22
1784834940000,1028.1487,5.22
1784835000000,1028.1487,5.22
1784835060000,1028.1487,5.22
1784835120000,1028.1487,5.22
1784835180000,1028.1487,5.22
1784835240000,1028.1487,5.22
1784835300000,1028.1487,5.22
1784835360000,1028.1487,5.22
1784835420000,1028.1487,5.22
1784835480000,1028.1487,5.22
1784835540000,1028.1487,5.22
1784835600000,1028.1487,5.22
1784835660000,1028.1487,5.22
1784835720000,1028.1487,5.22
1784835780000,1028.1487,5.22
1784835840000,1028.1487,5.22
1784835900000,1028.1487,5.22
1784835960000,1028.1487,5.22
1784836020000,1028.1487,5.22
1784836080000,1028.1487,5.22
1784836140000,1028.1487,5.22
1784836200000,1028.1487,5.22
1784836260000,1044.2754,3.73
1784898420000,1044.2754,3.73
1784898480000,1044.2754,3.73
1784898540000,1044.2754,3.73
1784898600000,1044.2754,3.73
1784898660000,1044.2754,3.73
1784898720000,1044.2754,3.73
1784898780000,1044.2754,3.73
1784898840000,1044.2754,3.73
1784898900000,1044.2754,3.73
1784898960000,1044.2754,3.73
1784899020000,1044.2754,3.73
1784899080000,1044.2754,3.73
1784899140000,1044.2754,3.73
1784899200000,1044.2754,3.73
1784899260000,1044.2754,3.73
1784899320000,1044.2754,3.73
1784899380000,1044.2754,3.73
1784899440000,1044.2754,3.73
1784899500000,1044.2754,3.73
1784899560000,1044.2754,3.73
1784899620000,1044.2754,3.73
1784899680000,1044.2754,3.73
1784899740000,1044.2754,3.73
1784899800000,1044.2754,3.73
1784899860000,1044.2754,3.73
1784899920000,1044.2754,3.73
1784899980000,1044.2754,3.73
1784900040000,1044.2754,3.73
1784900100000,1044.2754,3.73
1784900160000,1044.2754,3.73
1784900220000,1044.2754,3.73
1784900280000,1044.2754,3.73
1784900340000,1044.2754,3.73
1784900400000,1044.2754,3.73
1784900460000,1044.2754,3.73
1784900520000,1044.2754,3.73
1784900580000,1044.2754,3.73
1784900640000,1044.2754,3.73
1784900700000,1044.2754,3.73
1784900760000,1044.2754,3.73
1784900820000,1044.2754,3.73
1784900880000,1044.2754,3.73
1784900940000,1044.2754,3.73
1784901000000,1044.2754,3.73
1784901060000,1044.2754,3.73
1784901120000,1058.5426,2.41
1785079080000,1058.5426,2.41
1785079140000,1058.5426,2.41
1785079200000,1058.5426,2.41
1785079260000,1058.5426,2.41
1785079320000,1058.5426,2.41
1785079380000,1058.5426,2.41
1785079440000,1058.5426,2.41
1785079500000,1058.5426,2.41
1785079560000,1058.5426,2.41
1785079620000,1058.5426,2.41
1785079680000,1058.5426,2.41
1785079740000,1058.5426,2.41
1785079800000,1058.5426,2.41
1785079860000,1058.5426,2.41
1785079920000,1058.5426,2.41
1785079980000,1058.5426,2.41
1785080040000,1058.5426,2.41
1785080100000,1058.5426,2.41
1785080160000,1058.5426,2.41
1785080220000,1058.5426,2.41
1785080280000,1058.5426,2.41
1785080340000,1058.5426,2.41
1785080400000,1058.5426,2.41
1785080460000,1058.5426,2.41
1785080520000,1058.5426,2.41
1785080580000,1058.5426,2.41
1785080640000,1058.5426,2.41
1785080700000,1058.5426,2.41
1785080760000,1058.5426,2.41
1785080820000,1058.5426,2.41
1785080880000,1058.5426,2.41
1785080940000,1058.5426,2.41
1785081000000,1058.5426,2.41
1785081060000,1058.5426,2.41
1785081120000,1058.5426,2.41
1785081180000,1058.5426,2.41
1785081240000,1058.5426,2.41
1785081300000,1058.5426,2.41
1785081360000,1058.5426,2.41
1785081420000,1058.5426,2.41
1785081480000,1058.5426,2.41
1785081540000,1058.5426,2.41
1785081600000,1058.5426,2.41
1785081660000,1058.5426,2.41
1785081720000,1058.5426,2.41
1785081780000,1058.5426,2.41
1785081840000,1058.5426,2.41
1785081900000,1058.5426,2.41
1785081960000,1058.5426,2.41
1785082020000,1058.5426,2.41
1785082080000,1058.5426,2.41
1785082140000,1058.5426,2.41
1785082200000,1058.5426,2.41
1785082260000,1058.5426,2.41
1785082320000,1058.5426,2.41
1785082380000,1058.5426,2.41
1785082440000,1058.5426,2.41
1785082500000,1058.5426,2.41
1785082560000,1058.5426,2.41
1785082620000,1058.5426,2.41
1785082680000,1058.5426,2.41
1785082740000,1058.5426,2.41
1785082800000,1058.5426,2.41
1785082860000,1058.5426,2.41
1785082920000,1058.5426,2.41
1785082980000,1058.5426,2.41
1785083040000,1058.5426,2.41
1785083100000,1058.5426,2.41
1785083160000,1058.5426,2.41
1785083220000,1058.5426,2.41
1785083280000,1058.5426,2.41
1785083340000,1058.5426,2.41
1785083400000,1058.5426,2.41
1785083460000,1072.9838,1.08
1785145260000,1072.9838,1.08
1785145320000,1072.9838,1.08
1785145380000,1072.9838,1.08
1785145440000,1072.9838,1.08
1785145500000,1072.9838,1.08
1785145560000,1072.9838,1.08
1785145620000,1072.9838,1.08
1785145680000,1072.9838,1.08
1785145740000,1072.9838,1.08
1785145800000,1072.9838,1.08
1785145860000,1072.9838,1.08
1785145920000,1072.9838,1.08
1785145980000,1072.9838,1.08
1785146040000,1072.9838,1.08
1785146100000,1072.9838,1.08
1785146160000,1072.9838,1.08
1785146220000,1072.9838,1.08
1785146280000,1072.9838,1.08
1785146340000,1072.9838,1.08
1785146400000,1072.9838,1.08
1785146460000,1072.9838,1.08
1785146520000,1072.9838,1.08
1785146580000,1072.9838,1.08
1785146640000,1072.9838,1.08
1785146700000,1072.9838,1.08
1785146760000,1072.9838,1.08
1785146820000,1072.9838,1.08
1785146880000,1072.9838,1.08
1785146940000,1072.9838,1.08
1785147000000,1072.9838,1.08
1785147060000,1072.9838,1.08
1785147120000,1072.9838,1.08
1785147180000,1072.9838,1.08
1785147240000,1072.9838,1.08
1785147300000,1072.9838,1.08
1785147360000,1072.9838,1.08
1785147420000,1072.9838,1.08
1785147480000,1072.9838,1.08
1785147540000,1072.9838,1.08
1785147600000,1072.9838,1.08
1785147660000,1072.9838,1.08
1785147720000,1072.9838,1.08
1785147780000,1072.9838,1.08
1785147840000,1072.9838,1.08
1785147900000,1072.9838,1.08
1785147960000,1072.9838,1.08
1785148020000,1072.9838,1.08
1785148080000,1072.9838,1.08
1785148140000,1072.9838,1.08
1785148200000,1072.9838,1.08
1785148260000,1072.9838,1.08
1785148320000,1072.9838,1.08
1785148380000,1072.9838,1.08
1785148440000,1072.9838,1.08
1785148500000,1072.9838,1.08
1785148560000,1072.9838,1.08
1785148620000,1072.9838,1.08
1785148680000,1072.9838,1.08
1785148740000,1072.9838,1.08
1785148800000,1072.9838,1.08
1785148860000,1072.9838,1.08
1785148920000,1072.9838,1.08
1785148980000,1072.9838,1.08
1785149040000,1072.9838,1.08
1785149100000,1072.9838,1.08
1785149160000,1072.9838,1.08
1785149220000,1072.9838,1.08
1785149280000,1072.9838,1.08
1785149340000,1072.9838,1.08
1785149400000,1072.9838,1.08
1785149460000,1072.9838,1.08
1785149520000,1072.9838,1.08
1785149580000,1072.9838,1.08
1785149640000,1072.9838,1.08
1785149700000,1072.9838,1.08
1785149760000,1072.9838,1.08
1785149820000,1072.9838,1.08
1785149880000,1072.9838,1.08
1785149940000,1072.9838,1.08
1785150000000,1072.9838,1.08
1785150060000,1072.9838,1.08
1785150120000,1072.9838,1.08
1785150180000,1072.9838,1.08
1785150240000,1072.9838,1.08
1785150300000,1072.9838,1.08
1785150360000,1072.9838,1.08
1785150420000,1072.9838,1.08
1785150480000,1072.9838,1.08
1785150540000,1072.9838,1.08
1785150600000,1072.9838,1.08
1785150660000,1072.9838,1.08
1785150720000,1072.9838,1.08
1785150780000,1072.9838,1.08
1785150840000,1072.9838,1.08
1785150900000,1072.9838,1.08
1785150960000,1072.9838,1.08
1785151020000,1072.9838,1.08
1785151080000,1072.9838,1.08
1785151140000,1072.9838,1.08
1785151200000,1072.9838,1.08
1785151260000,1072.9838,1.08
1785151320000,1072.9838,1.08
1785151380000,1072.9838,1.08
1785151440000,1072.9838,1.08
1785151500000,1072.9838,1.08
1785151560000,1072.9838,1.08
1785151620000,1072.9838,1.08
1785151680000,1072.9838,1.08
1785151740000,1072.9838,1.08
1785151800000,1072.9838,1.08
1785151860000,1072.9838,1.08
1785151920000,1072.9838,1.08
1785151980000,1072.9838,1.08
1785152040000,1062.9068,2.01
1785154800000,1062.9068,2.01
1785154860000,1062.9068,2.01
1785154920000,1062.9068,2.01
1785154980000,1062.9068,2.01
1785155040000,1062.9068,2.01
1785155100000,1062.9068,2.01
1785155160000,1062.9068,2.01
1785155220000,1062.9068,2.01
1785155280000,1062.9068,2.01
1785155340000,1062.9068,2.01
1785155400000,1062.9068,2.01
1785155460000,1062.9068,2.01
1785155520000,1062.9068,2.01
1785155580000,1062.9068,2.01
1785155640000,1062.9068,2.01
1785155700000,1062.9068,2.01
1785155760000,1062.9068,2.01
1785155820000,1062.9068,2.01
1785155880000,1062.9068,2.01
1785155940000,1062.9068,2.01
1785156000000,1062.9068,2.01
1785156060000,1062.9068,2.01
1785156120000,1062.9068,2.01
1785156180000,1062.9068,2.01
1785156240000,1062.9068,2.01
1785156300000,1062.9068,2.01
1785156360000,1062.9068,2.01
1785156420000,1062.9068,2.01
1785156480000,1062.9068,2.01
1785156540000,1062.9068,2.01
1785156600000,1062.9068,2.01
1785156660000,1062.9068,2.01
1785156720000,1062.9068,2.01
1785156780000,1062.9068,2.01
1785156840000,1062.9068,2.01
1785156900000,1062.9068,2.01
1785156960000,1062.9068,2.01
1785157020000,1062.9068,2.01
1785157080000,1062.9068,2.01
1785157140000,1062.9068,2.01
1785157200000,1062.9068,2.01
1785157260000,1062.9068,2.01
1785157320000,1062.9068,2.01
1785157380000,1062.9068,2.01
1785157440000,1062.9068,2.01
1785157500000,1062.9068,2.01
1785157560000,1062.9068,2.01
1785157620000,1062.9068,2.01
1785157680000,1062.9068,2.01
1785157740000,1062.9068,2.01
1785157800000,1062.9068,2.01
1785157860000,1062.9068,2.01
1785157920000,1062.9068,2.01
1785157980000,1062.9068,2.01
1785158040000,1062.9068,2.01
1785158100000,1062.9068,2.01
1785158160000,1062.9068,2.01
1785158220000,1062.9068,2.01
1785158280000,1062.9068,2.01
1785158340000,1062.9068,2.01
1785158400000,1062.9068,2.01
1785158460000,1062.9068,2.01
1785158520000,1062.9068,2.01
1785158580000,1062.9068,2.01
1785158640000,1062.9068,2.01
1785158700000,1062.9068,2.01
1785158760000,1062.9068,2.01
1785158820000,1062.9068,2.01
1785158880000,1062.9068,2.01
1785158940000,1062.9068,2.01
1785159000000,1062.9068,2.01
1785159060000,1062.9068,2.01
1785159120000,1062.9068,2.01
1785159180000,1062.9068,2.01
1785159240000,1062.9068,2.01
1785159300000,1062.9068,2.01
1785159360000,1053.6401,2.87
1785162540000,1053.6401,2.87
1785162600000,1053.6401,2.87
1785162660000,1053.6401,2.87
1785162720000,1053.6401,2.87
1785162780000,1053.6401,2.87
1785162840000,1053.6401,2.87
1785162900000,1053.6401,2.87
1785162960000,1053.6401,2.87
1785163020000,1053.6401,2.87
1785163080000,1053.6401,2.87
1785163140000,1053.6401,2.87
1785163200000,1053.6401,2.87
1785163260000,1053.6401,2.87
1785163320000,1053.6401,2.87
1785163380000,1053.6401,2.87
1785163440000,1053.6401,2.87
1785163500000,1053.6401,2.87
1785163560000,1053.6401,2.87
1785163620000,1053.6401,2.87
1785163680000,1053.6401,2.87
1785163740000,1053.6401,2.87
1785163800000,1053.6401,2.87
1785163860000,1053.6401,2.87
1785163920000,1053.6401,2.87
1785163980000,1053.6401,2.87
1785164040000,1053.6401,2.87
1785164100000,1053.6401,2.87
1785164160000,1053.6401,2.87
1785164220000,1053.6401,2.87
1785164280000,1053.6401,2.87
1785164340000,1053.6401,2.87
1785164400000,1053.6401,2.87
1785164460000,1053.6401,2.87
1785164520000,1053.6401,2.87
1785164580000,1053.6401,2.87
1785164640000,1053.6401,2.87
1785164700000,1053.6401,2.87
1785164760000,1053.6401,2.87
1785164820000,1053.6401,2.87
1785164880000,1053.6401,2.87
1785164940000,1053.6401,2.87
1785165000000,1053.6401,2.87
1785165060000,1053.6401,2.87
1785165120000,1053.6401,2.87
1785165180000,1053.6401,2.87
1785165240000,1053.6401,2.87
1785165300000,1053.6401,2.87
1785165360000,1053.6401,2.87
1785165420000,1053.6401,2.87
1785165480000,1053.6401,2.87
1785165540000,1053.6401,2.87
1785165600000,1053.6401,2.87
1785165660000,1053.6401,2.87
1785165720000,1053.6401,2.87
1785165780000,1053.6401,2.87
1785165840000,1053.6401,2.87
1785165900000,1053.6401,2.87
1785165960000,1053.6401,2.87
1785166020000,1053.6401,2.87
1785166080000,1053.6401,2.87
1785166140000,1053.6401,2.87
1785166200000,1053.6401,2.87
1785166260000,1053.6401,2.87
1785166320000,1053.6401,2.87
1785166380000,1053.6401,2.87
1785166440000,1053.6401,2.87
1785166500000,1053.6401,2.87
1785166560000,1053.6401,2.87
1785166620000,1053.6401,2.87
1785166680000,1053.6401,2.87
1785166740000,1053.6401,2.87
1785166800000,1053.6401,2.87
1785166860000,1053.6401,2.87
1785166920000,1053.6401,2.87
1785166980000,1053.6401,2.87
1785167040000,1053.6401,2.87
1785167100000,1053.6401,2.87
1785167160000,1053.6401,2.87
1785167220000,1053.6401,2.87
1785167280000,1053.6401,2.87
1785167340000,1053.6401,2.87
1785167400000,1053.6401,2.87
1785167460000,1053.6401,2.87
1785167520000,1053.6401,2.87
1785167580000,1053.6401,2.87
1785167640000,1053.6401,2.87
1785167700000,1053.6401,2.87
1785167760000,1053.6401,2.87
1785167820000,1053.6401,2.87
1785167880000,1053.6401,2.87
1785167940000,1053.6401,2.87
1785168000000,1053.6401,2.87
1785168060000,1053.6401,2.87
1785168120000,1053.6401,2.87
1785168180000,1053.6401,2.87
1785168240000,1053.6401,2.87
1785168300000,1053.6401,2.87
1785168360000,1053.6401,2.87
1785168420000,1053.6401,2.87
1785168480000,1053.6401,2.87
1785168540000,1053.6401,2.87
1785168600000,1053.6401,2.87
1785168660000,1053.6401,2.87
1785168720000,1053.6401,2.87
1785168780000,1053.6401,2.87
1785168840000,1053.6401,2.87
1785168900000,1053.6401,2.87
1785168960000,1053.6401,2.87
1785169020000,1053.6401,2.87
1785169080000,1053.6401,2.87
1785169140000,1053.6401,2.87
1785169200000,1053.6401,2.87
1785169260000,1053.6401,2.87
1785169320000,1053.6401,2.87
1785169380000,1053.6401,2.87
1785169440000,1053.6401,2.87
1785169500000,1053.6401,2.87
1785169560000,1053.6401,2.87
1785169620000,1053.6401,2.87
1785169680000,1053.6401,2.87
1785169740000,1053.6401,2.87
1785169800000,1053.6401,2.87
1785169860000,1053.6401,2.87
1785169920000,1053.6401,2.87
1785169980000,1053.6401,2.87
1785170040000,1053.6401,2.87
1785170100000,1053.6401,2.87
1785170160000,1053.6401,2.87
1785170220000,1053.6401,2.87
1785170280000,1053.6401,2.87
1785170340000,1053.6401,2.87
1785170400000,1053.6401,2.87
1785170460000,1053.6401,2.87
1785170520000,1053.6401,2.87
1785170580000,1053.6401,2.87
1785170640000,1053.6401,2.87
1785170700000,1053.6401,2.87
1785170760000,1053.6401,2.87
1785170820000,1053.6401,2.87
1785170880000,1053.6401,2.87
1785170940000,1053.6401,2.87
1785171000000,1053.6401,2.87
1785171060000,1053.6401,2.87
1785171120000,1053.6401,2.87
1785171180000,1053.6401,2.87
1785171240000,1053.6401,2.87
1785171300000,1053.6401,2.87
1785171360000,1053.6401,2.87
1785171420000,1053.6401,2.87
1785171480000,1053.6401,2.87
1785171540000,1053.6401,2.87
1785171600000,1053.6401,2.87
1785171660000,1053.6401,2.87
1785171720000,1053.6401,2.87
1785171780000,1053.6401,2.87
1785171840000,1053.6401,2.87
1785171900000,1053.6401,2.87
1785171960000,1053.6401,2.87
1785172020000,1053.6401,2.87
1785172080000,1053.6401,2.87
1785172140000,1053.6401,2.87
1785172200000,1053.6401,2.87
1785172260000,1053.6401,2.87
1785172320000,1053.6401,2.87
1785172380000,1053.6401,2.87
1785172440000,1053.6401,2.87
1785172500000,1053.6401,2.87
1785172560000,1053.6401,2.87
1785172620000,1053.6401,2.87
1785172680000,1053.6401,2.87
1785172740000,1053.6401,2.87
1785172800000,1053.6401,2.87
1785172860000,1053.6401,2.87
1785172920000,1053.6401,2.87
1785172980000,1053.6401,2.87
1785173040000,1053.6401,2.87
1785173100000,1053.6401,2.87
1785173160000,1053.6401,2.87
1785173220000,1053.6401,2.87
1785173280000,1053.6401,2.87
1785173340000,1053.6401,2.87
1785173400000,1053.6401,2.87
1785173460000,1053.6401,2.87
1785173520000,1053.6401,2.87
1785173580000,1053.6401,2.87
1785173640000,1053.6401,2.87
1785173700000,1053.6401,2.87
1785173760000,1053.6401,2.87
1785173820000,1053.6401,2.87
1785173880000,1053.6401,2.87
1785173940000,1053.6401,2.87
1785174000000,1053.6401,2.87
1785174060000,1053.6401,2.87
1785174120000,1053.6401,2.87
1785174180000,1053.6401,2.87
1785174240000,1053.6401,2.87
1785174300000,1053.6401,2.87
1785174360000,1053.6401,2.87
1785174420000,1053.6401,2.87
1785174480000,1053.6401,2.87
1785174540000,1053.6401,2.87
1785174600000,1053.6401,2.87
1785174660000,1053.6401,2.87
1785174720000,1053.6401,2.87
1785174780000,1053.6401,2.87
1785174840000,1053.6401,2.87
1785174900000,1053.6401,2.87
1785174960000,1053.6401,2.87
1785175020000,1053.6401,2.87
1785175080000,1053.6401,2.87
1785175140000,1053.6401,2.87
1785175200000,1053.6401,2.87
1785175260000,1053.6401,2.87
1785175320000,1053.6401,2.87
1785175380000,1053.6401,2.87
1785175440000,1053.6401,2.87
1785175500000,1053.6401,2.87
1785175560000,1053.6401,2.87
1785175620000,1053.6401,2.87
1785175680000,1053.6401,2.87
1785175740000,1053.6401,2.87
1785175800000,1053.6401,2.87
1785175860000,1053.6401,2.87
1785175920000,1053.6401,2.87
1785175980000,1053.6401,2.87
1785176040000,1053.6401,2.87
1785176100000,1053.6401,2.87
1785176160000,1053.6401,2.87
1785176220000,1053.6401,2.87
1785176280000,1053.6401,2.87
1785176340000,1053.6401,2.87
1785176400000,1053.6401,2.87
1785176460000,1053.6401,2.87
1785176520000,1053.6401,2.87
1785176580000,1053.6401,2.87
1785176640000,1053.6401,2.87
1785176700000,1053.6401,2.87
1785176760000,1053.6401,2.87
1785176820000,1053.6401,2.87
1785176880000,1053.6401,2.87
1785176940000,1053.6401,2.87
1785177000000,1053.6401,2.87
1785177060000,1053.6401,2.87
1785177120000,1053.6401,2.87
1785177180000,1053.6401,2.87
1785177240000,1053.6401,2.87
1785177300000,1053.6401,2.87
1785177360000,1053.6401,2.87
1785177420000,1053.6401,2.87
1785177480000,1053.6401,2.87
1785177540000,1053.6401,2.87
1785177600000,1053.6401,2.87
1785177660000,1053.6401,2.87
1785177720000,1053.6401,2.87
1785177780000,1053.6401,2.87
1785177840000,1053.6401,2.87
1785177900000,1053.6401,2.87
1785177960000,1053.6401,2.87
1785178020000,1053.6401,2.87
1785178080000,1053.6401,2.87
1785178140000,1053.6401,2.87
1785178200000,1053.6401,2.87
1785178260000,1053.6401,2.87
1785178320000,1053.6401,2.87
1785178380000,1053.6401,2.87
1785178440000,1053.6401,2.87
1785178500000,1053.6401,2.87
1785178560000,1053.6401,2.87
1785178620000,1053.6401,2.87
1785178680000,1053.6401,2.87
1785178740000,1053.6401,2.87
1785178800000,1053.6401,2.87
1785178860000,1053.6401,2.87
1785178920000,1053.6401,2.87
1785178980000,1053.6401,2.87
1785179040000,1053.6401,2.87
1785179100000,1053.6401,2.87
1785179160000,1053.6401,2.87
1785179220000,1053.6401,2.87
1785179280000,1053.6401,2.87
1785179340000,1053.6401,2.87
1785179400000,1053.6401,2.87
1785179460000,1053.6401,2.87
1785179520000,1053.6401,2.87
1785179580000,1053.6401,2.87
1785179640000,1053.6401,2.87
1785179700000,1053.6401,2.87
1785179760000,1053.6401,2.87
1785179820000,1053.6401,2.87
1785179880000,1053.6401,2.87
1785179940000,1053.6401,2.87
1785180000000,1053.6401,2.87
1785180060000,1053.6401,2.87
1785180120000,1053.6401,2.87
1785180180000,1053.6401,2.87
1785180240000,1053.6401,2.87
1785180300000,1053.6401,2.87
1785180360000,1053.6401,2.87
1785180420000,1053.6401,2.87
1785180480000,1053.6401,2.87
1785180540000,1053.6401,2.87
1785180600000,1053.6401,2.87
1785180660000,1053.6401,2.87
1785180720000,1053.6401,2.87
1785180780000,1053.6401,2.87
1785180840000,1053.6401,2.87
1785180900000,1053.6401,2.87
1785180960000,1053.6401,2.87
1785181020000,1053.6401,2.87
1785181080000,1053.6401,2.87
1785181140000,1053.6401,2.87
1785181200000,1053.6401,2.87
1785181260000,1053.6401,2.87
1785181320000,1053.6401,2.87
1785181380000,1053.6401,2.87
1785181440000,1053.6401,2.87
1785181500000,1053.6401,2.87
1785181560000,1053.6401,2.87
1785181620000,1053.6401,2.87
1785181680000,1053.6401,2.87
1785181740000,1053.6401,2.87
1785181800000,1053.6401,2.87
1785181860000,1053.6401,2.87
1785181920000,1053.6401,2.87
1785181980000,1053.6401,2.87
1785182040000,1053.6401,2.87
1785182100000,1053.6401,2.87
1785182160000,1053.6401,2.87
1785182220000,1053.6401,2.87
1785182280000,1053.6401,2.87
1785182340000,1053.6401,2.87
1785182400000,1053.6401,2.87
1785182460000,1053.6401,2.87
1785182520000,1053.6401,2.87
1785182580000,1053.6401,2.87
1785182640000,1053.6401,2.87
1785182700000,1053.6401,2.87
1785182760000,1053.6401,2.87
1785182820000,1053.6401,2.87
1785182880000,1053.6401,2.87
1785182940000,1053.6401,2.87
1785183000000,1053.6401,2.87
1785183060000,1053.6401,2.87
1785183120000,1053.6401,2.87
1785183180000,1053.6401,2.87
1785183240000,1053.6401,2.87
1785183300000,1053.6401,2.87
1785183360000,1053.6401,2.87
1785183420000,1053.6401,2.87
1785183480000,1053.6401,2.87
1785183540000,1053.6401,2.87
1785183600000,1053.6401,2.87
1785183660000,1053.6401,2.87
1785183720000,1053.6401,2.87
1785183780000,1053.6401,2.87
1785183840000,1053.6401,2.87
1785183900000,1053.6401,2.87
1785183960000,1053.6401,2.87
1785184020000,1053.6401,2.87
1785184080000,1053.6401,2.87
1785184140000,1053.6401,2.87
1785184200000,1053.6401,2.87
1785184260000,1053.6401,2.87
1785184320000,1053.6401,2.87
1785184380000,1053.6401,2.87
1785184440000,1053.6401,2.87
1785184500000,1053.6401,2.87
1785184560000,1053.6401,2.87
1785184620000,1053.6401,2.87
1785184680000,1053.6401,2.87
1785184740000,1053.6401,2.87
1785184800000,1053.6401,2.87
1785184860000,1053.6401,2.87
1785184920000,1053.6401,2.87
1785184980000,1053.6401,2.87
1785185040000,1053.6401,2.87
1785185100000,1053.6401,2.87
1785185160000,1053.6401,2.87
1785185220000,1053.6401,2.87
1785185280000,1053.6401,2.87
1785185340000,1053.6401,2.87
1785185400000,1053.6401,2.87
1785185460000,1053.6401,2.87
1785185520000,1053.6401,2.87
1785185580000,1053.6401,2.87
1785185640000,1053.6401,2.87
1785185700000,1053.6401,2.87
1785185760000,1053.6401,2.87
1785185820000,1053.6401,2.87
1785185880000,1053.6401,2.87
1785185940000,1053.6401,2.87
1785186000000,1053.6401,2.87
1785186060000,1053.6401,2.87
1785186120000,1053.6401,2.87
1785186180000,1053.6401,2.87
1785186240000,1053.6401,2.87
1785186300000,1053.6401,2.87
1785186360000,1053.6401,2.87
1785186420000,1053.6401,2.87
1785186480000,1053.6401,2.87
1785186540000,1053.6401,2.87
1785186600000,1053.6401,2.87
1785186660000,1053.6401,2.87
1785186720000,1053.6401,2.87
1785186780000,1053.6401,2.87
1785186840000,1053.6401,2.87
1785186900000,1053.6401,2.87
1785186960000,1053.6401,2.87
1785187020000,1053.6401,2.87
1785187080000,1053.6401,2.87
1785187140000,1053.6401,2.87
1785187200000,1053.6401,2.87
1785187260000,1053.6401,2.87
1785187320000,1053.6401,2.87
1785187380000,1053.6401,2.87
1785187440000,1053.6401,2.87
1785187500000,1053.6401,2.87
1785187560000,1053.6401,2.87
1785187620000,1053.6401,2.87
1785187680000,1053.6401,2.87
1785187740000,1053.6401,2.87
1785187800000,1053.6401,2.87
1785187860000,1053.6401,2.87
1785187920000,1053.6401,2.87
1785187980000,1053.6401,2.87
1785188040000,1053.6401,2.87
1785188100000,1053.6401,2.87
1785188160000,1053.6401,2.87
1785188220000,1053.6401,2.87
1785188280000,1053.6401,2.87
1785188340000,1053.6401,2.87
1785188400000,1053.6401,2.87
1785188460000,1053.6401,2.87
1785188520000,1053.6401,2.87
1785188580000,1053.6401,2.87
1785188640000,1053.6401,2.87
1785188700000,1053.6401,2.87
1785188760000,1053.6401,2.87
1785188820000,1053.6401,2.87
1785188880000,1053.6401,2.87
1785188940000,1053.6401,2.87
1785189000000,1053.6401,2.87
1785189060000,1053.6401,2.87
1785189120000,1053.6401,2.87
1785189180000,1053.6401,2.87
1785189240000,1053.6401,2.87
1785189300000,1053.6401,2.87
1785189360000,1053.6401,2.87
1785189420000,1053.6401,2.87
1785189480000,1053.6401,2.87
1785189540000,1053.6401,2.87
1785189600000,1053.6401,2.87
1785189660000,1053.6401,2.87
1785189720000,1053.6401,2.87
1785189780000,1053.6401,2.87
1785189840000,1053.6401,2.87
1785189900000,1053.6401,2.87
1785189960000,1053.6401,2.87
1785190020000,1053.6401,2.87
1785190080000,1053.6401,2.87
1785190140000,1053.6401,2.87
1785190200000,1053.6401,2.87
1785190260000,1053.6401,2.87
1785190320000,1053.6401,2.87
1785190380000,1053.6401,2.87
1785190440000,1053.6401,2.87
1785190500000,1053.6401,2.87
1785190560000,1053.6401,2.87
1785190620000,1053.6401,2.87
1785190680000,1053.6401,2.87
1785190740000,1053.6401,2.87
1785190800000,1053.6401,2.87
1785190860000,1053.6401,2.87
1785190920000,1053.6401,2.87
1785190980000,1053.6401,2.87
1785191040000,1053.6401,2.87
1785191100000,1053.6401,2.87
1785191160000,1053.6401,2.87
1785191220000,1053.6401,2.87
1785191280000,1053.6401,2.87
1785191340000,1053.6401,2.87
1785191400000,1053.6401,2.87
1785191460000,1053.6401,2.87
1785191520000,1053.6401,2.87
1785191580000,1053.6401,2.87
1785191640000,1053.6401,2.87
1785191700000,1053.6401,2.87
1785191760000,1053.6401,2.87
1785191820000,1053.6401,2.87
1785191880000,1053.6401,2.87
1785191940000,1053.6401,2.87
1785192000000,1053.6401,2.87
1785192060000,1053.6401,2.87
1785192120000,1053.6401,2.87
1785192180000,1053.6401,2.87
1785192240000,1053.6401,2.87
1785192300000,1053.6401,2.87
1785192360000,1053.6401,2.87
1785192420000,1053.6401,2.87
1785192480000,1053.6401,2.87
1785192540000,1053.6401,2.87
1785192600000,1053.6401,2.87
1785192660000,1053.6401,2.87
1785192720000,1053.6401,2.87
1785192780000,1053.6401,2.87
1785192840000,1053.6401,2.87
1785192900000,1053.6401,2.87
1785192960000,1053.6401,2.87
1785193020000,1053.6401,2.87
1785193080000,1053.6401,2.87
1785193140000,1053.6401,2.87
1785193200000,1076.6857,0.74
1785234420000,1076.6857,0.74
1785234480000,1076.6857,0.74
1785234540000,1076.6857,0.74
1785234600000,1076.6857,0.74
1785234660000,1076.6857,0.74
1785234720000,1076.6857,0.74
1785234780000,1076.6857,0.74
1785234840000,1076.6857,0.74
1785234900000,1076.6857,0.74
1785234960000,1076.6857,0.74
1785235020000,1076.6857,0.74
1785235080000,1076.6857,0.74
1785235140000,1076.6857,0.74
1785235200000,1076.6857,0.74
1785235260000,1076.6857,0.74
1785235320000,1076.6857,0.74
1785235380000,1076.6857,0.74
1785235440000,1076.6857,0.74
1785235500000,1076.6857,0.74
1785235560000,1076.6857,0.74
1785235620000,1076.6857,0.74
1785235680000,1076.6857,0.74
1785235740000,1076.6857,0.74
1785235800000,1076.6857,0.74
1785235860000,1076.6857,0.74
1785235920000,1076.6857,0.74
1785235980000,1076.6857,0.74
1785236040000,1076.6857,0.74
1785236100000,1076.6857,0.74
1785236160000,1076.6857,0.74
1785236220000,1076.6857,0.74
1785236280000,1076.6857,0.74
1785236340000,1076.6857,0.74
1785236400000,1076.6857,0.74
1785236460000,1076.6857,0.74
1785236520000,1076.6857,0.74
1785236580000,1076.6857,0.74
1785236640000,1076.6857,0.74
1785236700000,1076.6857,0.74
1785236760000,1076.6857,0.74
1785236820000,1076.6857,0.74
1785236880000,1076.6857,0.74
1785236940000,1076.6857,0.74
1785237000000,1076.6857,0.74
1785237060000,1076.6857,0.74
1785237120000,1076.6857,0.74
1785237180000,1076.6857,0.74
1785237240000,1076.6857,0.74
1785237300000,1076.6857,0.74
1785237360000,1076.6857,0.74
1785237420000,1076.6857,0.74
1785237480000,1076.6857,0.74
1785237540000,1076.6857,0.74
1785237600000,1066.1261,1.71
1785255600000,1066.1261,1.71
1785255660000,1066.1261,1.71
1785255720000,1066.1261,1.71
1785255780000,1066.1261,1.71
1785255840000,1066.1261,1.71
1785255900000,1066.1261,1.71
1785255960000,1066.1261,1.71
1785256020000,1066.1261,1.71
1785256080000,1066.1261,1.71
1785256140000,1066.1261,1.71
1785256200000,1066.1261,1.71
1785256260000,1066.1261,1.71
1785256320000,1066.1261,1.71
1785256380000,1066.1261,1.71
1785256440000,1066.1261,1.71
1785256500000,1066.1261,1.71
1785256560000,1066.1261,1.71
1785256620000,1066.1261,1.71
1785256680000,1066.1261,1.71
1785256740000,1066.1261,1.71
1785256800000,1066.1261,1.71
1785256860000,1066.1261,1.71
1785256920000,1066.1261,1.71
1785256980000,1066.1261,1.71
1785257040000,1066.1261,1.71
1785257100000,1066.1261,1.71
1785257160000,1066.1261,1.71
1785257220000,1066.1261,1.71
1785257280000,1066.1261,1.71
1785257340000,1066.1261,1.71
1785257400000,1066.1261,1.71
1785257460000,1066.1261,1.71
1785257520000,1066.1261,1.71
1785257580000,1066.1261,1.71
1785257640000,1066.1261,1.71
1785257700000,1066.1261,1.71
1785257760000,1066.1261,1.71
1785257820000,1066.1261,1.71
1785257880000,1066.1261,1.71
1785257940000,1066.1261,1.71
1785258000000,1066.1261,1.71
1785258060000,1066.1261,1.71
1785258120000,1066.1261,1.71
1785258180000,1066.1261,1.71
1785258240000,1066.1261,1.71
1785258300000,1066.1261,1.71
1785258360000,1066.1261,1.71
1785258420000,1066.1261,1.71
1785258480000,1066.1261,1.71
1785258540000,1066.1261,1.71
1785258600000,1066.1261,1.71
1785258660000,1056.1713,2.63
1785261720000,1056.1713,2.63
1785261780000,1056.1713,2.63
1785261840000,1056.1713,2.63
1785261900000,1056.1713,2.63
1785261960000,1056.1713,2.63
1785262020000,1056.1713,2.63
1785262080000,1056.1713,2.63
1785262140000,1056.1713,2.63
1785262200000,1056.1713,2.63
1785262260000,1056.1713,2.63
1785262320000,1056.1713,2.63
1785262380000,1056.1713,2.63
1785262440000,1056.1713,2.63
1785262500000,1056.1713,2.63
1785262560000,1056.1713,2.63
1785262620000,1056.1713,2.63
1785262680000,1056.1713,2.63
1785262740000,1056.1713,2.63
1785262800000,1056.1713,2.63
1785262860000,1056.1713,2.63
1785262920000,1056.1713,2.63
1785262980000,1056.1713,2.63
1785263040000,1056.1713,2.63
1785263100000,1056.1713,2.63
1785263160000,1056.1713,2.63
1785263220000,1056.1713,2.63
1785263280000,1056.1713,2.63
1785263340000,1056.1713,2.63
1785263400000,1056.1713,2.63
1785263460000,1056.1713,2.63
1785263520000,1056.1713,2.63
1785263580000,1056.1713,2.63
1785263640000,1056.1713,2.63
1785263700000,1056.1713,2.63
1785263760000,1056.1713,2.63
1785263820000,1056.1713,2.63
1785263880000,1056.1713,2.63
1785263940000,1056.1713,2.63
1785264000000,1056.1713,2.63
1785264060000,1056.1713,2.63
1785264120000,1056.1713,2.63
1785264180000,1056.1713,2.63
1785264240000,1056.1713,2.63
1785264300000,1056.1713,2.63
1785264360000,1056.1713,2.63
1785264420000,1056.1713,2.63
1785264480000,1056.1713,2.63
1785264540000,1056.1713,2.63
1785264600000,1056.1713,2.63
1785264660000,1056.1713,2.63
1785264720000,1056.1713,2.63
1785264780000,1056.1713,2.63
1785264840000,1056.1713,2.63
1785264900000,1056.1713,2.63
1785264960000,1056.1713,2.63
1785265020000,1056.1713,2.63
1785265080000,1056.1713,2.63
1785265140000,1056.1713,2.63
1785265200000,1056.1713,2.63
1785265260000,1056.1713,2.63
1785265320000,1056.1713,2.63
1785265380000,1056.1713,2.63
1785265440000,1056.1713,2.63
1785265500000,1056.1713,2.63
1785265560000,1056.1713,2.63
1785265620000,1056.1713,2.63
1785265680000,1056.1713,2.63
1785265740000,1056.1713,2.63
1785265800000,1056.1713,2.63
1785265860000,1056.1713,2.63
1785265920000,1056.1713,2.63
1785265980000,1056.1713,2.63
1785266040000,1056.1713,2.63
1785266100000,1056.1713,2.63
1785266160000,1056.1713,2.63
1785266220000,1056.1713,2.63
1785266280000,1056.1713,2.63
1785266340000,1056.1713,2.63
1785266400000,1056.1713,2.63
1785266460000,1056.1713,2.63
1785266520000,1056.1713,2.63
1785266580000,1056.1713,2.63
1785266640000,1056.1713,2.63
1785266700000,1056.1713,2.63
1785266760000,1056.1713,2.63
1785266820000,1056.1713,2.63
1785266880000,1056.1713,2.63
1785266940000,1056.1713,2.63
1785267000000,1056.1713,2.63
1785267060000,1056.1713,2.63
1785267120000,1056.1713,2.63
1785267180000,1056.1713,2.63
1785267240000,1056.1713,2.63
1785267300000,1056.1713,2.63
1785267360000,1056.1713,2.63
1785267420000,1056.1713,2.63
1785267480000,1056.1713,2.63
1785267540000,1056.1713,2.63
1785267600000,1056.1713,2.63
1785267660000,1056.1713,2.63
1785267720000,1056.1713,2.63
1785267780000,1056.1713,2.63
1785267840000,1056.1713,2.63
1785267900000,1056.1713,2.63
1785267960000,1056.1713,2.63
1785268020000,1056.1713,2.63
1785268080000,1056.1713,2.63
1785268140000,1056.1713,2.63
1785268200000,1056.1713,2.63
1785268260000,1056.1713,2.63
1785268320000,1056.1713,2.63
1785268380000,1056.1713,2.63
1785268440000,1056.1713,2.63
1785268500000,1056.1713,2.63
1785268560000,1056.1713,2.63
1785268620000,1056.1713,2.63
1785268680000,1056.1713,2.63
1785268740000,1056.1713,2.63
1785268800000,1056.1713,2.63
1785268860000,1056.1713,2.63
1785268920000,1056.1713,2.63
1785268980000,1056.1713,2.63
1785269040000,1056.1713,2.63
1785269100000,1056.1713,2.63
1785269160000,1056.1713,2.63
1785269220000,1056.1713,2.63
1785269280000,1056.1713,2.63
1785269340000,1056.1713,2.63
1785269400000,1056.1713,2.63
1785269460000,1056.1713,2.63
1785269520000,1056.1713,2.63
1785269580000,1056.1713,2.63
1785269640000,1056.1713,2.63
1785269700000,1056.1713,2.63
1785269760000,1056.1713,2.63
1785269820000,1056.1713,2.63
1785269880000,1056.1713,2.63
1785269940000,1056.1713,2.63
1785270000000,1056.1713,2.63
1785270060000,1056.1713,2.63
1785270120000,1056.1713,2.63
1785270180000,1056.1713,2.63
1785270240000,1056.1713,2.63
1785270300000,1056.1713,2.63
1785270360000,1056.1713,2.63
1785270420000,1056.1713,2.63
1785270480000,1056.1713,2.63
1785270540000,1056.1713,2.63
1785270600000,1056.1713,2.63
1785270660000,1056.1713,2.63
1785270720000,1056.1713,2.63
1785270780000,1056.1713,2.63
1785270840000,1056.1713,2.63
1785270900000,1056.1713,2.63
1785270960000,1056.1713,2.63
1785271020000,1056.1713,2.63
1785271080000,1056.1713,2.63
1785271140000,1056.1713,2.63
1785271200000,1056.1713,2.63
1785271260000,1056.1713,2.63
1785271320000,1056.1713,2.63
1785271380000,1056.1713,2.63
1785271440000,1056.1713,2.63
1785271500000,1056.1713,2.63
1785271560000,1056.1713,2.63
1785271620000,1056.1713,2.63
1785271680000,1056.1713,2.63
1785271740000,1056.1713,2.63
1785271800000,1056.1713,2.63
1785271860000,1056.1713,2.63
1785271920000,1056.1713,2.63
1785271980000,1056.1713,2.63
1785272040000,1056.1713,2.63
1785272100000,1056.1713,2.63
1785272160000,1056.1713,2.63
1785272220000,1056.1713,2.63
1785272280000,1056.1713,2.63
1785272340000,1056.1713,2.63
1785272400000,1056.1713,2.63
1785272460000,1056.1713,2.63
1785272520000,1056.1713,2.63
1785272580000,1056.1713,2.63
1785272640000,1056.1713,2.63
1785272700000,1056.1713,2.63
1785272760000,1056.1713,2.63
1785272820000,1056.1713,2.63
1785272880000,1056.1713,2.63
1785272940000,1056.1713,2.63
1785273000000,1056.1713,2.63
1785273060000,1056.1713,2.63
1785273120000,1056.1713,2.63
1785273180000,1056.1713,2.63
1785273240000,1056.1713,2.63
1785273300000,1056.1713,2.63
1785273360000,1056.1713,2.63
1785273420000,1056.1713,2.63
1785273480000,1056.1713,2.63
1785273540000,1056.1713,2.63
1785273600000,1056.1713,2.63
1785273660000,1056.1713,2.63
1785273720000,1056.1713,2.63
1785273780000,1056.1713,2.63
1785273840000,1056.1713,2.63
1785273900000,1056.1713,2.63
1785273960000,1056.1713,2.63
1785274020000,1056.1713,2.63
1785274080000,1056.1713,2.63
1785274140000,1056.1713,2.63
1785274200000,1056.1713,2.63
1785274260000,1056.1713,2.63
1785274320000,1056.1713,2.63
1785274380000,1056.1713,2.63
1785274440000,1056.1713,2.63
1785274500000,1056.1713,2.63
1785274560000,1056.1713,2.63
1785274620000,1056.1713,2.63
1785274680000,1056.1713,2.63
1785274740000,1056.1713,2.63
1785274800000,1056.1713,2.63
1785274860000,1056.1713,2.63
1785274920000,1056.1713,2.63
1785274980000,1056.1713,2.63
1785275040000,1056.1713,2.63
1785275100000,1073.539,1.03
1785324840000,1073.539,1.03
1785324900000,1073.539,1.03
1785324960000,1073.539,1.03
1785325020000,1073.539,1.03
1785325080000,1073.539,1.03
1785325140000,1073.539,1.03
1785325200000,1073.539,1.03
1785325260000,1073.539,1.03
1785325320000,1073.539,1.03
1785325380000,1073.539,1.03
1785325440000,1073.539,1.03
1785325500000,1073.539,1.03
1785325560000,1073.539,1.03
1785325620000,1073.539,1.03
1785325680000,1073.539,1.03
1785325740000,1073.539,1.03
1785325800000,1073.539,1.03
1785325860000,1073.539,1.03
1785325920000,1073.539,1.03
1785325980000,1073.539,1.03
1785326040000,1073.539,1.03
1785326100000,1073.539,1.03
1785326160000,1073.539,1.03
1785326220000,1073.539,1.03
1785326280000,1073.539,1.03
1785326340000,1073.539,1.03
1785326400000,1073.539,1.03
1785326460000,1073.539,1.03
1785326520000,1073.539,1.03
1785326580000,1073.539,1.03
1785326640000,1073.539,1.03
1785326700000,1073.539,1.03
1785326760000,1073.539,1.03
1785326820000,1073.539,1.03
1785326880000,1073.539,1.03
1785326940000,1073.539,1.03
1785327000000,1073.539,1.03
1785327060000,1073.539,1.03
1785327120000,1073.539,1.03
1785327180000,1073.539,1.03
1785327240000,1073.539,1.03
1785327300000,1073.539,1.03
1785327360000,1073.539,1.03
1785327420000,1073.539,1.03
1785327480000,1073.539,1.03
1785327540000,1073.539,1.03
1785327600000,1073.539,1.03
1785327660000,1073.539,1.03
1785327720000,1073.539,1.03
1785327780000,1073.539,1.03
1785327840000,1073.539,1.03
1785327900000,1073.539,1.03
1785327960000,1073.539,1.03
1785328020000,1073.539,1.03
1785328080000,1073.539,1.03
1785328140000,1073.539,1.03
1785328200000,1073.539,1.03
1785328260000,1073.539,1.03
1785328320000,1073.539,1.03
1785328380000,1073.539,1.03
1785328440000,1073.539,1.03
1785328500000,1073.539,1.03
1785328560000,1073.539,1.03
1785328620000,1073.539,1.03
1785328680000,1073.539,1.03
1785328740000,1073.539,1.03
1785328800000,1073.539,1.03
1785328860000,1073.539,1.03
1785328920000,1073.539,1.03
1785328980000,1073.539,1.03
1785329040000,1073.539,1.03
1785329100000,1073.539,1.03
1785329160000,1073.539,1.03
1785329220000,1073.539,1.03
1785329280000,1073.539,1.03
1785329340000,1073.539,1.03
1785329400000,1073.539,1.03
1785329460000,1073.539,1.03
1785329520000,1073.539,1.03
1785329580000,1073.539,1.03
1785329640000,1073.539,1.03
1785329700000,1073.539,1.03
1785329760000,1073.539,1.03
1785329820000,1073.539,1.03
1785329880000,1073.539,1.03
1785329940000,1073.539,1.03
1785330000000,1073.539,1.03
1785330060000,1073.539,1.03
1785330120000,1073.539,1.03
1785330180000,1073.539,1.03
1785330240000,1073.539,1.03
1785330300000,1073.539,1.03
1785330360000,1073.539,1.03
1785330420000,1073.539,1.03
1785330480000,1073.539,1.03
1785330540000,1073.539,1.03
1785330600000,1073.539,1.03
1785330660000,1073.539,1.03
1785330720000,1073.539,1.03
1785330780000,1073.539,1.03
1785330840000,1073.539,1.03
1785330900000,1073.539,1.03
1785330960000,1073.539,1.03
1785331020000,1073.539,1.03
1785331080000,1073.539,1.03
1785331140000,1083.7606,0.09
1785334500000,1083.7606,0.09
1785334560000,1083.7606,0.09
1785334620000,1083.7606,0.09
1785334680000,1083.7606,0.09
1785334740000,1083.7606,0.09
1785334800000,1083.7606,0.09
1785334860000,1083.7606,0.09
1785334920000,1083.7606,0.09
1785334980000,1083.7606,0.09
1785335040000,1083.7606,0.09
1785335100000,1083.7606,0.09
1785335160000,1083.7606,0.09
1785335220000,1083.7606,0.09
1785335280000,1083.7606,0.09
1785335340000,1083.7606,0.09
1785335400000,1083.7606,0.09
1785335460000,1083.7606,0.09
1785335520000,1083.7606,0.09
1785335580000,1083.7606,0.09
1785335640000,1083.7606,0.09
1785335700000,1083.7606,0.09
1785335760000,1083.7606,0.09
1785335820000,1083.7606,0.09
1785335880000,1083.7606,0.09
1785335940000,1083.7606,0.09
1785336000000,1083.7606,0.09
1785336060000,1083.7606,0.09
1785336120000,1083.7606,0.09
1785336180000,1083.7606,0.09
1785336240000,1083.7606,0.09
1785336300000,1083.7606,0.09
1785336360000,1083.7606,0.09
1785336420000,1083.7606,0.09
1785336480000,1083.7606,0.09
1785336540000,1083.7606,0.09
1785336600000,1083.7606,0.09
1785336660000,1083.7606,0.09
1785336720000,1083.7606,0.09
1785336780000,1083.7606,0.09
1785336840000,1083.7606,0.09
1785336900000,1083.7606,0.09
1785336960000,1083.7606,0.09
1785337020000,1083.7606,0.09
1785337080000,1083.7606,0.09
1785337140000,1083.7606,0.09
1785337200000,1083.7606,0.09
1785337260000,1083.7606,0.09
1785337320000,1083.7606,0.09
1785337380000,1083.7606,0.09
1785337440000,1083.7606,0.09
1785337500000,1083.7606,0.09
1785337560000,1083.7606,0.09
1785337620000,1083.7606,0.09
1785337680000,1083.7606,0.09
1785337740000,1083.7606,0.09
1785337800000,1083.7606,0.09
1785337860000,1083.7606,0.09
1785337920000,1083.7606,0.09
1785337980000,1083.7606,0.09
1785338040000,1083.7606,0.09
1785338100000,1083.7606,0.09
1785338160000,1083.7606,0.09
1785338220000,1083.7606,0.09
1785338280000,1083.7606,0.09
1785338340000,1083.7606,0.09
1785338400000,1083.7606,0.09
1785338460000,1083.7606,0.09
1785338520000,1083.7606,0.09
1785338580000,1083.7606,0.09
1785338640000,1083.7606,0.09
1785338700000,1083.7606,0.09
1785338760000,1083.7606,0.09
1785338820000,1083.7606,0.09
1785338880000,1083.7606,0.09
1785338940000,1083.7606,0.09
1785339000000,1083.7606,0.09
1785339060000,1083.7606,0.09
1785339120000,1083.7606,0.09
1785339180000,1083.7606,0.09
1785339240000,1083.7606,0.09
1785339300000,1083.7606,0.09
1785339360000,1083.7606,0.09
1785339420000,1083.7606,0.09
1785339480000,1083.7606,0.09
1785339540000,1083.7606,0.09
1785339600000,1083.7606,0.09
1785339660000,1083.7606,0.09
1785339720000,1083.7606,0.09
1785339780000,1083.7606,0.09
1785339840000,1083.7606,0.09
1785339900000,1083.7606,0.09
1785339960000,1083.7606,0.09
1785340020000,1083.7606,0.09
1785340080000,1083.7606,0.09
1785340140000,1083.7606,0.09
1785340200000,1083.7606,0.09
1785340260000,1083.7606,0.09
1785340320000,1083.7606,0.09
1785340380000,1083.7606,0.09
1785340440000,1083.7606,0.09
1785340500000,1083.7606,0.09
1785340560000,1083.7606,0.09
1785340620000,1083.7606,0.09
1785340680000,1083.7606,0.09
1785340740000,1083.7606,0.09
1785340800000,1083.7606,0.09
1785340860000,1083.7606,0.09
1785340920000,1083.7606,0.09
1785340980000,1083.7606,0.09
1785341040000,1083.7606,0.09
1785341100000,1083.7606,0.09
1785341160000,1083.7606,0.09
1785341220000,1083.7606,0.09
1785341280000,1083.7606,0.09
1785341340000,1083.7606,0.09
1785341400000,1083.7606,0.09
1785341460000,1083.7606,0.09
1785341520000,1083.7606,0.09
1785341580000,1083.7606,0.09
1785341640000,1083.7606,0.09
1785341700000,1083.7606,0.09
1785341760000,1083.7606,0.09
1785341820000,1083.7606,0.09
1785341880000,1083.7606,0.09
1785341940000,1083.7606,0.09
1785342000000,1083.7606,0.09
1785342060000,1083.7606,0.09
1785342120000,1083.7606,0.09
1785342180000,1083.7606,0.09
1785342240000,1083.7606,0.09
1785342300000,1083.7606,0.09
1785342360000,1083.7606,0.09
1785342420000,1083.7606,0.09
1785342480000,1083.7606,0.09
1785342540000,1083.7606,0.09
1785342600000,1083.7606,0.09
1785342660000,1083.7606,0.09
1785342720000,1083.7606,0.09
1785342780000,1083.7606,0.09
1785342840000,1083.7606,0.09
1785342900000,1083.7606,0.09
1785342960000,1083.7606,0.09
1785343020000,1083.7606,0.09
1785343080000,1083.7606,0.09
1785343140000,1083.7606,0.09
1785343200000,1083.7606,0.09
1785343260000,1083.7606,0.09
1785343320000,1083.7606,0.09
1785343380000,1083.7606,0.09
1785343440000,1083.7606,0.09
1785343500000,1083.7606,0.09
1785343560000,1083.7606,0.09
1785343620000,1083.7606,0.09
1785343680000,1083.7606,0.09
1785343740000,1083.7606,0.09
1785343800000,1083.7606,0.09
1785343860000,1083.7606,0.09
1785343920000,1083.7606,0.09
1785343980000,1083.7606,0.09
1785344040000,1083.7606,0.09
1785344100000,1083.7606,0.09
1785344160000,1083.7606,0.09
1785344220000,1083.7606,0.09
1785344280000,1083.7606,0.09
1785344340000,1083.7606,0.09
1785344400000,1083.7606,0.09
1785344460000,1083.7606,0.09
1785344520000,1083.7606,0.09
1785344580000,1083.7606,0.09
1785344640000,1083.7606,0.09
1785344700000,1083.7606,0.09
1785344760000,1083.7606,0.09
1785344820000,1083.7606,0.09
1785344880000,1083.7606,0.09
1785344940000,1083.7606,0.09
1785345000000,1083.7606,0.09
1785345060000,1083.7606,0.09
1785345120000,1083.7606,0.09
1785345180000,1083.7606,0.09
1785345240000,1083.7606,0.09
1785345300000,1083.7606,0.09
1785345360000,1083.7606,0.09
1785345420000,1083.7606,0.09
1785345480000,1083.7606,0.09
1785345540000,1083.7606,0.09
1785345600000,1083.7606,0.09
1785345660000,1083.7606,0.09
1785345720000,1083.7606,0.09
1785345780000,1083.7606,0.09
1785345840000,1083.7606,0.09
1785345900000,1083.7606,0.09
1785345960000,1083.7606,0.09
1785346020000,1083.7606,0.09
1785346080000,1083.7606,0.09
1785346140000,1083.7606,0.09
1785346200000,1083.7606,0.09
1785346260000,1083.7606,0.09
1785346320000,1083.7606,0.09
1785346380000,1083.7606,0.09
1785346440000,1083.7606,0.09
1785346500000,1083.7606,0.09
1785346560000,1083.7606,0.09
1785346620000,1083.7606,0.09
1785346680000,1083.7606,0.09
1785346740000,1083.7606,0.09
1785346800000,1083.7606,0.09
1785346860000,1083.7606,0.09
1785346920000,1083.7606,0.09
1785346980000,1083.7606,0.09
1785347040000,1083.7606,0.09
1785347100000,1083.7606,0.09
1785347160000,1083.7606,0.09
1785347220000,1083.7606,0.09
1785347280000,1083.7606,0.09
1785347340000,1083.7606,0.09
1785347400000,1083.7606,0.09
1785347460000,1083.7606,0.09
1785347520000,1083.7606,0.09
1785347580000,1083.7606,0.09
1785347640000,1074.5494,0.94
1785350520000,1074.5494,0.94
1785350580000,1074.5494,0.94
1785350640000,1074.5494,0.94
1785350700000,1074.5494,0.94
1785350760000,1074.5494,0.94
1785350820000,1074.5494,0.94
1785350880000,1074.5494,0.94
1785350940000,1074.5494,0.94
1785351000000,1074.5494,0.94
1785351060000,1074.5494,0.94
1785351120000,1074.5494,0.94
1785351180000,1074.5494,0.94
1785351240000,1074.5494,0.94
1785351300000,1074.5494,0.94
1785351360000,1074.5494,0.94
1785351420000,1074.5494,0.94
1785351480000,1074.5494,0.94
1785351540000,1074.5494,0.94
1785351600000,1074.5494,0.94
1785351660000,1074.5494,0.94
1785351720000,1074.5494,0.94
1785351780000,1074.5494,0.94
1785351840000,1074.5494,0.94
1785351900000,1074.5494,0.94
1785351960000,1074.5494,0.94
1785352020000,1074.5494,0.94
1785352080000,1074.5494,0.94
1785352140000,1074.5494,0.94
1785352200000,1074.5494,0.94
1785352260000,1074.5494,0.94
1785352320000,1074.5494,0.94
1785352380000,1074.5494,0.94
1785352440000,1074.5494,0.94
1785352500000,1074.5494,0.94
1785352560000,1074.5494,0.94
1785352620000,1074.5494,0.94
1785352680000,1074.5494,0.94
1785352740000,1074.5494,0.94
1785352800000,1074.5494,0.94
1785352860000,1065.5439,1.77
1785355380000,1065.5439,1.77
1785355440000,1065.5439,1.77
1785355500000,1065.5439,1.77
1785355560000,1065.5439,1.77
1785355620000,1065.5439,1.77
1785355680000,1065.5439,1.77
1785355740000,1065.5439,1.77
1785355800000,1065.5439,1.77
1785355860000,1065.5439,1.77
1785355920000,1065.5439,1.77
1785355980000,1065.5439,1.77
1785356040000,1065.5439,1.77
1785356100000,1065.5439,1.77
1785356160000,1065.5439,1.77
1785356220000,1065.5439,1.77
1785356280000,1065.5439,1.77
1785356340000,1065.5439,1.77
1785356400000,1065.5439,1.77
1785356460000,1065.5439,1.77
1785356520000,1065.5439,1.77
1785356580000,1065.5439,1.77
1785356640000,1065.5439,1.77
1785356700000,1065.5439,1.77
1785356760000,1065.5439,1.77
1785356820000,1065.5439,1.77
1785356880000,1065.5439,1.77
1785356940000,1065.5439,1.77
1785357000000,1065.5439,1.77
1785357060000,1065.5439,1.77
1785357120000,1065.5439,1.77
1785357180000,1065.5439,1.77
1785357240000,1065.5439,1.77
1785357300000,1065.5439,1.77
1785357360000,1065.5439,1.77
1785357420000,1065.5439,1.77
1785357480000,1065.5439,1.77
1785357540000,1065.5439,1.77
1785357600000,1065.5439,1.77
1785357660000,1065.5439,1.77
1785357720000,1065.5439,1.77
1785357780000,1065.5439,1.77
1785357840000,1065.5439,1.77
1785357900000,1065.5439,1.77
1785357960000,1065.5439,1.77
1785358020000,1065.5439,1.77
1785358080000,1065.5439,1.77
1785358140000,1065.5439,1.77
1785358200000,1065.5439,1.77
1785358260000,1065.5439,1.77
1785358320000,1065.5439,1.77
1785358380000,1065.5439,1.77
1785358440000,1065.5439,1.77
1785358500000,1065.5439,1.77
1785358560000,1065.5439,1.77
1785358620000,1065.5439,1.77
1785358680000,1065.5439,1.77
1785358740000,1065.5439,1.77
1785358800000,1065.5439,1.77
1785358860000,1065.5439,1.77
1785358920000,1065.5439,1.77
1785358980000,1065.5439,1.77
1785359040000,1065.5439,1.77
1785359100000,1065.5439,1.77
1785359160000,1065.5439,1.77
1785359220000,1065.5439,1.77
1785359280000,1065.5439,1.77
1785359340000,1065.5439,1.77
1785359400000,1065.5439,1.77
1785359460000,1065.5439,1.77
1785359520000,1065.5439,1.77
1785359580000,1065.5439,1.77
1785359640000,1065.5439,1.77
1785359700000,1065.5439,1.77
1785359760000,1065.5439,1.77
1785359820000,1065.5439,1.77
1785359880000,1065.5439,1.77
1785359940000,1065.5439,1.77
1785360000000,1065.5439,1.77
1785360060000,1065.5439,1.77
1785360120000,1065.5439,1.77
1785360180000,1065.5439,1.77
1785360240000,1065.5439,1.77
1785360300000,1065.5439,1.77
1785360360000,1065.5439,1.77
1785360420000,1065.5439,1.77
1785360480000,1065.5439,1.77
1785360540000,1065.5439,1.77
1785360600000,1065.5439,1.77
1785360660000,1065.5439,1.77
1785360720000,1065.5439,1.77
1785360780000,1065.5439,1.77
1785360840000,1065.5439,1.77
1785360900000,1065.5439,1.77
1785360960000,1065.5439,1.77
1785361020000,1065.5439,1.77
1785361080000,1065.5439,1.77
1785361140000,1065.5439,1.77
1785361200000,1065.5439,1.77
1785361260000,1065.5439,1.77
1785361320000,1065.5439,1.77
1785361380000,1055.3472,2.71
1785419160000,1055.3472,2.71
1785419220000,1055.3472,2.71
1785419280000,1055.3472,2.71
1785419340000,1055.3472,2.71
1785419400000,1055.3472,2.71
1785419460000,1055.3472,2.71
1785419520000,1055.3472,2.71
1785419580000,1055.3472,2.71
1785419640000,1055.3472,2.71
1785419700000,1055.3472,2.71
1785419760000,1055.3472,2.71
1785419820000,1055.3472,2.71
1785419880000,1055.3472,2.71
1785419940000,1055.3472,2.71
1785420000000,1055.3472,2.71
1785420060000,1055.3472,2.71
1785420120000,1055.3472,2.71
1785420180000,1055.3472,2.71
1785420240000,1055.3472,2.71
1785420300000,1055.3472,2.71
1785420360000,1055.3472,2.71
1785420420000,1055.3472,2.71
1785420480000,1055.3472,2.71
1785420540000,1055.3472,2.71
1785420600000,1055.3472,2.71
1785420660000,1055.3472,2.71
1785420720000,1055.3472,2.71
1785420780000,1055.3472,2.71
1785420840000,1055.3472,2.71
1785420900000,1055.3472,2.71
1785420960000,1055.3472,2.71
1785421020000,1055.3472,2.71
1785421080000,1046.3861,3.53
1785501180000,1046.3861,3.53
1785501240000,1046.3861,3.53
1785501300000,1046.3861,3.53
1785501360000,1046.3861,3.53
1785501420000,1046.3861,3.53
1785501480000,1046.3861,3.53
1785501540000,1046.3861,3.53
1785501600000,1046.3861,3.53
1785501660000,1046.3861,3.53
1785501720000,1046.3861,3.53
1785501780000,1046.3861,3.53
1785501840000,1046.3861,3.53
1785501900000,1046.3861,3.53
1785501960000,1046.3861,3.53
1785502020000,1046.3861,3.53
1785502080000,1046.3861,3.53
1785502140000,1046.3861,3.53
1785502200000,1046.3861,3.53
1785502260000,1046.3861,3.53
1785502320000,1046.3861,3.53
1785502380000,1035.7693,4.51
1785504720000,1035.7693,4.51
1785504780000,1035.7693,4.51
1785504840000,1035.7693,4.51
1785504900000,1035.7693,4.51
1785504960000,1035.7693,4.51
1785505020000,1035.7693,4.51
1785505080000,1035.7693,4.51
1785505140000,1035.7693,4.51
1785505200000,1035.7693,4.51
1785505260000,1035.7693,4.51
1785505320000,1035.7693,4.51
1785505380000,1035.7693,4.51
1785505440000,1035.7693,4.51
1785505500000,1035.7693,4.51
1785505560000,1035.7693,4.51
1785505620000,1035.7693,4.51
1785505680000,1035.7693,4.51
1785505740000,1035.7693,4.51
1785505800000,1035.7693,4.51
1785505860000,1035.7693,4.51
1785505920000,1048.1828,3.37
1785605880000,1048.1828,3.37
1785605940000,1048.1828,3.37
1785606000000,1048.1828,3.37
1785606060000,1048.1828,3.37
1785606120000,1048.1828,3.37
1785606180000,1048.1828,3.37
1785606240000,1048.1828,3.37
1785606300000,1048.1828,3.37
1785606360000,1048.1828,3.37
1785606420000,1048.1828,3.37
1785606480000,1048.1828,3.37
1785606540000,1048.1828,3.37
1785606600000,1048.1828,3.37
1785606660000,1048.1828,3.37
1785606720000,1048.1828,3.37
1785606780000,1048.1828,3.37
1785606840000,1048.1828,3.37
1785606900000,1048.1828,3.37
1785606960000,1048.1828,3.37
1785607020000,1048.1828,3.37
1785607080000,1048.1828,3.37
1785607140000,1048.1828,3.37
1785607200000,1048.1828,3.37
1785607260000,1048.1828,3.37
1785607320000,1048.1828,3.37
1785607380000,1048.1828,3.37
1785607440000,1048.1828,3.37
1785607500000,1048.1828,3.37
1785607560000,1048.1828,3.37
1785607620000,1048.1828,3.37
1785607680000,1048.1828,3.37
1785607740000,1048.1828,3.37
1785607800000,1048.1828,3.37
1785607860000,1048.1828,3.37
1785607920000,1048.1828,3.37
1785607980000,1048.1828,3.37
1785608040000,1048.1828,3.37
1785608100000,1048.1828,3.37
1785608160000,1048.1828,3.37
1785608220000,1048.1828,3.37
1785608280000,1048.1828,3.37
1785608340000,1048.1828,3.37
1785608400000,1048.1828,3.37
1785608460000,1048.1828,3.37
1785608520000,1048.1828,3.37
1785608580000,1048.1828,3.37
1785608640000,1048.1828,3.37
1785608700000,1048.1828,3.37
1785608760000,1048.1828,3.37
1785608820000,1048.1828,3.37
1785608880000,1048.1828,3.37
1785608940000,1048.1828,3.37
1785609000000,1058.5723,2.41
1785609900000,1058.5723,2.41
1785609960000,1058.5723,2.41
1785610020000,1058.5723,2.41
1785610080000,1058.5723,2.41
1785610140000,1058.5723,2.41
1785610200000,1058.5723,2.41
1785610260000,1058.5723,2.41
1785610320000,1058.5723,2.41
1785610380000,1058.5723,2.41
1785610440000,1058.5723,2.41
1785610500000,1058.5723,2.41
1785610560000,1058.5723,2.41
1785610620000,1058.5723,2.41
1785610680000,1058.5723,2.41
1785610740000,1058.5723,2.41
1785610800000,1058.5723,2.41
1785610860000,1058.5723,2.41
1785610920000,1058.5723,2.41
1785610980000,1058.5723,2.41
1785611040000,1058.5723,2.41
1785611100000,1058.5723,2.41
1785611160000,1058.5723,2.41
1785611220000,1058.5723,2.41
1785611280000,1058.5723,2.41
1785611340000,1058.5723,2.41
1785611400000,1058.5723,2.41
1785611460000,1058.5723,2.41
1785611520000,1058.5723,2.41
1785611580000,1058.5723,2.41
1785611640000,1058.5723,2.41
1785611700000,1058.5723,2.41
1785611760000,1058.5723,2.41
1785611820000,1058.5723,2.41
1785611880000,1058.5723,2.41
1785611940000,1058.5723,2.41
1785612000000,1058.5723,2.41
1785612060000,1058.5723,2.41
1785612120000,1058.5723,2.41
1785612180000,1058.5723,2.41
1785612240000,1058.5723,2.41
1785612300000,1058.5723,2.41
1785612360000,1058.5723,2.41
1785612420000,1058.5723,2.41
1785612480000,1058.5723,2.41
1785612540000,1058.5723,2.41
1785612600000,1058.5723,2.41
1785612660000,1058.5723,2.41
1785612720000,1058.5723,2.41
1785612780000,1058.5723,2.41
1785612840000,1058.5723,2.41
1785612900000,1058.5723,2.41
1785612960000,1058.5723,2.41
1785613020000,1058.5723,2.41
1785613080000,1058.5723,2.41
1785613140000,1058.5723,2.41
1785613200000,1058.5723,2.41
1785613260000,1058.5723,2.41
1785613320000,1058.5723,2.41
1785613380000,1058.5723,2.41
1785613440000,1058.5723,2.41
1785613500000,1058.5723,2.41
1785613560000,1058.5723,2.41
1785613620000,1058.5723,2.41
1785613680000,1058.5723,2.41
1785613740000,1058.5723,2.41
1785613800000,1058.5723,2.41
1785613860000,1058.5723,2.41
1785613920000,1058.5723,2.41
1785613980000,1058.5723,2.41
1785614040000,1058.5723,2.41
1785614100000,1058.5723,2.41
1785614160000,1058.5723,2.41
1785614220000,1058.5723,2.41
1785614280000,1058.5723,2.41
1785614340000,1058.5723,2.41
1785614400000,1058.5723,2.41
1785614460000,1058.5723,2.41
1785614520000,1058.5723,2.41
1785614580000,1058.5723,2.41
1785614640000,1058.5723,2.41
1785614700000,1058.5723,2.41
1785614760000,1058.5723,2.41
1785614820000,1058.5723,2.41
1785614880000,1058.5723,2.41
1785614940000,1058.5723,2.41
1785615000000,1058.5723,2.41
1785615060000,1058.5723,2.41
1785615120000,1058.5723,2.41
1785615180000,1058.5723,2.41
1785615240000,1058.5723,2.41
1785615300000,1058.5723,2.41
1785615360000,1058.5723,2.41
1785615420000,1058.5723,2.41
1785615480000,1058.5723,2.41
1785615540000,1058.5723,2.41
1785615600000,1058.5723,2.41
1785615660000,1058.5723,2.41
1785615720000,1058.5723,2.41
1785615780000,1058.5723,2.41
1785615840000,1058.5723,2.41
1785615900000,1058.5723,2.41
1785615960000,1058.5723,2.41
1785616020000,1058.5723,2.41
1785616080000,1058.5723,2.41
1785616140000,1058.5723,2.41
1785616200000,1058.5723,2.41
1785616260000,1058.5723,2.41
1785616320000,1058.5723,2.41
1785616380000,1058.5723,2.41
1785616440000,1058.5723,2.41
1785616500000,1058.5723,2.41
1785616560000,1058.5723,2.41
1785616620000,1058.5723,2.41
1785616680000,1058.5723,2.41
1785616740000,1058.5723,2.41
1785616800000,1058.5723,2.41
1785616860000,1058.5723,2.41
1785616920000,1058.5723,2.41
1785616980000,1058.5723,2.41
1785617040000,1058.5723,2.41
1785617100000,1058.5723,2.41
1785617160000,1058.5723,2.41
1785617220000,1058.5723,2.41
1785617280000,1058.5723,2.41
1785617340000,1058.5723,2.41
1785617400000,1058.5723,2.41
1785617460000,1058.5723,2.41
1785617520000,1058.5723,2.41
1785617580000,1058.5723,2.41
1785617640000,1058.5723,2.41
1785617700000,1058.5723,2.41
1785617760000,1058.5723,2.41
1785617820000,1058.5723,2.41
1785617880000,1058.5723,2.41
1785617940000,1058.5723,2.41
1785618000000,1058.5723,2.41
1785618060000,1058.5723,2.41
1785618120000,1058.5723,2.41
1785618180000,1058.5723,2.41
1785618240000,1058.5723,2.41
1785618300000,1058.5723,2.41
1785618360000,1058.5723,2.41
1785618420000,1058.5723,2.41
1785618480000,1058.5723,2.41
1785618540000,1058.5723,2.41
1785618600000,1058.5723,2.41
1785618660000,1058.5723,2.41
1785618720000,1058.5723,2.41
1785618780000,1058.5723,2.41
1785618840000,1058.5723,2.41
1785618900000,1058.5723,2.41
1785618960000,1058.5723,2.41
1785619020000,1058.5723,2.41
1785619080000,1058.5723,2.41
1785619140000,1058.5723,2.41
1785619200000,1058.5723,2.41
1785619260000,1058.5723,2.41
1785619320000,1058.5723,2.41
1785619380000,1058.5723,2.41
1785619440000,1058.5723,2.41
1785619500000,1058.5723,2.41
1785619560000,1058.5723,2.41
1785619620000,1058.5723,2.41
1785619680000,1058.5723,2.41
1785619740000,1058.5723,2.41
1785619800000,1058.5723,2.41
1785619860000,1058.5723,2.41
1785619920000,1058.5723,2.41
1785619980000,1049.3741,3.26
1785745260000,1049.3741,3.26
1785745320000,1049.3741,3.26
1785745380000,1049.3741,3.26
1785745440000,1049.3741,3.26
1785745500000,1049.3741,3.26
1785745560000,1049.3741,3.26
1785745620000,1049.3741,3.26
1785745680000,1049.3741,3.26
1785745740000,1049.3741,3.26
1785745800000,1059.4797,2.33
1785765180000,1059.4797,2.33
1785765240000,1059.4797,2.33
1785765300000,1059.4797,2.33
1785765360000,1059.4797,2.33
1785765420000,1059.4797,2.33
1785765480000,1059.4797,2.33
1785765540000,1059.4797,2.33
1785765600000,1059.4797,2.33
1785765660000,1059.4797,2.33
1785765720000,1059.4797,2.33
1785765780000,1059.4797,2.33
1785765840000,1059.4797,2.33
1785765900000,1059.4797,2.33
1785765960000,1059.4797,2.33
1785766020000,1059.4797,2.33
1785766080000,1059.4797,2.33
1785766140000,1059.4797,2.33
1785766200000,1059.4797,2.33
1785766260000,1059.4797,2.33
1785766320000,1059.4797,2.33
1785766380000,1059.4797,2.33
1785766440000,1059.4797,2.33
1785766500000,1059.4797,2.33
1785766560000,1059.4797,2.33
1785766620000,1059.4797,2.33
1785766680000,1059.4797,2.33
1785766740000,1059.4797,2.33
1785766800000,1059.4797,2.33
1785766860000,1059.4797,2.33
1785766920000,1059.4797,2.33
1785766980000,1059.4797,2.33
1785767040000,1059.4797,2.33
1785767100000,1059.4797,2.33
1785767160000,1059.4797,2.33
1785767220000,1059.4797,2.33
1785767280000,1059.4797,2.33
1785767340000,1059.4797,2.33
1785767400000,1059.4797,2.33
1785767460000,1059.4797,2.33
1785767520000,1059.4797,2.33
1785767580000,1059.4797,2.33
1785767640000,1059.4797,2.33
1785767700000,1059.4797,2.33
1785767760000,1059.4797,2.33
1785767820000,1059.4797,2.33
1785767880000,1059.4797,2.33
1785767940000,1059.4797,2.33
1785768000000,1059.4797,2.33
1785768060000,1059.4797,2.33
1785768120000,1059.4797,2.33
1785768180000,1059.4797,2.33
1785768240000,1059.4797,2.33
1785768300000,1059.4797,2.33
1785768360000,1059.4797,2.33
1785768420000,1059.4797,2.33
1785768480000,1059.4797,2.33
1785768540000,1059.4797,2.33
1785768600000,1059.4797,2.33
1785768660000,1059.4797,2.33
1785768720000,1059.4797,2.33
1785768780000,1059.4797,2.33
1785768840000,1059.4797,2.33
1785768900000,1059.4797,2.33
1785768960000,1059.4797,2.33
1785769020000,1059.4797,2.33
1785769080000,1059.4797,2.33
1785769140000,1059.4797,2.33
1785769200000,1059.4797,2.33
1785769260000,1059.4797,2.33
1785769320000,1059.4797,2.33
1785769380000,1059.4797,2.33
1785769440000,1059.4797,2.33
1785769500000,1059.4797,2.33
1785769560000,1059.4797,2.33
1785769620000,1059.4797,2.33
1785769680000,1059.4797,2.33
1785769740000,1059.4797,2.33
1785769800000,1059.4797,2.33
1785769860000,1059.4797,2.33
1785769920000,1059.4797,2.33
1785769980000,1059.4797,2.33
1785770040000,1059.4797,2.33
1785770100000,1059.4797,2.33
1785770160000,1059.4797,2.33
1785770220000,1059.4797,2.33
1785770280000,1059.4797,2.33
1785770340000,1059.4797,2.33
1785770400000,1059.4797,2.33
1785770460000,1059.4797,2.33
1785770520000,1059.4797,2.33
1785770580000,1059.4797,2.33
1785770640000,1059.4797,2.33
1785770700000,1059.4797,2.33
1785770760000,1059.4797,2.33
1785770820000,1059.4797,2.33
1785770880000,1059.4797,2.33
1785770940000,1059.4797,2.33
1785771000000,1059.4797,2.33
1785771060000,1059.4797,2.33
1785771120000,1059.4797,2.33
1785771180000,1059.4797,2.33
1785771240000,1059.4797,2.33
1785771300000,1059.4797,2.33
1785771360000,1059.4797,2.33
1785771420000,1059.4797,2.33
1785771480000,1059.4797,2.33
1785771540000,1059.4797,2.33
1785771600000,1059.4797,2.33
1785771660000,1059.4797,2.33
1785771720000,1059.4797,2.33
1785771780000,1059.4797,2.33
1785771840000,1059.4797,2.33
1785771900000,1059.4797,2.33
1785771960000,1059.4797,2.33
1785772020000,1059.4797,2.33
1785772080000,1059.4797,2.33
1785772140000,1059.4797,2.33
1785772200000,1059.4797,2.33
1785772260000,1059.4797,2.33
1785772320000,1059.4797,2.33
1785772380000,1059.4797,2.33
1785772440000,1059.4797,2.33
1785772500000,1059.4797,2.33
1785772560000,1059.4797,2.33
1785772620000,1059.4797,2.33
1785772680000,1059.4797,2.33
1785772740000,1059.4797,2.33
1785772800000,1059.4797,2.33
1785772860000,1059.4797,2.33
1785772920000,1059.4797,2.33
1785772980000,1059.4797,2.33
1785773040000,1059.4797,2.33
1785773100000,1059.4797,2.33
1785773160000,1059.4797,2.33
1785773220000,1059.4797,2.33
1785773280000,1059.4797,2.33
1785773340000,1059.4797,2.33
1785773400000,1059.4797,2.33
1785773460000,1059.4797,2.33
1785773520000,1059.4797,2.33
1785773580000,1059.4797,2.33
1785773640000,1059.4797,2.33
1785773700000,1059.4797,2.33
1785773760000,1059.4797,2.33
1785773820000,1059.4797,2.33
1785773880000,1059.4797,2.33
1785773940000,1059.4797,2.33
1785774000000,1059.4797,2.33
1785774060000,1059.4797,2.33
1785774120000,1059.4797,2.33
1785774180000,1059.4797,2.33
1785774240000,1059.4797,2.33
1785774300000,1059.4797,2.33
1785774360000,1059.4797,2.33
1785774420000,1059.4797,2.33
1785774480000,1059.4797,2.33
1785774540000,1059.4797,2.33
1785774600000,1059.4797,2.33
1785774660000,1059.4797,2.33
1785774720000,1059.4797,2.33
1785774780000,1059.4797,2.33
1785774840000,1059.4797,2.33
1785774900000,1059.4797,2.33
1785774960000,1059.4797,2.33
1785775020000,1059.4797,2.33
1785775080000,1059.4797,2.33
1785775140000,1059.4797,2.33
1785775200000,1059.4797,2.33
1785775260000,1059.4797,2.33
1785775320000,1059.4797,2.33
1785775380000,1059.4797,2.33
1785775440000,1059.4797,2.33
1785775500000,1059.4797,2.33
1785775560000,1059.4797,2.33
1785775620000,1059.4797,2.33
1785775680000,1059.4797,2.33
1785775740000,1059.4797,2.33
1785775800000,1059.4797,2.33
1785775860000,1059.4797,2.33
1785775920000,1059.4797,2.33
1785775980000,1059.4797,2.33
1785776040000,1059.4797,2.33
1785776100000,1059.4797,2.33
1785776160000,1059.4797,2.33
1785776220000,1059.4797,2.33
1785776280000,1059.4797,2.33
1785776340000,1059.4797,2.33
1785776400000,1059.4797,2.33
1785776460000,1059.4797,2.33
1785776520000,1059.4797,2.33
1785776580000,1059.4797,2.33
1785776640000,1059.4797,2.33
1785776700000,1059.4797,2.33
1785776760000,1059.4797,2.33
1785776820000,1059.4797,2.33
1785776880000,1059.4797,2.33
1785776940000,1059.4797,2.33
1785777000000,1059.4797,2.33
1785777060000,1059.4797,2.33
1785777120000,1059.4797,2.33
1785777180000,1059.4797,2.33
1785777240000,1059.4797,2.33
1785777300000,1059.4797,2.33
1785777360000,1059.4797,2.33
1785777420000,1059.4797,2.33
1785777480000,1059.4797,2.33
1785777540000,1059.4797,2.33
1785777600000,1059.4797,2.33
1785777660000,1059.4797,2.33
1785777720000,1059.4797,2.33
1785777780000,1059.4797,2.33
1785777840000,1059.4797,2.33
1785777900000,1059.4797,2.33
1785777960000,1059.4797,2.33
1785778020000,1059.4797,2.33
1785778080000,1059.4797,2.33
1785778140000,1059.4797,2.33
1785778200000,1059.4797,2.33
1785778260000,1059.4797,2.33
1785778320000,1059.4797,2.33
1785778380000,1059.4797,2.33
1785778440000,1059.4797,2.33
1785778500000,1059.4797,2.33
1785778560000,1059.4797,2.33
1785778620000,1059.4797,2.33
1785778680000,1059.4797,2.33
1785778740000,1059.4797,2.33
1785778800000,1059.4797,2.33
1785778860000,1059.4797,2.33
1785778920000,1059.4797,2.33
1785778980000,1059.4797,2.33
1785779040000,1059.4797,2.33
1785779100000,1059.4797,2.33
1785779160000,1059.4797,2.33
1785779220000,1059.4797,2.33
1785779280000,1059.4797,2.33
1785779340000,1059.4797,2.33
1785779400000,1059.4797,2.33
1785779460000,1059.4797,2.33
1785779520000,1059.4797,2.33
1785779580000,1059.4797,2.33
1785779640000,1059.4797,2.33
1785779700000,1059.4797,2.33
1785779760000,1059.4797,2.33
1785779820000,1059.4797,2.33
1785779880000,1059.4797,2.33
1785779940000,1059.4797,2.33
1785780000000,1059.4797,2.33
1785780060000,1059.4797,2.33
1785780120000,1059.4797,2.33
1785780180000,1059.4797,2.33
1785780240000,1059.4797,2.33
1785780300000,1059.4797,2.33
1785780360000,1059.4797,2.33
1785780420000,1059.4797,2.33
1785780480000,1059.4797,2.33
1785780540000,1059.4797,2.33
1785780600000,1059.4797,2.33
1785780660000,1059.4797,2.33
1785780720000,1059.4797,2.33
1785780780000,1059.4797,2.33
1785780840000,1059.4797,2.33
1785780900000,1059.4797,2.33
1785780960000,1059.4797,2.33
1785781020000,1059.4797,2.33
1785781080000,1059.4797,2.33
1785781140000,1059.4797,2.33
1785781200000,1059.4797,2.33
1785781260000,1059.4797,2.33
1785781320000,1059.4797,2.33
1785781380000,1059.4797,2.33
1785781440000,1059.4797,2.33
1785781500000,1059.4797,2.33
1785781560000,1059.4797,2.33
1785781620000,1059.4797,2.33
1785781680000,1059.4797,2.33
1785781740000,1059.4797,2.33
1785781800000,1059.4797,2.33
1785781860000,1059.4797,2.33
1785781920000,1059.4797,2.33
1785781980000,1059.4797,2.33
1785782040000,1059.4797,2.33
1785782100000,1059.4797,2.33
1785782160000,1059.4797,2.33
1785782220000,1059.4797,2.33
1785782280000,1059.4797,2.33
1785782340000,1059.4797,2.33
1785782400000,1059.4797,2.33
1785782460000,1059.4797,2.33
1785782520000,1059.4797,2.33
1785782580000,1059.4797,2.33
1785782640000,1059.4797,2.33
1785782700000,1059.4797,2.33
1785782760000,1059.4797,2.33
1785782820000,1059.4797,2.33
1785782880000,1059.4797,2.33
1785782940000,1059.4797,2.33
1785783000000,1059.4797,2.33
1785783060000,1059.4797,2.33
1785783120000,1059.4797,2.33
1785783180000,1059.4797,2.33
1785783240000,1059.4797,2.33
1785783300000,1059.4797,2.33
1785783360000,1059.4797,2.33
1785783420000,1059.4797,2.33
1785783480000,1059.4797,2.33
1785783540000,1059.4797,2.33
1785783600000,1059.4797,2.33
1785783660000,1059.4797,2.33
1785783720000,1059.4797,2.33
1785783780000,1059.4797,2.33
1785783840000,1059.4797,2.33
1785783900000,1059.4797,2.33
1785783960000,1059.4797,2.33
1785784020000,1059.4797,2.33
1785784080000,1059.4797,2.33
1785784140000,1059.4797,2.33
1785784200000,1059.4797,2.33
1785784260000,1059.4797,2.33
1785784320000,1059.4797,2.33
1785784380000,1059.4797,2.33
1785784440000,1059.4797,2.33
1785784500000,1059.4797,2.33
1785784560000,1059.4797,2.33
1785784620000,1059.4797,2.33
1785784680000,1059.4797,2.33
1785784740000,1059.4797,2.33
1785784800000,1059.4797,2.33
1785784860000,1059.4797,2.33
1785784920000,1059.4797,2.33
1785784980000,1059.4797,2.33
1785785040000,1059.4797,2.33
1785785100000,1059.4797,2.33
1785785160000,1059.4797,2.33
1785785220000,1059.4797,2.33
1785785280000,1059.4797,2.33
1785785340000,1059.4797,2.33
1785785400000,1059.4797,2.33
1785785460000,1059.4797,2.33
1785785520000,1059.4797,2.33
1785785580000,1059.4797,2.33
1785785640000,1059.4797,2.33
1785785700000,1059.4797,2.33
1785785760000,1059.4797,2.33
1785785820000,1059.4797,2.33
1785785880000,1059.4797,2.33
1785785940000,1059.4797,2.33
1785786000000,1059.4797,2.33
1785786060000,1059.4797,2.33
1785786120000,1059.4797,2.33
1785786180000,1059.4797,2.33
1785786240000,1059.4797,2.33
1785786300000,1059.4797,2.33
1785786360000,1059.4797,2.33
1785786420000,1059.4797,2.33
1785786480000,1059.4797,2.33
1785786540000,1059.4797,2.33
1785786600000,1059.4797,2.33
1785786660000,1059.4797,2.33
1785786720000,1059.4797,2.33
1785786780000,1059.4797,2.33
1785786840000,1059.4797,2.33
1785786900000,1059.4797,2.33
1785786960000,1059.4797,2.33
1785787020000,1059.4797,2.33
1785787080000,1059.4797,2.33
1785787140000,1059.4797,2.33
1785787200000,1059.4797,2.33
1785787260000,1059.4797,2.33
1785787320000,1059.4797,2.33
1785787380000,1059.4797,2.33
1785787440000,1059.4797,2.33
1785787500000,1059.4797,2.33
1785787560000,1059.4797,2.33
1785787620000,1059.4797,2.33
1785787680000,1059.4797,2.33
1785787740000,1059.4797,2.33
1785787800000,1059.4797,2.33
1785787860000,1059.4797,2.33
1785787920000,1059.4797,2.33
1785787980000,1059.4797,2.33
1785788040000,1059.4797,2.33
1785788100000,1059.4797,2.33
1785788160000,1059.4797,2.33
1785788220000,1059.4797,2.33
1785788280000,1059.4797,2.33
1785788340000,1059.4797,2.33
1785788400000,1059.4797,2.33
1785788460000,1059.4797,2.33
1785788520000,1059.4797,2.33
1785788580000,1059.4797,2.33
1785788640000,1059.4797,2.33
1785788700000,1059.4797,2.33
1785788760000,1059.4797,2.33
1785788820000,1059.4797,2.33
1785788880000,1059.4797,2.33
1785788940000,1059.4797,2.33
1785789000000,1059.4797,2.33
1785789060000,1059.4797,2.33
1785789120000,1059.4797,2.33
1785789180000,1059.4797,2.33
1785789240000,1059.4797,2.33
1785789300000,1059.4797,2.33
1785789360000,1059.4797,2.33
1785789420000,1059.4797,2.33
1785789480000,1059.4797,2.33
1785789540000,1059.4797,2.33
1785789600000,1059.4797,2.33
1785789660000,1059.4797,2.33
1785789720000,1059.4797,2.33
1785789780000,1059.4797,2.33
1785789840000,1059.4797,2.33
1785789900000,1059.4797,2.33
1785789960000,1059.4797,2.33
1785790020000,1059.4797,2.33
1785790080000,1059.4797,2.33
1785790140000,1059.4797,2.33
1785790200000,1059.4797,2.33
1785790260000,1059.4797,2.33
1785790320000,1059.4797,2.33
1785790380000,1059.4797,2.33
1785790440000,1059.4797,2.33
1785790500000,1059.4797,2.33
1785790560000,1059.4797,2.33
1785790620000,1059.4797,2.33
1785790680000,1059.4797,2.33
1785790740000,1059.4797,2.33
1785790800000,1059.4797,2.33
1785790860000,1059.4797,2.33
1785790920000,1059.4797,2.33
1785790980000,1059.4797,2.33
1785791040000,1059.4797,2.33
1785791100000,1059.4797,2.33
1785791160000,1059.4797,2.33
1785791220000,1059.4797,2.33
1785791280000,1059.4797,2.33
1785791340000,1059.4797,2.33
1785791400000,1059.4797,2.33
1785791460000,1059.4797,2.33
1785791520000,1059.4797,2.33
1785791580000,1059.4797,2.33
1785791640000,1059.4797,2.33
1785791700000,1059.4797,2.33
1785791760000,1059.4797,2.33
1785791820000,1059.4797,2.33
1785791880000,1059.4797,2.33
1785791940000,1059.4797,2.33
1785792000000,1059.4797,2.33
1785792060000,1059.4797,2.33
1785792120000,1059.4797,2.33
1785792180000,1059.4797,2.33
1785792240000,1059.4797,2.33
1785792300000,1059.4797,2.33
1785792360000,1059.4797,2.33
1785792420000,1059.4797,2.33
1785792480000,1059.4797,2.33
1785792540000,1059.4797,2.33
1785792600000,1059.4797,2.33
1785792660000,1059.4797,2.33
1785792720000,1059.4797,2.33
1785792780000,1059.4797,2.33
1785792840000,1059.4797,2.33
1785792900000,1059.4797,2.33
1785792960000,1059.4797,2.33
1785793020000,1059.4797,2.33
1785793080000,1059.4797,2.33
1785793140000,1059.4797,2.33
1785793200000,1059.4797,2.33
1785793260000,1059.4797,2.33
1785793320000,1059.4797,2.33
1785793380000,1059.4797,2.33
1785793440000,1059.4797,2.33
1785793500000,1059.4797,2.33
1785793560000,1059.4797,2.33
1785793620000,1059.4797,2.33
1785793680000,1059.4797,2.33
1785793740000,1059.4797,2.33
1785793800000,1059.4797,2.33
1785793860000,1059.4797,2.33
1785793920000,1059.4797,2.33
1785793980000,1059.4797,2.33
1785794040000,1059.4797,2.33
1785794100000,1059.4797,2.33
1785794160000,1059.4797,2.33
1785794220000,1059.4797,2.33
1785794280000,1059.4797,2.33
1785794340000,1059.4797,2.33
1785794400000,1059.4797,2.33
1785794460000,1059.4797,2.33
1785794520000,1059.4797,2.33
1785794580000,1059.4797,2.33
1785794640000,1059.4797,2.33
1785794700000,1059.4797,2.33
1785794760000,1059.4797,2.33
1785794820000,1059.4797,2.33
1785794880000,1059.4797,2.33
1785794940000,1059.4797,2.33
1785795000000,1059.4797,2.33
1785795060000,1059.4797,2.33
1785795120000,1059.4797,2.33
1785795180000,1059.4797,2.33
1785795240000,1059.4797,2.33
1785795300000,1059.4797,2.33
1785795360000,1059.4797,2.33
1785795420000,1059.4797,2.33
1785795480000,1059.4797,2.33
1785795540000,1059.4797,2.33
1785795600000,1059.4797,2.33
1785795660000,1059.4797,2.33
1785795720000,1059.4797,2.33
1785795780000,1059.4797,2.33
1785795840000,1059.4797,2.33
1785795900000,1059.4797,2.33
1785795960000,1059.4797,2.33
1785796020000,1059.4797,2.33
1785796080000,1059.4797,2.33
1785796140000,1059.4797,2.33
1785796200000,1059.4797,2.33
1785796260000,1059.4797,2.33
1785796320000,1059.4797,2.33
1785796380000,1059.4797,2.33
1785796440000,1059.4797,2.33
1785796500000,1059.4797,2.33
1785796560000,1059.4797,2.33
1785796620000,1059.4797,2.33
1785796680000,1059.4797,2.33
1785796740000,1059.4797,2.33
1785796800000,1059.4797,2.33
1785796860000,1059.4797,2.33
1785796920000,1059.4797,2.33
1785796980000,1059.4797,2.33
1785797040000,1059.4797,2.33
1785797100000,1059.4797,2.33
1785797160000,1059.4797,2.33
1785797220000,1059.4797,2.33
1785797280000,1059.4797,2.33
1785797340000,1059.4797,2.33
1785797400000,1059.4797,2.33
1785797460000,1059.4797,2.33
1785797520000,1059.4797,2.33
1785797580000,1059.4797,2.33
1785797640000,1059.4797,2.33
1785797700000,1059.4797,2.33
1785797760000,1059.4797,2.33
1785797820000,1059.4797,2.33
1785797880000,1059.4797,2.33
1785797940000,1059.4797,2.33
1785798000000,1059.4797,2.33
1785798060000,1059.4797,2.33
1785798120000,1059.4797,2.33
1785798180000,1059.4797,2.33
1785798240000,1059.4797,2.33
1785798300000,1059.4797,2.33
1785798360000,1059.4797,2.33
1785798420000,1059.4797,2.33
1785798480000,1059.4797,2.33
1785798540000,1059.4797,2.33
1785798600000,1059.4797,2.33
1785798660000,1059.4797,2.33
1785798720000,1059.4797,2.33
1785798780000,1059.4797,2.33
1785798840000,1059.4797,2.33
1785798900000,1059.4797,2.33
1785798960000,1059.4797,2.33
1785799020000,1059.4797,2.33
1785799080000,1059.4797,2.33
1785799140000,1059.4797,2.33
1785799200000,1059.4797,2.33
1785799260000,1059.4797,2.33
1785799320000,1059.4797,2.33
1785799380000,1059.4797,2.33
1785799440000,1059.4797,2.33
1785799500000,1059.4797,2.33
1785799560000,1059.4797,2.33
1785799620000,1059.4797,2.33
1785799680000,1059.4797,2.33
1785799740000,1059.4797,2.33
1785799800000,1059.4797,2.33
1785799860000,1059.4797,2.33
1785799920000,1059.4797,2.33
1785799980000,1059.4797,2.33
1785800040000,1059.4797,2.33
1785800100000,1059.4797,2.33
1785800160000,1059.4797,2.33
1785800220000,1059.4797,2.33
1785800280000,1059.4797,2.33
1785800340000,1059.4797,2.33
1785800400000,1059.4797,2.33
1785800460000,1059.4797,2.33
1785800520000,1059.4797,2.33
1785800580000,1059.4797,2.33
1785800640000,1059.4797,2.33
1785800700000,1059.4797,2.33
1785800760000,1059.4797,2.33
1785800820000,1059.4797,2.33
1785800880000,1059.4797,2.33
1785800940000,1059.4797,2.33
1785801000000,1059.4797,2.33
1785801060000,1059.4797,2.33
1785801120000,1059.4797,2.33
1785801180000,1059.4797,2.33
1785801240000,1059.4797,2.33
1785801300000,1059.4797,2.33
1785801360000,1059.4797,2.33
1785801420000,1059.4797,2.33
1785801480000,1059.4797,2.33
1785801540000,1059.4797,2.33
1785801600000,1059.4797,2.33
1785801660000,1059.4797,2.33
1785801720000,1059.4797,2.33
1785801780000,1059.4797,2.33
1785801840000,1059.4797,2.33
1785801900000,1059.4797,2.33
1785801960000,1059.4797,2.33
1785802020000,1059.4797,2.33
1785802080000,1059.4797,2.33
1785802140000,1059.4797,2.33
1785802200000,1059.4797,2.33
1785802260000,1059.4797,2.33
1785802320000,1059.4797,2.33
1785802380000,1059.4797,2.33
1785802440000,1059.4797,2.33
1785802500000,1059.4797,2.33
1785802560000,1059.4797,2.33
1785802620000,1059.4797,2.33
1785802680000,1059.4797,2.33
1785802740000,1059.4797,2.33
1785802800000,1059.4797,2.33
1785802860000,1059.4797,2.33
1785802920000,1059.4797,2.33
1785802980000,1059.4797,2.33
1785803040000,1059.4797,2.33
1785803100000,1059.4797,2.33
1785803160000,1059.4797,2.33
1785803220000,1059.4797,2.33
1785803280000,1059.4797,2.33
1785803340000,1059.4797,2.33
1785803400000,1059.4797,2.33
1785803460000,1059.4797,2.33
1785803520000,1059.4797,2.33
1785803580000,1059.4797,2.33
1785803640000,1059.4797,2.33
1785803700000,1059.4797,2.33
1785803760000,1059.4797,2.33
1785803820000,1059.4797,2.33
1785803880000,1059.4797,2.33
1785803940000,1059.4797,2.33
1785804000000,1059.4797,2.33
1785804060000,1059.4797,2.33
1785804120000,1059.4797,2.33
1785804180000,1059.4797,2.33
1785804240000,1059.4797,2.33
1785804300000,1059.4797,2.33
1785804360000,1059.4797,2.33
1785804420000,1059.4797,2.33
1785804480000,1059.4797,2.33
1785804540000,1059.4797,2.33
1785804600000,1059.4797,2.33
1785804660000,1059.4797,2.33
1785804720000,1059.4797,2.33
1785804780000,1059.4797,2.33
1785804840000,1059.4797,2.33
1785804900000,1059.4797,2.33
1785804960000,1059.4797,2.33
1785805020000,1059.4797,2.33
1785805080000,1059.4797,2.33
1785805140000,1059.4797,2.33
1785805200000,1059.4797,2.33
1785805260000,1059.4797,2.33
1785805320000,1059.4797,2.33
1785805380000,1059.4797,2.33
1785805440000,1059.4797,2.33
1785805500000,1059.4797,2.33
1785805560000,1059.4797,2.33
1785805620000,1059.4797,2.33
1785805680000,1059.4797,2.33
1785805740000,1059.4797,2.33
1785805800000,1059.4797,2.33
1785805860000,1059.4797,2.33
1785805920000,1059.4797,2.33
1785805980000,1059.4797,2.33
1785806040000,1059.4797,2.33
1785806100000,1059.4797,2.33
1785806160000,1059.4797,2.33
1785806220000,1059.4797,2.33
1785806280000,1059.4797,2.33
1785806340000,1059.4797,2.33
1785806400000,1059.4797,2.33
1785806460000,1059.4797,2.33
1785806520000,1059.4797,2.33
1785806580000,1059.4797,2.33
1785806640000,1059.4797,2.33
1785806700000,1059.4797,2.33
1785806760000,1059.4797,2.33
1785806820000,1059.4797,2.33
1785806880000,1059.4797,2.33
1785806940000,1059.4797,2.33
1785807000000,1059.4797,2.33
1785807060000,1059.4797,2.33
1785807120000,1059.4797,2.33
1785807180000,1059.4797,2.33
1785807240000,1059.4797,2.33
1785807300000,1059.4797,2.33
1785807360000,1059.4797,2.33
1785807420000,1059.4797,2.33
1785807480000,1059.4797,2.33
1785807540000,1059.4797,2.33
1785807600000,1059.4797,2.33
1785807660000,1059.4797,2.33
1785807720000,1059.4797,2.33
1785807780000,1059.4797,2.33
1785807840000,1059.4797,2.33
1785807900000,1059.4797,2.33
1785807960000,1059.4797,2.33
1785808020000,1059.4797,2.33
1785808080000,1059.4797,2.33
1785808140000,1059.4797,2.33
1785808200000,1059.4797,2.33
1785808260000,1059.4797,2.33
1785808320000,1059.4797,2.33
1785808380000,1059.4797,2.33
1785808440000,1059.4797,2.33
1785808500000,1059.4797,2.33
1785808560000,1059.4797,2.33
1785808620000,1059.4797,2.33
1785808680000,1059.4797,2.33
1785808740000,1059.4797,2.33
1785808800000,1059.4797,2.33
1785808860000,1059.4797,2.33
1785808920000,1059.4797,2.33
1785808980000,1059.4797,2.33
1785809040000,1059.4797,2.33
1785809100000,1059.4797,2.33
1785809160000,1059.4797,2.33
1785809220000,1059.4797,2.33
1785809280000,1059.4797,2.33
1785809340000,1059.4797,2.33
1785809400000,1059.4797,2.33
1785809460000,1059.4797,2.33
1785809520000,1059.4797,2.33
1785809580000,1059.4797,2.33
1785809640000,1059.4797,2.33
1785809700000,1059.4797,2.33
1785809760000,1059.4797,2.33
1785809820000,1059.4797,2.33
1785809880000,1059.4797,2.33
1785809940000,1059.4797,2.33
1785810000000,1059.4797,2.33
1785810060000,1059.4797,2.33
1785810120000,1059.4797,2.33
1785810180000,1059.4797,2.33
1785810240000,1059.4797,2.33
1785810300000,1059.4797,2.33
1785810360000,1059.4797,2.33
1785810420000,1059.4797,2.33
1785810480000,1059.4797,2.33
1785810540000,1059.4797,2.33
1785810600000,1059.4797,2.33
1785810660000,1059.4797,2.33
1785810720000,1059.4797,2.33
1785810780000,1059.4797,2.33
1785810840000,1059.4797,2.33
1785810900000,1059.4797,2.33
1785810960000,1059.4797,2.33
1785811020000,1059.4797,2.33
1785811080000,1059.4797,2.33
1785811140000,1059.4797,2.33
1785811200000,1059.4797,2.33
1785811260000,1059.4797,2.33
1785811320000,1059.4797,2.33
1785811380000,1059.4797,2.33
1785811440000,1059.4797,2.33
1785811500000,1059.4797,2.33
1785811560000,1059.4797,2.33
1785811620000,1059.4797,2.33
1785811680000,1059.4797,2.33
1785811740000,1059.4797,2.33
1785811800000,1059.4797,2.33
1785811860000,1059.4797,2.33
1785811920000,1059.4797,2.33
1785811980000,1059.4797,2.33
1785812040000,1059.4797,2.33
1785812100000,1059.4797,2.33
1785812160000,1059.4797,2.33
1785812220000,1059.4797,2.33
1785812280000,1059.4797,2.33
1785812340000,1059.4797,2.33
1785812400000,1059.4797,2.33
1785812460000,1059.4797,2.33
1785812520000,1059.4797,2.33
1785812580000,1059.4797,2.33
1785812640000,1059.4797,2.33
1785812700000,1059.4797,2.33
1785812760000,1059.4797,2.33
1785812820000,1059.4797,2.33
1785812880000,1059.4797,2.33
1785812940000,1059.4797,2.33
1785813000000,1059.4797,2.33
1785813060000,1059.4797,2.33
1785813120000,1059.4797,2.33
1785813180000,1059.4797,2.33
1785813240000,1059.4797,2.33
1785813300000,1059.4797,2.33
1785813360000,1059.4797,2.33
1785813420000,1059.4797,2.33
1785813480000,1059.4797,2.33
1785813540000,1059.4797,2.33
1785813600000,1059.4797,2.33
1785813660000,1059.4797,2.33
1785813720000,1059.4797,2.33
1785813780000,1059.4797,2.33
1785813840000,1059.4797,2.33
1785813900000,1059.4797,2.33
1785813960000,1059.4797,2.33
1785814020000,1059.4797,2.33
1785814080000,1059.4797,2.33
1785814140000,1059.4797,2.33
1785814200000,1059.4797,2.33
1785814260000,1059.4797,2.33
1785814320000,1059.4797,2.33
1785814380000,1059.4797,2.33
1785814440000,1059.4797,2.33
1785814500000,1059.4797,2.33
1785814560000,1059.4797,2.33
1785814620000,1059.4797,2.33
1785814680000,1059.4797,2.33
1785814740000,1059.4797,2.33
1785814800000,1059.4797,2.33
1785814860000,1059.4797,2.33
1785814920000,1059.4797,2.33
1785814980000,1059.4797,2.33
1785815040000,1059.4797,2.33
1785815100000,1059.4797,2.33
1785815160000,1059.4797,2.33
1785815220000,1059.4797,2.33
1785815280000,1059.4797,2.33
1785815340000,1059.4797,2.33
1785815400000,1059.4797,2.33
1785815460000,1059.4797,2.33
1785815520000,1059.4797,2.33
1785815580000,1059.4797,2.33
1785815640000,1059.4797,2.33
1785815700000,1059.4797,2.33
1785815760000,1059.4797,2.33
1785815820000,1059.4797,2.33
1785815880000,1059.4797,2.33
1785815940000,1059.4797,2.33
1785816000000,1059.4797,2.33
1785816060000,1059.4797,2.33
1785816120000,1059.4797,2.33
1785816180000,1059.4797,2.33
1785816240000,1059.4797,2.33
1785816300000,1059.4797,2.33
1785816360000,1059.4797,2.33
1785816420000,1059.4797,2.33
1785816480000,1059.4797,2.33
1785816540000,1059.4797,2.33
1785816600000,1059.4797,2.33
1785816660000,1059.4797,2.33
1785816720000,1059.4797,2.33
1785816780000,1059.4797,2.33
1785816840000,1059.4797,2.33
1785816900000,1059.4797,2.33
1785816960000,1059.4797,2.33
1785817020000,1059.4797,2.33
1785817080000,1059.4797,2.33
1785817140000,1059.4797,2.33
1785817200000,1059.4797,2.33
1785817260000,1059.4797,2.33
1785817320000,1059.4797,2.33
1785817380000,1059.4797,2.33
1785817440000,1059.4797,2.33
1785817500000,1059.4797,2.33
1785817560000,1059.4797,2.33
1785817620000,1059.4797,2.33
1785817680000,1059.4797,2.33
1785817740000,1059.4797,2.33
1785817800000,1059.4797,2.33
1785817860000,1059.4797,2.33
1785817920000,1059.4797,2.33
1785817980000,1059.4797,2.33
1785818040000,1059.4797,2.33
1785818100000,1059.4797,2.33
1785818160000,1059.4797,2.33
1785818220000,1059.4797,2.33
1785818280000,1059.4797,2.33
1785818340000,1059.4797,2.33
1785818400000,1059.4797,2.33
1785818460000,1059.4797,2.33
1785818520000,1059.4797,2.33
1785818580000,1059.4797,2.33
1785818640000,1059.4797,2.33
1785818700000,1059.4797,2.33
1785818760000,1059.4797,2.33
1785818820000,1059.4797,2.33
1785818880000,1059.4797,2.33
1785818940000,1059.4797,2.33
1785819000000,1059.4797,2.33
1785819060000,1059.4797,2.33
1785819120000,1059.4797,2.33
1785819180000,1059.4797,2.33
1785819240000,1059.4797,2.33
1785819300000,1059.4797,2.33
1785819360000,1059.4797,2.33
1785819420000,1059.4797,2.33
1785819480000,1059.4797,2.33
1785819540000,1059.4797,2.33
1785819600000,1059.4797,2.33
1785819660000,1059.4797,2.33
1785819720000,1059.4797,2.33
1785819780000,1059.4797,2.33
1785819840000,1059.4797,2.33
1785819900000,1059.4797,2.33
1785819960000,1059.4797,2.33
1785820020000,1059.4797,2.33
1785820080000,1059.4797,2.33
1785820140000,1059.4797,2.33
1785820200000,1059.4797,2.33
1785820260000,1059.4797,2.33
1785820320000,1059.4797,2.33
1785820380000,1059.4797,2.33
1785820440000,1059.4797,2.33
1785820500000,1059.4797,2.33
1785820560000,1059.4797,2.33
1785820620000,1059.4797,2.33
1785820680000,1059.4797,2.33
1785820740000,1059.4797,2.33
1785820800000,1059.4797,2.33
1785820860000,1059.4797,2.33
1785820920000,1059.4797,2.33
1785820980000,1059.4797,2.33
1785821040000,1059.4797,2.33
1785821100000,1059.4797,2.33
1785821160000,1059.4797,2.33
1785821220000,1059.4797,2.33
1785821280000,1059.4797,2.33
1785821340000,1059.4797,2.33
1785821400000,1059.4797,2.33
1785821460000,1059.4797,2.33
1785821520000,1059.4797,2.33
1785821580000,1059.4797,2.33
1785821640000,1059.4797,2.33
1785821700000,1059.4797,2.33
1785821760000,1059.4797,2.33
1785821820000,1059.4797,2.33
1785821880000,1059.4797,2.33
1785821940000,1059.4797,2.33
1785822000000,1059.4797,2.33
1785822060000,1059.4797,2.33
1785822120000,1059.4797,2.33
1785822180000,1059.4797,2.33
1785822240000,1059.4797,2.33
1785822300000,1059.4797,2.33
1785822360000,1059.4797,2.33
1785822420000,1059.4797,2.33
1785822480000,1059.4797,2.33
1785822540000,1059.4797,2.33
1785822600000,1059.4797,2.33
1785822660000,1059.4797,2.33
1785822720000,1059.4797,2.33
1785822780000,1059.4797,2.33
1785822840000,1059.4797,2.33
1785822900000,1059.4797,2.33
1785822960000,1059.4797,2.33
1785823020000,1059.4797,2.33
1785823080000,1059.4797,2.33
1785823140000,1059.4797,2.33
1785823200000,1059.4797,2.33
1785823260000,1059.4797,2.33
1785823320000,1059.4797,2.33
1785823380000,1059.4797,2.33
1785823440000,1059.4797,2.33
1785823500000,1059.4797,2.33
1785823560000,1059.4797,2.33
1785823620000,1059.4797,2.33
1785823680000,1059.4797,2.33
1785823740000,1059.4797,2.33
1785823800000,1059.4797,2.33
1785823860000,1059.4797,2.33
1785823920000,1059.4797,2.33
1785823980000,1059.4797,2.33
1785824040000,1059.4797,2.33
1785824100000,1059.4797,2.33
1785824160000,1059.4797,2.33
1785824220000,1059.4797,2.33
1785824280000,1059.4797,2.33
1785824340000,1059.4797,2.33
1785824400000,1059.4797,2.33
1785824460000,1059.4797,2.33
1785824520000,1059.4797,2.33
1785824580000,1059.4797,2.33
1785824640000,1059.4797,2.33
1785824700000,1059.4797,2.33
1785824760000,1059.4797,2.33
1785824820000,1059.4797,2.33
1785824880000,1059.4797,2.33
1785824940000,1059.4797,2.33
1785825000000,1059.4797,2.33
1785825060000,1059.4797,2.33
1785825120000,1059.4797,2.33
1785825180000,1059.4797,2.33
1785825240000,1059.4797,2.33
1785825300000,1059.4797,2.33
1785825360000,1059.4797,2.33
1785825420000,1059.4797,2.33
1785825480000,1059.4797,2.33
1785825540000,1059.4797,2.33
1785825600000,1059.4797,2.33
1785825660000,1059.4797,2.33
1785825720000,1059.4797,2.33
1785825780000,1059.4797,2.33
1785825840000,1059.4797,2.33
1785825900000,1059.4797,2.33
1785825960000,1059.4797,2.33
1785826020000,1059.4797,2.33
1785826080000,1059.4797,2.33
1785826140000,1059.4797,2.33
1785826200000,1059.4797,2.33
1785826260000,1059.4797,2.33
1785826320000,1059.4797,2.33
1785826380000,1059.4797,2.33
1785826440000,1059.4797,2.33
1785826500000,1059.4797,2.33
1785826560000,1059.4797,2.33
1785826620000,1059.4797,2.33
1785826680000,1059.4797,2.33
1785826740000,1059.4797,2.33
1785826800000,1059.4797,2.33
1785826860000,1059.4797,2.33
1785826920000,1059.4797,2.33
1785826980000,1059.4797,2.33
1785827040000,1059.4797,2.33
1785827100000,1059.4797,2.33
1785827160000,1059.4797,2.33
1785827220000,1059.4797,2.33
1785827280000,1059.4797,2.33
1785827340000,1059.4797,2.33
1785827400000,1059.4797,2.33
1785827460000,1059.4797,2.33
1785827520000,1059.4797,2.33
1785827580000,1059.4797,2.33
1785827640000,1059.4797,2.33
1785827700000,1059.4797,2.33
1785827760000,1059.4797,2.33
1785827820000,1059.4797,2.33
1785827880000,1059.4797,2.33
1785827940000,1059.4797,2.33
1785828000000,1059.4797,2.33
1785828060000,1059.4797,2.33
1785828120000,1059.4797,2.33
1785828180000,1059.4797,2.33
1785828240000,1059.4797,2.33
1785828300000,1059.4797,2.33
1785828360000,1059.4797,2.33
1785828420000,1059.4797,2.33
1785828480000,1059.4797,2.33
1785828540000,1059.4797,2.33
1785828600000,1059.4797,2.33
1785828660000,1059.4797,2.33
1785828720000,1059.4797,2.33
1785828780000,1059.4797,2.33
1785828840000,1059.4797,2.33
1785828900000,1059.4797,2.33
1785828960000,1059.4797,2.33
1785829020000,1059.4797,2.33
1785829080000,1059.4797,2.33
1785829140000,1059.4797,2.33
1785829200000,1059.4797,2.33
1785829260000,1059.4797,2.33
1785829320000,1059.4797,2.33
1785829380000,1059.4797,2.33
1785829440000,1059.4797,2.33
1785829500000,1059.4797,2.33
1785829560000,1059.4797,2.33
1785829620000,1059.4797,2.33
1785829680000,1059.4797,2.33
1785829740000,1059.4797,2.33
1785829800000,1059.4797,2.33
1785829860000,1059.4797,2.33
1785829920000,1059.4797,2.33
1785829980000,1059.4797,2.33
1785830040000,1059.4797,2.33
1785830100000,1059.4797,2.33
1785830160000,1059.4797,2.33
1785830220000,1059.4797,2.33
1785830280000,1059.4797,2.33
1785830340000,1059.4797,2.33
1785830400000,1059.4797,2.33
1785830460000,1059.4797,2.33
1785830520000,1059.4797,2.33
1785830580000,1059.4797,2.33
1785830640000,1059.4797,2.33
1785830700000,1059.4797,2.33
1785830760000,1059.4797,2.33
1785830820000,1059.4797,2.33
1785830880000,1059.4797,2.33
1785830940000,1059.4797,2.33
1785831000000,1059.4797,2.33
1785831060000,1059.4797,2.33
1785831120000,1059.4797,2.33
1785831180000,1059.4797,2.33
1785831240000,1059.4797,2.33
1785831300000,1059.4797,2.33
1785831360000,1059.4797,2.33
1785831420000,1059.4797,2.33
1785831480000,1059.4797,2.33
1785831540000,1059.4797,2.33
1785831600000,1059.4797,2.33
1785831660000,1059.4797,2.33
1785831720000,1059.4797,2.33
1785831780000,1059.4797,2.33
1785831840000,1059.4797,2.33
1785831900000,1059.4797,2.33
1785831960000,1059.4797,2.33
1785832020000,1059.4797,2.33
1785832080000,1059.4797,2.33
1785832140000,1059.4797,2.33
1785832200000,1059.4797,2.33
1785832260000,1059.4797,2.33
1785832320000,1059.4797,2.33
1785832380000,1059.4797,2.33
1785832440000,1059.4797,2.33
1785832500000,1059.4797,2.33
1785832560000,1059.4797,2.33
1785832620000,1059.4797,2.33
1785832680000,1059.4797,2.33
1785832740000,1059.4797,2.33
1785832800000,1059.4797,2.33
1785832860000,1059.4797,2.33
1785832920000,1059.4797,2.33
1785832980000,1059.4797,2.33
1785833040000,1059.4797,2.33
1785833100000,1059.4797,2.33
1785833160000,1059.4797,2.33
1785833220000,1059.4797,2.33
1785833280000,1059.4797,2.33
1785833340000,1059.4797,2.33
1785833400000,1059.4797,2.33
1785833460000,1059.4797,2.33
1785833520000,1059.4797,2.33
1785833580000,1059.4797,2.33
1785833640000,1059.4797,2.33
1785833700000,1059.4797,2.33
1785833760000,1059.4797,2.33
1785833820000,1059.4797,2.33
1785833880000,1059.4797,2.33
1785833940000,1059.4797,2.33
1785834000000,1059.4797,2.33
1785834060000,1059.4797,2.33
1785834120000,1059.4797,2.33
1785834180000,1059.4797,2.33
1785834240000,1059.4797,2.33
1785834300000,1059.4797,2.33
1785834360000,1059.4797,2.33
1785834420000,1059.4797,2.33
1785834480000,1059.4797,2.33
1785834540000,1059.4797,2.33
1785834600000,1059.4797,2.33
1785834660000,1059.4797,2.33
1785834720000,1059.4797,2.33
1785834780000,1059.4797,2.33
1785834840000,1059.4797,2.33
1785834900000,1059.4797,2.33
1785834960000,1059.4797,2.33
1785835020000,1059.4797,2.33
1785835080000,1059.4797,2.33
1785835140000,1059.4797,2.33
1785835200000,1059.4797,2.33
1785835260000,1059.4797,2.33
1785835320000,1059.4797,2.33
1785835380000,1059.4797,2.33
1785835440000,1059.4797,2.33
1785835500000,1059.4797,2.33
1785835560000,1059.4797,2.33
1785835620000,1059.4797,2.33
1785835680000,1059.4797,2.33
1785835740000,1059.4797,2.33
1785835800000,1059.4797,2.33
1785835860000,1059.4797,2.33
1785835920000,1059.4797,2.33
1785835980000,1059.4797,2.33
1785836040000,1059.4797,2.33
1785836100000,1059.4797,2.33
1785836160000,1059.4797,2.33
1785836220000,1059.4797,2.33
1785836280000,1059.4797,2.33
1785836340000,1059.4797,2.33
1785836400000,1059.4797,2.33
1785836460000,1059.4797,2.33
1785836520000,1059.4797,2.33
1785836580000,1059.4797,2.33
1785836640000,1059.4797,2.33
1785836700000,1059.4797,2.33
1785836760000,1059.4797,2.33
1785836820000,1059.4797,2.33
1785836880000,1059.4797,2.33
1785836940000,1059.4797,2.33
1785837000000,1059.4797,2.33
1785837060000,1059.4797,2.33
1785837120000,1059.4797,2.33
1785837180000,1059.4797,2.33
1785837240000,1059.4797,2.33
1785837300000,1059.4797,2.33
1785837360000,1059.4797,2.33
1785837420000,1059.4797,2.33
1785837480000,1059.4797,2.33
1785837540000,1059.4797,2.33
1785837600000,1059.4797,2.33
1785837660000,1059.4797,2.33
1785837720000,1059.4797,2.33
1785837780000,1059.4797,2.33
1785837840000,1059.4797,2.33
1785837900000,1059.4797,2.33
1785837960000,1059.4797,2.33
1785838020000,1059.4797,2.33
1785838080000,1059.4797,2.33
1785838140000,1059.4797,2.33
1785838200000,1059.4797,2.33
1785838260000,1059.4797,2.33
1785838320000,1059.4797,2.33
1785838380000,1059.4797,2.33
1785838440000,1059.4797,2.33
1785838500000,1059.4797,2.33
1785838560000,1059.4797,2.33
1785838620000,1059.4797,2.33
1785838680000,1059.4797,2.33
1785838740000,1059.4797,2.33
1785838800000,1059.4797,2.33
1785838860000,1059.4797,2.33
1785838920000,1059.4797,2.33
1785838980000,1059.4797,2.33
1785839040000,1059.4797,2.33
1785839100000,1059.4797,2.33
1785839160000,1059.4797,2.33
1785839220000,1059.4797,2.33
1785839280000,1059.4797,2.33
1785839340000,1059.4797,2.33
1785839400000,1059.4797,2.33
1785839460000,1059.4797,2.33
1785839520000,1059.4797,2.33
1785839580000,1059.4797,2.33
1785839640000,1059.4797,2.33
1785839700000,1059.4797,2.33
1785839760000,1059.4797,2.33
1785839820000,1059.4797,2.33
1785839880000,1059.4797,2.33
1785839940000,1059.4797,2.33
1785840000000,1059.4797,2.33
1785840060000,1059.4797,2.33
1785840120000,1059.4797,2.33
1785840180000,1059.4797,2.33
1785840240000,1059.4797,2.33
1785840300000,1059.4797,2.33
1785840360000,1059.4797,2.33
1785840420000,1059.4797,2.33
1785840480000,1059.4797,2.33
1785840540000,1059.4797,2.33
1785840600000,1059.4797,2.33
1785840660000,1059.4797,2.33
1785840720000,1059.4797,2.33
1785840780000,1059.4797,2.33
1785840840000,1059.4797,2.33
1785840900000,1059.4797,2.33
1785840960000,1059.4797,2.33
1785841020000,1059.4797,2.33
1785841080000,1059.4797,2.33
1785841140000,1059.4797,2.33
1785841200000,1059.4797,2.33
1785841260000,1059.4797,2.33
1785841320000,1059.4797,2.33
1785841380000,1059.4797,2.33
1785841440000,1059.4797,2.33
1785841500000,1059.4797,2.33
1785841560000,1059.4797,2.33
1785841620000,1059.4797,2.33
1785841680000,1059.4797,2.33
1785841740000,1059.4797,2.33
1785841800000,1059.4797,2.33
1785841860000,1059.4797,2.33
1785841920000,1059.4797,2.33
1785841980000,1059.4797,2.33
1785842040000,1059.4797,2.33
1785842100000,1059.4797,2.33
1785842160000,1059.4797,2.33
1785842220000,1059.4797,2.33
1785842280000,1059.4797,2.33
1785842340000,1059.4797,2.33
1785842400000,1059.4797,2.33
1785842460000,1059.4797,2.33
1785842520000,1059.4797,2.33
1785842580000,1059.4797,2.33
1785842640000,1059.4797,2.33
1785842700000,1059.4797,2.33
1785842760000,1059.4797,2.33
1785842820000,1059.4797,2.33
1785842880000,1059.4797,2.33
1785842940000,1059.4797,2.33
1785843000000,1059.4797,2.33
1785843060000,1059.4797,2.33
1785843120000,1059.4797,2.33
1785843180000,1059.4797,2.33
1785843240000,1059.4797,2.33
1785843300000,1059.4797,2.33
1785843360000,1059.4797,2.33
1785843420000,1059.4797,2.33
1785843480000,1059.4797,2.33
1785843540000,1059.4797,2.33
1785843600000,1059.4797,2.33
1785843660000,1059.4797,2.33
1785843720000,1059.4797,2.33
1785843780000,1059.4797,2.33
1785843840000,1059.4797,2.33
1785843900000,1059.4797,2.33
1785843960000,1059.4797,2.33
1785844020000,1059.4797,2.33
1785844080000,1059.4797,2.33
1785844140000,1059.4797,2.33
1785844200000,1059.4797,2.33
1785844260000,1059.4797,2.33
1785844320000,1059.4797,2.33
1785844380000,1059.4797,2.33
1785844440000,1059.4797,2.33
1785844500000,1059.4797,2.33
1785844560000,1059.4797,2.33
1785844620000,1059.4797,2.33
1785844680000,1059.4797,2.33
1785844740000,1059.4797,2.33
1785844800000,1059.4797,2.33
1785844860000,1059.4797,2.33
1785844920000,1059.4797,2.33
1785844980000,1059.4797,2.33
1785845040000,1059.4797,2.33
1785845100000,1059.4797,2.33
1785845160000,1059.4797,2.33
1785845220000,1059.4797,2.33
1785845280000,1059.4797,2.33
1785845340000,1059.4797,2.33
1785845400000,1059.4797,2.33
1785845460000,1059.4797,2.33
1785845520000,1059.4797,2.33
1785845580000,1059.4797,2.33
1785845640000,1059.4797,2.33
1785845700000,1059.4797,2.33
1785845760000,1059.4797,2.33
1785845820000,1059.4797,2.33
1785845880000,1059.4797,2.33
1785845940000,1059.4797,2.33
1785846000000,1059.4797,2.33
1785846060000,1059.4797,2.33
1785846120000,1059.4797,2.33
1785846180000,1059.4797,2.33
1785846240000,1059.4797,2.33
1785846300000,1059.4797,2.33
1785846360000,1059.4797,2.33
1785846420000,1059.4797,2.33
1785846480000,1059.4797,2.33
1785846540000,1059.4797,2.33
1785846600000,1059.4797,2.33
1785846660000,1059.4797,2.33
1785846720000,1059.4797,2.33
1785846780000,1059.4797,2.33
1785846840000,1059.4797,2.33
1785846900000,1059.4797,2.33
1785846960000,1059.4797,2.33
1785847020000,1059.4797,2.33
1785847080000,1059.4797,2.33
1785847140000,1081.662,0.28
1785858480000,1081.662,0.28
1785858540000,1081.662,0.28
1785858600000,1081.662,0.28
1785858660000,1081.662,0.28
1785858720000,1081.662,0.28
1785858780000,1081.662,0.28
1785858840000,1081.662,0.28
1785858900000,1081.662,0.28
1785858960000,1081.662,0.28
1785859020000,1081.662,0.28
1785859080000,1081.662,0.28
1785859140000,1081.662,0.28
1785859200000,1081.662,0.28
1785859260000,1081.662,0.28
1785859320000,1081.662,0.28
1785859380000,1081.662,0.28
1785859440000,1081.662,0.28
1785859500000,1081.662,0.28
1785859560000,1081.662,0.28
1785859620000,1081.662,0.28
1785859680000,1081.662,0.28
1785859740000,1081.662,0.28
1785859800000,1081.662,0.28
1785859860000,1081.662,0.28
1785859920000,1081.662,0.28
1785859980000,1081.662,0.28
1785860040000,1081.662,0.28
1785860100000,1081.662,0.28
1785860160000,1081.662,0.28
1785860220000,1081.662,0.28
1785860280000,1081.662,0.28
1785860340000,1081.662,0.28
1785860400000,1081.662,0.28
1785860460000,1081.662,0.28
1785860520000,1081.662,0.28
1785860580000,1081.662,0.28
1785860640000,1081.662,0.28
1785860700000,1081.662,0.28
1785860760000,1081.662,0.28
1785860820000,1081.662,0.28
1785860880000,1081.662,0.28
1785860940000,1081.662,0.28
1785861000000,1081.662,0.28
1785861060000,1081.662,0.28
1785861120000,1081.662,0.28
1785861180000,1081.662,0.28
1785861240000,1081.662,0.28
1785861300000,1081.662,0.28
1785861360000,1081.662,0.28
1785861420000,1081.662,0.28
1785861480000,1081.662,0.28
1785861540000,1081.662,0.28
1785861600000,1081.662,0.28
1785861660000,1081.662,0.28
1785861720000,1081.662,0.28
1785861780000,1081.662,0.28
1785861840000,1081.662,0.28
1785861900000,1081.662,0.28
1785861960000,1081.662,0.28
1785862020000,1081.662,0.28
1785862080000,1081.662,0.28
1785862140000,1081.662,0.28
1785862200000,1081.662,0.28
1785862260000,1081.662,0.28
1785862320000,1081.662,0.28
1785862380000,1081.662,0.28
1785862440000,1081.662,0.28
1785862500000,1081.662,0.28
1785862560000,1081.662,0.28
1785862620000,1081.662,0.28
1785862680000,1081.662,0.28
1785862740000,1081.662,0.28
1785862800000,1081.662,0.28
1785862860000,1081.662,0.28
1785862920000,1081.662,0.28
1785862980000,1081.662,0.28
1785863040000,1081.662,0.28
1785863100000,1081.662,0.28
1785863160000,1081.662,0.28
1785863220000,1081.662,0.28
1785863280000,1081.662,0.28
1785863340000,1081.662,0.28
1785863400000,1081.662,0.28
1785863460000,1081.662,0.28
1785863520000,1081.662,0.28
1785863580000,1081.662,0.28
1785863640000,1081.662,0.28
1785863700000,1081.662,0.28
1785863760000,1081.662,0.28
1785863820000,1081.662,0.28
1785863880000,1081.662,0.28
1785863940000,1081.662,0.28
1785864000000,1081.662,0.28
1785864060000,1081.662,0.28
1785864120000,1081.662,0.28
1785864180000,1081.662,0.28
1785864240000,1081.662,0.28
1785864300000,1081.662,0.28
1785864360000,1081.662,0.28
1785864420000,1081.662,0.28
1785864480000,1081.662,0.28
1785864540000,1081.662,0.28
1785864600000,1081.662,0.28
1785864660000,1081.662,0.28
1785864720000,1081.662,0.28
1785864780000,1081.662,0.28
1785864840000,1081.662,0.28
1785864900000,1081.662,0.28
1785864960000,1081.662,0.28
1785865020000,1081.662,0.28
1785865080000,1081.662,0.28
1785865140000,1081.662,0.28
1785865200000,1081.662,0.28
1785865260000,1081.662,0.28
1785865320000,1081.662,0.28
1785865380000,1081.662,0.28
1785865440000,1081.662,0.28
1785865500000,1081.662,0.28
1785865560000,1081.662,0.28
1785865620000,1081.662,0.28
1785865680000,1081.662,0.28
1785865740000,1081.662,0.28
1785865800000,1081.662,0.28
1785865860000,1081.662,0.28
1785865920000,1081.662,0.28
1785865980000,1081.662,0.28
1785866040000,1081.662,0.28
1785866100000,1081.662,0.28
1785866160000,1081.662,0.28
1785866220000,1081.662,0.28
1785866280000,1081.662,0.28
1785866340000,1081.662,0.28
1785866400000,1081.662,0.28
1785866460000,1081.662,0.28
1785866520000,1081.662,0.28
1785866580000,1081.662,0.28
1785866640000,1081.662,0.28
1785866700000,1081.662,0.28
1785866760000,1081.662,0.28
1785866820000,1081.662,0.28
1785866880000,1081.662,0.28
1785866940000,1081.662,0.28
1785867000000,1081.662,0.28
1785867060000,1081.662,0.28
1785867120000,1081.662,0.28
1785867180000,1081.662,0.28
1785867240000,1081.662,0.28
1785867300000,1081.662,0.28
1785867360000,1081.662,0.28
1785867420000,1081.662,0.28
1785867480000,1081.662,0.28
1785867540000,1081.662,0.28
1785867600000,1081.662,0.28
1785867660000,1081.662,0.28
1785867720000,1081.662,0.28
1785867780000,1081.662,0.28
1785867840000,1081.662,0.28
1785867900000,1081.662,0.28
1785867960000,1081.662,0.28
1785868020000,1081.662,0.28
1785868080000,1081.662,0.28
1785868140000,1081.662,0.28
1785868200000,1081.662,0.28
1785868260000,1081.662,0.28
1785868320000,1081.662,0.28
1785868380000,1081.662,0.28
1785868440000,1081.662,0.28
1785868500000,1081.662,0.28
1785868560000,1081.662,0.28
1785868620000,1081.662,0.28
1785868680000,1081.662,0.28
1785868740000,1081.662,0.28
1785868800000,1081.662,0.28
1785868860000,1081.662,0.28
1785868920000,1081.662,0.28
1785868980000,1081.662,0.28
1785869040000,1081.662,0.28
1785869100000,1081.662,0.28
1785869160000,1081.662,0.28
1785869220000,1081.662,0.28
1785869280000,1081.662,0.28
1785869340000,1081.662,0.28
1785869400000,1081.662,0.28
1785869460000,1081.662,0.28
1785869520000,1081.662,0.28
1785869580000,1081.662,0.28
1785869640000,1081.662,0.28
1785869700000,1081.662,0.28
1785869760000,1081.662,0.28
1785869820000,1081.662,0.28
1785869880000,1081.662,0.28
1785869940000,1081.662,0.28
1785870000000,1081.662,0.28
1785870060000,1081.662,0.28
1785870120000,1081.662,0.28
1785870180000,1081.662,0.28
1785870240000,1081.662,0.28
1785870300000,1081.662,0.28
1785870360000,1081.662,0.28
1785870420000,1081.662,0.28
1785870480000,1081.662,0.28
1785870540000,1081.662,0.28
1785870600000,1081.662,0.28
1785870660000,1081.662,0.28
1785870720000,1081.662,0.28
1785870780000,1081.662,0.28
1785870840000,1081.662,0.28
1785870900000,1081.662,0.28
1785870960000,1081.662,0.28
1785871020000,1081.662,0.28
1785871080000,1081.662,0.28
1785871140000,1081.662,0.28
1785871200000,1081.662,0.28
1785871260000,1081.662,0.28
1785871320000,1081.662,0.28
1785871380000,1081.662,0.28
1785871440000,1081.662,0.28
1785871500000,1081.662,0.28
1785871560000,1081.662,0.28
1785871620000,1081.662,0.28
1785871680000,1081.662,0.28
1785871740000,1081.662,0.28
1785871800000,1081.662,0.28
1785871860000,1081.662,0.28
1785871920000,1081.662,0.28
1785871980000,1081.662,0.28
1785872040000,1081.662,0.28
1785872100000,1081.662,0.28
1785872160000,1081.662,0.28
1785872220000,1081.662,0.28
1785872280000,1081.662,0.28
1785872340000,1081.662,0.28
1785872400000,1081.662,0.28
1785872460000,1081.662,0.28
1785872520000,1081.662,0.28
1785872580000,1081.662,0.28
1785872640000,1081.662,0.28
1785872700000,1081.662,0.28
1785872760000,1081.662,0.28
1785872820000,1081.662,0.28
1785872880000,1081.662,0.28
1785872940000,1081.662,0.28
1785873000000,1081.662,0.28
1785873060000,1081.662,0.28
1785873120000,1081.662,0.28
1785873180000,1081.662,0.28
1785873240000,1081.662,0.28
1785873300000,1081.662,0.28
1785873360000,1081.662,0.28
1785873420000,1081.662,0.28
1785873480000,1081.662,0.28
1785873540000,1081.662,0.28
1785873600000,1081.662,0.28
1785873660000,1081.662,0.28
1785873720000,1081.662,0.28
1785873780000,1081.662,0.28
1785873840000,1081.662,0.28
1785873900000,1081.662,0.28
1785873960000,1081.662,0.28
1785874020000,1081.662,0.28
1785874080000,1081.662,0.28
1785874140000,1081.662,0.28
1785874200000,1081.662,0.28
1785874260000,1081.662,0.28
1785874320000,1081.662,0.28
1785874380000,1081.662,0.28
1785874440000,1081.662,0.28
1785874500000,1081.662,0.28
1785874560000,1081.662,0.28
1785874620000,1081.662,0.28
1785874680000,1081.662,0.28
1785874740000,1081.662,0.28
1785874800000,1081.662,0.28
1785874860000,1081.662,0.28
1785874920000,1081.662,0.28
1785874980000,1081.662,0.28
1785875040000,1081.662,0.28
1785875100000,1081.662,0.28
1785875160000,1081.662,0.28
1785875220000,1081.662,0.28
1785875280000,1081.662,0.28
1785875340000,1081.662,0.28
1785875400000,1081.662,0.28
1785875460000,1081.662,0.28
1785875520000,1081.662,0.28
1785875580000,1081.662,0.28
1785875640000,1081.662,0.28
1785875700000,1081.662,0.28
1785875760000,1081.662,0.28
1785875820000,1081.662,0.28
1785875880000,1081.662,0.28
1785875940000,1081.662,0.28
1785876000000,1081.662,0.28
1785876060000,1081.662,0.28
1785876120000,1081.662,0.28
1785876180000,1081.662,0.28
1785876240000,1081.662,0.28
1785876300000,1081.662,0.28
1785876360000,1081.662,0.28
1785876420000,1081.662,0.28
1785876480000,1081.662,0.28
1785876540000,1081.662,0.28
1785876600000,1081.662,0.28
1785876660000,1081.662,0.28
1785876720000,1081.662,0.28
1785876780000,1081.662,0.28
1785876840000,1081.662,0.28
1785876900000,1081.662,0.28
1785876960000,1081.662,0.28
1785877020000,1081.662,0.28
1785877080000,1081.662,0.28
1785877140000,1081.662,0.28
1785877200000,1081.662,0.28
1785877260000,1081.662,0.28
1785877320000,1081.662,0.28
1785877380000,1081.662,0.28
1785877440000,1081.662,0.28
1785877500000,1081.662,0.28
1785877560000,1081.662,0.28
1785877620000,1081.662,0.28
1785877680000,1081.662,0.28
1785877740000,1081.662,0.28
1785877800000,1081.662,0.28
1785877860000,1081.662,0.28
1785877920000,1081.662,0.28
1785877980000,1081.662,0.28
1785878040000,1081.662,0.28
1785878100000,1081.662,0.28
1785878160000,1081.662,0.28
1785878220000,1081.662,0.28
1785878280000,1081.662,0.28
1785878340000,1081.662,0.28
1785878400000,1081.662,0.28
1785878460000,1081.662,0.28
1785878520000,1081.662,0.28
1785878580000,1081.662,0.28
1785878640000,1081.662,0.28
1785878700000,1081.662,0.28
1785878760000,1081.662,0.28
1785878820000,1081.662,0.28
1785878880000,1081.662,0.28
1785878940000,1081.662,0.28
1785879000000,1081.662,0.28
1785879060000,1081.662,0.28
1785879120000,1081.662,0.28
1785879180000,1081.662,0.28
1785879240000,1081.662,0.28
1785879300000,1081.662,0.28
1785879360000,1081.662,0.28
1785879420000,1081.662,0.28
1785879480000,1081.662,0.28
1785879540000,1081.662,0.28
1785879600000,1081.662,0.28
1785879660000,1081.662,0.28
1785879720000,1081.662,0.28
1785879780000,1081.662,0.28
1785879840000,1081.662,0.28
1785879900000,1081.662,0.28
1785879960000,1081.662,0.28
1785880020000,1081.662,0.28
1785880080000,1081.662,0.28
1785880140000,1081.662,0.28
1785880200000,1081.662,0.28
1785880260000,1081.662,0.28
1785880320000,1081.662,0.28
1785880380000,1081.662,0.28
1785880440000,1081.662,0.28
1785880500000,1081.662,0.28
1785880560000,1081.662,0.28
1785880620000,1081.662,0.28
1785880680000,1081.662,0.28
1785880740000,1081.662,0.28
1785880800000,1081.662,0.28
1785880860000,1081.662,0.28
1785880920000,1081.662,0.28
1785880980000,1081.662,0.28
1785881040000,1081.662,0.28
1785881100000,1081.662,0.28
1785881160000,1081.662,0.28
1785881220000,1081.662,0.28
1785881280000,1081.662,0.28
1785881340000,1081.662,0.28
1785881400000,1081.662,0.28
1785881460000,1081.662,0.28
1785881520000,1081.662,0.28
1785881580000,1081.662,0.28
1785881640000,1081.662,0.28
1785881700000,1081.662,0.28
1785881760000,1081.662,0.28
1785881820000,1081.662,0.28
1785881880000,1081.662,0.28
1785881940000,1081.662,0.28
1785882000000,1081.662,0.28
1785882060000,1081.662,0.28
1785882120000,1081.662,0.28
1785882180000,1081.662,0.28
1785882240000,1081.662,0.28
1785882300000,1081.662,0.28
1785882360000,1081.662,0.28
1785882420000,1081.662,0.28
1785882480000,1081.662,0.28
1785882540000,1081.662,0.28
1785882600000,1081.662,0.28
1785882660000,1081.662,0.28
1785882720000,1081.662,0.28
1785882780000,1081.662,0.28
1785882840000,1081.662,0.28
1785882900000,1081.662,0.28
1785882960000,1081.662,0.28
1785883020000,1081.662,0.28
1785883080000,1081.662,0.28
1785883140000,1081.662,0.28
1785883200000,1081.662,0.28
1785883260000,1081.662,0.28
1785883320000,1081.662,0.28
1785883380000,1081.662,0.28
1785883440000,1081.662,0.28
1785883500000,1081.662,0.28
1785883560000,1081.662,0.28
1785883620000,1081.662,0.28
1785883680000,1081.662,0.28
1785883740000,1081.662,0.28
1785883800000,1081.662,0.28
1785883860000,1081.662,0.28
1785883920000,1081.662,0.28
1785883980000,1081.662,0.28
1785884040000,1081.662,0.28
1785884100000,1081.662,0.28
1785884160000,1081.662,0.28
1785884220000,1081.662,0.28
1785884280000,1081.662,0.28
1785884340000,1081.662,0.28
1785884400000,1081.662,0.28
1785884460000,1081.662,0.28
1785884520000,1081.662,0.28
1785884580000,1081.662,0.28
1785884640000,1081.662,0.28
1785884700000,1081.662,0.28
1785884760000,1081.662,0.28
1785884820000,1081.662,0.28
1785884880000,1081.662,0.28
1785884940000,1081.662,0.28
1785885000000,1081.662,0.28
1785885060000,1081.662,0.28
1785885120000,1081.662,0.28
1785885180000,1081.662,0.28
1785885240000,1081.662,0.28
1785885300000,1081.662,0.28
1785885360000,1081.662,0.28
1785885420000,1081.662,0.28
1785885480000,1081.662,0.28
1785885540000,1081.662,0.28
1785885600000,1081.662,0.28
1785885660000,1081.662,0.28
1785885720000,1081.662,0.28
1785885780000,1081.662,0.28
1785885840000,1081.662,0.28
1785885900000,1081.662,0.28
1785885960000,1081.662,0.28
1785886020000,1081.662,0.28
1785886080000,1081.662,0.28
1785886140000,1081.662,0.28
1785886200000,1081.662,0.28
1785886260000,1081.662,0.28
1785886320000,1081.662,0.28
1785886380000,1081.662,0.28
1785886440000,1081.662,0.28
1785886500000,1081.662,0.28
1785886560000,1081.662,0.28
1785886620000,1081.662,0.28
1785886680000,1081.662,0.28
1785886740000,1081.662,0.28
1785886800000,1081.662,0.28
1785886860000,1081.662,0.28
1785886920000,1081.662,0.28
1785886980000,1081.662,0.28
1785887040000,1081.662,0.28
1785887100000,1081.662,0.28
1785887160000,1081.662,0.28
1785887220000,1081.662,0.28
1785887280000,1081.662,0.28
1785887340000,1081.662,0.28
1785887400000,1081.662,0.28
1785887460000,1081.662,0.28
1785887520000,1081.662,0.28
1785887580000,1081.662,0.28
1785887640000,1081.662,0.28
1785887700000,1081.662,0.28
1785887760000,1081.662,0.28
1785887820000,1081.662,0.28
1785887880000,1081.662,0.28
1785887940000,1081.662,0.28
1785888000000,1081.662,0.28
1785888060000,1081.662,0.28
1785888120000,1081.662,0.28
1785888180000,1081.662,0.28
1785888240000,1081.662,0.28
1785888300000,1081.662,0.28
1785888360000,1081.662,0.28
1785888420000,1081.662,0.28
1785888480000,1081.662,0.28
1785888540000,1081.662,0.28
1785888600000,1081.662,0.28
1785888660000,1081.662,0.28
1785888720000,1081.662,0.28
1785888780000,1081.662,0.28
1785888840000,1081.662,0.28
1785888900000,1081.662,0.28
1785888960000,1081.662,0.28
1785889020000,1081.662,0.28
1785889080000,1081.662,0.28
1785889140000,1081.662,0.28
1785889200000,1081.662,0.28
1785889260000,1081.662,0.28
1785889320000,1081.662,0.28
1785889380000,1081.662,0.28
1785889440000,1081.662,0.28
1785889500000,1081.662,0.28
1785889560000,1081.662,0.28
1785889620000,1081.662,0.28
1785889680000,1081.662,0.28
1785889740000,1081.662,0.28
1785889800000,1081.662,0.28
1785889860000,1081.662,0.28
1785889920000,1081.662,0.28
1785889980000,1081.662,0.28
1785890040000,1081.662,0.28
1785890100000,1081.662,0.28
1785890160000,1081.662,0.28
1785890220000,1081.662,0.28
1785890280000,1081.662,0.28
1785890340000,1081.662,0.28
1785890400000,1081.662,0.28
1785890460000,1081.662,0.28
1785890520000,1081.662,0.28
1785890580000,1081.662,0.28
1785890640000,1081.662,0.28
1785890700000,1081.662,0.28
1785890760000,1081.662,0.28
1785890820000,1081.662,0.28
1785890880000,1081.662,0.28
1785890940000,1081.662,0.28
1785891000000,1081.662,0.28
1785891060000,1081.662,0.28
1785891120000,1081.662,0.28
1785891180000,1081.662,0.28
1785891240000,1081.662,0.28
1785891300000,1081.662,0.28
1785891360000,1081.662,0.28
1785891420000,1081.662,0.28
1785891480000,1081.662,0.28
1785891540000,1081.662,0.28
1785891600000,1081.662,0.28
1785891660000,1081.662,0.28
1785891720000,1072.4329,1.13
1785932520000,1072.4329,1.13
1785932580000,1072.4329,1.13
1785932640000,1072.4329,1.13
1785932700000,1072.4329,1.13
1785932760000,1072.4329,1.13
1785932820000,1072.4329,1.13
1785932880000,1072.4329,1.13
1785932940000,1072.4329,1.13
1785933000000,1072.4329,1.13
1785933060000,1072.4329,1.13
1785933120000,1072.4329,1.13
1785933180000,1072.4329,1.13
1785933240000,1072.4329,1.13
1785933300000,1072.4329,1.13
1785933360000,1072.4329,1.13
1785933420000,1072.4329,1.13
1785933480000,1072.4329,1.13
1785933540000,1072.4329,1.13
1785933600000,1072.4329,1.13
1785933660000,1072.4329,1.13
1785933720000,1072.4329,1.13
1785933780000,1072.4329,1.13
1785933840000,1072.4329,1.13
1785933900000,1072.4329,1.13
1785933960000,1072.4329,1.13
1785934020000,1072.4329,1.13
1785934080000,1072.4329,1.13
1785934140000,1072.4329,1.13
1785934200000,1072.4329,1.13
1785934260000,1072.4329,1.13
1785934320000,1072.4329,1.13
1785934380000,1072.4329,1.13
1785934440000,1072.4329,1.13
1785934500000,1072.4329,1.13
1785934560000,1072.4329,1.13
1785934620000,1072.4329,1.13
1785934680000,1072.4329,1.13
1785934740000,1072.4329,1.13
1785934800000,1072.4329,1.13
1785934860000,1072.4329,1.13
1785934920000,1072.4329,1.13
1785934980000,1072.4329,1.13
1785935040000,1072.4329,1.13
1785935100000,1072.4329,1.13
1785935160000,1072.4329,1.13
1785935220000,1072.4329,1.13
1785935280000,1072.4329,1.13
1785935340000,1072.4329,1.13
1785935400000,1062.843,2.02
1785938880000,1062.843,2.02
1785938940000,1062.843,2.02
1785939000000,1062.843,2.02
1785939060000,1062.843,2.02
1785939120000,1062.843,2.02
1785939180000,1062.843,2.02
1785939240000,1062.843,2.02
1785939300000,1062.843,2.02
1785939360000,1062.843,2.02
1785939420000,1062.843,2.02
1785939480000,1062.843,2.02
1785939540000,1062.843,2.02
1785939600000,1062.843,2.02
1785939660000,1062.843,2.02
1785939720000,1062.843,2.02
1785939780000,1062.843,2.02
1785939840000,1052.8032,2.94
1785946980000,1052.8032,2.94
1785947040000,1052.8032,2.94
1785947100000,1052.8032,2.94
1785947160000,1052.8032,2.94
1785947220000,1052.8032,2.94
1785947280000,1052.8032,2.94
1785947340000,1052.8032,2.94
1785947400000,1052.8032,2.94
1785947460000,1052.8032,2.94
1785947520000,1052.8032,2.94
1785947580000,1052.8032,2.94
1785947640000,1052.8032,2.94
1785947700000,1052.8032,2.94
1785947760000,1052.8032,2.94
1785947820000,1052.8032,2.94
1785947880000,1052.8032,2.94
1785947940000,1052.8032,2.94
1785948000000,1052.8032,2.94
1785948060000,1052.8032,2.94
1785948120000,1052.8032,2.94
1785948180000,1052.8032,2.94
1785948240000,1052.8032,2.94
1785948300000,1052.8032,2.94
1785948360000,1052.8032,2.94
1785948420000,1052.8032,2.94
1785948480000,1052.8032,2.94
1785948540000,1052.8032,2.94
1785948600000,1052.8032,2.94
1785948660000,1052.8032,2.94
1785948720000,1052.8032,2.94
1785948780000,1052.8032,2.94
1785948840000,1052.8032,2.94
1785948900000,1052.8032,2.94
1785948960000,1052.8032,2.94
1785949020000,1052.8032,2.94
1785949080000,1052.8032,2.94
1785949140000,1052.8032,2.94
1785949200000,1052.8032,2.94
1785949260000,1052.8032,2.94
1785949320000,1052.8032,2.94
1785949380000,1052.8032,2.94
1785949440000,1052.8032,2.94
1785949500000,1052.8032,2.94
1785949560000,1052.8032,2.94
1785949620000,1052.8032,2.94
1785949680000,1052.8032,2.94
1785949740000,1052.8032,2.94
1785949800000,1052.8032,2.94
1785949860000,1052.8032,2.94
1785949920000,1052.8032,2.94
1785949980000,1052.8032,2.94
1785950040000,1052.8032,2.94
1785950100000,1052.8032,2.94
1785950160000,1052.8032,2.94
1785950220000,1052.8032,2.94
1785950280000,1052.8032,2.94
1785950340000,1052.8032,2.94
1785950400000,1052.8032,2.94
1785950460000,1052.8032,2.94
1785950520000,1052.8032,2.94
1785950580000,1052.8032,2.94
1785950640000,1052.8032,2.94
1785950700000,1052.8032,2.94
1785950760000,1052.8032,2.94
1785950820000,1052.8032,2.94
1785950880000,1052.8032,2.94
1785950940000,1052.8032,2.94
1785951000000,1052.8032,2.94
1785951060000,1052.8032,2.94
1785951120000,1052.8032,2.94
1785951180000,1052.8032,2.94
1785951240000,1052.8032,2.94
1785951300000,1052.8032,2.94
1785951360000,1052.8032,2.94
1785951420000,1052.8032,2.94
1785951480000,1052.8032,2.94
1785951540000,1052.8032,2.94
1785951600000,1052.8032,2.94
1785951660000,1052.8032,2.94
1785951720000,1052.8032,2.94
1785951780000,1052.8032,2.94
1785951840000,1052.8032,2.94
1785951900000,1052.8032,2.94
1785951960000,1052.8032,2.94
1785952020000,1052.8032,2.94
1785952080000,1052.8032,2.94
1785952140000,1052.8032,2.94
1785952200000,1068.0277,1.54
1785953520000,1068.0277,1.54
1785953580000,1068.0277,1.54
1785953640000,1068.0277,1.54
1785953700000,1068.0277,1.54
1785953760000,1068.0277,1.54
1785953820000,1068.0277,1.54
1785953880000,1068.0277,1.54
1785953940000,1068.0277,1.54
1785954000000,1068.0277,1.54
1785954060000,1068.0277,1.54
1785954120000,1068.0277,1.54
1785954180000,1068.0277,1.54
1785954240000,1068.0277,1.54
1785954300000,1068.0277,1.54
1785954360000,1068.0277,1.54
1785954420000,1068.0277,1.54
1785954480000,1068.0277,1.54
1785954540000,1068.0277,1.54
1785954600000,1068.0277,1.54
1785954660000,1068.0277,1.54
1785954720000,1068.0277,1.54
1785954780000,1068.0277,1.54
1785954840000,1068.0277,1.54
1785954900000,1068.0277,1.54
1785954960000,1068.0277,1.54
1785955020000,1068.0277,1.54
1785955080000,1068.0277,1.54
1785955140000,1068.0277,1.54
1785955200000,1068.0277,1.54
1785955260000,1068.0277,1.54
1785955320000,1068.0277,1.54
1785955380000,1068.0277,1.54
1785955440000,1068.0277,1.54
1785955500000,1068.0277,1.54
1785955560000,1068.0277,1.54
1785955620000,1068.0277,1.54
1785955680000,1068.0277,1.54
1785955740000,1068.0277,1.54
1785955800000,1068.0277,1.54
1785955860000,1068.0277,1.54
1785955920000,1068.0277,1.54
1785955980000,1068.0277,1.54
1785956040000,1068.0277,1.54
1785956100000,1068.0277,1.54
1785956160000,1068.0277,1.54
1785956220000,1068.0277,1.54
1785956280000,1068.0277,1.54
1785956340000,1068.0277,1.54
1785956400000,1068.0277,1.54
1785956460000,1068.0277,1.54
1785956520000,1068.0277,1.54
1785956580000,1068.0277,1.54
1785956640000,1068.0277,1.54
1785956700000,1068.0277,1.54
1785956760000,1068.0277,1.54
1785956820000,1068.0277,1.54
1785956880000,1068.0277,1.54
1785956940000,1068.0277,1.54
1785957000000,1068.0277,1.54
1785957060000,1068.0277,1.54
1785957120000,1068.0277,1.54
1785957180000,1068.0277,1.54
1785957240000,1068.0277,1.54
1785957300000,1068.0277,1.54
1785957360000,1068.0277,1.54
1785957420000,1068.0277,1.54
1785957480000,1068.0277,1.54
1785957540000,1068.0277,1.54
1785957600000,1068.0277,1.54
1785957660000,1068.0277,1.54
1785957720000,1068.0277,1.54
1785957780000,1068.0277,1.54
1785957840000,1068.0277,1.54
1785957900000,1068.0277,1.54
1785957960000,1068.0277,1.54
1785958020000,1068.0277,1.54
1785958080000,1068.0277,1.54
1785958140000,1068.0277,1.54
1785958200000,1068.0277,1.54
1785958260000,1068.0277,1.54
1785958320000,1068.0277,1.54
1785958380000,1068.0277,1.54
1785958440000,1068.0277,1.54
1785958500000,1068.0277,1.54
1785958560000,1068.0277,1.54
1785958620000,1068.0277,1.54
1785958680000,1068.0277,1.54
1785958740000,1068.0277,1.54
1785958800000,1068.0277,1.54
1785958860000,1068.0277,1.54
1785958920000,1068.0277,1.54
1785958980000,1068.0277,1.54
1785959040000,1068.0277,1.54
1785959100000,1068.0277,1.54
1785959160000,1068.0277,1.54
1785959220000,1068.0277,1.54
1785959280000,1068.0277,1.54
1785959340000,1068.0277,1.54
1785959400000,1068.0277,1.54
1785959460000,1068.0277,1.54
1785959520000,1068.0277,1.54
1785959580000,1068.0277,1.54
1785959640000,1068.0277,1.54
1785959700000,1068.0277,1.54
1785959760000,1068.0277,1.54
1785959820000,1068.0277,1.54
1785959880000,1068.0277,1.54
1785959940000,1068.0277,1.54
1785960000000,1068.0277,1.54
1785960060000,1068.0277,1.54
1785960120000,1068.0277,1.54
1785960180000,1068.0277,1.54
1785960240000,1068.0277,1.54
1785960300000,1068.0277,1.54
1785960360000,1068.0277,1.54
1785960420000,1068.0277,1.54
1785960480000,1068.0277,1.54
1785960540000,1068.0277,1.54
1785960600000,1068.0277,1.54
1785960660000,1068.0277,1.54
1785960720000,1068.0277,1.54
1785960780000,1068.0277,1.54
1785960840000,1068.0277,1.54
1785960900000,1068.0277,1.54
1785960960000,1068.0277,1.54
1785961020000,1068.0277,1.54
1785961080000,1068.0277,1.54
1785961140000,1068.0277,1.54
1785961200000,1068.0277,1.54
1785961260000,1068.0277,1.54
1785961320000,1068.0277,1.54
1785961380000,1068.0277,1.54
1785961440000,1068.0277,1.54
1785961500000,1068.0277,1.54
1785961560000,1068.0277,1.54
1785961620000,1068.0277,1.54
1785961680000,1068.0277,1.54
1785961740000,1068.0277,1.54
1785961800000,1068.0277,1.54
1785961860000,1068.0277,1.54
1785961920000,1068.0277,1.54
1785961980000,1068.0277,1.54
1785962040000,1068.0277,1.54
1785962100000,1068.0277,1.54
1785962160000,1068.0277,1.54
1785962220000,1068.0277,1.54
1785962280000,1068.0277,1.54
1785962340000,1068.0277,1.54
1785962400000,1068.0277,1.54
1785962460000,1068.0277,1.54
1785962520000,1068.0277,1.54
1785962580000,1068.0277,1.54
1785962640000,1068.0277,1.54
1785962700000,1068.0277,1.54
1785962760000,1068.0277,1.54
1785962820000,1068.0277,1.54
1785962880000,1068.0277,1.54
1785962940000,1068.0277,1.54
1785963000000,1068.0277,1.54
1785963060000,1068.0277,1.54
1785963120000,1068.0277,1.54
1785963180000,1068.0277,1.54
1785963240000,1068.0277,1.54
1785963300000,1068.0277,1.54
1785963360000,1068.0277,1.54
1785963420000,1068.0277,1.54
1785963480000,1068.0277,1.54
1785963540000,1068.0277,1.54
1785963600000,1068.0277,1.54
1785963660000,1057.3869,2.52
1786021800000,1057.3869,2.52
1786021860000,1057.3869,2.52
1786021920000,1057.3869,2.52
1786021980000,1057.3869,2.52
1786022040000,1057.3869,2.52
1786022100000,1057.3869,2.52
1786022160000,1057.3869,2.52
1786022220000,1057.3869,2.52
1786022280000,1057.3869,2.52
1786022340000,1057.3869,2.52
1786022400000,1057.3869,2.52
1786022460000,1057.3869,2.52
1786022520000,1057.3869,2.52
1786022580000,1057.3869,2.52
1786022640000,1057.3869,2.52
1786022700000,1057.3869,2.52
1786022760000,1057.3869,2.52
1786022820000,1057.3869,2.52
1786022880000,1057.3869,2.52
1786022940000,1057.3869,2.52
1786023000000,1057.3869,2.52
1786023060000,1057.3869,2.52
1786023120000,1057.3869,2.52
1786023180000,1057.3869,2.52
1786023240000,1057.3869,2.52
1786023300000,1057.3869,2.52
1786023360000,1047.3552,3.44
1786026960000,1047.3552,3.44
1786027020000,1047.3552,3.44
1786027080000,1047.3552,3.44
1786027140000,1047.3552,3.44
1786027200000,1047.3552,3.44
1786027260000,1047.3552,3.44
1786027320000,1047.3552,3.44
1786027380000,1047.3552,3.44
1786027440000,1047.3552,3.44
1786027500000,1047.3552,3.44
1786027560000,1047.3552,3.44
1786027620000,1047.3552,3.44
1786027680000,1047.3552,3.44
1786027740000,1047.3552,3.44
1786027800000,1047.3552,3.44
1786027860000,1047.3552,3.44
1786027920000,1047.3552,3.44
1786027980000,1047.3552,3.44
1786028040000,1047.3552,3.44
1786028100000,1047.3552,3.44
1786028160000,1047.3552,3.44
1786028220000,1047.3552,3.44
1786028280000,1047.3552,3.44
1786028340000,1047.3552,3.44
1786028400000,1047.3552,3.44
1786028460000,1047.3552,3.44
1786028520000,1047.3552,3.44
1786028580000,1047.3552,3.44
1786028640000,1047.3552,3.44
1786028700000,1047.3552,3.44
1786028760000,1047.3552,3.44
1786028820000,1047.3552,3.44
1786028880000,1047.3552,3.44
1786028940000,1047.3552,3.44
1786029000000,1047.3552,3.44
1786029060000,1047.3552,3.44
1786029120000,1047.3552,3.44
1786029180000,1047.3552,3.44
1786029240000,1047.3552,3.44
1786029300000,1047.3552,3.44
1786029360000,1047.3552,3.44
1786029420000,1047.3552,3.44
1786029480000,1047.3552,3.44
1786029540000,1047.3552,3.44
1786029600000,1047.3552,3.44
1786029660000,1047.3552,3.44
1786029720000,1047.3552,3.44
1786029780000,1047.3552,3.44
1786029840000,1047.3552,3.44
1786029900000,1047.3552,3.44
1786029960000,1047.3552,3.44
1786030020000,1047.3552,3.44
1786030080000,1047.3552,3.44
1786030140000,1047.3552,3.44
1786030200000,1047.3552,3.44
1786030260000,1047.3552,3.44
1786030320000,1047.3552,3.44
1786030380000,1047.3552,3.44
1786030440000,1047.3552,3.44
1786030500000,1047.3552,3.44
1786030560000,1047.3552,3.44
1786030620000,1047.3552,3.44
1786030680000,1047.3552,3.44
1786030740000,1047.3552,3.44
1786030800000,1047.3552,3.44
1786030860000,1047.3552,3.44
1786030920000,1047.3552,3.44
1786030980000,1047.3552,3.44
1786031040000,1047.3552,3.44
1786031100000,1047.3552,3.44
1786031160000,1047.3552,3.44
1786031220000,1047.3552,3.44
1786031280000,1047.3552,3.44
1786031340000,1047.3552,3.44
1786031400000,1047.3552,3.44
1786031460000,1047.3552,3.44
1786031520000,1047.3552,3.44
1786031580000,1047.3552,3.44
1786031640000,1047.3552,3.44
1786031700000,1047.3552,3.44
1786031760000,1047.3552,3.44
1786031820000,1047.3552,3.44
1786031880000,1047.3552,3.44
1786031940000,1047.3552,3.44
1786032000000,1047.3552,3.44
1786032060000,1047.3552,3.44
1786032120000,1047.3552,3.44
1786032180000,1047.3552,3.44
1786032240000,1047.3552,3.44
1786032300000,1047.3552,3.44
1786032360000,1047.3552,3.44
1786032420000,1047.3552,3.44
1786032480000,1047.3552,3.44
1786032540000,1047.3552,3.44
1786032600000,1047.3552,3.44
1786032660000,1047.3552,3.44
1786032720000,1047.3552,3.44
1786032780000,1047.3552,3.44
1786032840000,1047.3552,3.44
1786032900000,1047.3552,3.44
1786032960000,1047.3552,3.44
1786033020000,1047.3552,3.44
1786033080000,1047.3552,3.44
1786033140000,1047.3552,3.44
1786033200000,1047.3552,3.44
1786033260000,1047.3552,3.44
1786033320000,1047.3552,3.44
1786033380000,1047.3552,3.44
1786033440000,1047.3552,3.44
1786033500000,1047.3552,3.44
1786033560000,1047.3552,3.44
1786033620000,1047.3552,3.44
1786033680000,1047.3552,3.44
1786033740000,1047.3552,3.44
1786033800000,1047.3552,3.44
1786033860000,1047.3552,3.44
1786033920000,1047.3552,3.44
1786033980000,1047.3552,3.44
1786034040000,1047.3552,3.44
1786034100000,1047.3552,3.44
1786034160000,1047.3552,3.44
1786034220000,1047.3552,3.44
1786034280000,1047.3552,3.44
1786034340000,1047.3552,3.44
1786034400000,1047.3552,3.44
1786034460000,1047.3552,3.44
1786034520000,1047.3552,3.44
1786034580000,1047.3552,3.44
1786034640000,1047.3552,3.44
1786034700000,1047.3552,3.44
1786034760000,1047.3552,3.44
1786034820000,1047.3552,3.44
1786034880000,1047.3552,3.44
1786034940000,1047.3552,3.44
1786035000000,1047.3552,3.44
1786035060000,1047.3552,3.44
1786035120000,1047.3552,3.44
1786035180000,1047.3552,3.44
1786035240000,1047.3552,3.44
1786035300000,1047.3552,3.44
1786035360000,1047.3552,3.44
1786035420000,1047.3552,3.44
1786035480000,1047.3552,3.44
1786035540000,1047.3552,3.44
1786035600000,1047.3552,3.44
1786035660000,1047.3552,3.44
1786035720000,1047.3552,3.44
1786035780000,1047.3552,3.44
1786035840000,1047.3552,3.44
1786035900000,1047.3552,3.44
1786035960000,1047.3552,3.44
1786036020000,1047.3552,3.44
1786036080000,1047.3552,3.44
1786036140000,1047.3552,3.44
1786036200000,1047.3552,3.44
1786036260000,1047.3552,3.44
1786036320000,1047.3552,3.44
1786036380000,1047.3552,3.44
1786036440000,1047.3552,3.44
1786036500000,1047.3552,3.44
1786036560000,1047.3552,3.44
1786036620000,1047.3552,3.44
1786036680000,1047.3552,3.44
1786036740000,1047.3552,3.44
1786036800000,1047.3552,3.44
1786036860000,1047.3552,3.44
1786036920000,1047.3552,3.44
1786036980000,1047.3552,3.44
1786037040000,1047.3552,3.44
1786037100000,1047.3552,3.44
1786037160000,1047.3552,3.44
1786037220000,1047.3552,3.44
1786037280000,1047.3552,3.44
1786037340000,1047.3552,3.44
1786037400000,1047.3552,3.44
1786037460000,1047.3552,3.44
1786037520000,1047.3552,3.44
1786037580000,1047.3552,3.44
1786037640000,1047.3552,3.44
1786037700000,1047.3552,3.44
1786037760000,1047.3552,3.44
1786037820000,1047.3552,3.44
1786037880000,1047.3552,3.44
1786037940000,1047.3552,3.44
1786038000000,1047.3552,3.44
1786038060000,1047.3552,3.44
1786038120000,1047.3552,3.44
1786038180000,1047.3552,3.44
1786038240000,1047.3552,3.44
1786038300000,1047.3552,3.44
1786038360000,1047.3552,3.44
1786038420000,1047.3552,3.44
1786038480000,1047.3552,3.44
1786038540000,1047.3552,3.44
1786038600000,1047.3552,3.44
1786038660000,1047.3552,3.44
1786038720000,1047.3552,3.44
1786038780000,1047.3552,3.44
1786038840000,1047.3552,3.44
1786038900000,1047.3552,3.44
1786038960000,1047.3552,3.44
1786039020000,1047.3552,3.44
1786039080000,1047.3552,3.44
1786039140000,1047.3552,3.44
1786039200000,1047.3552,3.44
1786039260000,1047.3552,3.44
1786039320000,1047.3552,3.44
1786039380000,1047.3552,3.44
1786039440000,1047.3552,3.44
1786039500000,1047.3552,3.44
1786039560000,1047.3552,3.44
1786039620000,1047.3552,3.44
1786039680000,1047.3552,3.44
1786039740000,1047.3552,3.44
1786039800000,1047.3552,3.44
1786039860000,1047.3552,3.44
1786039920000,1047.3552,3.44
1786039980000,1047.3552,3.44
1786040040000,1047.3552,3.44
1786040100000,1047.3552,3.44
1786040160000,1047.3552,3.44
1786040220000,1047.3552,3.44
1786040280000,1047.3552,3.44
1786040340000,1047.3552,3.44
1786040400000,1047.3552,3.44
1786040460000,1047.3552,3.44
1786040520000,1047.3552,3.44
1786040580000,1047.3552,3.44
1786040640000,1047.3552,3.44
1786040700000,1047.3552,3.44
1786040760000,1047.3552,3.44
1786040820000,1047.3552,3.44
1786040880000,1047.3552,3.44
1786040940000,1047.3552,3.44
1786041000000,1047.3552,3.44
1786041060000,1047.3552,3.44
1786041120000,1047.3552,3.44
1786041180000,1047.3552,3.44
1786041240000,1047.3552,3.44
1786041300000,1047.3552,3.44
1786041360000,1047.3552,3.44
1786041420000,1047.3552,3.44
1786041480000,1047.3552,3.44
1786041540000,1047.3552,3.44
1786041600000,1047.3552,3.44
1786041660000,1047.3552,3.44
1786041720000,1047.3552,3.44
1786041780000,1047.3552,3.44
1786041840000,1047.3552,3.44
1786041900000,1047.3552,3.44
1786041960000,1047.3552,3.44
1786042020000,1047.3552,3.44
1786042080000,1047.3552,3.44
1786042140000,1047.3552,3.44
1786042200000,1047.3552,3.44
1786042260000,1047.3552,3.44
1786042320000,1047.3552,3.44
1786042380000,1047.3552,3.44
1786042440000,1047.3552,3.44
1786042500000,1047.3552,3.44
1786042560000,1047.3552,3.44
1786042620000,1047.3552,3.44
1786042680000,1047.3552,3.44
1786042740000,1047.3552,3.44
1786042800000,1047.3552,3.44
1786042860000,1047.3552,3.44
1786042920000,1047.3552,3.44
1786042980000,1047.3552,3.44
1786043040000,1047.3552,3.44
1786043100000,1047.3552,3.44
1786043160000,1047.3552,3.44
1786043220000,1047.3552,3.44
1786043280000,1047.3552,3.44
1786043340000,1047.3552,3.44
1786043400000,1047.3552,3.44
1786043460000,1047.3552,3.44
1786043520000,1047.3552,3.44
1786043580000,1047.3552,3.44
1786043640000,1047.3552,3.44
1786043700000,1047.3552,3.44
1786043760000,1047.3552,3.44
1786043820000,1047.3552,3.44
1786043880000,1047.3552,3.44
1786043940000,1047.3552,3.44
1786044000000,1047.3552,3.44
1786044060000,1047.3552,3.44
1786044120000,1047.3552,3.44
1786044180000,1047.3552,3.44
1786044240000,1047.3552,3.44
1786044300000,1047.3552,3.44
1786044360000,1047.3552,3.44
1786044420000,1047.3552,3.44
1786044480000,1047.3552,3.44
1786044540000,1047.3552,3.44
1786044600000,1047.3552,3.44
1786044660000,1047.3552,3.44
1786044720000,1047.3552,3.44
1786044780000,1047.3552,3.44
1786044840000,1047.3552,3.44
1786044900000,1047.3552,3.44
1786044960000,1047.3552,3.44
1786045020000,1047.3552,3.44
1786045080000,1047.3552,3.44
1786045140000,1047.3552,3.44
1786045200000,1047.3552,3.44
1786045260000,1047.3552,3.44
1786045320000,1047.3552,3.44
1786045380000,1047.3552,3.44
1786045440000,1047.3552,3.44
1786045500000,1047.3552,3.44
1786045560000,1047.3552,3.44
1786045620000,1047.3552,3.44
1786045680000,1047.3552,3.44
1786045740000,1047.3552,3.44
1786045800000,1047.3552,3.44
1786045860000,1047.3552,3.44
1786045920000,1047.3552,3.44
1786045980000,1047.3552,3.44
1786046040000,1047.3552,3.44
1786046100000,1047.3552,3.44
1786046160000,1047.3552,3.44
1786046220000,1047.3552,3.44
1786046280000,1047.3552,3.44
1786046340000,1047.3552,3.44
1786046400000,1047.3552,3.44
1786046460000,1047.3552,3.44
1786046520000,1047.3552,3.44
1786046580000,1047.3552,3.44
1786046640000,1047.3552,3.44
1786046700000,1047.3552,3.44
1786046760000,1047.3552,3.44
1786046820000,1047.3552,3.44
1786046880000,1047.3552,3.44
1786046940000,1047.3552,3.44
1786047000000,1047.3552,3.44
1786047060000,1047.3552,3.44
1786047120000,1047.3552,3.44
1786047180000,1047.3552,3.44
1786047240000,1047.3552,3.44
1786047300000,1047.3552,3.44
1786047360000,1047.3552,3.44
1786047420000,1047.3552,3.44
1786047480000,1047.3552,3.44
1786047540000,1047.3552,3.44
1786047600000,1047.3552,3.44
1786047660000,1047.3552,3.44
1786047720000,1047.3552,3.44
1786047780000,1047.3552,3.44
1786047840000,1047.3552,3.44
1786047900000,1047.3552,3.44
1786047960000,1047.3552,3.44
1786048020000,1047.3552,3.44
1786048080000,1047.3552,3.44
1786048140000,1047.3552,3.44
1786048200000,1047.3552,3.44
1786048260000,1047.3552,3.44
1786048320000,1047.3552,3.44
1786048380000,1047.3552,3.44
1786048440000,1047.3552,3.44
1786048500000,1047.3552,3.44
1786048560000,1047.3552,3.44
1786048620000,1047.3552,3.44
1786048680000,1047.3552,3.44
1786048740000,1047.3552,3.44
1786048800000,1047.3552,3.44
1786048860000,1047.3552,3.44
1786048920000,1047.3552,3.44
1786048980000,1047.3552,3.44
1786049040000,1047.3552,3.44
1786049100000,1047.3552,3.44
1786049160000,1047.3552,3.44
1786049220000,1047.3552,3.44
1786049280000,1047.3552,3.44
1786049340000,1047.3552,3.44
1786049400000,1047.3552,3.44
1786049460000,1047.3552,3.44
1786049520000,1047.3552,3.44
1786049580000,1047.3552,3.44
1786049640000,1047.3552,3.44
1786049700000,1047.3552,3.44
1786049760000,1047.3552,3.44
1786049820000,1047.3552,3.44
1786049880000,1047.3552,3.44
1786049940000,1047.3552,3.44
1786050000000,1047.3552,3.44
1786050060000,1047.3552,3.44
1786050120000,1047.3552,3.44
1786050180000,1047.3552,3.44
1786050240000,1047.3552,3.44
1786050300000,1047.3552,3.44
1786050360000,1047.3552,3.44
1786050420000,1047.3552,3.44
1786050480000,1047.3552,3.44
1786050540000,1047.3552,3.44
1786050600000,1047.3552,3.44
1786050660000,1047.3552,3.44
1786050720000,1047.3552,3.44
1786050780000,1047.3552,3.44
1786050840000,1047.3552,3.44
1786050900000,1047.3552,3.44
1786050960000,1047.3552,3.44
1786051020000,1047.3552,3.44
1786051080000,1047.3552,3.44
1786051140000,1047.3552,3.44
1786051200000,1047.3552,3.44
1786051260000,1047.3552,3.44
1786051320000,1047.3552,3.44
1786051380000,1047.3552,3.44
1786051440000,1047.3552,3.44
1786051500000,1047.3552,3.44
1786051560000,1047.3552,3.44
1786051620000,1047.3552,3.44
1786051680000,1047.3552,3.44
1786051740000,1047.3552,3.44
1786051800000,1047.3552,3.44
1786051860000,1047.3552,3.44
1786051920000,1047.3552,3.44
1786051980000,1047.3552,3.44
1786052040000,1047.3552,3.44
1786052100000,1047.3552,3.44
1786052160000,1047.3552,3.44
1786052220000,1047.3552,3.44
1786052280000,1047.3552,3.44
1786052340000,1047.3552,3.44
1786052400000,1047.3552,3.44
1786052460000,1047.3552,3.44
1786052520000,1047.3552,3.44
1786052580000,1047.3552,3.44
1786052640000,1047.3552,3.44
1786052700000,1047.3552,3.44
1786052760000,1047.3552,3.44
1786052820000,1047.3552,3.44
1786052880000,1047.3552,3.44
1786052940000,1047.3552,3.44
1786053000000,1047.3552,3.44
1786053060000,1047.3552,3.44
1786053120000,1047.3552,3.44
1786053180000,1047.3552,3.44
1786053240000,1047.3552,3.44
1786053300000,1047.3552,3.44
1786053360000,1047.3552,3.44
1786053420000,1047.3552,3.44
1786053480000,1047.3552,3.44
1786053540000,1047.3552,3.44
1786053600000,1047.3552,3.44
1786053660000,1047.3552,3.44
1786053720000,1047.3552,3.44
1786053780000,1047.3552,3.44
1786053840000,1047.3552,3.44
1786053900000,1047.3552,3.44
1786053960000,1047.3552,3.44
1786054020000,1047.3552,3.44
1786054080000,1047.3552,3.44
1786054140000,1047.3552,3.44
1786054200000,1047.3552,3.44
1786054260000,1047.3552,3.44
1786054320000,1047.3552,3.44
1786054380000,1047.3552,3.44
1786054440000,1047.3552,3.44
1786054500000,1047.3552,3.44
1786054560000,1047.3552,3.44
1786054620000,1047.3552,3.44
1786054680000,1047.3552,3.44
1786054740000,1047.3552,3.44
1786054800000,1047.3552,3.44
1786054860000,1047.3552,3.44
1786054920000,1047.3552,3.44
1786054980000,1037.7519,4.33
1786107300000,1037.7519,4.33
1786107360000,1037.7519,4.33
1786107420000,1037.7519,4.33
1786107480000,1037.7519,4.33
1786107540000,1037.7519,4.33
1786107600000,1037.7519,4.33
1786107660000,1037.7519,4.33
1786107720000,1037.7519,4.33
1786107780000,1037.7519,4.33
1786107840000,1037.7519,4.33
1786107900000,1037.7519,4.33
1786107960000,1037.7519,4.33
1786108020000,1037.7519,4.33
1786108080000,1037.7519,4.33
1786108140000,1037.7519,4.33
1786108200000,1037.7519,4.33
1786108260000,1037.7519,4.33
1786108320000,1027.9036,5.24
1786366380000,1027.9036,5.24
1786366440000,1027.9036,5.24
1786366500000,1027.9036,5.24
1786366560000,1027.9036,5.24
1786366620000,1027.9036,5.24
1786366680000,1027.9036,5.24
1786366740000,1027.9036,5.24
1786366800000,1027.9036,5.24
1786366860000,1027.9036,5.24
1786366920000,1027.9036,5.24
1786366980000,1027.9036,5.24
1786367040000,1027.9036,5.24
1786367100000,1027.9036,5.24
1786367160000,1027.9036,5.24
1786367220000,1027.9036,5.24
1786367280000,1027.9036,5.24
1786367340000,1027.9036,5.24
1786367400000,1027.9036,5.24
1786367460000,1027.9036,5.24
1786367520000,1027.9036,5.24
1786367580000,1027.9036,5.24
1786367640000,1027.9036,5.24
1786367700000,1027.9036,5.24
1786367760000,1027.9036,5.24
1786367820000,1027.9036,5.24
1786367880000,1027.9036,5.24
1786367940000,1027.9036,5.24
1786368000000,1027.9036,5.24
1786368060000,1027.9036,5.24
1786368120000,1027.9036,5.24
1786368180000,1027.9036,5.24
1786368240000,1027.9036,5.24
1786368300000,1027.9036,5.24
1786368360000,1027.9036,5.24
1786368420000,1027.9036,5.24
1786368480000,1027.9036,5.24
1786368540000,1027.9036,5.24
1786368600000,1027.9036,5.24
1786368660000,1027.9036,5.24
1786368720000,1027.9036,5.24
1786368780000,1027.9036,5.24
1786368840000,1037.7984,4.33
1786446240000,1037.7984,4.33
1786446300000,1037.7984,4.33
1786446360000,1037.7984,4.33
1786446420000,1037.7984,4.33
1786446480000,1037.7984,4.33
1786446540000,1037.7984,4.33
1786446600000,1037.7984,4.33
1786446660000,1037.7984,4.33
1786446720000,1037.7984,4.33
1786446780000,1037.7984,4.33
1786446840000,1037.7984,4.33
1786446900000,1037.7984,4.33
1786446960000,1037.7984,4.33
1786447020000,1037.7984,4.33
1786447080000,1037.7984,4.33
1786447140000,1037.7984,4.33
1786447200000,1037.7984,4.33
1786447260000,1037.7984,4.33
1786447320000,1037.7984,4.33
1786447380000,1037.7984,4.33
1786447440000,1037.7984,4.33
1786447500000,1037.7984,4.33
1786447560000,1037.7984,4.33
1786447620000,1037.7984,4.33
1786447680000,1037.7984,4.33
1786447740000,1037.7984,4.33
1786447800000,1037.7984,4.33
1786447860000,1037.7984,4.33
1786447920000,1037.7984,4.33
1786447980000,1037.7984,4.33
1786448040000,1037.7984,4.33
1786448100000,1037.7984,4.33
1786448160000,1037.7984,4.33
1786448220000,1037.7984,4.33
1786448280000,1037.7984,4.33
1786448340000,1037.7984,4.33
1786448400000,1037.7984,4.33
1786448460000,1037.7984,4.33
1786448520000,1037.7984,4.33
1786448580000,1037.7984,4.33
1786448640000,1037.7984,4.33
1786448700000,1037.7984,4.33
1786448760000,1037.7984,4.33
1786448820000,1037.7984,4.33
1786448880000,1037.7984,4.33
1786448940000,1037.7984,4.33
1786449000000,1037.7984,4.33
1786449060000,1037.7984,4.33
1786449120000,1037.7984,4.33
1786449180000,1037.7984,4.33
1786449240000,1037.7984,4.33
1786449300000,1037.7984,4.33
1786449360000,1037.7984,4.33
1786449420000,1037.7984,4.33
1786449480000,1037.7984,4.33
1786449540000,1037.7984,4.33
1786449600000,1037.7984,4.33
1786449660000,1037.7984,4.33
1786449720000,1037.7984,4.33
1786449780000,1037.7984,4.33
1786449840000,1037.7984,4.33
1786449900000,1037.7984,4.33
1786449960000,1037.7984,4.33
1786450020000,1037.7984,4.33
1786450080000,1037.7984,4.33
1786450140000,1037.7984,4.33
1786450200000,1037.7984,4.33
1786450260000,1037.7984,4.33
1786450320000,1037.7984,4.33
1786450380000,1037.7984,4.33
1786450440000,1037.7984,4.33
1786450500000,1037.7984,4.33
1786450560000,1037.7984,4.33
1786450620000,1037.7984,4.33
1786450680000,1037.7984,4.33
1786450740000,1037.7984,4.33
1786450800000,1037.7984,4.33
1786450860000,1037.7984,4.33
1786450920000,1037.7984,4.33
1786450980000,1037.7984,4.33
1786451040000,1037.7984,4.33
1786451100000,1037.7984,4.33
1786451160000,1037.7984,4.33
1786451220000,1037.7984,4.33
1786451280000,1037.7984,4.33
1786451340000,1037.7984,4.33
1786451400000,1037.7984,4.33
1786451460000,1037.7984,4.33
1786451520000,1037.7984,4.33
1786451580000,1037.7984,4.33
1786451640000,1037.7984,4.33
1786451700000,1037.7984,4.33
1786451760000,1037.7984,4.33
1786451820000,1037.7984,4.33
1786451880000,1037.7984,4.33
1786451940000,1037.7984,4.33
1786452000000,1037.7984,4.33
1786452060000,1037.7984,4.33
1786452120000,1037.7984,4.33
1786452180000,1037.7984,4.33
1786452240000,1037.7984,4.33
1786452300000,1037.7984,4.33
1786452360000,1037.7984,4.33
1786452420000,1037.7984,4.33
1786452480000,1037.7984,4.33
1786452540000,1037.7984,4.33
1786452600000,1037.7984,4.33
1786452660000,1037.7984,4.33
1786452720000,1037.7984,4.33
1786452780000,1037.7984,4.33
1786452840000,1037.7984,4.33
1786452900000,1037.7984,4.33
1786452960000,1037.7984,4.33
1786453020000,1037.7984,4.33
1786453080000,1037.7984,4.33
1786453140000,1037.7984,4.33
1786453200000,1037.7984,4.33
1786453260000,1037.7984,4.33
1786453320000,1037.7984,4.33
1786453380000,1037.7984,4.33
1786453440000,1037.7984,4.33
1786453500000,1037.7984,4.33
1786453560000,1037.7984,4.33
1786453620000,1037.7984,4.33
1786453680000,1037.7984,4.33
1786453740000,1037.7984,4.33
1786453800000,1037.7984,4.33
1786453860000,1037.7984,4.33
1786453920000,1037.7984,4.33
1786453980000,1037.7984,4.33
1786454040000,1037.7984,4.33
1786454100000,1037.7984,4.33
1786454160000,1037.7984,4.33
1786454220000,1037.7984,4.33
1786454280000,1037.7984,4.33
1786454340000,1037.7984,4.33
1786454400000,1037.7984,4.33
1786454460000,1037.7984,4.33
1786454520000,1037.7984,4.33
1786454580000,1037.7984,4.33
1786454640000,1037.7984,4.33
1786454700000,1037.7984,4.33
1786454760000,1028.0072,5.23
1786462560000,1028.0072,5.23
1786462620000,1028.0072,5.23
1786462680000,1040.1232,4.11
1786527060000,1040.1232,4.11
1786527120000,1040.1232,4.11
1786527180000,1040.1232,4.11
1786527240000,1040.1232,4.11
1786527300000,1040.1232,4.11
1786527360000,1040.1232,4.11
1786527420000,1040.1232,4.11
1786527480000,1040.1232,4.11
1786527540000,1040.1232,4.11
1786527600000,1040.1232,4.11
1786527660000,1040.1232,4.11
1786527720000,1040.1232,4.11
1786527780000,1040.1232,4.11
1786527840000,1040.1232,4.11
1786527900000,1040.1232,4.11
1786527960000,1040.1232,4.11
1786528020000,1040.1232,4.11
1786528080000,1040.1232,4.11
1786528140000,1040.1232,4.11
1786528200000,1040.1232,4.11
1786528260000,1040.1232,4.11
1786528320000,1040.1232,4.11
1786528380000,1040.1232,4.11
1786528440000,1040.1232,4.11
1786528500000,1040.1232,4.11
1786528560000,1040.1232,4.11
1786528620000,1040.1232,4.11
1786528680000,1040.1232,4.11
1786528740000,1040.1232,4.11
1786528800000,1040.1232,4.11
1786528860000,1040.1232,4.11
1786528920000,1040.1232,4.11
1786528980000,1040.1232,4.11
1786529040000,1040.1232,4.11
1786529100000,1040.1232,4.11
1786529160000,1040.1232,4.11
1786529220000,1040.1232,4.11
1786529280000,1040.1232,4.11
1786529340000,1040.1232,4.11
1786529400000,1040.1232,4.11
1786529460000,1040.1232,4.11
1786529520000,1040.1232,4.11
1786529580000,1040.1232,4.11
1786529640000,1040.1232,4.11
1786529700000,1040.1232,4.11
1786529760000,1040.1232,4.11
1786529820000,1040.1232,4.11
1786529880000,1040.1232,4.11
1786529940000,1040.1232,4.11
1786530000000,1040.1232,4.11
1786530060000,1040.1232,4.11
1786530120000,1040.1232,4.11
1786530180000,1040.1232,4.11
1786530240000,1040.1232,4.11
1786530300000,1040.1232,4.11
1786530360000,1040.1232,4.11
1786530420000,1040.1232,4.11
1786530480000,1040.1232,4.11
1786530540000,1040.1232,4.11
1786530600000,1040.1232,4.11
1786530660000,1040.1232,4.11
1786530720000,1040.1232,4.11
1786530780000,1040.1232,4.11
1786530840000,1040.1232,4.11
1786530900000,1040.1232,4.11
1786530960000,1040.1232,4.11
1786531020000,1040.1232,4.11
1786531080000,1040.1232,4.11
1786531140000,1040.1232,4.11
1786531200000,1040.1232,4.11
1786531260000,1040.1232,4.11
1786531320000,1040.1232,4.11
1786531380000,1040.1232,4.11
1786531440000,1040.1232,4.11
1786531500000,1040.1232,4.11
1786531560000,1040.1232,4.11
1786531620000,1040.1232,4.11
1786531680000,1040.1232,4.11
1786531740000,1040.1232,4.11
1786531800000,1040.1232,4.11
1786531860000,1040.1232,4.11
1786531920000,1040.1232,4.11
1786531980000,1040.1232,4.11
1786532040000,1040.1232,4.11
1786532100000,1040.1232,4.11
1786532160000,1040.1232,4.11
1786532220000,1040.1232,4.11
1786532280000,1040.1232,4.11
1786532340000,1040.1232,4.11
1786532400000,1040.1232,4.11
1786532460000,1040.1232,4.11
1786532520000,1040.1232,4.11
1786532580000,1040.1232,4.11
1786532640000,1040.1232,4.11
1786532700000,1040.1232,4.11
1786532760000,1040.1232,4.11
1786532820000,1040.1232,4.11
1786532880000,1040.1232,4.11
1786532940000,1040.1232,4.11
1786533000000,1040.1232,4.11
1786533060000,1040.1232,4.11
1786533120000,1040.1232,4.11
1786533180000,1040.1232,4.11
1786533240000,1040.1232,4.11
1786533300000,1040.1232,4.11
1786533360000,1040.1232,4.11
1786533420000,1040.1232,4.11
1786533480000,1040.1232,4.11
1786533540000,1040.1232,4.11
1786533600000,1040.1232,4.11
1786533660000,1040.1232,4.11
1786533720000,1040.1232,4.11
1786533780000,1040.1232,4.11
1786533840000,1040.1232,4.11
1786533900000,1040.1232,4.11
1786533960000,1040.1232,4.11
1786534020000,1040.1232,4.11
1786534080000,1040.1232,4.11
1786534140000,1040.1232,4.11
1786534200000,1040.1232,4.11
1786534260000,1040.1232,4.11
1786534320000,1040.1232,4.11
1786534380000,1040.1232,4.11
1786534440000,1040.1232,4.11
1786534500000,1040.1232,4.11
1786534560000,1040.1232,4.11
1786534620000,1040.1232,4.11
1786534680000,1040.1232,4.11
1786534740000,1040.1232,4.11
1786534800000,1040.1232,4.11
1786534860000,1040.1232,4.11
1786534920000,1040.1232,4.11
1786534980000,1040.1232,4.11
1786535040000,1040.1232,4.11
1786535100000,1040.1232,4.11
1786535160000,1040.1232,4.11
1786535220000,1040.1232,4.11
1786535280000,1040.1232,4.11
1786535340000,1040.1232,4.11
1786535400000,1040.1232,4.11
1786535460000,1040.1232,4.11
1786535520000,1040.1232,4.11
1786535580000,1040.1232,4.11
1786535640000,1040.1232,4.11
1786535700000,1040.1232,4.11
1786535760000,1040.1232,4.11
1786535820000,1040.1232,4.11
1786535880000,1040.1232,4.11
1786535940000,1040.1232,4.11
1786536000000,1040.1232,4.11
1786536060000,1040.1232,4.11
1786536120000,1040.1232,4.11
1786536180000,1040.1232,4.11
1786536240000,1040.1232,4.11
1786536300000,1040.1232,4.11
1786536360000,1040.1232,4.11
1786536420000,1040.1232,4.11
1786536480000,1040.1232,4.11
1786536540000,1040.1232,4.11
1786536600000,1040.1232,4.11
1786536660000,1040.1232,4.11
1786536720000,1040.1232,4.11
1786536780000,1040.1232,4.11
1786536840000,1040.1232,4.11
1786536900000,1040.1232,4.11
1786536960000,1040.1232,4.11
1786537020000,1040.1232,4.11
1786537080000,1040.1232,4.11
1786537140000,1040.1232,4.11
1786537200000,1040.1232,4.11
1786537260000,1040.1232,4.11
1786537320000,1040.1232,4.11
1786537380000,1040.1232,4.11
1786537440000,1040.1232,4.11
1786537500000,1040.1232,4.11
1786537560000,1040.1232,4.11
1786537620000,1040.1232,4.11
1786537680000,1040.1232,4.11
1786537740000,1052.2808,2.99
1786546560000,1052.2808,2.99
1786546620000,1052.2808,2.99
1786546680000,1052.2808,2.99
1786546740000,1052.2808,2.99
1786546800000,1052.2808,2.99
1786546860000,1052.2808,2.99
1786546920000,1052.2808,2.99
1786546980000,1052.2808,2.99
1786547040000,1052.2808,2.99
1786547100000,1052.2808,2.99
1786547160000,1052.2808,2.99
1786547220000,1052.2808,2.99
1786547280000,1052.2808,2.99
1786547340000,1052.2808,2.99
1786547400000,1052.2808,2.99
1786547460000,1052.2808,2.99
1786547520000,1052.2808,2.99
1786547580000,1052.2808,2.99
1786547640000,1052.2808,2.99
1786547700000,1052.2808,2.99
1786547760000,1052.2808,2.99
1786547820000,1052.2808,2.99
1786547880000,1052.2808,2.99
1786547940000,1052.2808,2.99
1786548000000,1052.2808,2.99
1786548060000,1052.2808,2.99
1786548120000,1052.2808,2.99
1786548180000,1052.2808,2.99
1786548240000,1052.2808,2.99
1786548300000,1052.2808,2.99
1786548360000,1052.2808,2.99
1786548420000,1052.2808,2.99
1786548480000,1052.2808,2.99
1786548540000,1052.2808,2.99
1786548600000,1042.5412,3.89
1786631760000,1042.5412,3.89
1786631820000,1042.5412,3.89
1786631880000,1042.5412,3.89
1786631940000,1042.5412,3.89
1786632000000,1042.5412,3.89
1786632060000,1042.5412,3.89
1786632120000,1042.5412,3.89
1786632180000,1042.5412,3.89
1786632240000,1042.5412,3.89
1786632300000,1042.5412,3.89
1786632360000,1042.5412,3.89
1786632420000,1042.5412,3.89
1786632480000,1042.5412,3.89
1786632540000,1042.5412,3.89
1786632600000,1042.5412,3.89
1786632660000,1042.5412,3.89
1786632720000,1042.5412,3.89
1786632780000,1042.5412,3.89
1786632840000,1042.5412,3.89
1786632900000,1042.5412,3.89
1786632960000,1042.5412,3.89
1786633020000,1042.5412,3.89
1786633080000,1042.5412,3.89
1786633140000,1042.5412,3.89
1786633200000,1042.5412,3.89
1786633260000,1042.5412,3.89
1786633320000,1042.5412,3.89
1786633380000,1042.5412,3.89
1786633440000,1042.5412,3.89
1786633500000,1042.5412,3.89
1786633560000,1042.5412,3.89
1786633620000,1042.5412,3.89
1786633680000,1042.5412,3.89
1786633740000,1042.5412,3.89
1786633800000,1042.5412,3.89
1786633860000,1042.5412,3.89
1786633920000,1042.5412,3.89
1786633980000,1042.5412,3.89
1786634040000,1042.5412,3.89
1786634100000,1042.5412,3.89
1786634160000,1042.5412,3.89
1786634220000,1042.5412,3.89
1786634280000,1042.5412,3.89
1786634340000,1042.5412,3.89
1786634400000,1042.5412,3.89
1786634460000,1042.5412,3.89
1786634520000,1042.5412,3.89
1786634580000,1042.5412,3.89
1786634640000,1042.5412,3.89
1786634700000,1042.5412,3.89
1786634760000,1042.5412,3.89
1786634820000,1032.4276,4.82
1786639140000,1032.4276,4.82
1786639200000,1032.4276,4.82
1786639260000,1043.1874,3.83
1786978260000,1043.1874,3.83
1786978320000,1043.1874,3.83
1786978380000,1043.1874,3.83
1786978440000,1043.1874,3.83
1786978500000,1043.1874,3.83
1786978560000,1043.1874,3.83
1786978620000,1043.1874,3.83
1786978680000,1043.1874,3.83
1786978740000,1043.1874,3.83
1786978800000,1043.1874,3.83
1786978860000,1043.1874,3.83
1786978920000,1043.1874,3.83
1786978980000,1043.1874,3.83
1786979040000,1043.1874,3.83
1786979100000,1043.1874,3.83
1786979160000,1043.1874,3.83
1786979220000,1043.1874,3.83
1786979280000,1043.1874,3.83
1786979340000,1043.1874,3.83
1786979400000,1043.1874,3.83
1786979460000,1043.1874,3.83
1786979520000,1043.1874,3.83
1786979580000,1043.1874,3.83
1786979640000,1043.1874,3.83
1786979700000,1043.1874,3.83
1786979760000,1043.1874,3.83
1786979820000,1043.1874,3.83
1786979880000,1043.1874,3.83
1786979940000,1043.1874,3.83
1786980000000,1043.1874,3.83
1786980060000,1043.1874,3.83
1786980120000,1043.1874,3.83
1786980180000,1043.1874,3.83
1786980240000,1043.1874,3.83
1786980300000,1043.1874,3.83
1786980360000,1043.1874,3.83
1786980420000,1043.1874,3.83
1786980480000,1043.1874,3.83
1786980540000,1043.1874,3.83
1786980600000,1043.1874,3.83
1786980660000,1043.1874,3.83
1786980720000,1043.1874,3.83
1786980780000,1043.1874,3.83
1786980840000,1043.1874,3.83
1786980900000,1043.1874,3.83
1786980960000,1043.1874,3.83
1786981020000,1043.1874,3.83
1786981080000,1043.1874,3.83
1786981140000,1043.1874,3.83
1786981200000,1043.1874,3.83
1786981260000,1043.1874,3.83
1786981320000,1043.1874,3.83
1786981380000,1043.1874,3.83
1786981440000,1043.1874,3.83
1786981500000,1043.1874,3.83
1786981560000,1043.1874,3.83
1786981620000,1043.1874,3.83
1786981680000,1043.1874,3.83
1786981740000,1043.1874,3.83
1786981800000,1043.1874,3.83
1786981860000,1043.1874,3.83
1786981920000,1043.1874,3.83
1786981980000,1043.1874,3.83
1786982040000,1043.1874,3.83
1786982100000,1043.1874,3.83
1786982160000,1043.1874,3.83
1786982220000,1043.1874,3.83
1786982280000,1043.1874,3.83
1786982340000,1043.1874,3.83
1786982400000,1043.1874,3.83
1786982460000,1043.1874,3.83
1786982520000,1043.1874,3.83
1786982580000,1043.1874,3.83
1786982640000,1043.1874,3.83
1786982700000,1043.1874,3.83
1786982760000,1043.1874,3.83
1786982820000,1043.1874,3.83
1786982880000,1043.1874,3.83
1786982940000,1043.1874,3.83
1786983000000,1043.1874,3.83
1786983060000,1043.1874,3.83
1786983120000,1043.1874,3.83
1786983180000,1043.1874,3.83
1786983240000,1043.1874,3.83
1786983300000,1043.1874,3.83
1786983360000,1043.1874,3.83
1786983420000,1043.1874,3.83
1786983480000,1043.1874,3.83
1786983540000,1043.1874,3.83
1786983600000,1043.1874,3.83
1786983660000,1043.1874,3.83
1786983720000,1043.1874,3.83
1786983780000,1043.1874,3.83
1786983840000,1043.1874,3.83
1786983900000,1043.1874,3.83
1786983960000,1043.1874,3.83
1786984020000,1043.1874,3.83
1786984080000,1043.1874,3.83
1786984140000,1043.1874,3.83
1786984200000,1043.1874,3.83
1786984260000,1043.1874,3.83
1786984320000,1043.1874,3.83
1786984380000,1043.1874,3.83
1786984440000,1043.1874,3.83
1786984500000,1043.1874,3.83
1786984560000,1043.1874,3.83
1786984620000,1043.1874,3.83
1786984680000,1043.1874,3.83
1786984740000,1043.1874,3.83
1786984800000,1043.1874,3.83
1786984860000,1043.1874,3.83
1786984920000,1043.1874,3.83
1786984980000,1043.1874,3.83
1786985040000,1043.1874,3.83
1786985100000,1043.1874,3.83
1786985160000,1043.1874,3.83
1786985220000,1043.1874,3.83
1786985280000,1043.1874,3.83
1786985340000,1043.1874,3.83
1786985400000,1043.1874,3.83
1786985460000,1043.1874,3.83
1786985520000,1043.1874,3.83
1786985580000,1043.1874,3.83
1786985640000,1043.1874,3.83
1786985700000,1043.1874,3.83
1786985760000,1043.1874,3.83
1786985820000,1043.1874,3.83
1786985880000,1043.1874,3.83
1786985940000,1043.1874,3.83
1786986000000,1043.1874,3.83
1786986060000,1043.1874,3.83
1786986120000,1043.1874,3.83
1786986180000,1043.1874,3.83
1786986240000,1043.1874,3.83
1786986300000,1043.1874,3.83
1786986360000,1043.1874,3.83
1786986420000,1043.1874,3.83
1786986480000,1043.1874,3.83
1786986540000,1043.1874,3.83
1786986600000,1043.1874,3.83
1786986660000,1043.1874,3.83
1786986720000,1043.1874,3.83
1786986780000,1043.1874,3.83
1786986840000,1043.1874,3.83
1786986900000,1043.1874,3.83
1786986960000,1043.1874,3.83
1786987020000,1043.1874,3.83
1786987080000,1043.1874,3.83
1786987140000,1043.1874,3.83
1786987200000,1043.1874,3.83
1786987260000,1043.1874,3.83
1786987320000,1043.1874,3.83
1786987380000,1043.1874,3.83
1786987440000,1043.1874,3.83
1786987500000,1043.1874,3.83
1786987560000,1043.1874,3.83
1786987620000,1043.1874,3.83
1786987680000,1043.1874,3.83
1786987740000,1043.1874,3.83
1786987800000,1043.1874,3.83
1786987860000,1043.1874,3.83
1786987920000,1043.1874,3.83
1786987980000,1043.1874,3.83
1786988040000,1043.1874,3.83
1786988100000,1043.1874,3.83
1786988160000,1043.1874,3.83
1786988220000,1043.1874,3.83
1786988280000,1043.1874,3.83
1786988340000,1043.1874,3.83
1786988400000,1043.1874,3.83
1786988460000,1043.1874,3.83
1786988520000,1043.1874,3.83
1786988580000,1043.1874,3.83
1786988640000,1043.1874,3.83
1786988700000,1043.1874,3.83
1786988760000,1043.1874,3.83
1786988820000,1043.1874,3.83
1786988880000,1043.1874,3.83
1786988940000,1043.1874,3.83
1786989000000,1043.1874,3.83
1786989060000,1043.1874,3.83
1786989120000,1043.1874,3.83
1786989180000,1043.1874,3.83
1786989240000,1043.1874,3.83
1786989300000,1043.1874,3.83
1786989360000,1043.1874,3.83
1786989420000,1043.1874,3.83
1786989480000,1043.1874,3.83
1786989540000,1043.1874,3.83
1786989600000,1043.1874,3.83
1786989660000,1043.1874,3.83
1786989720000,1043.1874,3.83
1786989780000,1043.1874,3.83
1786989840000,1043.1874,3.83
1786989900000,1043.1874,3.83
1786989960000,1043.1874,3.83
1786990020000,1043.1874,3.83
1786990080000,1043.1874,3.83
1786990140000,1043.1874,3.83
1786990200000,1043.1874,3.83
1786990260000,1043.1874,3.83
1786990320000,1043.1874,3.83
1786990380000,1043.1874,3.83
1786990440000,1043.1874,3.83
1786990500000,1043.1874,3.83
1786990560000,1043.1874,3.83
1786990620000,1043.1874,3.83
1786990680000,1043.1874,3.83
1786990740000,1043.1874,3.83
1786990800000,1043.1874,3.83
1786990860000,1043.1874,3.83
1786990920000,1043.1874,3.83
1786990980000,1043.1874,3.83
1786991040000,1043.1874,3.83
1786991100000,1043.1874,3.83
1786991160000,1043.1874,3.83
1786991220000,1043.1874,3.83
1786991280000,1043.1874,3.83
1786991340000,1043.1874,3.83
1786991400000,1043.1874,3.83
1786991460000,1043.1874,3.83
1786991520000,1043.1874,3.83
1786991580000,1043.1874,3.83
1786991640000,1043.1874,3.83
1786991700000,1043.1874,3.83
1786991760000,1043.1874,3.83
1786991820000,1043.1874,3.83
1786991880000,1043.1874,3.83
1786991940000,1043.1874,3.83
1786992000000,1043.1874,3.83
1786992060000,1043.1874,3.83
1786992120000,1043.1874,3.83
1786992180000,1043.1874,3.83
1786992240000,1043.1874,3.83
1786992300000,1043.1874,3.83
1786992360000,1043.1874,3.83
1786992420000,1043.1874,3.83
1786992480000,1043.1874,3.83
1786992540000,1043.1874,3.83
1786992600000,1043.1874,3.83
1786992660000,1043.1874,3.83
1786992720000,1043.1874,3.83
1786992780000,1043.1874,3.83
1786992840000,1043.1874,3.83
1786992900000,1043.1874,3.83
1786992960000,1043.1874,3.83
1786993020000,1043.1874,3.83
1786993080000,1043.1874,3.83
1786993140000,1043.1874,3.83
1786993200000,1043.1874,3.83
1786993260000,1043.1874,3.83
1786993320000,1043.1874,3.83
1786993380000,1043.1874,3.83
1786993440000,1043.1874,3.83
1786993500000,1043.1874,3.83
1786993560000,1043.1874,3.83
1786993620000,1043.1874,3.83
1786993680000,1043.1874,3.83
1786993740000,1043.1874,3.83
1786993800000,1043.1874,3.83
1786993860000,1043.1874,3.83
1786993920000,1043.1874,3.83
1786993980000,1043.1874,3.83
1786994040000,1043.1874,3.83
1786994100000,1043.1874,3.83
1786994160000,1043.1874,3.83
1786994220000,1043.1874,3.83
1786994280000,1043.1874,3.83
1786994340000,1043.1874,3.83
1786994400000,1043.1874,3.83
1786994460000,1043.1874,3.83
1786994520000,1043.1874,3.83
1786994580000,1043.1874,3.83
1786994640000,1043.1874,3.83
1786994700000,1043.1874,3.83
1786994760000,1043.1874,3.83
1786994820000,1043.1874,3.83
1786994880000,1043.1874,3.83
1786994940000,1043.1874,3.83
1786995000000,1043.1874,3.83
1786995060000,1043.1874,3.83
1786995120000,1043.1874,3.83
1786995180000,1043.1874,3.83
1786995240000,1043.1874,3.83
1786995300000,1043.1874,3.83
1786995360000,1043.1874,3.83
1786995420000,1043.1874,3.83
1786995480000,1043.1874,3.83
1786995540000,1043.1874,3.83
1786995600000,1043.1874,3.83
1786995660000,1043.1874,3.83
1786995720000,1043.1874,3.83
1786995780000,1043.1874,3.83
1786995840000,1043.1874,3.83
1786995900000,1043.1874,3.83
1786995960000,1043.1874,3.83
1786996020000,1043.1874,3.83
1786996080000,1043.1874,3.83
1786996140000,1043.1874,3.83
1786996200000,1043.1874,3.83
1786996260000,1043.1874,3.83
1786996320000,1043.1874,3.83
1786996380000,1043.1874,3.83
1786996440000,1043.1874,3.83
1786996500000,1043.1874,3.83
1786996560000,1043.1874,3.83
1786996620000,1043.1874,3.83
1786996680000,1043.1874,3.83
1786996740000,1043.1874,3.83
1786996800000,1043.1874,3.83
1786996860000,1043.1874,3.83
1786996920000,1043.1874,3.83
1786996980000,1043.1874,3.83
1786997040000,1043.1874,3.83
1786997100000,1043.1874,3.83
1786997160000,1043.1874,3.83
1786997220000,1043.1874,3.83
1786997280000,1043.1874,3.83
1786997340000,1043.1874,3.83
1786997400000,1043.1874,3.83
1786997460000,1043.1874,3.83
1786997520000,1043.1874,3.83
1786997580000,1043.1874,3.83
1786997640000,1043.1874,3.83
1786997700000,1043.1874,3.83
1786997760000,1043.1874,3.83
1786997820000,1043.1874,3.83
1786997880000,1043.1874,3.83
1786997940000,1043.1874,3.83
1786998000000,1043.1874,3.83
1786998060000,1043.1874,3.83
1786998120000,1043.1874,3.83
1786998180000,1043.1874,3.83
1786998240000,1043.1874,3.83
1786998300000,1043.1874,3.83
1786998360000,1043.1874,3.83
1786998420000,1043.1874,3.83
1786998480000,1043.1874,3.83
1786998540000,1043.1874,3.83
1786998600000,1043.1874,3.83
1786998660000,1043.1874,3.83
1786998720000,1043.1874,3.83
1786998780000,1043.1874,3.83
1786998840000,1043.1874,3.83
1786998900000,1043.1874,3.83
1786998960000,1043.1874,3.83
1786999020000,1043.1874,3.83
1786999080000,1043.1874,3.83
1786999140000,1043.1874,3.83
1786999200000,1043.1874,3.83
1786999260000,1043.1874,3.83
1786999320000,1043.1874,3.83
1786999380000,1043.1874,3.83
1786999440000,1043.1874,3.83
1786999500000,1043.1874,3.83
1786999560000,1043.1874,3.83
1786999620000,1043.1874,3.83
1786999680000,1043.1874,3.83
1786999740000,1043.1874,3.83
1786999800000,1043.1874,3.83
1786999860000,1043.1874,3.83
1786999920000,1043.1874,3.83
1786999980000,1043.1874,3.83
1787000040000,1043.1874,3.83
1787000100000,1043.1874,3.83
1787000160000,1043.1874,3.83
1787000220000,1043.1874,3.83
1787000280000,1043.1874,3.83
1787000340000,1043.1874,3.83
1787000400000,1043.1874,3.83
1787000460000,1043.1874,3.83
1787000520000,1043.1874,3.83
1787000580000,1043.1874,3.83
1787000640000,1043.1874,3.83
1787000700000,1043.1874,3.83
1787000760000,1043.1874,3.83
1787000820000,1043.1874,3.83
1787000880000,1043.1874,3.83
1787000940000,1043.1874,3.83
1787001000000,1043.1874,3.83
1787001060000,1043.1874,3.83
1787001120000,1043.1874,3.83
1787001180000,1043.1874,3.83
1787001240000,1043.1874,3.83
1787001300000,1043.1874,3.83
1787001360000,1043.1874,3.83
1787001420000,1043.1874,3.83
1787001480000,1043.1874,3.83
1787001540000,1043.1874,3.83
1787001600000,1043.1874,3.83
1787001660000,1043.1874,3.83
1787001720000,1043.1874,3.83
1787001780000,1043.1874,3.83
1787001840000,1043.1874,3.83
1787001900000,1043.1874,3.83
1787001960000,1043.1874,3.83
1787002020000,1043.1874,3.83
1787002080000,1043.1874,3.83
1787002140000,1043.1874,3.83
1787002200000,1043.1874,3.83
1787002260000,1043.1874,3.83
1787002320000,1043.1874,3.83
1787002380000,1043.1874,3.83
1787002440000,1043.1874,3.83
1787002500000,1043.1874,3.83
1787002560000,1043.1874,3.83
1787002620000,1043.1874,3.83
1787002680000,1043.1874,3.83
1787002740000,1043.1874,3.83
1787002800000,1043.1874,3.83
1787002860000,1043.1874,3.83
1787002920000,1043.1874,3.83
1787002980000,1043.1874,3.83
1787003040000,1043.1874,3.83
1787003100000,1043.1874,3.83
1787003160000,1043.1874,3.83
1787003220000,1043.1874,3.83
1787003280000,1043.1874,3.83
1787003340000,1043.1874,3.83
1787003400000,1043.1874,3.83
1787003460000,1043.1874,3.83
1787003520000,1043.1874,3.83
1787003580000,1043.1874,3.83
1787003640000,1043.1874,3.83
1787003700000,1043.1874,3.83
1787003760000,1043.1874,3.83
1787003820000,1043.1874,3.83
1787003880000,1043.1874,3.83
1787003940000,1043.1874,3.83
1787004000000,1043.1874,3.83
1787004060000,1043.1874,3.83
1787004120000,1043.1874,3.83
1787004180000,1043.1874,3.83
1787004240000,1043.1874,3.83
1787004300000,1043.1874,3.83
1787004360000,1043.1874,3.83
1787004420000,1043.1874,3.83
1787004480000,1043.1874,3.83
1787004540000,1043.1874,3.83
1787004600000,1043.1874,3.83
1787004660000,1043.1874,3.83
1787004720000,1043.1874,3.83
1787004780000,1043.1874,3.83
1787004840000,1043.1874,3.83
1787004900000,1043.1874,3.83
1787004960000,1043.1874,3.83
1787005020000,1043.1874,3.83
1787005080000,1043.1874,3.83
1787005140000,1043.1874,3.83
1787005200000,1043.1874,3.83
1787005260000,1043.1874,3.83
1787005320000,1043.1874,3.83
1787005380000,1043.1874,3.83
1787005440000,1043.1874,3.83
1787005500000,1043.1874,3.83
1787005560000,1043.1874,3.83
1787005620000,1043.1874,3.83
1787005680000,1043.1874,3.83
1787005740000,1043.1874,3.83
1787005800000,1043.1874,3.83
1787005860000,1043.1874,3.83
1787005920000,1043.1874,3.83
1787005980000,1043.1874,3.83
1787006040000,1043.1874,3.83
1787006100000,1043.1874,3.83
1787006160000,1043.1874,3.83
1787006220000,1043.1874,3.83
1787006280000,1043.1874,3.83
1787006340000,1043.1874,3.83
1787006400000,1043.1874,3.83
1787006460000,1043.1874,3.83
1787006520000,1043.1874,3.83
1787006580000,1043.1874,3.83
1787006640000,1043.1874,3.83
1787006700000,1043.1874,3.83
1787006760000,1043.1874,3.83
1787006820000,1043.1874,3.83
1787006880000,1043.1874,3.83
1787006940000,1043.1874,3.83
1787007000000,1043.1874,3.83
1787007060000,1043.1874,3.83
1787007120000,1043.1874,3.83
1787007180000,1043.1874,3.83
1787007240000,1043.1874,3.83
1787007300000,1043.1874,3.83
1787007360000,1043.1874,3.83
1787007420000,1043.1874,3.83
1787007480000,1043.1874,3.83
1787007540000,1043.1874,3.83
1787007600000,1043.1874,3.83
1787007660000,1043.1874,3.83
1787007720000,1043.1874,3.83
1787007780000,1043.1874,3.83
1787007840000,1043.1874,3.83
1787007900000,1043.1874,3.83
1787007960000,1043.1874,3.83
1787008020000,1043.1874,3.83
1787008080000,1043.1874,3.83
1787008140000,1043.1874,3.83
1787008200000,1043.1874,3.83
1787008260000,1043.1874,3.83
1787008320000,1043.1874,3.83
1787008380000,1043.1874,3.83
1787008440000,1043.1874,3.83
1787008500000,1043.1874,3.83
1787008560000,1043.1874,3.83
1787008620000,1043.1874,3.83
1787008680000,1043.1874,3.83
1787008740000,1043.1874,3.83
1787008800000,1043.1874,3.83
1787008860000,1043.1874,3.83
1787008920000,1043.1874,3.83
1787008980000,1043.1874,3.83
1787009040000,1043.1874,3.83
1787009100000,1043.1874,3.83
1787009160000,1043.1874,3.83
1787009220000,1043.1874,3.83
1787009280000,1043.1874,3.83
1787009340000,1043.1874,3.83
1787009400000,1043.1874,3.83
1787009460000,1053.3331,2.89
1787063160000,1053.3331,2.89
1787063220000,1053.3331,2.89
1787063280000,1053.3331,2.89
1787063340000,1053.3331,2.89
1787063400000,1053.3331,2.89
1787063460000,1053.3331,2.89
1787063520000,1053.3331,2.89
1787063580000,1053.3331,2.89
1787063640000,1053.3331,2.89
1787063700000,1053.3331,2.89
1787063760000,1053.3331,2.89
1787063820000,1053.3331,2.89
1787063880000,1053.3331,2.89
1787063940000,1053.3331,2.89
1787064000000,1053.3331,2.89
1787064060000,1053.3331,2.89
1787064120000,1053.3331,2.89
1787064180000,1053.3331,2.89
1787064240000,1053.3331,2.89
1787064300000,1053.3331,2.89
1787064360000,1053.3331,2.89
1787064420000,1053.3331,2.89
1787064480000,1053.3331,2.89
1787064540000,1053.3331,2.89
1787064600000,1053.3331,2.89
1787064660000,1053.3331,2.89
1787064720000,1053.3331,2.89
1787064780000,1053.3331,2.89
1787064840000,1053.3331,2.89
1787064900000,1053.3331,2.89
1787064960000,1053.3331,2.89
1787065020000,1053.3331,2.89
1787065080000,1053.3331,2.89
1787065140000,1053.3331,2.89
1787065200000,1053.3331,2.89
1787065260000,1053.3331,2.89
1787065320000,1053.3331,2.89
1787065380000,1053.3331,2.89
1787065440000,1053.3331,2.89
1787065500000,1053.3331,2.89
1787065560000,1053.3331,2.89
1787065620000,1053.3331,2.89
1787065680000,1053.3331,2.89
1787065740000,1053.3331,2.89
1787065800000,1053.3331,2.89
1787065860000,1053.3331,2.89
1787065920000,1053.3331,2.89
1787065980000,1053.3331,2.89
1787066040000,1053.3331,2.89
1787066100000,1053.3331,2.89
1787066160000,1053.3331,2.89
1787066220000,1053.3331,2.89
1787066280000,1053.3331,2.89
1787066340000,1053.3331,2.89
1787066400000,1053.3331,2.89
1787066460000,1053.3331,2.89
1787066520000,1053.3331,2.89
1787066580000,1053.3331,2.89
1787066640000,1053.3331,2.89
1787066700000,1053.3331,2.89
1787066760000,1053.3331,2.89
1787066820000,1053.3331,2.89
1787066880000,1053.3331,2.89
1787066940000,1053.3331,2.89
1787067000000,1053.3331,2.89
1787067060000,1053.3331,2.89
1787067120000,1053.3331,2.89
1787067180000,1053.3331,2.89
1787067240000,1053.3331,2.89
1787067300000,1053.3331,2.89
1787067360000,1053.3331,2.89
1787067420000,1053.3331,2.89
1787067480000,1053.3331,2.89
1787067540000,1053.3331,2.89
1787067600000,1053.3331,2.89
1787067660000,1053.3331,2.89
1787067720000,1053.3331,2.89
1787067780000,1053.3331,2.89
1787067840000,1053.3331,2.89
1787067900000,1053.3331,2.89
1787067960000,1053.3331,2.89
1787068020000,1053.3331,2.89
1787068080000,1053.3331,2.89
1787068140000,1053.3331,2.89
1787068200000,1053.3331,2.89
1787068260000,1053.3331,2.89
1787068320000,1053.3331,2.89
1787068380000,1053.3331,2.89
1787068440000,1053.3331,2.89
1787068500000,1053.3331,2.89
1787068560000,1053.3331,2.89
1787068620000,1053.3331,2.89
1787068680000,1053.3331,2.89
1787068740000,1053.3331,2.89
1787068800000,1053.3331,2.89
1787068860000,1053.3331,2.89
1787068920000,1053.3331,2.89
1787068980000,1053.3331,2.89
1787069040000,1053.3331,2.89
1787069100000,1053.3331,2.89
1787069160000,1053.3331,2.89
1787069220000,1053.3331,2.89
1787069280000,1053.3331,2.89
1787069340000,1053.3331,2.89
1787069400000,1053.3331,2.89
1787069460000,1053.3331,2.89
1787069520000,1053.3331,2.89
1787069580000,1053.3331,2.89
1787069640000,1053.3331,2.89
1787069700000,1053.3331,2.89
1787069760000,1053.3331,2.89
1787069820000,1053.3331,2.89
1787069880000,1053.3331,2.89
1787069940000,1053.3331,2.89
1787070000000,1053.3331,2.89
1787070060000,1053.3331,2.89
1787070120000,1053.3331,2.89
1787070180000,1053.3331,2.89
1787070240000,1053.3331,2.89
1787070300000,1053.3331,2.89
1787070360000,1053.3331,2.89
1787070420000,1053.3331,2.89
1787070480000,1053.3331,2.89
1787070540000,1053.3331,2.89
1787070600000,1053.3331,2.89
1787070660000,1053.3331,2.89
1787070720000,1053.3331,2.89
1787070780000,1053.3331,2.89
1787070840000,1053.3331,2.89
1787070900000,1053.3331,2.89
1787070960000,1053.3331,2.89
1787071020000,1053.3331,2.89
1787071080000,1053.3331,2.89
1787071140000,1053.3331,2.89
1787071200000,1053.3331,2.89
1787071260000,1053.3331,2.89
1787071320000,1053.3331,2.89
1787071380000,1053.3331,2.89
1787071440000,1053.3331,2.89
1787071500000,1053.3331,2.89
1787071560000,1053.3331,2.89
1787071620000,1053.3331,2.89
1787071680000,1053.3331,2.89
1787071740000,1053.3331,2.89
1787071800000,1053.3331,2.89
1787071860000,1053.3331,2.89
1787071920000,1053.3331,2.89
1787071980000,1053.3331,2.89
1787072040000,1053.3331,2.89
1787072100000,1053.3331,2.89
1787072160000,1053.3331,2.89
1787072220000,1053.3331,2.89
1787072280000,1053.3331,2.89
1787072340000,1053.3331,2.89
1787072400000,1053.3331,2.89
1787072460000,1053.3331,2.89
1787072520000,1053.3331,2.89
1787072580000,1053.3331,2.89
1787072640000,1053.3331,2.89
1787072700000,1053.3331,2.89
1787072760000,1053.3331,2.89
1787072820000,1053.3331,2.89
1787072880000,1053.3331,2.89
1787072940000,1053.3331,2.89
1787073000000,1053.3331,2.89
1787073060000,1053.3331,2.89
1787073120000,1053.3331,2.89
1787073180000,1053.3331,2.89
1787073240000,1053.3331,2.89
1787073300000,1053.3331,2.89
1787073360000,1053.3331,2.89
1787073420000,1053.3331,2.89
1787073480000,1053.3331,2.89
1787073540000,1053.3331,2.89
1787073600000,1053.3331,2.89
1787073660000,1053.3331,2.89
1787073720000,1053.3331,2.89
1787073780000,1053.3331,2.89
1787073840000,1053.3331,2.89
1787073900000,1053.3331,2.89
1787073960000,1053.3331,2.89
1787074020000,1053.3331,2.89
1787074080000,1053.3331,2.89
1787074140000,1053.3331,2.89
1787074200000,1053.3331,2.89
1787074260000,1053.3331,2.89
1787074320000,1053.3331,2.89
1787074380000,1053.3331,2.89
1787074440000,1053.3331,2.89
1787074500000,1053.3331,2.89
1787074560000,1053.3331,2.89
1787074620000,1053.3331,2.89
1787074680000,1053.3331,2.89
1787074740000,1053.3331,2.89
1787074800000,1053.3331,2.89
1787074860000,1053.3331,2.89
1787074920000,1053.3331,2.89
1787074980000,1053.3331,2.89
1787075040000,1053.3331,2.89
1787075100000,1053.3331,2.89
1787075160000,1053.3331,2.89
1787075220000,1053.3331,2.89
1787075280000,1053.3331,2.89
1787075340000,1053.3331,2.89
1787075400000,1053.3331,2.89
1787075460000,1053.3331,2.89
1787075520000,1053.3331,2.89
1787075580000,1053.3331,2.89
1787075640000,1053.3331,2.89
1787075700000,1053.3331,2.89
1787075760000,1053.3331,2.89
1787075820000,1053.3331,2.89
1787075880000,1053.3331,2.89
1787075940000,1053.3331,2.89
1787076000000,1053.3331,2.89
1787076060000,1053.3331,2.89
1787076120000,1053.3331,2.89
1787076180000,1053.3331,2.89
1787076240000,1053.3331,2.89
1787076300000,1053.3331,2.89
1787076360000,1053.3331,2.89
1787076420000,1053.3331,2.89
1787076480000,1053.3331,2.89
1787076540000,1053.3331,2.89
1787076600000,1053.3331,2.89
1787076660000,1053.3331,2.89
1787076720000,1053.3331,2.89
1787076780000,1053.3331,2.89
1787076840000,1053.3331,2.89
1787076900000,1053.3331,2.89
1787076960000,1053.3331,2.89
1787077020000,1053.3331,2.89
1787077080000,1053.3331,2.89
1787077140000,1053.3331,2.89
1787077200000,1053.3331,2.89
1787077260000,1053.3331,2.89
1787077320000,1053.3331,2.89
1787077380000,1053.3331,2.89
1787077440000,1053.3331,2.89
1787077500000,1053.3331,2.89
1787077560000,1053.3331,2.89
1787077620000,1053.3331,2.89
1787077680000,1053.3331,2.89
1787077740000,1053.3331,2.89
1787077800000,1053.3331,2.89
1787077860000,1053.3331,2.89
1787077920000,1053.3331,2.89
1787077980000,1053.3331,2.89
1787078040000,1053.3331,2.89
1787078100000,1053.3331,2.89
1787078160000,1053.3331,2.89
1787078220000,1053.3331,2.89
1787078280000,1053.3331,2.89
1787078340000,1053.3331,2.89
1787078400000,1053.3331,2.89
1787078460000,1053.3331,2.89
1787078520000,1053.3331,2.89
1787078580000,1053.3331,2.89
1787078640000,1053.3331,2.89
1787078700000,1053.3331,2.89
1787078760000,1053.3331,2.89
1787078820000,1053.3331,2.89
1787078880000,1053.3331,2.89
1787078940000,1053.3331,2.89
1787079000000,1053.3331,2.89
1787079060000,1053.3331,2.89
1787079120000,1053.3331,2.89
1787079180000,1053.3331,2.89
1787079240000,1053.3331,2.89
1787079300000,1053.3331,2.89
1787079360000,1053.3331,2.89
1787079420000,1053.3331,2.89
1787079480000,1053.3331,2.89
1787079540000,1053.3331,2.89
1787079600000,1053.3331,2.89
1787079660000,1053.3331,2.89
1787079720000,1053.3331,2.89
1787079780000,1053.3331,2.89
1787079840000,1053.3331,2.89
1787079900000,1053.3331,2.89
1787079960000,1053.3331,2.89
1787080020000,1053.3331,2.89
1787080080000,1053.3331,2.89
1787080140000,1053.3331,2.89
1787080200000,1053.3331,2.89
1787080260000,1053.3331,2.89
1787080320000,1053.3331,2.89
1787080380000,1053.3331,2.89
1787080440000,1053.3331,2.89
1787080500000,1053.3331,2.89
1787080560000,1053.3331,2.89
1787080620000,1053.3331,2.89
1787080680000,1053.3331,2.89
1787080740000,1053.3331,2.89
1787080800000,1053.3331,2.89
1787080860000,1053.3331,2.89
1787080920000,1053.3331,2.89
1787080980000,1053.3331,2.89
1787081040000,1053.3331,2.89
1787081100000,1053.3331,2.89
1787081160000,1053.3331,2.89
1787081220000,1053.3331,2.89
1787081280000,1053.3331,2.89
1787081340000,1053.3331,2.89
1787081400000,1053.3331,2.89
1787081460000,1053.3331,2.89
1787081520000,1053.3331,2.89
1787081580000,1053.3331,2.89
1787081640000,1053.3331,2.89
1787081700000,1053.3331,2.89
1787081760000,1053.3331,2.89
1787081820000,1053.3331,2.89
1787081880000,1053.3331,2.89
1787081940000,1053.3331,2.89
1787082000000,1053.3331,2.89
1787082060000,1053.3331,2.89
1787082120000,1053.3331,2.89
1787082180000,1053.3331,2.89
1787082240000,1053.3331,2.89
1787082300000,1053.3331,2.89
1787082360000,1053.3331,2.89
1787082420000,1053.3331,2.89
1787082480000,1053.3331,2.89
1787082540000,1053.3331,2.89
1787082600000,1053.3331,2.89
1787082660000,1053.3331,2.89
1787082720000,1053.3331,2.89
1787082780000,1053.3331,2.89
1787082840000,1053.3331,2.89
1787082900000,1053.3331,2.89
1787082960000,1053.3331,2.89
1787083020000,1053.3331,2.89
1787083080000,1053.3331,2.89
1787083140000,1053.3331,2.89
1787083200000,1053.3331,2.89
1787083260000,1053.3331,2.89
1787083320000,1053.3331,2.89
1787083380000,1053.3331,2.89
1787083440000,1053.3331,2.89
1787083500000,1053.3331,2.89
1787083560000,1053.3331,2.89
1787083620000,1053.3331,2.89
1787083680000,1053.3331,2.89
1787083740000,1053.3331,2.89
1787083800000,1053.3331,2.89
1787083860000,1053.3331,2.89
1787083920000,1053.3331,2.89
1787083980000,1053.3331,2.89
1787084040000,1053.3331,2.89
1787084100000,1053.3331,2.89
1787084160000,1053.3331,2.89
1787084220000,1053.3331,2.89
1787084280000,1053.3331,2.89
1787084340000,1053.3331,2.89
1787084400000,1053.3331,2.89
1787084460000,1053.3331,2.89
1787084520000,1053.3331,2.89
1787084580000,1053.3331,2.89
1787084640000,1053.3331,2.89
1787084700000,1053.3331,2.89
1787084760000,1053.3331,2.89
1787084820000,1053.3331,2.89
1787084880000,1053.3331,2.89
1787084940000,1053.3331,2.89
1787085000000,1053.3331,2.89
1787085060000,1053.3331,2.89
1787085120000,1053.3331,2.89
1787085180000,1053.3331,2.89
1787085240000,1053.3331,2.89
1787085300000,1053.3331,2.89
1787085360000,1053.3331,2.89
1787085420000,1053.3331,2.89
1787085480000,1053.3331,2.89
1787085540000,1053.3331,2.89
1787085600000,1053.3331,2.89
1787085660000,1053.3331,2.89
1787085720000,1053.3331,2.89
1787085780000,1053.3331,2.89
1787085840000,1053.3331,2.89
1787085900000,1053.3331,2.89
1787085960000,1053.3331,2.89
1787086020000,1053.3331,2.89
1787086080000,1053.3331,2.89
1787086140000,1053.3331,2.89
1787086200000,1053.3331,2.89
1787086260000,1053.3331,2.89
1787086320000,1053.3331,2.89
1787086380000,1053.3331,2.89
1787086440000,1053.3331,2.89
1787086500000,1053.3331,2.89
1787086560000,1053.3331,2.89
1787086620000,1053.3331,2.89
1787086680000,1053.3331,2.89
1787086740000,1053.3331,2.89
1787086800000,1053.3331,2.89
1787086860000,1053.3331,2.89
1787086920000,1053.3331,2.89
1787086980000,1053.3331,2.89
1787087040000,1053.3331,2.89
1787087100000,1053.3331,2.89
1787087160000,1053.3331,2.89
1787087220000,1053.3331,2.89
1787087280000,1053.3331,2.89
1787087340000,1053.3331,2.89
1787087400000,1053.3331,2.89
1787087460000,1053.3331,2.89
1787087520000,1053.3331,2.89
1787087580000,1053.3331,2.89
1787087640000,1053.3331,2.89
1787087700000,1053.3331,2.89
1787087760000,1053.3331,2.89
1787087820000,1053.3331,2.89
1787087880000,1053.3331,2.89
1787087940000,1053.3331,2.89
1787088000000,1053.3331,2.89
1787088060000,1053.3331,2.89
1787088120000,1053.3331,2.89
1787088180000,1053.3331,2.89
1787088240000,1053.3331,2.89
1787088300000,1053.3331,2.89
1787088360000,1053.3331,2.89
1787088420000,1053.3331,2.89
1787088480000,1053.3331,2.89
1787088540000,1053.3331,2.89
1787088600000,1053.3331,2.89
1787088660000,1053.3331,2.89
1787088720000,1053.3331,2.89
1787088780000,1053.3331,2.89
1787088840000,1053.3331,2.89
1787088900000,1053.3331,2.89
1787088960000,1053.3331,2.89
1787089020000,1053.3331,2.89
1787089080000,1053.3331,2.89
1787089140000,1053.3331,2.89
1787089200000,1053.3331,2.89
1787089260000,1053.3331,2.89
1787089320000,1053.3331,2.89
1787089380000,1053.3331,2.89
1787089440000,1053.3331,2.89
1787089500000,1053.3331,2.89
1787089560000,1053.3331,2.89
1787089620000,1053.3331,2.89
1787089680000,1053.3331,2.89
1787089740000,1053.3331,2.89
1787089800000,1053.3331,2.89
1787089860000,1053.3331,2.89
1787089920000,1053.3331,2.89
1787089980000,1053.3331,2.89
1787090040000,1053.3331,2.89
1787090100000,1053.3331,2.89
1787090160000,1053.3331,2.89
1787090220000,1053.3331,2.89
1787090280000,1053.3331,2.89
1787090340000,1053.3331,2.89
1787090400000,1053.3331,2.89
1787090460000,1053.3331,2.89
1787090520000,1053.3331,2.89
1787090580000,1053.3331,2.89
1787090640000,1053.3331,2.89
1787090700000,1053.3331,2.89
1787090760000,1053.3331,2.89
1787090820000,1053.3331,2.89
1787090880000,1053.3331,2.89
1787090940000,1053.3331,2.89
1787091000000,1053.3331,2.89
1787091060000,1053.3331,2.89
1787091120000,1053.3331,2.89
1787091180000,1053.3331,2.89
1787091240000,1053.3331,2.89
1787091300000,1053.3331,2.89
1787091360000,1053.3331,2.89
1787091420000,1053.3331,2.89
1787091480000,1053.3331,2.89
1787091540000,1053.3331,2.89
1787091600000,1053.3331,2.89
1787091660000,1053.3331,2.89
1787091720000,1053.3331,2.89
1787091780000,1053.3331,2.89
1787091840000,1053.3331,2.89
1787091900000,1053.3331,2.89
1787091960000,1053.3331,2.89
1787092020000,1053.3331,2.89
1787092080000,1053.3331,2.89
1787092140000,1053.3331,2.89
1787092200000,1053.3331,2.89
1787092260000,1053.3331,2.89
1787092320000,1053.3331,2.89
1787092380000,1053.3331,2.89
1787092440000,1053.3331,2.89
1787092500000,1053.3331,2.89
1787092560000,1053.3331,2.89
1787092620000,1053.3331,2.89
1787092680000,1053.3331,2.89
1787092740000,1053.3331,2.89
1787092800000,1053.3331,2.89
1787092860000,1053.3331,2.89
1787092920000,1053.3331,2.89
1787092980000,1053.3331,2.89
1787093040000,1053.3331,2.89
1787093100000,1053.3331,2.89
1787093160000,1053.3331,2.89
1787093220000,1053.3331,2.89
1787093280000,1053.3331,2.89
1787093340000,1053.3331,2.89
1787093400000,1053.3331,2.89
1787093460000,1053.3331,2.89
1787093520000,1053.3331,2.89
1787093580000,1053.3331,2.89
1787093640000,1053.3331,2.89
1787093700000,1053.3331,2.89
1787093760000,1053.3331,2.89
1787093820000,1053.3331,2.89
1787093880000,1053.3331,2.89
1787093940000,1053.3331,2.89
1787094000000,1053.3331,2.89
1787094060000,1053.3331,2.89
1787094120000,1053.3331,2.89
1787094180000,1053.3331,2.89
1787094240000,1053.3331,2.89
1787094300000,1053.3331,2.89
1787094360000,1053.3331,2.89
1787094420000,1053.3331,2.89
1787094480000,1053.3331,2.89
1787094540000,1053.3331,2.89
1787094600000,1053.3331,2.89
1787094660000,1053.3331,2.89
1787094720000,1053.3331,2.89
1787094780000,1053.3331,2.89
1787094840000,1053.3331,2.89
1787094900000,1053.3331,2.89
1787094960000,1053.3331,2.89
1787095020000,1053.3331,2.89
1787095080000,1053.3331,2.89
1787095140000,1053.3331,2.89
1787095200000,1053.3331,2.89
1787095260000,1053.3331,2.89
1787095320000,1053.3331,2.89
1787095380000,1053.3331,2.89
1787095440000,1053.3331,2.89
1787095500000,1053.3331,2.89
1787095560000,1053.3331,2.89
1787095620000,1053.3331,2.89
1787095680000,1053.3331,2.89
1787095740000,1053.3331,2.89
1787095800000,1053.3331,2.89
1787095860000,1053.3331,2.89
1787095920000,1053.3331,2.89
1787095980000,1053.3331,2.89
1787096040000,1053.3331,2.89
1787096100000,1053.3331,2.89
1787096160000,1053.3331,2.89
1787096220000,1053.3331,2.89
1787096280000,1053.3331,2.89
1787096340000,1053.3331,2.89
1787096400000,1053.3331,2.89
1787096460000,1053.3331,2.89
1787096520000,1053.3331,2.89
1787096580000,1053.3331,2.89
1787096640000,1053.3331,2.89
1787096700000,1053.3331,2.89
1787096760000,1053.3331,2.89
1787096820000,1053.3331,2.89
1787096880000,1053.3331,2.89
1787096940000,1053.3331,2.89
1787097000000,1053.3331,2.89
1787097060000,1053.3331,2.89
1787097120000,1053.3331,2.89
1787097180000,1053.3331,2.89
1787097240000,1053.3331,2.89
1787097300000,1053.3331,2.89
1787097360000,1053.3331,2.89
1787097420000,1053.3331,2.89
1787097480000,1053.3331,2.89
1787097540000,1053.3331,2.89
1787097600000,1053.3331,2.89
1787097660000,1053.3331,2.89
1787097720000,1053.3331,2.89
1787097780000,1053.3331,2.89
1787097840000,1053.3331,2.89
1787097900000,1053.3331,2.89
1787097960000,1053.3331,2.89
1787098020000,1053.3331,2.89
1787098080000,1053.3331,2.89
1787098140000,1053.3331,2.89
1787098200000,1053.3331,2.89
1787098260000,1053.3331,2.89
1787098320000,1053.3331,2.89
1787098380000,1053.3331,2.89
1787098440000,1053.3331,2.89
1787098500000,1053.3331,2.89
1787098560000,1053.3331,2.89
1787098620000,1053.3331,2.89
1787098680000,1053.3331,2.89
1787098740000,1053.3331,2.89
1787098800000,1053.3331,2.89
1787098860000,1053.3331,2.89
1787098920000,1053.3331,2.89
1787098980000,1053.3331,2.89
1787099040000,1053.3331,2.89
1787099100000,1053.3331,2.89
1787099160000,1053.3331,2.89
1787099220000,1053.3331,2.89
1787099280000,1053.3331,2.89
1787099340000,1053.3331,2.89
1787099400000,1053.3331,2.89
1787099460000,1053.3331,2.89
1787099520000,1053.3331,2.89
1787099580000,1053.3331,2.89
1787099640000,1053.3331,2.89
1787099700000,1053.3331,2.89
1787099760000,1053.3331,2.89
1787099820000,1053.3331,2.89
1787099880000,1053.3331,2.89
1787099940000,1053.3331,2.89
1787100000000,1053.3331,2.89
1787100060000,1053.3331,2.89
1787100120000,1053.3331,2.89
1787100180000,1053.3331,2.89
1787100240000,1053.3331,2.89
1787100300000,1053.3331,2.89
1787100360000,1053.3331,2.89
1787100420000,1053.3331,2.89
1787100480000,1053.3331,2.89
1787100540000,1053.3331,2.89
1787100600000,1053.3331,2.89
1787100660000,1053.3331,2.89
1787100720000,1053.3331,2.89
1787100780000,1053.3331,2.89
1787100840000,1053.3331,2.89
1787100900000,1053.3331,2.89
1787100960000,1053.3331,2.89
1787101020000,1053.3331,2.89
1787101080000,1053.3331,2.89
1787101140000,1053.3331,2.89
1787101200000,1053.3331,2.89
1787101260000,1053.3331,2.89
1787101320000,1053.3331,2.89
1787101380000,1053.3331,2.89
1787101440000,1053.3331,2.89
1787101500000,1053.3331,2.89
1787101560000,1053.3331,2.89
1787101620000,1053.3331,2.89
1787101680000,1053.3331,2.89
1787101740000,1053.3331,2.89
1787101800000,1053.3331,2.89
1787101860000,1053.3331,2.89
1787101920000,1053.3331,2.89
1787101980000,1053.3331,2.89
1787102040000,1053.3331,2.89
1787102100000,1053.3331,2.89
1787102160000,1053.3331,2.89
1787102220000,1053.3331,2.89
1787102280000,1053.3331,2.89
1787102340000,1053.3331,2.89
1787102400000,1053.3331,2.89
1787102460000,1053.3331,2.89
1787102520000,1053.3331,2.89
1787102580000,1053.3331,2.89
1787102640000,1053.3331,2.89
1787102700000,1053.3331,2.89
1787102760000,1053.3331,2.89
1787102820000,1053.3331,2.89
1787102880000,1053.3331,2.89
1787102940000,1053.3331,2.89
1787103000000,1053.3331,2.89
1787103060000,1053.3331,2.89
1787103120000,1053.3331,2.89
1787103180000,1053.3331,2.89
1787103240000,1053.3331,2.89
1787103300000,1053.3331,2.89
1787103360000,1053.3331,2.89
1787103420000,1053.3331,2.89
1787103480000,1053.3331,2.89
1787103540000,1053.3331,2.89
1787103600000,1053.3331,2.89
1787103660000,1053.3331,2.89
1787103720000,1053.3331,2.89
1787103780000,1053.3331,2.89
1787103840000,1053.3331,2.89
1787103900000,1053.3331,2.89
1787103960000,1053.3331,2.89
1787104020000,1053.3331,2.89
1787104080000,1053.3331,2.89
1787104140000,1053.3331,2.89
1787104200000,1053.3331,2.89
1787104260000,1053.3331,2.89
1787104320000,1053.3331,2.89
1787104380000,1053.3331,2.89
1787104440000,1053.3331,2.89
1787104500000,1053.3331,2.89
1787104560000,1053.3331,2.89
1787104620000,1053.3331,2.89
1787104680000,1053.3331,2.89
1787104740000,1053.3331,2.89
1787104800000,1053.3331,2.89
1787104860000,1053.3331,2.89
1787104920000,1053.3331,2.89
1787104980000,1053.3331,2.89
1787105040000,1053.3331,2.89
1787105100000,1053.3331,2.89
1787105160000,1053.3331,2.89
1787105220000,1053.3331,2.89
1787105280000,1053.3331,2.89
1787105340000,1053.3331,2.89
1787105400000,1053.3331,2.89
1787105460000,1053.3331,2.89
1787105520000,1053.3331,2.89
1787105580000,1053.3331,2.89
1787105640000,1053.3331,2.89
1787105700000,1053.3331,2.89
1787105760000,1053.3331,2.89
1787105820000,1053.3331,2.89
1787105880000,1053.3331,2.89
1787105940000,1053.3331,2.89
1787106000000,1053.3331,2.89
1787106060000,1053.3331,2.89
1787106120000,1053.3331,2.89
1787106180000,1053.3331,2.89
1787106240000,1053.3331,2.89
1787106300000,1053.3331,2.89
1787106360000,1053.3331,2.89
1787106420000,1053.3331,2.89
1787106480000,1053.3331,2.89
1787106540000,1053.3331,2.89
1787106600000,1053.3331,2.89
1787106660000,1053.3331,2.89
1787106720000,1053.3331,2.89
1787106780000,1053.3331,2.89
1787106840000,1053.3331,2.89
1787106900000,1053.3331,2.89
1787106960000,1053.3331,2.89
1787107020000,1053.3331,2.89
1787107080000,1053.3331,2.89
1787107140000,1053.3331,2.89
1787107200000,1053.3331,2.89
1787107260000,1053.3331,2.89
1787107320000,1053.3331,2.89
1787107380000,1053.3331,2.89
1787107440000,1053.3331,2.89
1787107500000,1053.3331,2.89
1787107560000,1053.3331,2.89
1787107620000,1053.3331,2.89
1787107680000,1053.3331,2.89
1787107740000,1053.3331,2.89
1787107800000,1053.3331,2.89
1787107860000,1053.3331,2.89
1787107920000,1053.3331,2.89
1787107980000,1053.3331,2.89
1787108040000,1053.3331,2.89
1787108100000,1053.3331,2.89
1787108160000,1053.3331,2.89
1787108220000,1053.3331,2.89
1787108280000,1053.3331,2.89
1787108340000,1053.3331,2.89
1787108400000,1053.3331,2.89
1787108460000,1053.3331,2.89
1787108520000,1053.3331,2.89
1787108580000,1053.3331,2.89
1787108640000,1053.3331,2.89
1787108700000,1053.3331,2.89
1787108760000,1053.3331,2.89
1787108820000,1053.3331,2.89
1787108880000,1053.3331,2.89
1787108940000,1053.3331,2.89
1787109000000,1053.3331,2.89
1787109060000,1053.3331,2.89
1787109120000,1053.3331,2.89
1787109180000,1053.3331,2.89
1787109240000,1053.3331,2.89
1787109300000,1053.3331,2.89
1787109360000,1053.3331,2.89
1787109420000,1053.3331,2.89
1787109480000,1053.3331,2.89
1787109540000,1053.3331,2.89
1787109600000,1053.3331,2.89
1787109660000,1053.3331,2.89
1787109720000,1053.3331,2.89
1787109780000,1053.3331,2.89
1787109840000,1053.3331,2.89
1787109900000,1053.3331,2.89
1787109960000,1053.3331,2.89
1787110020000,1053.3331,2.89
1787110080000,1053.3331,2.89
1787110140000,1053.3331,2.89
1787110200000,1053.3331,2.89
1787110260000,1053.3331,2.89
1787110320000,1053.3331,2.89
1787110380000,1053.3331,2.89
1787110440000,1053.3331,2.89
1787110500000,1053.3331,2.89
1787110560000,1053.3331,2.89
1787110620000,1053.3331,2.89
1787110680000,1053.3331,2.89
1787110740000,1053.3331,2.89
1787110800000,1053.3331,2.89
1787110860000,1053.3331,2.89
1787110920000,1053.3331,2.89
1787110980000,1053.3331,2.89
1787111040000,1053.3331,2.89
1787111100000,1053.3331,2.89
1787111160000,1053.3331,2.89
1787111220000,1053.3331,2.89
1787111280000,1053.3331,2.89
1787111340000,1053.3331,2.89
1787111400000,1053.3331,2.89
1787111460000,1053.3331,2.89
1787111520000,1053.3331,2.89
1787111580000,1053.3331,2.89
1787111640000,1053.3331,2.89
1787111700000,1053.3331,2.89
1787111760000,1053.3331,2.89
1787111820000,1053.3331,2.89
1787111880000,1053.3331,2.89
1787111940000,1053.3331,2.89
1787112000000,1053.3331,2.89
1787112060000,1053.3331,2.89
1787112120000,1053.3331,2.89
1787112180000,1053.3331,2.89
1787112240000,1053.3331,2.89
1787112300000,1053.3331,2.89
1787112360000,1053.3331,2.89
1787112420000,1053.3331,2.89
1787112480000,1053.3331,2.89
1787112540000,1053.3331,2.89
1787112600000,1053.3331,2.89
1787112660000,1053.3331,2.89
1787112720000,1053.3331,2.89
1787112780000,1053.3331,2.89
1787112840000,1053.3331,2.89
1787112900000,1053.3331,2.89
1787112960000,1053.3331,2.89
1787113020000,1053.3331,2.89
1787113080000,1053.3331,2.89
1787113140000,1053.3331,2.89
1787113200000,1053.3331,2.89
1787113260000,1053.3331,2.89
1787113320000,1053.3331,2.89
1787113380000,1053.3331,2.89
1787113440000,1053.3331,2.89
1787113500000,1053.3331,2.89
1787113560000,1053.3331,2.89
1787113620000,1053.3331,2.89
1787113680000,1053.3331,2.89
1787113740000,1053.3331,2.89
1787113800000,1053.3331,2.89
1787113860000,1053.3331,2.89
1787113920000,1053.3331,2.89
1787113980000,1053.3331,2.89
1787114040000,1053.3331,2.89
1787114100000,1053.3331,2.89
1787114160000,1053.3331,2.89
1787114220000,1053.3331,2.89
1787114280000,1053.3331,2.89
1787114340000,1053.3331,2.89
1787114400000,1053.3331,2.89
1787114460000,1053.3331,2.89
1787114520000,1053.3331,2.89
1787114580000,1053.3331,2.89
1787114640000,1053.3331,2.89
1787114700000,1053.3331,2.89
1787114760000,1053.3331,2.89
1787114820000,1053.3331,2.89
1787114880000,1053.3331,2.89
1787114940000,1053.3331,2.89
1787115000000,1053.3331,2.89
1787115060000,1053.3331,2.89
1787115120000,1053.3331,2.89
1787115180000,1053.3331,2.89
1787115240000,1053.3331,2.89
1787115300000,1053.3331,2.89
1787115360000,1053.3331,2.89
1787115420000,1053.3331,2.89
1787115480000,1053.3331,2.89
1787115540000,1053.3331,2.89
1787115600000,1053.3331,2.89
1787115660000,1053.3331,2.89
1787115720000,1053.3331,2.89
1787115780000,1053.3331,2.89
1787115840000,1053.3331,2.89
1787115900000,1053.3331,2.89
1787115960000,1053.3331,2.89
1787116020000,1053.3331,2.89
1787116080000,1053.3331,2.89
1787116140000,1053.3331,2.89
1787116200000,1053.3331,2.89
1787116260000,1053.3331,2.89
1787116320000,1053.3331,2.89
1787116380000,1053.3331,2.89
1787116440000,1053.3331,2.89
1787116500000,1053.3331,2.89
1787116560000,1053.3331,2.89
1787116620000,1053.3331,2.89
1787116680000,1053.3331,2.89
1787116740000,1053.3331,2.89
1787116800000,1053.3331,2.89
1787116860000,1053.3331,2.89
1787116920000,1053.3331,2.89
1787116980000,1053.3331,2.89
1787117040000,1053.3331,2.89
1787117100000,1053.3331,2.89
1787117160000,1053.3331,2.89
1787117220000,1053.3331,2.89
1787117280000,1053.3331,2.89
1787117340000,1053.3331,2.89
1787117400000,1053.3331,2.89
1787117460000,1053.3331,2.89
1787117520000,1053.3331,2.89
1787117580000,1053.3331,2.89
1787117640000,1053.3331,2.89
1787117700000,1053.3331,2.89
1787117760000,1053.3331,2.89
1787117820000,1053.3331,2.89
1787117880000,1053.3331,2.89
1787117940000,1053.3331,2.89
1787118000000,1053.3331,2.89
1787118060000,1053.3331,2.89
1787118120000,1053.3331,2.89
1787118180000,1053.3331,2.89
1787118240000,1053.3331,2.89
1787118300000,1053.3331,2.89
1787118360000,1053.3331,2.89
1787118420000,1053.3331,2.89
1787118480000,1053.3331,2.89
1787118540000,1053.3331,2.89
1787118600000,1053.3331,2.89
1787118660000,1053.3331,2.89
1787118720000,1053.3331,2.89
1787118780000,1053.3331,2.89
1787118840000,1053.3331,2.89
1787118900000,1053.3331,2.89
1787118960000,1053.3331,2.89
1787119020000,1053.3331,2.89
1787119080000,1053.3331,2.89
1787119140000,1053.3331,2.89
1787119200000,1053.3331,2.89
1787119260000,1053.3331,2.89
1787119320000,1053.3331,2.89
1787119380000,1053.3331,2.89
1787119440000,1053.3331,2.89
1787119500000,1053.3331,2.89
1787119560000,1053.3331,2.89
1787119620000,1053.3331,2.89
1787119680000,1053.3331,2.89
1787119740000,1053.3331,2.89
1787119800000,1053.3331,2.89
1787119860000,1053.3331,2.89
1787119920000,1053.3331,2.89
1787119980000,1053.3331,2.89
1787120040000,1053.3331,2.89
1787120100000,1053.3331,2.89
1787120160000,1053.3331,2.89
1787120220000,1053.3331,2.89
1787120280000,1053.3331,2.89
1787120340000,1053.3331,2.89
1787120400000,1053.3331,2.89
1787120460000,1053.3331,2.89
1787120520000,1053.3331,2.89
1787120580000,1053.3331,2.89
1787120640000,1053.3331,2.89
1787120700000,1053.3331,2.89
1787120760000,1053.3331,2.89
1787120820000,1053.3331,2.89
1787120880000,1053.3331,2.89
1787120940000,1053.3331,2.89
1787121000000,1053.3331,2.89
1787121060000,1053.3331,2.89
1787121120000,1053.3331,2.89
1787121180000,1053.3331,2.89
1787121240000,1053.3331,2.89
1787121300000,1053.3331,2.89
1787121360000,1053.3331,2.89
1787121420000,1053.3331,2.89
1787121480000,1053.3331,2.89
1787121540000,1053.3331,2.89
1787121600000,1053.3331,2.89
1787121660000,1053.3331,2.89
1787121720000,1053.3331,2.89
1787121780000,1053.3331,2.89
1787121840000,1053.3331,2.89
1787121900000,1053.3331,2.89
1787121960000,1053.3331,2.89
1787122020000,1053.3331,2.89
1787122080000,1053.3331,2.89
1787122140000,1053.3331,2.89
1787122200000,1053.3331,2.89
1787122260000,1053.3331,2.89
1787122320000,1053.3331,2.89
1787122380000,1053.3331,2.89
1787122440000,1053.3331,2.89
1787122500000,1053.3331,2.89
1787122560000,1053.3331,2.89
1787122620000,1053.3331,2.89
1787122680000,1053.3331,2.89
1787122740000,1053.3331,2.89
1787122800000,1053.3331,2.89
1787122860000,1053.3331,2.89
1787122920000,1053.3331,2.89
1787122980000,1053.3331,2.89
1787123040000,1053.3331,2.89
1787123100000,1053.3331,2.89
1787123160000,1053.3331,2.89
1787123220000,1053.3331,2.89
1787123280000,1053.3331,2.89
1787123340000,1053.3331,2.89
1787123400000,1053.3331,2.89
1787123460000,1053.3331,2.89
1787123520000,1053.3331,2.89
1787123580000,1053.3331,2.89
1787123640000,1053.3331,2.89
1787123700000,1053.3331,2.89
1787123760000,1053.3331,2.89
1787123820000,1053.3331,2.89
1787123880000,1053.3331,2.89
1787123940000,1053.3331,2.89
1787124000000,1053.3331,2.89
1787124060000,1053.3331,2.89
1787124120000,1053.3331,2.89
1787124180000,1053.3331,2.89
1787124240000,1053.3331,2.89
1787124300000,1053.3331,2.89
1787124360000,1053.3331,2.89
1787124420000,1053.3331,2.89
1787124480000,1053.3331,2.89
1787124540000,1053.3331,2.89
1787124600000,1053.3331,2.89
1787124660000,1053.3331,2.89
1787124720000,1053.3331,2.89
1787124780000,1053.3331,2.89
1787124840000,1053.3331,2.89
1787124900000,1053.3331,2.89
1787124960000,1053.3331,2.89
1787125020000,1053.3331,2.89
1787125080000,1053.3331,2.89
1787125140000,1053.3331,2.89
1787125200000,1053.3331,2.89
1787125260000,1053.3331,2.89
1787125320000,1053.3331,2.89
1787125380000,1053.3331,2.89
1787125440000,1053.3331,2.89
1787125500000,1053.3331,2.89
1787125560000,1053.3331,2.89
1787125620000,1053.3331,2.89
1787125680000,1053.3331,2.89
1787125740000,1053.3331,2.89
1787125800000,1053.3331,2.89
1787125860000,1053.3331,2.89
1787125920000,1053.3331,2.89
1787125980000,1053.3331,2.89
1787126040000,1053.3331,2.89
1787126100000,1053.3331,2.89
1787126160000,1053.3331,2.89
1787126220000,1053.3331,2.89
1787126280000,1053.3331,2.89
1787126340000,1053.3331,2.89
1787126400000,1053.3331,2.89
1787126460000,1053.3331,2.89
1787126520000,1053.3331,2.89
1787126580000,1053.3331,2.89
1787126640000,1053.3331,2.89
1787126700000,1053.3331,2.89
1787126760000,1053.3331,2.89
1787126820000,1053.3331,2.89
1787126880000,1053.3331,2.89
1787126940000,1053.3331,2.89
1787127000000,1053.3331,2.89
1787127060000,1053.3331,2.89
1787127120000,1053.3331,2.89
1787127180000,1053.3331,2.89
1787127240000,1053.3331,2.89
1787127300000,1053.3331,2.89
1787127360000,1053.3331,2.89
1787127420000,1053.3331,2.89
1787127480000,1053.3331,2.89
1787127540000,1053.3331,2.89
1787127600000,1053.3331,2.89
1787127660000,1053.3331,2.89
1787127720000,1053.3331,2.89
1787127780000,1053.3331,2.89
1787127840000,1053.3331,2.89
1787127900000,1053.3331,2.89
1787127960000,1053.3331,2.89
1787128020000,1053.3331,2.89
1787128080000,1053.3331,2.89
1787128140000,1053.3331,2.89
1787128200000,1053.3331,2.89
1787128260000,1053.3331,2.89
1787128320000,1053.3331,2.89
1787128380000,1053.3331,2.89
1787128440000,1053.3331,2.89
1787128500000,1053.3331,2.89
1787128560000,1053.3331,2.89
1787128620000,1053.3331,2.89
1787128680000,1053.3331,2.89
1787128740000,1053.3331,2.89
1787128800000,1053.3331,2.89
1787128860000,1053.3331,2.89
1787128920000,1053.3331,2.89
1787128980000,1053.3331,2.89
1787129040000,1053.3331,2.89
1787129100000,1053.3331,2.89
1787129160000,1053.3331,2.89
1787129220000,1053.3331,2.89
1787129280000,1053.3331,2.89
1787129340000,1053.3331,2.89
1787129400000,1053.3331,2.89
1787129460000,1053.3331,2.89
1787129520000,1053.3331,2.89
1787129580000,1053.3331,2.89
1787129640000,1053.3331,2.89
1787129700000,1053.3331,2.89
1787129760000,1053.3331,2.89
1787129820000,1053.3331,2.89
1787129880000,1053.3331,2.89
1787129940000,1053.3331,2.89
1787130000000,1053.3331,2.89
1787130060000,1053.3331,2.89
1787130120000,1053.3331,2.89
1787130180000,1053.3331,2.89
1787130240000,1053.3331,2.89
1787130300000,1053.3331,2.89
1787130360000,1053.3331,2.89
1787130420000,1053.3331,2.89
1787130480000,1053.3331,2.89
1787130540000,1053.3331,2.89
1787130600000,1053.3331,2.89
1787130660000,1053.3331,2.89
1787130720000,1053.3331,2.89
1787130780000,1053.3331,2.89
1787130840000,1053.3331,2.89
1787130900000,1053.3331,2.89
1787130960000,1053.3331,2.89
1787131020000,1053.3331,2.89
1787131080000,1053.3331,2.89
1787131140000,1053.3331,2.89
1787131200000,1053.3331,2.89
1787131260000,1053.3331,2.89
1787131320000,1053.3331,2.89
1787131380000,1053.3331,2.89
1787131440000,1053.3331,2.89
1787131500000,1053.3331,2.89
1787131560000,1053.3331,2.89
1787131620000,1053.3331,2.89
1787131680000,1053.3331,2.89
1787131740000,1053.3331,2.89
1787131800000,1053.3331,2.89
1787131860000,1053.3331,2.89
1787131920000,1053.3331,2.89
1787131980000,1053.3331,2.89
1787132040000,1053.3331,2.89
1787132100000,1053.3331,2.89
1787132160000,1053.3331,2.89
1787132220000,1053.3331,2.89
1787132280000,1053.3331,2.89
1787132340000,1053.3331,2.89
1787132400000,1053.3331,2.89
1787132460000,1053.3331,2.89
1787132520000,1053.3331,2.89
1787132580000,1053.3331,2.89
1787132640000,1053.3331,2.89
1787132700000,1053.3331,2.89
1787132760000,1053.3331,2.89
1787132820000,1053.3331,2.89
1787132880000,1053.3331,2.89
1787132940000,1053.3331,2.89
1787133000000,1053.3331,2.89
1787133060000,1053.3331,2.89
1787133120000,1053.3331,2.89
1787133180000,1053.3331,2.89
1787133240000,1053.3331,2.89
1787133300000,1053.3331,2.89
1787133360000,1053.3331,2.89
1787133420000,1053.3331,2.89
1787133480000,1053.3331,2.89
1787133540000,1053.3331,2.89
1787133600000,1053.3331,2.89
1787133660000,1053.3331,2.89
1787133720000,1053.3331,2.89
1787133780000,1053.3331,2.89
1787133840000,1053.3331,2.89
1787133900000,1053.3331,2.89
1787133960000,1053.3331,2.89
1787134020000,1053.3331,2.89
1787134080000,1053.3331,2.89
1787134140000,1053.3331,2.89
1787134200000,1053.3331,2.89
1787134260000,1053.3331,2.89
1787134320000,1053.3331,2.89
1787134380000,1053.3331,2.89
1787134440000,1053.3331,2.89
1787134500000,1053.3331,2.89
1787134560000,1053.3331,2.89
1787134620000,1053.3331,2.89
1787134680000,1053.3331,2.89
1787134740000,1053.3331,2.89
1787134800000,1053.3331,2.89
1787134860000,1053.3331,2.89
1787134920000,1053.3331,2.89
1787134980000,1053.3331,2.89
1787135040000,1053.3331,2.89
1787135100000,1053.3331,2.89
1787135160000,1053.3331,2.89
1787135220000,1053.3331,2.89
1787135280000,1053.3331,2.89
1787135340000,1053.3331,2.89
1787135400000,1053.3331,2.89
1787135460000,1053.3331,2.89
1787135520000,1053.3331,2.89
1787135580000,1053.3331,2.89
1787135640000,1053.3331,2.89
1787135700000,1053.3331,2.89
1787135760000,1053.3331,2.89
1787135820000,1053.3331,2.89
1787135880000,1053.3331,2.89
1787135940000,1053.3331,2.89
1787136000000,1053.3331,2.89
1787136060000,1053.3331,2.89
1787136120000,1053.3331,2.89
1787136180000,1053.3331,2.89
1787136240000,1053.3331,2.89
1787136300000,1053.3331,2.89
1787136360000,1053.3331,2.89
1787136420000,1053.3331,2.89
1787136480000,1053.3331,2.89
1787136540000,1053.3331,2.89
1787136600000,1053.3331,2.89
1787136660000,1053.3331,2.89
1787136720000,1053.3331,2.89
1787136780000,1053.3331,2.89
1787136840000,1053.3331,2.89
1787136900000,1053.3331,2.89
1787136960000,1053.3331,2.89
1787137020000,1053.3331,2.89
1787137080000,1053.3331,2.89
1787137140000,1053.3331,2.89
1787137200000,1053.3331,2.89
1787137260000,1053.3331,2.89
1787137320000,1053.3331,2.89
1787137380000,1053.3331,2.89
1787137440000,1053.3331,2.89
1787137500000,1053.3331,2.89
1787137560000,1053.3331,2.89
1787137620000,1053.3331,2.89
1787137680000,1053.3331,2.89
1787137740000,1053.3331,2.89
1787137800000,1053.3331,2.89
1787137860000,1053.3331,2.89
1787137920000,1053.3331,2.89
1787137980000,1053.3331,2.89
1787138040000,1053.3331,2.89
1787138100000,1053.3331,2.89
1787138160000,1053.3331,2.89
1787138220000,1053.3331,2.89
1787138280000,1053.3331,2.89
1787138340000,1053.3331,2.89
1787138400000,1053.3331,2.89
1787138460000,1053.3331,2.89
1787138520000,1053.3331,2.89
1787138580000,1053.3331,2.89
1787138640000,1053.3331,2.89
1787138700000,1053.3331,2.89
1787138760000,1053.3331,2.89
1787138820000,1053.3331,2.89
1787138880000,1053.3331,2.89
1787138940000,1053.3331,2.89
1787139000000,1053.3331,2.89
1787139060000,1053.3331,2.89
1787139120000,1053.3331,2.89
1787139180000,1053.3331,2.89
1787139240000,1053.3331,2.89
1787139300000,1053.3331,2.89
1787139360000,1053.3331,2.89
1787139420000,1053.3331,2.89
1787139480000,1053.3331,2.89
1787139540000,1053.3331,2.89
1787139600000,1053.3331,2.89
1787139660000,1053.3331,2.89
1787139720000,1053.3331,2.89
1787139780000,1053.3331,2.89
1787139840000,1053.3331,2.89
1787139900000,1053.3331,2.89
1787139960000,1053.3331,2.89
1787140020000,1053.3331,2.89
1787140080000,1053.3331,2.89
1787140140000,1053.3331,2.89
1787140200000,1053.3331,2.89
1787140260000,1053.3331,2.89
1787140320000,1053.3331,2.89
1787140380000,1053.3331,2.89
1787140440000,1053.3331,2.89
1787140500000,1053.3331,2.89
1787140560000,1053.3331,2.89
1787140620000,1053.3331,2.89
1787140680000,1053.3331,2.89
1787140740000,1053.3331,2.89
1787140800000,1053.3331,2.89
1787140860000,1053.3331,2.89
1787140920000,1053.3331,2.89
1787140980000,1053.3331,2.89
1787141040000,1053.3331,2.89
1787141100000,1053.3331,2.89
1787141160000,1053.3331,2.89
1787141220000,1053.3331,2.89
1787141280000,1053.3331,2.89
1787141340000,1053.3331,2.89
1787141400000,1053.3331,2.89
1787141460000,1053.3331,2.89
1787141520000,1053.3331,2.89
1787141580000,1053.3331,2.89
1787141640000,1053.3331,2.89
1787141700000,1053.3331,2.89
1787141760000,1053.3331,2.89
1787141820000,1053.3331,2.89
1787141880000,1053.3331,2.89
1787141940000,1053.3331,2.89
1787142000000,1053.3331,2.89
1787142060000,1053.3331,2.89
1787142120000,1053.3331,2.89
1787142180000,1053.3331,2.89
1787142240000,1053.3331,2.89
1787142300000,1053.3331,2.89
1787142360000,1053.3331,2.89
1787142420000,1053.3331,2.89
1787142480000,1053.3331,2.89
1787142540000,1053.3331,2.89
1787142600000,1053.3331,2.89
1787142660000,1053.3331,2.89
1787142720000,1053.3331,2.89
1787142780000,1053.3331,2.89
1787142840000,1053.3331,2.89
1787142900000,1053.3331,2.89
1787142960000,1053.3331,2.89
1787143020000,1053.3331,2.89
1787143080000,1053.3331,2.89
1787143140000,1053.3331,2.89
1787143200000,1053.3331,2.89
1787143260000,1053.3331,2.89
1787143320000,1053.3331,2.89
1787143380000,1053.3331,2.89
1787143440000,1066.0676,1.72
1787150340000,1066.0676,1.72
1787150400000,1066.0676,1.72
1787150460000,1066.0676,1.72
1787150520000,1066.0676,1.72
1787150580000,1066.0676,1.72
1787150640000,1066.0676,1.72
1787150700000,1066.0676,1.72
1787150760000,1066.0676,1.72
1787150820000,1066.0676,1.72
1787150880000,1066.0676,1.72
1787150940000,1066.0676,1.72
1787151000000,1066.0676,1.72
1787151060000,1066.0676,1.72
1787151120000,1066.0676,1.72
1787151180000,1066.0676,1.72
1787151240000,1079.6195,0.47
1787153040000,1079.6195,0.47
1787153100000,1079.6195,0.47
1787153160000,1079.6195,0.47
1787153220000,1103.0562,0.0
1787154960000,1103.0562,0.0
1787155020000,1103.0562,0.0
1787155080000,1103.0562,0.0
1787155140000,1103.0562,0.0
1787155200000,1103.0562,0.0
1787155260000,1103.0562,0.0
1787155320000,1103.0562,0.0
1787155380000,1103.0562,0.0
1787155440000,1103.0562,0.0
1787155500000,1103.0562,0.0
1787155560000,1103.0562,0.0
1787155620000,1103.0562,0.0
1787155680000,1103.0562,0.0
1787155740000,1103.0562,0.0
1787155800000,1103.0562,0.0
1787155860000,1103.0562,0.0
1787155920000,1103.0562,0.0
1787155980000,1103.0562,0.0
1787156040000,1103.0562,0.0
1787156100000,1103.0562,0.0
1787156160000,1103.0562,0.0
1787156220000,1103.0562,0.0
1787156280000,1103.0562,0.0
1787156340000,1103.0562,0.0
1787156400000,1103.0562,0.0
1787156460000,1103.0562,0.0
1787156520000,1103.0562,0.0
1787156580000,1103.0562,0.0
1787156640000,1103.0562,0.0
1787156700000,1103.0562,0.0
1787156760000,1103.0562,0.0
1787156820000,1103.0562,0.0
1787156880000,1103.0562,0.0
1787156940000,1103.0562,0.0
1787157000000,1103.0562,0.0
1787157060000,1103.0562,0.0
1787157120000,1103.0562,0.0
1787157180000,1103.0562,0.0
1787157240000,1103.0562,0.0
1787157300000,1103.0562,0.0
1787157360000,1103.0562,0.0
1787157420000,1103.0562,0.0
1787157480000,1103.0562,0.0
1787157540000,1103.0562,0.0
1787157600000,1103.0562,0.0
1787157660000,1103.0562,0.0
1787157720000,1103.0562,0.0
1787157780000,1103.0562,0.0
1787157840000,1103.0562,0.0
1787157900000,1103.0562,0.0
1787157960000,1103.0562,0.0
1787158020000,1103.0562,0.0
1787158080000,1103.0562,0.0
1787158140000,1103.0562,0.0
1787158200000,1103.0562,0.0
1787158260000,1103.0562,0.0
1787158320000,1103.0562,0.0
1787158380000,1103.0562,0.0
1787158440000,1103.0562,0.0
1787158500000,1103.0562,0.0
1787158560000,1103.0562,0.0
1787158620000,1103.0562,0.0
1787158680000,1103.0562,0.0
1787158740000,1103.0562,0.0
1787158800000,1103.0562,0.0
1787158860000,1103.0562,0.0
1787158920000,1103.0562,0.0
1787158980000,1103.0562,0.0
1787159040000,1103.0562,0.0
1787159100000,1103.0562,0.0
1787159160000,1103.0562,0.0
1787159220000,1103.0562,0.0
1787159280000,1103.0562,0.0
1787159340000,1103.0562,0.0
1787159400000,1103.0562,0.0
1787159460000,1103.0562,0.0
1787159520000,1103.0562,0.0
1787159580000,1103.0562,0.0
1787159640000,1103.0562,0.0
1787159700000,1103.0562,0.0
1787159760000,1103.0562,0.0
1787159820000,1093.3884,0.88
1787161020000,1093.3884,0.88
1787161080000,1093.3884,0.88
1787161140000,1093.3884,0.88
1787161200000,1093.3884,0.88
1787161260000,1093.3884,0.88
1787161320000,1093.3884,0.88
1787161380000,1093.3884,0.88
1787161440000,1093.3884,0.88
1787161500000,1093.3884,0.88
1787161560000,1093.3884,0.88
1787161620000,1093.3884,0.88
1787161680000,1093.3884,0.88
1787161740000,1093.3884,0.88
1787161800000,1093.3884,0.88
1787161860000,1093.3884,0.88
1787161920000,1093.3884,0.88
1787161980000,1093.3884,0.88
1787162040000,1093.3884,0.88
1787162100000,1093.3884,0.88
1787162160000,1093.3884,0.88
1787162220000,1093.3884,0.88
1787162280000,1093.3884,0.88
1787162340000,1093.3884,0.88
1787162400000,1093.3884,0.88
1787162460000,1093.3884,0.88
1787162520000,1093.3884,0.88
1787162580000,1093.3884,0.88
1787162640000,1093.3884,0.88
1787162700000,1093.3884,0.88
1787162760000,1093.3884,0.88
1787162820000,1093.3884,0.88
1787162880000,1093.3884,0.88
1787162940000,1093.3884,0.88
1787163000000,1093.3884,0.88
1787163060000,1093.3884,0.88
1787163120000,1093.3884,0.88
1787163180000,1093.3884,0.88
1787163240000,1093.3884,0.88
1787163300000,1093.3884,0.88
1787163360000,1093.3884,0.88
1787163420000,1093.3884,0.88
1787163480000,1093.3884,0.88
1787163540000,1093.3884,0.88
1787163600000,1093.3884,0.88
1787163660000,1093.3884,0.88
1787163720000,1093.3884,0.88
1787163780000,1093.3884,0.88
1787163840000,1093.3884,0.88
1787163900000,1093.3884,0.88
1787163960000,1093.3884,0.88
1787164020000,1093.3884,0.88
1787164080000,1093.3884,0.88
1787164140000,1093.3884,0.88
1787164200000,1093.3884,0.88
1787164260000,1093.3884,0.88
1787164320000,1093.3884,0.88
1787164380000,1093.3884,0.88
1787164440000,1093.3884,0.88
1787164500000,1093.3884,0.88
1787164560000,1093.3884,0.88
1787164620000,1093.3884,0.88
1787164680000,1093.3884,0.88
1787164740000,1093.3884,0.88
1787164800000,1093.3884,0.88
1787164860000,1093.3884,0.88
1787164920000,1093.3884,0.88
1787164980000,1093.3884,0.88
1787165040000,1093.3884,0.88
1787165100000,1093.3884,0.88
1787165160000,1093.3884,0.88
1787165220000,1093.3884,0.88
1787165280000,1093.3884,0.88
1787165340000,1093.3884,0.88
1787165400000,1093.3884,0.88
1787165460000,1093.3884,0.88
1787165520000,1093.3884,0.88
1787165580000,1093.3884,0.88
1787165640000,1093.3884,0.88
1787165700000,1093.3884,0.88
1787165760000,1093.3884,0.88
1787165820000,1093.3884,0.88
1787165880000,1093.3884,0.88
1787165940000,1093.3884,0.88
1787166000000,1093.3884,0.88
1787166060000,1093.3884,0.88
1787166120000,1093.3884,0.88
1787166180000,1093.3884,0.88
1787166240000,1093.3884,0.88
1787166300000,1093.3884,0.88
1787166360000,1093.3884,0.88
1787166420000,1093.3884,0.88
1787166480000,1093.3884,0.88
1787166540000,1093.3884,0.88
1787166600000,1093.3884,0.88
1787166660000,1093.3884,0.88
1787166720000,1093.3884,0.88
1787166780000,1093.3884,0.88
1787166840000,1093.3884,0.88
1787166900000,1093.3884,0.88
1787166960000,1093.3884,0.88
1787167020000,1093.3884,0.88
1787167080000,1093.3884,0.88
1787167140000,1093.3884,0.88
1787167200000,1093.3884,0.88
1787167260000,1093.3884,0.88
1787167320000,1093.3884,0.88
1787167380000,1093.3884,0.88
1787167440000,1093.3884,0.88
1787167500000,1093.3884,0.88
1787167560000,1093.3884,0.88
1787167620000,1093.3884,0.88
1787167680000,1093.3884,0.88
1787167740000,1093.3884,0.88
1787167800000,1093.3884,0.88
1787167860000,1093.3884,0.88
1787167920000,1093.3884,0.88
1787167980000,1093.3884,0.88
1787168040000,1093.3884,0.88
1787168100000,1093.3884,0.88
1787168160000,1093.3884,0.88
1787168220000,1093.3884,0.88
1787168280000,1093.3884,0.88
1787168340000,1093.3884,0.88
1787168400000,1093.3884,0.88
1787168460000,1093.3884,0.88
1787168520000,1093.3884,0.88
1787168580000,1093.3884,0.88
1787168640000,1093.3884,0.88
1787168700000,1093.3884,0.88
1787168760000,1093.3884,0.88
1787168820000,1093.3884,0.88
1787168880000,1093.3884,0.88
1787168940000,1093.3884,0.88
1787169000000,1093.3884,0.88
1787169060000,1093.3884,0.88
1787169120000,1093.3884,0.88
1787169180000,1093.3884,0.88
1787169240000,1093.3884,0.88
1787169300000,1093.3884,0.88
1787169360000,1093.3884,0.88
1787169420000,1093.3884,0.88
1787169480000,1093.3884,0.88
1787169540000,1093.3884,0.88
1787169600000,1093.3884,0.88
1787169660000,1093.3884,0.88
1787169720000,1093.3884,0.88
1787169780000,1093.3884,0.88
1787169840000,1093.3884,0.88
1787169900000,1093.3884,0.88
1787169960000,1093.3884,0.88
1787170020000,1116.848,0.0
1787172540000,1116.848,0.0
1787172600000,1140.0309,0.0
1787216160000,1140.0309,0.0
1787216220000,1140.0309,0.0
1787216280000,1140.0309,0.0
1787216340000,1140.0309,0.0
1787216400000,1140.0309,0.0
1787216460000,1140.0309,0.0
1787216520000,1140.0309,0.0
1787216580000,1140.0309,0.0
1787216640000,1140.0309,0.0
1787216700000,1140.0309,0.0
1787216760000,1140.0309,0.0
1787216820000,1140.0309,0.0
1787216880000,1140.0309,0.0
1787216940000,1140.0309,0.0
1787217000000,1140.0309,0.0
1787217060000,1140.0309,0.0
1787217120000,1140.0309,0.0
1787217180000,1140.0309,0.0
1787217240000,1140.0309,0.0
1787217300000,1140.0309,0.0
1787217360000,1140.0309,0.0
1787217420000,1140.0309,0.0
1787217480000,1140.0309,0.0
1787217540000,1140.0309,0.0
1787217600000,1140.0309,0.0
1787217660000,1140.0309,0.0
1787217720000,1140.0309,0.0
1787217780000,1140.0309,0.0
1787217840000,1140.0309,0.0
1787217900000,1140.0309,0.0
1787217960000,1140.0309,0.0
1787218020000,1140.0309,0.0
1787218080000,1140.0309,0.0
1787218140000,1140.0309,0.0
1787218200000,1140.0309,0.0
1787218260000,1140.0309,0.0
1787218320000,1140.0309,0.0
1787218380000,1140.0309,0.0
1787218440000,1140.0309,0.0
1787218500000,1140.0309,0.0
1787218560000,1140.0309,0.0
1787218620000,1140.0309,0.0
1787218680000,1140.0309,0.0
1787218740000,1140.0309,0.0
1787218800000,1140.0309,0.0
1787218860000,1140.0309,0.0
1787218920000,1140.0309,0.0
1787218980000,1140.0309,0.0
1787219040000,1140.0309,0.0
1787219100000,1140.0309,0.0
1787219160000,1140.0309,0.0
1787219220000,1140.0309,0.0
1787219280000,1140.0309,0.0
1787219340000,1140.0309,0.0
1787219400000,1140.0309,0.0
1787219460000,1140.0309,0.0
1787219520000,1140.0309,0.0
1787219580000,1140.0309,0.0
1787219640000,1140.0309,0.0
1787219700000,1140.0309,0.0
1787219760000,1140.0309,0.0
1787219820000,1140.0309,0.0
1787219880000,1140.0309,0.0
1787219940000,1140.0309,0.0
1787220000000,1140.0309,0.0
1787220060000,1140.0309,0.0
1787220120000,1140.0309,0.0
1787220180000,1140.0309,0.0
1787220240000,1140.0309,0.0
1787220300000,1140.0309,0.0
1787220360000,1140.0309,0.0
1787220420000,1140.0309,0.0
1787220480000,1140.0309,0.0
1787220540000,1140.0309,0.0
1787220600000,1140.0309,0.0
1787220660000,1140.0309,0.0
1787220720000,1140.0309,0.0
1787220780000,1140.0309,0.0
1787220840000,1140.0309,0.0
1787220900000,1140.0309,0.0
1787220960000,1140.0309,0.0
1787221020000,1140.0309,0.0
1787221080000,1140.0309,0.0
1787221140000,1140.0309,0.0
1787221200000,1140.0309,0.0
1787221260000,1140.0309,0.0
1787221320000,1140.0309,0.0
1787221380000,1140.0309,0.0
1787221440000,1140.0309,0.0
1787221500000,1140.0309,0.0
1787221560000,1140.0309,0.0
1787221620000,1140.0309,0.0
1787221680000,1140.0309,0.0
1787221740000,1140.0309,0.0
1787221800000,1140.0309,0.0
1787221860000,1140.0309,0.0
1787221920000,1140.0309,0.0
1787221980000,1140.0309,0.0
1787222040000,1140.0309,0.0
1787222100000,1140.0309,0.0
1787222160000,1140.0309,0.0
1787222220000,1140.0309,0.0
1787222280000,1140.0309,0.0
1787222340000,1140.0309,0.0
1787222400000,1140.0309,0.0
1787222460000,1140.0309,0.0
1787222520000,1140.0309,0.0
1787222580000,1140.0309,0.0
1787222640000,1140.0309,0.0
1787222700000,1140.0309,0.0
1787222760000,1140.0309,0.0
1787222820000,1140.0309,0.0
1787222880000,1140.0309,0.0
1787222940000,1140.0309,0.0
1787223000000,1140.0309,0.0
1787223060000,1140.0309,0.0
1787223120000,1140.0309,0.0
1787223180000,1140.0309,0.0
1787223240000,1140.0309,0.0
1787223300000,1140.0309,0.0
1787223360000,1140.0309,0.0
1787223420000,1140.0309,0.0
1787223480000,1140.0309,0.0
1787223540000,1140.0309,0.0
1787223600000,1140.0309,0.0
1787223660000,1140.0309,0.0
1787223720000,1140.0309,0.0
1787223780000,1140.0309,0.0
1787223840000,1140.0309,0.0
1787223900000,1140.0309,0.0
1787223960000,1140.0309,0.0
1787224020000,1140.0309,0.0
1787224080000,1140.0309,0.0
1787224140000,1140.0309,0.0
1787224200000,1140.0309,0.0
1787224260000,1140.0309,0.0
1787224320000,1140.0309,0.0
1787224380000,1140.0309,0.0
1787224440000,1140.0309,0.0
1787224500000,1140.0309,0.0
1787224560000,1140.0309,0.0
1787224620000,1140.0309,0.0
1787224680000,1140.0309,0.0
1787224740000,1140.0309,0.0
1787224800000,1140.0309,0.0
1787224860000,1140.0309,0.0
1787224920000,1140.0309,0.0
1787224980000,1140.0309,0.0
1787225040000,1140.0309,0.0
1787225100000,1140.0309,0.0
1787225160000,1140.0309,0.0
1787225220000,1140.0309,0.0
1787225280000,1140.0309,0.0
1787225340000,1140.0309,0.0
1787225400000,1140.0309,0.0
1787225460000,1163.8767,0.0
1787226660000,1163.8767,0.0
1787226720000,1163.8767,0.0
1787226780000,1153.3967,0.9
1787230560000,1153.3967,0.9
1787230620000,1153.3967,0.9
1787230680000,1153.3967,0.9
1787230740000,1153.3967,0.9
1787230800000,1153.3967,0.9
1787230860000,1153.3967,0.9
1787230920000,1153.3967,0.9
1787230980000,1153.3967,0.9
1787231040000,1153.3967,0.9
1787231100000,1153.3967,0.9
1787231160000,1153.3967,0.9
1787231220000,1153.3967,0.9
1787231280000,1153.3967,0.9
1787231340000,1153.3967,0.9
1787231400000,1153.3967,0.9
1787231460000,1153.3967,0.9
1787231520000,1153.3967,0.9
1787231580000,1153.3967,0.9
1787231640000,1153.3967,0.9
1787231700000,1153.3967,0.9
1787231760000,1153.3967,0.9
1787231820000,1153.3967,0.9
1787231880000,1153.3967,0.9
1787231940000,1153.3967,0.9
1787232000000,1153.3967,0.9
1787232060000,1153.3967,0.9
1787232120000,1153.3967,0.9
1787232180000,1153.3967,0.9
1787232240000,1153.3967,0.9
1787232300000,1153.3967,0.9
1787232360000,1153.3967,0.9
1787232420000,1153.3967,0.9
1787232480000,1153.3967,0.9
1787232540000,1153.3967,0.9
1787232600000,1153.3967,0.9
1787232660000,1143.7306,1.73
1787239860000,1143.7306,1.73
1787239920000,1143.7306,1.73
1787239980000,1143.7306,1.73
1787240040000,1143.7306,1.73
1787240100000,1143.7306,1.73
1787240160000,1143.7306,1.73
1787240220000,1143.7306,1.73
1787240280000,1143.7306,1.73
1787240340000,1143.7306,1.73
1787240400000,1143.7306,1.73
1787240460000,1143.7306,1.73
1787240520000,1143.7306,1.73
1787240580000,1143.7306,1.73
1787240640000,1143.7306,1.73
1787240700000,1143.7306,1.73
1787240760000,1143.7306,1.73
1787240820000,1143.7306,1.73
1787240880000,1143.7306,1.73
1787240940000,1143.7306,1.73
1787241000000,1143.7306,1.73
1787241060000,1143.7306,1.73
1787241120000,1143.7306,1.73
1787241180000,1143.7306,1.73
1787241240000,1143.7306,1.73
1787241300000,1143.7306,1.73
1787241360000,1143.7306,1.73
1787241420000,1143.7306,1.73
1787241480000,1143.7306,1.73
1787241540000,1143.7306,1.73
1787241600000,1143.7306,1.73
1787241660000,1143.7306,1.73
1787241720000,1143.7306,1.73
1787241780000,1143.7306,1.73
1787241840000,1143.7306,1.73
1787241900000,1143.7306,1.73
1787241960000,1143.7306,1.73
1787242020000,1143.7306,1.73
1787242080000,1143.7306,1.73
1787242140000,1143.7306,1.73
1787242200000,1143.7306,1.73
1787242260000,1143.7306,1.73
1787242320000,1143.7306,1.73
1787242380000,1143.7306,1.73
1787242440000,1143.7306,1.73
1787242500000,1143.7306,1.73
1787242560000,1143.7306,1.73
1787242620000,1143.7306,1.73
1787242680000,1143.7306,1.73
1787242740000,1143.7306,1.73
1787242800000,1143.7306,1.73
1787242860000,1143.7306,1.73
1787242920000,1143.7306,1.73
1787242980000,1143.7306,1.73
1787243040000,1143.7306,1.73
1787243100000,1143.7306,1.73
1787243160000,1143.7306,1.73
1787243220000,1143.7306,1.73
1787243280000,1143.7306,1.73
1787243340000,1143.7306,1.73
1787243400000,1143.7306,1.73
1787243460000,1143.7306,1.73
1787243520000,1143.7306,1.73
1787243580000,1143.7306,1.73
1787243640000,1143.7306,1.73
1787243700000,1143.7306,1.73
1787243760000,1143.7306,1.73
1787243820000,1143.7306,1.73
1787243880000,1143.7306,1.73
1787243940000,1143.7306,1.73
1787244000000,1143.7306,1.73
1787244060000,1143.7306,1.73
1787244120000,1143.7306,1.73
1787244180000,1143.7306,1.73
1787244240000,1143.7306,1.73
1787244300000,1143.7306,1.73
1787244360000,1143.7306,1.73
1787244420000,1143.7306,1.73
1787244480000,1143.7306,1.73
1787244540000,1143.7306,1.73
1787244600000,1143.7306,1.73
1787244660000,1143.7306,1.73
1787244720000,1143.7306,1.73
1787244780000,1143.7306,1.73
1787244840000,1143.7306,1.73
1787244900000,1143.7306,1.73
1787244960000,1143.7306,1.73
1787245020000,1143.7306,1.73
1787245080000,1143.7306,1.73
1787245140000,1143.7306,1.73
1787245200000,1143.7306,1.73
1787245260000,1143.7306,1.73
1787245320000,1143.7306,1.73
1787245380000,1143.7306,1.73
1787245440000,1143.7306,1.73
1787245500000,1143.7306,1.73
1787245560000,1143.7306,1.73
1787245620000,1143.7306,1.73
1787245680000,1143.7306,1.73
1787245740000,1143.7306,1.73
1787245800000,1143.7306,1.73
1787245860000,1143.7306,1.73
1787245920000,1143.7306,1.73
1787245980000,1143.7306,1.73
1787246040000,1143.7306,1.73
1787246100000,1143.7306,1.73
1787246160000,1143.7306,1.73
1787246220000,1143.7306,1.73
1787246280000,1143.7306,1.73
1787246340000,1143.7306,1.73
1787246400000,1143.7306,1.73
1787246460000,1143.7306,1.73
1787246520000,1143.7306,1.73
1787246580000,1143.7306,1.73
1787246640000,1143.7306,1.73
1787246700000,1143.7306,1.73
1787246760000,1143.7306,1.73
1787246820000,1143.7306,1.73
1787246880000,1143.7306,1.73
1787246940000,1143.7306,1.73
1787247000000,1143.7306,1.73
1787247060000,1143.7306,1.73
1787247120000,1143.7306,1.73
1787247180000,1143.7306,1.73
1787247240000,1143.7306,1.73
1787247300000,1143.7306,1.73
1787247360000,1143.7306,1.73
1787247420000,1143.7306,1.73
1787247480000,1143.7306,1.73
1787247540000,1143.7306,1.73
1787247600000,1143.7306,1.73
1787247660000,1143.7306,1.73
1787247720000,1143.7306,1.73
1787247780000,1143.7306,1.73
1787247840000,1143.7306,1.73
1787247900000,1143.7306,1.73
1787247960000,1143.7306,1.73
1787248020000,1143.7306,1.73
1787248080000,1143.7306,1.73
1787248140000,1143.7306,1.73
1787248200000,1143.7306,1.73
1787248260000,1143.7306,1.73
1787248320000,1143.7306,1.73
1787248380000,1143.7306,1.73
1787248440000,1143.7306,1.73
1787248500000,1143.7306,1.73
1787248560000,1143.7306,1.73
1787248620000,1143.7306,1.73
1787248680000,1143.7306,1.73
1787248740000,1143.7306,1.73
1787248800000,1143.7306,1.73
1787248860000,1143.7306,1.73
1787248920000,1143.7306,1.73
1787248980000,1143.7306,1.73
1787249040000,1143.7306,1.73
1787249100000,1143.7306,1.73
1787249160000,1143.7306,1.73
1787249220000,1143.7306,1.73
1787249280000,1143.7306,1.73
1787249340000,1143.7306,1.73
1787249400000,1143.7306,1.73
1787249460000,1143.7306,1.73
1787249520000,1143.7306,1.73
1787249580000,1143.7306,1.73
1787249640000,1143.7306,1.73
1787249700000,1143.7306,1.73
1787249760000,1143.7306,1.73
1787249820000,1143.7306,1.73
1787249880000,1143.7306,1.73
1787249940000,1143.7306,1.73
1787250000000,1143.7306,1.73
1787250060000,1143.7306,1.73
1787250120000,1143.7306,1.73
1787250180000,1143.7306,1.73
1787250240000,1143.7306,1.73
1787250300000,1143.7306,1.73
1787250360000,1143.7306,1.73
1787250420000,1143.7306,1.73
1787250480000,1143.7306,1.73
1787250540000,1143.7306,1.73
1787250600000,1143.7306,1.73
1787250660000,1143.7306,1.73
1787250720000,1143.7306,1.73
1787250780000,1143.7306,1.73
1787250840000,1143.7306,1.73
1787250900000,1143.7306,1.73
1787250960000,1143.7306,1.73
1787251020000,1143.7306,1.73
1787251080000,1143.7306,1.73
1787251140000,1143.7306,1.73
1787251200000,1143.7306,1.73
1787251260000,1143.7306,1.73
1787251320000,1143.7306,1.73
1787251380000,1143.7306,1.73
1787251440000,1143.7306,1.73
1787251500000,1143.7306,1.73
1787251560000,1143.7306,1.73
1787251620000,1143.7306,1.73
1787251680000,1143.7306,1.73
1787251740000,1143.7306,1.73
1787251800000,1143.7306,1.73
1787251860000,1143.7306,1.73
1787251920000,1143.7306,1.73
1787251980000,1143.7306,1.73
1787252040000,1143.7306,1.73
1787252100000,1143.7306,1.73
1787252160000,1143.7306,1.73
1787252220000,1143.7306,1.73
1787252280000,1143.7306,1.73
1787252340000,1143.7306,1.73
1787252400000,1143.7306,1.73
1787252460000,1143.7306,1.73
1787252520000,1143.7306,1.73
1787252580000,1143.7306,1.73
1787252640000,1143.7306,1.73
1787252700000,1143.7306,1.73
1787252760000,1143.7306,1.73
1787252820000,1143.7306,1.73
1787252880000,1143.7306,1.73
1787252940000,1143.7306,1.73
1787253000000,1143.7306,1.73
1787253060000,1143.7306,1.73
1787253120000,1143.7306,1.73
1787253180000,1143.7306,1.73
1787253240000,1143.7306,1.73
1787253300000,1143.7306,1.73
1787253360000,1143.7306,1.73
1787253420000,1143.7306,1.73
1787253480000,1143.7306,1.73
1787253540000,1143.7306,1.73
1787253600000,1143.7306,1.73
1787253660000,1143.7306,1.73
1787253720000,1143.7306,1.73
1787253780000,1143.7306,1.73
1787253840000,1143.7306,1.73
1787253900000,1143.7306,1.73
1787253960000,1143.7306,1.73
1787254020000,1143.7306,1.73
1787254080000,1143.7306,1.73
1787254140000,1143.7306,1.73
1787254200000,1143.7306,1.73
1787254260000,1143.7306,1.73
1787254320000,1143.7306,1.73
1787254380000,1143.7306,1.73
1787254440000,1143.7306,1.73
1787254500000,1143.7306,1.73
1787254560000,1143.7306,1.73
1787254620000,1143.7306,1.73
1787254680000,1143.7306,1.73
1787254740000,1143.7306,1.73
1787254800000,1143.7306,1.73
1787254860000,1143.7306,1.73
1787254920000,1143.7306,1.73
1787254980000,1143.7306,1.73
1787255040000,1143.7306,1.73
1787255100000,1143.7306,1.73
1787255160000,1143.7306,1.73
1787255220000,1143.7306,1.73
1787255280000,1143.7306,1.73
1787255340000,1143.7306,1.73
1787255400000,1143.7306,1.73
1787255460000,1143.7306,1.73
1787255520000,1143.7306,1.73
1787255580000,1143.7306,1.73
1787255640000,1143.7306,1.73
1787255700000,1143.7306,1.73
1787255760000,1143.7306,1.73
1787255820000,1143.7306,1.73
1787255880000,1143.7306,1.73
1787255940000,1143.7306,1.73
1787256000000,1143.7306,1.73
1787256060000,1143.7306,1.73
1787256120000,1143.7306,1.73
1787256180000,1143.7306,1.73
1787256240000,1143.7306,1.73
1787256300000,1143.7306,1.73
1787256360000,1143.7306,1.73
1787256420000,1143.7306,1.73
1787256480000,1143.7306,1.73
1787256540000,1143.7306,1.73
1787256600000,1143.7306,1.73
1787256660000,1143.7306,1.73
1787256720000,1143.7306,1.73
1787256780000,1143.7306,1.73
1787256840000,1143.7306,1.73
1787256900000,1143.7306,1.73
1787256960000,1143.7306,1.73
1787257020000,1143.7306,1.73
1787257080000,1143.7306,1.73
1787257140000,1143.7306,1.73
1787257200000,1143.7306,1.73
1787257260000,1143.7306,1.73
1787257320000,1143.7306,1.73
1787257380000,1143.7306,1.73
1787257440000,1143.7306,1.73
1787257500000,1143.7306,1.73
1787257560000,1143.7306,1.73
1787257620000,1143.7306,1.73
1787257680000,1143.7306,1.73
1787257740000,1143.7306,1.73
1787257800000,1143.7306,1.73
1787257860000,1143.7306,1.73
1787257920000,1143.7306,1.73
1787257980000,1143.7306,1.73
1787258040000,1143.7306,1.73
1787258100000,1143.7306,1.73
1787258160000,1143.7306,1.73
1787258220000,1143.7306,1.73
1787258280000,1143.7306,1.73
1787258340000,1143.7306,1.73
1787258400000,1143.7306,1.73
1787258460000,1143.7306,1.73
1787258520000,1143.7306,1.73
1787258580000,1143.7306,1.73
1787258640000,1143.7306,1.73
1787258700000,1143.7306,1.73
1787258760000,1143.7306,1.73
1787258820000,1143.7306,1.73
1787258880000,1143.7306,1.73
1787258940000,1143.7306,1.73
1787259000000,1143.7306,1.73
1787259060000,1143.7306,1.73
1787259120000,1143.7306,1.73
1787259180000,1143.7306,1.73
1787259240000,1143.7306,1.73
1787259300000,1143.7306,1.73
1787259360000,1143.7306,1.73
1787259420000,1143.7306,1.73
1787259480000,1143.7306,1.73
1787259540000,1143.7306,1.73
1787259600000,1143.7306,1.73
1787259660000,1143.7306,1.73
1787259720000,1143.7306,1.73
1787259780000,1143.7306,1.73
1787259840000,1143.7306,1.73
1787259900000,1143.7306,1.73
1787259960000,1143.7306,1.73
1787260020000,1143.7306,1.73
1787260080000,1143.7306,1.73
1787260140000,1143.7306,1.73
1787260200000,1143.7306,1.73
1787260260000,1143.7306,1.73
1787260320000,1143.7306,1.73
1787260380000,1143.7306,1.73
1787260440000,1143.7306,1.73
1787260500000,1143.7306,1.73
1787260560000,1143.7306,1.73
1787260620000,1143.7306,1.73
1787260680000,1143.7306,1.73
1787260740000,1143.7306,1.73
1787260800000,1143.7306,1.73
1787260860000,1143.7306,1.73
1787260920000,1143.7306,1.73
1787260980000,1143.7306,1.73
1787261040000,1143.7306,1.73
1787261100000,1143.7306,1.73
1787261160000,1143.7306,1.73
1787261220000,1143.7306,1.73
1787261280000,1143.7306,1.73
1787261340000,1143.7306,1.73
1787261400000,1143.7306,1.73
1787261460000,1143.7306,1.73
1787261520000,1143.7306,1.73
1787261580000,1143.7306,1.73
1787261640000,1143.7306,1.73
1787261700000,1143.7306,1.73
1787261760000,1143.7306,1.73
1787261820000,1143.7306,1.73
1787261880000,1143.7306,1.73
1787261940000,1143.7306,1.73
1787262000000,1143.7306,1.73
1787262060000,1143.7306,1.73
1787262120000,1143.7306,1.73
1787262180000,1143.7306,1.73
1787262240000,1143.7306,1.73
1787262300000,1143.7306,1.73
1787262360000,1143.7306,1.73
1787262420000,1143.7306,1.73
1787262480000,1143.7306,1.73
1787262540000,1143.7306,1.73
1787262600000,1143.7306,1.73
1787262660000,1143.7306,1.73
1787262720000,1143.7306,1.73
1787262780000,1143.7306,1.73
1787262840000,1143.7306,1.73
1787262900000,1143.7306,1.73
1787262960000,1143.7306,1.73
1787263020000,1143.7306,1.73
1787263080000,1143.7306,1.73
1787263140000,1143.7306,1.73
1787263200000,1143.7306,1.73
1787263260000,1143.7306,1.73
1787263320000,1143.7306,1.73
1787263380000,1143.7306,1.73
1787263440000,1143.7306,1.73
1787263500000,1143.7306,1.73
1787263560000,1143.7306,1.73
1787263620000,1143.7306,1.73
1787263680000,1143.7306,1.73
1787263740000,1143.7306,1.73
1787263800000,1143.7306,1.73
1787263860000,1143.7306,1.73
1787263920000,1143.7306,1.73
1787263980000,1143.7306,1.73
1787264040000,1143.7306,1.73
1787264100000,1143.7306,1.73
1787264160000,1143.7306,1.73
1787264220000,1143.7306,1.73
1787264280000,1143.7306,1.73
1787264340000,1143.7306,1.73
1787264400000,1143.7306,1.73
1787264460000,1143.7306,1.73
1787264520000,1143.7306,1.73
1787264580000,1143.7306,1.73
1787264640000,1143.7306,1.73
1787264700000,1143.7306,1.73
1787264760000,1143.7306,1.73
1787264820000,1143.7306,1.73
1787264880000,1143.7306,1.73
1787264940000,1143.7306,1.73
1787265000000,1143.7306,1.73
1787265060000,1143.7306,1.73
1787265120000,1143.7306,1.73
1787265180000,1143.7306,1.73
1787265240000,1143.7306,1.73
1787265300000,1143.7306,1.73
1787265360000,1143.7306,1.73
1787265420000,1143.7306,1.73
1787265480000,1143.7306,1.73
1787265540000,1143.7306,1.73
1787265600000,1143.7306,1.73
1787265660000,1143.7306,1.73
1787265720000,1143.7306,1.73
1787265780000,1143.7306,1.73
1787265840000,1143.7306,1.73
1787265900000,1143.7306,1.73
1787265960000,1143.7306,1.73
1787266020000,1143.7306,1.73
1787266080000,1143.7306,1.73
1787266140000,1143.7306,1.73
1787266200000,1143.7306,1.73
1787266260000,1143.7306,1.73
1787266320000,1143.7306,1.73
1787266380000,1143.7306,1.73
1787266440000,1143.7306,1.73
1787266500000,1143.7306,1.73
1787266560000,1143.7306,1.73
1787266620000,1143.7306,1.73
1787266680000,1143.7306,1.73
1787266740000,1143.7306,1.73
1787266800000,1143.7306,1.73
1787266860000,1143.7306,1.73
1787266920000,1143.7306,1.73
1787266980000,1143.7306,1.73
1787267040000,1143.7306,1.73
1787267100000,1143.7306,1.73
1787267160000,1143.7306,1.73
1787267220000,1143.7306,1.73
1787267280000,1143.7306,1.73
1787267340000,1143.7306,1.73
1787267400000,1143.7306,1.73
1787267460000,1143.7306,1.73
1787267520000,1143.7306,1.73
1787267580000,1143.7306,1.73
1787267640000,1143.7306,1.73
1787267700000,1143.7306,1.73
1787267760000,1143.7306,1.73
1787267820000,1143.7306,1.73
1787267880000,1143.7306,1.73
1787267940000,1143.7306,1.73
1787268000000,1143.7306,1.73
1787268060000,1143.7306,1.73
1787268120000,1143.7306,1.73
1787268180000,1143.7306,1.73
1787268240000,1143.7306,1.73
1787268300000,1143.7306,1.73
1787268360000,1143.7306,1.73
1787268420000,1143.7306,1.73
1787268480000,1143.7306,1.73
1787268540000,1143.7306,1.73
1787268600000,1143.7306,1.73
1787268660000,1143.7306,1.73
1787268720000,1143.7306,1.73
1787268780000,1143.7306,1.73
1787268840000,1143.7306,1.73
1787268900000,1143.7306,1.73
1787268960000,1143.7306,1.73
1787269020000,1143.7306,1.73
1787269080000,1143.7306,1.73
1787269140000,1143.7306,1.73
1787269200000,1143.7306,1.73
1787269260000,1143.7306,1.73
1787269320000,1143.7306,1.73
1787269380000,1143.7306,1.73
1787269440000,1143.7306,1.73
1787269500000,1143.7306,1.73
1787269560000,1143.7306,1.73
1787269620000,1143.7306,1.73
1787269680000,1143.7306,1.73
1787269740000,1143.7306,1.73
1787269800000,1143.7306,1.73
1787269860000,1143.7306,1.73
1787269920000,1143.7306,1.73
1787269980000,1143.7306,1.73
1787270040000,1143.7306,1.73
1787270100000,1143.7306,1.73
1787270160000,1143.7306,1.73
1787270220000,1143.7306,1.73
1787270280000,1143.7306,1.73
1787270340000,1143.7306,1.73
1787270400000,1143.7306,1.73
1787270460000,1143.7306,1.73
1787270520000,1143.7306,1.73
1787270580000,1143.7306,1.73
1787270640000,1143.7306,1.73
1787270700000,1143.7306,1.73
1787270760000,1143.7306,1.73
1787270820000,1143.7306,1.73
1787270880000,1143.7306,1.73
1787270940000,1143.7306,1.73
1787271000000,1143.7306,1.73
1787271060000,1143.7306,1.73
1787271120000,1143.7306,1.73
1787271180000,1143.7306,1.73
1787271240000,1143.7306,1.73
1787271300000,1143.7306,1.73
1787271360000,1143.7306,1.73
1787271420000,1143.7306,1.73
1787271480000,1143.7306,1.73
1787271540000,1143.7306,1.73
1787271600000,1143.7306,1.73
1787271660000,1143.7306,1.73
1787271720000,1143.7306,1.73
1787271780000,1143.7306,1.73
1787271840000,1143.7306,1.73
1787271900000,1143.7306,1.73
1787271960000,1143.7306,1.73
1787272020000,1143.7306,1.73
1787272080000,1143.7306,1.73
1787272140000,1143.7306,1.73
1787272200000,1143.7306,1.73
1787272260000,1143.7306,1.73
1787272320000,1143.7306,1.73
1787272380000,1143.7306,1.73
1787272440000,1143.7306,1.73
1787272500000,1143.7306,1.73
1787272560000,1143.7306,1.73
1787272620000,1143.7306,1.73
1787272680000,1143.7306,1.73
1787272740000,1143.7306,1.73
1787272800000,1143.7306,1.73
1787272860000,1143.7306,1.73
1787272920000,1143.7306,1.73
1787272980000,1143.7306,1.73
1787273040000,1143.7306,1.73
1787273100000,1143.7306,1.73
1787273160000,1143.7306,1.73
1787273220000,1143.7306,1.73
1787273280000,1143.7306,1.73
1787273340000,1143.7306,1.73
1787273400000,1143.7306,1.73
1787273460000,1143.7306,1.73
1787273520000,1143.7306,1.73
1787273580000,1143.7306,1.73
1787273640000,1143.7306,1.73
1787273700000,1143.7306,1.73
1787273760000,1143.7306,1.73
1787273820000,1143.7306,1.73
1787273880000,1143.7306,1.73
1787273940000,1143.7306,1.73
1787274000000,1143.7306,1.73
1787274060000,1143.7306,1.73
1787274120000,1143.7306,1.73
1787274180000,1143.7306,1.73
1787274240000,1143.7306,1.73
1787274300000,1143.7306,1.73
1787274360000,1143.7306,1.73
1787274420000,1143.7306,1.73
1787274480000,1143.7306,1.73
1787274540000,1143.7306,1.73
1787274600000,1143.7306,1.73
1787274660000,1143.7306,1.73
1787274720000,1143.7306,1.73
1787274780000,1143.7306,1.73
1787274840000,1143.7306,1.73
1787274900000,1143.7306,1.73
1787274960000,1143.7306,1.73
1787275020000,1143.7306,1.73
1787275080000,1143.7306,1.73
1787275140000,1143.7306,1.73
1787275200000,1143.7306,1.73
1787275260000,1143.7306,1.73
1787275320000,1143.7306,1.73
1787275380000,1143.7306,1.73
1787275440000,1143.7306,1.73
1787275500000,1143.7306,1.73
1787275560000,1143.7306,1.73
1787275620000,1143.7306,1.73
1787275680000,1143.7306,1.73
1787275740000,1143.7306,1.73
1787275800000,1143.7306,1.73
1787275860000,1143.7306,1.73
1787275920000,1143.7306,1.73
1787275980000,1143.7306,1.73
1787276040000,1143.7306,1.73
1787276100000,1143.7306,1.73
1787276160000,1143.7306,1.73
1787276220000,1143.7306,1.73
1787276280000,1143.7306,1.73
1787276340000,1143.7306,1.73
1787276400000,1143.7306,1.73
1787276460000,1143.7306,1.73
1787276520000,1143.7306,1.73
1787276580000,1143.7306,1.73
1787276640000,1143.7306,1.73
1787276700000,1143.7306,1.73
1787276760000,1143.7306,1.73
1787276820000,1168.7027,0.0
1787300040000,1168.7027,0.0
1787300100000,1168.7027,0.0
1787300160000,1168.7027,0.0
1787300220000,1168.7027,0.0
1787300280000,1168.7027,0.0
1787300340000,1168.7027,0.0
1787300400000,1168.7027,0.0
1787300460000,1168.7027,0.0
1787300520000,1168.7027,0.0
1787300580000,1168.7027,0.0
1787300640000,1168.7027,0.0
1787300700000,1168.7027,0.0
1787300760000,1168.7027,0.0
1787300820000,1168.7027,0.0
1787300880000,1168.7027,0.0
1787300940000,1168.7027,0.0
1787301000000,1168.7027,0.0
1787301060000,1168.7027,0.0
1787301120000,1168.7027,0.0
1787301180000,1168.7027,0.0
1787301240000,1168.7027,0.0
1787301300000,1168.7027,0.0
1787301360000,1168.7027,0.0
1787301420000,1168.7027,0.0
1787301480000,1168.7027,0.0
1787301540000,1168.7027,0.0
1787301600000,1168.7027,0.0
1787301660000,1168.7027,0.0
1787301720000,1168.7027,0.0
1787301780000,1168.7027,0.0
1787301840000,1168.7027,0.0
1787301900000,1168.7027,0.0
1787301960000,1193.84,0.0
1787306340000,1193.84,0.0
1787306400000,1193.84,0.0
1787306460000,1193.84,0.0
1787306520000,1193.84,0.0
1787306580000,1193.84,0.0
1787306640000,1193.84,0.0
1787306700000,1193.84,0.0
1787306760000,1193.84,0.0
1787306820000,1193.84,0.0
1787306880000,1193.84,0.0
1787306940000,1193.84,0.0
1787307000000,1193.84,0.0
1787307060000,1193.84,0.0
1787307120000,1193.84,0.0
1787307180000,1193.84,0.0
1787307240000,1193.84,0.0
1787307300000,1193.84,0.0
1787307360000,1193.84,0.0
1787307420000,1193.84,0.0
1787307480000,1193.84,0.0
1787307540000,1193.84,0.0
1787307600000,1193.84,0.0
1787307660000,1193.84,0.0
1787307720000,1193.84,0.0
1787307780000,1193.84,0.0
1787307840000,1193.84,0.0
1787307900000,1193.84,0.0
1787307960000,1193.84,0.0
1787308020000,1193.84,0.0
1787308080000,1193.84,0.0
1787308140000,1193.84,0.0
1787308200000,1193.84,0.0
1787308260000,1193.84,0.0
1787308320000,1193.84,0.0
1787308380000,1193.84,0.0
1787308440000,1193.84,0.0
1787308500000,1193.84,0.0
1787308560000,1193.84,0.0
1787308620000,1193.84,0.0
1787308680000,1193.84,0.0
1787308740000,1193.84,0.0
1787308800000,1193.84,0.0
1787308860000,1193.84,0.0
1787308920000,1193.84,0.0
1787308980000,1193.84,0.0
1787309040000,1193.84,0.0
1787309100000,1193.84,0.0
1787309160000,1193.84,0.0
1787309220000,1193.84,0.0
1787309280000,1193.84,0.0
1787309340000,1193.84,0.0
1787309400000,1193.84,0.0
1787309460000,1193.84,0.0
1787309520000,1193.84,0.0
1787309580000,1193.84,0.0
1787309640000,1193.84,0.0
1787309700000,1193.84,0.0
1787309760000,1193.84,0.0
1787309820000,1193.84,0.0
1787309880000,1193.84,0.0
1787309940000,1193.84,0.0
1787310000000,1193.84,0.0
1787310060000,1193.84,0.0
1787310120000,1182.4741,0.95
1787322060000,1182.4741,0.95
1787322120000,1182.4741,0.95
1787322180000,1182.4741,0.95
1787322240000,1182.4741,0.95
1787322300000,1182.4741,0.95
1787322360000,1182.4741,0.95
1787322420000,1172.4199,1.79
1787324760000,1172.4199,1.79
1787324820000,1172.4199,1.79
1787324880000,1172.4199,1.79
1787324940000,1172.4199,1.79
1787325000000,1172.4199,1.79
1787325060000,1172.4199,1.79
1787325120000,1172.4199,1.79
1787325180000,1172.4199,1.79
1787325240000,1172.4199,1.79
1787325300000,1172.4199,1.79
1787325360000,1172.4199,1.79
1787325420000,1172.4199,1.79
1787325480000,1172.4199,1.79
1787325540000,1172.4199,1.79
1787325600000,1172.4199,1.79
1787325660000,1172.4199,1.79
1787325720000,1172.4199,1.79
1787325780000,1172.4199,1.79
1787325840000,1172.4199,1.79
1787325900000,1172.4199,1.79
1787325960000,1172.4199,1.79
1787326020000,1172.4199,1.79
1787326080000,1172.4199,1.79
1787326140000,1172.4199,1.79
1787326200000,1172.4199,1.79
1787326260000,1172.4199,1.79
1787326320000,1172.4199,1.79
1787326380000,1172.4199,1.79
1787326440000,1172.4199,1.79
1787326500000,1172.4199,1.79
1787326560000,1172.4199,1.79
1787326620000,1172.4199,1.79
1787326680000,1172.4199,1.79
1787326740000,1172.4199,1.79
1787326800000,1172.4199,1.79
1787326860000,1172.4199,1.79
1787326920000,1172.4199,1.79
1787326980000,1172.4199,1.79
1787327040000,1172.4199,1.79
1787327100000,1172.4199,1.79
1787327160000,1172.4199,1.79
1787327220000,1172.4199,1.79
1787327280000,1172.4199,1.79
1787327340000,1172.4199,1.79
1787327400000,1172.4199,1.79
1787327460000,1172.4199,1.79
1787327520000,1172.4199,1.79
1787327580000,1172.4199,1.79
1787327640000,1172.4199,1.79
1787327700000,1172.4199,1.79
1787327760000,1172.4199,1.79
1787327820000,1172.4199,1.79
1787327880000,1172.4199,1.79
1787327940000,1172.4199,1.79
1787328000000,1172.4199,1.79
1787328060000,1172.4199,1.79
1787328120000,1172.4199,1.79
1787328180000,1172.4199,1.79
1787328240000,1172.4199,1.79
1787328300000,1172.4199,1.79
1787328360000,1172.4199,1.79
1787328420000,1161.9345,2.67
1787331060000,1161.9345,2.67
1787331120000,1161.9345,2.67
1787331180000,1161.9345,2.67
1787331240000,1161.9345,2.67
1787331300000,1161.9345,2.67
1787331360000,1161.9345,2.67
1787331420000,1161.9345,2.67
1787331480000,1161.9345,2.67
1787331540000,1161.9345,2.67
1787331600000,1161.9345,2.67
1787331660000,1161.9345,2.67
1787331720000,1161.9345,2.67
1787331780000,1161.9345,2.67
1787331840000,1161.9345,2.67
1787331900000,1161.9345,2.67
1787331960000,1161.9345,2.67
1787332020000,1161.9345,2.67
1787332080000,1161.9345,2.67
1787332140000,1161.9345,2.67
1787332200000,1161.9345,2.67
1787332260000,1161.9345,2.67
1787332320000,1161.9345,2.67
1787332380000,1161.9345,2.67
1787332440000,1161.9345,2.67
1787332500000,1161.9345,2.67
1787332560000,1161.9345,2.67
1787332620000,1161.9345,2.67
1787332680000,1161.9345,2.67
1787332740000,1161.9345,2.67
1787332800000,1161.9345,2.67
1787332860000,1161.9345,2.67
1787332920000,1161.9345,2.67
1787332980000,1161.9345,2.67
1787333040000,1161.9345,2.67
1787333100000,1161.9345,2.67
1787333160000,1161.9345,2.67
1787333220000,1161.9345,2.67
1787333280000,1161.9345,2.67
1787333340000,1161.9345,2.67
1787333400000,1161.9345,2.67
1787333460000,1161.9345,2.67
1787333520000,1161.9345,2.67
1787333580000,1161.9345,2.67
1787333640000,1161.9345,2.67
1787333700000,1161.9345,2.67
1787333760000,1161.9345,2.67
1787333820000,1161.9345,2.67
1787333880000,1161.9345,2.67
1787333940000,1161.9345,2.67
1787334000000,1161.9345,2.67
1787334060000,1161.9345,2.67
1787334120000,1161.9345,2.67
1787334180000,1161.9345,2.67
1787334240000,1161.9345,2.67
1787334300000,1161.9345,2.67
1787334360000,1161.9345,2.67
1787334420000,1161.9345,2.67
1787334480000,1161.9345,2.67
1787334540000,1161.9345,2.67
1787334600000,1161.9345,2.67
1787334660000,1161.9345,2.67
1787334720000,1161.9345,2.67
1787334780000,1161.9345,2.67
1787334840000,1161.9345,2.67
1787334900000,1161.9345,2.67
1787334960000,1161.9345,2.67
1787335020000,1161.9345,2.67
1787335080000,1161.9345,2.67
1787335140000,1161.9345,2.67
1787335200000,1161.9345,2.67
1787335260000,1161.9345,2.67
1787335320000,1161.9345,2.67
1787335380000,1161.9345,2.67
1787335440000,1161.9345,2.67
1787335500000,1161.9345,2.67
1787335560000,1161.9345,2.67
1787335620000,1161.9345,2.67
1787335680000,1161.9345,2.67
1787335740000,1161.9345,2.67
1787335800000,1161.9345,2.67
1787335860000,1161.9345,2.67
1787335920000,1161.9345,2.67
1787335980000,1161.9345,2.67
1787336040000,1161.9345,2.67
1787336100000,1161.9345,2.67
1787336160000,1161.9345,2.67
1787336220000,1161.9345,2.67
1787336280000,1161.9345,2.67
1787336340000,1161.9345,2.67
1787336400000,1161.9345,2.67
1787336460000,1161.9345,2.67
1787336520000,1161.9345,2.67
1787336580000,1161.9345,2.67
1787336640000,1161.9345,2.67
1787336700000,1161.9345,2.67
1787336760000,1161.9345,2.67
1787336820000,1161.9345,2.67
1787336880000,1161.9345,2.67
1787336940000,1161.9345,2.67
1787337000000,1161.9345,2.67
1787337060000,1161.9345,2.67
1787337120000,1161.9345,2.67
1787337180000,1161.9345,2.67
1787337240000,1161.9345,2.67
1787337300000,1161.9345,2.67
1787337360000,1161.9345,2.67
1787337420000,1161.9345,2.67
1787337480000,1161.9345,2.67
1787337540000,1161.9345,2.67
1787337600000,1161.9345,2.67
1787337660000,1161.9345,2.67
1787337720000,1161.9345,2.67
1787337780000,1161.9345,2.67
1787337840000,1161.9345,2.67
1787337900000,1151.2591,3.57
1787340420000,1151.2591,3.57
1787340480000,1151.2591,3.57
1787340540000,1151.2591,3.57
1787340600000,1151.2591,3.57
1787340660000,1151.2591,3.57
1787340720000,1151.2591,3.57
1787340780000,1151.2591,3.57
1787340840000,1151.2591,3.57
1787340900000,1151.2591,3.57
1787340960000,1151.2591,3.57
1787341020000,1151.2591,3.57
1787341080000,1151.2591,3.57
1787341140000,1151.2591,3.57
1787341200000,1151.2591,3.57
1787341260000,1151.2591,3.57
1787341320000,1151.2591,3.57
1787341380000,1151.2591,3.57
1787341440000,1151.2591,3.57
1787341500000,1151.2591,3.57
1787341560000,1151.2591,3.57
1787341620000,1151.2591,3.57
1787341680000,1151.2591,3.57
1787341740000,1151.2591,3.57
1787341800000,1151.2591,3.57
1787341860000,1151.2591,3.57
1787341920000,1151.2591,3.57
1787341980000,1151.2591,3.57
1787342040000,1151.2591,3.57
1787342100000,1151.2591,3.57
1787342160000,1151.2591,3.57
1787342220000,1151.2591,3.57
1787342280000,1151.2591,3.57
1787342340000,1151.2591,3.57
1787342400000,1151.2591,3.57
1787342460000,1151.2591,3.57
1787342520000,1151.2591,3.57
1787342580000,1151.2591,3.57
1787342640000,1151.2591,3.57
1787342700000,1151.2591,3.57
1787342760000,1151.2591,3.57
1787342820000,1151.2591,3.57
1787342880000,1151.2591,3.57
1787342940000,1151.2591,3.57
1787343000000,1151.2591,3.57
1787343060000,1151.2591,3.57
1787343120000,1151.2591,3.57
1787343180000,1151.2591,3.57
1787343240000,1151.2591,3.57
1787343300000,1151.2591,3.57
1787343360000,1151.2591,3.57
1787343420000,1151.2591,3.57
1787343480000,1151.2591,3.57
1787343540000,1151.2591,3.57
1787343600000,1151.2591,3.57
1787343660000,1151.2591,3.57
1787343720000,1151.2591,3.57
1787343780000,1151.2591,3.57
1787343840000,1173.43,1.71
1787344620000,1173.43,1.71
1787344680000,1161.6581,2.7
1787387280000,1161.6581,2.7
1787387340000,1161.6581,2.7
1787387400000,1161.6581,2.7
1787387460000,1161.6581,2.7
1787387520000,1161.6581,2.7
1787387580000,1161.6581,2.7
1787387640000,1161.6581,2.7
1787387700000,1161.6581,2.7
1787387760000,1161.6581,2.7
1787387820000,1161.6581,2.7
1787387880000,1161.6581,2.7
1787387940000,1161.6581,2.7
1787388000000,1161.6581,2.7
1787388060000,1161.6581,2.7
1787388120000,1161.6581,2.7
1787388180000,1161.6581,2.7
1787388240000,1161.6581,2.7
1787388300000,1161.6581,2.7
1787388360000,1161.6581,2.7
1787388420000,1161.6581,2.7
1787388480000,1161.6581,2.7
1787388540000,1161.6581,2.7
1787388600000,1161.6581,2.7
1787388660000,1161.6581,2.7
1787388720000,1161.6581,2.7
1787388780000,1161.6581,2.7
1787388840000,1161.6581,2.7
1787388900000,1161.6581,2.7
1787388960000,1161.6581,2.7
1787389020000,1161.6581,2.7
1787389080000,1161.6581,2.7
1787389140000,1161.6581,2.7
1787389200000,1161.6581,2.7
1787389260000,1161.6581,2.7
1787389320000,1161.6581,2.7
1787389380000,1161.6581,2.7
1787389440000,1161.6581,2.7
1787389500000,1161.6581,2.7
1787389560000,1161.6581,2.7
1787389620000,1161.6581,2.7
1787389680000,1161.6581,2.7
1787389740000,1161.6581,2.7
1787389800000,1161.6581,2.7
1787389860000,1161.6581,2.7
1787389920000,1161.6581,2.7
1787389980000,1161.6581,2.7
1787390040000,1161.6581,2.7
1787390100000,1161.6581,2.7
1787390160000,1161.6581,2.7
1787390220000,1161.6581,2.7
1787390280000,1161.6581,2.7
1787390340000,1161.6581,2.7
1787390400000,1161.6581,2.7
1787390460000,1161.6581,2.7
1787390520000,1161.6581,2.7
1787390580000,1161.6581,2.7
1787390640000,1161.6581,2.7
1787390700000,1161.6581,2.7
1787390760000,1161.6581,2.7
1787390820000,1161.6581,2.7
1787390880000,1161.6581,2.7
1787390940000,1161.6581,2.7
1787391000000,1161.6581,2.7
1787391060000,1161.6581,2.7
1787391120000,1161.6581,2.7
1787391180000,1161.6581,2.7
1787391240000,1161.6581,2.7
1787391300000,1161.6581,2.7
1787391360000,1161.6581,2.7
1787391420000,1161.6581,2.7
1787391480000,1161.6581,2.7
1787391540000,1161.6581,2.7
1787391600000,1161.6581,2.7
1787391660000,1161.6581,2.7
1787391720000,1161.6581,2.7
1787391780000,1161.6581,2.7
1787391840000,1161.6581,2.7
1787391900000,1161.6581,2.7
1787391960000,1161.6581,2.7
1787392020000,1161.6581,2.7
1787392080000,1161.6581,2.7
1787392140000,1161.6581,2.7
1787392200000,1161.6581,2.7
1787392260000,1161.6581,2.7
1787392320000,1161.6581,2.7
1787392380000,1161.6581,2.7
1787392440000,1161.6581,2.7
1787392500000,1161.6581,2.7
1787392560000,1161.6581,2.7
1787392620000,1161.6581,2.7
1787392680000,1161.6581,2.7
1787392740000,1161.6581,2.7
1787392800000,1161.6581,2.7
1787392860000,1161.6581,2.7
1787392920000,1161.6581,2.7
1787392980000,1161.6581,2.7
1787393040000,1161.6581,2.7
1787393100000,1161.6581,2.7
1787393160000,1161.6581,2.7
1787393220000,1161.6581,2.7
1787393280000,1161.6581,2.7
1787393340000,1161.6581,2.7
1787393400000,1161.6581,2.7
1787393460000,1161.6581,2.7
1787393520000,1161.6581,2.7
1787393580000,1161.6581,2.7
1787393640000,1161.6581,2.7
1787393700000,1161.6581,2.7
1787393760000,1161.6581,2.7
1787393820000,1161.6581,2.7
1787393880000,1161.6581,2.7
1787393940000,1161.6581,2.7
1787394000000,1161.6581,2.7
1787394060000,1161.6581,2.7
1787394120000,1161.6581,2.7
1787394180000,1161.6581,2.7
1787394240000,1161.6581,2.7
1787394300000,1161.6581,2.7
1787394360000,1161.6581,2.7
1787394420000,1161.6581,2.7
1787394480000,1161.6581,2.7
1787394540000,1161.6581,2.7
1787394600000,1161.6581,2.7
1787394660000,1161.6581,2.7
1787394720000,1161.6581,2.7
1787394780000,1161.6581,2.7
1787394840000,1161.6581,2.7
1787394900000,1161.6581,2.7
1787394960000,1161.6581,2.7
1787395020000,1161.6581,2.7
1787395080000,1161.6581,2.7
1787395140000,1161.6581,2.7
1787395200000,1161.6581,2.7
1787395260000,1161.6581,2.7
1787395320000,1161.6581,2.7
1787395380000,1161.6581,2.7
1787395440000,1161.6581,2.7
1787395500000,1161.6581,2.7
1787395560000,1161.6581,2.7
1787395620000,1161.6581,2.7
1787395680000,1161.6581,2.7
1787395740000,1161.6581,2.7
1787395800000,1161.6581,2.7
1787395860000,1161.6581,2.7
1787395920000,1161.6581,2.7
1787395980000,1161.6581,2.7
1787396040000,1161.6581,2.7
1787396100000,1161.6581,2.7
1787396160000,1161.6581,2.7
1787396220000,1161.6581,2.7
1787396280000,1161.6581,2.7
1787396340000,1161.6581,2.7
1787396400000,1161.6581,2.7
1787396460000,1161.6581,2.7
1787396520000,1161.6581,2.7
1787396580000,1161.6581,2.7
1787396640000,1161.6581,2.7
1787396700000,1161.6581,2.7
1787396760000,1161.6581,2.7
1787396820000,1161.6581,2.7
1787396880000,1161.6581,2.7
1787396940000,1161.6581,2.7
1787397000000,1161.6581,2.7
1787397060000,1161.6581,2.7
1787397120000,1161.6581,2.7
1787397180000,1161.6581,2.7
1787397240000,1161.6581,2.7
1787397300000,1161.6581,2.7
1787397360000,1161.6581,2.7
1787397420000,1161.6581,2.7
1787397480000,1161.6581,2.7
1787397540000,1161.6581,2.7
1787397600000,1161.6581,2.7
1787397660000,1161.6581,2.7
1787397720000,1161.6581,2.7
1787397780000,1161.6581,2.7
1787397840000,1161.6581,2.7
1787397900000,1161.6581,2.7
1787397960000,1161.6581,2.7
1787398020000,1161.6581,2.7
1787398080000,1161.6581,2.7
1787398140000,1161.6581,2.7
1787398200000,1161.6581,2.7
1787398260000,1161.6581,2.7
1787398320000,1161.6581,2.7
1787398380000,1161.6581,2.7
1787398440000,1161.6581,2.7
1787398500000,1161.6581,2.7
1787398560000,1161.6581,2.7
1787398620000,1161.6581,2.7
1787398680000,1161.6581,2.7
1787398740000,1161.6581,2.7
1787398800000,1161.6581,2.7
1787398860000,1161.6581,2.7
1787398920000,1161.6581,2.7
1787398980000,1161.6581,2.7
1787399040000,1161.6581,2.7
1787399100000,1161.6581,2.7
1787399160000,1161.6581,2.7
1787399220000,1161.6581,2.7
1787399280000,1161.6581,2.7
1787399340000,1161.6581,2.7
1787399400000,1161.6581,2.7
1787399460000,1161.6581,2.7
1787399520000,1161.6581,2.7
1787399580000,1161.6581,2.7
1787399640000,1161.6581,2.7
1787399700000,1161.6581,2.7
1787399760000,1161.6581,2.7
1787399820000,1161.6581,2.7
1787399880000,1161.6581,2.7
1787399940000,1161.6581,2.7
1787400000000,1161.6581,2.7
1787400060000,1161.6581,2.7
1787400120000,1161.6581,2.7
1787400180000,1161.6581,2.7
1787400240000,1161.6581,2.7
1787400300000,1161.6581,2.7
1787400360000,1161.6581,2.7
1787400420000,1161.6581,2.7
1787400480000,1161.6581,2.7
1787400540000,1161.6581,2.7
1787400600000,1161.6581,2.7
1787400660000,1161.6581,2.7
1787400720000,1161.6581,2.7
1787400780000,1161.6581,2.7
1787400840000,1161.6581,2.7
1787400900000,1161.6581,2.7
1787400960000,1161.6581,2.7
1787401020000,1161.6581,2.7
1787401080000,1161.6581,2.7
1787401140000,1161.6581,2.7
1787401200000,1161.6581,2.7
1787401260000,1161.6581,2.7
1787401320000,1161.6581,2.7
1787401380000,1161.6581,2.7
1787401440000,1161.6581,2.7
1787401500000,1161.6581,2.7
1787401560000,1161.6581,2.7
1787401620000,1161.6581,2.7
1787401680000,1161.6581,2.7
1787401740000,1161.6581,2.7
1787401800000,1161.6581,2.7
1787401860000,1161.6581,2.7
1787401920000,1161.6581,2.7
1787401980000,1161.6581,2.7
1787402040000,1161.6581,2.7
1787402100000,1161.6581,2.7
1787402160000,1161.6581,2.7
1787402220000,1161.6581,2.7
1787402280000,1161.6581,2.7
1787402340000,1161.6581,2.7
1787402400000,1161.6581,2.7
1787402460000,1161.6581,2.7
1787402520000,1161.6581,2.7
1787402580000,1161.6581,2.7
1787402640000,1161.6581,2.7
1787402700000,1161.6581,2.7
1787402760000,1161.6581,2.7
1787402820000,1161.6581,2.7
1787402880000,1161.6581,2.7
1787402940000,1161.6581,2.7
1787403000000,1161.6581,2.7
1787403060000,1161.6581,2.7
1787403120000,1161.6581,2.7
1787403180000,1161.6581,2.7
1787403240000,1161.6581,2.7
1787403300000,1161.6581,2.7
1787403360000,1161.6581,2.7
1787403420000,1161.6581,2.7
1787403480000,1161.6581,2.7
1787403540000,1161.6581,2.7
1787403600000,1161.6581,2.7
1787403660000,1161.6581,2.7
1787403720000,1161.6581,2.7
1787403780000,1161.6581,2.7
1787403840000,1161.6581,2.7
1787403900000,1161.6581,2.7
1787403960000,1161.6581,2.7
1787404020000,1161.6581,2.7
1787404080000,1161.6581,2.7
1787404140000,1161.6581,2.7
1787404200000,1161.6581,2.7
1787404260000,1161.6581,2.7
1787404320000,1161.6581,2.7
1787404380000,1161.6581,2.7
1787404440000,1161.6581,2.7
1787404500000,1161.6581,2.7
1787404560000,1161.6581,2.7
1787404620000,1161.6581,2.7
1787404680000,1161.6581,2.7
1787404740000,1161.6581,2.7
1787404800000,1161.6581,2.7
1787404860000,1161.6581,2.7
1787404920000,1161.6581,2.7
1787404980000,1161.6581,2.7
1787405040000,1161.6581,2.7
1787405100000,1161.6581,2.7
1787405160000,1161.6581,2.7
1787405220000,1161.6581,2.7
1787405280000,1161.6581,2.7
1787405340000,1161.6581,2.7
1787405400000,1161.6581,2.7
1787405460000,1161.6581,2.7
1787405520000,1161.6581,2.7
1787405580000,1161.6581,2.7
1787405640000,1161.6581,2.7
1787405700000,1161.6581,2.7
1787405760000,1161.6581,2.7
1787405820000,1161.6581,2.7
1787405880000,1161.6581,2.7
1787405940000,1161.6581,2.7
1787406000000,1161.6581,2.7
1787406060000,1161.6581,2.7
1787406120000,1161.6581,2.7
1787406180000,1161.6581,2.7
1787406240000,1161.6581,2.7
1787406300000,1161.6581,2.7
1787406360000,1161.6581,2.7
1787406420000,1161.6581,2.7
1787406480000,1161.6581,2.7
1787406540000,1161.6581,2.7
1787406600000,1161.6581,2.7
1787406660000,1161.6581,2.7
1787406720000,1161.6581,2.7
1787406780000,1161.6581,2.7
1787406840000,1161.6581,2.7
1787406900000,1161.6581,2.7
1787406960000,1161.6581,2.7
1787407020000,1161.6581,2.7
1787407080000,1161.6581,2.7
1787407140000,1161.6581,2.7
1787407200000,1161.6581,2.7
1787407260000,1161.6581,2.7
1787407320000,1161.6581,2.7
1787407380000,1161.6581,2.7
1787407440000,1161.6581,2.7
1787407500000,1161.6581,2.7
1787407560000,1161.6581,2.7
1787407620000,1161.6581,2.7
1787407680000,1161.6581,2.7
1787407740000,1161.6581,2.7
1787407800000,1161.6581,2.7
1787407860000,1161.6581,2.7
1787407920000,1161.6581,2.7
1787407980000,1161.6581,2.7
1787408040000,1161.6581,2.7
1787408100000,1161.6581,2.7
1787408160000,1161.6581,2.7
1787408220000,1161.6581,2.7
1787408280000,1161.6581,2.7
1787408340000,1161.6581,2.7
1787408400000,1161.6581,2.7
1787408460000,1161.6581,2.7
1787408520000,1161.6581,2.7
1787408580000,1161.6581,2.7
1787408640000,1161.6581,2.7
1787408700000,1161.6581,2.7
1787408760000,1161.6581,2.7
1787408820000,1161.6581,2.7
1787408880000,1161.6581,2.7
1787408940000,1161.6581,2.7
1787409000000,1161.6581,2.7
1787409060000,1161.6581,2.7
1787409120000,1161.6581,2.7
1787409180000,1161.6581,2.7
1787409240000,1161.6581,2.7
1787409300000,1161.6581,2.7
1787409360000,1161.6581,2.7
1787409420000,1161.6581,2.7
1787409480000,1161.6581,2.7
1787409540000,1161.6581,2.7
1787409600000,1161.6581,2.7
1787409660000,1161.6581,2.7
1787409720000,1161.6581,2.7
1787409780000,1161.6581,2.7
1787409840000,1161.6581,2.7
1787409900000,1161.6581,2.7
1787409960000,1161.6581,2.7
1787410020000,1161.6581,2.7
1787410080000,1161.6581,2.7
1787410140000,1161.6581,2.7
1787410200000,1161.6581,2.7
1787410260000,1161.6581,2.7
1787410320000,1161.6581,2.7
1787410380000,1161.6581,2.7
1787410440000,1161.6581,2.7
1787410500000,1161.6581,2.7
1787410560000,1161.6581,2.7
1787410620000,1161.6581,2.7
1787410680000,1161.6581,2.7
1787410740000,1161.6581,2.7
1787410800000,1161.6581,2.7
1787410860000,1161.6581,2.7
1787410920000,1161.6581,2.7
1787410980000,1161.6581,2.7
1787411040000,1161.6581,2.7
1787411100000,1161.6581,2.7
1787411160000,1161.6581,2.7
1787411220000,1161.6581,2.7
1787411280000,1161.6581,2.7
1787411340000,1161.6581,2.7
1787411400000,1161.6581,2.7
1787411460000,1161.6581,2.7
1787411520000,1161.6581,2.7
1787411580000,1161.6581,2.7
1787411640000,1161.6581,2.7
1787411700000,1161.6581,2.7
1787411760000,1161.6581,2.7
1787411820000,1161.6581,2.7
1787411880000,1161.6581,2.7
1787411940000,1161.6581,2.7
1787412000000,1161.6581,2.7
1787412060000,1161.6581,2.7
1787412120000,1161.6581,2.7
1787412180000,1161.6581,2.7
1787412240000,1161.6581,2.7
1787412300000,1161.6581,2.7
1787412360000,1161.6581,2.7
1787412420000,1161.6581,2.7
1787412480000,1161.6581,2.7
1787412540000,1161.6581,2.7
1787412600000,1161.6581,2.7
1787412660000,1161.6581,2.7
1787412720000,1161.6581,2.7
1787412780000,1161.6581,2.7
1787412840000,1161.6581,2.7
1787412900000,1161.6581,2.7
1787412960000,1161.6581,2.7
1787413020000,1161.6581,2.7
1787413080000,1161.6581,2.7
1787413140000,1161.6581,2.7
1787413200000,1161.6581,2.7
1787413260000,1161.6581,2.7
1787413320000,1161.6581,2.7
1787413380000,1161.6581,2.7
1787413440000,1161.6581,2.7
1787413500000,1161.6581,2.7
1787413560000,1161.6581,2.7
1787413620000,1161.6581,2.7
1787413680000,1161.6581,2.7
1787413740000,1161.6581,2.7
1787413800000,1161.6581,2.7
1787413860000,1161.6581,2.7
1787413920000,1161.6581,2.7
1787413980000,1161.6581,2.7
1787414040000,1161.6581,2.7
1787414100000,1161.6581,2.7
1787414160000,1161.6581,2.7
1787414220000,1161.6581,2.7
1787414280000,1161.6581,2.7
1787414340000,1161.6581,2.7
1787414400000,1161.6581,2.7
1787414460000,1161.6581,2.7
1787414520000,1161.6581,2.7
1787414580000,1161.6581,2.7
1787414640000,1161.6581,2.7
1787414700000,1161.6581,2.7
1787414760000,1161.6581,2.7
1787414820000,1161.6581,2.7
1787414880000,1161.6581,2.7
1787414940000,1161.6581,2.7
1787415000000,1161.6581,2.7
1787415060000,1161.6581,2.7
1787415120000,1161.6581,2.7
1787415180000,1161.6581,2.7
1787415240000,1161.6581,2.7
1787415300000,1161.6581,2.7
1787415360000,1161.6581,2.7
1787415420000,1161.6581,2.7
1787415480000,1161.6581,2.7
1787415540000,1161.6581,2.7
1787415600000,1161.6581,2.7
1787415660000,1161.6581,2.7
1787415720000,1161.6581,2.7
1787415780000,1161.6581,2.7
1787415840000,1161.6581,2.7
1787415900000,1161.6581,2.7
1787415960000,1161.6581,2.7
1787416020000,1161.6581,2.7
1787416080000,1161.6581,2.7
1787416140000,1161.6581,2.7
1787416200000,1161.6581,2.7
1787416260000,1161.6581,2.7
1787416320000,1161.6581,2.7
1787416380000,1161.6581,2.7
1787416440000,1161.6581,2.7
1787416500000,1161.6581,2.7
1787416560000,1161.6581,2.7
1787416620000,1161.6581,2.7
1787416680000,1161.6581,2.7
1787416740000,1161.6581,2.7
1787416800000,1161.6581,2.7
1787416860000,1161.6581,2.7
1787416920000,1161.6581,2.7
1787416980000,1161.6581,2.7
1787417040000,1161.6581,2.7
1787417100000,1161.6581,2.7
1787417160000,1161.6581,2.7
1787417220000,1161.6581,2.7
1787417280000,1161.6581,2.7
1787417340000,1161.6581,2.7
1787417400000,1161.6581,2.7
1787417460000,1161.6581,2.7
1787417520000,1161.6581,2.7
1787417580000,1161.6581,2.7
1787417640000,1161.6581,2.7
1787417700000,1161.6581,2.7
1787417760000,1161.6581,2.7
1787417820000,1161.6581,2.7
1787417880000,1161.6581,2.7
1787417940000,1161.6581,2.7
1787418000000,1161.6581,2.7
1787418060000,1161.6581,2.7
1787418120000,1161.6581,2.7
1787418180000,1161.6581,2.7
1787418240000,1161.6581,2.7
1787418300000,1161.6581,2.7
1787418360000,1161.6581,2.7
1787418420000,1161.6581,2.7
1787418480000,1161.6581,2.7
1787418540000,1161.6581,2.7
1787418600000,1161.6581,2.7
1787418660000,1161.6581,2.7
1787418720000,1161.6581,2.7
1787418780000,1161.6581,2.7
1787418840000,1161.6581,2.7
1787418900000,1161.6581,2.7
1787418960000,1161.6581,2.7
1787419020000,1161.6581,2.7
1787419080000,1161.6581,2.7
1787419140000,1161.6581,2.7
1787419200000,1161.6581,2.7
1787419260000,1161.6581,2.7
1787419320000,1161.6581,2.7
1787419380000,1161.6581,2.7
1787419440000,1161.6581,2.7
1787419500000,1161.6581,2.7
1787419560000,1161.6581,2.7
1787419620000,1161.6581,2.7
1787419680000,1161.6581,2.7
1787419740000,1161.6581,2.7
1787419800000,1161.6581,2.7
1787419860000,1161.6581,2.7
1787419920000,1161.6581,2.7
1787419980000,1161.6581,2.7
1787420040000,1161.6581,2.7
1787420100000,1161.6581,2.7
1787420160000,1161.6581,2.7
1787420220000,1161.6581,2.7
1787420280000,1161.6581,2.7
1787420340000,1161.6581,2.7
1787420400000,1161.6581,2.7
1787420460000,1161.6581,2.7
1787420520000,1161.6581,2.7
1787420580000,1161.6581,2.7
1787420640000,1161.6581,2.7
1787420700000,1161.6581,2.7
1787420760000,1161.6581,2.7
1787420820000,1161.6581,2.7
1787420880000,1161.6581,2.7
1787420940000,1161.6581,2.7
1787421000000,1161.6581,2.7
1787421060000,1161.6581,2.7
1787421120000,1161.6581,2.7
1787421180000,1161.6581,2.7
1787421240000,1161.6581,2.7
1787421300000,1161.6581,2.7
1787421360000,1161.6581,2.7
1787421420000,1161.6581,2.7
1787421480000,1161.6581,2.7
1787421540000,1161.6581,2.7
1787421600000,1161.6581,2.7
1787421660000,1161.6581,2.7
1787421720000,1161.6581,2.7
1787421780000,1161.6581,2.7
1787421840000,1161.6581,2.7
1787421900000,1161.6581,2.7
1787421960000,1161.6581,2.7
1787422020000,1161.6581,2.7
1787422080000,1161.6581,2.7
1787422140000,1161.6581,2.7
1787422200000,1161.6581,2.7
1787422260000,1161.6581,2.7
1787422320000,1161.6581,2.7
1787422380000,1161.6581,2.7
1787422440000,1161.6581,2.7
1787422500000,1161.6581,2.7
1787422560000,1161.6581,2.7
1787422620000,1161.6581,2.7
1787422680000,1161.6581,2.7
1787422740000,1161.6581,2.7
1787422800000,1161.6581,2.7
1787422860000,1161.6581,2.7
1787422920000,1161.6581,2.7
1787422980000,1161.6581,2.7
1787423040000,1161.6581,2.7
1787423100000,1161.6581,2.7
1787423160000,1161.6581,2.7
1787423220000,1161.6581,2.7
1787423280000,1161.6581,2.7
1787423340000,1161.6581,2.7
1787423400000,1161.6581,2.7
1787423460000,1161.6581,2.7
1787423520000,1161.6581,2.7
1787423580000,1161.6581,2.7
1787423640000,1161.6581,2.7
1787423700000,1161.6581,2.7
1787423760000,1161.6581,2.7
1787423820000,1161.6581,2.7
1787423880000,1161.6581,2.7
1787423940000,1161.6581,2.7
1787424000000,1161.6581,2.7
1787424060000,1161.6581,2.7
1787424120000,1161.6581,2.7
1787424180000,1161.6581,2.7
1787424240000,1161.6581,2.7
1787424300000,1161.6581,2.7
1787424360000,1161.6581,2.7
1787424420000,1161.6581,2.7
1787424480000,1161.6581,2.7
1787424540000,1161.6581,2.7
1787424600000,1161.6581,2.7
1787424660000,1161.6581,2.7
1787424720000,1161.6581,2.7
1787424780000,1161.6581,2.7
1787424840000,1161.6581,2.7
1787424900000,1161.6581,2.7
1787424960000,1161.6581,2.7
1787425020000,1161.6581,2.7
1787425080000,1161.6581,2.7
1787425140000,1161.6581,2.7
1787425200000,1161.6581,2.7
1787425260000,1161.6581,2.7
1787425320000,1161.6581,2.7
1787425380000,1161.6581,2.7
1787425440000,1161.6581,2.7
1787425500000,1161.6581,2.7
1787425560000,1161.6581,2.7
1787425620000,1161.6581,2.7
1787425680000,1161.6581,2.7
1787425740000,1161.6581,2.7
1787425800000,1161.6581,2.7
1787425860000,1161.6581,2.7
1787425920000,1161.6581,2.7
1787425980000,1161.6581,2.7
1787426040000,1161.6581,2.7
1787426100000,1161.6581,2.7
1787426160000,1161.6581,2.7
1787426220000,1161.6581,2.7
1787426280000,1161.6581,2.7
1787426340000,1161.6581,2.7
1787426400000,1161.6581,2.7
1787426460000,1161.6581,2.7
1787426520000,1161.6581,2.7
1787426580000,1161.6581,2.7
1787426640000,1161.6581,2.7
1787426700000,1161.6581,2.7
1787426760000,1161.6581,2.7
1787426820000,1161.6581,2.7
1787426880000,1161.6581,2.7
1787426940000,1161.6581,2.7
1787427000000,1161.6581,2.7
1787427060000,1161.6581,2.7
1787427120000,1161.6581,2.7
1787427180000,1161.6581,2.7
1787427240000,1161.6581,2.7
1787427300000,1161.6581,2.7
1787427360000,1161.6581,2.7
1787427420000,1161.6581,2.7
1787427480000,1161.6581,2.7
1787427540000,1161.6581,2.7
1787427600000,1161.6581,2.7
1787427660000,1161.6581,2.7
1787427720000,1161.6581,2.7
1787427780000,1161.6581,2.7
1787427840000,1161.6581,2.7
1787427900000,1161.6581,2.7
1787427960000,1161.6581,2.7
1787428020000,1161.6581,2.7
1787428080000,1161.6581,2.7
1787428140000,1161.6581,2.7
1787428200000,1161.6581,2.7
1787428260000,1151.5087,3.55
1787474040000,1151.5087,3.55
1787474100000,1151.5087,3.55
1787474160000,1151.5087,3.55
1787474220000,1151.5087,3.55
1787474280000,1151.5087,3.55
1787474340000,1151.5087,3.55
1787474400000,1151.5087,3.55
1787474460000,1151.5087,3.55
1787474520000,1151.5087,3.55
1787474580000,1151.5087,3.55
1787474640000,1151.5087,3.55
1787474700000,1151.5087,3.55
1787474760000,1151.5087,3.55
1787474820000,1151.5087,3.55
1787474880000,1151.5087,3.55
1787474940000,1151.5087,3.55
1787475000000,1151.5087,3.55
1787475060000,1151.5087,3.55
1787475120000,1151.5087,3.55
1787475180000,1151.5087,3.55
1787475240000,1151.5087,3.55
1787475300000,1151.5087,3.55
1787475360000,1151.5087,3.55
1787475420000,1151.5087,3.55
1787475480000,1151.5087,3.55
1787475540000,1151.5087,3.55
1787475600000,1151.5087,3.55
1787475660000,1151.5087,3.55
1787475720000,1151.5087,3.55
1787475780000,1151.5087,3.55
1787475840000,1151.5087,3.55
1787475900000,1151.5087,3.55
1787475960000,1151.5087,3.55
1787476020000,1151.5087,3.55
1787476080000,1151.5087,3.55
1787476140000,1151.5087,3.55
1787476200000,1151.5087,3.55
1787476260000,1151.5087,3.55
1787476320000,1151.5087,3.55
1787476380000,1151.5087,3.55
1787476440000,1151.5087,3.55
1787476500000,1151.5087,3.55
1787476560000,1151.5087,3.55
1787476620000,1151.5087,3.55
1787476680000,1151.5087,3.55
1787476740000,1151.5087,3.55
1787476800000,1151.5087,3.55
1787476860000,1151.5087,3.55
1787476920000,1151.5087,3.55
1787476980000,1151.5087,3.55
1787477040000,1151.5087,3.55
1787477100000,1151.5087,3.55
1787477160000,1151.5087,3.55
1787477220000,1151.5087,3.55
1787477280000,1151.5087,3.55
1787477340000,1151.5087,3.55
1787477400000,1151.5087,3.55
1787477460000,1151.5087,3.55
1787477520000,1151.5087,3.55
1787477580000,1151.5087,3.55
1787477640000,1151.5087,3.55
1787477700000,1140.2756,4.49
1787491200000,1140.2756,4.49
1787491260000,1140.2756,4.49
1787491320000,1140.2756,4.49
1787491380000,1140.2756,4.49
1787491440000,1140.2756,4.49
1787491500000,1140.2756,4.49
1787491560000,1140.2756,4.49
1787491620000,1140.2756,4.49
1787491680000,1140.2756,4.49
1787491740000,1140.2756,4.49
1787491800000,1140.2756,4.49
1787491860000,1130.7237,5.29
1787494440000,1130.7237,5.29
1787494500000,1130.7237,5.29
1787494560000,1130.7237,5.29
1787494620000,1130.7237,5.29
1787494680000,1130.7237,5.29
1787494740000,1130.7237,5.29
1787494800000,1130.7237,5.29
1787494860000,1130.7237,5.29
1787494920000,1130.7237,5.29
1787494980000,1130.7237,5.29
1787495040000,1130.7237,5.29
1787495100000,1130.7237,5.29
1787495160000,1130.7237,5.29
1787495220000,1130.7237,5.29
1787495280000,1130.7237,5.29
1787495340000,1130.7237,5.29
1787495400000,1130.7237,5.29
1787495460000,1130.7237,5.29
1787495520000,1120.9969,6.1
1787571360000,1120.9969,6.1
1787571420000,1120.9969,6.1
1787571480000,1120.9969,6.1
1787571540000,1120.9969,6.1
1787571600000,1120.9969,6.1
1787571660000,1120.9969,6.1
1787571720000,1120.9969,6.1
1787571780000,1120.9969,6.1
1787571840000,1120.9969,6.1
1787571900000,1120.9969,6.1
1787571960000,1120.9969,6.1
1787572020000,1120.9969,6.1
1787572080000,1120.9969,6.1
1787572140000,1120.9969,6.1
1787572200000,1120.9969,6.1
1787572260000,1120.9969,6.1
1787572320000,1120.9969,6.1
1787572380000,1120.9969,6.1
1787572440000,1120.9969,6.1
1787572500000,1120.9969,6.1
1787572560000,1120.9969,6.1
1787572620000,1120.9969,6.1
1787572680000,1120.9969,6.1
1787572740000,1120.9969,6.1
1787572800000,1120.9969,6.1
1787572860000,1120.9969,6.1
1787572920000,1120.9969,6.1
1787572980000,1120.9969,6.1
1787573040000,1120.9969,6.1
1787573100000,1120.9969,6.1
1787573160000,1120.9969,6.1
1787573220000,1120.9969,6.1
1787573280000,1120.9969,6.1
1787573340000,1120.9969,6.1
1787573400000,1120.9969,6.1
1787573460000,1120.9969,6.1
1787573520000,1120.9969,6.1
1787573580000,1120.9969,6.1
1787573640000,1120.9969,6.1
1787573700000,1120.9969,6.1
1787573760000,1120.9969,6.1
1787573820000,1120.9969,6.1
1787573880000,1120.9969,6.1
1787573940000,1120.9969,6.1
1787574000000,1120.9969,6.1
1787574060000,1120.9969,6.1
1787574120000,1120.9969,6.1
1787574180000,1120.9969,6.1
1787574240000,1120.9969,6.1
1787574300000,1120.9969,6.1
1787574360000,1120.9969,6.1
1787574420000,1120.9969,6.1
1787574480000,1120.9969,6.1
1787574540000,1120.9969,6.1
1787574600000,1120.9969,6.1
1787574660000,1120.9969,6.1
1787574720000,1120.9969,6.1
1787574780000,1120.9969,6.1
1787574840000,1120.9969,6.1
1787574900000,1120.9969,6.1
1787574960000,1120.9969,6.1
1787575020000,1120.9969,6.1
1787575080000,1120.9969,6.1
1787575140000,1120.9969,6.1
1787575200000,1120.9969,6.1
1787575260000,1120.9969,6.1
1787575320000,1120.9969,6.1
1787575380000,1120.9969,6.1
1787575440000,1120.9969,6.1
1787575500000,1120.9969,6.1
1787575560000,1120.9969,6.1
1787575620000,1120.9969,6.1
1787575680000,1120.9969,6.1
1787575740000,1120.9969,6.1
1787575800000,1120.9969,6.1
1787575860000,1120.9969,6.1
1787575920000,1120.9969,6.1
1787575980000,1120.9969,6.1
1787576040000,1120.9969,6.1
1787576100000,1120.9969,6.1
1787576160000,1120.9969,6.1
1787576220000,1120.9969,6.1
1787576280000,1120.9969,6.1
1787576340000,1120.9969,6.1
1787576400000,1120.9969,6.1
1787576460000,1120.9969,6.1
1787576520000,1120.9969,6.1
1787576580000,1120.9969,6.1
1787576640000,1120.9969,6.1
1787576700000,1120.9969,6.1
1787576760000,1120.9969,6.1
1787576820000,1120.9969,6.1
1787576880000,1120.9969,6.1
1787576940000,1120.9969,6.1
1787577000000,1120.9969,6.1
1787577060000,1120.9969,6.1
1787577120000,1120.9969,6.1
1787577180000,1120.9969,6.1
1787577240000,1120.9969,6.1
1787577300000,1120.9969,6.1
1787577360000,1120.9969,6.1
1787577420000,1120.9969,6.1
1787577480000,1120.9969,6.1
1787577540000,1120.9969,6.1
1787577600000,1120.9969,6.1
1787577660000,1120.9969,6.1
1787577720000,1120.9969,6.1
1787577780000,1120.9969,6.1
1787577840000,1120.9969,6.1
1787577900000,1120.9969,6.1
1787577960000,1120.9969,6.1
1787578020000,1120.9969,6.1
1787578080000,1120.9969,6.1
1787578140000,1120.9969,6.1
1787578200000,1120.9969,6.1
1787578260000,1120.9969,6.1
1787578320000,1120.9969,6.1
1787578380000,1120.9969,6.1
1787578440000,1120.9969,6.1
1787578500000,1120.9969,6.1
1787578560000,1120.9969,6.1
1787578620000,1120.9969,6.1
1787578680000,1120.9969,6.1
1787578740000,1120.9969,6.1
1787578800000,1120.9969,6.1
1787578860000,1120.9969,6.1
1787578920000,1120.9969,6.1
1787578980000,1120.9969,6.1
1787579040000,1120.9969,6.1
1787579100000,1120.9969,6.1
1787579160000,1120.9969,6.1
1787579220000,1120.9969,6.1
1787579280000,1120.9969,6.1
1787579340000,1120.9969,6.1
1787579400000,1120.9969,6.1
1787579460000,1120.9969,6.1
1787579520000,1120.9969,6.1
1787579580000,1120.9969,6.1
1787579640000,1120.9969,6.1
1787579700000,1120.9969,6.1
1787579760000,1120.9969,6.1
1787579820000,1120.9969,6.1
1787579880000,1120.9969,6.1
1787579940000,1120.9969,6.1
1787580000000,1120.9969,6.1
1787580060000,1120.9969,6.1
1787580120000,1120.9969,6.1
1787580180000,1120.9969,6.1
1787580240000,1120.9969,6.1
1787580300000,1120.9969,6.1
1787580360000,1120.9969,6.1
1787580420000,1120.9969,6.1
1787580480000,1120.9969,6.1
1787580540000,1120.9969,6.1
1787580600000,1120.9969,6.1
1787580660000,1120.9969,6.1
1787580720000,1120.9969,6.1
1787580780000,1120.9969,6.1
1787580840000,1120.9969,6.1
1787580900000,1120.9969,6.1
1787580960000,1120.9969,6.1
1787581020000,1120.9969,6.1
1787581080000,1120.9969,6.1
1787581140000,1120.9969,6.1
1787581200000,1120.9969,6.1
1787581260000,1120.9969,6.1
1787581320000,1120.9969,6.1
1787581380000,1120.9969,6.1
1787581440000,1120.9969,6.1
1787581500000,1120.9969,6.1
1787581560000,1120.9969,6.1
1787581620000,1120.9969,6.1
1787581680000,1120.9969,6.1
1787581740000,1120.9969,6.1
1787581800000,1120.9969,6.1
1787581860000,1120.9969,6.1
1787581920000,1120.9969,6.1
1787581980000,1120.9969,6.1
1787582040000,1120.9969,6.1
1787582100000,1120.9969,6.1
1787582160000,1120.9969,6.1
1787582220000,1120.9969,6.1
1787582280000,1120.9969,6.1
1787582340000,1120.9969,6.1
1787582400000,1120.9969,6.1
1787582460000,1120.9969,6.1
1787582520000,1120.9969,6.1
1787582580000,1120.9969,6.1
1787582640000,1120.9969,6.1
1787582700000,1120.9969,6.1
1787582760000,1120.9969,6.1
1787582820000,1120.9969,6.1
1787582880000,1120.9969,6.1
1787582940000,1120.9969,6.1
1787583000000,1120.9969,6.1
1787583060000,1120.9969,6.1
1787583120000,1120.9969,6.1
1787583180000,1120.9969,6.1
1787583240000,1120.9969,6.1
1787583300000,1120.9969,6.1
1787583360000,1120.9969,6.1
1787583420000,1120.9969,6.1
1787583480000,1120.9969,6.1
1787583540000,1120.9969,6.1
1787583600000,1120.9969,6.1
1787583660000,1120.9969,6.1
1787583720000,1120.9969,6.1
1787583780000,1120.9969,6.1
1787583840000,1120.9969,6.1
1787583900000,1120.9969,6.1
1787583960000,1120.9969,6.1
1787584020000,1120.9969,6.1
1787584080000,1120.9969,6.1
1787584140000,1120.9969,6.1
1787584200000,1120.9969,6.1
1787584260000,1120.9969,6.1
1787584320000,1120.9969,6.1
1787584380000,1120.9969,6.1
1787584440000,1120.9969,6.1
1787584500000,1120.9969,6.1
1787584560000,1120.9969,6.1
1787584620000,1120.9969,6.1
1787584680000,1120.9969,6.1
1787584740000,1120.9969,6.1
1787584800000,1120.9969,6.1
1787584860000,1120.9969,6.1
1787584920000,1120.9969,6.1
1787584980000,1120.9969,6.1
1787585040000,1120.9969,6.1
1787585100000,1120.9969,6.1
1787585160000,1120.9969,6.1
1787585220000,1120.9969,6.1
1787585280000,1120.9969,6.1
1787585340000,1120.9969,6.1
1787585400000,1120.9969,6.1
1787585460000,1120.9969,6.1
1787585520000,1120.9969,6.1
1787585580000,1120.9969,6.1
1787585640000,1120.9969,6.1
1787585700000,1120.9969,6.1
1787585760000,1120.9969,6.1
1787585820000,1120.9969,6.1
1787585880000,1120.9969,6.1
1787585940000,1120.9969,6.1
1787586000000,1120.9969,6.1
1787586060000,1120.9969,6.1
1787586120000,1120.9969,6.1
1787586180000,1120.9969,6.1
1787586240000,1120.9969,6.1
1787586300000,1120.9969,6.1
1787586360000,1120.9969,6.1
1787586420000,1120.9969,6.1
1787586480000,1120.9969,6.1
1787586540000,1120.9969,6.1
1787586600000,1120.9969,6.1
1787586660000,1120.9969,6.1
1787586720000,1120.9969,6.1
1787586780000,1120.9969,6.1
1787586840000,1120.9969,6.1
1787586900000,1120.9969,6.1
1787586960000,1120.9969,6.1
1787587020000,1120.9969,6.1
1787587080000,1120.9969,6.1
1787587140000,1120.9969,6.1
1787587200000,1120.9969,6.1
1787587260000,1120.9969,6.1
1787587320000,1120.9969,6.1
1787587380000,1120.9969,6.1
1787587440000,1120.9969,6.1
1787587500000,1120.9969,6.1
1787587560000,1120.9969,6.1
1787587620000,1120.9969,6.1
1787587680000,1120.9969,6.1
1787587740000,1120.9969,6.1
1787587800000,1120.9969,6.1
1787587860000,1120.9969,6.1
1787587920000,1120.9969,6.1
1787587980000,1120.9969,6.1
1787588040000,1120.9969,6.1
1787588100000,1120.9969,6.1
1787588160000,1120.9969,6.1
1787588220000,1120.9969,6.1
1787588280000,1120.9969,6.1
1787588340000,1120.9969,6.1
1787588400000,1120.9969,6.1
1787588460000,1120.9969,6.1
1787588520000,1120.9969,6.1
1787588580000,1120.9969,6.1
1787588640000,1120.9969,6.1
1787588700000,1120.9969,6.1
1787588760000,1120.9969,6.1
1787588820000,1120.9969,6.1
1787588880000,1120.9969,6.1
1787588940000,1120.9969,6.1
1787589000000,1120.9969,6.1
1787589060000,1120.9969,6.1
1787589120000,1120.9969,6.1
1787589180000,1120.9969,6.1
1787589240000,1120.9969,6.1
1787589300000,1120.9969,6.1
1787589360000,1120.9969,6.1
1787589420000,1120.9969,6.1
1787589480000,1120.9969,6.1
1787589540000,1120.9969,6.1
1787589600000,1120.9969,6.1
1787589660000,1120.9969,6.1
1787589720000,1120.9969,6.1
1787589780000,1120.9969,6.1
1787589840000,1120.9969,6.1
1787589900000,1120.9969,6.1
1787589960000,1120.9969,6.1
1787590020000,1120.9969,6.1
1787590080000,1120.9969,6.1
1787590140000,1120.9969,6.1
1787590200000,1120.9969,6.1
1787590260000,1120.9969,6.1
1787590320000,1120.9969,6.1
1787590380000,1120.9969,6.1
1787590440000,1120.9969,6.1
1787590500000,1120.9969,6.1
1787590560000,1120.9969,6.1
1787590620000,1120.9969,6.1
1787590680000,1120.9969,6.1
1787590740000,1120.9969,6.1
1787590800000,1120.9969,6.1
1787590860000,1111.3993,6.91
1787651580000,1111.3993,6.91
1787651640000,1111.3993,6.91
1787651700000,1111.3993,6.91
1787651760000,1111.3993,6.91
1787651820000,1111.3993,6.91
1787651880000,1111.3993,6.91
1787651940000,1111.3993,6.91
1787652000000,1111.3993,6.91
1787652060000,1111.3993,6.91
1787652120000,1111.3993,6.91
1787652180000,1111.3993,6.91
1787652240000,1111.3993,6.91
1787652300000,1111.3993,6.91
1787652360000,1111.3993,6.91
1787652420000,1111.3993,6.91
1787652480000,1111.3993,6.91
1787652540000,1111.3993,6.91
1787652600000,1111.3993,6.91
1787652660000,1111.3993,6.91
1787652720000,1111.3993,6.91
1787652780000,1111.3993,6.91
1787652840000,1111.3993,6.91
1787652900000,1111.3993,6.91
1787652960000,1111.3993,6.91
1787653020000,1111.3993,6.91
1787653080000,1111.3993,6.91
1787653140000,1111.3993,6.91
1787653200000,1111.3993,6.91
1787653260000,1111.3993,6.91
1787653320000,1111.3993,6.91
1787653380000,1111.3993,6.91
1787653440000,1111.3993,6.91
1787653500000,1111.3993,6.91
1787653560000,1111.3993,6.91
1787653620000,1111.3993,6.91
1787653680000,1111.3993,6.91
1787653740000,1111.3993,6.91
1787653800000,1111.3993,6.91
1787653860000,1111.3993,6.91
1787653920000,1111.3993,6.91
1787653980000,1111.3993,6.91
1787654040000,1111.3993,6.91
1787654100000,1111.3993,6.91
1787654160000,1111.3993,6.91
1787654220000,1111.3993,6.91
1787654280000,1111.3993,6.91
1787654340000,1111.3993,6.91
1787654400000,1111.3993,6.91
1787654460000,1111.3993,6.91
1787654520000,1111.3993,6.91
1787654580000,1111.3993,6.91
1787654640000,1111.3993,6.91
1787654700000,1111.3993,6.91
1787654760000,1111.3993,6.91
1787654820000,1111.3993,6.91
1787654880000,1111.3993,6.91
1787654940000,1111.3993,6.91
1787655000000,1111.3993,6.91
1787655060000,1111.3993,6.91
1787655120000,1111.3993,6.91
1787655180000,1111.3993,6.91
1787655240000,1111.3993,6.91
1787655300000,1111.3993,6.91
1787655360000,1111.3993,6.91
1787655420000,1111.3993,6.91
1787655480000,1111.3993,6.91
1787655540000,1111.3993,6.91
1787655600000,1111.3993,6.91
1787655660000,1111.3993,6.91
1787655720000,1111.3993,6.91
1787655780000,1111.3993,6.91
1787655840000,1111.3993,6.91
1787655900000,1111.3993,6.91
1787655960000,1111.3993,6.91
1787656020000,1111.3993,6.91
1787656080000,1111.3993,6.91
1787656140000,1111.3993,6.91
1787656200000,1111.3993,6.91
1787656260000,1111.3993,6.91
1787656320000,1111.3993,6.91
1787656380000,1111.3993,6.91
1787656440000,1111.3993,6.91
1787656500000,1111.3993,6.91
1787656560000,1111.3993,6.91
1787656620000,1111.3993,6.91
1787656680000,1111.3993,6.91
1787656740000,1111.3993,6.91
1787656800000,1111.3993,6.91
1787656860000,1111.3993,6.91
1787656920000,1111.3993,6.91
1787656980000,1111.3993,6.91
1787657040000,1111.3993,6.91
1787657100000,1111.3993,6.91
1787657160000,1111.3993,6.91
1787657220000,1111.3993,6.91
1787657280000,1111.3993,6.91
1787657340000,1111.3993,6.91
1787657400000,1111.3993,6.91
1787657460000,1111.3993,6.91
1787657520000,1111.3993,6.91
1787657580000,1111.3993,6.91
1787657640000,1111.3993,6.91
1787657700000,1111.3993,6.91
1787657760000,1111.3993,6.91
1787657820000,1111.3993,6.91
1787657880000,1111.3993,6.91
1787657940000,1111.3993,6.91
1787658000000,1111.3993,6.91
1787658060000,1111.3993,6.91
1787658120000,1111.3993,6.91
1787658180000,1111.3993,6.91
1787658240000,1111.3993,6.91
1787658300000,1111.3993,6.91
1787658360000,1111.3993,6.91
1787658420000,1111.3993,6.91
1787658480000,1111.3993,6.91
1787658540000,1111.3993,6.91
1787658600000,1111.3993,6.91
1787658660000,1111.3993,6.91
1787658720000,1111.3993,6.91
1787658780000,1111.3993,6.91
1787658840000,1111.3993,6.91
1787658900000,1111.3993,6.91
1787658960000,1111.3993,6.91
1787659020000,1111.3993,6.91
1787659080000,1111.3993,6.91
1787659140000,1111.3993,6.91
1787659200000,1111.3993,6.91
1787659260000,1111.3993,6.91
1787659320000,1111.3993,6.91
1787659380000,1111.3993,6.91
1787659440000,1111.3993,6.91
1787659500000,1111.3993,6.91
1787659560000,1111.3993,6.91
1787659620000,1111.3993,6.91
1787659680000,1111.3993,6.91
1787659740000,1111.3993,6.91
1787659800000,1111.3993,6.91
1787659860000,1111.3993,6.91
1787659920000,1111.3993,6.91
1787659980000,1111.3993,6.91
1787660040000,1111.3993,6.91
1787660100000,1111.3993,6.91
1787660160000,1111.3993,6.91
1787660220000,1111.3993,6.91
1787660280000,1111.3993,6.91
1787660340000,1111.3993,6.91
1787660400000,1111.3993,6.91
1787660460000,1111.3993,6.91
1787660520000,1111.3993,6.91
1787660580000,1111.3993,6.91
1787660640000,1111.3993,6.91
1787660700000,1111.3993,6.91
1787660760000,1111.3993,6.91
1787660820000,1111.3993,6.91
1787660880000,1111.3993,6.91
1787660940000,1111.3993,6.91
1787661000000,1111.3993,6.91
1787661060000,1111.3993,6.91
1787661120000,1111.3993,6.91
1787661180000,1111.3993,6.91
1787661240000,1111.3993,6.91
1787661300000,1111.3993,6.91
1787661360000,1111.3993,6.91
1787661420000,1111.3993,6.91
1787661480000,1111.3993,6.91
1787661540000,1111.3993,6.91
1787661600000,1111.3993,6.91
1787661660000,1111.3993,6.91
1787661720000,1111.3993,6.91
1787661780000,1111.3993,6.91
1787661840000,1111.3993,6.91
1787661900000,1111.3993,6.91
1787661960000,1111.3993,6.91
1787662020000,1111.3993,6.91
1787662080000,1111.3993,6.91
1787662140000,1111.3993,6.91
1787662200000,1111.3993,6.91
1787662260000,1111.3993,6.91
1787662320000,1111.3993,6.91
1787662380000,1111.3993,6.91
1787662440000,1111.3993,6.91
1787662500000,1111.3993,6.91
1787662560000,1111.3993,6.91
1787662620000,1111.3993,6.91
1787662680000,1111.3993,6.91
1787662740000,1111.3993,6.91
1787662800000,1111.3993,6.91
1787662860000,1111.3993,6.91
1787662920000,1111.3993,6.91
1787662980000,1111.3993,6.91
1787663040000,1111.3993,6.91
1787663100000,1111.3993,6.91
1787663160000,1111.3993,6.91
1787663220000,1111.3993,6.91
1787663280000,1111.3993,6.91
1787663340000,1111.3993,6.91
1787663400000,1111.3993,6.91
1787663460000,1111.3993,6.91
1787663520000,1111.3993,6.91
1787663580000,1111.3993,6.91
1787663640000,1111.3993,6.91
1787663700000,1111.3993,6.91
1787663760000,1111.3993,6.91
1787663820000,1111.3993,6.91
1787663880000,1111.3993,6.91
1787663940000,1111.3993,6.91
1787664000000,1111.3993,6.91
1787664060000,1111.3993,6.91
1787664120000,1111.3993,6.91
1787664180000,1111.3993,6.91
1787664240000,1111.3993,6.91
1787664300000,1111.3993,6.91
1787664360000,1111.3993,6.91
1787664420000,1111.3993,6.91
1787664480000,1111.3993,6.91
1787664540000,1111.3993,6.91
1787664600000,1111.3993,6.91
1787664660000,1111.3993,6.91
1787664720000,1111.3993,6.91
1787664780000,1111.3993,6.91
1787664840000,1111.3993,6.91
1787664900000,1111.3993,6.91
1787664960000,1111.3993,6.91
1787665020000,1111.3993,6.91
1787665080000,1111.3993,6.91
1787665140000,1111.3993,6.91
1787665200000,1111.3993,6.91
1787665260000,1111.3993,6.91
1787665320000,1111.3993,6.91
1787665380000,1111.3993,6.91
1787665440000,1111.3993,6.91
1787665500000,1111.3993,6.91
1787665560000,1111.3993,6.91
1787665620000,1111.3993,6.91
1787665680000,1111.3993,6.91
1787665740000,1111.3993,6.91
1787665800000,1111.3993,6.91
1787665860000,1111.3993,6.91
1787665920000,1111.3993,6.91
1787665980000,1111.3993,6.91
1787666040000,1111.3993,6.91
1787666100000,1111.3993,6.91
1787666160000,1111.3993,6.91
1787666220000,1111.3993,6.91
1787666280000,1111.3993,6.91
1787666340000,1111.3993,6.91
1787666400000,1111.3993,6.91
1787666460000,1111.3993,6.91
1787666520000,1111.3993,6.91
1787666580000,1111.3993,6.91
1787666640000,1111.3993,6.91
1787666700000,1111.3993,6.91
1787666760000,1111.3993,6.91
1787666820000,1111.3993,6.91
1787666880000,1111.3993,6.91
1787666940000,1111.3993,6.91
1787667000000,1111.3993,6.91
1787667060000,1111.3993,6.91
1787667120000,1111.3993,6.91
1787667180000,1111.3993,6.91
1787667240000,1111.3993,6.91
1787667300000,1111.3993,6.91
1787667360000,1111.3993,6.91
1787667420000,1111.3993,6.91
1787667480000,1111.3993,6.91
1787667540000,1111.3993,6.91
1787667600000,1111.3993,6.91
1787667660000,1111.3993,6.91
1787667720000,1111.3993,6.91
1787667780000,1111.3993,6.91
1787667840000,1111.3993,6.91
1787667900000,1111.3993,6.91
1787667960000,1111.3993,6.91
1787668020000,1111.3993,6.91
1787668080000,1111.3993,6.91
1787668140000,1111.3993,6.91
1787668200000,1111.3993,6.91
1787668260000,1111.3993,6.91
1787668320000,1111.3993,6.91
1787668380000,1111.3993,6.91
1787668440000,1111.3993,6.91
1787668500000,1111.3993,6.91
1787668560000,1111.3993,6.91
1787668620000,1111.3993,6.91
1787668680000,1111.3993,6.91
1787668740000,1111.3993,6.91
1787668800000,1111.3993,6.91
1787668860000,1111.3993,6.91
1787668920000,1111.3993,6.91
1787668980000,1111.3993,6.91
1787669040000,1111.3993,6.91
1787669100000,1111.3993,6.91
1787669160000,1111.3993,6.91
1787669220000,1111.3993,6.91
1787669280000,1111.3993,6.91
1787669340000,1111.3993,6.91
1787669400000,1111.3993,6.91
1787669460000,1111.3993,6.91
1787669520000,1111.3993,6.91
1787669580000,1111.3993,6.91
1787669640000,1111.3993,6.91
1787669700000,1111.3993,6.91
1787669760000,1111.3993,6.91
1787669820000,1111.3993,6.91
1787669880000,1111.3993,6.91
1787669940000,1111.3993,6.91
1787670000000,1111.3993,6.91
1787670060000,1111.3993,6.91
1787670120000,1111.3993,6.91
1787670180000,1111.3993,6.91
1787670240000,1111.3993,6.91
1787670300000,1111.3993,6.91
1787670360000,1111.3993,6.91
1787670420000,1111.3993,6.91
1787670480000,1111.3993,6.91
1787670540000,1111.3993,6.91
1787670600000,1111.3993,6.91
1787670660000,1111.3993,6.91
1787670720000,1111.3993,6.91
1787670780000,1111.3993,6.91
1787670840000,1111.3993,6.91
1787670900000,1111.3993,6.91
1787670960000,1111.3993,6.91
1787671020000,1111.3993,6.91
1787671080000,1111.3993,6.91
1787671140000,1111.3993,6.91
1787671200000,1111.3993,6.91
1787671260000,1111.3993,6.91
1787671320000,1111.3993,6.91
1787671380000,1111.3993,6.91
1787671440000,1111.3993,6.91
1787671500000,1111.3993,6.91
1787671560000,1111.3993,6.91
1787671620000,1111.3993,6.91
1787671680000,1111.3993,6.91
1787671740000,1111.3993,6.91
1787671800000,1111.3993,6.91
1787671860000,1111.3993,6.91
1787671920000,1111.3993,6.91
1787671980000,1111.3993,6.91
1787672040000,1111.3993,6.91
1787672100000,1111.3993,6.91
1787672160000,1111.3993,6.91
1787672220000,1111.3993,6.91
1787672280000,1111.3993,6.91
1787672340000,1111.3993,6.91
1787672400000,1111.3993,6.91
1787672460000,1111.3993,6.91
1787672520000,1111.3993,6.91
1787672580000,1111.3993,6.91
1787672640000,1111.3993,6.91
1787672700000,1111.3993,6.91
1787672760000,1111.3993,6.91
1787672820000,1111.3993,6.91
1787672880000,1111.3993,6.91
1787672940000,1111.3993,6.91
1787673000000,1111.3993,6.91
1787673060000,1111.3993,6.91
1787673120000,1111.3993,6.91
1787673180000,1111.3993,6.91
1787673240000,1111.3993,6.91
1787673300000,1111.3993,6.91
1787673360000,1111.3993,6.91
1787673420000,1111.3993,6.91
1787673480000,1111.3993,6.91
1787673540000,1111.3993,6.91
1787673600000,1111.3993,6.91
1787673660000,1111.3993,6.91
1787673720000,1111.3993,6.91
1787673780000,1111.3993,6.91
1787673840000,1111.3993,6.91
1787673900000,1111.3993,6.91
1787673960000,1111.3993,6.91
1787674020000,1111.3993,6.91
1787674080000,1111.3993,6.91
1787674140000,1111.3993,6.91
1787674200000,1111.3993,6.91
1787674260000,1111.3993,6.91
1787674320000,1111.3993,6.91
1787674380000,1111.3993,6.91
1787674440000,1111.3993,6.91
1787674500000,1111.3993,6.91
1787674560000,1111.3993,6.91
1787674620000,1111.3993,6.91
1787674680000,1111.3993,6.91
1787674740000,1111.3993,6.91
1787674800000,1111.3993,6.91
1787674860000,1111.3993,6.91
1787674920000,1111.3993,6.91
1787674980000,1111.3993,6.91
1787675040000,1111.3993,6.91
1787675100000,1111.3993,6.91
1787675160000,1111.3993,6.91
1787675220000,1111.3993,6.91
1787675280000,1111.3993,6.91
1787675340000,1111.3993,6.91
1787675400000,1111.3993,6.91
1787675460000,1111.3993,6.91
1787675520000,1111.3993,6.91
1787675580000,1111.3993,6.91
1787675640000,1111.3993,6.91
1787675700000,1111.3993,6.91
1787675760000,1111.3993,6.91
1787675820000,1111.3993,6.91
1787675880000,1111.3993,6.91
1787675940000,1111.3993,6.91
1787676000000,1111.3993,6.91
1787676060000,1111.3993,6.91
1787676120000,1111.3993,6.91
1787676180000,1111.3993,6.91
1787676240000,1111.3993,6.91
1787676300000,1111.3993,6.91
1787676360000,1111.3993,6.91
1787676420000,1111.3993,6.91
1787676480000,1111.3993,6.91
1787676540000,1111.3993,6.91
1787676600000,1111.3993,6.91
1787676660000,1111.3993,6.91
1787676720000,1111.3993,6.91
1787676780000,1111.3993,6.91
1787676840000,1111.3993,6.91
1787676900000,1111.3993,6.91
1787676960000,1111.3993,6.91
1787677020000,1111.3993,6.91
1787677080000,1111.3993,6.91
1787677140000,1111.3993,6.91
1787677200000,1111.3993,6.91
1787677260000,1111.3993,6.91
1787677320000,1111.3993,6.91
1787677380000,1111.3993,6.91
1787677440000,1111.3993,6.91
1787677500000,1111.3993,6.91
1787677560000,1111.3993,6.91
1787677620000,1111.3993,6.91
1787677680000,1111.3993,6.91
1787677740000,1111.3993,6.91
1787677800000,1111.3993,6.91
1787677860000,1111.3993,6.91
1787677920000,1111.3993,6.91
1787677980000,1111.3993,6.91
1787678040000,1111.3993,6.91
1787678100000,1111.3993,6.91
1787678160000,1111.3993,6.91
1787678220000,1111.3993,6.91
1787678280000,1111.3993,6.91
1787678340000,1111.3993,6.91
1787678400000,1111.3993,6.91
1787678460000,1111.3993,6.91
1787678520000,1111.3993,6.91
1787678580000,1111.3993,6.91
1787678640000,1111.3993,6.91
1787678700000,1111.3993,6.91
1787678760000,1111.3993,6.91
1787678820000,1111.3993,6.91
1787678880000,1111.3993,6.91
1787678940000,1111.3993,6.91
1787679000000,1111.3993,6.91
1787679060000,1111.3993,6.91
1787679120000,1111.3993,6.91
1787679180000,1111.3993,6.91
1787679240000,1111.3993,6.91
1787679300000,1111.3993,6.91
1787679360000,1111.3993,6.91
1787679420000,1111.3993,6.91
1787679480000,1111.3993,6.91
1787679540000,1111.3993,6.91
1787679600000,1111.3993,6.91
1787679660000,1111.3993,6.91
1787679720000,1111.3993,6.91
1787679780000,1111.3993,6.91
1787679840000,1111.3993,6.91
1787679900000,1111.3993,6.91
1787679960000,1111.3993,6.91
1787680020000,1111.3993,6.91
1787680080000,1111.3993,6.91
1787680140000,1111.3993,6.91
1787680200000,1111.3993,6.91
1787680260000,1111.3993,6.91
1787680320000,1111.3993,6.91
1787680380000,1111.3993,6.91
1787680440000,1111.3993,6.91
1787680500000,1111.3993,6.91
1787680560000,1111.3993,6.91
1787680620000,1111.3993,6.91
1787680680000,1111.3993,6.91
1787680740000,1111.3993,6.91
1787680800000,1111.3993,6.91
1787680860000,1111.3993,6.91
1787680920000,1111.3993,6.91
1787680980000,1111.3993,6.91
1787681040000,1111.3993,6.91
1787681100000,1111.3993,6.91
1787681160000,1111.3993,6.91
1787681220000,1111.3993,6.91
1787681280000,1111.3993,6.91
1787681340000,1111.3993,6.91
1787681400000,1111.3993,6.91
1787681460000,1111.3993,6.91
1787681520000,1111.3993,6.91
1787681580000,1111.3993,6.91
1787681640000,1111.3993,6.91
1787681700000,1111.3993,6.91
1787681760000,1111.3993,6.91
1787681820000,1111.3993,6.91
1787681880000,1111.3993,6.91
1787681940000,1111.3993,6.91
1787682000000,1111.3993,6.91
1787682060000,1111.3993,6.91
1787682120000,1111.3993,6.91
1787682180000,1111.3993,6.91
1787682240000,1111.3993,6.91
1787682300000,1111.3993,6.91
1787682360000,1111.3993,6.91
1787682420000,1111.3993,6.91
1787682480000,1111.3993,6.91
1787682540000,1111.3993,6.91
1787682600000,1111.3993,6.91
1787682660000,1111.3993,6.91
1787682720000,1111.3993,6.91
1787682780000,1111.3993,6.91
1787682840000,1111.3993,6.91
1787682900000,1111.3993,6.91
1787682960000,1111.3993,6.91
1787683020000,1111.3993,6.91
1787683080000,1111.3993,6.91
1787683140000,1111.3993,6.91
1787683200000,1111.3993,6.91
1787683260000,1111.3993,6.91
1787683320000,1111.3993,6.91
1787683380000,1111.3993,6.91
1787683440000,1111.3993,6.91
1787683500000,1111.3993,6.91
1787683560000,1111.3993,6.91
1787683620000,1111.3993,6.91
1787683680000,1111.3993,6.91
1787683740000,1111.3993,6.91
1787683800000,1111.3993,6.91
1787683860000,1111.3993,6.91
1787683920000,1111.3993,6.91
1787683980000,1111.3993,6.91
1787684040000,1111.3993,6.91
1787684100000,1111.3993,6.91
1787684160000,1111.3993,6.91
1787684220000,1111.3993,6.91
1787684280000,1111.3993,6.91
1787684340000,1111.3993,6.91
1787684400000,1111.3993,6.91
1787684460000,1111.3993,6.91
1787684520000,1111.3993,6.91
1787684580000,1111.3993,6.91
1787684640000,1111.3993,6.91
1787684700000,1111.3993,6.91
1787684760000,1111.3993,6.91
1787684820000,1111.3993,6.91
1787684880000,1111.3993,6.91
1787684940000,1111.3993,6.91
1787685000000,1111.3993,6.91
1787685060000,1111.3993,6.91
1787685120000,1111.3993,6.91
1787685180000,1111.3993,6.91
1787685240000,1111.3993,6.91
1787685300000,1111.3993,6.91
1787685360000,1111.3993,6.91
1787685420000,1111.3993,6.91
1787685480000,1111.3993,6.91
1787685540000,1111.3993,6.91
1787685600000,1111.3993,6.91
1787685660000,1111.3993,6.91
1787685720000,1111.3993,6.91
1787685780000,1111.3993,6.91
1787685840000,1111.3993,6.91
1787685900000,1111.3993,6.91
1787685960000,1111.3993,6.91
1787686020000,1111.3993,6.91
1787686080000,1111.3993,6.91
1787686140000,1111.3993,6.91
1787686200000,1111.3993,6.91
1787686260000,1111.3993,6.91
1787686320000,1111.3993,6.91
1787686380000,1111.3993,6.91
1787686440000,1111.3993,6.91
1787686500000,1111.3993,6.91
1787686560000,1111.3993,6.91
1787686620000,1111.3993,6.91
1787686680000,1111.3993,6.91
1787686740000,1111.3993,6.91
1787686800000,1111.3993,6.91
1787686860000,1111.3993,6.91
1787686920000,1111.3993,6.91
1787686980000,1111.3993,6.91
1787687040000,1111.3993,6.91
1787687100000,1111.3993,6.91
1787687160000,1111.3993,6.91
1787687220000,1111.3993,6.91
1787687280000,1111.3993,6.91
1787687340000,1111.3993,6.91
1787687400000,1111.3993,6.91
1787687460000,1111.3993,6.91
1787687520000,1111.3993,6.91
1787687580000,1111.3993,6.91
1787687640000,1111.3993,6.91
1787687700000,1111.3993,6.91
1787687760000,1111.3993,6.91
1787687820000,1111.3993,6.91
1787687880000,1111.3993,6.91
1787687940000,1111.3993,6.91
1787688000000,1111.3993,6.91
1787688060000,1111.3993,6.91
1787688120000,1111.3993,6.91
1787688180000,1111.3993,6.91
1787688240000,1111.3993,6.91
1787688300000,1111.3993,6.91
1787688360000,1111.3993,6.91
1787688420000,1111.3993,6.91
1787688480000,1111.3993,6.91
1787688540000,1111.3993,6.91
1787688600000,1111.3993,6.91
1787688660000,1111.3993,6.91
1787688720000,1111.3993,6.91
1787688780000,1111.3993,6.91
1787688840000,1111.3993,6.91
1787688900000,1111.3993,6.91
1787688960000,1111.3993,6.91
1787689020000,1111.3993,6.91
1787689080000,1111.3993,6.91
1787689140000,1111.3993,6.91
1787689200000,1111.3993,6.91
1787689260000,1111.3993,6.91
1787689320000,1111.3993,6.91
1787689380000,1111.3993,6.91
1787689440000,1111.3993,6.91
1787689500000,1111.3993,6.91
1787689560000,1111.3993,6.91
1787689620000,1111.3993,6.91
1787689680000,1111.3993,6.91
1787689740000,1111.3993,6.91
1787689800000,1111.3993,6.91
1787689860000,1111.3993,6.91
1787689920000,1111.3993,6.91
1787689980000,1111.3993,6.91
1787690040000,1111.3993,6.91
1787690100000,1111.3993,6.91
1787690160000,1111.3993,6.91
1787690220000,1111.3993,6.91
1787690280000,1111.3993,6.91
1787690340000,1111.3993,6.91
1787690400000,1111.3993,6.91
1787690460000,1111.3993,6.91
1787690520000,1111.3993,6.91
1787690580000,1111.3993,6.91
1787690640000,1111.3993,6.91
1787690700000,1111.3993,6.91
1787690760000,1111.3993,6.91
1787690820000,1111.3993,6.91
1787690880000,1111.3993,6.91
1787690940000,1111.3993,6.91
1787691000000,1111.3993,6.91
1787691060000,1111.3993,6.91
1787691120000,1111.3993,6.91
1787691180000,1111.3993,6.91
1787691240000,1111.3993,6.91
1787691300000,1111.3993,6.91
1787691360000,1111.3993,6.91
1787691420000,1111.3993,6.91
1787691480000,1111.3993,6.91
1787691540000,1111.3993,6.91
1787691600000,1111.3993,6.91
1787691660000,1111.3993,6.91
1787691720000,1111.3993,6.91
1787691780000,1111.3993,6.91
1787691840000,1111.3993,6.91
1787691900000,1111.3993,6.91
1787691960000,1111.3993,6.91
1787692020000,1111.3993,6.91
1787692080000,1133.0586,5.09
1787735880000,1133.0586,5.09
1787735940000,1133.0586,5.09
1787736000000,1133.0586,5.09
1787736060000,1133.0586,5.09
1787736120000,1133.0586,5.09
1787736180000,1133.0586,5.09
1787736240000,1133.0586,5.09
1787736300000,1133.0586,5.09
1787736360000,1133.0586,5.09
1787736420000,1133.0586,5.09
1787736480000,1133.0586,5.09
1787736540000,1133.0586,5.09
1787736600000,1133.0586,5.09
1787736660000,1133.0586,5.09
1787736720000,1133.0586,5.09
1787736780000,1133.0586,5.09
1787736840000,1133.0586,5.09
1787736900000,1133.0586,5.09
1787736960000,1133.0586,5.09
1787737020000,1133.0586,5.09
1787737080000,1133.0586,5.09
1787737140000,1133.0586,5.09
1787737200000,1133.0586,5.09
1787737260000,1133.0586,5.09
1787737320000,1133.0586,5.09
1787737380000,1133.0586,5.09
1787737440000,1133.0586,5.09
1787737500000,1133.0586,5.09
1787737560000,1133.0586,5.09
1787737620000,1133.0586,5.09
1787737680000,1133.0586,5.09
1787737740000,1133.0586,5.09
1787737800000,1133.0586,5.09
1787737860000,1133.0586,5.09
1787737920000,1133.0586,5.09
1787737980000,1133.0586,5.09
1787738040000,1133.0586,5.09
1787738100000,1133.0586,5.09
1787738160000,1133.0586,5.09
1787738220000,1133.0586,5.09
1787738280000,1133.0586,5.09
1787738340000,1133.0586,5.09
1787738400000,1133.0586,5.09
1787738460000,1133.0586,5.09
1787738520000,1133.0586,5.09
1787738580000,1133.0586,5.09
1787738640000,1133.0586,5.09
1787738700000,1133.0586,5.09
1787738760000,1133.0586,5.09
1787738820000,1133.0586,5.09
1787738880000,1133.0586,5.09
1787738940000,1133.0586,5.09
1787739000000,1133.0586,5.09
1787739060000,1133.0586,5.09
1787739120000,1133.0586,5.09
1787739180000,1133.0586,5.09
1787739240000,1133.0586,5.09
1787739300000,1133.0586,5.09
1787739360000,1133.0586,5.09
1787739420000,1133.0586,5.09
1787739480000,1133.0586,5.09
1787739540000,1133.0586,5.09
1787739600000,1133.0586,5.09
1787739660000,1133.0586,5.09
1787739720000,1133.0586,5.09
1787739780000,1133.0586,5.09
1787739840000,1133.0586,5.09
1787739900000,1133.0586,5.09
1787739960000,1133.0586,5.09
1787740020000,1133.0586,5.09
1787740080000,1133.0586,5.09
1787740140000,1133.0586,5.09
1787740200000,1133.0586,5.09
1787740260000,1133.0586,5.09
1787740320000,1133.0586,5.09
1787740380000,1133.0586,5.09
1787740440000,1133.0586,5.09
1787740500000,1133.0586,5.09
1787740560000,1122.5899,5.97
1787747040000,1122.5899,5.97
1787747100000,1122.5899,5.97
1787747160000,1122.5899,5.97
1787747220000,1122.5899,5.97
1787747280000,1122.5899,5.97
1787747340000,1122.5899,5.97
1787747400000,1112.1015,6.85
1787749980000,1112.1015,6.85
1787750040000,1112.1015,6.85
1787750100000,1112.1015,6.85
1787750160000,1112.1015,6.85
1787750220000,1112.1015,6.85
1787750280000,1112.1015,6.85
1787750340000,1112.1015,6.85
1787750400000,1112.1015,6.85
1787750460000,1112.1015,6.85
1787750520000,1112.1015,6.85
1787750580000,1112.1015,6.85
1787750640000,1112.1015,6.85
1787750700000,1112.1015,6.85
1787750760000,1112.1015,6.85
1787750820000,1112.1015,6.85
1787750880000,1112.1015,6.85
1787750940000,1112.1015,6.85
1787751000000,1112.1015,6.85
1787751060000,1112.1015,6.85
1787751120000,1112.1015,6.85
1787751180000,1112.1015,6.85
1787751240000,1112.1015,6.85
1787751300000,1112.1015,6.85
1787751360000,1112.1015,6.85
1787751420000,1112.1015,6.85
1787751480000,1112.1015,6.85
1787751540000,1112.1015,6.85
1787751600000,1112.1015,6.85
1787751660000,1112.1015,6.85
1787751720000,1112.1015,6.85
1787751780000,1112.1015,6.85
1787751840000,1102.3385,7.66
1787754420000,1102.3385,7.66
1787754480000,1102.3385,7.66
1787754540000,1102.3385,7.66
1787754600000,1102.3385,7.66
1787754660000,1102.3385,7.66
1787754720000,1102.3385,7.66
1787754780000,1102.3385,7.66
1787754840000,1102.3385,7.66
1787754900000,1102.3385,7.66
1787754960000,1102.3385,7.66
1787755020000,1102.3385,7.66
1787755080000,1102.3385,7.66
1787755140000,1102.3385,7.66
1787755200000,1102.3385,7.66
1787755260000,1102.3385,7.66
1787755320000,1102.3385,7.66
1787755380000,1102.3385,7.66
1787755440000,1102.3385,7.66
1787755500000,1102.3385,7.66
1787755560000,1102.3385,7.66
1787755620000,1102.3385,7.66
1787755680000,1102.3385,7.66
1787755740000,1102.3385,7.66
1787755800000,1102.3385,7.66
1787755860000,1102.3385,7.66
1787755920000,1102.3385,7.66
1787755980000,1102.3385,7.66
1787756040000,1102.3385,7.66
1787756100000,1102.3385,7.66
1787756160000,1102.3385,7.66
1787756220000,1102.3385,7.66
1787756280000,1102.3385,7.66
1787756340000,1102.3385,7.66
1787756400000,1102.3385,7.66
1787756460000,1102.3385,7.66
1787756520000,1102.3385,7.66
1787756580000,1102.3385,7.66
1787756640000,1102.3385,7.66
1787756700000,1102.3385,7.66
1787756760000,1102.3385,7.66
1787756820000,1102.3385,7.66
1787756880000,1102.3385,7.66
1787756940000,1102.3385,7.66
1787757000000,1102.3385,7.66
1787757060000,1102.3385,7.66
1787757120000,1102.3385,7.66
1787757180000,1102.3385,7.66
1787757240000,1102.3385,7.66
1787757300000,1102.3385,7.66
1787757360000,1102.3385,7.66
1787757420000,1102.3385,7.66
1787757480000,1102.3385,7.66
1787757540000,1102.3385,7.66
1787757600000,1102.3385,7.66
1787757660000,1102.3385,7.66
1787757720000,1102.3385,7.66
1787757780000,1102.3385,7.66
1787757840000,1102.3385,7.66
1787757900000,1102.3385,7.66
1787757960000,1102.3385,7.66
1787758020000,1102.3385,7.66
1787758080000,1102.3385,7.66
1787758140000,1102.3385,7.66
1787758200000,1102.3385,7.66
1787758260000,1102.3385,7.66
1787758320000,1102.3385,7.66
1787758380000,1102.3385,7.66
1787758440000,1102.3385,7.66
1787758500000,1102.3385,7.66
1787758560000,1102.3385,7.66
1787758620000,1102.3385,7.66
1787758680000,1102.3385,7.66
1787758740000,1102.3385,7.66
1787758800000,1102.3385,7.66
1787758860000,1102.3385,7.66
1787758920000,1102.3385,7.66
1787758980000,1102.3385,7.66
1787759040000,1102.3385,7.66
1787759100000,1102.3385,7.66
1787759160000,1102.3385,7.66
1787759220000,1102.3385,7.66
1787759280000,1102.3385,7.66
1787759340000,1102.3385,7.66
1787759400000,1102.3385,7.66
1787759460000,1102.3385,7.66
1787759520000,1102.3385,7.66
1787759580000,1102.3385,7.66
1787759640000,1102.3385,7.66
1787759700000,1102.3385,7.66
1787759760000,1102.3385,7.66
1787759820000,1102.3385,7.66
1787759880000,1102.3385,7.66
1787759940000,1102.3385,7.66
1787760000000,1102.3385,7.66
1787760060000,1102.3385,7.66
1787760120000,1102.3385,7.66
1787760180000,1102.3385,7.66
1787760240000,1102.3385,7.66
1787760300000,1102.3385,7.66
1787760360000,1102.3385,7.66
1787760420000,1102.3385,7.66
1787760480000,1102.3385,7.66
1787760540000,1102.3385,7.66
1787760600000,1102.3385,7.66
1787760660000,1102.3385,7.66
1787760720000,1102.3385,7.66
1787760780000,1102.3385,7.66
1787760840000,1102.3385,7.66
1787760900000,1102.3385,7.66
1787760960000,1102.3385,7.66
1787761020000,1102.3385,7.66
1787761080000,1102.3385,7.66
1787761140000,1102.3385,7.66
1787761200000,1102.3385,7.66
1787761260000,1102.3385,7.66
1787761320000,1102.3385,7.66
1787761380000,1102.3385,7.66
1787761440000,1102.3385,7.66
1787761500000,1102.3385,7.66
1787761560000,1102.3385,7.66
1787761620000,1102.3385,7.66
1787761680000,1102.3385,7.66
1787761740000,1102.3385,7.66
1787761800000,1102.3385,7.66
1787761860000,1102.3385,7.66
1787761920000,1102.3385,7.66
1787761980000,1102.3385,7.66
1787762040000,1102.3385,7.66
1787762100000,1102.3385,7.66
1787762160000,1102.3385,7.66
1787762220000,1102.3385,7.66
1787762280000,1102.3385,7.66
1787762340000,1102.3385,7.66
1787762400000,1102.3385,7.66
1787762460000,1102.3385,7.66
1787762520000,1102.3385,7.66
1787762580000,1102.3385,7.66
1787762640000,1102.3385,7.66
1787762700000,1102.3385,7.66
1787762760000,1102.3385,7.66
1787762820000,1102.3385,7.66
1787762880000,1102.3385,7.66
1787762940000,1102.3385,7.66
1787763000000,1102.3385,7.66
1787763060000,1102.3385,7.66
1787763120000,1102.3385,7.66
1787763180000,1102.3385,7.66
1787763240000,1102.3385,7.66
1787763300000,1102.3385,7.66
1787763360000,1102.3385,7.66
1787763420000,1102.3385,7.66
1787763480000,1102.3385,7.66
1787763540000,1102.3385,7.66
1787763600000,1102.3385,7.66
1787763660000,1102.3385,7.66
1787763720000,1102.3385,7.66
1787763780000,1102.3385,7.66
1787763840000,1102.3385,7.66
1787763900000,1102.3385,7.66
1787763960000,1102.3385,7.66
1787764020000,1102.3385,7.66
1787764080000,1102.3385,7.66
1787764140000,1102.3385,7.66
1787764200000,1102.3385,7.66
1787764260000,1102.3385,7.66
1787764320000,1102.3385,7.66
1787764380000,1102.3385,7.66
1787764440000,1102.3385,7.66
1787764500000,1102.3385,7.66
1787764560000,1102.3385,7.66
1787764620000,1102.3385,7.66
1787764680000,1102.3385,7.66
1787764740000,1102.3385,7.66
1787764800000,1102.3385,7.66
1787764860000,1102.3385,7.66
1787764920000,1102.3385,7.66
1787764980000,1102.3385,7.66
1787765040000,1102.3385,7.66
1787765100000,1102.3385,7.66
1787765160000,1102.3385,7.66
1787765220000,1092.3609,8.5
1787770080000,1092.3609,8.5
1787770140000,1092.3609,8.5
1787770200000,1092.3609,8.5
1787770260000,1092.3609,8.5
1787770320000,1092.3609,8.5
1787770380000,1092.3609,8.5
1787770440000,1092.3609,8.5
1787770500000,1092.3609,8.5
1787770560000,1092.3609,8.5
1787770620000,1092.3609,8.5
1787770680000,1092.3609,8.5
1787770740000,1092.3609,8.5
1787770800000,1092.3609,8.5
1787770860000,1092.3609,8.5
1787770920000,1092.3609,8.5
1787770980000,1092.3609,8.5
1787771040000,1092.3609,8.5
1787771100000,1092.3609,8.5
1787771160000,1092.3609,8.5
1787771220000,1092.3609,8.5
1787771280000,1092.3609,8.5
1787771340000,1092.3609,8.5
1787771400000,1092.3609,8.5
1787771460000,1092.3609,8.5
1787771520000,1092.3609,8.5
1787771580000,1092.3609,8.5
1787771640000,1092.3609,8.5
1787771700000,1092.3609,8.5
1787771760000,1092.3609,8.5
1787771820000,1092.3609,8.5
1787771880000,1092.3609,8.5
1787771940000,1092.3609,8.5
1787772000000,1092.3609,8.5
1787772060000,1092.3609,8.5
1787772120000,1092.3609,8.5
1787772180000,1092.3609,8.5
1787772240000,1092.3609,8.5
1787772300000,1092.3609,8.5
1787772360000,1104.0637,7.52
1787822400000,1104.0637,7.52
1787822460000,1104.0637,7.52
1787822520000,1104.0637,7.52
1787822580000,1104.0637,7.52
1787822640000,1104.0637,7.52
1787822700000,1126.8694,5.61
1787838480000,1126.8694,5.61
1787838540000,1126.8694,5.61
1787838600000,1126.8694,5.61
1787838660000,1126.8694,5.61
1787838720000,1126.8694,5.61
1787838780000,1126.8694,5.61
1787838840000,1126.8694,5.61
1787838900000,1126.8694,5.61
1787838960000,1116.2832,6.5
1787843640000,1116.2832,6.5
1787843700000,1116.2832,6.5
1787843760000,1116.2832,6.5
1787843820000,1116.2832,6.5
1787843880000,1116.2832,6.5
1787843940000,1116.2832,6.5
1787844000000,1116.2832,6.5
1787844060000,1116.2832,6.5
1787844120000,1116.2832,6.5
1787844180000,1116.2832,6.5
1787844240000,1116.2832,6.5
1787844300000,1116.2832,6.5
1787844360000,1116.2832,6.5
1787844420000,1116.2832,6.5
1787844480000,1116.2832,6.5
1787844540000,1116.2832,6.5
1787844600000,1116.2832,6.5
1787844660000,1116.2832,6.5
1787844720000,1116.2832,6.5
1787844780000,1116.2832,6.5
1787844840000,1116.2832,6.5
1787844900000,1116.2832,6.5
1787844960000,1116.2832,6.5
1787845020000,1116.2832,6.5
1787845080000,1116.2832,6.5
1787845140000,1116.2832,6.5
1787845200000,1116.2832,6.5
1787845260000,1116.2832,6.5
1787845320000,1116.2832,6.5
1787845380000,1116.2832,6.5
1787845440000,1116.2832,6.5
1787845500000,1116.2832,6.5
1787845560000,1116.2832,6.5
1787845620000,1116.2832,6.5
1787845680000,1116.2832,6.5
1787845740000,1116.2832,6.5
1787845800000,1116.2832,6.5
1787845860000,1116.2832,6.5
1787845920000,1116.2832,6.5
1787845980000,1116.2832,6.5
1787846040000,1116.2832,6.5
1787846100000,1116.2832,6.5
1787846160000,1116.2832,6.5
1787846220000,1116.2832,6.5
1787846280000,1116.2832,6.5
1787846340000,1116.2832,6.5
1787846400000,1116.2832,6.5
1787846460000,1116.2832,6.5
1787846520000,1116.2832,6.5
1787846580000,1116.2832,6.5
1787846640000,1116.2832,6.5
1787846700000,1116.2832,6.5
1787846760000,1116.2832,6.5
1787846820000,1116.2832,6.5
1787846880000,1116.2832,6.5
1787846940000,1116.2832,6.5
1787847000000,1116.2832,6.5
1787847060000,1116.2832,6.5
1787847120000,1116.2832,6.5
1787847180000,1116.2832,6.5
1787847240000,1116.2832,6.5
1787847300000,1116.2832,6.5
1787847360000,1116.2832,6.5
1787847420000,1116.2832,6.5
1787847480000,1116.2832,6.5
1787847540000,1116.2832,6.5
1787847600000,1116.2832,6.5
1787847660000,1116.2832,6.5
1787847720000,1116.2832,6.5
1787847780000,1116.2832,6.5
1787847840000,1116.2832,6.5
1787847900000,1116.2832,6.5
1787847960000,1116.2832,6.5
1787848020000,1116.2832,6.5
1787848080000,1116.2832,6.5
1787848140000,1116.2832,6.5
1787848200000,1116.2832,6.5
1787848260000,1116.2832,6.5
1787848320000,1116.2832,6.5
1787848380000,1116.2832,6.5
1787848440000,1116.2832,6.5
1787848500000,1116.2832,6.5
1787848560000,1116.2832,6.5
1787848620000,1116.2832,6.5
1787848680000,1116.2832,6.5
1787848740000,1116.2832,6.5
1787848800000,1116.2832,6.5
1787848860000,1116.2832,6.5
1787848920000,1116.2832,6.5
1787848980000,1116.2832,6.5
1787849040000,1116.2832,6.5
1787849100000,1116.2832,6.5
1787849160000,1116.2832,6.5
1787849220000,1116.2832,6.5
1787849280000,1116.2832,6.5
1787849340000,1116.2832,6.5
1787849400000,1116.2832,6.5
1787849460000,1116.2832,6.5
1787849520000,1116.2832,6.5
1787849580000,1116.2832,6.5
1787849640000,1116.2832,6.5
1787849700000,1116.2832,6.5
1787849760000,1116.2832,6.5
1787849820000,1116.2832,6.5
1787849880000,1116.2832,6.5
1787849940000,1116.2832,6.5
1787850000000,1116.2832,6.5
1787850060000,1116.2832,6.5
1787850120000,1116.2832,6.5
1787850180000,1116.2832,6.5
1787850240000,1116.2832,6.5
1787850300000,1116.2832,6.5
1787850360000,1116.2832,6.5
1787850420000,1116.2832,6.5
1787850480000,1116.2832,6.5
1787850540000,1116.2832,6.5
1787850600000,1116.2832,6.5
1787850660000,1116.2832,6.5
1787850720000,1116.2832,6.5
1787850780000,1116.2832,6.5
1787850840000,1116.2832,6.5
1787850900000,1116.2832,6.5
1787850960000,1116.2832,6.5
1787851020000,1116.2832,6.5
1787851080000,1116.2832,6.5
1787851140000,1116.2832,6.5
1787851200000,1116.2832,6.5
1787851260000,1116.2832,6.5
1787851320000,1116.2832,6.5
1787851380000,1116.2832,6.5
1787851440000,1116.2832,6.5
1787851500000,1116.2832,6.5
1787851560000,1116.2832,6.5
1787851620000,1116.2832,6.5
1787851680000,1116.2832,6.5
1787851740000,1116.2832,6.5
1787851800000,1116.2832,6.5
1787851860000,1116.2832,6.5
1787851920000,1116.2832,6.5
1787851980000,1116.2832,6.5
1787852040000,1116.2832,6.5
1787852100000,1116.2832,6.5
1787852160000,1116.2832,6.5
1787852220000,1116.2832,6.5
1787852280000,1116.2832,6.5
1787852340000,1116.2832,6.5
1787852400000,1116.2832,6.5
1787852460000,1116.2832,6.5
1787852520000,1116.2832,6.5
1787852580000,1116.2832,6.5
1787852640000,1116.2832,6.5
1787852700000,1116.2832,6.5
1787852760000,1116.2832,6.5
1787852820000,1116.2832,6.5
1787852880000,1116.2832,6.5
1787852940000,1116.2832,6.5
1787853000000,1116.2832,6.5
1787853060000,1116.2832,6.5
1787853120000,1116.2832,6.5
1787853180000,1116.2832,6.5
1787853240000,1116.2832,6.5
1787853300000,1116.2832,6.5
1787853360000,1116.2832,6.5
1787853420000,1116.2832,6.5
1787853480000,1116.2832,6.5
1787853540000,1116.2832,6.5
1787853600000,1116.2832,6.5
1787853660000,1116.2832,6.5
1787853720000,1106.5551,7.31
1787925360000,1106.5551,7.31
1787925420000,1106.5551,7.31
1787925480000,1106.5551,7.31
1787925540000,1106.5551,7.31
1787925600000,1106.5551,7.31
1787925660000,1106.5551,7.31
1787925720000,1097.193,8.1
1787932800000,1097.193,8.1
1787932860000,1097.193,8.1
1787932920000,1097.193,8.1
1787932980000,1097.193,8.1
1787933040000,1097.193,8.1
1787933100000,1097.193,8.1
1787933160000,1097.193,8.1
1787933220000,1097.193,8.1
1787933280000,1097.193,8.1
1787933340000,1097.193,8.1
1787933400000,1097.193,8.1
1787933460000,1097.193,8.1
1787933520000,1097.193,8.1
1787933580000,1097.193,8.1
1787933640000,1097.193,8.1
1787933700000,1097.193,8.1
1787933760000,1097.193,8.1
1787933820000,1097.193,8.1
1787933880000,1097.193,8.1
1787933940000,1097.193,8.1
1787934000000,1097.193,8.1
1787934060000,1097.193,8.1
1787934120000,1097.193,8.1
1787934180000,1097.193,8.1
1787934240000,1097.193,8.1
1787934300000,1121.1469,6.09
1787935260000,1121.1469,6.09
1787935320000,1121.1469,6.09
1787935380000,1121.1469,6.09
1787935440000,1121.1469,6.09
1787935500000,1121.1469,6.09
1787935560000,1121.1469,6.09
1787935620000,1121.1469,6.09
1787935680000,1121.1469,6.09
1787935740000,1121.1469,6.09
1787935800000,1121.1469,6.09
1787935860000,1121.1469,6.09
1787935920000,1121.1469,6.09
1787935980000,1121.1469,6.09
1787936040000,1121.1469,6.09
1787936100000,1121.1469,6.09
1787936160000,1121.1469,6.09
1787936220000,1121.1469,6.09
1787936280000,1121.1469,6.09
1787936340000,1121.1469,6.09
1787936400000,1121.1469,6.09
1787936460000,1121.1469,6.09
1787936520000,1121.1469,6.09
1787936580000,1121.1469,6.09
1787936640000,1121.1469,6.09
1787936700000,1121.1469,6.09
1787936760000,1121.1469,6.09
1787936820000,1121.1469,6.09
1787936880000,1121.1469,6.09
1787936940000,1121.1469,6.09
1787937000000,1121.1469,6.09
1787937060000,1121.1469,6.09
1787937120000,1121.1469,6.09
1787937180000,1121.1469,6.09
1787937240000,1121.1469,6.09
1787937300000,1121.1469,6.09
1787937360000,1121.1469,6.09
1787937420000,1121.1469,6.09
1787937480000,1121.1469,6.09
1787937540000,1121.1469,6.09
1787937600000,1121.1469,6.09
1787937660000,1121.1469,6.09
1787937720000,1121.1469,6.09
1787937780000,1121.1469,6.09
1787937840000,1121.1469,6.09
1787937900000,1121.1469,6.09
1787937960000,1121.1469,6.09
1787938020000,1121.1469,6.09
1787938080000,1121.1469,6.09
1787938140000,1121.1469,6.09
1787938200000,1121.1469,6.09
1787938260000,1121.1469,6.09
1787938320000,1121.1469,6.09
1787938380000,1121.1469,6.09
1787938440000,1121.1469,6.09
1787938500000,1121.1469,6.09
1787938560000,1121.1469,6.09
1787938620000,1121.1469,6.09
1787938680000,1121.1469,6.09
1787938740000,1121.1469,6.09
1787938800000,1121.1469,6.09
1787938860000,1121.1469,6.09
1787938920000,1121.1469,6.09
1787938980000,1121.1469,6.09
1787939040000,1121.1469,6.09
1787939100000,1121.1469,6.09
1787939160000,1121.1469,6.09
1787939220000,1121.1469,6.09
1787939280000,1121.1469,6.09
1787939340000,1121.1469,6.09
1787939400000,1121.1469,6.09
1787939460000,1121.1469,6.09
1787939520000,1121.1469,6.09
1787939580000,1121.1469,6.09
1787939640000,1121.1469,6.09
1787939700000,1121.1469,6.09
1787939760000,1121.1469,6.09
1787939820000,1121.1469,6.09
1787939880000,1121.1469,6.09
1787939940000,1121.1469,6.09
1787940000000,1121.1469,6.09
1787940060000,1121.1469,6.09
1787940120000,1121.1469,6.09
1787940180000,1121.1469,6.09
1787940240000,1121.1469,6.09
1787940300000,1121.1469,6.09
1787940360000,1121.1469,6.09
1787940420000,1121.1469,6.09
1787940480000,1121.1469,6.09
1787940540000,1121.1469,6.09
1787940600000,1121.1469,6.09
1787940660000,1121.1469,6.09
1787940720000,1121.1469,6.09
1787940780000,1121.1469,6.09
1787940840000,1121.1469,6.09
1787940900000,1121.1469,6.09
1787940960000,1121.1469,6.09
1787941020000,1121.1469,6.09
1787941080000,1121.1469,6.09
1787941140000,1121.1469,6.09
1787941200000,1121.1469,6.09
1787941260000,1121.1469,6.09
1787941320000,1121.1469,6.09
1787941380000,1121.1469,6.09
1787941440000,1121.1469,6.09
1787941500000,1121.1469,6.09
1787941560000,1121.1469,6.09
1787941620000,1121.1469,6.09
1787941680000,1121.1469,6.09
1787941740000,1121.1469,6.09
1787941800000,1121.1469,6.09
1787941860000,1121.1469,6.09
1787941920000,1121.1469,6.09
1787941980000,1121.1469,6.09
1787942040000,1121.1469,6.09
1787942100000,1121.1469,6.09
1787942160000,1121.1469,6.09
1787942220000,1121.1469,6.09
1787942280000,1121.1469,6.09
1787942340000,1121.1469,6.09
1787942400000,1121.1469,6.09
1787942460000,1121.1469,6.09
1787942520000,1121.1469,6.09
1787942580000,1121.1469,6.09
1787942640000,1121.1469,6.09
1787942700000,1121.1469,6.09
1787942760000,1121.1469,6.09
1787942820000,1121.1469,6.09
1787942880000,1121.1469,6.09
1787942940000,1121.1469,6.09
1787943000000,1121.1469,6.09
1787943060000,1121.1469,6.09
1787943120000,1121.1469,6.09
1787943180000,1121.1469,6.09
1787943240000,1121.1469,6.09
1787943300000,1121.1469,6.09
1787943360000,1121.1469,6.09
1787943420000,1121.1469,6.09
1787943480000,1121.1469,6.09
1787943540000,1121.1469,6.09
1787943600000,1121.1469,6.09
1787943660000,1121.1469,6.09
1787943720000,1121.1469,6.09
1787943780000,1121.1469,6.09
1787943840000,1121.1469,6.09
1787943900000,1121.1469,6.09
1787943960000,1121.1469,6.09
1787944020000,1121.1469,6.09
1787944080000,1121.1469,6.09
1787944140000,1121.1469,6.09
1787944200000,1121.1469,6.09
1787944260000,1121.1469,6.09
1787944320000,1121.1469,6.09
1787944380000,1121.1469,6.09
1787944440000,1121.1469,6.09
1787944500000,1121.1469,6.09
1787944560000,1121.1469,6.09
1787944620000,1121.1469,6.09
1787944680000,1121.1469,6.09
1787944740000,1121.1469,6.09
1787944800000,1121.1469,6.09
1787944860000,1121.1469,6.09
1787944920000,1121.1469,6.09
1787944980000,1121.1469,6.09
1787945040000,1121.1469,6.09
1787945100000,1121.1469,6.09
1787945160000,1121.1469,6.09
1787945220000,1121.1469,6.09
1787945280000,1121.1469,6.09
1787945340000,1121.1469,6.09
1787945400000,1121.1469,6.09
1787945460000,1121.1469,6.09
1787945520000,1121.1469,6.09
1787945580000,1121.1469,6.09
1787945640000,1121.1469,6.09
1787945700000,1121.1469,6.09
1787945760000,1121.1469,6.09
1787945820000,1121.1469,6.09
1787945880000,1121.1469,6.09
1787945940000,1121.1469,6.09
1787946000000,1121.1469,6.09
1787946060000,1121.1469,6.09
1787946120000,1121.1469,6.09
1787946180000,1121.1469,6.09
1787946240000,1121.1469,6.09
1787946300000,1121.1469,6.09
1787946360000,1121.1469,6.09
1787946420000,1121.1469,6.09
1787946480000,1121.1469,6.09
1787946540000,1121.1469,6.09
1787946600000,1121.1469,6.09
1787946660000,1121.1469,6.09
1787946720000,1121.1469,6.09
1787946780000,1121.1469,6.09
1787946840000,1121.1469,6.09
1787946900000,1121.1469,6.09
1787946960000,1121.1469,6.09
1787947020000,1121.1469,6.09
1787947080000,1121.1469,6.09
1787947140000,1121.1469,6.09
1787947200000,1121.1469,6.09
1787947260000,1121.1469,6.09
1787947320000,1121.1469,6.09
1787947380000,1121.1469,6.09
1787947440000,1121.1469,6.09
1787947500000,1121.1469,6.09
1787947560000,1121.1469,6.09
1787947620000,1121.1469,6.09
1787947680000,1121.1469,6.09
1787947740000,1121.1469,6.09
1787947800000,1121.1469,6.09
1787947860000,1121.1469,6.09
1787947920000,1121.1469,6.09
1787947980000,1121.1469,6.09
1787948040000,1121.1469,6.09
1787948100000,1121.1469,6.09
1787948160000,1121.1469,6.09
1787948220000,1121.1469,6.09
1787948280000,1121.1469,6.09
1787948340000,1121.1469,6.09
1787948400000,1121.1469,6.09
1787948460000,1121.1469,6.09
1787948520000,1121.1469,6.09
1787948580000,1121.1469,6.09
1787948640000,1121.1469,6.09
1787948700000,1121.1469,6.09
1787948760000,1121.1469,6.09
1787948820000,1121.1469,6.09
1787948880000,1121.1469,6.09
1787948940000,1121.1469,6.09
1787949000000,1121.1469,6.09
1787949060000,1121.1469,6.09
1787949120000,1121.1469,6.09
1787949180000,1121.1469,6.09
1787949240000,1121.1469,6.09
1787949300000,1121.1469,6.09
1787949360000,1121.1469,6.09
1787949420000,1121.1469,6.09
1787949480000,1121.1469,6.09
1787949540000,1121.1469,6.09
1787949600000,1121.1469,6.09
1787949660000,1121.1469,6.09
1787949720000,1121.1469,6.09
1787949780000,1121.1469,6.09
1787949840000,1121.1469,6.09
1787949900000,1121.1469,6.09
1787949960000,1121.1469,6.09
1787950020000,1121.1469,6.09
1787950080000,1121.1469,6.09
1787950140000,1121.1469,6.09
1787950200000,1121.1469,6.09
1787950260000,1121.1469,6.09
1787950320000,1121.1469,6.09
1787950380000,1121.1469,6.09
1787950440000,1121.1469,6.09
1787950500000,1121.1469,6.09
1787950560000,1121.1469,6.09
1787950620000,1121.1469,6.09
1787950680000,1121.1469,6.09
1787950740000,1121.1469,6.09
1787950800000,1121.1469,6.09
1787950860000,1121.1469,6.09
1787950920000,1121.1469,6.09
1787950980000,1121.1469,6.09
1787951040000,1121.1469,6.09
1787951100000,1121.1469,6.09
1787951160000,1121.1469,6.09
1787951220000,1121.1469,6.09
1787951280000,1121.1469,6.09
1787951340000,1121.1469,6.09
1787951400000,1121.1469,6.09
1787951460000,1121.1469,6.09
1787951520000,1121.1469,6.09
1787951580000,1121.1469,6.09
1787951640000,1121.1469,6.09
1787951700000,1121.1469,6.09
1787951760000,1121.1469,6.09
1787951820000,1121.1469,6.09
1787951880000,1121.1469,6.09
1787951940000,1121.1469,6.09
1787952000000,1121.1469,6.09
1787952060000,1121.1469,6.09
1787952120000,1121.1469,6.09
1787952180000,1121.1469,6.09
1787952240000,1121.1469,6.09
1787952300000,1121.1469,6.09
1787952360000,1121.1469,6.09
1787952420000,1121.1469,6.09
1787952480000,1121.1469,6.09
1787952540000,1121.1469,6.09
1787952600000,1121.1469,6.09
1787952660000,1121.1469,6.09
1787952720000,1121.1469,6.09
1787952780000,1121.1469,6.09
1787952840000,1121.1469,6.09
1787952900000,1121.1469,6.09
1787952960000,1121.1469,6.09
1787953020000,1121.1469,6.09
1787953080000,1121.1469,6.09
1787953140000,1121.1469,6.09
1787953200000,1121.1469,6.09
1787953260000,1121.1469,6.09
1787953320000,1121.1469,6.09
1787953380000,1121.1469,6.09
1787953440000,1121.1469,6.09
1787953500000,1121.1469,6.09
1787953560000,1121.1469,6.09
1787953620000,1121.1469,6.09
1787953680000,1121.1469,6.09
1787953740000,1121.1469,6.09
1787953800000,1121.1469,6.09
1787953860000,1121.1469,6.09
1787953920000,1121.1469,6.09
1787953980000,1121.1469,6.09
1787954040000,1121.1469,6.09
1787954100000,1121.1469,6.09
1787954160000,1121.1469,6.09
1787954220000,1121.1469,6.09
1787954280000,1121.1469,6.09
1787954340000,1121.1469,6.09
1787954400000,1121.1469,6.09
1787954460000,1121.1469,6.09
1787954520000,1121.1469,6.09
1787954580000,1121.1469,6.09
1787954640000,1121.1469,6.09
1787954700000,1121.1469,6.09
1787954760000,1121.1469,6.09
1787954820000,1121.1469,6.09
1787954880000,1121.1469,6.09
1787954940000,1121.1469,6.09
1787955000000,1121.1469,6.09
1787955060000,1121.1469,6.09
1787955120000,1121.1469,6.09
1787955180000,1121.1469,6.09
1787955240000,1121.1469,6.09
1787955300000,1121.1469,6.09
1787955360000,1121.1469,6.09
1787955420000,1121.1469,6.09
1787955480000,1121.1469,6.09
1787955540000,1121.1469,6.09
1787955600000,1121.1469,6.09
1787955660000,1121.1469,6.09
1787955720000,1121.1469,6.09
1787955780000,1121.1469,6.09
1787955840000,1121.1469,6.09
1787955900000,1121.1469,6.09
1787955960000,1121.1469,6.09
1787956020000,1121.1469,6.09
1787956080000,1121.1469,6.09
1787956140000,1121.1469,6.09
1787956200000,1121.1469,6.09
1787956260000,1121.1469,6.09
1787956320000,1121.1469,6.09
1787956380000,1121.1469,6.09
1787956440000,1121.1469,6.09
1787956500000,1121.1469,6.09
1787956560000,1121.1469,6.09
1787956620000,1121.1469,6.09
1787956680000,1121.1469,6.09
1787956740000,1121.1469,6.09
1787956800000,1121.1469,6.09
1787956860000,1121.1469,6.09
1787956920000,1121.1469,6.09
1787956980000,1121.1469,6.09
1787957040000,1121.1469,6.09
1787957100000,1121.1469,6.09
1787957160000,1121.1469,6.09
1787957220000,1121.1469,6.09
1787957280000,1121.1469,6.09
1787957340000,1121.1469,6.09
1787957400000,1121.1469,6.09
1787957460000,1121.1469,6.09
1787957520000,1121.1469,6.09
1787957580000,1121.1469,6.09
1787957640000,1121.1469,6.09
1787957700000,1121.1469,6.09
1787957760000,1121.1469,6.09
1787957820000,1121.1469,6.09
1787957880000,1121.1469,6.09
1787957940000,1121.1469,6.09
1787958000000,1121.1469,6.09
1787958060000,1121.1469,6.09
1787958120000,1121.1469,6.09
1787958180000,1121.1469,6.09
1787958240000,1121.1469,6.09
1787958300000,1121.1469,6.09
1787958360000,1121.1469,6.09
1787958420000,1121.1469,6.09
1787958480000,1121.1469,6.09
1787958540000,1121.1469,6.09
1787958600000,1121.1469,6.09
1787958660000,1121.1469,6.09
1787958720000,1121.1469,6.09
1787958780000,1121.1469,6.09
1787958840000,1121.1469,6.09
1787958900000,1121.1469,6.09
1787958960000,1121.1469,6.09
1787959020000,1121.1469,6.09
1787959080000,1121.1469,6.09
1787959140000,1121.1469,6.09
1787959200000,1121.1469,6.09
1787959260000,1121.1469,6.09
1787959320000,1121.1469,6.09
1787959380000,1121.1469,6.09
1787959440000,1121.1469,6.09
1787959500000,1121.1469,6.09
1787959560000,1121.1469,6.09
1787959620000,1121.1469,6.09
1787959680000,1121.1469,6.09
1787959740000,1121.1469,6.09
1787959800000,1121.1469,6.09
1787959860000,1121.1469,6.09
1787959920000,1121.1469,6.09
1787959980000,1121.1469,6.09
1787960040000,1121.1469,6.09
1787960100000,1121.1469,6.09
1787960160000,1121.1469,6.09
1787960220000,1121.1469,6.09
1787960280000,1121.1469,6.09
1787960340000,1121.1469,6.09
1787960400000,1121.1469,6.09
1787960460000,1121.1469,6.09
1787960520000,1121.1469,6.09
1787960580000,1121.1469,6.09
1787960640000,1121.1469,6.09
1787960700000,1121.1469,6.09
1787960760000,1121.1469,6.09
1787960820000,1121.1469,6.09
1787960880000,1121.1469,6.09
1787960940000,1121.1469,6.09
1787961000000,1121.1469,6.09
1787961060000,1121.1469,6.09
1787961120000,1121.1469,6.09
1787961180000,1121.1469,6.09
1787961240000,1121.1469,6.09
1787961300000,1121.1469,6.09
1787961360000,1121.1469,6.09
1787961420000,1121.1469,6.09
1787961480000,1121.1469,6.09
1787961540000,1121.1469,6.09
1787961600000,1121.1469,6.09
1787961660000,1121.1469,6.09
1787961720000,1121.1469,6.09
1787961780000,1121.1469,6.09
1787961840000,1121.1469,6.09
1787961900000,1121.1469,6.09
1787961960000,1121.1469,6.09
1787962020000,1121.1469,6.09
1787962080000,1121.1469,6.09
1787962140000,1121.1469,6.09
1787962200000,1121.1469,6.09
1787962260000,1121.1469,6.09
1787962320000,1121.1469,6.09
1787962380000,1121.1469,6.09
1787962440000,1121.1469,6.09
1787962500000,1121.1469,6.09
1787962560000,1121.1469,6.09
1787962620000,1121.1469,6.09
1787962680000,1121.1469,6.09
1787962740000,1121.1469,6.09
1787962800000,1121.1469,6.09
1787962860000,1121.1469,6.09
1787962920000,1121.1469,6.09
1787962980000,1121.1469,6.09
1787963040000,1121.1469,6.09
1787963100000,1121.1469,6.09
1787963160000,1121.1469,6.09
1787963220000,1121.1469,6.09
1787963280000,1121.1469,6.09
1787963340000,1121.1469,6.09
1787963400000,1121.1469,6.09
1787963460000,1121.1469,6.09
1787963520000,1121.1469,6.09
1787963580000,1121.1469,6.09
1787963640000,1121.1469,6.09
1787963700000,1121.1469,6.09
1787963760000,1121.1469,6.09
1787963820000,1121.1469,6.09
1787963880000,1121.1469,6.09
1787963940000,1121.1469,6.09
1787964000000,1121.1469,6.09
1787964060000,1121.1469,6.09
1787964120000,1121.1469,6.09
1787964180000,1121.1469,6.09
1787964240000,1121.1469,6.09
1787964300000,1121.1469,6.09
1787964360000,1121.1469,6.09
1787964420000,1121.1469,6.09
1787964480000,1121.1469,6.09
1787964540000,1121.1469,6.09
1787964600000,1121.1469,6.09
1787964660000,1121.1469,6.09
1787964720000,1121.1469,6.09
1787964780000,1121.1469,6.09
1787964840000,1121.1469,6.09
1787964900000,1121.1469,6.09
1787964960000,1121.1469,6.09
1787965020000,1121.1469,6.09
1787965080000,1121.1469,6.09
1787965140000,1121.1469,6.09
1787965200000,1121.1469,6.09
1787965260000,1121.1469,6.09
1787965320000,1121.1469,6.09
1787965380000,1121.1469,6.09
1787965440000,1121.1469,6.09
1787965500000,1121.1469,6.09
1787965560000,1121.1469,6.09
1787965620000,1121.1469,6.09
1787965680000,1121.1469,6.09
1787965740000,1121.1469,6.09
1787965800000,1121.1469,6.09
1787965860000,1121.1469,6.09
1787965920000,1121.1469,6.09
1787965980000,1121.1469,6.09
1787966040000,1121.1469,6.09
1787966100000,1121.1469,6.09
1787966160000,1121.1469,6.09
1787966220000,1121.1469,6.09
1787966280000,1121.1469,6.09
1787966340000,1121.1469,6.09
1787966400000,1121.1469,6.09
1787966460000,1121.1469,6.09
1787966520000,1121.1469,6.09
1787966580000,1121.1469,6.09
1787966640000,1121.1469,6.09
1787966700000,1121.1469,6.09
1787966760000,1121.1469,6.09
1787966820000,1121.1469,6.09
1787966880000,1121.1469,6.09
1787966940000,1121.1469,6.09
1787967000000,1121.1469,6.09
1787967060000,1121.1469,6.09
1787967120000,1121.1469,6.09
1787967180000,1121.1469,6.09
1787967240000,1121.1469,6.09
1787967300000,1121.1469,6.09
1787967360000,1121.1469,6.09
1787967420000,1121.1469,6.09
1787967480000,1121.1469,6.09
1787967540000,1121.1469,6.09
1787967600000,1121.1469,6.09
1787967660000,1121.1469,6.09
1787967720000,1121.1469,6.09
1787967780000,1121.1469,6.09
1787967840000,1121.1469,6.09
1787967900000,1121.1469,6.09
1787967960000,1121.1469,6.09
1787968020000,1121.1469,6.09
1787968080000,1121.1469,6.09
1787968140000,1121.1469,6.09
1787968200000,1121.1469,6.09
1787968260000,1121.1469,6.09
1787968320000,1121.1469,6.09
1787968380000,1121.1469,6.09
1787968440000,1121.1469,6.09
1787968500000,1121.1469,6.09
1787968560000,1121.1469,6.09
1787968620000,1121.1469,6.09
1787968680000,1121.1469,6.09
1787968740000,1121.1469,6.09
1787968800000,1121.1469,6.09
1787968860000,1121.1469,6.09
1787968920000,1121.1469,6.09
1787968980000,1121.1469,6.09
1787969040000,1121.1469,6.09
1787969100000,1121.1469,6.09
1787969160000,1121.1469,6.09
1787969220000,1121.1469,6.09
1787969280000,1121.1469,6.09
1787969340000,1121.1469,6.09
1787969400000,1121.1469,6.09
1787969460000,1121.1469,6.09
1787969520000,1121.1469,6.09
1787969580000,1121.1469,6.09
1787969640000,1121.1469,6.09
1787969700000,1121.1469,6.09
1787969760000,1121.1469,6.09
1787969820000,1121.1469,6.09
1787969880000,1121.1469,6.09
1787969940000,1121.1469,6.09
1787970000000,1121.1469,6.09
1787970060000,1121.1469,6.09
1787970120000,1121.1469,6.09
1787970180000,1121.1469,6.09
1787970240000,1121.1469,6.09
1787970300000,1121.1469,6.09
1787970360000,1121.1469,6.09
1787970420000,1121.1469,6.09
1787970480000,1121.1469,6.09
1787970540000,1121.1469,6.09
1787970600000,1121.1469,6.09
1787970660000,1121.1469,6.09
1787970720000,1121.1469,6.09
1787970780000,1121.1469,6.09
1787970840000,1121.1469,6.09
1787970900000,1121.1469,6.09
1787970960000,1121.1469,6.09
1787971020000,1121.1469,6.09
1787971080000,1121.1469,6.09
1787971140000,1121.1469,6.09
1787971200000,1121.1469,6.09
1787971260000,1121.1469,6.09
1787971320000,1121.1469,6.09
1787971380000,1121.1469,6.09
1787971440000,1121.1469,6.09
1787971500000,1121.1469,6.09
1787971560000,1121.1469,6.09
1787971620000,1121.1469,6.09
1787971680000,1121.1469,6.09
1787971740000,1121.1469,6.09
1787971800000,1121.1469,6.09
1787971860000,1121.1469,6.09
1787971920000,1121.1469,6.09
1787971980000,1121.1469,6.09
1787972040000,1121.1469,6.09
1787972100000,1121.1469,6.09
1787972160000,1121.1469,6.09
1787972220000,1121.1469,6.09
1787972280000,1121.1469,6.09
1787972340000,1121.1469,6.09
1787972400000,1121.1469,6.09
1787972460000,1121.1469,6.09
1787972520000,1121.1469,6.09
1787972580000,1121.1469,6.09
1787972640000,1121.1469,6.09
1787972700000,1121.1469,6.09
1787972760000,1121.1469,6.09
1787972820000,1121.1469,6.09
1787972880000,1121.1469,6.09
1787972940000,1121.1469,6.09
1787973000000,1121.1469,6.09
1787973060000,1121.1469,6.09
1787973120000,1121.1469,6.09
1787973180000,1121.1469,6.09
1787973240000,1121.1469,6.09
1787973300000,1121.1469,6.09
1787973360000,1121.1469,6.09
1787973420000,1121.1469,6.09
1787973480000,1121.1469,6.09
1787973540000,1121.1469,6.09
1787973600000,1121.1469,6.09
1787973660000,1121.1469,6.09
1787973720000,1121.1469,6.09
1787973780000,1121.1469,6.09
1787973840000,1121.1469,6.09
1787973900000,1121.1469,6.09
1787973960000,1121.1469,6.09
1787974020000,1121.1469,6.09
1787974080000,1121.1469,6.09
1787974140000,1121.1469,6.09
1787974200000,1121.1469,6.09
1787974260000,1121.1469,6.09
1787974320000,1121.1469,6.09
1787974380000,1121.1469,6.09
1787974440000,1121.1469,6.09
1787974500000,1121.1469,6.09
1787974560000,1121.1469,6.09
1787974620000,1121.1469,6.09
1787974680000,1121.1469,6.09
1787974740000,1121.1469,6.09
1787974800000,1121.1469,6.09
1787974860000,1121.1469,6.09
1787974920000,1121.1469,6.09
1787974980000,1121.1469,6.09
1787975040000,1121.1469,6.09
1787975100000,1121.1469,6.09
1787975160000,1121.1469,6.09
1787975220000,1121.1469,6.09
1787975280000,1121.1469,6.09
1787975340000,1121.1469,6.09
1787975400000,1121.1469,6.09
1787975460000,1121.1469,6.09
1787975520000,1121.1469,6.09
1787975580000,1121.1469,6.09
1787975640000,1121.1469,6.09
1787975700000,1121.1469,6.09
1787975760000,1121.1469,6.09
1787975820000,1121.1469,6.09
1787975880000,1121.1469,6.09
1787975940000,1121.1469,6.09
1787976000000,1121.1469,6.09
1787976060000,1121.1469,6.09
1787976120000,1121.1469,6.09
1787976180000,1121.1469,6.09
1787976240000,1121.1469,6.09
1787976300000,1121.1469,6.09
1787976360000,1121.1469,6.09
1787976420000,1121.1469,6.09
1787976480000,1121.1469,6.09
1787976540000,1121.1469,6.09
1787976600000,1121.1469,6.09
1787976660000,1121.1469,6.09
1787976720000,1121.1469,6.09
1787976780000,1121.1469,6.09
1787976840000,1121.1469,6.09
1787976900000,1121.1469,6.09
1787976960000,1121.1469,6.09
1787977020000,1121.1469,6.09
1787977080000,1121.1469,6.09
1787977140000,1121.1469,6.09
1787977200000,1121.1469,6.09
1787977260000,1121.1469,6.09
1787977320000,1121.1469,6.09
1787977380000,1121.1469,6.09
1787977440000,1121.1469,6.09
1787977500000,1121.1469,6.09
1787977560000,1121.1469,6.09
1787977620000,1121.1469,6.09
1787977680000,1121.1469,6.09
1787977740000,1121.1469,6.09
1787977800000,1121.1469,6.09
1787977860000,1121.1469,6.09
1787977920000,1121.1469,6.09
1787977980000,1121.1469,6.09
1787978040000,1121.1469,6.09
1787978100000,1121.1469,6.09
1787978160000,1121.1469,6.09
1787978220000,1121.1469,6.09
1787978280000,1121.1469,6.09
1787978340000,1121.1469,6.09
1787978400000,1121.1469,6.09
1787978460000,1121.1469,6.09
1787978520000,1121.1469,6.09
1787978580000,1121.1469,6.09
1787978640000,1121.1469,6.09
1787978700000,1121.1469,6.09
1787978760000,1121.1469,6.09
1787978820000,1121.1469,6.09
1787978880000,1121.1469,6.09
1787978940000,1121.1469,6.09
1787979000000,1121.1469,6.09
1787979060000,1121.1469,6.09
1787979120000,1121.1469,6.09
1787979180000,1121.1469,6.09
1787979240000,1121.1469,6.09
1787979300000,1121.1469,6.09
1787979360000,1121.1469,6.09
1787979420000,1121.1469,6.09
1787979480000,1121.1469,6.09
1787979540000,1121.1469,6.09
1787979600000,1121.1469,6.09
1787979660000,1121.1469,6.09
1787979720000,1121.1469,6.09
1787979780000,1121.1469,6.09
1787979840000,1121.1469,6.09
1787979900000,1121.1469,6.09
1787979960000,1121.1469,6.09
1787980020000,1121.1469,6.09
1787980080000,1121.1469,6.09
1787980140000,1121.1469,6.09
1787980200000,1121.1469,6.09
1787980260000,1121.1469,6.09
1787980320000,1121.1469,6.09
1787980380000,1121.1469,6.09
1787980440000,1121.1469,6.09
1787980500000,1121.1469,6.09
1787980560000,1121.1469,6.09
1787980620000,1121.1469,6.09
1787980680000,1121.1469,6.09
1787980740000,1121.1469,6.09
1787980800000,1121.1469,6.09
1787980860000,1121.1469,6.09
1787980920000,1121.1469,6.09
1787980980000,1121.1469,6.09
1787981040000,1121.1469,6.09
1787981100000,1121.1469,6.09
1787981160000,1121.1469,6.09
1787981220000,1121.1469,6.09
1787981280000,1121.1469,6.09
1787981340000,1121.1469,6.09
1787981400000,1121.1469,6.09
1787981460000,1121.1469,6.09
1787981520000,1121.1469,6.09
1787981580000,1121.1469,6.09
1787981640000,1121.1469,6.09
1787981700000,1121.1469,6.09
1787981760000,1121.1469,6.09
1787981820000,1121.1469,6.09
1787981880000,1121.1469,6.09
1787981940000,1121.1469,6.09
1787982000000,1121.1469,6.09
1787982060000,1121.1469,6.09
1787982120000,1121.1469,6.09
1787982180000,1121.1469,6.09
1787982240000,1121.1469,6.09
1787982300000,1121.1469,6.09
1787982360000,1121.1469,6.09
1787982420000,1121.1469,6.09
1787982480000,1121.1469,6.09
1787982540000,1121.1469,6.09
1787982600000,1121.1469,6.09
1787982660000,1121.1469,6.09
1787982720000,1121.1469,6.09
1787982780000,1121.1469,6.09
1787982840000,1121.1469,6.09
1787982900000,1121.1469,6.09
1787982960000,1121.1469,6.09
1787983020000,1121.1469,6.09
1787983080000,1121.1469,6.09
1787983140000,1121.1469,6.09
1787983200000,1121.1469,6.09
1787983260000,1121.1469,6.09
1787983320000,1121.1469,6.09
1787983380000,1121.1469,6.09
1787983440000,1121.1469,6.09
1787983500000,1121.1469,6.09
1787983560000,1121.1469,6.09
1787983620000,1121.1469,6.09
1787983680000,1121.1469,6.09
1787983740000,1121.1469,6.09
1787983800000,1121.1469,6.09
1787983860000,1121.1469,6.09
1787983920000,1121.1469,6.09
1787983980000,1121.1469,6.09
1787984040000,1121.1469,6.09
1787984100000,1121.1469,6.09
1787984160000,1121.1469,6.09
1787984220000,1121.1469,6.09
1787984280000,1121.1469,6.09
1787984340000,1121.1469,6.09
1787984400000,1121.1469,6.09
1787984460000,1121.1469,6.09
1787984520000,1121.1469,6.09
1787984580000,1121.1469,6.09
1787984640000,1121.1469,6.09
1787984700000,1121.1469,6.09
1787984760000,1121.1469,6.09
1787984820000,1121.1469,6.09
1787984880000,1121.1469,6.09
1787984940000,1121.1469,6.09
1787985000000,1121.1469,6.09
1787985060000,1121.1469,6.09
1787985120000,1121.1469,6.09
1787985180000,1121.1469,6.09
1787985240000,1121.1469,6.09
1787985300000,1121.1469,6.09
1787985360000,1121.1469,6.09
1787985420000,1121.1469,6.09
1787985480000,1121.1469,6.09
1787985540000,1121.1469,6.09
1787985600000,1121.1469,6.09
1787985660000,1121.1469,6.09
1787985720000,1121.1469,6.09
1787985780000,1121.1469,6.09
1787985840000,1121.1469,6.09
1787985900000,1121.1469,6.09
1787985960000,1121.1469,6.09
1787986020000,1121.1469,6.09
1787986080000,1121.1469,6.09
1787986140000,1121.1469,6.09
1787986200000,1121.1469,6.09
1787986260000,1121.1469,6.09
1787986320000,1121.1469,6.09
1787986380000,1121.1469,6.09
1787986440000,1121.1469,6.09
1787986500000,1121.1469,6.09
1787986560000,1121.1469,6.09
1787986620000,1121.1469,6.09
1787986680000,1121.1469,6.09
1787986740000,1121.1469,6.09
1787986800000,1121.1469,6.09
1787986860000,1121.1469,6.09
1787986920000,1121.1469,6.09
1787986980000,1121.1469,6.09
1787987040000,1121.1469,6.09
1787987100000,1121.1469,6.09
1787987160000,1121.1469,6.09
1787987220000,1121.1469,6.09
1787987280000,1121.1469,6.09
1787987340000,1121.1469,6.09
1787987400000,1121.1469,6.09
1787987460000,1121.1469,6.09
1787987520000,1121.1469,6.09
1787987580000,1121.1469,6.09
1787987640000,1121.1469,6.09
1787987700000,1121.1469,6.09
1787987760000,1121.1469,6.09
1787987820000,1121.1469,6.09
1787987880000,1121.1469,6.09
1787987940000,1121.1469,6.09
1787988000000,1121.1469,6.09
1787988060000,1121.1469,6.09
1787988120000,1121.1469,6.09
1787988180000,1121.1469,6.09
1787988240000,1121.1469,6.09
1787988300000,1121.1469,6.09
1787988360000,1121.1469,6.09
1787988420000,1121.1469,6.09
1787988480000,1121.1469,6.09
1787988540000,1121.1469,6.09
1787988600000,1121.1469,6.09
1787988660000,1121.1469,6.09
1787988720000,1121.1469,6.09
1787988780000,1121.1469,6.09
1787988840000,1121.1469,6.09
1787988900000,1121.1469,6.09
1787988960000,1121.1469,6.09
1787989020000,1121.1469,6.09
1787989080000,1121.1469,6.09
1787989140000,1121.1469,6.09
1787989200000,1121.1469,6.09
1787989260000,1121.1469,6.09
1787989320000,1121.1469,6.09
1787989380000,1121.1469,6.09
1787989440000,1121.1469,6.09
1787989500000,1121.1469,6.09
1787989560000,1121.1469,6.09
1787989620000,1121.1469,6.09
1787989680000,1121.1469,6.09
1787989740000,1121.1469,6.09
1787989800000,1121.1469,6.09
1787989860000,1121.1469,6.09
1787989920000,1121.1469,6.09
1787989980000,1121.1469,6.09
1787990040000,1121.1469,6.09
1787990100000,1121.1469,6.09
1787990160000,1121.1469,6.09
1787990220000,1121.1469,6.09
1787990280000,1121.1469,6.09
1787990340000,1121.1469,6.09
1787990400000,1121.1469,6.09
1787990460000,1121.1469,6.09
1787990520000,1121.1469,6.09
1787990580000,1121.1469,6.09
1787990640000,1121.1469,6.09
1787990700000,1121.1469,6.09
1787990760000,1121.1469,6.09
1787990820000,1121.1469,6.09
1787990880000,1121.1469,6.09
1787990940000,1121.1469,6.09
1787991000000,1121.1469,6.09
1787991060000,1121.1469,6.09
1787991120000,1121.1469,6.09
1787991180000,1121.1469,6.09
1787991240000,1121.1469,6.09
1787991300000,1121.1469,6.09
1787991360000,1121.1469,6.09
1787991420000,1121.1469,6.09
1787991480000,1121.1469,6.09
1787991540000,1121.1469,6.09
1787991600000,1121.1469,6.09
1787991660000,1121.1469,6.09
1787991720000,1121.1469,6.09
1787991780000,1121.1469,6.09
1787991840000,1121.1469,6.09
1787991900000,1121.1469,6.09
1787991960000,1121.1469,6.09
1787992020000,1121.1469,6.09
1787992080000,1121.1469,6.09
1787992140000,1121.1469,6.09
1787992200000,1121.1469,6.09
1787992260000,1121.1469,6.09
1787992320000,1121.1469,6.09
1787992380000,1121.1469,6.09
1787992440000,1121.1469,6.09
1787992500000,1121.1469,6.09
1787992560000,1121.1469,6.09
1787992620000,1121.1469,6.09
1787992680000,1121.1469,6.09
1787992740000,1121.1469,6.09
1787992800000,1121.1469,6.09
1787992860000,1121.1469,6.09
1787992920000,1121.1469,6.09
1787992980000,1121.1469,6.09
1787993040000,1121.1469,6.09
1787993100000,1121.1469,6.09
1787993160000,1121.1469,6.09
1787993220000,1121.1469,6.09
1787993280000,1121.1469,6.09
1787993340000,1121.1469,6.09
1787993400000,1121.1469,6.09
1787993460000,1121.1469,6.09
1787993520000,1121.1469,6.09
1787993580000,1121.1469,6.09
1787993640000,1121.1469,6.09
1787993700000,1121.1469,6.09
1787993760000,1121.1469,6.09
1787993820000,1121.1469,6.09
1787993880000,1121.1469,6.09
1787993940000,1121.1469,6.09
1787994000000,1121.1469,6.09
1787994060000,1121.1469,6.09
1787994120000,1121.1469,6.09
1787994180000,1121.1469,6.09
1787994240000,1121.1469,6.09
1787994300000,1121.1469,6.09
1787994360000,1121.1469,6.09
1787994420000,1121.1469,6.09
1787994480000,1121.1469,6.09
1787994540000,1121.1469,6.09
1787994600000,1121.1469,6.09
1787994660000,1121.1469,6.09
1787994720000,1121.1469,6.09
1787994780000,1121.1469,6.09
1787994840000,1121.1469,6.09
1787994900000,1121.1469,6.09
1787994960000,1121.1469,6.09
1787995020000,1121.1469,6.09
1787995080000,1121.1469,6.09
1787995140000,1121.1469,6.09
1787995200000,1121.1469,6.09
1787995260000,1121.1469,6.09
1787995320000,1121.1469,6.09
1787995380000,1121.1469,6.09
1787995440000,1121.1469,6.09
1787995500000,1121.1469,6.09
1787995560000,1121.1469,6.09
1787995620000,1121.1469,6.09
1787995680000,1121.1469,6.09
1787995740000,1121.1469,6.09
1787995800000,1121.1469,6.09
1787995860000,1121.1469,6.09
1787995920000,1121.1469,6.09
1787995980000,1121.1469,6.09
1787996040000,1121.1469,6.09
1787996100000,1121.1469,6.09
1787996160000,1121.1469,6.09
1787996220000,1121.1469,6.09
1787996280000,1121.1469,6.09
1787996340000,1121.1469,6.09
1787996400000,1121.1469,6.09
1787996460000,1121.1469,6.09
1787996520000,1121.1469,6.09
1787996580000,1121.1469,6.09
1787996640000,1121.1469,6.09
1787996700000,1121.1469,6.09
1787996760000,1121.1469,6.09
1787996820000,1121.1469,6.09
1787996880000,1121.1469,6.09
1787996940000,1121.1469,6.09
1787997000000,1121.1469,6.09
1787997060000,1121.1469,6.09
1787997120000,1121.1469,6.09
1787997180000,1121.1469,6.09
1787997240000,1121.1469,6.09
1787997300000,1121.1469,6.09
1787997360000,1121.1469,6.09
1787997420000,1121.1469,6.09
1787997480000,1121.1469,6.09
1787997540000,1121.1469,6.09
1787997600000,1121.1469,6.09
1787997660000,1121.1469,6.09
1787997720000,1121.1469,6.09
1787997780000,1121.1469,6.09
1787997840000,1121.1469,6.09
1787997900000,1121.1469,6.09
1787997960000,1121.1469,6.09
1787998020000,1121.1469,6.09
1787998080000,1121.1469,6.09
1787998140000,1121.1469,6.09
1787998200000,1121.1469,6.09
1787998260000,1121.1469,6.09
1787998320000,1121.1469,6.09
1787998380000,1121.1469,6.09
1787998440000,1121.1469,6.09
1787998500000,1121.1469,6.09
1787998560000,1121.1469,6.09
1787998620000,1121.1469,6.09
1787998680000,1121.1469,6.09
1787998740000,1121.1469,6.09
1787998800000,1121.1469,6.09
1787998860000,1121.1469,6.09
1787998920000,1121.1469,6.09
1787998980000,1121.1469,6.09
1787999040000,1121.1469,6.09
1787999100000,1121.1469,6.09
1787999160000,1121.1469,6.09
1787999220000,1121.1469,6.09
1787999280000,1121.1469,6.09
1787999340000,1121.1469,6.09
1787999400000,1121.1469,6.09
1787999460000,1121.1469,6.09
1787999520000,1121.1469,6.09
1787999580000,1121.1469,6.09
1787999640000,1121.1469,6.09
1787999700000,1121.1469,6.09
1787999760000,1121.1469,6.09
1787999820000,1121.1469,6.09
1787999880000,1121.1469,6.09
1787999940000,1121.1469,6.09
1788000000000,1121.1469,6.09
1788000060000,1121.1469,6.09
1788000120000,1121.1469,6.09
1788000180000,1121.1469,6.09
1788000240000,1121.1469,6.09
1788000300000,1121.1469,6.09
1788000360000,1121.1469,6.09
1788000420000,1121.1469,6.09
1788000480000,1121.1469,6.09
1788000540000,1121.1469,6.09
1788000600000,1121.1469,6.09
1788000660000,1121.1469,6.09
1788000720000,1121.1469,6.09
1788000780000,1121.1469,6.09
1788000840000,1121.1469,6.09
1788000900000,1121.1469,6.09
1788000960000,1121.1469,6.09
1788001020000,1121.1469,6.09
1788001080000,1121.1469,6.09
1788001140000,1121.1469,6.09
1788001200000,1121.1469,6.09
1788001260000,1121.1469,6.09
1788001320000,1121.1469,6.09
1788001380000,1121.1469,6.09
1788001440000,1121.1469,6.09
1788001500000,1121.1469,6.09
1788001560000,1121.1469,6.09
1788001620000,1121.1469,6.09
1788001680000,1121.1469,6.09
1788001740000,1121.1469,6.09
1788001800000,1121.1469,6.09
1788001860000,1121.1469,6.09
1788001920000,1121.1469,6.09
1788001980000,1121.1469,6.09
1788002040000,1121.1469,6.09
1788002100000,1121.1469,6.09
1788002160000,1121.1469,6.09
1788002220000,1121.1469,6.09
1788002280000,1121.1469,6.09
1788002340000,1121.1469,6.09
1788002400000,1121.1469,6.09
1788002460000,1121.1469,6.09
1788002520000,1121.1469,6.09
1788002580000,1121.1469,6.09
1788002640000,1121.1469,6.09
1788002700000,1121.1469,6.09
1788002760000,1121.1469,6.09
1788002820000,1121.1469,6.09
1788002880000,1121.1469,6.09
1788002940000,1121.1469,6.09
1788003000000,1121.1469,6.09
1788003060000,1121.1469,6.09
1788003120000,1121.1469,6.09
1788003180000,1121.1469,6.09
1788003240000,1121.1469,6.09
1788003300000,1121.1469,6.09
1788003360000,1121.1469,6.09
1788003420000,1121.1469,6.09
1788003480000,1121.1469,6.09
1788003540000,1121.1469,6.09
1788003600000,1121.1469,6.09
1788003660000,1121.1469,6.09
1788003720000,1121.1469,6.09
1788003780000,1121.1469,6.09
1788003840000,1121.1469,6.09
1788003900000,1121.1469,6.09
1788003960000,1121.1469,6.09
1788004020000,1121.1469,6.09
1788004080000,1121.1469,6.09
1788004140000,1121.1469,6.09
1788004200000,1121.1469,6.09
1788004260000,1121.1469,6.09
1788004320000,1121.1469,6.09
1788004380000,1121.1469,6.09
1788004440000,1121.1469,6.09
1788004500000,1121.1469,6.09
1788004560000,1121.1469,6.09
1788004620000,1121.1469,6.09
1788004680000,1121.1469,6.09
1788004740000,1121.1469,6.09
1788004800000,1121.1469,6.09
1788004860000,1121.1469,6.09
1788004920000,1121.1469,6.09
1788004980000,1121.1469,6.09
1788005040000,1121.1469,6.09
1788005100000,1121.1469,6.09
1788005160000,1121.1469,6.09
1788005220000,1121.1469,6.09
1788005280000,1121.1469,6.09
1788005340000,1121.1469,6.09
1788005400000,1121.1469,6.09
1788005460000,1121.1469,6.09
1788005520000,1121.1469,6.09
1788005580000,1121.1469,6.09
1788005640000,1121.1469,6.09
1788005700000,1121.1469,6.09
1788005760000,1121.1469,6.09
1788005820000,1121.1469,6.09
1788005880000,1121.1469,6.09
1788005940000,1121.1469,6.09
1788006000000,1121.1469,6.09
1788006060000,1121.1469,6.09
1788006120000,1121.1469,6.09
1788006180000,1121.1469,6.09
1788006240000,1121.1469,6.09
1788006300000,1121.1469,6.09
1788006360000,1121.1469,6.09
1788006420000,1121.1469,6.09
1788006480000,1121.1469,6.09
1788006540000,1121.1469,6.09
1788006600000,1121.1469,6.09
1788006660000,1121.1469,6.09
1788006720000,1121.1469,6.09
1788006780000,1121.1469,6.09
1788006840000,1121.1469,6.09
1788006900000,1121.1469,6.09
1788006960000,1121.1469,6.09
1788007020000,1121.1469,6.09
1788007080000,1121.1469,6.09
1788007140000,1121.1469,6.09
1788007200000,1121.1469,6.09
1788007260000,1121.1469,6.09
1788007320000,1121.1469,6.09
1788007380000,1121.1469,6.09
1788007440000,1121.1469,6.09
1788007500000,1121.1469,6.09
1788007560000,1121.1469,6.09
1788007620000,1121.1469,6.09
1788007680000,1121.1469,6.09
1788007740000,1121.1469,6.09
1788007800000,1121.1469,6.09
1788007860000,1121.1469,6.09
1788007920000,1121.1469,6.09
1788007980000,1121.1469,6.09
1788008040000,1121.1469,6.09
1788008100000,1121.1469,6.09
1788008160000,1121.1469,6.09
1788008220000,1121.1469,6.09
1788008280000,1121.1469,6.09
1788008340000,1121.1469,6.09
1788008400000,1121.1469,6.09
1788008460000,1121.1469,6.09
1788008520000,1121.1469,6.09
1788008580000,1121.1469,6.09
1788008640000,1121.1469,6.09
1788008700000,1121.1469,6.09
1788008760000,1121.1469,6.09
1788008820000,1121.1469,6.09
1788008880000,1121.1469,6.09
1788008940000,1121.1469,6.09
1788009000000,1121.1469,6.09
1788009060000,1121.1469,6.09
1788009120000,1121.1469,6.09
1788009180000,1121.1469,6.09
1788009240000,1121.1469,6.09
1788009300000,1121.1469,6.09
1788009360000,1121.1469,6.09
1788009420000,1121.1469,6.09
1788009480000,1121.1469,6.09
1788009540000,1121.1469,6.09
1788009600000,1121.1469,6.09
1788009660000,1121.1469,6.09
1788009720000,1121.1469,6.09
1788009780000,1121.1469,6.09
1788009840000,1121.1469,6.09
1788009900000,1121.1469,6.09
1788009960000,1121.1469,6.09
1788010020000,1121.1469,6.09
1788010080000,1121.1469,6.09
1788010140000,1121.1469,6.09
1788010200000,1121.1469,6.09
1788010260000,1121.1469,6.09
1788010320000,1121.1469,6.09
1788010380000,1121.1469,6.09
1788010440000,1121.1469,6.09
1788010500000,1121.1469,6.09
1788010560000,1121.1469,6.09
1788010620000,1121.1469,6.09
1788010680000,1121.1469,6.09
1788010740000,1121.1469,6.09
1788010800000,1121.1469,6.09
1788010860000,1121.1469,6.09
1788010920000,1121.1469,6.09
1788010980000,1121.1469,6.09
1788011040000,1121.1469,6.09
1788011100000,1121.1469,6.09
1788011160000,1121.1469,6.09
1788011220000,1121.1469,6.09
1788011280000,1121.1469,6.09
1788011340000,1121.1469,6.09
1788011400000,1121.1469,6.09
1788011460000,1121.1469,6.09
1788011520000,1121.1469,6.09
1788011580000,1121.1469,6.09
1788011640000,1121.1469,6.09
1788011700000,1121.1469,6.09
1788011760000,1121.1469,6.09
1788011820000,1121.1469,6.09
1788011880000,1121.1469,6.09
1788011940000,1121.1469,6.09
1788012000000,1121.1469,6.09
1788012060000,1121.1469,6.09
1788012120000,1121.1469,6.09
1788012180000,1121.1469,6.09
1788012240000,1121.1469,6.09
1788012300000,1121.1469,6.09
1788012360000,1121.1469,6.09
1788012420000,1121.1469,6.09
1788012480000,1121.1469,6.09
1788012540000,1121.1469,6.09
1788012600000,1121.1469,6.09
1788012660000,1121.1469,6.09
1788012720000,1121.1469,6.09
1788012780000,1121.1469,6.09
1788012840000,1121.1469,6.09
1788012900000,1121.1469,6.09
1788012960000,1121.1469,6.09
1788013020000,1121.1469,6.09
1788013080000,1121.1469,6.09
1788013140000,1121.1469,6.09
1788013200000,1121.1469,6.09
1788013260000,1121.1469,6.09
1788013320000,1121.1469,6.09
1788013380000,1121.1469,6.09
1788013440000,1121.1469,6.09
1788013500000,1121.1469,6.09
1788013560000,1121.1469,6.09
1788013620000,1121.1469,6.09
1788013680000,1121.1469,6.09
1788013740000,1121.1469,6.09
1788013800000,1121.1469,6.09
1788013860000,1121.1469,6.09
1788013920000,1121.1469,6.09
1788013980000,1121.1469,6.09
1788014040000,1121.1469,6.09
1788014100000,1121.1469,6.09
1788014160000,1121.1469,6.09
1788014220000,1121.1469,6.09
1788014280000,1121.1469,6.09
1788014340000,1121.1469,6.09
1788014400000,1121.1469,6.09
1788014460000,1121.1469,6.09
1788014520000,1121.1469,6.09
1788014580000,1121.1469,6.09
1788014640000,1121.1469,6.09
1788014700000,1121.1469,6.09
1788014760000,1121.1469,6.09
1788014820000,1110.623,6.97
1788091500000,1110.623,6.97
1788091560000,1110.623,6.97
1788091620000,1110.623,6.97
1788091680000,1110.623,6.97
1788091740000,1110.623,6.97
1788091800000,1110.623,6.97
1788091860000,1110.623,6.97
1788091920000,1110.623,6.97
1788091980000,1110.623,6.97
1788092040000,1110.623,6.97
1788092100000,1110.623,6.97
1788092160000,1110.623,6.97
1788092220000,1110.623,6.97
1788092280000,1110.623,6.97
1788092340000,1110.623,6.97
1788092400000,1110.623,6.97
1788092460000,1110.623,6.97
1788092520000,1110.623,6.97
1788092580000,1110.623,6.97
1788092640000,1110.623,6.97
1788092700000,1110.623,6.97
1788092760000,1110.623,6.97
1788092820000,1110.623,6.97
1788092880000,1110.623,6.97
1788092940000,1110.623,6.97
1788093000000,1110.623,6.97
1788093060000,1110.623,6.97
1788093120000,1110.623,6.97
1788093180000,1110.623,6.97
1788093240000,1110.623,6.97
1788093300000,1110.623,6.97
1788093360000,1110.623,6.97
1788093420000,1110.623,6.97
1788093480000,1110.623,6.97
1788093540000,1110.623,6.97
1788093600000,1110.623,6.97
1788093660000,1110.623,6.97
1788093720000,1110.623,6.97
1788093780000,1110.623,6.97
1788093840000,1110.623,6.97
1788093900000,1110.623,6.97
1788093960000,1110.623,6.97
1788094020000,1110.623,6.97
1788094080000,1110.623,6.97
1788094140000,1110.623,6.97
1788094200000,1110.623,6.97
1788094260000,1110.623,6.97
1788094320000,1110.623,6.97
1788094380000,1110.623,6.97
1788094440000,1110.623,6.97
1788094500000,1110.623,6.97
1788094560000,1110.623,6.97
1788094620000,1110.623,6.97
1788094680000,1110.623,6.97
1788094740000,1110.623,6.97
1788094800000,1110.623,6.97
1788094860000,1110.623,6.97
1788094920000,1110.623,6.97
1788094980000,1110.623,6.97
1788095040000,1110.623,6.97
1788095100000,1110.623,6.97
1788095160000,1110.623,6.97
1788095220000,1110.623,6.97
1788095280000,1110.623,6.97
1788095340000,1110.623,6.97
1788095400000,1110.623,6.97
1788095460000,1110.623,6.97
1788095520000,1110.623,6.97
1788095580000,1110.623,6.97
1788095640000,1110.623,6.97
1788095700000,1110.623,6.97
1788095760000,1110.623,6.97
1788095820000,1110.623,6.97
1788095880000,1110.623,6.97
1788095940000,1110.623,6.97
1788096000000,1110.623,6.97
1788096060000,1110.623,6.97
1788096120000,1110.623,6.97
1788096180000,1110.623,6.97
1788096240000,1110.623,6.97
1788096300000,1110.623,6.97
1788096360000,1110.623,6.97
1788096420000,1110.623,6.97
1788096480000,1110.623,6.97
1788096540000,1110.623,6.97
1788096600000,1110.623,6.97
1788096660000,1110.623,6.97
1788096720000,1110.623,6.97
1788096780000,1110.623,6.97
1788096840000,1110.623,6.97
1788096900000,1110.623,6.97
1788096960000,1110.623,6.97
1788097020000,1110.623,6.97
1788097080000,1110.623,6.97
1788097140000,1110.623,6.97
1788097200000,1110.623,6.97
1788097260000,1110.623,6.97
1788097320000,1110.623,6.97
1788097380000,1110.623,6.97
1788097440000,1110.623,6.97
1788097500000,1110.623,6.97
1788097560000,1110.623,6.97
1788097620000,1110.623,6.97
1788097680000,1121.1752,6.09
1788107820000,1121.1752,6.09
1788107880000,1121.1752,6.09
1788107940000,1121.1752,6.09
1788108000000,1121.1752,6.09
1788108060000,1121.1752,6.09
1788108120000,1121.1752,6.09
1788108180000,1121.1752,6.09
1788108240000,1121.1752,6.09
1788108300000,1121.1752,6.09
1788108360000,1121.1752,6.09
1788108420000,1121.1752,6.09
1788108480000,1121.1752,6.09
1788108540000,1121.1752,6.09
1788108600000,1121.1752,6.09
1788108660000,1121.1752,6.09
1788108720000,1121.1752,6.09
1788108780000,1121.1752,6.09
1788108840000,1121.1752,6.09
1788108900000,1121.1752,6.09
1788108960000,1121.1752,6.09
1788109020000,1121.1752,6.09
1788109080000,1121.1752,6.09
1788109140000,1121.1752,6.09
1788109200000,1121.1752,6.09
1788109260000,1121.1752,6.09
1788109320000,1121.1752,6.09
1788109380000,1121.1752,6.09
1788109440000,1121.1752,6.09
1788109500000,1121.1752,6.09
1788109560000,1121.1752,6.09
1788109620000,1121.1752,6.09
1788109680000,1121.1752,6.09
1788109740000,1121.1752,6.09
1788109800000,1121.1752,6.09
1788109860000,1121.1752,6.09
1788109920000,1121.1752,6.09
1788109980000,1121.1752,6.09
1788110040000,1121.1752,6.09
1788110100000,1121.1752,6.09
1788110160000,1110.9604,6.94
1788114720000,1110.9604,6.94
1788114780000,1110.9604,6.94
1788114840000,1110.9604,6.94
1788114900000,1110.9604,6.94
1788114960000,1110.9604,6.94
1788115020000,1110.9604,6.94
1788115080000,1110.9604,6.94
1788115140000,1110.9604,6.94
1788115200000,1110.9604,6.94
1788115260000,1110.9604,6.94
1788115320000,1110.9604,6.94
1788115380000,1110.9604,6.94
1788115440000,1110.9604,6.94
1788115500000,1110.9604,6.94
1788115560000,1110.9604,6.94
1788115620000,1110.9604,6.94
1788115680000,1110.9604,6.94
1788115740000,1110.9604,6.94
1788115800000,1110.9604,6.94
1788115860000,1110.9604,6.94
1788115920000,1110.9604,6.94
1788115980000,1110.9604,6.94
1788116040000,1110.9604,6.94
1788116100000,1110.9604,6.94
1788116160000,1110.9604,6.94
1788116220000,1110.9604,6.94
1788116280000,1110.9604,6.94
1788116340000,1110.9604,6.94
1788116400000,1110.9604,6.94
1788116460000,1110.9604,6.94
1788116520000,1110.9604,6.94
1788116580000,1110.9604,6.94
1788116640000,1110.9604,6.94
1788116700000,1110.9604,6.94
1788116760000,1110.9604,6.94
1788116820000,1110.9604,6.94
1788116880000,1110.9604,6.94
1788116940000,1110.9604,6.94
1788117000000,1110.9604,6.94
1788117060000,1110.9604,6.94
1788117120000,1110.9604,6.94
1788117180000,1110.9604,6.94
1788117240000,1110.9604,6.94
1788117300000,1110.9604,6.94
1788117360000,1110.9604,6.94
1788117420000,1110.9604,6.94
1788117480000,1110.9604,6.94
1788117540000,1110.9604,6.94
1788117600000,1110.9604,6.94
1788117660000,1110.9604,6.94
1788117720000,1110.9604,6.94
1788117780000,1110.9604,6.94
1788117840000,1110.9604,6.94
1788117900000,1110.9604,6.94
1788117960000,1110.9604,6.94
1788118020000,1110.9604,6.94
1788118080000,1110.9604,6.94
1788118140000,1110.9604,6.94
1788118200000,1110.9604,6.94
1788118260000,1110.9604,6.94
1788118320000,1110.9604,6.94
1788118380000,1110.9604,6.94
1788118440000,1110.9604,6.94
1788118500000,1110.9604,6.94
1788118560000,1110.9604,6.94
1788118620000,1110.9604,6.94
1788118680000,1100.6022,7.81
1788120180000,1100.6022,7.81
1788120240000,1100.6022,7.81
1788120300000,1100.6022,7.81
1788120360000,1100.6022,7.81
1788120420000,1100.6022,7.81
1788120480000,1100.6022,7.81
1788120540000,1100.6022,7.81
1788120600000,1100.6022,7.81
1788120660000,1100.6022,7.81
1788120720000,1100.6022,7.81
1788120780000,1100.6022,7.81
1788120840000,1100.6022,7.81
1788120900000,1100.6022,7.81
1788120960000,1100.6022,7.81
1788121020000,1100.6022,7.81
1788121080000,1100.6022,7.81
1788121140000,1100.6022,7.81
1788121200000,1100.6022,7.81
1788121260000,1100.6022,7.81
1788121320000,1100.6022,7.81
1788121380000,1100.6022,7.81
1788121440000,1100.6022,7.81
1788121500000,1100.6022,7.81
1788121560000,1100.6022,7.81
1788121620000,1100.6022,7.81
1788121680000,1100.6022,7.81
1788121740000,1100.6022,7.81
1788121800000,1100.6022,7.81
1788121860000,1089.9564,8.7
1788165780000,1089.9564,8.7
1788165840000,1089.9564,8.7
1788165900000,1089.9564,8.7
1788165960000,1089.9564,8.7
1788166020000,1089.9564,8.7
1788166080000,1089.9564,8.7
1788166140000,1089.9564,8.7
1788166200000,1089.9564,8.7
1788166260000,1089.9564,8.7
1788166320000,1089.9564,8.7
1788166380000,1089.9564,8.7
1788166440000,1089.9564,8.7
1788166500000,1089.9564,8.7
1788166560000,1089.9564,8.7
1788166620000,1089.9564,8.7
1788166680000,1089.9564,8.7
1788166740000,1089.9564,8.7
1788166800000,1089.9564,8.7
1788166860000,1089.9564,8.7
1788166920000,1089.9564,8.7
1788166980000,1089.9564,8.7
1788167040000,1089.9564,8.7
1788167100000,1089.9564,8.7
1788167160000,1089.9564,8.7
1788167220000,1089.9564,8.7
1788167280000,1089.9564,8.7
1788167340000,1089.9564,8.7
1788167400000,1089.9564,8.7
1788167460000,1089.9564,8.7
1788167520000,1089.9564,8.7
1788167580000,1089.9564,8.7
1788167640000,1089.9564,8.7
1788167700000,1089.9564,8.7
1788167760000,1089.9564,8.7
1788167820000,1089.9564,8.7
1788167880000,1089.9564,8.7
1788167940000,1089.9564,8.7
1788168000000,1089.9564,8.7
1788168060000,1089.9564,8.7
1788168120000,1089.9564,8.7
1788168180000,1089.9564,8.7
1788168240000,1089.9564,8.7
1788168300000,1089.9564,8.7
1788168360000,1089.9564,8.7
1788168420000,1089.9564,8.7
1788168480000,1089.9564,8.7
1788168540000,1089.9564,8.7
1788168600000,1089.9564,8.7
1788168660000,1089.9564,8.7
1788168720000,1089.9564,8.7
1788168780000,1089.9564,8.7
1788168840000,1089.9564,8.7
1788168900000,1089.9564,8.7
1788168960000,1089.9564,8.7
1788169020000,1089.9564,8.7
1788169080000,1089.9564,8.7
1788169140000,1089.9564,8.7
1788169200000,1089.9564,8.7
1788169260000,1089.9564,8.7
1788169320000,1089.9564,8.7
1788169380000,1089.9564,8.7
1788169440000,1089.9564,8.7
1788169500000,1089.9564,8.7
1788169560000,1089.9564,8.7
1788169620000,1089.9564,8.7
1788169680000,1089.9564,8.7
1788169740000,1089.9564,8.7
1788169800000,1089.9564,8.7
1788169860000,1089.9564,8.7
1788169920000,1089.9564,8.7
1788169980000,1089.9564,8.7
1788170040000,1089.9564,8.7
1788170100000,1089.9564,8.7
1788170160000,1089.9564,8.7
1788170220000,1089.9564,8.7
1788170280000,1089.9564,8.7
1788170340000,1089.9564,8.7
1788170400000,1089.9564,8.7
1788170460000,1089.9564,8.7
1788170520000,1089.9564,8.7
1788170580000,1089.9564,8.7
1788170640000,1089.9564,8.7
1788170700000,1089.9564,8.7
1788170760000,1089.9564,8.7
1788170820000,1089.9564,8.7
1788170880000,1089.9564,8.7
1788170940000,1089.9564,8.7
1788171000000,1089.9564,8.7
1788171060000,1089.9564,8.7
1788171120000,1089.9564,8.7
1788171180000,1089.9564,8.7
1788171240000,1089.9564,8.7
1788171300000,1089.9564,8.7
1788171360000,1089.9564,8.7
1788171420000,1089.9564,8.7
1788171480000,1089.9564,8.7
1788171540000,1089.9564,8.7
1788171600000,1089.9564,8.7
1788171660000,1089.9564,8.7
1788171720000,1089.9564,8.7
1788171780000,1089.9564,8.7
1788171840000,1089.9564,8.7
1788171900000,1089.9564,8.7
1788171960000,1089.9564,8.7
1788172020000,1089.9564,8.7
1788172080000,1089.9564,8.7
1788172140000,1089.9564,8.7
1788172200000,1089.9564,8.7
1788172260000,1089.9564,8.7
1788172320000,1089.9564,8.7
1788172380000,1089.9564,8.7
1788172440000,1089.9564,8.7
1788172500000,1089.9564,8.7
1788172560000,1089.9564,8.7
1788172620000,1089.9564,8.7
1788172680000,1089.9564,8.7
1788172740000,1089.9564,8.7
1788172800000,1089.9564,8.7
1788172860000,1089.9564,8.7
1788172920000,1089.9564,8.7
1788172980000,1089.9564,8.7
1788173040000,1089.9564,8.7
1788173100000,1089.9564,8.7
1788173160000,1089.9564,8.7
1788173220000,1089.9564,8.7
1788173280000,1089.9564,8.7
1788173340000,1089.9564,8.7
1788173400000,1089.9564,8.7
1788173460000,1089.9564,8.7
1788173520000,1089.9564,8.7
1788173580000,1089.9564,8.7
1788173640000,1089.9564,8.7
1788173700000,1089.9564,8.7
1788173760000,1089.9564,8.7
1788173820000,1089.9564,8.7
1788173880000,1089.9564,8.7
1788173940000,1089.9564,8.7
1788174000000,1089.9564,8.7
1788174060000,1089.9564,8.7
1788174120000,1089.9564,8.7
1788174180000,1089.9564,8.7
1788174240000,1089.9564,8.7
1788174300000,1089.9564,8.7
1788174360000,1089.9564,8.7
1788174420000,1089.9564,8.7
1788174480000,1089.9564,8.7
1788174540000,1089.9564,8.7
1788174600000,1089.9564,8.7
1788174660000,1089.9564,8.7
1788174720000,1089.9564,8.7
1788174780000,1089.9564,8.7
1788174840000,1089.9564,8.7
1788174900000,1089.9564,8.7
1788174960000,1089.9564,8.7
1788175020000,1089.9564,8.7
1788175080000,1089.9564,8.7
1788175140000,1089.9564,8.7
1788175200000,1089.9564,8.7
1788175260000,1089.9564,8.7
1788175320000,1089.9564,8.7
1788175380000,1089.9564,8.7
1788175440000,1089.9564,8.7
1788175500000,1089.9564,8.7
1788175560000,1089.9564,8.7
1788175620000,1089.9564,8.7
1788175680000,1089.9564,8.7
1788175740000,1089.9564,8.7
1788175800000,1089.9564,8.7
1788175860000,1089.9564,8.7
1788175920000,1089.9564,8.7
1788175980000,1089.9564,8.7
1788176040000,1089.9564,8.7
1788176100000,1089.9564,8.7
1788176160000,1089.9564,8.7
1788176220000,1089.9564,8.7
1788176280000,1089.9564,8.7
1788176340000,1089.9564,8.7
1788176400000,1089.9564,8.7
1788176460000,1089.9564,8.7
1788176520000,1089.9564,8.7
1788176580000,1089.9564,8.7
1788176640000,1089.9564,8.7
1788176700000,1089.9564,8.7
1788176760000,1089.9564,8.7
1788176820000,1089.9564,8.7
1788176880000,1089.9564,8.7
1788176940000,1089.9564,8.7
1788177000000,1089.9564,8.7
1788177060000,1089.9564,8.7
1788177120000,1089.9564,8.7
1788177180000,1089.9564,8.7
1788177240000,1089.9564,8.7
1788177300000,1089.9564,8.7
1788177360000,1089.9564,8.7
1788177420000,1089.9564,8.7
1788177480000,1089.9564,8.7
1788177540000,1089.9564,8.7
1788177600000,1089.9564,8.7
1788177660000,1089.9564,8.7
1788177720000,1089.9564,8.7
1788177780000,1089.9564,8.7
1788177840000,1089.9564,8.7
1788177900000,1089.9564,8.7
1788177960000,1089.9564,8.7
1788178020000,1089.9564,8.7
1788178080000,1089.9564,8.7
1788178140000,1089.9564,8.7
1788178200000,1089.9564,8.7
1788178260000,1089.9564,8.7
1788178320000,1089.9564,8.7
1788178380000,1089.9564,8.7
1788178440000,1089.9564,8.7
1788178500000,1089.9564,8.7
1788178560000,1089.9564,8.7
1788178620000,1089.9564,8.7
1788178680000,1089.9564,8.7
1788178740000,1089.9564,8.7
1788178800000,1089.9564,8.7
1788178860000,1089.9564,8.7
1788178920000,1089.9564,8.7
1788178980000,1089.9564,8.7
1788179040000,1089.9564,8.7
1788179100000,1089.9564,8.7
1788179160000,1089.9564,8.7
1788179220000,1089.9564,8.7
1788179280000,1089.9564,8.7
1788179340000,1089.9564,8.7
1788179400000,1089.9564,8.7
1788179460000,1089.9564,8.7
1788179520000,1089.9564,8.7
1788179580000,1089.9564,8.7
1788179640000,1089.9564,8.7
1788179700000,1089.9564,8.7
1788179760000,1089.9564,8.7
1788179820000,1089.9564,8.7
1788179880000,1089.9564,8.7
1788179940000,1089.9564,8.7
1788180000000,1089.9564,8.7
1788180060000,1089.9564,8.7
1788180120000,1089.9564,8.7
1788180180000,1089.9564,8.7
1788180240000,1089.9564,8.7
1788180300000,1089.9564,8.7
1788180360000,1089.9564,8.7
1788180420000,1089.9564,8.7
1788180480000,1089.9564,8.7
1788180540000,1089.9564,8.7
1788180600000,1089.9564,8.7
1788180660000,1089.9564,8.7
1788180720000,1089.9564,8.7
1788180780000,1089.9564,8.7
1788180840000,1089.9564,8.7
1788180900000,1089.9564,8.7
1788180960000,1089.9564,8.7
1788181020000,1089.9564,8.7
1788181080000,1089.9564,8.7
1788181140000,1089.9564,8.7
1788181200000,1089.9564,8.7
1788181260000,1089.9564,8.7
1788181320000,1089.9564,8.7
1788181380000,1089.9564,8.7
1788181440000,1089.9564,8.7
1788181500000,1089.9564,8.7
1788181560000,1089.9564,8.7
1788181620000,1089.9564,8.7
1788181680000,1089.9564,8.7
1788181740000,1089.9564,8.7
1788181800000,1089.9564,8.7
1788181860000,1089.9564,8.7
1788181920000,1089.9564,8.7
1788181980000,1089.9564,8.7
1788182040000,1089.9564,8.7
1788182100000,1089.9564,8.7
1788182160000,1089.9564,8.7
1788182220000,1089.9564,8.7
1788182280000,1089.9564,8.7
1788182340000,1089.9564,8.7
1788182400000,1089.9564,8.7
1788182460000,1089.9564,8.7
1788182520000,1089.9564,8.7
1788182580000,1089.9564,8.7
1788182640000,1089.9564,8.7
1788182700000,1089.9564,8.7
1788182760000,1089.9564,8.7
1788182820000,1089.9564,8.7
1788182880000,1089.9564,8.7
1788182940000,1089.9564,8.7
1788183000000,1089.9564,8.7
1788183060000,1089.9564,8.7
1788183120000,1089.9564,8.7
1788183180000,1089.9564,8.7
1788183240000,1089.9564,8.7
1788183300000,1089.9564,8.7
1788183360000,1089.9564,8.7
1788183420000,1089.9564,8.7
1788183480000,1089.9564,8.7
1788183540000,1089.9564,8.7
1788183600000,1089.9564,8.7
1788183660000,1089.9564,8.7
1788183720000,1089.9564,8.7
1788183780000,1089.9564,8.7
1788183840000,1089.9564,8.7
1788183900000,1089.9564,8.7
1788183960000,1089.9564,8.7
1788184020000,1089.9564,8.7
1788184080000,1089.9564,8.7
1788184140000,1089.9564,8.7
1788184200000,1089.9564,8.7
1788184260000,1089.9564,8.7
1788184320000,1089.9564,8.7
1788184380000,1089.9564,8.7
1788184440000,1089.9564,8.7
1788184500000,1089.9564,8.7
1788184560000,1089.9564,8.7
1788184620000,1089.9564,8.7
1788184680000,1089.9564,8.7
1788184740000,1089.9564,8.7
1788184800000,1089.9564,8.7
1788184860000,1089.9564,8.7
1788184920000,1089.9564,8.7
1788184980000,1089.9564,8.7
1788185040000,1089.9564,8.7
1788185100000,1089.9564,8.7
1788185160000,1089.9564,8.7
1788185220000,1089.9564,8.7
1788185280000,1089.9564,8.7
1788185340000,1089.9564,8.7
1788185400000,1089.9564,8.7
1788185460000,1089.9564,8.7
1788185520000,1089.9564,8.7
1788185580000,1089.9564,8.7
1788185640000,1089.9564,8.7
1788185700000,1089.9564,8.7
1788185760000,1089.9564,8.7
1788185820000,1089.9564,8.7
1788185880000,1089.9564,8.7
1788185940000,1089.9564,8.7
1788186000000,1089.9564,8.7
1788186060000,1089.9564,8.7
1788186120000,1089.9564,8.7
1788186180000,1089.9564,8.7
1788186240000,1089.9564,8.7
1788186300000,1089.9564,8.7
1788186360000,1089.9564,8.7
1788186420000,1089.9564,8.7
1788186480000,1089.9564,8.7
1788186540000,1089.9564,8.7
1788186600000,1089.9564,8.7
1788186660000,1089.9564,8.7
1788186720000,1089.9564,8.7
1788186780000,1089.9564,8.7
1788186840000,1089.9564,8.7
1788186900000,1089.9564,8.7
1788186960000,1089.9564,8.7
1788187020000,1089.9564,8.7
1788187080000,1089.9564,8.7
1788187140000,1089.9564,8.7
1788187200000,1089.9564,8.7
1788187260000,1106.5167,7.31
1788191040000,1106.5167,7.31
1788191100000,1106.5167,7.31
1788191160000,1106.5167,7.31
1788191220000,1106.5167,7.31
1788191280000,1106.5167,7.31
1788191340000,1106.5167,7.31
1788191400000,1106.5167,7.31
1788191460000,1106.5167,7.31
1788191520000,1106.5167,7.31
1788191580000,1106.5167,7.31
1788191640000,1106.5167,7.31
1788191700000,1106.5167,7.31
1788191760000,1106.5167,7.31
1788191820000,1106.5167,7.31
1788191880000,1106.5167,7.31
1788191940000,1106.5167,7.31
1788192000000,1095.8598,8.21
1788250020000,1095.8598,8.21
1788250080000,1095.8598,8.21
1788250140000,1095.8598,8.21
1788250200000,1095.8598,8.21
1788250260000,1095.8598,8.21
1788250320000,1095.8598,8.21
1788250380000,1095.8598,8.21
1788250440000,1095.8598,8.21
1788250500000,1095.8598,8.21
1788250560000,1095.8598,8.21
1788250620000,1095.8598,8.21
1788250680000,1095.8598,8.21
1788250740000,1095.8598,8.21
1788250800000,1095.8598,8.21
1788250860000,1095.8598,8.21
1788250920000,1095.8598,8.21
1788250980000,1095.8598,8.21
1788251040000,1095.8598,8.21
1788251100000,1095.8598,8.21
1788251160000,1095.8598,8.21
1788251220000,1095.8598,8.21
1788251280000,1108.5633,7.14
1788266160000,1108.5633,7.14
1788266220000,1108.5633,7.14
1788266280000,1108.5633,7.14
1788266340000,1108.5633,7.14
1788266400000,1108.5633,7.14
1788266460000,1108.5633,7.14
1788266520000,1108.5633,7.14
1788266580000,1108.5633,7.14
1788266640000,1108.5633,7.14
1788266700000,1108.5633,7.14
1788266760000,1108.5633,7.14
1788266820000,1108.5633,7.14
1788266880000,1108.5633,7.14
1788266940000,1108.5633,7.14
1788267000000,1108.5633,7.14
1788267060000,1108.5633,7.14
1788267120000,1108.5633,7.14
1788267180000,1108.5633,7.14
1788267240000,1108.5633,7.14
1788267300000,1108.5633,7.14
1788267360000,1108.5633,7.14
1788267420000,1108.5633,7.14
1788267480000,1108.5633,7.14
1788267540000,1108.5633,7.14
1788267600000,1108.5633,7.14
1788267660000,1108.5633,7.14
1788267720000,1108.5633,7.14
1788267780000,1108.5633,7.14
1788267840000,1108.5633,7.14
1788267900000,1108.5633,7.14
1788267960000,1122.2969,5.99
1788269880000,1122.2969,5.99
1788269940000,1122.2969,5.99
1788270000000,1122.2969,5.99
1788270060000,1122.2969,5.99
1788270120000,1122.2969,5.99
1788270180000,1122.2969,5.99
1788270240000,1122.2969,5.99
1788270300000,1122.2969,5.99
1788270360000,1122.2969,5.99
1788270420000,1122.2969,5.99
1788270480000,1122.2969,5.99
1788270540000,1122.2969,5.99
1788270600000,1122.2969,5.99
1788270660000,1122.2969,5.99
1788270720000,1122.2969,5.99
1788270780000,1122.2969,5.99
1788270840000,1122.2969,5.99
1788270900000,1122.2969,5.99
1788270960000,1122.2969,5.99
1788271020000,1122.2969,5.99
1788271080000,1122.2969,5.99
1788271140000,1122.2969,5.99
1788271200000,1122.2969,5.99
1788271260000,1112.2938,6.83
1788274920000,1112.2938,6.83
1788274980000,1112.2938,6.83
1788275040000,1112.2938,6.83
1788275100000,1112.2938,6.83
1788275160000,1112.2938,6.83
1788275220000,1112.2938,6.83
1788275280000,1112.2938,6.83
1788275340000,1112.2938,6.83
1788275400000,1112.2938,6.83
1788275460000,1112.2938,6.83
1788275520000,1112.2938,6.83
1788275580000,1112.2938,6.83
1788275640000,1112.2938,6.83
1788275700000,1112.2938,6.83
1788275760000,1112.2938,6.83
1788275820000,1112.2938,6.83
1788275880000,1112.2938,6.83
1788275940000,1112.2938,6.83
1788276000000,1112.2938,6.83
1788276060000,1112.2938,6.83
1788276120000,1112.2938,6.83
1788276180000,1112.2938,6.83
1788276240000,1112.2938,6.83
1788276300000,1112.2938,6.83
1788276360000,1112.2938,6.83
1788276420000,1112.2938,6.83
1788276480000,1112.2938,6.83
1788276540000,1112.2938,6.83
1788276600000,1112.2938,6.83
1788276660000,1112.2938,6.83
1788276720000,1112.2938,6.83
1788276780000,1112.2938,6.83
1788276840000,1112.2938,6.83
1788276900000,1112.2938,6.83
1788276960000,1112.2938,6.83
1788277020000,1112.2938,6.83
1788277080000,1112.2938,6.83
1788277140000,1112.2938,6.83
1788277200000,1112.2938,6.83
1788277260000,1112.2938,6.83
1788277320000,1112.2938,6.83
1788277380000,1112.2938,6.83
1788277440000,1112.2938,6.83
1788277500000,1112.2938,6.83
1788277560000,1112.2938,6.83
1788277620000,1112.2938,6.83
1788277680000,1112.2938,6.83
1788277740000,1112.2938,6.83
1788277800000,1112.2938,6.83
1788277860000,1102.2575,7.67
1788279600000,1102.2575,7.67
1788279660000,1102.2575,7.67
1788279720000,1102.2575,7.67
1788279780000,1102.2575,7.67
1788279840000,1102.2575,7.67
1788279900000,1102.2575,7.67
1788279960000,1102.2575,7.67
1788280020000,1102.2575,7.67
1788280080000,1102.2575,7.67
1788280140000,1102.2575,7.67
1788280200000,1102.2575,7.67
1788280260000,1102.2575,7.67
1788280320000,1102.2575,7.67
1788280380000,1102.2575,7.67
1788280440000,1102.2575,7.67
1788280500000,1102.2575,7.67
1788280560000,1102.2575,7.67
1788280620000,1102.2575,7.67
1788280680000,1102.2575,7.67
1788280740000,1102.2575,7.67
1788280800000,1102.2575,7.67
1788280860000,1102.2575,7.67
1788280920000,1102.2575,7.67
1788280980000,1102.2575,7.67
1788281040000,1102.2575,7.67
1788281100000,1102.2575,7.67
1788281160000,1102.2575,7.67
1788281220000,1102.2575,7.67
1788281280000,1102.2575,7.67
1788281340000,1102.2575,7.67
1788281400000,1102.2575,7.67
1788281460000,1102.2575,7.67
1788281520000,1102.2575,7.67
1788281580000,1102.2575,7.67
1788281640000,1102.2575,7.67
1788281700000,1102.2575,7.67
1788281760000,1102.2575,7.67
1788281820000,1102.2575,7.67
1788281880000,1102.2575,7.67
1788281940000,1102.2575,7.67
1788282000000,1102.2575,7.67
1788282060000,1102.2575,7.67
1788282120000,1102.2575,7.67
1788282180000,1102.2575,7.67
1788282240000,1102.2575,7.67
1788282300000,1102.2575,7.67
1788282360000,1102.2575,7.67
1788282420000,1102.2575,7.67
1788282480000,1102.2575,7.67
1788282540000,1102.2575,7.67
1788282600000,1102.2575,7.67
1788282660000,1102.2575,7.67
1788282720000,1102.2575,7.67
1788282780000,1102.2575,7.67
1788282840000,1102.2575,7.67
1788282900000,1102.2575,7.67
1788282960000,1102.2575,7.67
1788283020000,1102.2575,7.67
1788283080000,1102.2575,7.67
1788283140000,1102.2575,7.67
1788283200000,1102.2575,7.67
1788283260000,1102.2575,7.67
1788283320000,1102.2575,7.67
1788283380000,1102.2575,7.67
1788283440000,1102.2575,7.67
1788283500000,1102.2575,7.67
1788283560000,1102.2575,7.67
1788283620000,1102.2575,7.67
1788283680000,1102.2575,7.67
1788283740000,1102.2575,7.67
1788283800000,1102.2575,7.67
1788283860000,1102.2575,7.67
1788283920000,1102.2575,7.67
1788283980000,1102.2575,7.67
1788284040000,1102.2575,7.67
1788284100000,1102.2575,7.67
1788284160000,1102.2575,7.67
1788284220000,1102.2575,7.67
1788284280000,1102.2575,7.67
1788284340000,1102.2575,7.67
1788284400000,1102.2575,7.67
1788284460000,1102.2575,7.67
1788284520000,1102.2575,7.67
1788284580000,1102.2575,7.67
1788284640000,1102.2575,7.67
1788284700000,1102.2575,7.67
1788284760000,1102.2575,7.67
1788284820000,1102.2575,7.67
1788284880000,1102.2575,7.67
1788284940000,1102.2575,7.67
1788285000000,1102.2575,7.67
1788285060000,1102.2575,7.67
1788285120000,1102.2575,7.67
1788285180000,1102.2575,7.67
1788285240000,1102.2575,7.67
1788285300000,1102.2575,7.67
1788285360000,1102.2575,7.67
1788285420000,1102.2575,7.67
1788285480000,1102.2575,7.67
1788285540000,1102.2575,7.67
1788285600000,1102.2575,7.67
1788285660000,1102.2575,7.67
1788285720000,1102.2575,7.67
1788285780000,1102.2575,7.67
1788285840000,1102.2575,7.67
1788285900000,1102.2575,7.67
1788285960000,1102.2575,7.67
1788286020000,1102.2575,7.67
1788286080000,1102.2575,7.67
1788286140000,1102.2575,7.67
1788286200000,1102.2575,7.67
1788286260000,1102.2575,7.67
1788286320000,1102.2575,7.67
1788286380000,1102.2575,7.67
1788286440000,1102.2575,7.67
1788286500000,1102.2575,7.67
1788286560000,1102.2575,7.67
1788286620000,1102.2575,7.67
1788286680000,1102.2575,7.67
1788286740000,1102.2575,7.67
1788286800000,1102.2575,7.67
1788286860000,1102.2575,7.67
1788286920000,1102.2575,7.67
1788286980000,1102.2575,7.67
1788287040000,1102.2575,7.67
1788287100000,1102.2575,7.67
1788287160000,1102.2575,7.67
1788287220000,1102.2575,7.67
1788287280000,1121.085,6.09
1788288000000,1121.085,6.09
1788288060000,1121.085,6.09
1788288120000,1121.085,6.09
1788288180000,1121.085,6.09
1788288240000,1121.085,6.09
1788288300000,1121.085,6.09
1788288360000,1121.085,6.09
1788288420000,1121.085,6.09
1788288480000,1121.085,6.09
1788288540000,1121.085,6.09
1788288600000,1121.085,6.09
1788288660000,1121.085,6.09
1788288720000,1121.085,6.09
1788288780000,1121.085,6.09
1788288840000,1121.085,6.09
1788288900000,1121.085,6.09
1788288960000,1121.085,6.09
1788289020000,1121.085,6.09
1788289080000,1121.085,6.09
1788289140000,1121.085,6.09
1788289200000,1111.6837,6.88
1788340560000,1111.6837,6.88
1788340620000,1111.6837,6.88
1788340680000,1111.6837,6.88
1788340740000,1111.6837,6.88
1788340800000,1111.6837,6.88
1788340860000,1111.6837,6.88
1788340920000,1111.6837,6.88
1788340980000,1111.6837,6.88
1788341040000,1111.6837,6.88
1788341100000,1111.6837,6.88
1788341160000,1111.6837,6.88
1788341220000,1111.6837,6.88
1788341280000,1111.6837,6.88
1788341340000,1111.6837,6.88
1788341400000,1111.6837,6.88
1788341460000,1111.6837,6.88
1788341520000,1111.6837,6.88
1788341580000,1128.9574,5.43
1788357960000,1128.9574,5.43
1788358020000,1128.9574,5.43
1788358080000,1128.9574,5.43
1788358140000,1128.9574,5.43
1788358200000,1128.9574,5.43
1788358260000,1128.9574,5.43
1788358320000,1128.9574,5.43
1788358380000,1128.9574,5.43
1788358440000,1128.9574,5.43
1788358500000,1128.9574,5.43
1788358560000,1128.9574,5.43
1788358620000,1128.9574,5.43
1788358680000,1128.9574,5.43
1788358740000,1128.9574,5.43
1788358800000,1128.9574,5.43
1788358860000,1128.9574,5.43
1788358920000,1128.9574,5.43
1788358980000,1128.9574,5.43
1788359040000,1128.9574,5.43
1788359100000,1128.9574,5.43
1788359160000,1128.9574,5.43
1788359220000,1128.9574,5.43
1788359280000,1128.9574,5.43
1788359340000,1128.9574,5.43
1788359400000,1128.9574,5.43
1788359460000,1128.9574,5.43
1788359520000,1128.9574,5.43
1788359580000,1118.1534,6.34
1788422760000,1118.1534,6.34
1788422820000,1118.1534,6.34
1788422880000,1118.1534,6.34
1788422940000,1118.1534,6.34
1788423000000,1118.1534,6.34
1788423060000,1118.1534,6.34
1788423120000,1118.1534,6.34
1788423180000,1118.1534,6.34
1788423240000,1118.1534,6.34
1788423300000,1118.1534,6.34
1788423360000,1118.1534,6.34
1788423420000,1118.1534,6.34
1788423480000,1118.1534,6.34
1788423540000,1118.1534,6.34
1788423600000,1118.1534,6.34
1788423660000,1118.1534,6.34
1788423720000,1118.1534,6.34
1788423780000,1118.1534,6.34
1788423840000,1118.1534,6.34
1788423900000,1118.1534,6.34
1788423960000,1118.1534,6.34
1788424020000,1118.1534,6.34
1788424080000,1118.1534,6.34
1788424140000,1118.1534,6.34
1788424200000,1118.1534,6.34
1788424260000,1118.1534,6.34
1788424320000,1118.1534,6.34
1788424380000,1118.1534,6.34
1788424440000,1118.1534,6.34
1788424500000,1118.1534,6.34
1788424560000,1118.1534,6.34
1788424620000,1118.1534,6.34
1788424680000,1118.1534,6.34
1788424740000,1118.1534,6.34
1788424800000,1118.1534,6.34
1788424860000,1118.1534,6.34
1788424920000,1118.1534,6.34
1788424980000,1118.1534,6.34
1788425040000,1118.1534,6.34
1788425100000,1118.1534,6.34
1788425160000,1118.1534,6.34
1788425220000,1118.1534,6.34
1788425280000,1118.1534,6.34
1788425340000,1118.1534,6.34
1788425400000,1118.1534,6.34
1788425460000,1118.1534,6.34
1788425520000,1118.1534,6.34
1788425580000,1118.1534,6.34
1788425640000,1118.1534,6.34
1788425700000,1118.1534,6.34
1788425760000,1118.1534,6.34
1788425820000,1118.1534,6.34
1788425880000,1118.1534,6.34
1788425940000,1118.1534,6.34
1788426000000,1118.1534,6.34
1788426060000,1118.1534,6.34
1788426120000,1118.1534,6.34
1788426180000,1118.1534,6.34
1788426240000,1118.1534,6.34
1788426300000,1118.1534,6.34
1788426360000,1118.1534,6.34
1788426420000,1118.1534,6.34
1788426480000,1118.1534,6.34
1788426540000,1118.1534,6.34
1788426600000,1118.1534,6.34
1788426660000,1118.1534,6.34
1788426720000,1118.1534,6.34
1788426780000,1118.1534,6.34
1788426840000,1118.1534,6.34
1788426900000,1118.1534,6.34
1788426960000,1118.1534,6.34
1788427020000,1118.1534,6.34
1788427080000,1118.1534,6.34
1788427140000,1118.1534,6.34
1788427200000,1118.1534,6.34
1788427260000,1118.1534,6.34
1788427320000,1118.1534,6.34
1788427380000,1118.1534,6.34
1788427440000,1118.1534,6.34
1788427500000,1118.1534,6.34
1788427560000,1118.1534,6.34
1788427620000,1118.1534,6.34
1788427680000,1118.1534,6.34
1788427740000,1118.1534,6.34
1788427800000,1118.1534,6.34
1788427860000,1118.1534,6.34
1788427920000,1118.1534,6.34
1788427980000,1118.1534,6.34
1788428040000,1118.1534,6.34
1788428100000,1118.1534,6.34
1788428160000,1118.1534,6.34
1788428220000,1118.1534,6.34
1788428280000,1118.1534,6.34
1788428340000,1118.1534,6.34
1788428400000,1118.1534,6.34
1788428460000,1108.2978,7.17
1788440100000,1108.2978,7.17
1788440160000,1108.2978,7.17
1788440220000,1108.2978,7.17
1788440280000,1108.2978,7.17
1788440340000,1108.2978,7.17
1788440400000,1108.2978,7.17
1788440460000,1108.2978,7.17
1788440520000,1108.2978,7.17
1788440580000,1108.2978,7.17
1788440640000,1108.2978,7.17
1788440700000,1108.2978,7.17
1788440760000,1108.2978,7.17
1788440820000,1108.2978,7.17
1788440880000,1108.2978,7.17
1788440940000,1108.2978,7.17
1788441000000,1108.2978,7.17
1788441060000,1108.2978,7.17
1788441120000,1108.2978,7.17
1788441180000,1108.2978,7.17
1788441240000,1108.2978,7.17
1788441300000,1108.2978,7.17
1788441360000,1108.2978,7.17
1788441420000,1108.2978,7.17
1788441480000,1108.2978,7.17
1788441540000,1108.2978,7.17
1788441600000,1108.2978,7.17
1788441660000,1108.2978,7.17
1788441720000,1108.2978,7.17
1788441780000,1108.2978,7.17
1788441840000,1108.2978,7.17
1788441900000,1108.2978,7.17
1788441960000,1108.2978,7.17
1788442020000,1108.2978,7.17
1788442080000,1108.2978,7.17
1788442140000,1108.2978,7.17
1788442200000,1108.2978,7.17
1788442260000,1108.2978,7.17
1788442320000,1108.2978,7.17
1788442380000,1108.2978,7.17
1788442440000,1108.2978,7.17
1788442500000,1108.2978,7.17
1788442560000,1108.2978,7.17
1788442620000,1108.2978,7.17
1788442680000,1108.2978,7.17
1788442740000,1108.2978,7.17
1788442800000,1108.2978,7.17
1788442860000,1108.2978,7.17
1788442920000,1108.2978,7.17
1788442980000,1108.2978,7.17
1788443040000,1108.2978,7.17
1788443100000,1108.2978,7.17
1788443160000,1108.2978,7.17
1788443220000,1108.2978,7.17
1788443280000,1108.2978,7.17
1788443340000,1108.2978,7.17
1788443400000,1108.2978,7.17
1788443460000,1108.2978,7.17
1788443520000,1108.2978,7.17
1788443580000,1108.2978,7.17
1788443640000,1108.2978,7.17
1788443700000,1108.2978,7.17
1788443760000,1108.2978,7.17
1788443820000,1108.2978,7.17
1788443880000,1108.2978,7.17
1788443940000,1108.2978,7.17
1788444000000,1108.2978,7.17
1788444060000,1108.2978,7.17
1788444120000,1108.2978,7.17
1788444180000,1108.2978,7.17
1788444240000,1108.2978,7.17
1788444300000,1108.2978,7.17
1788444360000,1108.2978,7.17
1788444420000,1108.2978,7.17
1788444480000,1108.2978,7.17
1788444540000,1108.2978,7.17
1788444600000,1108.2978,7.17
1788444660000,1108.2978,7.17
1788444720000,1108.2978,7.17
1788444780000,1108.2978,7.17
1788444840000,1108.2978,7.17
1788444900000,1108.2978,7.17
1788444960000,1108.2978,7.17
1788445020000,1108.2978,7.17
1788445080000,1108.2978,7.17
1788445140000,1108.2978,7.17
1788445200000,1108.2978,7.17
1788445260000,1108.2978,7.17
1788445320000,1108.2978,7.17
1788445380000,1108.2978,7.17
1788445440000,1108.2978,7.17
1788445500000,1108.2978,7.17
1788445560000,1108.2978,7.17
1788445620000,1108.2978,7.17
1788445680000,1108.2978,7.17
1788445740000,1108.2978,7.17
1788445800000,1128.233,5.5
1788446880000,1128.233,5.5
1788446940000,1128.233,5.5
1788447000000,1128.233,5.5
1788447060000,1128.233,5.5
1788447120000,1128.233,5.5
1788447180000,1128.233,5.5
1788447240000,1128.233,5.5
1788447300000,1128.233,5.5
1788447360000,1128.233,5.5
1788447420000,1128.233,5.5
1788447480000,1128.233,5.5
1788447540000,1128.233,5.5
1788447600000,1128.233,5.5
1788447660000,1128.233,5.5
1788447720000,1128.233,5.5
1788447780000,1128.233,5.5
1788447840000,1128.233,5.5
1788447900000,1128.233,5.5
1788447960000,1128.233,5.5
1788448020000,1128.233,5.5
1788448080000,1128.233,5.5
1788448140000,1128.233,5.5
1788448200000,1128.233,5.5
1788448260000,1128.233,5.5
1788448320000,1128.233,5.5
1788448380000,1128.233,5.5
1788448440000,1128.233,5.5
1788448500000,1128.233,5.5
1788448560000,1128.233,5.5
1788448620000,1128.233,5.5
1788448680000,1128.233,5.5
1788448740000,1128.233,5.5
1788448800000,1128.233,5.5
1788448860000,1128.233,5.5
1788448920000,1128.233,5.5
1788448980000,1128.233,5.5
1788449040000,1128.233,5.5
1788449100000,1128.233,5.5
1788449160000,1128.233,5.5
1788449220000,1128.233,5.5
1788449280000,1128.233,5.5
1788449340000,1128.233,5.5
1788449400000,1128.233,5.5
1788449460000,1128.233,5.5
1788449520000,1128.233,5.5
1788449580000,1128.233,5.5
1788449640000,1128.233,5.5
1788449700000,1128.233,5.5
1788449760000,1128.233,5.5
1788449820000,1128.233,5.5
1788449880000,1128.233,5.5
1788449940000,1128.233,5.5
1788450000000,1128.233,5.5
1788450060000,1128.233,5.5
1788450120000,1128.233,5.5
1788450180000,1128.233,5.5
1788450240000,1128.233,5.5
1788450300000,1128.233,5.5
1788450360000,1128.233,5.5
1788450420000,1128.233,5.5
1788450480000,1128.233,5.5
1788450540000,1128.233,5.5
1788450600000,1128.233,5.5
1788450660000,1128.233,5.5
1788450720000,1152.5954,3.45
1788461520000,1152.5954,3.45
1788461580000,1152.5954,3.45
1788461640000,1152.5954,3.45
1788461700000,1152.5954,3.45
1788461760000,1152.5954,3.45
1788461820000,1152.5954,3.45
1788461880000,1152.5954,3.45
1788461940000,1152.5954,3.45
1788462000000,1152.5954,3.45
1788462060000,1152.5954,3.45
1788462120000,1152.5954,3.45
1788462180000,1152.5954,3.45
1788462240000,1164.0236,2.5
1788525480000,1164.0236,2.5
1788525540000,1164.0236,2.5
1788525600000,1164.0236,2.5
1788525660000,1164.0236,2.5
1788525720000,1164.0236,2.5
1788525780000,1164.0236,2.5
1788525840000,1164.0236,2.5
1788525900000,1164.0236,2.5
1788525960000,1164.0236,2.5
1788526020000,1164.0236,2.5
1788526080000,1164.0236,2.5
1788526140000,1164.0236,2.5
1788526200000,1164.0236,2.5
1788526260000,1164.0236,2.5
1788526320000,1164.0236,2.5
1788526380000,1164.0236,2.5
1788526440000,1164.0236,2.5
1788526500000,1164.0236,2.5
1788526560000,1164.0236,2.5
1788526620000,1164.0236,2.5
1788526680000,1164.0236,2.5
1788526740000,1164.0236,2.5
1788526800000,1164.0236,2.5
1788526860000,1164.0236,2.5
1788526920000,1164.0236,2.5
1788526980000,1164.0236,2.5
1788527040000,1164.0236,2.5
1788527100000,1164.0236,2.5
1788527160000,1164.0236,2.5
1788527220000,1164.0236,2.5
1788527280000,1164.0236,2.5
1788527340000,1164.0236,2.5
1788527400000,1164.0236,2.5
1788527460000,1164.0236,2.5
1788527520000,1164.0236,2.5
1788527580000,1164.0236,2.5
1788527640000,1164.0236,2.5
1788527700000,1164.0236,2.5
1788527760000,1164.0236,2.5
1788527820000,1164.0236,2.5
1788527880000,1164.0236,2.5
1788527940000,1164.0236,2.5
1788528000000,1164.0236,2.5
1788528060000,1164.0236,2.5
1788528120000,1164.0236,2.5
1788528180000,1164.0236,2.5
1788528240000,1164.0236,2.5
1788528300000,1164.0236,2.5
1788528360000,1164.0236,2.5
1788528420000,1164.0236,2.5
1788528480000,1164.0236,2.5
1788528540000,1164.0236,2.5
1788528600000,1164.0236,2.5
1788528660000,1164.0236,2.5
1788528720000,1164.0236,2.5
1788528780000,1164.0236,2.5
1788528840000,1164.0236,2.5
1788528900000,1164.0236,2.5
1788528960000,1164.0236,2.5
1788529020000,1164.0236,2.5
1788529080000,1164.0236,2.5
1788529140000,1164.0236,2.5
1788529200000,1164.0236,2.5
1788529260000,1164.0236,2.5
1788529320000,1164.0236,2.5
1788529380000,1164.0236,2.5
1788529440000,1164.0236,2.5
1788529500000,1164.0236,2.5
1788529560000,1164.0236,2.5
1788529620000,1164.0236,2.5
1788529680000,1164.0236,2.5
1788529740000,1164.0236,2.5
1788529800000,1164.0236,2.5
1788529860000,1164.0236,2.5
1788529920000,1164.0236,2.5
1788529980000,1164.0236,2.5
1788530040000,1164.0236,2.5
1788530100000,1164.0236,2.5
1788530160000,1164.0236,2.5
1788530220000,1164.0236,2.5
1788530280000,1164.0236,2.5
1788530340000,1164.0236,2.5
1788530400000,1164.0236,2.5
1788530460000,1164.0236,2.5
1788530520000,1164.0236,2.5
1788530580000,1164.0236,2.5
1788530640000,1164.0236,2.5
1788530700000,1164.0236,2.5
1788530760000,1164.0236,2.5
1788530820000,1164.0236,2.5
1788530880000,1164.0236,2.5
1788530940000,1164.0236,2.5
1788531000000,1164.0236,2.5
1788531060000,1164.0236,2.5
1788531120000,1164.0236,2.5
1788531180000,1164.0236,2.5
1788531240000,1164.0236,2.5
1788531300000,1164.0236,2.5
1788531360000,1164.0236,2.5
1788531420000,1164.0236,2.5
1788531480000,1164.0236,2.5
1788531540000,1164.0236,2.5
1788531600000,1164.0236,2.5
1788531660000,1164.0236,2.5
1788531720000,1164.0236,2.5
1788531780000,1164.0236,2.5
1788531840000,1164.0236,2.5
1788531900000,1164.0236,2.5
1788531960000,1164.0236,2.5
1788532020000,1164.0236,2.5
1788532080000,1164.0236,2.5
1788532140000,1164.0236,2.5
1788532200000,1164.0236,2.5
1788532260000,1164.0236,2.5
1788532320000,1164.0236,2.5
1788532380000,1164.0236,2.5
1788532440000,1164.0236,2.5
1788532500000,1164.0236,2.5
1788532560000,1164.0236,2.5
1788532620000,1164.0236,2.5
1788532680000,1164.0236,2.5
1788532740000,1164.0236,2.5
1788532800000,1164.0236,2.5
1788532860000,1164.0236,2.5
1788532920000,1164.0236,2.5
1788532980000,1164.0236,2.5
1788533040000,1164.0236,2.5
1788533100000,1164.0236,2.5
1788533160000,1164.0236,2.5
1788533220000,1164.0236,2.5
1788533280000,1164.0236,2.5
1788533340000,1164.0236,2.5
1788533400000,1164.0236,2.5
1788533460000,1164.0236,2.5
1788533520000,1164.0236,2.5
1788533580000,1164.0236,2.5
1788533640000,1164.0236,2.5
1788533700000,1164.0236,2.5
1788533760000,1164.0236,2.5
1788533820000,1164.0236,2.5
1788533880000,1164.0236,2.5
1788533940000,1164.0236,2.5
1788534000000,1164.0236,2.5
1788534060000,1164.0236,2.5
1788534120000,1164.0236,2.5
1788534180000,1164.0236,2.5
1788534240000,1164.0236,2.5
1788534300000,1164.0236,2.5
1788534360000,1164.0236,2.5
1788534420000,1164.0236,2.5
1788534480000,1164.0236,2.5
1788534540000,1164.0236,2.5
1788534600000,1164.0236,2.5
1788534660000,1164.0236,2.5
1788534720000,1164.0236,2.5
1788534780000,1164.0236,2.5
1788534840000,1164.0236,2.5
1788534900000,1164.0236,2.5
1788534960000,1164.0236,2.5
1788535020000,1164.0236,2.5
1788535080000,1164.0236,2.5
1788535140000,1164.0236,2.5
1788535200000,1164.0236,2.5
1788535260000,1164.0236,2.5
1788535320000,1164.0236,2.5
1788535380000,1164.0236,2.5
1788535440000,1164.0236,2.5
1788535500000,1164.0236,2.5
1788535560000,1164.0236,2.5
1788535620000,1164.0236,2.5
1788535680000,1164.0236,2.5
1788535740000,1164.0236,2.5
1788535800000,1164.0236,2.5
1788535860000,1164.0236,2.5
1788535920000,1164.0236,2.5
1788535980000,1164.0236,2.5
1788536040000,1164.0236,2.5
1788536100000,1164.0236,2.5
1788536160000,1164.0236,2.5
1788536220000,1164.0236,2.5
1788536280000,1164.0236,2.5
1788536340000,1164.0236,2.5
1788536400000,1164.0236,2.5
1788536460000,1164.0236,2.5
1788536520000,1164.0236,2.5
1788536580000,1164.0236,2.5
1788536640000,1164.0236,2.5
1788536700000,1164.0236,2.5
1788536760000,1164.0236,2.5
1788536820000,1164.0236,2.5
1788536880000,1164.0236,2.5
1788536940000,1164.0236,2.5
1788537000000,1164.0236,2.5
1788537060000,1164.0236,2.5
1788537120000,1164.0236,2.5
1788537180000,1164.0236,2.5
1788537240000,1164.0236,2.5
1788537300000,1164.0236,2.5
1788537360000,1164.0236,2.5
1788537420000,1164.0236,2.5
1788537480000,1164.0236,2.5
1788537540000,1164.0236,2.5
1788537600000,1164.0236,2.5
1788537660000,1164.0236,2.5
1788537720000,1164.0236,2.5
1788537780000,1164.0236,2.5
1788537840000,1164.0236,2.5
1788537900000,1164.0236,2.5
1788537960000,1164.0236,2.5
1788538020000,1164.0236,2.5
1788538080000,1164.0236,2.5
1788538140000,1164.0236,2.5
1788538200000,1164.0236,2.5
1788538260000,1164.0236,2.5
1788538320000,1164.0236,2.5
1788538380000,1164.0236,2.5
1788538440000,1164.0236,2.5
1788538500000,1164.0236,2.5
1788538560000,1164.0236,2.5
1788538620000,1164.0236,2.5
1788538680000,1164.0236,2.5
1788538740000,1164.0236,2.5
1788538800000,1164.0236,2.5
1788538860000,1164.0236,2.5
1788538920000,1164.0236,2.5
1788538980000,1164.0236,2.5
1788539040000,1164.0236,2.5
1788539100000,1164.0236,2.5
1788539160000,1164.0236,2.5
1788539220000,1164.0236,2.5
1788539280000,1164.0236,2.5
1788539340000,1164.0236,2.5
1788539400000,1164.0236,2.5
1788539460000,1164.0236,2.5
1788539520000,1164.0236,2.5
1788539580000,1164.0236,2.5
1788539640000,1164.0236,2.5
1788539700000,1164.0236,2.5
1788539760000,1164.0236,2.5
1788539820000,1164.0236,2.5
1788539880000,1164.0236,2.5
1788539940000,1164.0236,2.5
1788540000000,1164.0236,2.5
1788540060000,1164.0236,2.5
1788540120000,1164.0236,2.5
1788540180000,1164.0236,2.5
1788540240000,1164.0236,2.5
1788540300000,1164.0236,2.5
1788540360000,1164.0236,2.5
1788540420000,1164.0236,2.5
1788540480000,1164.0236,2.5
1788540540000,1164.0236,2.5
1788540600000,1164.0236,2.5
1788540660000,1164.0236,2.5
1788540720000,1164.0236,2.5
1788540780000,1164.0236,2.5
1788540840000,1164.0236,2.5
1788540900000,1164.0236,2.5
1788540960000,1164.0236,2.5
1788541020000,1164.0236,2.5
1788541080000,1164.0236,2.5
1788541140000,1164.0236,2.5
1788541200000,1164.0236,2.5
1788541260000,1164.0236,2.5
1788541320000,1164.0236,2.5
1788541380000,1164.0236,2.5
1788541440000,1164.0236,2.5
1788541500000,1164.0236,2.5
1788541560000,1164.0236,2.5
1788541620000,1164.0236,2.5
1788541680000,1164.0236,2.5
1788541740000,1164.0236,2.5
1788541800000,1164.0236,2.5
1788541860000,1164.0236,2.5
1788541920000,1164.0236,2.5
1788541980000,1164.0236,2.5
1788542040000,1164.0236,2.5
1788542100000,1164.0236,2.5
1788542160000,1164.0236,2.5
1788542220000,1164.0236,2.5
1788542280000,1164.0236,2.5
1788542340000,1164.0236,2.5
1788542400000,1164.0236,2.5
1788542460000,1164.0236,2.5
1788542520000,1164.0236,2.5
1788542580000,1164.0236,2.5
1788542640000,1164.0236,2.5
1788542700000,1164.0236,2.5
1788542760000,1164.0236,2.5
1788542820000,1164.0236,2.5
1788542880000,1164.0236,2.5
1788542940000,1164.0236,2.5
1788543000000,1164.0236,2.5
1788543060000,1164.0236,2.5
1788543120000,1164.0236,2.5
1788543180000,1164.0236,2.5
1788543240000,1164.0236,2.5
1788543300000,1164.0236,2.5
1788543360000,1164.0236,2.5
1788543420000,1164.0236,2.5
1788543480000,1164.0236,2.5
1788543540000,1164.0236,2.5
1788543600000,1164.0236,2.5
1788543660000,1164.0236,2.5
1788543720000,1164.0236,2.5
1788543780000,1164.0236,2.5
1788543840000,1164.0236,2.5
1788543900000,1164.0236,2.5
1788543960000,1164.0236,2.5
1788544020000,1164.0236,2.5
1788544080000,1164.0236,2.5
1788544140000,1164.0236,2.5
1788544200000,1164.0236,2.5
1788544260000,1164.0236,2.5
1788544320000,1164.0236,2.5
1788544380000,1164.0236,2.5
1788544440000,1164.0236,2.5
1788544500000,1164.0236,2.5
1788544560000,1164.0236,2.5
1788544620000,1164.0236,2.5
1788544680000,1164.0236,2.5
1788544740000,1164.0236,2.5
1788544800000,1164.0236,2.5
1788544860000,1164.0236,2.5
1788544920000,1164.0236,2.5
1788544980000,1164.0236,2.5
1788545040000,1164.0236,2.5
1788545100000,1164.0236,2.5
1788545160000,1164.0236,2.5
1788545220000,1164.0236,2.5
1788545280000,1164.0236,2.5
1788545340000,1164.0236,2.5
1788545400000,1164.0236,2.5
1788545460000,1164.0236,2.5
1788545520000,1164.0236,2.5
1788545580000,1164.0236,2.5
1788545640000,1164.0236,2.5
1788545700000,1164.0236,2.5
1788545760000,1164.0236,2.5
1788545820000,1164.0236,2.5
1788545880000,1164.0236,2.5
1788545940000,1164.0236,2.5
1788546000000,1164.0236,2.5
1788546060000,1164.0236,2.5
1788546120000,1164.0236,2.5
1788546180000,1164.0236,2.5
1788546240000,1164.0236,2.5
1788546300000,1164.0236,2.5
1788546360000,1164.0236,2.5
1788546420000,1164.0236,2.5
1788546480000,1164.0236,2.5
1788546540000,1164.0236,2.5
1788546600000,1164.0236,2.5
1788546660000,1164.0236,2.5
1788546720000,1164.0236,2.5
1788546780000,1164.0236,2.5
1788546840000,1164.0236,2.5
1788546900000,1164.0236,2.5
1788546960000,1164.0236,2.5
1788547020000,1164.0236,2.5
1788547080000,1164.0236,2.5
1788547140000,1164.0236,2.5
1788547200000,1164.0236,2.5
1788547260000,1164.0236,2.5
1788547320000,1164.0236,2.5
1788547380000,1164.0236,2.5
1788547440000,1164.0236,2.5
1788547500000,1164.0236,2.5
1788547560000,1164.0236,2.5
1788547620000,1164.0236,2.5
1788547680000,1164.0236,2.5
1788547740000,1164.0236,2.5
1788547800000,1164.0236,2.5
1788547860000,1164.0236,2.5
1788547920000,1164.0236,2.5
1788547980000,1164.0236,2.5
1788548040000,1164.0236,2.5
1788548100000,1164.0236,2.5
1788548160000,1164.0236,2.5
1788548220000,1164.0236,2.5
1788548280000,1164.0236,2.5
1788548340000,1164.0236,2.5
1788548400000,1164.0236,2.5
1788548460000,1164.0236,2.5
1788548520000,1164.0236,2.5
1788548580000,1164.0236,2.5
1788548640000,1164.0236,2.5
1788548700000,1164.0236,2.5
1788548760000,1164.0236,2.5
1788548820000,1164.0236,2.5
1788548880000,1164.0236,2.5
1788548940000,1164.0236,2.5
1788549000000,1164.0236,2.5
1788549060000,1164.0236,2.5
1788549120000,1164.0236,2.5
1788549180000,1164.0236,2.5
1788549240000,1164.0236,2.5
1788549300000,1164.0236,2.5
1788549360000,1164.0236,2.5
1788549420000,1164.0236,2.5
1788549480000,1164.0236,2.5
1788549540000,1164.0236,2.5
1788549600000,1164.0236,2.5
1788549660000,1164.0236,2.5
1788549720000,1164.0236,2.5
1788549780000,1164.0236,2.5
1788549840000,1164.0236,2.5
1788549900000,1164.0236,2.5
1788549960000,1164.0236,2.5
1788550020000,1164.0236,2.5
1788550080000,1164.0236,2.5
1788550140000,1164.0236,2.5
1788550200000,1164.0236,2.5
1788550260000,1164.0236,2.5
1788550320000,1164.0236,2.5
1788550380000,1164.0236,2.5
1788550440000,1164.0236,2.5
1788550500000,1164.0236,2.5
1788550560000,1164.0236,2.5
1788550620000,1164.0236,2.5
1788550680000,1164.0236,2.5
1788550740000,1164.0236,2.5
1788550800000,1164.0236,2.5
1788550860000,1164.0236,2.5
1788550920000,1164.0236,2.5
1788550980000,1164.0236,2.5
1788551040000,1164.0236,2.5
1788551100000,1164.0236,2.5
1788551160000,1164.0236,2.5
1788551220000,1164.0236,2.5
1788551280000,1164.0236,2.5
1788551340000,1164.0236,2.5
1788551400000,1164.0236,2.5
1788551460000,1164.0236,2.5
1788551520000,1164.0236,2.5
1788551580000,1164.0236,2.5
1788551640000,1164.0236,2.5
1788551700000,1164.0236,2.5
1788551760000,1164.0236,2.5
1788551820000,1164.0236,2.5
1788551880000,1164.0236,2.5
1788551940000,1164.0236,2.5
1788552000000,1164.0236,2.5
1788552060000,1164.0236,2.5
1788552120000,1164.0236,2.5
1788552180000,1164.0236,2.5
1788552240000,1164.0236,2.5
1788552300000,1164.0236,2.5
1788552360000,1164.0236,2.5
1788552420000,1164.0236,2.5
1788552480000,1164.0236,2.5
1788552540000,1164.0236,2.5
1788552600000,1164.0236,2.5
1788552660000,1164.0236,2.5
1788552720000,1164.0236,2.5
1788552780000,1164.0236,2.5
1788552840000,1164.0236,2.5
1788552900000,1164.0236,2.5
1788552960000,1164.0236,2.5
1788553020000,1164.0236,2.5
1788553080000,1164.0236,2.5
1788553140000,1164.0236,2.5
1788553200000,1164.0236,2.5
1788553260000,1164.0236,2.5
1788553320000,1164.0236,2.5
1788553380000,1164.0236,2.5
1788553440000,1164.0236,2.5
1788553500000,1164.0236,2.5
1788553560000,1164.0236,2.5
1788553620000,1164.0236,2.5
1788553680000,1164.0236,2.5
1788553740000,1164.0236,2.5
1788553800000,1164.0236,2.5
1788553860000,1164.0236,2.5
1788553920000,1164.0236,2.5
1788553980000,1164.0236,2.5
1788554040000,1164.0236,2.5
1788554100000,1164.0236,2.5
1788554160000,1164.0236,2.5
1788554220000,1164.0236,2.5
1788554280000,1164.0236,2.5
1788554340000,1164.0236,2.5
1788554400000,1164.0236,2.5
1788554460000,1164.0236,2.5
1788554520000,1164.0236,2.5
1788554580000,1164.0236,2.5
1788554640000,1164.0236,2.5
1788554700000,1164.0236,2.5
1788554760000,1164.0236,2.5
1788554820000,1164.0236,2.5
1788554880000,1164.0236,2.5
1788554940000,1164.0236,2.5
1788555000000,1164.0236,2.5
1788555060000,1164.0236,2.5
1788555120000,1164.0236,2.5
1788555180000,1164.0236,2.5
1788555240000,1164.0236,2.5
1788555300000,1164.0236,2.5
1788555360000,1164.0236,2.5
1788555420000,1164.0236,2.5
1788555480000,1164.0236,2.5
1788555540000,1164.0236,2.5
1788555600000,1164.0236,2.5
1788555660000,1164.0236,2.5
1788555720000,1164.0236,2.5
1788555780000,1164.0236,2.5
1788555840000,1164.0236,2.5
1788555900000,1164.0236,2.5
1788555960000,1164.0236,2.5
1788556020000,1164.0236,2.5
1788556080000,1164.0236,2.5
1788556140000,1164.0236,2.5
1788556200000,1164.0236,2.5
1788556260000,1164.0236,2.5
1788556320000,1164.0236,2.5
1788556380000,1164.0236,2.5
1788556440000,1164.0236,2.5
1788556500000,1164.0236,2.5
1788556560000,1164.0236,2.5
1788556620000,1164.0236,2.5
1788556680000,1164.0236,2.5
1788556740000,1164.0236,2.5
1788556800000,1164.0236,2.5
1788556860000,1164.0236,2.5
1788556920000,1164.0236,2.5
1788556980000,1164.0236,2.5
1788557040000,1164.0236,2.5
1788557100000,1164.0236,2.5
1788557160000,1164.0236,2.5
1788557220000,1164.0236,2.5
1788557280000,1164.0236,2.5
1788557340000,1164.0236,2.5
1788557400000,1164.0236,2.5
1788557460000,1164.0236,2.5
1788557520000,1164.0236,2.5
1788557580000,1164.0236,2.5
1788557640000,1164.0236,2.5
1788557700000,1164.0236,2.5
1788557760000,1164.0236,2.5
1788557820000,1164.0236,2.5
1788557880000,1164.0236,2.5
1788557940000,1164.0236,2.5
1788558000000,1164.0236,2.5
1788558060000,1164.0236,2.5
1788558120000,1164.0236,2.5
1788558180000,1164.0236,2.5
1788558240000,1164.0236,2.5
1788558300000,1164.0236,2.5
1788558360000,1164.0236,2.5
1788558420000,1164.0236,2.5
1788558480000,1164.0236,2.5
1788558540000,1164.0236,2.5
1788558600000,1164.0236,2.5
1788558660000,1164.0236,2.5
1788558720000,1164.0236,2.5
1788558780000,1164.0236,2.5
1788558840000,1164.0236,2.5
1788558900000,1164.0236,2.5
1788558960000,1164.0236,2.5
1788559020000,1164.0236,2.5
1788559080000,1164.0236,2.5
1788559140000,1164.0236,2.5
1788559200000,1164.0236,2.5
1788559260000,1164.0236,2.5
1788559320000,1164.0236,2.5
1788559380000,1164.0236,2.5
1788559440000,1164.0236,2.5
1788559500000,1164.0236,2.5
1788559560000,1164.0236,2.5
1788559620000,1164.0236,2.5
1788559680000,1164.0236,2.5
1788559740000,1164.0236,2.5
1788559800000,1164.0236,2.5
1788559860000,1164.0236,2.5
1788559920000,1164.0236,2.5
1788559980000,1164.0236,2.5
1788560040000,1164.0236,2.5
1788560100000,1164.0236,2.5
1788560160000,1164.0236,2.5
1788560220000,1164.0236,2.5
1788560280000,1164.0236,2.5
1788560340000,1164.0236,2.5
1788560400000,1164.0236,2.5
1788560460000,1164.0236,2.5
1788560520000,1164.0236,2.5
1788560580000,1164.0236,2.5
1788560640000,1164.0236,2.5
1788560700000,1164.0236,2.5
1788560760000,1164.0236,2.5
1788560820000,1164.0236,2.5
1788560880000,1164.0236,2.5
1788560940000,1164.0236,2.5
1788561000000,1164.0236,2.5
1788561060000,1164.0236,2.5
1788561120000,1164.0236,2.5
1788561180000,1164.0236,2.5
1788561240000,1164.0236,2.5
1788561300000,1164.0236,2.5
1788561360000,1164.0236,2.5
1788561420000,1164.0236,2.5
1788561480000,1164.0236,2.5
1788561540000,1164.0236,2.5
1788561600000,1164.0236,2.5
1788561660000,1164.0236,2.5
1788561720000,1164.0236,2.5
1788561780000,1164.0236,2.5
1788561840000,1164.0236,2.5
1788561900000,1164.0236,2.5
1788561960000,1164.0236,2.5
1788562020000,1164.0236,2.5
1788562080000,1164.0236,2.5
1788562140000,1164.0236,2.5
1788562200000,1164.0236,2.5
1788562260000,1164.0236,2.5
1788562320000,1164.0236,2.5
1788562380000,1164.0236,2.5
1788562440000,1164.0236,2.5
1788562500000,1164.0236,2.5
1788562560000,1164.0236,2.5
1788562620000,1164.0236,2.5
1788562680000,1164.0236,2.5
1788562740000,1164.0236,2.5
1788562800000,1164.0236,2.5
1788562860000,1164.0236,2.5
1788562920000,1164.0236,2.5
1788562980000,1164.0236,2.5
1788563040000,1164.0236,2.5
1788563100000,1164.0236,2.5
1788563160000,1164.0236,2.5
1788563220000,1164.0236,2.5
1788563280000,1164.0236,2.5
1788563340000,1164.0236,2.5
1788563400000,1164.0236,2.5
1788563460000,1164.0236,2.5
1788563520000,1164.0236,2.5
1788563580000,1164.0236,2.5
1788563640000,1164.0236,2.5
1788563700000,1164.0236,2.5
1788563760000,1164.0236,2.5
1788563820000,1164.0236,2.5
1788563880000,1164.0236,2.5
1788563940000,1164.0236,2.5
1788564000000,1164.0236,2.5
1788564060000,1164.0236,2.5
1788564120000,1164.0236,2.5
1788564180000,1164.0236,2.5
1788564240000,1164.0236,2.5
1788564300000,1164.0236,2.5
1788564360000,1164.0236,2.5
1788564420000,1164.0236,2.5
1788564480000,1164.0236,2.5
1788564540000,1164.0236,2.5
1788564600000,1164.0236,2.5
1788564660000,1164.0236,2.5
1788564720000,1164.0236,2.5
1788564780000,1164.0236,2.5
1788564840000,1164.0236,2.5
1788564900000,1164.0236,2.5
1788564960000,1164.0236,2.5
1788565020000,1164.0236,2.5
1788565080000,1164.0236,2.5
1788565140000,1164.0236,2.5
1788565200000,1164.0236,2.5
1788565260000,1164.0236,2.5
1788565320000,1164.0236,2.5
1788565380000,1164.0236,2.5
1788565440000,1164.0236,2.5
1788565500000,1164.0236,2.5
1788565560000,1164.0236,2.5
1788565620000,1164.0236,2.5
1788565680000,1164.0236,2.5
1788565740000,1164.0236,2.5
1788565800000,1164.0236,2.5
1788565860000,1164.0236,2.5
1788565920000,1164.0236,2.5
1788565980000,1164.0236,2.5
1788566040000,1164.0236,2.5
1788566100000,1164.0236,2.5
1788566160000,1164.0236,2.5
1788566220000,1164.0236,2.5
1788566280000,1164.0236,2.5
1788566340000,1164.0236,2.5
1788566400000,1164.0236,2.5
1788566460000,1164.0236,2.5
1788566520000,1164.0236,2.5
1788566580000,1164.0236,2.5
1788566640000,1164.0236,2.5
1788566700000,1164.0236,2.5
1788566760000,1164.0236,2.5
1788566820000,1164.0236,2.5
1788566880000,1164.0236,2.5
1788566940000,1164.0236,2.5
1788567000000,1164.0236,2.5
1788567060000,1164.0236,2.5
1788567120000,1164.0236,2.5
1788567180000,1164.0236,2.5
1788567240000,1164.0236,2.5
1788567300000,1164.0236,2.5
1788567360000,1164.0236,2.5
1788567420000,1164.0236,2.5
1788567480000,1164.0236,2.5
1788567540000,1164.0236,2.5
1788567600000,1164.0236,2.5
1788567660000,1164.0236,2.5
1788567720000,1164.0236,2.5
1788567780000,1164.0236,2.5
1788567840000,1164.0236,2.5
1788567900000,1164.0236,2.5
1788567960000,1164.0236,2.5
1788568020000,1164.0236,2.5
1788568080000,1164.0236,2.5
1788568140000,1164.0236,2.5
1788568200000,1164.0236,2.5
1788568260000,1164.0236,2.5
1788568320000,1164.0236,2.5
1788568380000,1164.0236,2.5
1788568440000,1164.0236,2.5
1788568500000,1164.0236,2.5
1788568560000,1164.0236,2.5
1788568620000,1164.0236,2.5
1788568680000,1164.0236,2.5
1788568740000,1164.0236,2.5
1788568800000,1164.0236,2.5
1788568860000,1164.0236,2.5
1788568920000,1164.0236,2.5
1788568980000,1164.0236,2.5
1788569040000,1164.0236,2.5
1788569100000,1164.0236,2.5
1788569160000,1164.0236,2.5
1788569220000,1164.0236,2.5
1788569280000,1164.0236,2.5
1788569340000,1164.0236,2.5
1788569400000,1164.0236,2.5
1788569460000,1164.0236,2.5
1788569520000,1164.0236,2.5
1788569580000,1164.0236,2.5
1788569640000,1164.0236,2.5
1788569700000,1164.0236,2.5
1788569760000,1164.0236,2.5
1788569820000,1164.0236,2.5
1788569880000,1164.0236,2.5
1788569940000,1164.0236,2.5
1788570000000,1164.0236,2.5
1788570060000,1164.0236,2.5
1788570120000,1164.0236,2.5
1788570180000,1164.0236,2.5
1788570240000,1164.0236,2.5
1788570300000,1164.0236,2.5
1788570360000,1164.0236,2.5
1788570420000,1164.0236,2.5
1788570480000,1164.0236,2.5
1788570540000,1164.0236,2.5
1788570600000,1164.0236,2.5
1788570660000,1164.0236,2.5
1788570720000,1164.0236,2.5
1788570780000,1164.0236,2.5
1788570840000,1164.0236,2.5
1788570900000,1164.0236,2.5
1788570960000,1164.0236,2.5
1788571020000,1164.0236,2.5
1788571080000,1164.0236,2.5
1788571140000,1164.0236,2.5
1788571200000,1164.0236,2.5
1788571260000,1164.0236,2.5
1788571320000,1164.0236,2.5
1788571380000,1164.0236,2.5
1788571440000,1164.0236,2.5
1788571500000,1164.0236,2.5
1788571560000,1164.0236,2.5
1788571620000,1164.0236,2.5
1788571680000,1164.0236,2.5
1788571740000,1164.0236,2.5
1788571800000,1164.0236,2.5
1788571860000,1164.0236,2.5
1788571920000,1164.0236,2.5
1788571980000,1164.0236,2.5
1788572040000,1164.0236,2.5
1788572100000,1164.0236,2.5
1788572160000,1164.0236,2.5
1788572220000,1164.0236,2.5
1788572280000,1164.0236,2.5
1788572340000,1164.0236,2.5
1788572400000,1164.0236,2.5
1788572460000,1164.0236,2.5
1788572520000,1164.0236,2.5
1788572580000,1164.0236,2.5
1788572640000,1164.0236,2.5
1788572700000,1164.0236,2.5
1788572760000,1164.0236,2.5
1788572820000,1164.0236,2.5
1788572880000,1164.0236,2.5
1788572940000,1164.0236,2.5
1788573000000,1164.0236,2.5
1788573060000,1164.0236,2.5
1788573120000,1164.0236,2.5
1788573180000,1164.0236,2.5
1788573240000,1164.0236,2.5
1788573300000,1164.0236,2.5
1788573360000,1164.0236,2.5
1788573420000,1164.0236,2.5
1788573480000,1164.0236,2.5
1788573540000,1164.0236,2.5
1788573600000,1164.0236,2.5
1788573660000,1164.0236,2.5
1788573720000,1164.0236,2.5
1788573780000,1164.0236,2.5
1788573840000,1164.0236,2.5
1788573900000,1164.0236,2.5
1788573960000,1164.0236,2.5
1788574020000,1164.0236,2.5
1788574080000,1164.0236,2.5
1788574140000,1164.0236,2.5
1788574200000,1164.0236,2.5
1788574260000,1164.0236,2.5
1788574320000,1164.0236,2.5
1788574380000,1164.0236,2.5
1788574440000,1164.0236,2.5
1788574500000,1164.0236,2.5
1788574560000,1164.0236,2.5
1788574620000,1164.0236,2.5
1788574680000,1164.0236,2.5
1788574740000,1164.0236,2.5
1788574800000,1164.0236,2.5
1788574860000,1164.0236,2.5
1788574920000,1164.0236,2.5
1788574980000,1164.0236,2.5
1788575040000,1164.0236,2.5
1788575100000,1164.0236,2.5
1788575160000,1164.0236,2.5
1788575220000,1164.0236,2.5
1788575280000,1164.0236,2.5
1788575340000,1164.0236,2.5
1788575400000,1164.0236,2.5
1788575460000,1164.0236,2.5
1788575520000,1164.0236,2.5
1788575580000,1164.0236,2.5
1788575640000,1164.0236,2.5
1788575700000,1164.0236,2.5
1788575760000,1164.0236,2.5
1788575820000,1164.0236,2.5
1788575880000,1164.0236,2.5
1788575940000,1164.0236,2.5
1788576000000,1164.0236,2.5
1788576060000,1164.0236,2.5
1788576120000,1164.0236,2.5
1788576180000,1164.0236,2.5
1788576240000,1164.0236,2.5
1788576300000,1164.0236,2.5
1788576360000,1164.0236,2.5
1788576420000,1164.0236,2.5
1788576480000,1164.0236,2.5
1788576540000,1164.0236,2.5
1788576600000,1164.0236,2.5
1788576660000,1164.0236,2.5
1788576720000,1164.0236,2.5
1788576780000,1164.0236,2.5
1788576840000,1164.0236,2.5
1788576900000,1164.0236,2.5
1788576960000,1164.0236,2.5
1788577020000,1164.0236,2.5
1788577080000,1164.0236,2.5
1788577140000,1164.0236,2.5
1788577200000,1164.0236,2.5
1788577260000,1164.0236,2.5
1788577320000,1164.0236,2.5
1788577380000,1164.0236,2.5
1788577440000,1164.0236,2.5
1788577500000,1164.0236,2.5
1788577560000,1164.0236,2.5
1788577620000,1164.0236,2.5
1788577680000,1164.0236,2.5
1788577740000,1164.0236,2.5
1788577800000,1164.0236,2.5
1788577860000,1164.0236,2.5
1788577920000,1164.0236,2.5
1788577980000,1164.0236,2.5
1788578040000,1164.0236,2.5
1788578100000,1164.0236,2.5
1788578160000,1164.0236,2.5
1788578220000,1164.0236,2.5
1788578280000,1164.0236,2.5
1788578340000,1164.0236,2.5
1788578400000,1164.0236,2.5
1788578460000,1164.0236,2.5
1788578520000,1164.0236,2.5
1788578580000,1164.0236,2.5
1788578640000,1164.0236,2.5
1788578700000,1164.0236,2.5
1788578760000,1164.0236,2.5
1788578820000,1164.0236,2.5
1788578880000,1164.0236,2.5
1788578940000,1164.0236,2.5
1788579000000,1164.0236,2.5
1788579060000,1164.0236,2.5
1788579120000,1164.0236,2.5
1788579180000,1164.0236,2.5
1788579240000,1164.0236,2.5
1788579300000,1164.0236,2.5
1788579360000,1164.0236,2.5
1788579420000,1164.0236,2.5
1788579480000,1164.0236,2.5
1788579540000,1164.0236,2.5
1788579600000,1164.0236,2.5
1788579660000,1164.0236,2.5
1788579720000,1164.0236,2.5
1788579780000,1164.0236,2.5
1788579840000,1164.0236,2.5
1788579900000,1164.0236,2.5
1788579960000,1164.0236,2.5
1788580020000,1164.0236,2.5
1788580080000,1164.0236,2.5
1788580140000,1164.0236,2.5
1788580200000,1164.0236,2.5
1788580260000,1164.0236,2.5
1788580320000,1164.0236,2.5
1788580380000,1164.0236,2.5
1788580440000,1164.0236,2.5
1788580500000,1164.0236,2.5
1788580560000,1164.0236,2.5
1788580620000,1164.0236,2.5
1788580680000,1164.0236,2.5
1788580740000,1164.0236,2.5
1788580800000,1164.0236,2.5
1788580860000,1164.0236,2.5
1788580920000,1164.0236,2.5
1788580980000,1164.0236,2.5
1788581040000,1164.0236,2.5
1788581100000,1164.0236,2.5
1788581160000,1164.0236,2.5
1788581220000,1164.0236,2.5
1788581280000,1164.0236,2.5
1788581340000,1164.0236,2.5
1788581400000,1164.0236,2.5
1788581460000,1164.0236,2.5
1788581520000,1164.0236,2.5
1788581580000,1164.0236,2.5
1788581640000,1164.0236,2.5
1788581700000,1164.0236,2.5
1788581760000,1164.0236,2.5
1788581820000,1164.0236,2.5
1788581880000,1164.0236,2.5
1788581940000,1164.0236,2.5
1788582000000,1164.0236,2.5
1788582060000,1164.0236,2.5
1788582120000,1164.0236,2.5
1788582180000,1164.0236,2.5
1788582240000,1164.0236,2.5
1788582300000,1164.0236,2.5
1788582360000,1164.0236,2.5
1788582420000,1164.0236,2.5
1788582480000,1164.0236,2.5
1788582540000,1164.0236,2.5
1788582600000,1164.0236,2.5
1788582660000,1164.0236,2.5
1788582720000,1164.0236,2.5
1788582780000,1164.0236,2.5
1788582840000,1164.0236,2.5
1788582900000,1164.0236,2.5
1788582960000,1164.0236,2.5
1788583020000,1164.0236,2.5
1788583080000,1164.0236,2.5
1788583140000,1164.0236,2.5
1788583200000,1164.0236,2.5
1788583260000,1164.0236,2.5
1788583320000,1164.0236,2.5
1788583380000,1164.0236,2.5
1788583440000,1164.0236,2.5
1788583500000,1164.0236,2.5
1788583560000,1164.0236,2.5
1788583620000,1164.0236,2.5
1788583680000,1164.0236,2.5
1788583740000,1164.0236,2.5
1788583800000,1164.0236,2.5
1788583860000,1164.0236,2.5
1788583920000,1164.0236,2.5
1788583980000,1164.0236,2.5
1788584040000,1164.0236,2.5
1788584100000,1164.0236,2.5
1788584160000,1164.0236,2.5
1788584220000,1164.0236,2.5
1788584280000,1164.0236,2.5
1788584340000,1164.0236,2.5
1788584400000,1164.0236,2.5
1788584460000,1164.0236,2.5
1788584520000,1164.0236,2.5
1788584580000,1164.0236,2.5
1788584640000,1164.0236,2.5
1788584700000,1164.0236,2.5
1788584760000,1164.0236,2.5
1788584820000,1164.0236,2.5
1788584880000,1164.0236,2.5
1788584940000,1164.0236,2.5
1788585000000,1164.0236,2.5
1788585060000,1164.0236,2.5
1788585120000,1164.0236,2.5
1788585180000,1164.0236,2.5
1788585240000,1164.0236,2.5
1788585300000,1164.0236,2.5
1788585360000,1164.0236,2.5
1788585420000,1164.0236,2.5
1788585480000,1164.0236,2.5
1788585540000,1164.0236,2.5
1788585600000,1164.0236,2.5
1788585660000,1164.0236,2.5
1788585720000,1164.0236,2.5
1788585780000,1164.0236,2.5
1788585840000,1164.0236,2.5
1788585900000,1164.0236,2.5
1788585960000,1164.0236,2.5
1788586020000,1164.0236,2.5
1788586080000,1164.0236,2.5
1788586140000,1164.0236,2.5
1788586200000,1164.0236,2.5
1788586260000,1164.0236,2.5
1788586320000,1164.0236,2.5
1788586380000,1164.0236,2.5
1788586440000,1164.0236,2.5
1788586500000,1164.0236,2.5
1788586560000,1164.0236,2.5
1788586620000,1164.0236,2.5
1788586680000,1164.0236,2.5
1788586740000,1164.0236,2.5
1788586800000,1164.0236,2.5
1788586860000,1164.0236,2.5
1788586920000,1164.0236,2.5
1788586980000,1164.0236,2.5
1788587040000,1164.0236,2.5
1788587100000,1164.0236,2.5
1788587160000,1164.0236,2.5
1788587220000,1164.0236,2.5
1788587280000,1164.0236,2.5
1788587340000,1164.0236,2.5
1788587400000,1164.0236,2.5
1788587460000,1164.0236,2.5
1788587520000,1164.0236,2.5
1788587580000,1164.0236,2.5
1788587640000,1164.0236,2.5
1788587700000,1164.0236,2.5
1788587760000,1164.0236,2.5
1788587820000,1164.0236,2.5
1788587880000,1164.0236,2.5
1788587940000,1164.0236,2.5
1788588000000,1164.0236,2.5
1788588060000,1164.0236,2.5
1788588120000,1164.0236,2.5
1788588180000,1164.0236,2.5
1788588240000,1164.0236,2.5
1788588300000,1164.0236,2.5
1788588360000,1164.0236,2.5
1788588420000,1164.0236,2.5
1788588480000,1164.0236,2.5
1788588540000,1164.0236,2.5
1788588600000,1164.0236,2.5
1788588660000,1164.0236,2.5
1788588720000,1164.0236,2.5
1788588780000,1164.0236,2.5
1788588840000,1164.0236,2.5
1788588900000,1164.0236,2.5
1788588960000,1164.0236,2.5
1788589020000,1164.0236,2.5
1788589080000,1164.0236,2.5
1788589140000,1164.0236,2.5
1788589200000,1164.0236,2.5
1788589260000,1164.0236,2.5
1788589320000,1164.0236,2.5
1788589380000,1164.0236,2.5
1788589440000,1164.0236,2.5
1788589500000,1164.0236,2.5
1788589560000,1164.0236,2.5
1788589620000,1164.0236,2.5
1788589680000,1164.0236,2.5
1788589740000,1164.0236,2.5
1788589800000,1164.0236,2.5
1788589860000,1164.0236,2.5
1788589920000,1164.0236,2.5
1788589980000,1164.0236,2.5
1788590040000,1164.0236,2.5
1788590100000,1164.0236,2.5
1788590160000,1164.0236,2.5
1788590220000,1164.0236,2.5
1788590280000,1164.0236,2.5
1788590340000,1164.0236,2.5
1788590400000,1164.0236,2.5
1788590460000,1164.0236,2.5
1788590520000,1164.0236,2.5
1788590580000,1164.0236,2.5
1788590640000,1164.0236,2.5
1788590700000,1164.0236,2.5
1788590760000,1164.0236,2.5
1788590820000,1164.0236,2.5
1788590880000,1164.0236,2.5
1788590940000,1164.0236,2.5
1788591000000,1164.0236,2.5
1788591060000,1164.0236,2.5
1788591120000,1164.0236,2.5
1788591180000,1164.0236,2.5
1788591240000,1164.0236,2.5
1788591300000,1164.0236,2.5
1788591360000,1164.0236,2.5
1788591420000,1164.0236,2.5
1788591480000,1164.0236,2.5
1788591540000,1164.0236,2.5
1788591600000,1164.0236,2.5
1788591660000,1164.0236,2.5
1788591720000,1164.0236,2.5
1788591780000,1164.0236,2.5
1788591840000,1164.0236,2.5
1788591900000,1164.0236,2.5
1788591960000,1164.0236,2.5
1788592020000,1164.0236,2.5
1788592080000,1164.0236,2.5
1788592140000,1164.0236,2.5
1788592200000,1164.0236,2.5
1788592260000,1164.0236,2.5
1788592320000,1164.0236,2.5
1788592380000,1164.0236,2.5
1788592440000,1164.0236,2.5
1788592500000,1164.0236,2.5
1788592560000,1164.0236,2.5
1788592620000,1164.0236,2.5
1788592680000,1164.0236,2.5
1788592740000,1164.0236,2.5
1788592800000,1164.0236,2.5
1788592860000,1164.0236,2.5
1788592920000,1164.0236,2.5
1788592980000,1164.0236,2.5
1788593040000,1164.0236,2.5
1788593100000,1164.0236,2.5
1788593160000,1164.0236,2.5
1788593220000,1164.0236,2.5
1788593280000,1164.0236,2.5
1788593340000,1164.0236,2.5
1788593400000,1164.0236,2.5
1788593460000,1164.0236,2.5
1788593520000,1164.0236,2.5
1788593580000,1164.0236,2.5
1788593640000,1164.0236,2.5
1788593700000,1164.0236,2.5
1788593760000,1164.0236,2.5
1788593820000,1164.0236,2.5
1788593880000,1164.0236,2.5
1788593940000,1164.0236,2.5
1788594000000,1164.0236,2.5
1788594060000,1164.0236,2.5
1788594120000,1164.0236,2.5
1788594180000,1164.0236,2.5
1788594240000,1164.0236,2.5
1788594300000,1164.0236,2.5
1788594360000,1164.0236,2.5
1788594420000,1164.0236,2.5
1788594480000,1164.0236,2.5
1788594540000,1164.0236,2.5
1788594600000,1164.0236,2.5
1788594660000,1164.0236,2.5
1788594720000,1164.0236,2.5
1788594780000,1164.0236,2.5
1788594840000,1164.0236,2.5
1788594900000,1164.0236,2.5
1788594960000,1164.0236,2.5
1788595020000,1164.0236,2.5
1788595080000,1164.0236,2.5
1788595140000,1164.0236,2.5
1788595200000,1164.0236,2.5
1788595260000,1164.0236,2.5
1788595320000,1164.0236,2.5
1788595380000,1164.0236,2.5
1788595440000,1164.0236,2.5
1788595500000,1164.0236,2.5
1788595560000,1164.0236,2.5
1788595620000,1164.0236,2.5
1788595680000,1164.0236,2.5
1788595740000,1164.0236,2.5
1788595800000,1164.0236,2.5
1788595860000,1164.0236,2.5
1788595920000,1164.0236,2.5
1788595980000,1164.0236,2.5
1788596040000,1164.0236,2.5
1788596100000,1164.0236,2.5
1788596160000,1164.0236,2.5
1788596220000,1164.0236,2.5
1788596280000,1164.0236,2.5
1788596340000,1164.0236,2.5
1788596400000,1164.0236,2.5
1788596460000,1164.0236,2.5
1788596520000,1164.0236,2.5
1788596580000,1164.0236,2.5
1788596640000,1164.0236,2.5
1788596700000,1164.0236,2.5
1788596760000,1164.0236,2.5
1788596820000,1164.0236,2.5
1788596880000,1164.0236,2.5
1788596940000,1164.0236,2.5
1788597000000,1164.0236,2.5
1788597060000,1164.0236,2.5
1788597120000,1164.0236,2.5
1788597180000,1164.0236,2.5
1788597240000,1164.0236,2.5
1788597300000,1164.0236,2.5
1788597360000,1164.0236,2.5
1788597420000,1164.0236,2.5
1788597480000,1164.0236,2.5
1788597540000,1164.0236,2.5
1788597600000,1164.0236,2.5
1788597660000,1164.0236,2.5
1788597720000,1164.0236,2.5
1788597780000,1164.0236,2.5
1788597840000,1164.0236,2.5
1788597900000,1164.0236,2.5
1788597960000,1164.0236,2.5
1788598020000,1164.0236,2.5
1788598080000,1164.0236,2.5
1788598140000,1164.0236,2.5
1788598200000,1164.0236,2.5
1788598260000,1164.0236,2.5
1788598320000,1164.0236,2.5
1788598380000,1164.0236,2.5
1788598440000,1164.0236,2.5
1788598500000,1164.0236,2.5
1788598560000,1164.0236,2.5
1788598620000,1164.0236,2.5
1788598680000,1164.0236,2.5
1788598740000,1164.0236,2.5
1788598800000,1164.0236,2.5
1788598860000,1164.0236,2.5
1788598920000,1164.0236,2.5
1788598980000,1164.0236,2.5
1788599040000,1164.0236,2.5
1788599100000,1164.0236,2.5
1788599160000,1164.0236,2.5
1788599220000,1164.0236,2.5
1788599280000,1164.0236,2.5
1788599340000,1164.0236,2.5
1788599400000,1164.0236,2.5
1788599460000,1164.0236,2.5
1788599520000,1164.0236,2.5
1788599580000,1164.0236,2.5
1788599640000,1164.0236,2.5
1788599700000,1164.0236,2.5
1788599760000,1164.0236,2.5
1788599820000,1164.0236,2.5
1788599880000,1164.0236,2.5
1788599940000,1164.0236,2.5
1788600000000,1164.0236,2.5
1788600060000,1164.0236,2.5
1788600120000,1164.0236,2.5
1788600180000,1164.0236,2.5
1788600240000,1164.0236,2.5
1788600300000,1164.0236,2.5
1788600360000,1164.0236,2.5
1788600420000,1164.0236,2.5
1788600480000,1164.0236,2.5
1788600540000,1164.0236,2.5
1788600600000,1164.0236,2.5
1788600660000,1164.0236,2.5
1788600720000,1164.0236,2.5
1788600780000,1164.0236,2.5
1788600840000,1164.0236,2.5
1788600900000,1164.0236,2.5
1788600960000,1164.0236,2.5
1788601020000,1164.0236,2.5
1788601080000,1164.0236,2.5
1788601140000,1164.0236,2.5
1788601200000,1164.0236,2.5
1788601260000,1164.0236,2.5
1788601320000,1164.0236,2.5
1788601380000,1164.0236,2.5
1788601440000,1164.0236,2.5
1788601500000,1164.0236,2.5
1788601560000,1164.0236,2.5
1788601620000,1164.0236,2.5
1788601680000,1164.0236,2.5
1788601740000,1164.0236,2.5
1788601800000,1164.0236,2.5
1788601860000,1164.0236,2.5
1788601920000,1164.0236,2.5
1788601980000,1164.0236,2.5
1788602040000,1164.0236,2.5
1788602100000,1164.0236,2.5
1788602160000,1164.0236,2.5
1788602220000,1164.0236,2.5
1788602280000,1164.0236,2.5
1788602340000,1164.0236,2.5
1788602400000,1164.0236,2.5
1788602460000,1164.0236,2.5
1788602520000,1164.0236,2.5
1788602580000,1164.0236,2.5
1788602640000,1164.0236,2.5
1788602700000,1164.0236,2.5
1788602760000,1164.0236,2.5
1788602820000,1164.0236,2.5
1788602880000,1164.0236,2.5
1788602940000,1164.0236,2.5
1788603000000,1164.0236,2.5
1788603060000,1164.0236,2.5
1788603120000,1164.0236,2.5
1788603180000,1164.0236,2.5
1788603240000,1164.0236,2.5
1788603300000,1164.0236,2.5
1788603360000,1164.0236,2.5
1788603420000,1164.0236,2.5
1788603480000,1164.0236,2.5
1788603540000,1164.0236,2.5
1788603600000,1164.0236,2.5
1788603660000,1164.0236,2.5
1788603720000,1164.0236,2.5
1788603780000,1164.0236,2.5
1788603840000,1164.0236,2.5
1788603900000,1164.0236,2.5
1788603960000,1164.0236,2.5
1788604020000,1164.0236,2.5
1788604080000,1164.0236,2.5
1788604140000,1164.0236,2.5
1788604200000,1164.0236,2.5
1788604260000,1164.0236,2.5
1788604320000,1164.0236,2.5
1788604380000,1164.0236,2.5
1788604440000,1164.0236,2.5
1788604500000,1164.0236,2.5
1788604560000,1164.0236,2.5
1788604620000,1164.0236,2.5
1788604680000,1164.0236,2.5
1788604740000,1164.0236,2.5
1788604800000,1164.0236,2.5
1788604860000,1164.0236,2.5
1788604920000,1164.0236,2.5
1788604980000,1164.0236,2.5
1788605040000,1164.0236,2.5
1788605100000,1164.0236,2.5
1788605160000,1164.0236,2.5
1788605220000,1164.0236,2.5
1788605280000,1164.0236,2.5
1788605340000,1164.0236,2.5
1788605400000,1164.0236,2.5
1788605460000,1164.0236,2.5
1788605520000,1164.0236,2.5
1788605580000,1164.0236,2.5
1788605640000,1164.0236,2.5
1788605700000,1164.0236,2.5
1788605760000,1164.0236,2.5
1788605820000,1164.0236,2.5
1788605880000,1164.0236,2.5
1788605940000,1164.0236,2.5
1788606000000,1164.0236,2.5
1788606060000,1164.0236,2.5
1788606120000,1164.0236,2.5
1788606180000,1164.0236,2.5
1788606240000,1164.0236,2.5
1788606300000,1164.0236,2.5
1788606360000,1164.0236,2.5
1788606420000,1164.0236,2.5
1788606480000,1164.0236,2.5
1788606540000,1164.0236,2.5
1788606600000,1164.0236,2.5
1788606660000,1164.0236,2.5
1788606720000,1164.0236,2.5
1788606780000,1164.0236,2.5
1788606840000,1164.0236,2.5
1788606900000,1164.0236,2.5
1788606960000,1164.0236,2.5
1788607020000,1164.0236,2.5
1788607080000,1164.0236,2.5
1788607140000,1164.0236,2.5
1788607200000,1164.0236,2.5
1788607260000,1164.0236,2.5
1788607320000,1164.0236,2.5
1788607380000,1164.0236,2.5
1788607440000,1164.0236,2.5
1788607500000,1164.0236,2.5
1788607560000,1164.0236,2.5
1788607620000,1164.0236,2.5
1788607680000,1164.0236,2.5
1788607740000,1164.0236,2.5
1788607800000,1164.0236,2.5
1788607860000,1164.0236,2.5
1788607920000,1164.0236,2.5
1788607980000,1164.0236,2.5
1788608040000,1164.0236,2.5
1788608100000,1164.0236,2.5
1788608160000,1164.0236,2.5
1788608220000,1164.0236,2.5
1788608280000,1164.0236,2.5
1788608340000,1164.0236,2.5
1788608400000,1164.0236,2.5
1788608460000,1164.0236,2.5
1788608520000,1164.0236,2.5
1788608580000,1164.0236,2.5
1788608640000,1164.0236,2.5
1788608700000,1164.0236,2.5
1788608760000,1164.0236,2.5
1788608820000,1164.0236,2.5
1788608880000,1164.0236,2.5
1788608940000,1164.0236,2.5
1788609000000,1164.0236,2.5
1788609060000,1164.0236,2.5
1788609120000,1164.0236,2.5
1788609180000,1164.0236,2.5
1788609240000,1164.0236,2.5
1788609300000,1164.0236,2.5
1788609360000,1164.0236,2.5
1788609420000,1164.0236,2.5
1788609480000,1164.0236,2.5
1788609540000,1164.0236,2.5
1788609600000,1164.0236,2.5
1788609660000,1164.0236,2.5
1788609720000,1164.0236,2.5
1788609780000,1164.0236,2.5
1788609840000,1164.0236,2.5
1788609900000,1164.0236,2.5
1788609960000,1164.0236,2.5
1788610020000,1164.0236,2.5
1788610080000,1164.0236,2.5
1788610140000,1164.0236,2.5
1788610200000,1164.0236,2.5
1788610260000,1164.0236,2.5
1788610320000,1164.0236,2.5
1788610380000,1164.0236,2.5
1788610440000,1164.0236,2.5
1788610500000,1164.0236,2.5
1788610560000,1164.0236,2.5
1788610620000,1164.0236,2.5
1788610680000,1164.0236,2.5
1788610740000,1164.0236,2.5
1788610800000,1164.0236,2.5
1788610860000,1164.0236,2.5
1788610920000,1164.0236,2.5
1788610980000,1164.0236,2.5
1788611040000,1164.0236,2.5
1788611100000,1164.0236,2.5
1788611160000,1164.0236,2.5
1788611220000,1164.0236,2.5
1788611280000,1164.0236,2.5
1788611340000,1164.0236,2.5
1788611400000,1164.0236,2.5
1788611460000,1164.0236,2.5
1788611520000,1164.0236,2.5
1788611580000,1164.0236,2.5
1788611640000,1164.0236,2.5
1788611700000,1164.0236,2.5
1788611760000,1164.0236,2.5
1788611820000,1164.0236,2.5
1788611880000,1164.0236,2.5
1788611940000,1164.0236,2.5
1788612000000,1164.0236,2.5
1788612060000,1164.0236,2.5
1788612120000,1164.0236,2.5
1788612180000,1164.0236,2.5
1788612240000,1164.0236,2.5
1788612300000,1164.0236,2.5
1788612360000,1164.0236,2.5
1788612420000,1164.0236,2.5
1788612480000,1164.0236,2.5
1788612540000,1164.0236,2.5
1788612600000,1164.0236,2.5
1788612660000,1164.0236,2.5
1788612720000,1164.0236,2.5
1788612780000,1164.0236,2.5
1788612840000,1164.0236,2.5
1788612900000,1164.0236,2.5
1788612960000,1164.0236,2.5
1788613020000,1164.0236,2.5
1788613080000,1164.0236,2.5
1788613140000,1164.0236,2.5
1788613200000,1164.0236,2.5
1788613260000,1164.0236,2.5
1788613320000,1164.0236,2.5
1788613380000,1164.0236,2.5
1788613440000,1164.0236,2.5
1788613500000,1164.0236,2.5
1788613560000,1164.0236,2.5
1788613620000,1164.0236,2.5
1788613680000,1164.0236,2.5
1788613740000,1164.0236,2.5
1788613800000,1164.0236,2.5
1788613860000,1164.0236,2.5
1788613920000,1164.0236,2.5
1788613980000,1164.0236,2.5
1788614040000,1164.0236,2.5
1788614100000,1164.0236,2.5
1788614160000,1164.0236,2.5
1788614220000,1164.0236,2.5
1788614280000,1164.0236,2.5
1788614340000,1164.0236,2.5
1788614400000,1164.0236,2.5
1788614460000,1164.0236,2.5
1788614520000,1164.0236,2.5
1788614580000,1164.0236,2.5
1788614640000,1164.0236,2.5
1788614700000,1164.0236,2.5
1788614760000,1164.0236,2.5
1788614820000,1164.0236,2.5
1788614880000,1164.0236,2.5
1788614940000,1164.0236,2.5
1788615000000,1164.0236,2.5
1788615060000,1164.0236,2.5
1788615120000,1164.0236,2.5
1788615180000,1164.0236,2.5
1788615240000,1164.0236,2.5
1788615300000,1164.0236,2.5
1788615360000,1164.0236,2.5
1788615420000,1164.0236,2.5
1788615480000,1164.0236,2.5
1788615540000,1164.0236,2.5
1788615600000,1164.0236,2.5
1788615660000,1164.0236,2.5
1788615720000,1164.0236,2.5
1788615780000,1164.0236,2.5
1788615840000,1164.0236,2.5
1788615900000,1164.0236,2.5
1788615960000,1164.0236,2.5
1788616020000,1164.0236,2.5
1788616080000,1164.0236,2.5
1788616140000,1164.0236,2.5
1788616200000,1164.0236,2.5
1788616260000,1164.0236,2.5
1788616320000,1164.0236,2.5
1788616380000,1164.0236,2.5
1788616440000,1164.0236,2.5
1788616500000,1164.0236,2.5
1788616560000,1164.0236,2.5
1788616620000,1164.0236,2.5
1788616680000,1164.0236,2.5
1788616740000,1164.0236,2.5
1788616800000,1164.0236,2.5
1788616860000,1164.0236,2.5
1788616920000,1164.0236,2.5
1788616980000,1164.0236,2.5
1788617040000,1164.0236,2.5
1788617100000,1164.0236,2.5
1788617160000,1164.0236,2.5
1788617220000,1164.0236,2.5
1788617280000,1164.0236,2.5
1788617340000,1164.0236,2.5
1788617400000,1164.0236,2.5
1788617460000,1164.0236,2.5
1788617520000,1164.0236,2.5
1788617580000,1164.0236,2.5
1788617640000,1164.0236,2.5
1788617700000,1164.0236,2.5
1788617760000,1164.0236,2.5
1788617820000,1164.0236,2.5
1788617880000,1164.0236,2.5
1788617940000,1164.0236,2.5
1788618000000,1164.0236,2.5
1788618060000,1164.0236,2.5
1788618120000,1164.0236,2.5
1788618180000,1164.0236,2.5
1788618240000,1164.0236,2.5
1788618300000,1164.0236,2.5
1788618360000,1164.0236,2.5
1788618420000,1164.0236,2.5
1788618480000,1164.0236,2.5
1788618540000,1164.0236,2.5
1788618600000,1164.0236,2.5
1788618660000,1164.0236,2.5
1788618720000,1164.0236,2.5
1788618780000,1164.0236,2.5
1788618840000,1164.0236,2.5
1788618900000,1164.0236,2.5
1788618960000,1164.0236,2.5
1788619020000,1164.0236,2.5
1788619080000,1164.0236,2.5
1788619140000,1164.0236,2.5
1788619200000,1164.0236,2.5
1788619260000,1164.0236,2.5
1788619320000,1164.0236,2.5
1788619380000,1164.0236,2.5
1788619440000,1164.0236,2.5
1788619500000,1164.0236,2.5
1788619560000,1164.0236,2.5
1788619620000,1164.0236,2.5
1788619680000,1164.0236,2.5
1788619740000,1164.0236,2.5
1788619800000,1164.0236,2.5
1788619860000,1164.0236,2.5
1788619920000,1164.0236,2.5
1788619980000,1164.0236,2.5
1788620040000,1164.0236,2.5
1788620100000,1164.0236,2.5
1788620160000,1164.0236,2.5
1788620220000,1164.0236,2.5
1788620280000,1164.0236,2.5
1788620340000,1164.0236,2.5
1788620400000,1164.0236,2.5
1788620460000,1164.0236,2.5
1788620520000,1164.0236,2.5
1788620580000,1164.0236,2.5
1788620640000,1164.0236,2.5
1788620700000,1164.0236,2.5
1788620760000,1164.0236,2.5
1788620820000,1164.0236,2.5
1788620880000,1164.0236,2.5
1788620940000,1164.0236,2.5
1788621000000,1164.0236,2.5
1788621060000,1164.0236,2.5
1788621120000,1164.0236,2.5
1788621180000,1164.0236,2.5
1788621240000,1164.0236,2.5
1788621300000,1164.0236,2.5
1788621360000,1164.0236,2.5
1788621420000,1164.0236,2.5
1788621480000,1164.0236,2.5
1788621540000,1164.0236,2.5
1788621600000,1164.0236,2.5
1788621660000,1164.0236,2.5
1788621720000,1164.0236,2.5
1788621780000,1164.0236,2.5
1788621840000,1164.0236,2.5
1788621900000,1164.0236,2.5
1788621960000,1164.0236,2.5
1788622020000,1164.0236,2.5
1788622080000,1164.0236,2.5
1788622140000,1164.0236,2.5
1788622200000,1164.0236,2.5
1788622260000,1164.0236,2.5
1788622320000,1164.0236,2.5
1788622380000,1164.0236,2.5
1788622440000,1164.0236,2.5
1788622500000,1164.0236,2.5
1788622560000,1164.0236,2.5
1788622620000,1164.0236,2.5
1788622680000,1164.0236,2.5
1788622740000,1164.0236,2.5
1788622800000,1164.0236,2.5
1788622860000,1164.0236,2.5
1788622920000,1164.0236,2.5
1788622980000,1164.0236,2.5
1788623040000,1164.0236,2.5
1788623100000,1164.0236,2.5
1788623160000,1164.0236,2.5
1788623220000,1164.0236,2.5
1788623280000,1164.0236,2.5
1788623340000,1164.0236,2.5
1788623400000,1164.0236,2.5
1788623460000,1164.0236,2.5
1788623520000,1164.0236,2.5
1788623580000,1164.0236,2.5
1788623640000,1164.0236,2.5
1788623700000,1164.0236,2.5
1788623760000,1164.0236,2.5
1788623820000,1164.0236,2.5
1788623880000,1164.0236,2.5
1788623940000,1164.0236,2.5
1788624000000,1164.0236,2.5
1788624060000,1164.0236,2.5
1788624120000,1164.0236,2.5
1788624180000,1164.0236,2.5
1788624240000,1164.0236,2.5
1788624300000,1164.0236,2.5
1788624360000,1164.0236,2.5
1788624420000,1164.0236,2.5
1788624480000,1164.0236,2.5
1788624540000,1164.0236,2.5
1788624600000,1164.0236,2.5
1788624660000,1164.0236,2.5
1788624720000,1164.0236,2.5
1788624780000,1164.0236,2.5
1788624840000,1164.0236,2.5
1788624900000,1164.0236,2.5
1788624960000,1164.0236,2.5
1788625020000,1164.0236,2.5
1788625080000,1164.0236,2.5
1788625140000,1164.0236,2.5
1788625200000,1164.0236,2.5
1788625260000,1164.0236,2.5
1788625320000,1164.0236,2.5
1788625380000,1164.0236,2.5
1788625440000,1164.0236,2.5
1788625500000,1164.0236,2.5
1788625560000,1164.0236,2.5
1788625620000,1164.0236,2.5
1788625680000,1164.0236,2.5
1788625740000,1164.0236,2.5
1788625800000,1164.0236,2.5
1788625860000,1154.2702,3.31
1788639180000,1154.2702,3.31
1788639240000,1154.2702,3.31
1788639300000,1154.2702,3.31
1788639360000,1154.2702,3.31
1788639420000,1154.2702,3.31
1788639480000,1154.2702,3.31
1788639540000,1142.9834,4.26
1788706920000,1142.9834,4.26
1788706980000,1142.9834,4.26
1788707040000,1142.9834,4.26
1788707100000,1142.9834,4.26
1788707160000,1142.9834,4.26
1788707220000,1142.9834,4.26
1788707280000,1142.9834,4.26
1788707340000,1142.9834,4.26
1788707400000,1142.9834,4.26
1788707460000,1142.9834,4.26
1788707520000,1142.9834,4.26
1788707580000,1142.9834,4.26
1788707640000,1142.9834,4.26
1788707700000,1142.9834,4.26
1788707760000,1142.9834,4.26
1788707820000,1142.9834,4.26
1788707880000,1142.9834,4.26
1788707940000,1142.9834,4.26
1788708000000,1142.9834,4.26
1788708060000,1142.9834,4.26
1788708120000,1142.9834,4.26
1788708180000,1142.9834,4.26
1788708240000,1142.9834,4.26
1788708300000,1142.9834,4.26
1788708360000,1142.9834,4.26
1788708420000,1142.9834,4.26
1788708480000,1142.9834,4.26
1788708540000,1142.9834,4.26
1788708600000,1142.9834,4.26
1788708660000,1142.9834,4.26
1788708720000,1142.9834,4.26
1788708780000,1142.9834,4.26
1788708840000,1142.9834,4.26
1788708900000,1142.9834,4.26
1788708960000,1142.9834,4.26
1788709020000,1142.9834,4.26
1788709080000,1142.9834,4.26
1788709140000,1142.9834,4.26
1788709200000,1142.9834,4.26
1788709260000,1142.9834,4.26
1788709320000,1142.9834,4.26
1788709380000,1142.9834,4.26
1788709440000,1142.9834,4.26
1788709500000,1142.9834,4.26
1788709560000,1142.9834,4.26
1788709620000,1142.9834,4.26
1788709680000,1142.9834,4.26
1788709740000,1142.9834,4.26
1788709800000,1142.9834,4.26
1788709860000,1142.9834,4.26
1788709920000,1142.9834,4.26
1788709980000,1142.9834,4.26
1788710040000,1142.9834,4.26
1788710100000,1142.9834,4.26
1788710160000,1142.9834,4.26
1788710220000,1142.9834,4.26
1788710280000,1142.9834,4.26
1788710340000,1142.9834,4.26
1788710400000,1142.9834,4.26
1788710460000,1142.9834,4.26
1788710520000,1142.9834,4.26
1788710580000,1142.9834,4.26
1788710640000,1142.9834,4.26
1788710700000,1142.9834,4.26
1788710760000,1142.9834,4.26
1788710820000,1142.9834,4.26
1788710880000,1142.9834,4.26
1788710940000,1142.9834,4.26
1788711000000,1142.9834,4.26
1788711060000,1142.9834,4.26
1788711120000,1142.9834,4.26
1788711180000,1142.9834,4.26
1788711240000,1142.9834,4.26
1788711300000,1142.9834,4.26
1788711360000,1142.9834,4.26
1788711420000,1142.9834,4.26
1788711480000,1142.9834,4.26
1788711540000,1142.9834,4.26
1788711600000,1142.9834,4.26
1788711660000,1142.9834,4.26
1788711720000,1142.9834,4.26
1788711780000,1142.9834,4.26
1788711840000,1142.9834,4.26
1788711900000,1142.9834,4.26
1788711960000,1142.9834,4.26
1788712020000,1142.9834,4.26
1788712080000,1142.9834,4.26
1788712140000,1142.9834,4.26
1788712200000,1142.9834,4.26
1788712260000,1142.9834,4.26
1788712320000,1142.9834,4.26
1788712380000,1142.9834,4.26
1788712440000,1132.8512,5.11
1788795180000,1132.8512,5.11
1788795240000,1132.8512,5.11
1788795300000,1132.8512,5.11
1788795360000,1132.8512,5.11
1788795420000,1132.8512,5.11
1788795480000,1132.8512,5.11
1788795540000,1132.8512,5.11
1788795600000,1132.8512,5.11
1788795660000,1132.8512,5.11
1788795720000,1132.8512,5.11
1788795780000,1132.8512,5.11
1788795840000,1132.8512,5.11
1788795900000,1132.8512,5.11
1788795960000,1132.8512,5.11
1788796020000,1132.8512,5.11
1788796080000,1132.8512,5.11
1788796140000,1132.8512,5.11
1788796200000,1132.8512,5.11
1788796260000,1132.8512,5.11
1788796320000,1132.8512,5.11
1788796380000,1132.8512,5.11
1788796440000,1132.8512,5.11
1788796500000,1132.8512,5.11
1788796560000,1132.8512,5.11
1788796620000,1132.8512,5.11
1788796680000,1132.8512,5.11
1788796740000,1132.8512,5.11
1788796800000,1132.8512,5.11
1788796860000,1132.8512,5.11
1788796920000,1132.8512,5.11
1788796980000,1132.8512,5.11
1788797040000,1132.8512,5.11
1788797100000,1132.8512,5.11
1788797160000,1132.8512,5.11
1788797220000,1132.8512,5.11
1788797280000,1132.8512,5.11
1788797340000,1132.8512,5.11
1788797400000,1132.8512,5.11
1788797460000,1132.8512,5.11
1788797520000,1132.8512,5.11
1788797580000,1132.8512,5.11
1788797640000,1132.8512,5.11
1788797700000,1132.8512,5.11
1788797760000,1132.8512,5.11
1788797820000,1132.8512,5.11
1788797880000,1132.8512,5.11
1788797940000,1132.8512,5.11
1788798000000,1132.8512,5.11
1788798060000,1132.8512,5.11
1788798120000,1132.8512,5.11
1788798180000,1132.8512,5.11
1788798240000,1132.8512,5.11
1788798300000,1132.8512,5.11
1788798360000,1132.8512,5.11
1788798420000,1132.8512,5.11
1788798480000,1132.8512,5.11
1788798540000,1132.8512,5.11
1788798600000,1132.8512,5.11
1788798660000,1132.8512,5.11
1788798720000,1132.8512,5.11
1788798780000,1132.8512,5.11
1788798840000,1132.8512,5.11
1788798900000,1132.8512,5.11
1788798960000,1132.8512,5.11
1788799020000,1132.8512,5.11
1788799080000,1132.8512,5.11
1788799140000,1132.8512,5.11
1788799200000,1132.8512,5.11
1788799260000,1132.8512,5.11
1788799320000,1132.8512,5.11
1788799380000,1132.8512,5.11
1788799440000,1132.8512,5.11
1788799500000,1132.8512,5.11
1788799560000,1132.8512,5.11
1788799620000,1132.8512,5.11
1788799680000,1132.8512,5.11
1788799740000,1132.8512,5.11
1788799800000,1132.8512,5.11
1788799860000,1132.8512,5.11
1788799920000,1132.8512,5.11
1788799980000,1132.8512,5.11
1788800040000,1132.8512,5.11
1788800100000,1132.8512,5.11
1788800160000,1132.8512,5.11
1788800220000,1132.8512,5.11
1788800280000,1132.8512,5.11
1788800340000,1132.8512,5.11
1788800400000,1132.8512,5.11
1788800460000,1132.8512,5.11
1788800520000,1132.8512,5.11
1788800580000,1132.8512,5.11
1788800640000,1132.8512,5.11
1788800700000,1132.8512,5.11
1788800760000,1132.8512,5.11
1788800820000,1132.8512,5.11
1788800880000,1132.8512,5.11
1788800940000,1132.8512,5.11
1788801000000,1122.5177,5.97
1788874380000,1122.5177,5.97
1788874440000,1122.5177,5.97
1788874500000,1122.5177,5.97
1788874560000,1122.5177,5.97
1788874620000,1122.5177,5.97
1788874680000,1122.5177,5.97
1788874740000,1122.5177,5.97
1788874800000,1122.5177,5.97
1788874860000,1122.5177,5.97
1788874920000,1122.5177,5.97
1788874980000,1122.5177,5.97
1788875040000,1122.5177,5.97
1788875100000,1122.5177,5.97
1788875160000,1122.5177,5.97
1788875220000,1122.5177,5.97
1788875280000,1122.5177,5.97
1788875340000,1122.5177,5.97
1788875400000,1122.5177,5.97
1788875460000,1122.5177,5.97
1788875520000,1122.5177,5.97
1788875580000,1122.5177,5.97
1788875640000,1122.5177,5.97
1788875700000,1122.5177,5.97
1788875760000,1122.5177,5.97
1788875820000,1122.5177,5.97
1788875880000,1122.5177,5.97
1788875940000,1122.5177,5.97
1788876000000,1122.5177,5.97
1788876060000,1122.5177,5.97
1788876120000,1122.5177,5.97
1788876180000,1122.5177,5.97
1788876240000,1122.5177,5.97
1788876300000,1122.5177,5.97
1788876360000,1122.5177,5.97
1788876420000,1122.5177,5.97
1788876480000,1122.5177,5.97
1788876540000,1122.5177,5.97
1788876600000,1122.5177,5.97
1788876660000,1112.7177,6.8
1788881820000,1112.7177,6.8
1788881880000,1112.7177,6.8
1788881940000,1112.7177,6.8
1788882000000,1112.7177,6.8
1788882060000,1112.7177,6.8
1788882120000,1112.7177,6.8
1788882180000,1112.7177,6.8
1788882240000,1112.7177,6.8
1788882300000,1112.7177,6.8
1788882360000,1112.7177,6.8
1788882420000,1112.7177,6.8
1788882480000,1112.7177,6.8
1788882540000,1112.7177,6.8
1788882600000,1112.7177,6.8
1788882660000,1112.7177,6.8
1788882720000,1112.7177,6.8
1788882780000,1112.7177,6.8
1788882840000,1112.7177,6.8
1788882900000,1112.7177,6.8
1788882960000,1112.7177,6.8
1788883020000,1112.7177,6.8
1788883080000,1112.7177,6.8
1788883140000,1112.7177,6.8
1788883200000,1112.7177,6.8
1788883260000,1112.7177,6.8
1788883320000,1112.7177,6.8
1788883380000,1112.7177,6.8
1788883440000,1112.7177,6.8
1788883500000,1112.7177,6.8
1788883560000,1112.7177,6.8
1788883620000,1112.7177,6.8
1788883680000,1112.7177,6.8
1788883740000,1112.7177,6.8
1788883800000,1112.7177,6.8
1788883860000,1112.7177,6.8
1788883920000,1112.7177,6.8
1788883980000,1112.7177,6.8
1788884040000,1112.7177,6.8
1788884100000,1112.7177,6.8
1788884160000,1112.7177,6.8
1788884220000,1112.7177,6.8
1788884280000,1112.7177,6.8
1788884340000,1112.7177,6.8
1788884400000,1112.7177,6.8
1788884460000,1112.7177,6.8
1788884520000,1112.7177,6.8
1788884580000,1112.7177,6.8
1788884640000,1112.7177,6.8
1788884700000,1112.7177,6.8
1788884760000,1112.7177,6.8
1788884820000,1112.7177,6.8
1788884880000,1112.7177,6.8
1788884940000,1112.7177,6.8
1788885000000,1112.7177,6.8
1788885060000,1112.7177,6.8
1788885120000,1112.7177,6.8
1788885180000,1112.7177,6.8
1788885240000,1112.7177,6.8
1788885300000,1112.7177,6.8
1788885360000,1112.7177,6.8
1788885420000,1112.7177,6.8
1788885480000,1112.7177,6.8
1788885540000,1112.7177,6.8
1788885600000,1112.7177,6.8
1788885660000,1112.7177,6.8
1788885720000,1112.7177,6.8
1788885780000,1112.7177,6.8
1788885840000,1112.7177,6.8
1788885900000,1112.7177,6.8
1788885960000,1112.7177,6.8
1788886020000,1112.7177,6.8
1788886080000,1112.7177,6.8
1788886140000,1112.7177,6.8
1788886200000,1112.7177,6.8
1788886260000,1112.7177,6.8
1788886320000,1112.7177,6.8
1788886380000,1112.7177,6.8
1788886440000,1112.7177,6.8
1788886500000,1112.7177,6.8
1788886560000,1112.7177,6.8
1788886620000,1112.7177,6.8
1788886680000,1112.7177,6.8
1788886740000,1112.7177,6.8
1788886800000,1112.7177,6.8
1788886860000,1112.7177,6.8
1788886920000,1112.7177,6.8
1788886980000,1112.7177,6.8
1788887040000,1112.7177,6.8
1788887100000,1112.7177,6.8
1788887160000,1112.7177,6.8
1788887220000,1112.7177,6.8
1788887280000,1112.7177,6.8
1788887340000,1112.7177,6.8
1788887400000,1112.7177,6.8
1788887460000,1112.7177,6.8
1788887520000,1112.7177,6.8
1788887580000,1112.7177,6.8
1788887640000,1112.7177,6.8
1788887700000,1112.7177,6.8
1788887760000,1112.7177,6.8
1788887820000,1112.7177,6.8
1788887880000,1112.7177,6.8
1788887940000,1112.7177,6.8
1788888000000,1112.7177,6.8
1788888060000,1112.7177,6.8
1788888120000,1112.7177,6.8
1788888180000,1112.7177,6.8
1788888240000,1112.7177,6.8
1788888300000,1112.7177,6.8
1788888360000,1112.7177,6.8
1788888420000,1112.7177,6.8
1788888480000,1112.7177,6.8
1788888540000,1112.7177,6.8
1788888600000,1112.7177,6.8
1788888660000,1112.7177,6.8
1788888720000,1112.7177,6.8
1788888780000,1112.7177,6.8
1788888840000,1112.7177,6.8
1788888900000,1112.7177,6.8
1788888960000,1112.7177,6.8
1788889020000,1112.7177,6.8
1788889080000,1112.7177,6.8
1788889140000,1112.7177,6.8
1788889200000,1112.7177,6.8
1788889260000,1112.7177,6.8
1788889320000,1112.7177,6.8
1788889380000,1112.7177,6.8
1788889440000,1112.7177,6.8
1788889500000,1112.7177,6.8
1788889560000,1112.7177,6.8
1788889620000,1112.7177,6.8
1788889680000,1112.7177,6.8
1788889740000,1112.7177,6.8
1788889800000,1112.7177,6.8
1788889860000,1112.7177,6.8
1788889920000,1112.7177,6.8
1788889980000,1112.7177,6.8
1788890040000,1112.7177,6.8
1788890100000,1112.7177,6.8
1788890160000,1112.7177,6.8
1788890220000,1112.7177,6.8
1788890280000,1112.7177,6.8
1788890340000,1112.7177,6.8
1788890400000,1112.7177,6.8
1788890460000,1112.7177,6.8
1788890520000,1112.7177,6.8
1788890580000,1112.7177,6.8
1788890640000,1112.7177,6.8
1788890700000,1112.7177,6.8
1788890760000,1112.7177,6.8
1788890820000,1112.7177,6.8
1788890880000,1112.7177,6.8
1788890940000,1112.7177,6.8
1788891000000,1112.7177,6.8
1788891060000,1112.7177,6.8
1788891120000,1112.7177,6.8
1788891180000,1112.7177,6.8
1788891240000,1112.7177,6.8
1788891300000,1112.7177,6.8
1788891360000,1112.7177,6.8
1788891420000,1112.7177,6.8
1788891480000,1112.7177,6.8
1788891540000,1112.7177,6.8
1788891600000,1112.7177,6.8
1788891660000,1112.7177,6.8
1788891720000,1112.7177,6.8
1788891780000,1112.7177,6.8
1788891840000,1129.641,5.38
1788940980000,1129.641,5.38
1788941040000,1129.641,5.38
1788941100000,1129.641,5.38
1788941160000,1129.641,5.38
1788941220000,1129.641,5.38
1788941280000,1129.641,5.38
1788941340000,1129.641,5.38
1788941400000,1129.641,5.38
1788941460000,1129.641,5.38
1788941520000,1129.641,5.38
1788941580000,1129.641,5.38
1788941640000,1129.641,5.38
1788941700000,1129.641,5.38
1788941760000,1129.641,5.38
1788941820000,1129.641,5.38
1788941880000,1129.641,5.38
1788941940000,1129.641,5.38
1788942000000,1129.641,5.38
1788942060000,1129.641,5.38
1788942120000,1129.641,5.38
1788942180000,1129.641,5.38
1788942240000,1129.641,5.38
1788942300000,1129.641,5.38
1788942360000,1129.641,5.38
1788942420000,1129.641,5.38
1788942480000,1129.641,5.38
1788942540000,1129.641,5.38
1788942600000,1129.641,5.38
1788942660000,1129.641,5.38
1788942720000,1129.641,5.38
1788942780000,1129.641,5.38
1788942840000,1129.641,5.38
1788942900000,1129.641,5.38
1788942960000,1129.641,5.38
1788943020000,1129.641,5.38
1788943080000,1129.641,5.38
1788943140000,1129.641,5.38
1788943200000,1129.641,5.38
1788943260000,1129.641,5.38
1788943320000,1129.641,5.38
1788943380000,1129.641,5.38
1788943440000,1129.641,5.38
1788943500000,1129.641,5.38
1788943560000,1129.641,5.38
1788943620000,1129.641,5.38
1788943680000,1129.641,5.38
1788943740000,1129.641,5.38
1788943800000,1129.641,5.38
1788943860000,1129.641,5.38
1788943920000,1129.641,5.38
1788943980000,1129.641,5.38
1788944040000,1129.641,5.38
1788944100000,1129.641,5.38
1788944160000,1129.641,5.38
1788944220000,1129.641,5.38
1788944280000,1129.641,5.38
1788944340000,1129.641,5.38
1788944400000,1129.641,5.38
1788944460000,1129.641,5.38
1788944520000,1129.641,5.38
1788944580000,1129.641,5.38
1788944640000,1129.641,5.38
1788944700000,1129.641,5.38
1788944760000,1129.641,5.38
1788944820000,1129.641,5.38
1788944880000,1129.641,5.38
1788944940000,1129.641,5.38
1788945000000,1129.641,5.38
1788945060000,1129.641,5.38
1788945120000,1129.641,5.38
1788945180000,1129.641,5.38
1788945240000,1129.641,5.38
1788945300000,1129.641,5.38
1788945360000,1129.641,5.38
1788945420000,1129.641,5.38
1788945480000,1129.641,5.38
1788945540000,1129.641,5.38
1788945600000,1129.641,5.38
1788945660000,1129.641,5.38
1788945720000,1129.641,5.38
1788945780000,1129.641,5.38
1788945840000,1129.641,5.38
1788945900000,1129.641,5.38
1788945960000,1129.641,5.38
1788946020000,1129.641,5.38
1788946080000,1129.641,5.38
1788946140000,1129.641,5.38
1788946200000,1118.2498,6.33
1788964080000,1118.2498,6.33
1788964140000,1118.2498,6.33
1788964200000,1118.2498,6.33
1788964260000,1118.2498,6.33
1788964320000,1118.2498,6.33
1788964380000,1118.2498,6.33
1788964440000,1118.2498,6.33
1788964500000,1118.2498,6.33
1788964560000,1118.2498,6.33
1788964620000,1118.2498,6.33
1788964680000,1118.2498,6.33
1788964740000,1118.2498,6.33
1788964800000,1118.2498,6.33
1788964860000,1118.2498,6.33
1788964920000,1118.2498,6.33
1788964980000,1118.2498,6.33
1788965040000,1118.2498,6.33
1788965100000,1118.2498,6.33
1788965160000,1118.2498,6.33
1788965220000,1118.2498,6.33
1788965280000,1118.2498,6.33
1788965340000,1118.2498,6.33
1788965400000,1118.2498,6.33
1788965460000,1118.2498,6.33
1788965520000,1118.2498,6.33
1788965580000,1118.2498,6.33
1788965640000,1118.2498,6.33
1788965700000,1118.2498,6.33
1788965760000,1118.2498,6.33
1788965820000,1118.2498,6.33
1788965880000,1118.2498,6.33
1788965940000,1118.2498,6.33
1788966000000,1118.2498,6.33
1788966060000,1108.0352,7.19
1788982800000,1108.0352,7.19
1788982860000,1108.0352,7.19
1788982920000,1108.0352,7.19
1788982980000,1108.0352,7.19
1788983040000,1108.0352,7.19
1788983100000,1108.0352,7.19
1788983160000,1108.0352,7.19
1788983220000,1108.0352,7.19
1788983280000,1108.0352,7.19
1788983340000,1108.0352,7.19
1788983400000,1108.0352,7.19
1788983460000,1108.0352,7.19
1788983520000,1108.0352,7.19
1788983580000,1108.0352,7.19
1788983640000,1108.0352,7.19
1788983700000,1108.0352,7.19
1788983760000,1108.0352,7.19
1788983820000,1108.0352,7.19
1788983880000,1108.0352,7.19
1788983940000,1108.0352,7.19
1788984000000,1108.0352,7.19
1788984060000,1108.0352,7.19
1788984120000,1108.0352,7.19
1788984180000,1108.0352,7.19
1788984240000,1108.0352,7.19
1788984300000,1108.0352,7.19
1788984360000,1108.0352,7.19
1788984420000,1108.0352,7.19
1788984480000,1108.0352,7.19
1788984540000,1108.0352,7.19
1788984600000,1108.0352,7.19
1788984660000,1108.0352,7.19
1788984720000,1108.0352,7.19
1788984780000,1108.0352,7.19
1788984840000,1108.0352,7.19
1788984900000,1108.0352,7.19
1788984960000,1108.0352,7.19
1788985020000,1108.0352,7.19
1788985080000,1108.0352,7.19
1788985140000,1108.0352,7.19
1788985200000,1108.0352,7.19
1788985260000,1108.0352,7.19
1788985320000,1108.0352,7.19
1788985380000,1108.0352,7.19
1788985440000,1108.0352,7.19
1788985500000,1108.0352,7.19
1788985560000,1108.0352,7.19
1788985620000,1108.0352,7.19
1788985680000,1108.0352,7.19
1788985740000,1119.1973,6.25
1788987000000,1119.1973,6.25
1788987060000,1119.1973,6.25
1788987120000,1119.1973,6.25
1788987180000,1119.1973,6.25
1788987240000,1119.1973,6.25
1788987300000,1119.1973,6.25
1788987360000,1119.1973,6.25
1788987420000,1119.1973,6.25
1788987480000,1108.6777,7.13
1789043520000,1108.6777,7.13
1789043580000,1108.6777,7.13
1789043640000,1108.6777,7.13
1789043700000,1108.6777,7.13
1789043760000,1108.6777,7.13
1789043820000,1108.6777,7.13
1789043880000,1108.6777,7.13
1789043940000,1108.6777,7.13
1789044000000,1108.6777,7.13
1789044060000,1108.6777,7.13
1789044120000,1108.6777,7.13
1789044180000,1108.6777,7.13
1789044240000,1108.6777,7.13
1789044300000,1108.6777,7.13
1789044360000,1108.6777,7.13
1789044420000,1108.6777,7.13
1789044480000,1108.6777,7.13
1789044540000,1108.6777,7.13
1789044600000,1108.6777,7.13
1789044660000,1108.6777,7.13
1789044720000,1108.6777,7.13
1789044780000,1108.6777,7.13
1789044840000,1108.6777,7.13
1789044900000,1108.6777,7.13
1789044960000,1108.6777,7.13
1789045020000,1108.6777,7.13
1789045080000,1108.6777,7.13
1789045140000,1108.6777,7.13
1789045200000,1108.6777,7.13
1789045260000,1108.6777,7.13
1789045320000,1108.6777,7.13
1789045380000,1108.6777,7.13
1789045440000,1108.6777,7.13
1789045500000,1108.6777,7.13
1789045560000,1108.6777,7.13
1789045620000,1108.6777,7.13
1789045680000,1108.6777,7.13
1789045740000,1108.6777,7.13
1789045800000,1108.6777,7.13
1789045860000,1108.6777,7.13
1789045920000,1108.6777,7.13
1789045980000,1108.6777,7.13
1789046040000,1108.6777,7.13
1789046100000,1108.6777,7.13
1789046160000,1108.6777,7.13
1789046220000,1108.6777,7.13
1789046280000,1108.6777,7.13
1789046340000,1108.6777,7.13
1789046400000,1108.6777,7.13
1789046460000,1108.6777,7.13
1789046520000,1108.6777,7.13
1789046580000,1108.6777,7.13
1789046640000,1108.6777,7.13
1789046700000,1108.6777,7.13
1789046760000,1108.6777,7.13
1789046820000,1108.6777,7.13
1789046880000,1108.6777,7.13
1789046940000,1108.6777,7.13
1789047000000,1108.6777,7.13
1789047060000,1108.6777,7.13
1789047120000,1108.6777,7.13
1789047180000,1108.6777,7.13
1789047240000,1108.6777,7.13
1789047300000,1108.6777,7.13
1789047360000,1108.6777,7.13
1789047420000,1108.6777,7.13
1789047480000,1108.6777,7.13
1789047540000,1108.6777,7.13
1789047600000,1108.6777,7.13
1789047660000,1108.6777,7.13
1789047720000,1108.6777,7.13
1789047780000,1108.6777,7.13
1789047840000,1108.6777,7.13
1789047900000,1108.6777,7.13
1789047960000,1108.6777,7.13
1789048020000,1108.6777,7.13
1789048080000,1108.6777,7.13
1789048140000,1108.6777,7.13
1789048200000,1108.6777,7.13
1789048260000,1108.6777,7.13
1789048320000,1108.6777,7.13
1789048380000,1108.6777,7.13
1789048440000,1108.6777,7.13
1789048500000,1108.6777,7.13
1789048560000,1108.6777,7.13
1789048620000,1108.6777,7.13
1789048680000,1108.6777,7.13
1789048740000,1108.6777,7.13
1789048800000,1108.6777,7.13
1789048860000,1108.6777,7.13
1789048920000,1108.6777,7.13
1789048980000,1108.6777,7.13
1789049040000,1108.6777,7.13
1789049100000,1108.6777,7.13
1789049160000,1108.6777,7.13
1789049220000,1108.6777,7.13
1789049280000,1108.6777,7.13
1789049340000,1108.6777,7.13
1789049400000,1108.6777,7.13
1789049460000,1108.6777,7.13
1789049520000,1108.6777,7.13
1789049580000,1108.6777,7.13
1789049640000,1108.6777,7.13
1789049700000,1108.6777,7.13
1789049760000,1108.6777,7.13
1789049820000,1108.6777,7.13
1789049880000,1108.6777,7.13
1789049940000,1108.6777,7.13
1789050000000,1108.6777,7.13
1789050060000,1108.6777,7.13
1789050120000,1108.6777,7.13
1789050180000,1108.6777,7.13
1789050240000,1108.6777,7.13
1789050300000,1108.6777,7.13
1789050360000,1108.6777,7.13
1789050420000,1108.6777,7.13
1789050480000,1108.6777,7.13
1789050540000,1108.6777,7.13
1789050600000,1108.6777,7.13
1789050660000,1108.6777,7.13
1789050720000,1108.6777,7.13
1789050780000,1108.6777,7.13
1789050840000,1108.6777,7.13
1789050900000,1108.6777,7.13
1789050960000,1108.6777,7.13
1789051020000,1108.6777,7.13
1789051080000,1108.6777,7.13
1789051140000,1108.6777,7.13
1789051200000,1108.6777,7.13
1789051260000,1108.6777,7.13
1789051320000,1108.6777,7.13
1789051380000,1108.6777,7.13
1789051440000,1108.6777,7.13
1789051500000,1108.6777,7.13
1789051560000,1108.6777,7.13
1789051620000,1108.6777,7.13
1789051680000,1108.6777,7.13
1789051740000,1108.6777,7.13
1789051800000,1108.6777,7.13
1789051860000,1108.6777,7.13
1789051920000,1108.6777,7.13
1789051980000,1108.6777,7.13
1789052040000,1108.6777,7.13
1789052100000,1108.6777,7.13
1789052160000,1108.6777,7.13
1789052220000,1108.6777,7.13
1789052280000,1108.6777,7.13
1789052340000,1108.6777,7.13
1789052400000,1108.6777,7.13
1789052460000,1108.6777,7.13
1789052520000,1108.6777,7.13
1789052580000,1108.6777,7.13
1789052640000,1108.6777,7.13
1789052700000,1108.6777,7.13
1789052760000,1108.6777,7.13
1789052820000,1108.6777,7.13
1789052880000,1108.6777,7.13
1789052940000,1108.6777,7.13
1789053000000,1108.6777,7.13
1789053060000,1108.6777,7.13
1789053120000,1108.6777,7.13
1789053180000,1108.6777,7.13
1789053240000,1108.6777,7.13
1789053300000,1108.6777,7.13
1789053360000,1108.6777,7.13
1789053420000,1108.6777,7.13
1789053480000,1108.6777,7.13
1789053540000,1108.6777,7.13
1789053600000,1108.6777,7.13
1789053660000,1108.6777,7.13
1789053720000,1108.6777,7.13
1789053780000,1108.6777,7.13
1789053840000,1108.6777,7.13
1789053900000,1108.6777,7.13
1789053960000,1108.6777,7.13
1789054020000,1108.6777,7.13
1789054080000,1108.6777,7.13
1789054140000,1108.6777,7.13
1789054200000,1108.6777,7.13
1789054260000,1108.6777,7.13
1789054320000,1108.6777,7.13
1789054380000,1108.6777,7.13
1789054440000,1108.6777,7.13
1789054500000,1108.6777,7.13
1789054560000,1108.6777,7.13
1789054620000,1108.6777,7.13
1789054680000,1108.6777,7.13
1789054740000,1108.6777,7.13
1789054800000,1108.6777,7.13
1789054860000,1108.6777,7.13
1789054920000,1108.6777,7.13
1789054980000,1108.6777,7.13
1789055040000,1108.6777,7.13
1789055100000,1108.6777,7.13
1789055160000,1108.6777,7.13
1789055220000,1108.6777,7.13
1789055280000,1108.6777,7.13
1789055340000,1108.6777,7.13
1789055400000,1108.6777,7.13
1789055460000,1108.6777,7.13
1789055520000,1108.6777,7.13
1789055580000,1108.6777,7.13
1789055640000,1108.6777,7.13
1789055700000,1108.6777,7.13
1789055760000,1108.6777,7.13
1789055820000,1108.6777,7.13
1789055880000,1108.6777,7.13
1789055940000,1108.6777,7.13
1789056000000,1108.6777,7.13
1789056060000,1108.6777,7.13
1789056120000,1108.6777,7.13
1789056180000,1108.6777,7.13
1789056240000,1108.6777,7.13
1789056300000,1108.6777,7.13
1789056360000,1108.6777,7.13
1789056420000,1108.6777,7.13
1789056480000,1108.6777,7.13
1789056540000,1108.6777,7.13
1789056600000,1108.6777,7.13
1789056660000,1108.6777,7.13
1789056720000,1108.6777,7.13
1789056780000,1108.6777,7.13
1789056840000,1108.6777,7.13
1789056900000,1108.6777,7.13
1789056960000,1108.6777,7.13
1789057020000,1108.6777,7.13
1789057080000,1108.6777,7.13
1789057140000,1108.6777,7.13
1789057200000,1108.6777,7.13
1789057260000,1108.6777,7.13
1789057320000,1108.6777,7.13
1789057380000,1108.6777,7.13
1789057440000,1108.6777,7.13
1789057500000,1108.6777,7.13
1789057560000,1108.6777,7.13
1789057620000,1108.6777,7.13
1789057680000,1108.6777,7.13
1789057740000,1108.6777,7.13
1789057800000,1108.6777,7.13
1789057860000,1108.6777,7.13
1789057920000,1108.6777,7.13
1789057980000,1108.6777,7.13
1789058040000,1108.6777,7.13
1789058100000,1108.6777,7.13
1789058160000,1108.6777,7.13
1789058220000,1108.6777,7.13
1789058280000,1108.6777,7.13
1789058340000,1108.6777,7.13
1789058400000,1108.6777,7.13
1789058460000,1108.6777,7.13
1789058520000,1108.6777,7.13
1789058580000,1108.6777,7.13
1789058640000,1108.6777,7.13
1789058700000,1108.6777,7.13
1789058760000,1108.6777,7.13
1789058820000,1108.6777,7.13
1789058880000,1108.6777,7.13
1789058940000,1108.6777,7.13
1789059000000,1108.6777,7.13
1789059060000,1108.6777,7.13
1789059120000,1108.6777,7.13
1789059180000,1108.6777,7.13
1789059240000,1108.6777,7.13
1789059300000,1108.6777,7.13
1789059360000,1108.6777,7.13
1789059420000,1108.6777,7.13
1789059480000,1108.6777,7.13
1789059540000,1108.6777,7.13
1789059600000,1108.6777,7.13
1789059660000,1108.6777,7.13
1789059720000,1108.6777,7.13
1789059780000,1108.6777,7.13
1789059840000,1108.6777,7.13
1789059900000,1108.6777,7.13
1789059960000,1108.6777,7.13
1789060020000,1108.6777,7.13
1789060080000,1108.6777,7.13
1789060140000,1108.6777,7.13
1789060200000,1108.6777,7.13
1789060260000,1108.6777,7.13
1789060320000,1108.6777,7.13
1789060380000,1108.6777,7.13
1789060440000,1108.6777,7.13
1789060500000,1108.6777,7.13
1789060560000,1108.6777,7.13
1789060620000,1108.6777,7.13
1789060680000,1108.6777,7.13
1789060740000,1108.6777,7.13
1789060800000,1108.6777,7.13
1789060860000,1108.6777,7.13
1789060920000,1108.6777,7.13
1789060980000,1108.6777,7.13
1789061040000,1108.6777,7.13
1789061100000,1108.6777,7.13
1789061160000,1108.6777,7.13
1789061220000,1108.6777,7.13
1789061280000,1108.6777,7.13
1789061340000,1108.6777,7.13
1789061400000,1108.6777,7.13
1789061460000,1108.6777,7.13
1789061520000,1099.1732,7.93
1789066500000,1099.1732,7.93
1789066560000,1099.1732,7.93
1789066620000,1099.1732,7.93
1789066680000,1099.1732,7.93
1789066740000,1099.1732,7.93
1789066800000,1099.1732,7.93
1789066860000,1099.1732,7.93
1789066920000,1099.1732,7.93
1789066980000,1099.1732,7.93
1789067040000,1099.1732,7.93
1789067100000,1099.1732,7.93
1789067160000,1099.1732,7.93
1789067220000,1099.1732,7.93
1789067280000,1099.1732,7.93
1789067340000,1099.1732,7.93
1789067400000,1099.1732,7.93
1789067460000,1099.1732,7.93
1789067520000,1099.1732,7.93
1789067580000,1099.1732,7.93
1789067640000,1099.1732,7.93
1789067700000,1099.1732,7.93
1789067760000,1099.1732,7.93
1789067820000,1099.1732,7.93
1789067880000,1099.1732,7.93
1789067940000,1099.1732,7.93
1789068000000,1099.1732,7.93
1789068060000,1099.1732,7.93
1789068120000,1099.1732,7.93
1789068180000,1099.1732,7.93
1789068240000,1099.1732,7.93
1789068300000,1099.1732,7.93
1789068360000,1099.1732,7.93
1789068420000,1099.1732,7.93
1789068480000,1099.1732,7.93
1789068540000,1099.1732,7.93
1789068600000,1099.1732,7.93
1789068660000,1099.1732,7.93
1789068720000,1099.1732,7.93
1789068780000,1099.1732,7.93
1789068840000,1099.1732,7.93
1789068900000,1099.1732,7.93
1789068960000,1099.1732,7.93
1789069020000,1099.1732,7.93
1789069080000,1099.1732,7.93
1789069140000,1099.1732,7.93
1789069200000,1099.1732,7.93
1789069260000,1099.1732,7.93
1789069320000,1099.1732,7.93
1789069380000,1099.1732,7.93
1789069440000,1099.1732,7.93
1789069500000,1099.1732,7.93
1789069560000,1099.1732,7.93
1789069620000,1099.1732,7.93
1789069680000,1099.1732,7.93
1789069740000,1099.1732,7.93
1789069800000,1099.1732,7.93
1789069860000,1099.1732,7.93
1789069920000,1099.1732,7.93
1789069980000,1099.1732,7.93
1789070040000,1099.1732,7.93
1789070100000,1099.1732,7.93
1789070160000,1099.1732,7.93
1789070220000,1099.1732,7.93
1789070280000,1099.1732,7.93
1789070340000,1099.1732,7.93
1789070400000,1099.1732,7.93
1789070460000,1099.1732,7.93
1789070520000,1099.1732,7.93
1789070580000,1099.1732,7.93
1789070640000,1099.1732,7.93
1789070700000,1099.1732,7.93
1789070760000,1099.1732,7.93
1789070820000,1099.1732,7.93
1789070880000,1099.1732,7.93
1789070940000,1099.1732,7.93
1789071000000,1099.1732,7.93
1789071060000,1099.1732,7.93
1789071120000,1099.1732,7.93
1789071180000,1099.1732,7.93
1789071240000,1099.1732,7.93
1789071300000,1099.1732,7.93
1789071360000,1099.1732,7.93
1789071420000,1099.1732,7.93
1789071480000,1099.1732,7.93
1789071540000,1099.1732,7.93
1789071600000,1099.1732,7.93
1789071660000,1099.1732,7.93
1789071720000,1099.1732,7.93
1789071780000,1099.1732,7.93
1789071840000,1099.1732,7.93
1789071900000,1099.1732,7.93
1789071960000,1099.1732,7.93
1789072020000,1099.1732,7.93
1789072080000,1099.1732,7.93
1789072140000,1099.1732,7.93
1789072200000,1099.1732,7.93
1789072260000,1099.1732,7.93
1789072320000,1099.1732,7.93
1789072380000,1099.1732,7.93
1789072440000,1099.1732,7.93
1789072500000,1099.1732,7.93
1789072560000,1099.1732,7.93
1789072620000,1099.1732,7.93
1789072680000,1099.1732,7.93
1789072740000,1099.1732,7.93
1789072800000,1099.1732,7.93
1789072860000,1099.1732,7.93
1789072920000,1099.1732,7.93
1789072980000,1099.1732,7.93
1789073040000,1099.1732,7.93
1789073100000,1099.1732,7.93
1789073160000,1099.1732,7.93
1789073220000,1099.1732,7.93
1789073280000,1099.1732,7.93
1789073340000,1099.1732,7.93
1789073400000,1099.1732,7.93
1789073460000,1099.1732,7.93
1789073520000,1099.1732,7.93
1789073580000,1099.1732,7.93
1789073640000,1099.1732,7.93
1789073700000,1099.1732,7.93
1789073760000,1099.1732,7.93
1789073820000,1099.1732,7.93
1789073880000,1099.1732,7.93
1789073940000,1099.1732,7.93
1789074000000,1099.1732,7.93
1789074060000,1099.1732,7.93
1789074120000,1099.1732,7.93
1789074180000,1099.1732,7.93
1789074240000,1099.1732,7.93
1789074300000,1099.1732,7.93
1789074360000,1099.1732,7.93
1789074420000,1099.1732,7.93
1789074480000,1099.1732,7.93
1789074540000,1099.1732,7.93
1789074600000,1099.1732,7.93
1789074660000,1099.1732,7.93
1789074720000,1099.1732,7.93
1789074780000,1099.1732,7.93
1789074840000,1099.1732,7.93
1789074900000,1099.1732,7.93
1789074960000,1099.1732,7.93
1789075020000,1099.1732,7.93
1789075080000,1099.1732,7.93
1789075140000,1099.1732,7.93
1789075200000,1099.1732,7.93
1789075260000,1099.1732,7.93
1789075320000,1099.1732,7.93
1789075380000,1099.1732,7.93
1789075440000,1099.1732,7.93
1789075500000,1099.1732,7.93
1789075560000,1099.1732,7.93
1789075620000,1099.1732,7.93
1789075680000,1099.1732,7.93
1789075740000,1099.1732,7.93
1789075800000,1099.1732,7.93
1789075860000,1099.1732,7.93
1789075920000,1099.1732,7.93
1789075980000,1099.1732,7.93
1789076040000,1099.1732,7.93
1789076100000,1099.1732,7.93
1789076160000,1099.1732,7.93
1789076220000,1099.1732,7.93
1789076280000,1088.5849,8.82
1789121040000,1088.5849,8.82
1789121100000,1088.5849,8.82
1789121160000,1088.5849,8.82
1789121220000,1088.5849,8.82
1789121280000,1088.5849,8.82
1789121340000,1088.5849,8.82
1789121400000,1088.5849,8.82
1789121460000,1088.5849,8.82
1789121520000,1088.5849,8.82
1789121580000,1088.5849,8.82
1789121640000,1088.5849,8.82
1789121700000,1088.5849,8.82
1789121760000,1088.5849,8.82
1789121820000,1088.5849,8.82
1789121880000,1088.5849,8.82
1789121940000,1088.5849,8.82
1789122000000,1088.5849,8.82
1789122060000,1088.5849,8.82
1789122120000,1088.5849,8.82
1789122180000,1088.5849,8.82
1789122240000,1088.5849,8.82
1789122300000,1088.5849,8.82
1789122360000,1088.5849,8.82
1789122420000,1077.7512,9.72
1789124640000,1077.7512,9.72
1789124700000,1077.7512,9.72
1789124760000,1077.7512,9.72
1789124820000,1077.7512,9.72
1789124880000,1077.7512,9.72
1789124940000,1077.7512,9.72
1789125000000,1077.7512,9.72
1789125060000,1077.7512,9.72
1789125120000,1077.7512,9.72
1789125180000,1077.7512,9.72
1789125240000,1077.7512,9.72
1789125300000,1077.7512,9.72
1789125360000,1077.7512,9.72
1789125420000,1077.7512,9.72
1789125480000,1077.7512,9.72
1789125540000,1077.7512,9.72
1789125600000,1077.7512,9.72
1789125660000,1077.7512,9.72
1789125720000,1077.7512,9.72
1789125780000,1077.7512,9.72
1789125840000,1077.7512,9.72
1789125900000,1077.7512,9.72
1789125960000,1077.7512,9.72
1789126020000,1077.7512,9.72
1789126080000,1077.7512,9.72
1789126140000,1077.7512,9.72
1789126200000,1077.7512,9.72
1789126260000,1077.7512,9.72
1789126320000,1077.7512,9.72
1789126380000,1077.7512,9.72
1789126440000,1077.7512,9.72
1789126500000,1077.7512,9.72
1789126560000,1077.7512,9.72
1789126620000,1077.7512,9.72
1789126680000,1077.7512,9.72
1789126740000,1077.7512,9.72
1789126800000,1077.7512,9.72
1789126860000,1077.7512,9.72
1789126920000,1077.7512,9.72
1789126980000,1077.7512,9.72
1789127040000,1077.7512,9.72
1789127100000,1077.7512,9.72
1789127160000,1077.7512,9.72
1789127220000,1077.7512,9.72
1789127280000,1077.7512,9.72
1789127340000,1077.7512,9.72
1789127400000,1077.7512,9.72
1789127460000,1077.7512,9.72
1789127520000,1077.7512,9.72
1789127580000,1077.7512,9.72
1789127640000,1077.7512,9.72
1789127700000,1077.7512,9.72
1789127760000,1077.7512,9.72
1789127820000,1077.7512,9.72
1789127880000,1077.7512,9.72
1789127940000,1077.7512,9.72
1789128000000,1077.7512,9.72
1789128060000,1077.7512,9.72
1789128120000,1077.7512,9.72
1789128180000,1077.7512,9.72
1789128240000,1077.7512,9.72
1789128300000,1077.7512,9.72
1789128360000,1077.7512,9.72
1789128420000,1077.7512,9.72
1789128480000,1077.7512,9.72
1789128540000,1077.7512,9.72
1789128600000,1077.7512,9.72
1789128660000,1077.7512,9.72
1789128720000,1077.7512,9.72
1789128780000,1077.7512,9.72
1789128840000,1077.7512,9.72
1789128900000,1077.7512,9.72
1789128960000,1077.7512,9.72
1789129020000,1077.7512,9.72
1789129080000,1077.7512,9.72
1789129140000,1077.7512,9.72
1789129200000,1077.7512,9.72
1789129260000,1077.7512,9.72
1789129320000,1077.7512,9.72
1789129380000,1077.7512,9.72
1789129440000,1077.7512,9.72
1789129500000,1077.7512,9.72
1789129560000,1077.7512,9.72
1789129620000,1077.7512,9.72
1789129680000,1077.7512,9.72
1789129740000,1066.7903,10.64
1789132980000,1066.7903,10.64
1789133040000,1066.7903,10.64
1789133100000,1066.7903,10.64
1789133160000,1066.7903,10.64
1789133220000,1066.7903,10.64
1789133280000,1066.7903,10.64
1789133340000,1066.7903,10.64
1789133400000,1066.7903,10.64
1789133460000,1066.7903,10.64
1789133520000,1066.7903,10.64
1789133580000,1066.7903,10.64
1789133640000,1066.7903,10.64
1789133700000,1066.7903,10.64
1789133760000,1057.4597,11.42
1789135980000,1057.4597,11.42
1789136040000,1057.4597,11.42
1789136100000,1057.4597,11.42
1789136160000,1057.4597,11.42
1789136220000,1057.4597,11.42
1789136280000,1057.4597,11.42
1789136340000,1057.4597,11.42
1789136400000,1057.4597,11.42
1789136460000,1057.4597,11.42
1789136520000,1057.4597,11.42
1789136580000,1057.4597,11.42
1789136640000,1057.4597,11.42
1789136700000,1057.4597,11.42
1789136760000,1057.4597,11.42
1789136820000,1057.4597,11.42
1789136880000,1057.4597,11.42
1789136940000,1057.4597,11.42
1789137000000,1057.4597,11.42
1789137060000,1057.4597,11.42
1789137120000,1057.4597,11.42
1789137180000,1057.4597,11.42
1789137240000,1057.4597,11.42
1789137300000,1057.4597,11.42
1789137360000,1057.4597,11.42
1789137420000,1057.4597,11.42
1789137480000,1057.4597,11.42
1789137540000,1057.4597,11.42
1789137600000,1057.4597,11.42
1789137660000,1057.4597,11.42
1789137720000,1057.4597,11.42
1789137780000,1057.4597,11.42
1789137840000,1057.4597,11.42
1789137900000,1057.4597,11.42
1789137960000,1057.4597,11.42
1789138020000,1057.4597,11.42
1789138080000,1047.2672,12.28
1789139940000,1047.2672,12.28
1789140000000,1047.2672,12.28
1789140060000,1047.2672,12.28
1789140120000,1047.2672,12.28
1789140180000,1047.2672,12.28
1789140240000,1047.2672,12.28
1789140300000,1047.2672,12.28
1789140360000,1047.2672,12.28
1789140420000,1047.2672,12.28
1789140480000,1047.2672,12.28
1789140540000,1047.2672,12.28
1789140600000,1047.2672,12.28
1789140660000,1047.2672,12.28
1789140720000,1047.2672,12.28
1789140780000,1047.2672,12.28
1789140840000,1047.2672,12.28
1789140900000,1047.2672,12.28
1789140960000,1047.2672,12.28
1789141020000,1047.2672,12.28
1789141080000,1047.2672,12.28
1789141140000,1047.2672,12.28
1789141200000,1047.2672,12.28
1789141260000,1047.2672,12.28
1789141320000,1047.2672,12.28
1789141380000,1047.2672,12.28
1789141440000,1047.2672,12.28
1789141500000,1047.2672,12.28
1789141560000,1047.2672,12.28
1789141620000,1047.2672,12.28
1789141680000,1047.2672,12.28
1789141740000,1047.2672,12.28
1789141800000,1047.2672,12.28
1789141860000,1037.6345,13.08
1789145280000,1037.6345,13.08
1789145340000,1037.6345,13.08
1789145400000,1037.6345,13.08
1789145460000,1037.6345,13.08
1789145520000,1037.6345,13.08
1789145580000,1037.6345,13.08
1789145640000,1037.6345,13.08
1789145700000,1037.6345,13.08
1789145760000,1037.6345,13.08
1789145820000,1037.6345,13.08
1789145880000,1037.6345,13.08
1789145940000,1037.6345,13.08
1789146000000,1037.6345,13.08
1789146060000,1037.6345,13.08
1789146120000,1037.6345,13.08
1789146180000,1037.6345,13.08
1789146240000,1037.6345,13.08
1789146300000,1037.6345,13.08
1789146360000,1037.6345,13.08
1789146420000,1037.6345,13.08
1789146480000,1037.6345,13.08
1789146540000,1037.6345,13.08
1789146600000,1037.6345,13.08
1789146660000,1037.6345,13.08
1789146720000,1037.6345,13.08
1789146780000,1037.6345,13.08
1789146840000,1037.6345,13.08
1789146900000,1037.6345,13.08
1789146960000,1037.6345,13.08
1789147020000,1037.6345,13.08
1789147080000,1037.6345,13.08
1789147140000,1037.6345,13.08
1789147200000,1037.6345,13.08
1789147260000,1037.6345,13.08
1789147320000,1037.6345,13.08
1789147380000,1037.6345,13.08
1789147440000,1037.6345,13.08
1789147500000,1037.6345,13.08
1789147560000,1037.6345,13.08
1789147620000,1037.6345,13.08
1789147680000,1037.6345,13.08
1789147740000,1037.6345,13.08
1789147800000,1037.6345,13.08
1789147860000,1037.6345,13.08
1789147920000,1037.6345,13.08
1789147980000,1037.6345,13.08
1789148040000,1037.6345,13.08
1789148100000,1037.6345,13.08
1789148160000,1037.6345,13.08
1789148220000,1037.6345,13.08
1789148280000,1037.6345,13.08
1789148340000,1037.6345,13.08
1789148400000,1037.6345,13.08
1789148460000,1037.6345,13.08
1789148520000,1037.6345,13.08
1789148580000,1037.6345,13.08
1789148640000,1037.6345,13.08
1789148700000,1037.6345,13.08
1789148760000,1037.6345,13.08
1789148820000,1037.6345,13.08
1789148880000,1037.6345,13.08
1789148940000,1037.6345,13.08
1789149000000,1037.6345,13.08
1789149060000,1037.6345,13.08
1789149120000,1037.6345,13.08
1789149180000,1037.6345,13.08
1789149240000,1037.6345,13.08
1789149300000,1028.6828,13.83
1789389420000,1028.6828,13.83
1789389480000,1028.6828,13.83
1789389540000,1028.6828,13.83
1789389600000,1028.6828,13.83
1789389660000,1028.6828,13.83
1789389720000,1028.6828,13.83
1789389780000,1028.6828,13.83
1789389840000,1028.6828,13.83
1789389900000,1028.6828,13.83
1789389960000,1028.6828,13.83
1789390020000,1028.6828,13.83
1789390080000,1028.6828,13.83
1789390140000,1028.6828,13.83
1789390200000,1028.6828,13.83
1789390260000,1028.6828,13.83
1789390320000,1028.6828,13.83
1789390380000,1028.6828,13.83
1789390440000,1028.6828,13.83
1789390500000,1028.6828,13.83
1789390560000,1028.6828,13.83
1789390620000,1028.6828,13.83
1789390680000,1028.6828,13.83
1789390740000,1028.6828,13.83
1789390800000,1028.6828,13.83
1789390860000,1028.6828,13.83
1789390920000,1028.6828,13.83
1789390980000,1028.6828,13.83
1789391040000,1028.6828,13.83
1789391100000,1028.6828,13.83
1789391160000,1028.6828,13.83
1789391220000,1028.6828,13.83
1789391280000,1028.6828,13.83
1789391340000,1028.6828,13.83
1789391400000,1028.6828,13.83
1789391460000,1028.6828,13.83
1789391520000,1028.6828,13.83
1789391580000,1028.6828,13.83
1789391640000,1028.6828,13.83
1789391700000,1028.6828,13.83
1789391760000,1028.6828,13.83
1789391820000,1028.6828,13.83
1789391880000,1028.6828,13.83
1789391940000,1028.6828,13.83
1789392000000,1028.6828,13.83
1789392060000,1028.6828,13.83
1789392120000,1028.6828,13.83
1789392180000,1028.6828,13.83
1789392240000,1028.6828,13.83
1789392300000,1028.6828,13.83
1789392360000,1028.6828,13.83
1789392420000,1028.6828,13.83
1789392480000,1028.6828,13.83
1789392540000,1028.6828,13.83
1789392600000,1028.6828,13.83
1789392660000,1028.6828,13.83
1789392720000,1028.6828,13.83
1789392780000,1028.6828,13.83
1789392840000,1028.6828,13.83
1789392900000,1028.6828,13.83
1789392960000,1028.6828,13.83
1789393020000,1028.6828,13.83
1789393080000,1028.6828,13.83
1789393140000,1028.6828,13.83
1789393200000,1028.6828,13.83
1789393260000,1028.6828,13.83
1789393320000,1028.6828,13.83
1789393380000,1028.6828,13.83
1789393440000,1028.6828,13.83
1789393500000,1028.6828,13.83
1789393560000,1028.6828,13.83
1789393620000,1028.6828,13.83
1789393680000,1028.6828,13.83
1789393740000,1028.6828,13.83
1789393800000,1028.6828,13.83
1789393860000,1028.6828,13.83
1789393920000,1028.6828,13.83
1789393980000,1028.6828,13.83
1789394040000,1028.6828,13.83
1789394100000,1028.6828,13.83
1789394160000,1028.6828,13.83
1789394220000,1028.6828,13.83
1789394280000,1028.6828,13.83
1789394340000,1028.6828,13.83
1789394400000,1028.6828,13.83
1789394460000,1028.6828,13.83
1789394520000,1028.6828,13.83
1789394580000,1028.6828,13.83
1789394640000,1028.6828,13.83
1789394700000,1028.6828,13.83
1789394760000,1028.6828,13.83
1789394820000,1028.6828,13.83
1789394880000,1028.6828,13.83
1789394940000,1028.6828,13.83
1789395000000,1028.6828,13.83
1789395060000,1028.6828,13.83
1789395120000,1028.6828,13.83
1789395180000,1028.6828,13.83
1789395240000,1028.6828,13.83
1789395300000,1028.6828,13.83
1789395360000,1028.6828,13.83
1789395420000,1028.6828,13.83
1789395480000,1028.6828,13.83
1789395540000,1028.6828,13.83
1789395600000,1028.6828,13.83
1789395660000,1028.6828,13.83
1789395720000,1028.6828,13.83
1789395780000,1028.6828,13.83
1789395840000,1028.6828,13.83
1789395900000,1028.6828,13.83
1789395960000,1028.6828,13.83
1789396020000,1028.6828,13.83
1789396080000,1028.6828,13.83
1789396140000,1028.6828,13.83
1789396200000,1028.6828,13.83
1789396260000,1028.6828,13.83
1789396320000,1028.6828,13.83
1789396380000,1028.6828,13.83
1789396440000,1028.6828,13.83
1789396500000,1028.6828,13.83
1789396560000,1028.6828,13.83
1789396620000,1028.6828,13.83
1789396680000,1028.6828,13.83
1789396740000,1028.6828,13.83
1789396800000,1028.6828,13.83
1789396860000,1028.6828,13.83
1789396920000,1028.6828,13.83
1789396980000,1028.6828,13.83
1789397040000,1028.6828,13.83
1789397100000,1028.6828,13.83
1789397160000,1028.6828,13.83
1789397220000,1028.6828,13.83
1789397280000,1028.6828,13.83
1789397340000,1028.6828,13.83
1789397400000,1028.6828,13.83
1789397460000,1028.6828,13.83
1789397520000,1028.6828,13.83
1789397580000,1028.6828,13.83
1789397640000,1028.6828,13.83
1789397700000,1028.6828,13.83
1789397760000,1028.6828,13.83
1789397820000,1028.6828,13.83
1789397880000,1028.6828,13.83
1789397940000,1028.6828,13.83
1789398000000,1028.6828,13.83
1789398060000,1028.6828,13.83
1789398120000,1028.6828,13.83
1789398180000,1028.6828,13.83
1789398240000,1028.6828,13.83
1789398300000,1028.6828,13.83
1789398360000,1028.6828,13.83
1789398420000,1028.6828,13.83
1789398480000,1028.6828,13.83
1789398540000,1028.6828,13.83
1789398600000,1028.6828,13.83
1789398660000,1028.6828,13.83
1789398720000,1028.6828,13.83
1789398780000,1028.6828,13.83
1789398840000,1028.6828,13.83
1789398900000,1028.6828,13.83
1789398960000,1028.6828,13.83
1789399020000,1028.6828,13.83
1789399080000,1028.6828,13.83
1789399140000,1028.6828,13.83
1789399200000,1028.6828,13.83
1789399260000,1028.6828,13.83
1789399320000,1028.6828,13.83
1789399380000,1028.6828,13.83
1789399440000,1028.6828,13.83
1789399500000,1028.6828,13.83
1789399560000,1028.6828,13.83
1789399620000,1028.6828,13.83
1789399680000,1028.6828,13.83
1789399740000,1028.6828,13.83
1789399800000,1028.6828,13.83
1789399860000,1028.6828,13.83
1789399920000,1028.6828,13.83
1789399980000,1028.6828,13.83
1789400040000,1028.6828,13.83
1789400100000,1028.6828,13.83
1789400160000,1028.6828,13.83
1789400220000,1028.6828,13.83
1789400280000,1028.6828,13.83
1789400340000,1028.6828,13.83
1789400400000,1028.6828,13.83
1789400460000,1028.6828,13.83
1789400520000,1028.6828,13.83
1789400580000,1028.6828,13.83
1789400640000,1028.6828,13.83
1789400700000,1028.6828,13.83
1789400760000,1028.6828,13.83
1789400820000,1028.6828,13.83
1789400880000,1028.6828,13.83
1789400940000,1028.6828,13.83
1789401000000,1028.6828,13.83
1789401060000,1028.6828,13.83
1789401120000,1028.6828,13.83
1789401180000,1028.6828,13.83
1789401240000,1028.6828,13.83
1789401300000,1028.6828,13.83
1789401360000,1028.6828,13.83
1789401420000,1028.6828,13.83
1789401480000,1028.6828,13.83
1789401540000,1028.6828,13.83
1789401600000,1028.6828,13.83
1789401660000,1028.6828,13.83
1789401720000,1028.6828,13.83
1789401780000,1028.6828,13.83
1789401840000,1028.6828,13.83
1789401900000,1028.6828,13.83
1789401960000,1028.6828,13.83
1789402020000,1028.6828,13.83
1789402080000,1028.6828,13.83
1789402140000,1028.6828,13.83
1789402200000,1028.6828,13.83
1789402260000,1028.6828,13.83
1789402320000,1028.6828,13.83
1789402380000,1028.6828,13.83
1789402440000,1028.6828,13.83
1789402500000,1028.6828,13.83
1789402560000,1028.6828,13.83
1789402620000,1028.6828,13.83
1789402680000,1019.1812,14.63
1789404540000,1019.1812,14.63
1789404600000,1019.1812,14.63
1789404660000,1019.1812,14.63
1789404720000,1019.1812,14.63
1789404780000,1019.1812,14.63
1789404840000,1019.1812,14.63
1789404900000,1019.1812,14.63
1789404960000,1019.1812,14.63
1789405020000,1019.1812,14.63
1789405080000,1019.1812,14.63
1789405140000,1019.1812,14.63
1789405200000,1019.1812,14.63
1789405260000,1019.1812,14.63
1789405320000,1019.1812,14.63
1789405380000,1019.1812,14.63
1789405440000,1019.1812,14.63
1789405500000,1019.1812,14.63
1789405560000,1019.1812,14.63
1789405620000,1019.1812,14.63
1789405680000,1019.1812,14.63
1789405740000,1019.1812,14.63
1789405800000,1019.1812,14.63
1789405860000,1019.1812,14.63
1789405920000,1019.1812,14.63
1789405980000,1019.1812,14.63
1789406040000,1019.1812,14.63
1789406100000,1019.1812,14.63
1789406160000,1019.1812,14.63
1789406220000,1019.1812,14.63
1789406280000,1019.1812,14.63
1789406340000,1019.1812,14.63
1789406400000,1019.1812,14.63
1789406460000,1019.1812,14.63
1789406520000,1019.1812,14.63
1789406580000,1019.1812,14.63
1789406640000,1019.1812,14.63
1789406700000,1019.1812,14.63
1789406760000,1019.1812,14.63
1789406820000,1019.1812,14.63
1789406880000,1019.1812,14.63
1789406940000,1019.1812,14.63
1789407000000,1019.1812,14.63
1789407060000,1019.1812,14.63
1789407120000,1019.1812,14.63
1789407180000,1019.1812,14.63
1789407240000,1019.1812,14.63
1789407300000,1019.1812,14.63
1789407360000,1019.1812,14.63
1789407420000,1019.1812,14.63
1789407480000,1019.1812,14.63
1789407540000,1019.1812,14.63
1789407600000,1019.1812,14.63
1789407660000,1019.1812,14.63
1789407720000,1019.1812,14.63
1789407780000,1019.1812,14.63
1789407840000,1019.1812,14.63
1789407900000,1019.1812,14.63
1789407960000,1019.1812,14.63
1789408020000,1019.1812,14.63
1789408080000,1019.1812,14.63
1789408140000,1019.1812,14.63
1789408200000,1019.1812,14.63
1789408260000,1019.1812,14.63
1789408320000,1019.1812,14.63
1789408380000,1019.1812,14.63
1789408440000,1019.1812,14.63
1789408500000,1019.1812,14.63
1789408560000,1019.1812,14.63
1789408620000,1019.1812,14.63
1789408680000,1019.1812,14.63
1789408740000,1019.1812,14.63
1789408800000,1019.1812,14.63
1789408860000,1019.1812,14.63
1789408920000,1019.1812,14.63
1789408980000,1019.1812,14.63
1789409040000,1019.1812,14.63
1789409100000,1019.1812,14.63
1789409160000,1019.1812,14.63
1789409220000,1019.1812,14.63
1789409280000,1019.1812,14.63
1789409340000,1019.1812,14.63
1789409400000,1019.1812,14.63
1789409460000,1019.1812,14.63
1789409520000,1019.1812,14.63
1789409580000,1019.1812,14.63
1789409640000,1019.1812,14.63
1789409700000,1019.1812,14.63
1789409760000,1019.1812,14.63
1789409820000,1019.1812,14.63
1789409880000,1019.1812,14.63
1789409940000,1019.1812,14.63
1789410000000,1019.1812,14.63
1789410060000,1019.1812,14.63
1789410120000,1019.1812,14.63
1789410180000,1019.1812,14.63
1789410240000,1019.1812,14.63
1789410300000,1019.1812,14.63
1789410360000,1019.1812,14.63
1789410420000,1019.1812,14.63
1789410480000,1019.1812,14.63
1789410540000,1019.1812,14.63
1789410600000,1019.1812,14.63
1789410660000,1019.1812,14.63
1789410720000,1019.1812,14.63
1789410780000,1019.1812,14.63
1789410840000,1019.1812,14.63
1789410900000,1019.1812,14.63
1789410960000,1019.1812,14.63
1789411020000,1019.1812,14.63
1789411080000,1019.1812,14.63
1789411140000,1019.1812,14.63
1789411200000,1019.1812,14.63
1789411260000,1019.1812,14.63
1789411320000,1019.1812,14.63
1789411380000,1019.1812,14.63
1789411440000,1019.1812,14.63
1789411500000,1019.1812,14.63
1789411560000,1019.1812,14.63
1789411620000,1019.1812,14.63
1789411680000,1019.1812,14.63
1789411740000,1019.1812,14.63
1789411800000,1019.1812,14.63
1789411860000,1019.1812,14.63
1789411920000,1019.1812,14.63
1789411980000,1019.1812,14.63
1789412040000,1019.1812,14.63
1789412100000,1019.1812,14.63
1789412160000,1019.1812,14.63
1789412220000,1019.1812,14.63
1789412280000,1019.1812,14.63
1789412340000,1019.1812,14.63
1789412400000,1019.1812,14.63
1789412460000,1019.1812,14.63
1789412520000,1019.1812,14.63
1789412580000,1019.1812,14.63
1789412640000,1019.1812,14.63
1789412700000,1019.1812,14.63
1789412760000,1019.1812,14.63
1789412820000,1019.1812,14.63
1789412880000,1019.1812,14.63
1789412940000,1019.1812,14.63
1789413000000,1019.1812,14.63
1789413060000,1019.1812,14.63
1789413120000,1019.1812,14.63
1789413180000,1019.1812,14.63
1789413240000,1019.1812,14.63
1789413300000,1019.1812,14.63
1789413360000,1019.1812,14.63
1789413420000,1019.1812,14.63
1789413480000,1019.1812,14.63
1789413540000,1019.1812,14.63
1789413600000,1019.1812,14.63
1789413660000,1019.1812,14.63
1789413720000,1019.1812,14.63
1789413780000,1019.1812,14.63
1789413840000,1019.1812,14.63
1789413900000,1019.1812,14.63
1789413960000,1019.1812,14.63
1789414020000,1019.1812,14.63
1789414080000,1019.1812,14.63
1789414140000,1019.1812,14.63
1789414200000,1019.1812,14.63
1789414260000,1019.1812,14.63
1789414320000,1019.1812,14.63
1789414380000,1019.1812,14.63
1789414440000,1019.1812,14.63
1789414500000,1019.1812,14.63
1789414560000,1019.1812,14.63
1789414620000,1019.1812,14.63
1789414680000,1019.1812,14.63
1789414740000,1019.1812,14.63
1789414800000,1019.1812,14.63
1789414860000,1019.1812,14.63
1789414920000,1019.1812,14.63
1789414980000,1019.1812,14.63
1789415040000,1019.1812,14.63
1789415100000,1019.1812,14.63
1789415160000,1019.1812,14.63
1789415220000,1019.1812,14.63
1789415280000,1019.1812,14.63
1789415340000,1019.1812,14.63
1789415400000,1019.1812,14.63
1789415460000,1019.1812,14.63
1789415520000,1019.1812,14.63
1789415580000,1019.1812,14.63
1789415640000,1019.1812,14.63
1789415700000,1019.1812,14.63
1789415760000,1019.1812,14.63
1789415820000,1019.1812,14.63
1789415880000,1019.1812,14.63
1789415940000,1019.1812,14.63
1789416000000,1019.1812,14.63
1789416060000,1019.1812,14.63
1789416120000,1019.1812,14.63
1789416180000,1019.1812,14.63
1789416240000,1019.1812,14.63
1789416300000,1019.1812,14.63
1789416360000,1019.1812,14.63
1789416420000,1019.1812,14.63
1789416480000,1019.1812,14.63
1789416540000,1019.1812,14.63
1789416600000,1019.1812,14.63
1789416660000,1019.1812,14.63
1789416720000,1037.5192,13.09
1789418100000,1037.5192,13.09
1789418160000,1037.5192,13.09
1789418220000,1037.5192,13.09
1789418280000,1037.5192,13.09
1789418340000,1037.5192,13.09
1789418400000,1037.5192,13.09
1789418460000,1037.5192,13.09
1789418520000,1037.5192,13.09
1789418580000,1037.5192,13.09
1789418640000,1027.9982,13.89
1789479120000,1027.9982,13.89
1789479180000,1027.9982,13.89
1789479240000,1027.9982,13.89
1789479300000,1027.9982,13.89
1789479360000,1027.9982,13.89
1789479420000,1043.5553,12.59
1789480320000,1043.5553,12.59
1789480380000,1043.5553,12.59
1789480440000,1043.5553,12.59
1789480500000,1043.5553,12.59
1789480560000,1043.5553,12.59
1789480620000,1043.5553,12.59
1789480680000,1043.5553,12.59
1789480740000,1043.5553,12.59
1789480800000,1034.3775,13.36
1789482780000,1034.3775,13.36
1789482840000,1034.3775,13.36
1789482900000,1034.3775,13.36
1789482960000,1034.3775,13.36
1789483020000,1034.3775,13.36
1789483080000,1034.3775,13.36
1789483140000,1034.3775,13.36
1789483200000,1034.3775,13.36
1789483260000,1034.3775,13.36
1789483320000,1034.3775,13.36
1789483380000,1034.3775,13.36
1789483440000,1034.3775,13.36
1789483500000,1034.3775,13.36
1789483560000,1034.3775,13.36
1789483620000,1034.3775,13.36
1789483680000,1034.3775,13.36
1789483740000,1034.3775,13.36
1789483800000,1034.3775,13.36
1789483860000,1056.538,11.5
1789497060000,1056.538,11.5
1789497120000,1056.538,11.5
1789497180000,1056.538,11.5
1789497240000,1056.538,11.5
1789497300000,1056.538,11.5
1789497360000,1056.538,11.5
1789497420000,1079.4882,9.58
1789498620000,1079.4882,9.58
1789498680000,1079.4882,9.58
1789498740000,1079.4882,9.58
1789498800000,1079.4882,9.58
1789498860000,1079.4882,9.58
1789498920000,1079.4882,9.58
1789498980000,1079.4882,9.58
1789499040000,1079.4882,9.58
1789499100000,1079.4882,9.58
1789499160000,1079.4882,9.58
1789499220000,1079.4882,9.58
1789499280000,1079.4882,9.58
1789499340000,1079.4882,9.58
1789499400000,1079.4882,9.58
1789499460000,1079.4882,9.58
1789499520000,1079.4882,9.58
1789499580000,1079.4882,9.58
1789499640000,1079.4882,9.58
1789499700000,1079.4882,9.58
1789499760000,1079.4882,9.58
1789499820000,1079.4882,9.58
1789499880000,1079.4882,9.58
1789499940000,1079.4882,9.58
1789500000000,1079.4882,9.58
1789500060000,1079.4882,9.58
1789500120000,1079.4882,9.58
1789500180000,1079.4882,9.58
1789500240000,1079.4882,9.58
1789500300000,1079.4882,9.58
1789500360000,1079.4882,9.58
1789500420000,1079.4882,9.58
1789500480000,1079.4882,9.58
1789500540000,1079.4882,9.58
1789500600000,1079.4882,9.58
1789500660000,1079.4882,9.58
1789500720000,1079.4882,9.58
1789500780000,1079.4882,9.58
1789500840000,1079.4882,9.58
1789500900000,1079.4882,9.58
1789500960000,1079.4882,9.58
1789501020000,1079.4882,9.58
1789501080000,1079.4882,9.58
1789501140000,1079.4882,9.58
1789501200000,1079.4882,9.58
1789501260000,1079.4882,9.58
1789501320000,1079.4882,9.58
1789501380000,1079.4882,9.58
1789501440000,1079.4882,9.58
1789501500000,1079.4882,9.58
1789501560000,1079.4882,9.58
1789501620000,1079.4882,9.58
1789501680000,1079.4882,9.58
1789501740000,1079.4882,9.58
1789501800000,1079.4882,9.58
1789501860000,1079.4882,9.58
1789501920000,1079.4882,9.58
1789501980000,1079.4882,9.58
1789502040000,1079.4882,9.58
1789502100000,1079.4882,9.58
1789502160000,1079.4882,9.58
1789502220000,1079.4882,9.58
1789502280000,1079.4882,9.58
1789502340000,1079.4882,9.58
1789502400000,1079.4882,9.58
1789502460000,1079.4882,9.58
1789502520000,1079.4882,9.58
1789502580000,1079.4882,9.58
1789502640000,1079.4882,9.58
1789502700000,1079.4882,9.58
1789502760000,1079.4882,9.58
1789502820000,1079.4882,9.58
1789502880000,1079.4882,9.58
1789502940000,1079.4882,9.58
1789503000000,1079.4882,9.58
1789503060000,1079.4882,9.58
1789503120000,1079.4882,9.58
1789503180000,1079.4882,9.58
1789503240000,1079.4882,9.58
1789503300000,1079.4882,9.58
1789503360000,1079.4882,9.58
1789503420000,1079.4882,9.58
1789503480000,1079.4882,9.58
1789503540000,1079.4882,9.58
1789503600000,1079.4882,9.58
1789503660000,1079.4882,9.58
1789503720000,1079.4882,9.58
1789503780000,1079.4882,9.58
1789503840000,1079.4882,9.58
1789503900000,1079.4882,9.58
1789503960000,1079.4882,9.58
1789504020000,1079.4882,9.58
1789504080000,1079.4882,9.58
1789504140000,1079.4882,9.58
1789504200000,1079.4882,9.58
1789504260000,1079.4882,9.58
1789504320000,1079.4882,9.58
1789504380000,1079.4882,9.58
1789504440000,1079.4882,9.58
1789504500000,1079.4882,9.58
1789504560000,1079.4882,9.58
1789504620000,1079.4882,9.58
1789504680000,1079.4882,9.58
1789504740000,1079.4882,9.58
1789504800000,1079.4882,9.58
1789504860000,1079.4882,9.58
1789504920000,1079.4882,9.58
1789504980000,1079.4882,9.58
1789505040000,1079.4882,9.58
1789505100000,1079.4882,9.58
1789505160000,1079.4882,9.58
1789505220000,1079.4882,9.58
1789505280000,1079.4882,9.58
1789505340000,1079.4882,9.58
1789505400000,1079.4882,9.58
1789505460000,1079.4882,9.58
1789505520000,1079.4882,9.58
1789505580000,1079.4882,9.58
1789505640000,1079.4882,9.58
1789505700000,1079.4882,9.58
1789505760000,1079.4882,9.58
1789505820000,1079.4882,9.58
1789505880000,1079.4882,9.58
1789505940000,1079.4882,9.58
1789506000000,1079.4882,9.58
1789506060000,1079.4882,9.58
1789506120000,1079.4882,9.58
1789506180000,1079.4882,9.58
1789506240000,1079.4882,9.58
1789506300000,1079.4882,9.58
1789506360000,1079.4882,9.58
1789506420000,1079.4882,9.58
1789506480000,1079.4882,9.58
1789506540000,1079.4882,9.58
1789506600000,1079.4882,9.58
1789506660000,1079.4882,9.58
1789506720000,1079.4882,9.58
1789506780000,1079.4882,9.58
1789506840000,1079.4882,9.58
1789506900000,1079.4882,9.58
1789506960000,1079.4882,9.58
1789507020000,1079.4882,9.58
1789507080000,1079.4882,9.58
1789507140000,1079.4882,9.58
1789507200000,1079.4882,9.58
1789507260000,1079.4882,9.58
1789507320000,1079.4882,9.58
1789507380000,1079.4882,9.58
1789507440000,1079.4882,9.58
1789507500000,1079.4882,9.58
1789507560000,1079.4882,9.58
1789507620000,1079.4882,9.58
1789507680000,1079.4882,9.58
1789507740000,1079.4882,9.58
1789507800000,1079.4882,9.58
1789507860000,1079.4882,9.58
1789507920000,1079.4882,9.58
1789507980000,1079.4882,9.58
1789508040000,1079.4882,9.58
1789508100000,1079.4882,9.58
1789508160000,1079.4882,9.58
1789508220000,1079.4882,9.58
1789508280000,1079.4882,9.58
1789508340000,1079.4882,9.58
1789508400000,1079.4882,9.58
1789508460000,1079.4882,9.58
1789508520000,1079.4882,9.58
1789508580000,1079.4882,9.58
1789508640000,1079.4882,9.58
1789508700000,1079.4882,9.58
1789508760000,1079.4882,9.58
1789508820000,1079.4882,9.58
1789508880000,1079.4882,9.58
1789508940000,1079.4882,9.58
1789509000000,1079.4882,9.58
1789509060000,1079.4882,9.58
1789509120000,1079.4882,9.58
1789509180000,1079.4882,9.58
1789509240000,1079.4882,9.58
1789509300000,1079.4882,9.58
1789509360000,1079.4882,9.58
1789509420000,1079.4882,9.58
1789509480000,1079.4882,9.58
1789509540000,1079.4882,9.58
1789509600000,1079.4882,9.58
1789509660000,1079.4882,9.58
1789509720000,1079.4882,9.58
1789509780000,1079.4882,9.58
1789509840000,1079.4882,9.58
1789509900000,1079.4882,9.58
1789509960000,1079.4882,9.58
1789510020000,1079.4882,9.58
1789510080000,1079.4882,9.58
1789510140000,1079.4882,9.58
1789510200000,1079.4882,9.58
1789510260000,1079.4882,9.58
1789510320000,1079.4882,9.58
1789510380000,1079.4882,9.58
1789510440000,1079.4882,9.58
1789510500000,1079.4882,9.58
1789510560000,1079.4882,9.58
1789510620000,1079.4882,9.58
1789510680000,1079.4882,9.58
1789510740000,1079.4882,9.58
1789510800000,1079.4882,9.58
1789510860000,1079.4882,9.58
1789510920000,1079.4882,9.58
1789510980000,1079.4882,9.58
1789511040000,1079.4882,9.58
1789511100000,1079.4882,9.58
1789511160000,1079.4882,9.58
1789511220000,1079.4882,9.58
1789511280000,1079.4882,9.58
1789511340000,1079.4882,9.58
1789511400000,1079.4882,9.58
1789511460000,1079.4882,9.58
1789511520000,1079.4882,9.58
1789511580000,1079.4882,9.58
1789511640000,1079.4882,9.58
1789511700000,1079.4882,9.58
1789511760000,1079.4882,9.58
1789511820000,1079.4882,9.58
1789511880000,1079.4882,9.58
1789511940000,1079.4882,9.58
1789512000000,1079.4882,9.58
1789512060000,1079.4882,9.58
1789512120000,1079.4882,9.58
1789512180000,1079.4882,9.58
1789512240000,1079.4882,9.58
1789512300000,1079.4882,9.58
1789512360000,1079.4882,9.58
1789512420000,1079.4882,9.58
1789512480000,1079.4882,9.58
1789512540000,1079.4882,9.58
1789512600000,1079.4882,9.58
1789512660000,1079.4882,9.58
1789512720000,1079.4882,9.58
1789512780000,1079.4882,9.58
1789512840000,1079.4882,9.58
1789512900000,1079.4882,9.58
1789512960000,1079.4882,9.58
1789513020000,1079.4882,9.58
1789513080000,1079.4882,9.58
1789513140000,1079.4882,9.58
1789513200000,1079.4882,9.58
1789513260000,1079.4882,9.58
1789513320000,1079.4882,9.58
1789513380000,1079.4882,9.58
1789513440000,1079.4882,9.58
1789513500000,1079.4882,9.58
1789513560000,1079.4882,9.58
1789513620000,1079.4882,9.58
1789513680000,1079.4882,9.58
1789513740000,1079.4882,9.58
1789513800000,1079.4882,9.58
1789513860000,1079.4882,9.58
1789513920000,1079.4882,9.58
1789513980000,1079.4882,9.58
1789514040000,1079.4882,9.58
1789514100000,1079.4882,9.58
1789514160000,1079.4882,9.58
1789514220000,1079.4882,9.58
1789514280000,1079.4882,9.58
1789514340000,1079.4882,9.58
1789514400000,1079.4882,9.58
1789514460000,1079.4882,9.58
1789514520000,1079.4882,9.58
1789514580000,1079.4882,9.58
1789514640000,1079.4882,9.58
1789514700000,1079.4882,9.58
1789514760000,1079.4882,9.58
1789514820000,1079.4882,9.58
1789514880000,1079.4882,9.58
1789514940000,1079.4882,9.58
1789515000000,1079.4882,9.58
1789515060000,1079.4882,9.58
1789515120000,1079.4882,9.58
1789515180000,1079.4882,9.58
1789515240000,1079.4882,9.58
1789515300000,1079.4882,9.58
1789515360000,1079.4882,9.58
1789515420000,1079.4882,9.58
1789515480000,1079.4882,9.58
1789515540000,1079.4882,9.58
1789515600000,1079.4882,9.58
1789515660000,1079.4882,9.58
1789515720000,1079.4882,9.58
1789515780000,1079.4882,9.58
1789515840000,1079.4882,9.58
1789515900000,1079.4882,9.58
1789515960000,1079.4882,9.58
1789516020000,1079.4882,9.58
1789516080000,1079.4882,9.58
1789516140000,1079.4882,9.58
1789516200000,1079.4882,9.58
1789516260000,1079.4882,9.58
1789516320000,1079.4882,9.58
1789516380000,1079.4882,9.58
1789516440000,1079.4882,9.58
1789516500000,1079.4882,9.58
1789516560000,1079.4882,9.58
1789516620000,1079.4882,9.58
1789516680000,1079.4882,9.58
1789516740000,1079.4882,9.58
1789516800000,1079.4882,9.58
1789516860000,1079.4882,9.58
1789516920000,1079.4882,9.58
1789516980000,1079.4882,9.58
1789517040000,1079.4882,9.58
1789517100000,1079.4882,9.58
1789517160000,1079.4882,9.58
1789517220000,1079.4882,9.58
1789517280000,1079.4882,9.58
1789517340000,1079.4882,9.58
1789517400000,1079.4882,9.58
1789517460000,1079.4882,9.58
1789517520000,1079.4882,9.58
1789517580000,1079.4882,9.58
1789517640000,1079.4882,9.58
1789517700000,1079.4882,9.58
1789517760000,1079.4882,9.58
1789517820000,1079.4882,9.58
1789517880000,1079.4882,9.58
1789517940000,1079.4882,9.58
1789518000000,1079.4882,9.58
1789518060000,1079.4882,9.58
1789518120000,1079.4882,9.58
1789518180000,1079.4882,9.58
1789518240000,1079.4882,9.58
1789518300000,1079.4882,9.58
1789518360000,1079.4882,9.58
1789518420000,1079.4882,9.58
1789518480000,1079.4882,9.58
1789518540000,1079.4882,9.58
1789518600000,1079.4882,9.58
1789518660000,1079.4882,9.58
1789518720000,1079.4882,9.58
1789518780000,1079.4882,9.58
1789518840000,1079.4882,9.58
1789518900000,1079.4882,9.58
1789518960000,1079.4882,9.58
1789519020000,1079.4882,9.58
1789519080000,1079.4882,9.58
1789519140000,1079.4882,9.58
1789519200000,1079.4882,9.58
1789519260000,1079.4882,9.58
1789519320000,1079.4882,9.58
1789519380000,1079.4882,9.58
1789519440000,1079.4882,9.58
1789519500000,1079.4882,9.58
1789519560000,1079.4882,9.58
1789519620000,1079.4882,9.58
1789519680000,1079.4882,9.58
1789519740000,1079.4882,9.58
1789519800000,1079.4882,9.58
1789519860000,1079.4882,9.58
1789519920000,1079.4882,9.58
1789519980000,1079.4882,9.58
1789520040000,1079.4882,9.58
1789520100000,1079.4882,9.58
1789520160000,1079.4882,9.58
1789520220000,1079.4882,9.58
1789520280000,1079.4882,9.58
1789520340000,1079.4882,9.58
1789520400000,1079.4882,9.58
1789520460000,1079.4882,9.58
1789520520000,1079.4882,9.58
1789520580000,1079.4882,9.58
1789520640000,1079.4882,9.58
1789520700000,1079.4882,9.58
1789520760000,1079.4882,9.58
1789520820000,1079.4882,9.58
1789520880000,1079.4882,9.58
1789520940000,1079.4882,9.58
1789521000000,1079.4882,9.58
1789521060000,1079.4882,9.58
1789521120000,1079.4882,9.58
1789521180000,1079.4882,9.58
1789521240000,1079.4882,9.58
1789521300000,1079.4882,9.58
1789521360000,1079.4882,9.58
1789521420000,1079.4882,9.58
1789521480000,1079.4882,9.58
1789521540000,1079.4882,9.58
1789521600000,1079.4882,9.58
1789521660000,1079.4882,9.58
1789521720000,1079.4882,9.58
1789521780000,1079.4882,9.58
1789521840000,1079.4882,9.58
1789521900000,1079.4882,9.58
1789521960000,1079.4882,9.58
1789522020000,1079.4882,9.58
1789522080000,1079.4882,9.58
1789522140000,1079.4882,9.58
1789522200000,1079.4882,9.58
1789522260000,1079.4882,9.58
1789522320000,1079.4882,9.58
1789522380000,1079.4882,9.58
1789522440000,1079.4882,9.58
1789522500000,1079.4882,9.58
1789522560000,1079.4882,9.58
1789522620000,1079.4882,9.58
1789522680000,1079.4882,9.58
1789522740000,1079.4882,9.58
1789522800000,1079.4882,9.58
1789522860000,1079.4882,9.58
1789522920000,1079.4882,9.58
1789522980000,1079.4882,9.58
1789523040000,1079.4882,9.58
1789523100000,1079.4882,9.58
1789523160000,1079.4882,9.58
1789523220000,1079.4882,9.58
1789523280000,1079.4882,9.58
1789523340000,1079.4882,9.58
1789523400000,1079.4882,9.58
1789523460000,1079.4882,9.58
1789523520000,1079.4882,9.58
1789523580000,1079.4882,9.58
1789523640000,1079.4882,9.58
1789523700000,1079.4882,9.58
1789523760000,1079.4882,9.58
1789523820000,1079.4882,9.58
1789523880000,1079.4882,9.58
1789523940000,1079.4882,9.58
1789524000000,1079.4882,9.58
1789524060000,1079.4882,9.58
1789524120000,1079.4882,9.58
1789524180000,1079.4882,9.58
1789524240000,1079.4882,9.58
1789524300000,1079.4882,9.58
1789524360000,1079.4882,9.58
1789524420000,1079.4882,9.58
1789524480000,1079.4882,9.58
1789524540000,1079.4882,9.58
1789524600000,1079.4882,9.58
1789524660000,1079.4882,9.58
1789524720000,1079.4882,9.58
1789524780000,1079.4882,9.58
1789524840000,1079.4882,9.58
1789524900000,1079.4882,9.58
1789524960000,1079.4882,9.58
1789525020000,1079.4882,9.58
1789525080000,1079.4882,9.58
1789525140000,1079.4882,9.58
1789525200000,1079.4882,9.58
1789525260000,1079.4882,9.58
1789525320000,1079.4882,9.58
1789525380000,1079.4882,9.58
1789525440000,1079.4882,9.58
1789525500000,1079.4882,9.58
1789525560000,1079.4882,9.58
1789525620000,1079.4882,9.58
1789525680000,1079.4882,9.58
1789525740000,1079.4882,9.58
1789525800000,1079.4882,9.58
1789525860000,1079.4882,9.58
1789525920000,1079.4882,9.58
1789525980000,1079.4882,9.58
1789526040000,1079.4882,9.58
1789526100000,1079.4882,9.58
1789526160000,1079.4882,9.58
1789526220000,1079.4882,9.58
1789526280000,1079.4882,9.58
1789526340000,1079.4882,9.58
1789526400000,1079.4882,9.58
1789526460000,1079.4882,9.58
1789526520000,1079.4882,9.58
1789526580000,1079.4882,9.58
1789526640000,1079.4882,9.58
1789526700000,1079.4882,9.58
1789526760000,1079.4882,9.58
1789526820000,1079.4882,9.58
1789526880000,1079.4882,9.58
1789526940000,1079.4882,9.58
1789527000000,1079.4882,9.58
1789527060000,1079.4882,9.58
1789527120000,1079.4882,9.58
1789527180000,1079.4882,9.58
1789527240000,1079.4882,9.58
1789527300000,1079.4882,9.58
1789527360000,1079.4882,9.58
1789527420000,1079.4882,9.58
1789527480000,1079.4882,9.58
1789527540000,1079.4882,9.58
1789527600000,1079.4882,9.58
1789527660000,1079.4882,9.58
1789527720000,1079.4882,9.58
1789527780000,1079.4882,9.58
1789527840000,1079.4882,9.58
1789527900000,1079.4882,9.58
1789527960000,1079.4882,9.58
1789528020000,1079.4882,9.58
1789528080000,1079.4882,9.58
1789528140000,1079.4882,9.58
1789528200000,1079.4882,9.58
1789528260000,1079.4882,9.58
1789528320000,1079.4882,9.58
1789528380000,1079.4882,9.58
1789528440000,1079.4882,9.58
1789528500000,1079.4882,9.58
1789528560000,1079.4882,9.58
1789528620000,1079.4882,9.58
1789528680000,1079.4882,9.58
1789528740000,1079.4882,9.58
1789528800000,1079.4882,9.58
1789528860000,1079.4882,9.58
1789528920000,1079.4882,9.58
1789528980000,1079.4882,9.58
1789529040000,1079.4882,9.58
1789529100000,1079.4882,9.58
1789529160000,1079.4882,9.58
1789529220000,1079.4882,9.58
1789529280000,1079.4882,9.58
1789529340000,1079.4882,9.58
1789529400000,1079.4882,9.58
1789529460000,1079.4882,9.58
1789529520000,1079.4882,9.58
1789529580000,1079.4882,9.58
1789529640000,1079.4882,9.58
1789529700000,1079.4882,9.58
1789529760000,1079.4882,9.58
1789529820000,1079.4882,9.58
1789529880000,1079.4882,9.58
1789529940000,1079.4882,9.58
1789530000000,1079.4882,9.58
1789530060000,1079.4882,9.58
1789530120000,1079.4882,9.58
1789530180000,1079.4882,9.58
1789530240000,1079.4882,9.58
1789530300000,1079.4882,9.58
1789530360000,1079.4882,9.58
1789530420000,1079.4882,9.58
1789530480000,1079.4882,9.58
1789530540000,1079.4882,9.58
1789530600000,1079.4882,9.58
1789530660000,1079.4882,9.58
1789530720000,1079.4882,9.58
1789530780000,1079.4882,9.58
1789530840000,1079.4882,9.58
1789530900000,1079.4882,9.58
1789530960000,1079.4882,9.58
1789531020000,1079.4882,9.58
1789531080000,1079.4882,9.58
1789531140000,1079.4882,9.58
1789531200000,1079.4882,9.58
1789531260000,1079.4882,9.58
1789531320000,1079.4882,9.58
1789531380000,1079.4882,9.58
1789531440000,1079.4882,9.58
1789531500000,1079.4882,9.58
1789531560000,1079.4882,9.58
1789531620000,1079.4882,9.58
1789531680000,1079.4882,9.58
1789531740000,1079.4882,9.58
1789531800000,1079.4882,9.58
1789531860000,1079.4882,9.58
1789531920000,1079.4882,9.58
1789531980000,1079.4882,9.58
1789532040000,1079.4882,9.58
1789532100000,1079.4882,9.58
1789532160000,1079.4882,9.58
1789532220000,1079.4882,9.58
1789532280000,1079.4882,9.58
1789532340000,1079.4882,9.58
1789532400000,1079.4882,9.58
1789532460000,1079.4882,9.58
1789532520000,1079.4882,9.58
1789532580000,1079.4882,9.58
1789532640000,1079.4882,9.58
1789532700000,1079.4882,9.58
1789532760000,1079.4882,9.58
1789532820000,1079.4882,9.58
1789532880000,1079.4882,9.58
1789532940000,1079.4882,9.58
1789533000000,1079.4882,9.58
1789533060000,1079.4882,9.58
1789533120000,1079.4882,9.58
1789533180000,1079.4882,9.58
1789533240000,1079.4882,9.58
1789533300000,1079.4882,9.58
1789533360000,1079.4882,9.58
1789533420000,1079.4882,9.58
1789533480000,1079.4882,9.58
1789533540000,1079.4882,9.58
1789533600000,1079.4882,9.58
1789533660000,1079.4882,9.58
1789533720000,1079.4882,9.58
1789533780000,1079.4882,9.58
1789533840000,1079.4882,9.58
1789533900000,1079.4882,9.58
1789533960000,1079.4882,9.58
1789534020000,1079.4882,9.58
1789534080000,1079.4882,9.58
1789534140000,1079.4882,9.58
1789534200000,1079.4882,9.58
1789534260000,1079.4882,9.58
1789534320000,1079.4882,9.58
1789534380000,1079.4882,9.58
1789534440000,1079.4882,9.58
1789534500000,1079.4882,9.58
1789534560000,1079.4882,9.58
1789534620000,1079.4882,9.58
1789534680000,1079.4882,9.58
1789534740000,1079.4882,9.58
1789534800000,1079.4882,9.58
1789534860000,1079.4882,9.58
1789534920000,1079.4882,9.58
1789534980000,1079.4882,9.58
1789535040000,1079.4882,9.58
1789535100000,1079.4882,9.58
1789535160000,1079.4882,9.58
1789535220000,1079.4882,9.58
1789535280000,1079.4882,9.58
1789535340000,1079.4882,9.58
1789535400000,1079.4882,9.58
1789535460000,1079.4882,9.58
1789535520000,1079.4882,9.58
1789535580000,1079.4882,9.58
1789535640000,1079.4882,9.58
1789535700000,1079.4882,9.58
1789535760000,1079.4882,9.58
1789535820000,1079.4882,9.58
1789535880000,1079.4882,9.58
1789535940000,1079.4882,9.58
1789536000000,1079.4882,9.58
1789536060000,1079.4882,9.58
1789536120000,1079.4882,9.58
1789536180000,1079.4882,9.58
1789536240000,1079.4882,9.58
1789536300000,1079.4882,9.58
1789536360000,1079.4882,9.58
1789536420000,1079.4882,9.58
1789536480000,1079.4882,9.58
1789536540000,1079.4882,9.58
1789536600000,1079.4882,9.58
1789536660000,1079.4882,9.58
1789536720000,1079.4882,9.58
1789536780000,1079.4882,9.58
1789536840000,1079.4882,9.58
1789536900000,1079.4882,9.58
1789536960000,1079.4882,9.58
1789537020000,1079.4882,9.58
1789537080000,1079.4882,9.58
1789537140000,1079.4882,9.58
1789537200000,1079.4882,9.58
1789537260000,1079.4882,9.58
1789537320000,1079.4882,9.58
1789537380000,1079.4882,9.58
1789537440000,1079.4882,9.58
1789537500000,1079.4882,9.58
1789537560000,1079.4882,9.58
1789537620000,1079.4882,9.58
1789537680000,1079.4882,9.58
1789537740000,1079.4882,9.58
1789537800000,1079.4882,9.58
1789537860000,1079.4882,9.58
1789537920000,1079.4882,9.58
1789537980000,1079.4882,9.58
1789538040000,1079.4882,9.58
1789538100000,1079.4882,9.58
1789538160000,1079.4882,9.58
1789538220000,1079.4882,9.58
1789538280000,1079.4882,9.58
1789538340000,1079.4882,9.58
1789538400000,1079.4882,9.58
1789538460000,1079.4882,9.58
1789538520000,1079.4882,9.58
1789538580000,1079.4882,9.58
1789538640000,1079.4882,9.58
1789538700000,1079.4882,9.58
1789538760000,1079.4882,9.58
1789538820000,1079.4882,9.58
1789538880000,1079.4882,9.58
1789538940000,1079.4882,9.58
1789539000000,1079.4882,9.58
1789539060000,1079.4882,9.58
1789539120000,1079.4882,9.58
1789539180000,1079.4882,9.58
1789539240000,1079.4882,9.58
1789539300000,1079.4882,9.58
1789539360000,1079.4882,9.58
1789539420000,1079.4882,9.58
1789539480000,1079.4882,9.58
1789539540000,1079.4882,9.58
1789539600000,1079.4882,9.58
1789539660000,1079.4882,9.58
1789539720000,1079.4882,9.58
1789539780000,1079.4882,9.58
1789539840000,1079.4882,9.58
1789539900000,1079.4882,9.58
1789539960000,1079.4882,9.58
1789540020000,1079.4882,9.58
1789540080000,1079.4882,9.58
1789540140000,1079.4882,9.58
1789540200000,1079.4882,9.58
1789540260000,1079.4882,9.58
1789540320000,1079.4882,9.58
1789540380000,1079.4882,9.58
1789540440000,1079.4882,9.58
1789540500000,1079.4882,9.58
1789540560000,1079.4882,9.58
1789540620000,1079.4882,9.58
1789540680000,1079.4882,9.58
1789540740000,1079.4882,9.58
1789540800000,1079.4882,9.58
1789540860000,1079.4882,9.58
1789540920000,1079.4882,9.58
1789540980000,1079.4882,9.58
1789541040000,1079.4882,9.58
1789541100000,1079.4882,9.58
1789541160000,1079.4882,9.58
1789541220000,1079.4882,9.58
1789541280000,1079.4882,9.58
1789541340000,1079.4882,9.58
1789541400000,1079.4882,9.58
1789541460000,1079.4882,9.58
1789541520000,1079.4882,9.58
1789541580000,1079.4882,9.58
1789541640000,1079.4882,9.58
1789541700000,1079.4882,9.58
1789541760000,1079.4882,9.58
1789541820000,1079.4882,9.58
1789541880000,1079.4882,9.58
1789541940000,1079.4882,9.58
1789542000000,1079.4882,9.58
1789542060000,1079.4882,9.58
1789542120000,1079.4882,9.58
1789542180000,1079.4882,9.58
1789542240000,1079.4882,9.58
1789542300000,1079.4882,9.58
1789542360000,1079.4882,9.58
1789542420000,1079.4882,9.58
1789542480000,1079.4882,9.58
1789542540000,1079.4882,9.58
1789542600000,1079.4882,9.58
1789542660000,1079.4882,9.58
1789542720000,1079.4882,9.58
1789542780000,1079.4882,9.58
1789542840000,1079.4882,9.58
1789542900000,1079.4882,9.58
1789542960000,1079.4882,9.58
1789543020000,1079.4882,9.58
1789543080000,1079.4882,9.58
1789543140000,1079.4882,9.58
1789543200000,1079.4882,9.58
1789543260000,1079.4882,9.58
1789543320000,1079.4882,9.58
1789543380000,1079.4882,9.58
1789543440000,1079.4882,9.58
1789543500000,1079.4882,9.58
1789543560000,1079.4882,9.58
1789543620000,1079.4882,9.58
1789543680000,1079.4882,9.58
1789543740000,1079.4882,9.58
1789543800000,1079.4882,9.58
1789543860000,1079.4882,9.58
1789543920000,1079.4882,9.58
1789543980000,1079.4882,9.58
1789544040000,1079.4882,9.58
1789544100000,1079.4882,9.58
1789544160000,1079.4882,9.58
1789544220000,1079.4882,9.58
1789544280000,1079.4882,9.58
1789544340000,1079.4882,9.58
1789544400000,1079.4882,9.58
1789544460000,1079.4882,9.58
1789544520000,1079.4882,9.58
1789544580000,1079.4882,9.58
1789544640000,1079.4882,9.58
1789544700000,1079.4882,9.58
1789544760000,1079.4882,9.58
1789544820000,1079.4882,9.58
1789544880000,1079.4882,9.58
1789544940000,1079.4882,9.58
1789545000000,1079.4882,9.58
1789545060000,1079.4882,9.58
1789545120000,1079.4882,9.58
1789545180000,1079.4882,9.58
1789545240000,1079.4882,9.58
1789545300000,1079.4882,9.58
1789545360000,1079.4882,9.58
1789545420000,1079.4882,9.58
1789545480000,1079.4882,9.58
1789545540000,1079.4882,9.58
1789545600000,1079.4882,9.58
1789545660000,1079.4882,9.58
1789545720000,1079.4882,9.58
1789545780000,1079.4882,9.58
1789545840000,1079.4882,9.58
1789545900000,1079.4882,9.58
1789545960000,1079.4882,9.58
1789546020000,1079.4882,9.58
1789546080000,1079.4882,9.58
1789546140000,1079.4882,9.58
1789546200000,1079.4882,9.58
1789546260000,1079.4882,9.58
1789546320000,1079.4882,9.58
1789546380000,1079.4882,9.58
1789546440000,1079.4882,9.58
1789546500000,1079.4882,9.58
1789546560000,1079.4882,9.58
1789546620000,1079.4882,9.58
1789546680000,1079.4882,9.58
1789546740000,1079.4882,9.58
1789546800000,1079.4882,9.58
1789546860000,1079.4882,9.58
1789546920000,1079.4882,9.58
1789546980000,1079.4882,9.58
1789547040000,1079.4882,9.58
1789547100000,1079.4882,9.58
1789547160000,1079.4882,9.58
1789547220000,1079.4882,9.58
1789547280000,1079.4882,9.58
1789547340000,1079.4882,9.58
1789547400000,1079.4882,9.58
1789547460000,1079.4882,9.58
1789547520000,1079.4882,9.58
1789547580000,1079.4882,9.58
1789547640000,1079.4882,9.58
1789547700000,1079.4882,9.58
1789547760000,1079.4882,9.58
1789547820000,1079.4882,9.58
1789547880000,1079.4882,9.58
1789547940000,1079.4882,9.58
1789548000000,1079.4882,9.58
1789548060000,1079.4882,9.58
1789548120000,1079.4882,9.58
1789548180000,1079.4882,9.58
1789548240000,1079.4882,9.58
1789548300000,1079.4882,9.58
1789548360000,1079.4882,9.58
1789548420000,1079.4882,9.58
1789548480000,1079.4882,9.58
1789548540000,1079.4882,9.58
1789548600000,1079.4882,9.58
1789548660000,1079.4882,9.58
1789548720000,1079.4882,9.58
1789548780000,1079.4882,9.58
1789548840000,1079.4882,9.58
1789548900000,1079.4882,9.58
1789548960000,1079.4882,9.58
1789549020000,1079.4882,9.58
1789549080000,1079.4882,9.58
1789549140000,1079.4882,9.58
1789549200000,1079.4882,9.58
1789549260000,1079.4882,9.58
1789549320000,1079.4882,9.58
1789549380000,1079.4882,9.58
1789549440000,1079.4882,9.58
1789549500000,1079.4882,9.58
1789549560000,1079.4882,9.58
1789549620000,1079.4882,9.58
1789549680000,1079.4882,9.58
1789549740000,1079.4882,9.58
1789549800000,1079.4882,9.58
1789549860000,1079.4882,9.58
1789549920000,1079.4882,9.58
1789549980000,1079.4882,9.58
1789550040000,1079.4882,9.58
1789550100000,1079.4882,9.58
1789550160000,1079.4882,9.58
1789550220000,1079.4882,9.58
1789550280000,1079.4882,9.58
1789550340000,1079.4882,9.58
1789550400000,1079.4882,9.58
1789550460000,1079.4882,9.58
1789550520000,1079.4882,9.58
1789550580000,1079.4882,9.58
1789550640000,1079.4882,9.58
1789550700000,1079.4882,9.58
1789550760000,1079.4882,9.58
1789550820000,1079.4882,9.58
1789550880000,1079.4882,9.58
1789550940000,1079.4882,9.58
1789551000000,1079.4882,9.58
1789551060000,1079.4882,9.58
1789551120000,1079.4882,9.58
1789551180000,1079.4882,9.58
1789551240000,1079.4882,9.58
1789551300000,1079.4882,9.58
1789551360000,1079.4882,9.58
1789551420000,1079.4882,9.58
1789551480000,1079.4882,9.58
1789551540000,1079.4882,9.58
1789551600000,1079.4882,9.58
1789551660000,1079.4882,9.58
1789551720000,1079.4882,9.58
1789551780000,1079.4882,9.58
1789551840000,1079.4882,9.58
1789551900000,1079.4882,9.58
1789551960000,1079.4882,9.58
1789552020000,1079.4882,9.58
1789552080000,1079.4882,9.58
1789552140000,1079.4882,9.58
1789552200000,1079.4882,9.58
1789552260000,1079.4882,9.58
1789552320000,1079.4882,9.58
1789552380000,1079.4882,9.58
1789552440000,1079.4882,9.58
1789552500000,1079.4882,9.58
1789552560000,1079.4882,9.58
1789552620000,1079.4882,9.58
1789552680000,1079.4882,9.58
1789552740000,1079.4882,9.58
1789552800000,1079.4882,9.58
1789552860000,1079.4882,9.58
1789552920000,1079.4882,9.58
1789552980000,1079.4882,9.58
1789553040000,1079.4882,9.58
1789553100000,1079.4882,9.58
1789553160000,1079.4882,9.58
1789553220000,1079.4882,9.58
1789553280000,1079.4882,9.58
1789553340000,1079.4882,9.58
1789553400000,1079.4882,9.58
1789553460000,1079.4882,9.58
1789553520000,1079.4882,9.58
1789553580000,1079.4882,9.58
1789553640000,1079.4882,9.58
1789553700000,1079.4882,9.58
1789553760000,1079.4882,9.58
1789553820000,1079.4882,9.58
1789553880000,1079.4882,9.58
1789553940000,1079.4882,9.58
1789554000000,1079.4882,9.58
1789554060000,1079.4882,9.58
1789554120000,1079.4882,9.58
1789554180000,1079.4882,9.58
1789554240000,1079.4882,9.58
1789554300000,1079.4882,9.58
1789554360000,1079.4882,9.58
1789554420000,1079.4882,9.58
1789554480000,1079.4882,9.58
1789554540000,1079.4882,9.58
1789554600000,1079.4882,9.58
1789554660000,1079.4882,9.58
1789554720000,1079.4882,9.58
1789554780000,1079.4882,9.58
1789554840000,1079.4882,9.58
1789554900000,1079.4882,9.58
1789554960000,1079.4882,9.58
1789555020000,1079.4882,9.58
1789555080000,1079.4882,9.58
1789555140000,1079.4882,9.58
1789555200000,1079.4882,9.58
1789555260000,1079.4882,9.58
1789555320000,1079.4882,9.58
1789555380000,1079.4882,9.58
1789555440000,1079.4882,9.58
1789555500000,1079.4882,9.58
1789555560000,1079.4882,9.58
1789555620000,1079.4882,9.58
1789555680000,1079.4882,9.58
1789555740000,1079.4882,9.58
1789555800000,1079.4882,9.58
1789555860000,1079.4882,9.58
1789555920000,1079.4882,9.58
1789555980000,1079.4882,9.58
1789556040000,1079.4882,9.58
1789556100000,1079.4882,9.58
1789556160000,1079.4882,9.58
1789556220000,1079.4882,9.58
1789556280000,1079.4882,9.58
1789556340000,1079.4882,9.58
1789556400000,1079.4882,9.58
1789556460000,1079.4882,9.58
1789556520000,1079.4882,9.58
1789556580000,1079.4882,9.58
1789556640000,1079.4882,9.58
1789556700000,1079.4882,9.58
1789556760000,1079.4882,9.58
1789556820000,1079.4882,9.58
1789556880000,1079.4882,9.58
1789556940000,1079.4882,9.58
1789557000000,1079.4882,9.58
1789557060000,1079.4882,9.58
1789557120000,1079.4882,9.58
1789557180000,1079.4882,9.58
1789557240000,1079.4882,9.58
1789557300000,1079.4882,9.58
1789557360000,1079.4882,9.58
1789557420000,1079.4882,9.58
1789557480000,1079.4882,9.58
1789557540000,1079.4882,9.58
1789557600000,1079.4882,9.58
1789557660000,1079.4882,9.58
1789557720000,1079.4882,9.58
1789557780000,1079.4882,9.58
1789557840000,1079.4882,9.58
1789557900000,1079.4882,9.58
1789557960000,1079.4882,9.58
1789558020000,1079.4882,9.58
1789558080000,1079.4882,9.58
1789558140000,1079.4882,9.58
1789558200000,1079.4882,9.58
1789558260000,1079.4882,9.58
1789558320000,1079.4882,9.58
1789558380000,1079.4882,9.58
1789558440000,1079.4882,9.58
1789558500000,1079.4882,9.58
1789558560000,1079.4882,9.58
1789558620000,1079.4882,9.58
1789558680000,1079.4882,9.58
1789558740000,1079.4882,9.58
1789558800000,1079.4882,9.58
1789558860000,1079.4882,9.58
1789558920000,1070.3757,10.34
1789567440000,1070.3757,10.34
1789567500000,1070.3757,10.34
1789567560000,1070.3757,10.34
1789567620000,1070.3757,10.34
1789567680000,1070.3757,10.34
1789567740000,1070.3757,10.34
1789567800000,1070.3757,10.34
1789567860000,1070.3757,10.34
1789567920000,1070.3757,10.34
1789567980000,1070.3757,10.34
1789568040000,1070.3757,10.34
1789568100000,1070.3757,10.34
1789568160000,1070.3757,10.34
1789568220000,1070.3757,10.34
1789568280000,1070.3757,10.34
1789568340000,1070.3757,10.34
1789568400000,1070.3757,10.34
1789568460000,1070.3757,10.34
1789568520000,1070.3757,10.34
1789568580000,1070.3757,10.34
1789568640000,1070.3757,10.34
1789568700000,1070.3757,10.34
1789568760000,1070.3757,10.34
1789568820000,1070.3757,10.34
1789568880000,1070.3757,10.34
1789568940000,1070.3757,10.34
1789569000000,1070.3757,10.34
1789569060000,1070.3757,10.34
1789569120000,1070.3757,10.34
1789569180000,1070.3757,10.34
1789569240000,1070.3757,10.34
1789569300000,1070.3757,10.34
1789569360000,1070.3757,10.34
1789569420000,1070.3757,10.34
1789569480000,1070.3757,10.34
1789569540000,1070.3757,10.34
1789569600000,1070.3757,10.34
1789569660000,1070.3757,10.34
1789569720000,1070.3757,10.34
1789569780000,1070.3757,10.34
1789569840000,1070.3757,10.34
1789569900000,1070.3757,10.34
1789569960000,1070.3757,10.34
1789570020000,1070.3757,10.34
1789570080000,1070.3757,10.34
1789570140000,1070.3757,10.34
1789570200000,1070.3757,10.34
1789570260000,1070.3757,10.34
1789570320000,1070.3757,10.34
1789570380000,1070.3757,10.34
1789570440000,1070.3757,10.34
1789570500000,1070.3757,10.34
1789570560000,1070.3757,10.34
1789570620000,1070.3757,10.34
1789570680000,1070.3757,10.34
1789570740000,1070.3757,10.34
1789570800000,1070.3757,10.34
1789570860000,1070.3757,10.34
1789570920000,1070.3757,10.34
1789570980000,1070.3757,10.34
1789571040000,1070.3757,10.34
1789571100000,1070.3757,10.34
1789571160000,1070.3757,10.34
1789571220000,1070.3757,10.34
1789571280000,1070.3757,10.34
1789571340000,1070.3757,10.34
1789571400000,1070.3757,10.34
1789571460000,1070.3757,10.34
1789571520000,1070.3757,10.34
1789571580000,1070.3757,10.34
1789571640000,1070.3757,10.34
1789571700000,1070.3757,10.34
1789571760000,1070.3757,10.34
1789571820000,1070.3757,10.34
1789571880000,1070.3757,10.34
1789571940000,1070.3757,10.34
1789572000000,1070.3757,10.34
1789572060000,1070.3757,10.34
1789572120000,1070.3757,10.34
1789572180000,1070.3757,10.34
1789572240000,1070.3757,10.34
1789572300000,1070.3757,10.34
1789572360000,1070.3757,10.34
1789572420000,1070.3757,10.34
1789572480000,1070.3757,10.34
1789572540000,1070.3757,10.34
1789572600000,1070.3757,10.34
1789572660000,1070.3757,10.34
1789572720000,1070.3757,10.34
1789572780000,1070.3757,10.34
1789572840000,1070.3757,10.34
1789572900000,1070.3757,10.34
1789572960000,1070.3757,10.34
1789573020000,1070.3757,10.34
1789573080000,1070.3757,10.34
1789573140000,1070.3757,10.34
1789573200000,1070.3757,10.34
1789573260000,1070.3757,10.34
1789573320000,1070.3757,10.34
1789573380000,1070.3757,10.34
1789573440000,1070.3757,10.34
1789573500000,1070.3757,10.34
1789573560000,1070.3757,10.34
1789573620000,1060.7021,11.15
1789583400000,1060.7021,11.15
1789583460000,1060.7021,11.15
1789583520000,1060.7021,11.15
1789583580000,1060.7021,11.15
1789583640000,1060.7021,11.15
1789583700000,1051.6631,11.91
1789587900000,1051.6631,11.91
1789587960000,1051.6631,11.91
1789588020000,1051.6631,11.91
1789588080000,1051.6631,11.91
1789588140000,1051.6631,11.91
1789588200000,1051.6631,11.91
1789588260000,1051.6631,11.91
1789588320000,1051.6631,11.91
1789588380000,1051.6631,11.91
1789588440000,1051.6631,11.91
1789588500000,1051.6631,11.91
1789588560000,1051.6631,11.91
1789588620000,1051.6631,11.91
1789588680000,1051.6631,11.91
1789588740000,1051.6631,11.91
1789588800000,1051.6631,11.91
1789588860000,1051.6631,11.91
1789588920000,1051.6631,11.91
1789588980000,1051.6631,11.91
1789589040000,1051.6631,11.91
1789589100000,1051.6631,11.91
1789589160000,1051.6631,11.91
1789589220000,1051.6631,11.91
1789589280000,1051.6631,11.91
1789589340000,1051.6631,11.91
1789589400000,1051.6631,11.91
1789589460000,1051.6631,11.91
1789589520000,1051.6631,11.91
1789589580000,1051.6631,11.91
1789589640000,1051.6631,11.91
1789589700000,1051.6631,11.91
1789589760000,1051.6631,11.91
1789589820000,1051.6631,11.91
1789589880000,1051.6631,11.91
1789589940000,1051.6631,11.91
1789590000000,1051.6631,11.91
1789590060000,1051.6631,11.91
1789590120000,1051.6631,11.91
1789590180000,1051.6631,11.91
1789590240000,1051.6631,11.91
1789590300000,1051.6631,11.91
1789590360000,1051.6631,11.91
1789590420000,1051.6631,11.91
1789590480000,1051.6631,11.91
1789590540000,1051.6631,11.91
1789590600000,1051.6631,11.91
1789590660000,1051.6631,11.91
1789590720000,1051.6631,11.91
1789590780000,1051.6631,11.91
1789590840000,1051.6631,11.91
1789590900000,1051.6631,11.91
1789590960000,1051.6631,11.91
1789591020000,1051.6631,11.91
1789591080000,1051.6631,11.91
1789591140000,1051.6631,11.91
1789591200000,1051.6631,11.91
1789591260000,1051.6631,11.91
1789591320000,1051.6631,11.91
1789591380000,1051.6631,11.91
1789591440000,1051.6631,11.91
1789591500000,1051.6631,11.91
1789591560000,1051.6631,11.91
1789591620000,1051.6631,11.91
1789591680000,1051.6631,11.91
1789591740000,1051.6631,11.91
1789591800000,1051.6631,11.91
1789591860000,1051.6631,11.91
1789591920000,1051.6631,11.91
1789591980000,1051.6631,11.91
1789592040000,1051.6631,11.91
1789592100000,1051.6631,11.91
1789592160000,1051.6631,11.91
1789592220000,1051.6631,11.91
1789592280000,1051.6631,11.91
1789592340000,1051.6631,11.91
1789592400000,1051.6631,11.91
1789592460000,1051.6631,11.91
1789592520000,1051.6631,11.91
1789592580000,1051.6631,11.91
1789592640000,1051.6631,11.91
1789592700000,1051.6631,11.91
1789592760000,1051.6631,11.91
1789592820000,1051.6631,11.91
1789592880000,1051.6631,11.91
1789592940000,1051.6631,11.91
1789593000000,1051.6631,11.91
1789593060000,1051.6631,11.91
1789593120000,1051.6631,11.91
1789593180000,1051.6631,11.91
1789593240000,1051.6631,11.91
1789593300000,1051.6631,11.91
1789593360000,1051.6631,11.91
1789593420000,1051.6631,11.91
1789593480000,1051.6631,11.91
1789593540000,1051.6631,11.91
1789593600000,1051.6631,11.91
1789593660000,1051.6631,11.91
1789593720000,1051.6631,11.91
1789593780000,1051.6631,11.91
1789593840000,1051.6631,11.91
1789593900000,1051.6631,11.91
1789593960000,1051.6631,11.91
1789594020000,1051.6631,11.91
1789594080000,1051.6631,11.91
1789594140000,1051.6631,11.91
1789594200000,1051.6631,11.91
1789594260000,1051.6631,11.91
1789594320000,1051.6631,11.91
1789594380000,1051.6631,11.91
1789594440000,1051.6631,11.91
1789594500000,1051.6631,11.91
1789594560000,1051.6631,11.91
1789594620000,1051.6631,11.91
1789594680000,1051.6631,11.91
1789594740000,1051.6631,11.91
1789594800000,1051.6631,11.91
1789594860000,1051.6631,11.91
1789594920000,1051.6631,11.91
1789594980000,1051.6631,11.91
1789595040000,1051.6631,11.91
1789595100000,1051.6631,11.91
1789595160000,1051.6631,11.91
1789595220000,1051.6631,11.91
1789595280000,1051.6631,11.91
1789595340000,1051.6631,11.91
1789595400000,1051.6631,11.91
1789595460000,1051.6631,11.91
1789595520000,1051.6631,11.91
1789595580000,1051.6631,11.91
1789595640000,1051.6631,11.91
1789595700000,1051.6631,11.91
1789595760000,1051.6631,11.91
1789595820000,1051.6631,11.91
1789595880000,1051.6631,11.91
1789595940000,1051.6631,11.91
1789596000000,1051.6631,11.91
1789596060000,1051.6631,11.91
1789596120000,1042.6398,12.67
1789647360000,1042.6398,12.67
1789647420000,1042.6398,12.67
1789647480000,1042.6398,12.67
1789647540000,1042.6398,12.67
1789647600000,1042.6398,12.67
1789647660000,1042.6398,12.67
1789647720000,1042.6398,12.67
1789647780000,1042.6398,12.67
1789647840000,1042.6398,12.67
1789647900000,1042.6398,12.67
1789647960000,1042.6398,12.67
1789648020000,1042.6398,12.67
1789648080000,1042.6398,12.67
1789648140000,1042.6398,12.67
1789648200000,1042.6398,12.67
1789648260000,1042.6398,12.67
1789648320000,1042.6398,12.67
1789648380000,1042.6398,12.67
1789648440000,1042.6398,12.67
1789648500000,1042.6398,12.67
1789648560000,1042.6398,12.67
1789648620000,1042.6398,12.67
1789648680000,1042.6398,12.67
1789648740000,1042.6398,12.67
1789648800000,1042.6398,12.67
1789648860000,1042.6398,12.67
1789648920000,1042.6398,12.67
1789648980000,1042.6398,12.67
1789649040000,1042.6398,12.67
1789649100000,1042.6398,12.67
1789649160000,1042.6398,12.67
1789649220000,1042.6398,12.67
1789649280000,1042.6398,12.67
1789649340000,1042.6398,12.67
1789649400000,1042.6398,12.67
1789649460000,1042.6398,12.67
1789649520000,1042.6398,12.67
1789649580000,1042.6398,12.67
1789649640000,1042.6398,12.67
1789649700000,1042.6398,12.67
1789649760000,1042.6398,12.67
1789649820000,1042.6398,12.67
1789649880000,1042.6398,12.67
1789649940000,1042.6398,12.67
1789650000000,1042.6398,12.67
1789650060000,1042.6398,12.67
1789650120000,1042.6398,12.67
1789650180000,1042.6398,12.67
1789650240000,1042.6398,12.67
1789650300000,1042.6398,12.67
1789650360000,1042.6398,12.67
1789650420000,1042.6398,12.67
1789650480000,1042.6398,12.67
1789650540000,1042.6398,12.67
1789650600000,1042.6398,12.67
1789650660000,1042.6398,12.67
1789650720000,1042.6398,12.67
1789650780000,1042.6398,12.67
1789650840000,1042.6398,12.67
1789650900000,1042.6398,12.67
1789650960000,1042.6398,12.67
1789651020000,1042.6398,12.67
1789651080000,1042.6398,12.67
1789651140000,1042.6398,12.67
1789651200000,1042.6398,12.67
1789651260000,1042.6398,12.67
1789651320000,1042.6398,12.67
1789651380000,1042.6398,12.67
1789651440000,1042.6398,12.67
1789651500000,1042.6398,12.67
1789651560000,1042.6398,12.67
1789651620000,1042.6398,12.67
1789651680000,1042.6398,12.67
1789651740000,1042.6398,12.67
1789651800000,1042.6398,12.67
1789651860000,1042.6398,12.67
1789651920000,1042.6398,12.67
1789651980000,1042.6398,12.67
1789652040000,1042.6398,12.67
1789652100000,1042.6398,12.67
1789652160000,1033.7524,13.41
1789654320000,1033.7524,13.41
1789654380000,1033.7524,13.41
1789654440000,1033.7524,13.41
1789654500000,1033.7524,13.41
1789654560000,1033.7524,13.41
1789654620000,1033.7524,13.41
1789654680000,1033.7524,13.41
1789654740000,1033.7524,13.41
1789654800000,1033.7524,13.41
1789654860000,1033.7524,13.41
1789654920000,1033.7524,13.41
1789654980000,1033.7524,13.41
1789655040000,1033.7524,13.41
1789655100000,1033.7524,13.41
1789655160000,1033.7524,13.41
1789655220000,1033.7524,13.41
1789655280000,1033.7524,13.41
1789655340000,1033.7524,13.41
1789655400000,1033.7524,13.41
1789655460000,1033.7524,13.41
1789655520000,1033.7524,13.41
1789655580000,1033.7524,13.41
1789655640000,1033.7524,13.41
1789655700000,1033.7524,13.41
1789655760000,1033.7524,13.41
1789655820000,1033.7524,13.41
1789655880000,1033.7524,13.41
1789655940000,1033.7524,13.41
1789656000000,1033.7524,13.41
1789656060000,1033.7524,13.41
1789656120000,1033.7524,13.41
1789656180000,1033.7524,13.41
1789656240000,1033.7524,13.41
1789656300000,1033.7524,13.41
1789656360000,1033.7524,13.41
1789656420000,1033.7524,13.41
1789656480000,1033.7524,13.41
1789656540000,1033.7524,13.41
1789656600000,1033.7524,13.41
1789656660000,1033.7524,13.41
1789656720000,1033.7524,13.41
1789656780000,1033.7524,13.41
1789656840000,1033.7524,13.41
1789656900000,1033.7524,13.41
1789656960000,1033.7524,13.41
1789657020000,1033.7524,13.41
1789657080000,1033.7524,13.41
1789657140000,1033.7524,13.41
1789657200000,1033.7524,13.41
1789657260000,1033.7524,13.41
1789657320000,1033.7524,13.41
1789657380000,1033.7524,13.41
1789657440000,1033.7524,13.41
1789657500000,1025.0922,14.13
1789664460000,1025.0922,14.13
1789664520000,1025.0922,14.13
1789664580000,1025.0922,14.13
1789664640000,1025.0922,14.13
1789664700000,1025.0922,14.13
1789664760000,1025.0922,14.13
1789664820000,1025.0922,14.13
1789664880000,1025.0922,14.13
1789664940000,1025.0922,14.13
1789665000000,1025.0922,14.13
1789665060000,1025.0922,14.13
1789665120000,1025.0922,14.13
1789665180000,1025.0922,14.13
1789665240000,1025.0922,14.13
1789665300000,1025.0922,14.13
1789665360000,1025.0922,14.13
1789665420000,1025.0922,14.13
1789665480000,1025.0922,14.13
1789665540000,1025.0922,14.13
1789665600000,1025.0922,14.13
1789665660000,1025.0922,14.13
1789665720000,1025.0922,14.13
1789665780000,1025.0922,14.13
1789665840000,1025.0922,14.13
1789665900000,1025.0922,14.13
1789665960000,1025.0922,14.13
1789666020000,1025.0922,14.13
1789666080000,1025.0922,14.13
1789666140000,1025.0922,14.13
1789666200000,1025.0922,14.13
1789666260000,1025.0922,14.13
1789666320000,1025.0922,14.13
1789666380000,1025.0922,14.13
1789666440000,1025.0922,14.13
1789666500000,1025.0922,14.13
1789666560000,1025.0922,14.13
1789666620000,1025.0922,14.13
1789666680000,1025.0922,14.13
1789666740000,1025.0922,14.13
1789666800000,1025.0922,14.13
1789666860000,1025.0922,14.13
1789666920000,1025.0922,14.13
1789666980000,1025.0922,14.13
1789667040000,1025.0922,14.13
1789667100000,1025.0922,14.13
1789667160000,1025.0922,14.13
1789667220000,1025.0922,14.13
1789667280000,1025.0922,14.13
1789667340000,1025.0922,14.13
1789667400000,1025.0922,14.13
1789667460000,1025.0922,14.13
1789667520000,1025.0922,14.13
1789667580000,1025.0922,14.13
1789667640000,1025.0922,14.13
1789667700000,1025.0922,14.13
1789667760000,1025.0922,14.13
1789667820000,1025.0922,14.13
1789667880000,1025.0922,14.13
1789667940000,1025.0922,14.13
1789668000000,1025.0922,14.13
1789668060000,1025.0922,14.13
1789668120000,1025.0922,14.13
1789668180000,1025.0922,14.13
1789668240000,1025.0922,14.13
1789668300000,1025.0922,14.13
1789668360000,1015.7432,14.92
1789719720000,1015.7432,14.92
1789719780000,1015.7432,14.92
1789719840000,1015.7432,14.92
1789719900000,1015.7432,14.92
1789719960000,1015.7432,14.92
1789720020000,1015.7432,14.92
1789720080000,1015.7432,14.92
1789720140000,1015.7432,14.92
1789720200000,1015.7432,14.92
1789720260000,1015.7432,14.92
1789720320000,1015.7432,14.92
1789720380000,1015.7432,14.92
1789720440000,1015.7432,14.92
1789720500000,1015.7432,14.92
1789720560000,1015.7432,14.92
1789720620000,1015.7432,14.92
1789720680000,1015.7432,14.92
1789720740000,1015.7432,14.92
1789720800000,1015.7432,14.92
1789720860000,1015.7432,14.92
1789720920000,1015.7432,14.92
1789720980000,1015.7432,14.92
1789721040000,1015.7432,14.92
1789721100000,1015.7432,14.92
1789721160000,1015.7432,14.92
1789721220000,1015.7432,14.92
1789721280000,1015.7432,14.92
1789721340000,1015.7432,14.92
1789721400000,1015.7432,14.92
1789721460000,1015.7432,14.92
1789721520000,1015.7432,14.92
1789721580000,1015.7432,14.92
1789721640000,1015.7432,14.92
1789721700000,1015.7432,14.92
1789721760000,1015.7432,14.92
1789721820000,1015.7432,14.92
1789721880000,1015.7432,14.92
1789721940000,1015.7432,14.92
1789722000000,1015.7432,14.92
1789722060000,1015.7432,14.92
1789722120000,1015.7432,14.92
1789722180000,1015.7432,14.92
1789722240000,1015.7432,14.92
1789722300000,1015.7432,14.92
1789722360000,1015.7432,14.92
1789722420000,1015.7432,14.92
1789722480000,1015.7432,14.92
1789722540000,1015.7432,14.92
1789722600000,1015.7432,14.92
1789722660000,1015.7432,14.92
1789722720000,1015.7432,14.92
1789722780000,1015.7432,14.92
1789722840000,1015.7432,14.92
1789722900000,1015.7432,14.92
1789722960000,1015.7432,14.92
1789723020000,1015.7432,14.92
1789723080000,1015.7432,14.92
1789723140000,1015.7432,14.92
1789723200000,1015.7432,14.92
1789723260000,1015.7432,14.92
1789723320000,1015.7432,14.92
1789723380000,1015.7432,14.92
1789723440000,1015.7432,14.92
1789723500000,1015.7432,14.92
1789723560000,1015.7432,14.92
1789723620000,1015.7432,14.92
1789723680000,1015.7432,14.92
1789723740000,1015.7432,14.92
1789723800000,1015.7432,14.92
1789723860000,1015.7432,14.92
1789723920000,1015.7432,14.92
1789723980000,1015.7432,14.92
1789724040000,1015.7432,14.92
1789724100000,1015.7432,14.92
1789724160000,1015.7432,14.92
1789724220000,1015.7432,14.92
1789724280000,1015.7432,14.92
1789724340000,1015.7432,14.92
1789724400000,1015.7432,14.92
1789724460000,1015.7432,14.92
1789724520000,1015.7432,14.92
1789724580000,1015.7432,14.92
1789724640000,1015.7432,14.92
1789724700000,1015.7432,14.92
1789724760000,1015.7432,14.92
1789724820000,1015.7432,14.92
1789724880000,1015.7432,14.92
1789724940000,1015.7432,14.92
1789725000000,1015.7432,14.92
1789725060000,1015.7432,14.92
1789725120000,1015.7432,14.92
1789725180000,1015.7432,14.92
1789725240000,1015.7432,14.92
1789725300000,1015.7432,14.92
1789725360000,1015.7432,14.92
1789725420000,1015.7432,14.92
1789725480000,1015.7432,14.92
1789725540000,1015.7432,14.92
1789725600000,1015.7432,14.92
1789725660000,1015.7432,14.92
1789725720000,1015.7432,14.92
1789725780000,1015.7432,14.92
1789725840000,1015.7432,14.92
1789725900000,1015.7432,14.92
1789725960000,1015.7432,14.92
1789726020000,1015.7432,14.92
1789726080000,1015.7432,14.92
1789726140000,1015.7432,14.92
1789726200000,1015.7432,14.92
1789726260000,1015.7432,14.92
1789726320000,1015.7432,14.92
1789726380000,1015.7432,14.92
1789726440000,1015.7432,14.92
1789726500000,1015.7432,14.92
1789726560000,1015.7432,14.92
1789726620000,1015.7432,14.92
1789726680000,1015.7432,14.92
1789726740000,1015.7432,14.92
1789726800000,1015.7432,14.92
1789726860000,1015.7432,14.92
1789726920000,1015.7432,14.92
1789726980000,1015.7432,14.92
1789727040000,1015.7432,14.92
1789727100000,1015.7432,14.92
1789727160000,1015.7432,14.92
1789727220000,1015.7432,14.92
1789727280000,1015.7432,14.92
1789727340000,1015.7432,14.92
1789727400000,1015.7432,14.92
1789727460000,1015.7432,14.92
1789727520000,1015.7432,14.92
1789727580000,1015.7432,14.92
1789727640000,1015.7432,14.92
1789727700000,1015.7432,14.92
1789727760000,1015.7432,14.92
1789727820000,1015.7432,14.92
1789727880000,1015.7432,14.92
1789727940000,1015.7432,14.92
1789728000000,1015.7432,14.92
1789728060000,1015.7432,14.92
1789728120000,1015.7432,14.92
1789728180000,1015.7432,14.92
1789728240000,1015.7432,14.92
1789728300000,1015.7432,14.92
1789728360000,1015.7432,14.92
1789728420000,1015.7432,14.92
1789728480000,1015.7432,14.92
1789728540000,1015.7432,14.92
1789728600000,1015.7432,14.92
1789728660000,1015.7432,14.92
1789728720000,1015.7432,14.92
1789728780000,1015.7432,14.92
1789728840000,1015.7432,14.92
1789728900000,1015.7432,14.92
1789728960000,1015.7432,14.92
1789729020000,1015.7432,14.92
1789729080000,1015.7432,14.92
1789729140000,1015.7432,14.92
1789729200000,1015.7432,14.92
1789729260000,1015.7432,14.92
1789729320000,1015.7432,14.92
1789729380000,1015.7432,14.92
1789729440000,1015.7432,14.92
1789729500000,1015.7432,14.92
1789729560000,1015.7432,14.92
1789729620000,1015.7432,14.92
1789729680000,1015.7432,14.92
1789729740000,1015.7432,14.92
1789729800000,1015.7432,14.92
1789729860000,1015.7432,14.92
1789729920000,1015.7432,14.92
1789729980000,1015.7432,14.92
1789730040000,1015.7432,14.92
1789730100000,1015.7432,14.92
1789730160000,1015.7432,14.92
1789730220000,1015.7432,14.92
1789730280000,1015.7432,14.92
1789730340000,1015.7432,14.92
1789730400000,1015.7432,14.92
1789730460000,1015.7432,14.92
1789730520000,1015.7432,14.92
1789730580000,1015.7432,14.92
1789730640000,1015.7432,14.92
1789730700000,1015.7432,14.92
1789730760000,1015.7432,14.92
1789730820000,1015.7432,14.92
1789730880000,1015.7432,14.92
1789730940000,1015.7432,14.92
1789731000000,1015.7432,14.92
1789731060000,1015.7432,14.92
1789731120000,1015.7432,14.92
1789731180000,1015.7432,14.92
1789731240000,1015.7432,14.92
1789731300000,1015.7432,14.92
1789731360000,1015.7432,14.92
1789731420000,1015.7432,14.92
1789731480000,1015.7432,14.92
1789731540000,1015.7432,14.92
1789731600000,1015.7432,14.92
1789731660000,1015.7432,14.92
1789731720000,1015.7432,14.92
1789731780000,1015.7432,14.92
1789731840000,1015.7432,14.92
1789731900000,1015.7432,14.92
1789731960000,1015.7432,14.92
1789732020000,1015.7432,14.92
1789732080000,1015.7432,14.92
1789732140000,1015.7432,14.92
1789732200000,1015.7432,14.92
1789732260000,1015.7432,14.92
1789732320000,1015.7432,14.92
1789732380000,1015.7432,14.92
1789732440000,1015.7432,14.92
1789732500000,1015.7432,14.92
1789732560000,1015.7432,14.92
1789732620000,1015.7432,14.92
1789732680000,1015.7432,14.92
1789732740000,1015.7432,14.92
1789732800000,1015.7432,14.92
1789732860000,1015.7432,14.92
1789732920000,1015.7432,14.92
1789732980000,1015.7432,14.92
1789733040000,1015.7432,14.92
1789733100000,1015.7432,14.92
1789733160000,1015.7432,14.92
1789733220000,1015.7432,14.92
1789733280000,1015.7432,14.92
1789733340000,1015.7432,14.92
1789733400000,1015.7432,14.92
1789733460000,1015.7432,14.92
1789733520000,1015.7432,14.92
1789733580000,1015.7432,14.92
1789733640000,1015.7432,14.92
1789733700000,1015.7432,14.92
1789733760000,1015.7432,14.92
1789733820000,1015.7432,14.92
1789733880000,1015.7432,14.92
1789733940000,1015.7432,14.92
1789734000000,1015.7432,14.92
1789734060000,1015.7432,14.92
1789734120000,1015.7432,14.92
1789734180000,1015.7432,14.92
1789734240000,1015.7432,14.92
1789734300000,1015.7432,14.92
1789734360000,1015.7432,14.92
1789734420000,1015.7432,14.92
1789734480000,1015.7432,14.92
1789734540000,1015.7432,14.92
1789734600000,1015.7432,14.92
1789734660000,1015.7432,14.92
1789734720000,1015.7432,14.92
1789734780000,1015.7432,14.92
1789734840000,1015.7432,14.92
1789734900000,1015.7432,14.92
1789734960000,1015.7432,14.92
1789735020000,1015.7432,14.92
1789735080000,1015.7432,14.92
1789735140000,1015.7432,14.92
1789735200000,1015.7432,14.92
1789735260000,1015.7432,14.92
1789735320000,1015.7432,14.92
1789735380000,1015.7432,14.92
1789735440000,1015.7432,14.92
1789735500000,1015.7432,14.92
1789735560000,1015.7432,14.92
1789735620000,1015.7432,14.92
1789735680000,1015.7432,14.92
1789735740000,1015.7432,14.92
1789735800000,1015.7432,14.92
1789735860000,1015.7432,14.92
1789735920000,1015.7432,14.92
1789735980000,1015.7432,14.92
1789736040000,1015.7432,14.92
1789736100000,1015.7432,14.92
1789736160000,1015.7432,14.92
1789736220000,1015.7432,14.92
1789736280000,1015.7432,14.92
1789736340000,1015.7432,14.92
1789736400000,1015.7432,14.92
1789736460000,1015.7432,14.92
1789736520000,1015.7432,14.92
1789736580000,1015.7432,14.92
1789736640000,1015.7432,14.92
1789736700000,1015.7432,14.92
1789736760000,1015.7432,14.92
1789736820000,1015.7432,14.92
1789736880000,1015.7432,14.92
1789736940000,1015.7432,14.92
1789737000000,1015.7432,14.92
1789737060000,1015.7432,14.92
1789737120000,1015.7432,14.92
1789737180000,1015.7432,14.92
1789737240000,1015.7432,14.92
1789737300000,1015.7432,14.92
1789737360000,1015.7432,14.92
1789737420000,1015.7432,14.92
1789737480000,1015.7432,14.92
1789737540000,1015.7432,14.92
1789737600000,1015.7432,14.92
1789737660000,1015.7432,14.92
1789737720000,1015.7432,14.92
1789737780000,1015.7432,14.92
1789737840000,1015.7432,14.92
1789737900000,1015.7432,14.92
1789737960000,1015.7432,14.92
1789738020000,1015.7432,14.92
1789738080000,1015.7432,14.92
1789738140000,1015.7432,14.92
1789738200000,1015.7432,14.92
1789738260000,1015.7432,14.92
1789738320000,1015.7432,14.92
1789738380000,1015.7432,14.92
1789738440000,1015.7432,14.92
1789738500000,1015.7432,14.92
1789738560000,1015.7432,14.92
1789738620000,1015.7432,14.92
1789738680000,1015.7432,14.92
1789738740000,1015.7432,14.92
1789738800000,1015.7432,14.92
1789738860000,1015.7432,14.92
1789738920000,1015.7432,14.92
1789738980000,1015.7432,14.92
1789739040000,1015.7432,14.92
1789739100000,1015.7432,14.92
1789739160000,1015.7432,14.92
1789739220000,1015.7432,14.92
1789739280000,1015.7432,14.92
1789739340000,1015.7432,14.92
1789739400000,1015.7432,14.92
1789739460000,1037.8229,13.07
1789741020000,1037.8229,13.07
1789741080000,1037.8229,13.07
1789741140000,1037.8229,13.07
1789741200000,1037.8229,13.07
1789741260000,1037.8229,13.07
1789741320000,1037.8229,13.07
1789741380000,1037.8229,13.07
1789741440000,1037.8229,13.07
1789741500000,1037.8229,13.07
1789741560000,1037.8229,13.07
1789741620000,1037.8229,13.07
1789741680000,1037.8229,13.07
1789741740000,1037.8229,13.07
1789741800000,1037.8229,13.07
1789741860000,1037.8229,13.07
1789741920000,1037.8229,13.07
1789741980000,1037.8229,13.07
1789742040000,1037.8229,13.07
1789742100000,1037.8229,13.07
1789742160000,1037.8229,13.07
1789742220000,1037.8229,13.07
1789742280000,1037.8229,13.07
1789742340000,1037.8229,13.07
1789742400000,1037.8229,13.07
1789742460000,1037.8229,13.07
1789742520000,1037.8229,13.07
1789742580000,1037.8229,13.07
1789742640000,1037.8229,13.07
1789742700000,1037.8229,13.07
1789742760000,1037.8229,13.07
1789742820000,1037.8229,13.07
1789742880000,1037.8229,13.07
1789742940000,1037.8229,13.07
1789743000000,1037.8229,13.07
1789743060000,1037.8229,13.07
1789743120000,1037.8229,13.07
1789743180000,1037.8229,13.07
1789743240000,1037.8229,13.07
1789743300000,1037.8229,13.07
1789743360000,1037.8229,13.07
1789743420000,1037.8229,13.07
1789743480000,1037.8229,13.07
1789743540000,1037.8229,13.07
1789743600000,1037.8229,13.07
1789743660000,1037.8229,13.07
1789743720000,1037.8229,13.07
1789743780000,1037.8229,13.07
1789743840000,1037.8229,13.07
1789743900000,1037.8229,13.07
1789743960000,1037.8229,13.07
1789744020000,1037.8229,13.07
1789744080000,1037.8229,13.07
1789744140000,1037.8229,13.07
1789744200000,1037.8229,13.07
1789744260000,1037.8229,13.07
1789744320000,1037.8229,13.07
1789744380000,1037.8229,13.07
1789744440000,1037.8229,13.07
1789744500000,1037.8229,13.07
1789744560000,1037.8229,13.07
1789744620000,1037.8229,13.07
1789744680000,1037.8229,13.07
1789744740000,1037.8229,13.07
1789744800000,1037.8229,13.07
1789744860000,1037.8229,13.07
1789744920000,1037.8229,13.07
1789744980000,1037.8229,13.07
1789745040000,1037.8229,13.07
1789745100000,1037.8229,13.07
1789745160000,1037.8229,13.07
1789745220000,1037.8229,13.07
1789745280000,1037.8229,13.07
1789745340000,1037.8229,13.07
1789745400000,1037.8229,13.07
1789745460000,1037.8229,13.07
1789745520000,1037.8229,13.07
1789745580000,1037.8229,13.07
1789745640000,1037.8229,13.07
1789745700000,1037.8229,13.07
1789745760000,1037.8229,13.07
1789745820000,1037.8229,13.07
1789745880000,1037.8229,13.07
1789745940000,1037.8229,13.07
1789746000000,1037.8229,13.07
1789746060000,1037.8229,13.07
1789746120000,1037.8229,13.07
1789746180000,1037.8229,13.07
1789746240000,1037.8229,13.07
1789746300000,1037.8229,13.07
1789746360000,1037.8229,13.07
1789746420000,1037.8229,13.07
1789746480000,1037.8229,13.07
1789746540000,1037.8229,13.07
1789746600000,1037.8229,13.07
1789746660000,1037.8229,13.07
1789746720000,1037.8229,13.07
1789746780000,1037.8229,13.07
1789746840000,1037.8229,13.07
1789746900000,1037.8229,13.07
1789746960000,1037.8229,13.07
1789747020000,1037.8229,13.07
1789747080000,1037.8229,13.07
1789747140000,1037.8229,13.07
1789747200000,1037.8229,13.07
1789747260000,1037.8229,13.07
1789747320000,1037.8229,13.07
1789747380000,1037.8229,13.07
1789747440000,1037.8229,13.07
1789747500000,1037.8229,13.07
1789747560000,1037.8229,13.07
1789747620000,1037.8229,13.07
1789747680000,1037.8229,13.07
1789747740000,1037.8229,13.07
1789747800000,1037.8229,13.07
1789747860000,1037.8229,13.07
1789747920000,1037.8229,13.07
1789747980000,1037.8229,13.07
1789748040000,1037.8229,13.07
1789748100000,1037.8229,13.07
1789748160000,1059.9942,11.21
1789749240000,1059.9942,11.21
1789749300000,1059.9942,11.21
1789749360000,1059.9942,11.21
1789749420000,1059.9942,11.21
1789749480000,1059.9942,11.21
1789749540000,1059.9942,11.21
1789749600000,1059.9942,11.21
1789749660000,1059.9942,11.21
1789749720000,1059.9942,11.21
1789749780000,1059.9942,11.21
1789749840000,1059.9942,11.21
1789749900000,1059.9942,11.21
1789749960000,1059.9942,11.21
1789750020000,1059.9942,11.21
1789750080000,1059.9942,11.21
1789750140000,1059.9942,11.21
1789750200000,1059.9942,11.21
1789750260000,1050.9429,11.97
1789753620000,1050.9429,11.97
1789753680000,1050.9429,11.97
1789753740000,1050.9429,11.97
1789753800000,1050.9429,11.97
1789753860000,1050.9429,11.97
1789753920000,1050.9429,11.97
1789753980000,1050.9429,11.97
1789754040000,1050.9429,11.97
1789754100000,1050.9429,11.97
1789754160000,1050.9429,11.97
1789754220000,1050.9429,11.97
1789754280000,1050.9429,11.97
1789754340000,1050.9429,11.97
1789754400000,1050.9429,11.97
1789754460000,1050.9429,11.97
1789754520000,1050.9429,11.97
1789754580000,1050.9429,11.97
1789754640000,1050.9429,11.97
1789754700000,1050.9429,11.97
1789754760000,1050.9429,11.97
1789754820000,1050.9429,11.97
1789754880000,1050.9429,11.97
1789754940000,1050.9429,11.97
1789755000000,1050.9429,11.97
1789755060000,1050.9429,11.97
1789755120000,1050.9429,11.97
1789755180000,1050.9429,11.97
1789755240000,1050.9429,11.97
1789755300000,1050.9429,11.97
1789755360000,1050.9429,11.97
1789755420000,1050.9429,11.97
1789755480000,1050.9429,11.97
1789755540000,1050.9429,11.97
1789755600000,1050.9429,11.97
1789755660000,1050.9429,11.97
1789755720000,1050.9429,11.97
1789755780000,1050.9429,11.97
1789755840000,1050.9429,11.97
1789755900000,1050.9429,11.97
1789755960000,1050.9429,11.97
1789756020000,1050.9429,11.97
1789756080000,1050.9429,11.97
1789756140000,1050.9429,11.97
1789756200000,1050.9429,11.97
1789756260000,1050.9429,11.97
1789756320000,1050.9429,11.97
1789756380000,1050.9429,11.97
1789756440000,1050.9429,11.97
1789756500000,1050.9429,11.97
1789756560000,1050.9429,11.97
1789756620000,1050.9429,11.97
1789756680000,1050.9429,11.97
1789756740000,1050.9429,11.97
1789756800000,1050.9429,11.97
1789756860000,1050.9429,11.97
1789756920000,1050.9429,11.97
1789756980000,1050.9429,11.97
1789757040000,1050.9429,11.97
1789757100000,1050.9429,11.97
1789757160000,1050.9429,11.97
1789757220000,1050.9429,11.97
1789757280000,1050.9429,11.97
1789757340000,1050.9429,11.97
1789757400000,1050.9429,11.97
1789757460000,1050.9429,11.97
1789757520000,1050.9429,11.97
1789757580000,1050.9429,11.97
1789757640000,1050.9429,11.97
1789757700000,1050.9429,11.97
1789757760000,1050.9429,11.97
1789757820000,1050.9429,11.97
1789757880000,1050.9429,11.97
1789757940000,1050.9429,11.97
1789758000000,1050.9429,11.97
1789758060000,1050.9429,11.97
1789758120000,1050.9429,11.97
1789758180000,1050.9429,11.97
1789758240000,1050.9429,11.97
1789758300000,1050.9429,11.97
1789758360000,1050.9429,11.97
1789758420000,1050.9429,11.97
1789758480000,1050.9429,11.97
1789758540000,1050.9429,11.97
1789758600000,1050.9429,11.97
1789758660000,1050.9429,11.97
1789758720000,1050.9429,11.97
1789758780000,1050.9429,11.97
1789758840000,1050.9429,11.97
1789758900000,1050.9429,11.97
1789758960000,1070.9321,10.3
1789759680000,1070.9321,10.3
1789759740000,1070.9321,10.3
1789759800000,1070.9321,10.3
1789759860000,1070.9321,10.3
1789759920000,1070.9321,10.3
1789759980000,1070.9321,10.3
1789760040000,1070.9321,10.3
1789760100000,1070.9321,10.3
1789760160000,1070.9321,10.3
1789760220000,1070.9321,10.3
1789760280000,1070.9321,10.3
1789760340000,1070.9321,10.3
1789760400000,1070.9321,10.3
1789760460000,1070.9321,10.3
1789760520000,1070.9321,10.3
1789760580000,1070.9321,10.3
1789760640000,1070.9321,10.3
1789760700000,1070.9321,10.3
1789760760000,1070.9321,10.3
1789760820000,1070.9321,10.3
1789760880000,1070.9321,10.3
1789760940000,1070.9321,10.3
1789761000000,1070.9321,10.3
1789761060000,1070.9321,10.3
1789761120000,1070.9321,10.3
1789761180000,1070.9321,10.3
1789761240000,1070.9321,10.3
1789761300000,1070.9321,10.3
1789761360000,1070.9321,10.3
1789761420000,1070.9321,10.3
1789761480000,1070.9321,10.3
1789761540000,1070.9321,10.3
1789761600000,1070.9321,10.3
1789761660000,1070.9321,10.3
1789761720000,1070.9321,10.3
1789761780000,1070.9321,10.3
1789761840000,1070.9321,10.3
1789761900000,1070.9321,10.3
1789761960000,1070.9321,10.3
1789762020000,1070.9321,10.3
1789762080000,1070.9321,10.3
1789762140000,1070.9321,10.3
1789762200000,1070.9321,10.3
1789762260000,1070.9321,10.3
1789762320000,1070.9321,10.3
1789762380000,1070.9321,10.3
1789762440000,1070.9321,10.3
1789762500000,1070.9321,10.3
1789762560000,1070.9321,10.3
1789762620000,1070.9321,10.3
1789762680000,1070.9321,10.3
1789762740000,1070.9321,10.3
1789762800000,1070.9321,10.3
1789762860000,1070.9321,10.3
1789762920000,1070.9321,10.3
1789762980000,1070.9321,10.3
1789763040000,1070.9321,10.3
1789763100000,1070.9321,10.3
1789763160000,1070.9321,10.3
1789763220000,1070.9321,10.3
1789763280000,1070.9321,10.3
1789763340000,1070.9321,10.3
1789763400000,1070.9321,10.3
1789763460000,1070.9321,10.3
1789763520000,1070.9321,10.3
1789763580000,1070.9321,10.3
1789763640000,1070.9321,10.3
1789763700000,1070.9321,10.3
1789763760000,1070.9321,10.3
1789763820000,1070.9321,10.3
1789763880000,1070.9321,10.3
1789763940000,1061.1421,11.12
1789805400000,1061.1421,11.12
1789805460000,1061.1421,11.12
1789805520000,1061.1421,11.12
1789805580000,1061.1421,11.12
1789805640000,1061.1421,11.12
1789805700000,1061.1421,11.12
1789805760000,1061.1421,11.12
1789805820000,1061.1421,11.12
1789805880000,1061.1421,11.12
1789805940000,1061.1421,11.12
1789806000000,1071.2917,10.27
1789807020000,1071.2917,10.27
1789807080000,1071.2917,10.27
1789807140000,1071.2917,10.27
1789807200000,1071.2917,10.27
1789807260000,1071.2917,10.27
1789807320000,1071.2917,10.27
1789807380000,1071.2917,10.27
1789807440000,1071.2917,10.27
1789807500000,1071.2917,10.27
1789807560000,1071.2917,10.27
1789807620000,1071.2917,10.27
1789807680000,1071.2917,10.27
1789807740000,1071.2917,10.27
1789807800000,1071.2917,10.27
1789807860000,1071.2917,10.27
1789807920000,1071.2917,10.27
1789807980000,1071.2917,10.27
1789808040000,1071.2917,10.27
1789808100000,1071.2917,10.27
1789808160000,1071.2917,10.27
1789808220000,1071.2917,10.27
1789808280000,1071.2917,10.27
1789808340000,1071.2917,10.27
1789808400000,1071.2917,10.27
1789808460000,1071.2917,10.27
1789808520000,1071.2917,10.27
1789808580000,1071.2917,10.27
1789808640000,1071.2917,10.27
1789808700000,1071.2917,10.27
1789808760000,1071.2917,10.27
1789808820000,1071.2917,10.27
1789808880000,1071.2917,10.27
1789808940000,1071.2917,10.27
1789809000000,1071.2917,10.27
1789809060000,1071.2917,10.27
1789809120000,1071.2917,10.27
1789809180000,1071.2917,10.27
1789809240000,1071.2917,10.27
1789809300000,1071.2917,10.27
1789809360000,1071.2917,10.27
1789809420000,1071.2917,10.27
1789809480000,1071.2917,10.27
1789809540000,1071.2917,10.27
1789809600000,1071.2917,10.27
1789809660000,1071.2917,10.27
1789809720000,1071.2917,10.27
1789809780000,1071.2917,10.27
1789809840000,1071.2917,10.27
1789809900000,1071.2917,10.27
1789809960000,1071.2917,10.27
1789810020000,1071.2917,10.27
1789810080000,1071.2917,10.27
1789810140000,1071.2917,10.27
1789810200000,1071.2917,10.27
1789810260000,1071.2917,10.27
1789810320000,1061.4285,11.09
1789916580000,1061.4285,11.09
1789916640000,1061.4285,11.09
1789916700000,1061.4285,11.09
1789916760000,1061.4285,11.09
1789916820000,1061.4285,11.09
1789916880000,1061.4285,11.09
1789916940000,1061.4285,11.09
1789917000000,1061.4285,11.09
1789917060000,1061.4285,11.09
1789917120000,1061.4285,11.09
1789917180000,1061.4285,11.09
1789917240000,1061.4285,11.09
1789917300000,1061.4285,11.09
1789917360000,1061.4285,11.09
1789917420000,1061.4285,11.09
1789917480000,1061.4285,11.09
1789917540000,1061.4285,11.09
1789917600000,1061.4285,11.09
1789917660000,1061.4285,11.09
1789917720000,1061.4285,11.09
1789917780000,1061.4285,11.09
1789917840000,1061.4285,11.09
1789917900000,1061.4285,11.09
1789917960000,1061.4285,11.09
1789918020000,1061.4285,11.09
1789918080000,1061.4285,11.09
1789918140000,1061.4285,11.09
1789918200000,1061.4285,11.09
1789918260000,1061.4285,11.09
1789918320000,1061.4285,11.09
1789918380000,1061.4285,11.09
1789918440000,1061.4285,11.09
1789918500000,1061.4285,11.09
1789918560000,1061.4285,11.09
1789918620000,1061.4285,11.09
1789918680000,1061.4285,11.09
1789918740000,1061.4285,11.09
1789918800000,1061.4285,11.09
1789918860000,1061.4285,11.09
1789918920000,1061.4285,11.09
1789918980000,1061.4285,11.09
1789919040000,1061.4285,11.09
1789919100000,1061.4285,11.09
1789919160000,1061.4285,11.09
1789919220000,1061.4285,11.09
1789919280000,1061.4285,11.09
1789919340000,1061.4285,11.09
1789919400000,1061.4285,11.09
1789919460000,1061.4285,11.09
1789919520000,1061.4285,11.09
1789919580000,1061.4285,11.09
1789919640000,1061.4285,11.09
1789919700000,1061.4285,11.09
1789919760000,1061.4285,11.09
1789919820000,1061.4285,11.09
1789919880000,1061.4285,11.09
1789919940000,1061.4285,11.09
1789920000000,1061.4285,11.09
1789920060000,1061.4285,11.09
1789920120000,1061.4285,11.09
1789920180000,1061.4285,11.09
1789920240000,1061.4285,11.09
1789920300000,1061.4285,11.09
1789920360000,1061.4285,11.09
1789920420000,1061.4285,11.09
1789920480000,1061.4285,11.09
1789920540000,1061.4285,11.09
1789920600000,1061.4285,11.09
1789920660000,1061.4285,11.09
1789920720000,1061.4285,11.09
1789920780000,1061.4285,11.09
1789920840000,1061.4285,11.09
1789920900000,1061.4285,11.09
1789920960000,1061.4285,11.09
1789921020000,1061.4285,11.09
1789921080000,1061.4285,11.09
1789921140000,1061.4285,11.09
1789921200000,1061.4285,11.09
1789921260000,1061.4285,11.09
1789921320000,1061.4285,11.09
1789921380000,1061.4285,11.09
1789921440000,1061.4285,11.09
1789921500000,1061.4285,11.09
1789921560000,1061.4285,11.09
1789921620000,1061.4285,11.09
1789921680000,1061.4285,11.09
1789921740000,1061.4285,11.09
1789921800000,1061.4285,11.09
1789921860000,1061.4285,11.09
1789921920000,1061.4285,11.09
1789921980000,1061.4285,11.09
1789922040000,1061.4285,11.09
1789922100000,1061.4285,11.09
1789922160000,1061.4285,11.09
1789922220000,1061.4285,11.09
1789922280000,1061.4285,11.09
1789922340000,1061.4285,11.09
1789922400000,1061.4285,11.09
1789922460000,1061.4285,11.09
1789922520000,1061.4285,11.09
1789922580000,1061.4285,11.09
1789922640000,1061.4285,11.09
1789922700000,1061.4285,11.09
1789922760000,1061.4285,11.09
1789922820000,1061.4285,11.09
1789922880000,1061.4285,11.09
1789922940000,1061.4285,11.09
1789923000000,1061.4285,11.09
1789923060000,1061.4285,11.09
1789923120000,1061.4285,11.09
1789923180000,1061.4285,11.09
1789923240000,1061.4285,11.09
1789923300000,1061.4285,11.09
1789923360000,1061.4285,11.09
1789923420000,1061.4285,11.09
1789923480000,1061.4285,11.09
1789923540000,1061.4285,11.09
1789923600000,1061.4285,11.09
1789923660000,1061.4285,11.09
1789923720000,1061.4285,11.09
1789923780000,1061.4285,11.09
1789923840000,1061.4285,11.09
1789923900000,1061.4285,11.09
1789923960000,1082.9444,9.29
1789928280000,1082.9444,9.29
1789928340000,1082.9444,9.29
1789928400000,1082.9444,9.29
1789928460000,1082.9444,9.29
1789928520000,1082.9444,9.29
1789928580000,1082.9444,9.29
1789928640000,1082.9444,9.29
1789928700000,1082.9444,9.29
1789928760000,1082.9444,9.29
1789928820000,1082.9444,9.29
1789928880000,1082.9444,9.29
1789928940000,1082.9444,9.29
1789929000000,1082.9444,9.29
1789929060000,1082.9444,9.29
1789929120000,1082.9444,9.29
1789929180000,1082.9444,9.29
1789929240000,1082.9444,9.29
1789929300000,1082.9444,9.29
1789929360000,1082.9444,9.29
1789929420000,1082.9444,9.29
1789929480000,1082.9444,9.29
1789929540000,1082.9444,9.29
1789929600000,1082.9444,9.29
1789929660000,1082.9444,9.29
1789929720000,1082.9444,9.29
1789929780000,1082.9444,9.29
1789929840000,1082.9444,9.29
1789929900000,1082.9444,9.29
1789929960000,1082.9444,9.29
1789930020000,1082.9444,9.29
1789930080000,1082.9444,9.29
1789930140000,1082.9444,9.29
1789930200000,1082.9444,9.29
1789930260000,1082.9444,9.29
1789930320000,1082.9444,9.29
1789930380000,1082.9444,9.29
1789930440000,1082.9444,9.29
1789930500000,1082.9444,9.29
1789930560000,1082.9444,9.29
1789930620000,1082.9444,9.29
1789930680000,1082.9444,9.29
1789930740000,1082.9444,9.29
1789930800000,1082.9444,9.29
1789930860000,1082.9444,9.29
1789930920000,1082.9444,9.29
1789930980000,1082.9444,9.29
1789931040000,1082.9444,9.29
1789931100000,1082.9444,9.29
1789931160000,1082.9444,9.29
1789931220000,1082.9444,9.29
1789931280000,1082.9444,9.29
1789931340000,1082.9444,9.29
1789931400000,1082.9444,9.29
1789931460000,1082.9444,9.29
1789931520000,1082.9444,9.29
1789931580000,1082.9444,9.29
1789931640000,1082.9444,9.29
1789931700000,1082.9444,9.29
1789931760000,1082.9444,9.29
1789931820000,1082.9444,9.29
1789931880000,1082.9444,9.29
1789931940000,1082.9444,9.29
1789932000000,1082.9444,9.29
1789932060000,1082.9444,9.29
1789932120000,1082.9444,9.29
1789932180000,1082.9444,9.29
1789932240000,1082.9444,9.29
1789932300000,1082.9444,9.29
1789932360000,1082.9444,9.29
1789932420000,1082.9444,9.29
1789932480000,1082.9444,9.29
1789932540000,1082.9444,9.29
1789932600000,1082.9444,9.29
1789932660000,1082.9444,9.29
1789932720000,1082.9444,9.29
1789932780000,1082.9444,9.29
1789932840000,1082.9444,9.29
1789932900000,1082.9444,9.29
1789932960000,1082.9444,9.29
1789933020000,1082.9444,9.29
1789933080000,1082.9444,9.29
1789933140000,1082.9444,9.29
1789933200000,1082.9444,9.29
1789933260000,1082.9444,9.29
1789933320000,1082.9444,9.29
1789933380000,1082.9444,9.29
1789933440000,1082.9444,9.29
1789933500000,1082.9444,9.29
1789933560000,1082.9444,9.29
1789933620000,1082.9444,9.29
1789933680000,1082.9444,9.29
1789933740000,1082.9444,9.29
1789933800000,1082.9444,9.29
1789933860000,1082.9444,9.29
1789933920000,1082.9444,9.29
1789933980000,1082.9444,9.29
1789934040000,1082.9444,9.29
1789934100000,1082.9444,9.29
1789934160000,1082.9444,9.29
1789934220000,1082.9444,9.29
1789934280000,1082.9444,9.29
1789934340000,1082.9444,9.29
1789934400000,1082.9444,9.29
1789934460000,1082.9444,9.29
1789934520000,1082.9444,9.29
1789934580000,1082.9444,9.29
1789934640000,1082.9444,9.29
1789934700000,1082.9444,9.29
1789934760000,1082.9444,9.29
1789934820000,1082.9444,9.29
1789934880000,1082.9444,9.29
1789934940000,1082.9444,9.29
1789935000000,1082.9444,9.29
1789935060000,1082.9444,9.29
1789935120000,1082.9444,9.29
1789935180000,1082.9444,9.29
1789935240000,1082.9444,9.29
1789935300000,1082.9444,9.29
1789935360000,1082.9444,9.29
1789935420000,1082.9444,9.29
1789935480000,1082.9444,9.29
1789935540000,1082.9444,9.29
1789935600000,1082.9444,9.29
1789935660000,1082.9444,9.29
1789935720000,1082.9444,9.29
1789935780000,1082.9444,9.29
1789935840000,1082.9444,9.29
1789935900000,1082.9444,9.29
1789935960000,1082.9444,9.29
1789936020000,1082.9444,9.29
1789936080000,1082.9444,9.29
1789936140000,1082.9444,9.29
1789936200000,1082.9444,9.29
1789936260000,1082.9444,9.29
1789936320000,1082.9444,9.29
1789936380000,1082.9444,9.29
1789936440000,1082.9444,9.29
1789936500000,1082.9444,9.29
1789936560000,1082.9444,9.29
1789936620000,1082.9444,9.29
1789936680000,1082.9444,9.29
1789936740000,1082.9444,9.29
1789936800000,1082.9444,9.29
1789936860000,1082.9444,9.29
1789936920000,1082.9444,9.29
1789936980000,1082.9444,9.29
1789937040000,1082.9444,9.29
1789937100000,1082.9444,9.29
1789937160000,1082.9444,9.29
1789937220000,1082.9444,9.29
1789937280000,1082.9444,9.29
1789937340000,1082.9444,9.29
1789937400000,1082.9444,9.29
1789937460000,1082.9444,9.29
1789937520000,1082.9444,9.29
1789937580000,1082.9444,9.29
1789937640000,1082.9444,9.29
1789937700000,1082.9444,9.29
1789937760000,1082.9444,9.29
1789937820000,1082.9444,9.29
1789937880000,1082.9444,9.29
1789937940000,1082.9444,9.29
1789938000000,1082.9444,9.29
1789938060000,1082.9444,9.29
1789938120000,1073.062,10.12
1789979220000,1073.062,10.12
1789979280000,1073.062,10.12
1789979340000,1073.062,10.12
1789979400000,1073.062,10.12
1789979460000,1073.062,10.12
1789979520000,1073.062,10.12
1789979580000,1073.062,10.12
1789979640000,1073.062,10.12
1789979700000,1073.062,10.12
1789979760000,1073.062,10.12
1789979820000,1073.062,10.12
1789979880000,1073.062,10.12
1789979940000,1073.062,10.12
1789980000000,1073.062,10.12
1789980060000,1073.062,10.12
1789980120000,1073.062,10.12
1789980180000,1073.062,10.12
1789980240000,1073.062,10.12
1789980300000,1073.062,10.12
1789980360000,1073.062,10.12
1789980420000,1073.062,10.12
1789980480000,1073.062,10.12
1789980540000,1073.062,10.12
1789980600000,1073.062,10.12
1789980660000,1073.062,10.12
1789980720000,1073.062,10.12
1789980780000,1073.062,10.12
1789980840000,1073.062,10.12
1789980900000,1073.062,10.12
1789980960000,1073.062,10.12
1789981020000,1073.062,10.12
1789981080000,1073.062,10.12
1789981140000,1073.062,10.12
1789981200000,1073.062,10.12
1789981260000,1073.062,10.12
1789981320000,1073.062,10.12
1789981380000,1073.062,10.12
1789981440000,1073.062,10.12
1789981500000,1073.062,10.12
1789981560000,1073.062,10.12
1789981620000,1073.062,10.12
1789981680000,1073.062,10.12
1789981740000,1073.062,10.12
1789981800000,1073.062,10.12
1789981860000,1073.062,10.12
1789981920000,1073.062,10.12
1789981980000,1073.062,10.12
1789982040000,1073.062,10.12
1789982100000,1073.062,10.12
1789982160000,1073.062,10.12
1789982220000,1073.062,10.12
1789982280000,1073.062,10.12
1789982340000,1073.062,10.12
1789982400000,1073.062,10.12
1789982460000,1073.062,10.12
1789982520000,1073.062,10.12
1789982580000,1073.062,10.12
1789982640000,1073.062,10.12
1789982700000,1073.062,10.12
1789982760000,1073.062,10.12
1789982820000,1073.062,10.12
1789982880000,1073.062,10.12
1789982940000,1095.9987,8.2
1789996020000,1095.9987,8.2
1789996080000,1095.9987,8.2
1789996140000,1095.9987,8.2
1789996200000,1095.9987,8.2
1789996260000,1095.9987,8.2
1789996320000,1095.9987,8.2
1789996380000,1095.9987,8.2
1789996440000,1095.9987,8.2
1789996500000,1095.9987,8.2
1789996560000,1095.9987,8.2
1789996620000,1095.9987,8.2
1789996680000,1095.9987,8.2
1789996740000,1095.9987,8.2
1789996800000,1095.9987,8.2
1789996860000,1095.9987,8.2
1789996920000,1095.9987,8.2
1789996980000,1095.9987,8.2
1789997040000,1095.9987,8.2
1789997100000,1095.9987,8.2
1789997160000,1095.9987,8.2
1789997220000,1095.9987,8.2
1789997280000,1095.9987,8.2
1789997340000,1095.9987,8.2
1789997400000,1095.9987,8.2
1789997460000,1086.3675,9.0
1789998720000,1086.3675,9.0
1789998780000,1086.3675,9.0
1789998840000,1086.3675,9.0
1789998900000,1086.3675,9.0
1789998960000,1086.3675,9.0
1789999020000,1086.3675,9.0
1789999080000,1086.3675,9.0
1789999140000,1086.3675,9.0
1789999200000,1086.3675,9.0
1789999260000,1086.3675,9.0
1789999320000,1086.3675,9.0
1789999380000,1086.3675,9.0
1789999440000,1086.3675,9.0
1789999500000,1077.2312,9.77
1790000640000,1077.2312,9.77
1790000700000,1077.2312,9.77
1790000760000,1077.2312,9.77
1790000820000,1077.2312,9.77
1790000880000,1077.2312,9.77
1790000940000,1077.2312,9.77
1790001000000,1077.2312,9.77
1790001060000,1077.2312,9.77
1790001120000,1077.2312,9.77
1790001180000,1077.2312,9.77
1790001240000,1077.2312,9.77
1790001300000,1077.2312,9.77
1790001360000,1077.2312,9.77
1790001420000,1077.2312,9.77
1790001480000,1077.2312,9.77
1790001540000,1077.2312,9.77
1790001600000,1077.2312,9.77
1790001660000,1077.2312,9.77
1790001720000,1077.2312,9.77
1790001780000,1077.2312,9.77
1790001840000,1077.2312,9.77
1790001900000,1077.2312,9.77
1790001960000,1077.2312,9.77
1790002020000,1077.2312,9.77
1790002080000,1077.2312,9.77
1790002140000,1077.2312,9.77
1790002200000,1077.2312,9.77
1790002260000,1077.2312,9.77
1790002320000,1077.2312,9.77
1790002380000,1077.2312,9.77
1790002440000,1077.2312,9.77
1790002500000,1077.2312,9.77
1790002560000,1077.2312,9.77
1790002620000,1077.2312,9.77
1790002680000,1077.2312,9.77
1790002740000,1077.2312,9.77
1790002800000,1077.2312,9.77
1790002860000,1077.2312,9.77
1790002920000,1077.2312,9.77
1790002980000,1077.2312,9.77
1790003040000,1077.2312,9.77
1790003100000,1077.2312,9.77
1790003160000,1077.2312,9.77
1790003220000,1077.2312,9.77
1790003280000,1077.2312,9.77
1790003340000,1077.2312,9.77
1790003400000,1077.2312,9.77
1790003460000,1077.2312,9.77
1790003520000,1077.2312,9.77
1790003580000,1077.2312,9.77
1790003640000,1077.2312,9.77
1790003700000,1077.2312,9.77
1790003760000,1077.2312,9.77
1790003820000,1077.2312,9.77
1790003880000,1077.2312,9.77
1790003940000,1077.2312,9.77
1790004000000,1077.2312,9.77
1790004060000,1077.2312,9.77
1790004120000,1077.2312,9.77
1790004180000,1077.2312,9.77
1790004240000,1077.2312,9.77
1790004300000,1077.2312,9.77
1790004360000,1077.2312,9.77
1790004420000,1077.2312,9.77
1790004480000,1077.2312,9.77
1790004540000,1077.2312,9.77
1790004600000,1077.2312,9.77
1790004660000,1077.2312,9.77
1790004720000,1077.2312,9.77
1790004780000,1077.2312,9.77
1790004840000,1077.2312,9.77
1790004900000,1077.2312,9.77
1790004960000,1077.2312,9.77
1790005020000,1077.2312,9.77
1790005080000,1077.2312,9.77
1790005140000,1077.2312,9.77
1790005200000,1077.2312,9.77
1790005260000,1077.2312,9.77
1790005320000,1077.2312,9.77
1790005380000,1077.2312,9.77
1790005440000,1077.2312,9.77
1790005500000,1077.2312,9.77
1790005560000,1077.2312,9.77
1790005620000,1077.2312,9.77
1790005680000,1077.2312,9.77
1790005740000,1077.2312,9.77
1790005800000,1077.2312,9.77
1790005860000,1077.2312,9.77
1790005920000,1077.2312,9.77
1790005980000,1077.2312,9.77
1790006040000,1077.2312,9.77
1790006100000,1077.2312,9.77
1790006160000,1077.2312,9.77
1790006220000,1077.2312,9.77
1790006280000,1077.2312,9.77
1790006340000,1077.2312,9.77
1790006400000,1077.2312,9.77
1790006460000,1077.2312,9.77
1790006520000,1077.2312,9.77
1790006580000,1077.2312,9.77
1790006640000,1077.2312,9.77
1790006700000,1077.2312,9.77
1790006760000,1077.2312,9.77
1790006820000,1077.2312,9.77
1790006880000,1077.2312,9.77
1790006940000,1077.2312,9.77
1790007000000,1077.2312,9.77
1790007060000,1077.2312,9.77
1790007120000,1077.2312,9.77
1790007180000,1077.2312,9.77
1790007240000,1077.2312,9.77
1790007300000,1077.2312,9.77
1790007360000,1077.2312,9.77
1790007420000,1077.2312,9.77
1790007480000,1077.2312,9.77
1790007540000,1077.2312,9.77
1790007600000,1077.2312,9.77
1790007660000,1077.2312,9.77
1790007720000,1077.2312,9.77
1790007780000,1077.2312,9.77
1790007840000,1077.2312,9.77
1790007900000,1077.2312,9.77
1790007960000,1077.2312,9.77
1790008020000,1077.2312,9.77
1790008080000,1077.2312,9.77
1790008140000,1077.2312,9.77
1790008200000,1077.2312,9.77
1790008260000,1077.2312,9.77
1790008320000,1077.2312,9.77
1790008380000,1077.2312,9.77
1790008440000,1077.2312,9.77
1790008500000,1077.2312,9.77
1790008560000,1077.2312,9.77
1790008620000,1077.2312,9.77
1790008680000,1077.2312,9.77
1790008740000,1077.2312,9.77
1790008800000,1077.2312,9.77
1790008860000,1077.2312,9.77
1790008920000,1077.2312,9.77
1790008980000,1077.2312,9.77
1790009040000,1077.2312,9.77
1790009100000,1077.2312,9.77
1790009160000,1077.2312,9.77
1790009220000,1077.2312,9.77
1790009280000,1077.2312,9.77
1790009340000,1077.2312,9.77
1790009400000,1077.2312,9.77
1790009460000,1077.2312,9.77
1790009520000,1077.2312,9.77
1790009580000,1077.2312,9.77
1790009640000,1077.2312,9.77
1790009700000,1077.2312,9.77
1790009760000,1077.2312,9.77
1790009820000,1077.2312,9.77
1790009880000,1077.2312,9.77
1790009940000,1077.2312,9.77
1790010000000,1077.2312,9.77
1790010060000,1077.2312,9.77
1790010120000,1077.2312,9.77
1790010180000,1077.2312,9.77
1790010240000,1077.2312,9.77
1790010300000,1077.2312,9.77
1790010360000,1077.2312,9.77
1790010420000,1077.2312,9.77
1790010480000,1077.2312,9.77
1790010540000,1077.2312,9.77
1790010600000,1077.2312,9.77
1790010660000,1077.2312,9.77
1790010720000,1077.2312,9.77
1790010780000,1077.2312,9.77
1790010840000,1077.2312,9.77
1790010900000,1077.2312,9.77
1790010960000,1077.2312,9.77
1790011020000,1077.2312,9.77
1790011080000,1077.2312,9.77
1790011140000,1077.2312,9.77
1790011200000,1077.2312,9.77
1790011260000,1077.2312,9.77
1790011320000,1077.2312,9.77
1790011380000,1077.2312,9.77
1790011440000,1077.2312,9.77
1790011500000,1077.2312,9.77
1790011560000,1077.2312,9.77
1790011620000,1077.2312,9.77
1790011680000,1077.2312,9.77
1790011740000,1077.2312,9.77
1790011800000,1077.2312,9.77
1790011860000,1077.2312,9.77
1790011920000,1077.2312,9.77
1790011980000,1077.2312,9.77
1790012040000,1077.2312,9.77
1790012100000,1077.2312,9.77
1790012160000,1077.2312,9.77
1790012220000,1077.2312,9.77
1790012280000,1077.2312,9.77
1790012340000,1077.2312,9.77
1790012400000,1077.2312,9.77
1790012460000,1077.2312,9.77
1790012520000,1077.2312,9.77
1790012580000,1077.2312,9.77
1790012640000,1077.2312,9.77
1790012700000,1077.2312,9.77
1790012760000,1077.2312,9.77
1790012820000,1077.2312,9.77
1790012880000,1077.2312,9.77
1790012940000,1077.2312,9.77
1790013000000,1077.2312,9.77
1790013060000,1077.2312,9.77
1790013120000,1077.2312,9.77
1790013180000,1077.2312,9.77
1790013240000,1077.2312,9.77
1790013300000,1077.2312,9.77
1790013360000,1077.2312,9.77
1790013420000,1077.2312,9.77
1790013480000,1077.2312,9.77
1790013540000,1077.2312,9.77
1790013600000,1077.2312,9.77
1790013660000,1077.2312,9.77
1790013720000,1077.2312,9.77
1790013780000,1077.2312,9.77
1790013840000,1077.2312,9.77
1790013900000,1077.2312,9.77
1790013960000,1077.2312,9.77
1790014020000,1077.2312,9.77
1790014080000,1077.2312,9.77
1790014140000,1077.2312,9.77
1790014200000,1077.2312,9.77
1790014260000,1077.2312,9.77
1790014320000,1077.2312,9.77
1790014380000,1077.2312,9.77
1790014440000,1077.2312,9.77
1790014500000,1077.2312,9.77
1790014560000,1077.2312,9.77
1790014620000,1077.2312,9.77
1790014680000,1077.2312,9.77
1790014740000,1077.2312,9.77
1790014800000,1077.2312,9.77
1790014860000,1077.2312,9.77
1790014920000,1077.2312,9.77
1790014980000,1077.2312,9.77
1790015040000,1077.2312,9.77
1790015100000,1077.2312,9.77
1790015160000,1077.2312,9.77
1790015220000,1077.2312,9.77
1790015280000,1077.2312,9.77
1790015340000,1077.2312,9.77
1790015400000,1077.2312,9.77
1790015460000,1077.2312,9.77
1790015520000,1077.2312,9.77
1790015580000,1077.2312,9.77
1790015640000,1077.2312,9.77
1790015700000,1077.2312,9.77
1790015760000,1077.2312,9.77
1790015820000,1077.2312,9.77
1790015880000,1077.2312,9.77
1790015940000,1077.2312,9.77
1790016000000,1077.2312,9.77
1790016060000,1077.2312,9.77
1790016120000,1077.2312,9.77
1790016180000,1077.2312,9.77
1790016240000,1077.2312,9.77
1790016300000,1077.2312,9.77
1790016360000,1077.2312,9.77
1790016420000,1077.2312,9.77
1790016480000,1077.2312,9.77
1790016540000,1077.2312,9.77
1790016600000,1077.2312,9.77
1790016660000,1077.2312,9.77
1790016720000,1077.2312,9.77
1790016780000,1077.2312,9.77
1790016840000,1077.2312,9.77
1790016900000,1077.2312,9.77
1790016960000,1077.2312,9.77
1790017020000,1077.2312,9.77
1790017080000,1077.2312,9.77
1790017140000,1077.2312,9.77
1790017200000,1077.2312,9.77
1790017260000,1077.2312,9.77
1790017320000,1077.2312,9.77
1790017380000,1077.2312,9.77
1790017440000,1077.2312,9.77
1790017500000,1077.2312,9.77
1790017560000,1077.2312,9.77
1790017620000,1077.2312,9.77
1790017680000,1077.2312,9.77
1790017740000,1077.2312,9.77
1790017800000,1077.2312,9.77
1790017860000,1077.2312,9.77
1790017920000,1077.2312,9.77
1790017980000,1077.2312,9.77
1790018040000,1077.2312,9.77
1790018100000,1077.2312,9.77
1790018160000,1077.2312,9.77
1790018220000,1077.2312,9.77
1790018280000,1077.2312,9.77
1790018340000,1077.2312,9.77
1790018400000,1077.2312,9.77
1790018460000,1077.2312,9.77
1790018520000,1077.2312,9.77
1790018580000,1077.2312,9.77
1790018640000,1077.2312,9.77
1790018700000,1077.2312,9.77
1790018760000,1077.2312,9.77
1790018820000,1077.2312,9.77
1790018880000,1077.2312,9.77
1790018940000,1077.2312,9.77
1790019000000,1077.2312,9.77
1790019060000,1077.2312,9.77
1790019120000,1077.2312,9.77
1790019180000,1077.2312,9.77
1790019240000,1077.2312,9.77
1790019300000,1077.2312,9.77
1790019360000,1077.2312,9.77
1790019420000,1077.2312,9.77
1790019480000,1077.2312,9.77
1790019540000,1077.2312,9.77
1790019600000,1077.2312,9.77
1790019660000,1077.2312,9.77
1790019720000,1077.2312,9.77
1790019780000,1077.2312,9.77
1790019840000,1077.2312,9.77
1790019900000,1077.2312,9.77
1790019960000,1077.2312,9.77
1790020020000,1077.2312,9.77
1790020080000,1077.2312,9.77
1790020140000,1077.2312,9.77
1790020200000,1077.2312,9.77
1790020260000,1077.2312,9.77
1790020320000,1077.2312,9.77
1790020380000,1077.2312,9.77
1790020440000,1077.2312,9.77
1790020500000,1077.2312,9.77
1790020560000,1077.2312,9.77
1790020620000,1077.2312,9.77
1790020680000,1077.2312,9.77
1790020740000,1077.2312,9.77
1790020800000,1077.2312,9.77
1790020860000,1077.2312,9.77
1790020920000,1077.2312,9.77
1790020980000,1077.2312,9.77
1790021040000,1077.2312,9.77
1790021100000,1077.2312,9.77
1790021160000,1077.2312,9.77
1790021220000,1077.2312,9.77
1790021280000,1077.2312,9.77
1790021340000,1077.2312,9.77
1790021400000,1077.2312,9.77
1790021460000,1077.2312,9.77
1790021520000,1077.2312,9.77
1790021580000,1077.2312,9.77
1790021640000,1077.2312,9.77
1790021700000,1077.2312,9.77
1790021760000,1077.2312,9.77
1790021820000,1077.2312,9.77
1790021880000,1077.2312,9.77
1790021940000,1100.6598,7.81
1790065620000,1100.6598,7.81
1790065680000,1100.6598,7.81
1790065740000,1100.6598,7.81
1790065800000,1100.6598,7.81
1790065860000,1100.6598,7.81
1790065920000,1100.6598,7.81
1790065980000,1100.6598,7.81
1790066040000,1100.6598,7.81
1790066100000,1100.6598,7.81
1790066160000,1089.6161,8.73
1790070840000,1089.6161,8.73
1790070900000,1089.6161,8.73
1790070960000,1089.6161,8.73
1790071020000,1089.6161,8.73
1790071080000,1089.6161,8.73
1790071140000,1089.6161,8.73
1790071200000,1089.6161,8.73
1790071260000,1089.6161,8.73
1790071320000,1089.6161,8.73
1790071380000,1089.6161,8.73
1790071440000,1089.6161,8.73
1790071500000,1089.6161,8.73
1790071560000,1089.6161,8.73
1790071620000,1089.6161,8.73
1790071680000,1089.6161,8.73
1790071740000,1089.6161,8.73
1790071800000,1089.6161,8.73
1790071860000,1089.6161,8.73
1790071920000,1089.6161,8.73
1790071980000,1089.6161,8.73
1790072040000,1089.6161,8.73
1790072100000,1089.6161,8.73
1790072160000,1089.6161,8.73
1790072220000,1089.6161,8.73
1790072280000,1089.6161,8.73
1790072340000,1089.6161,8.73
1790072400000,1089.6161,8.73
1790072460000,1089.6161,8.73
1790072520000,1089.6161,8.73
1790072580000,1089.6161,8.73
1790072640000,1079.3871,9.59
1790093460000,1079.3871,9.59
1790093520000,1079.3871,9.59
1790093580000,1079.3871,9.59
1790093640000,1079.3871,9.59
1790093700000,1079.3871,9.59
1790093760000,1079.3871,9.59
1790093820000,1079.3871,9.59
1790093880000,1079.3871,9.59
1790093940000,1079.3871,9.59
1790094000000,1079.3871,9.59
1790094060000,1079.3871,9.59
1790094120000,1079.3871,9.59
1790094180000,1079.3871,9.59
1790094240000,1079.3871,9.59
1790094300000,1079.3871,9.59
1790094360000,1079.3871,9.59
1790094420000,1079.3871,9.59
1790094480000,1079.3871,9.59
1790094540000,1079.3871,9.59
1790094600000,1079.3871,9.59
1790094660000,1079.3871,9.59
1790094720000,1079.3871,9.59
1790094780000,1079.3871,9.59
1790094840000,1079.3871,9.59
1790094900000,1079.3871,9.59
1790094960000,1079.3871,9.59
1790095020000,1079.3871,9.59
1790095080000,1079.3871,9.59
1790095140000,1079.3871,9.59
1790095200000,1079.3871,9.59
1790095260000,1079.3871,9.59
1790095320000,1079.3871,9.59
1790095380000,1079.3871,9.59
1790095440000,1079.3871,9.59
1790095500000,1079.3871,9.59
1790095560000,1079.3871,9.59
1790095620000,1079.3871,9.59
1790095680000,1079.3871,9.59
1790095740000,1079.3871,9.59
1790095800000,1079.3871,9.59
1790095860000,1069.749,10.39
1790168940000,1069.749,10.39
1790169000000,1069.749,10.39
1790169060000,1069.749,10.39
1790169120000,1069.749,10.39
1790169180000,1069.749,10.39
1790169240000,1069.749,10.39
1790169300000,1069.749,10.39
1790169360000,1069.749,10.39
1790169420000,1069.749,10.39
1790169480000,1069.749,10.39
1790169540000,1069.749,10.39
1790169600000,1069.749,10.39
1790169660000,1069.749,10.39
1790169720000,1069.749,10.39
1790169780000,1069.749,10.39
1790169840000,1069.749,10.39
1790169900000,1069.749,10.39
1790169960000,1069.749,10.39
1790170020000,1069.749,10.39
1790170080000,1069.749,10.39
1790170140000,1069.749,10.39
1790170200000,1069.749,10.39
1790170260000,1069.749,10.39
1790170320000,1069.749,10.39
1790170380000,1069.749,10.39
1790170440000,1069.749,10.39
1790170500000,1069.749,10.39
1790170560000,1069.749,10.39
1790170620000,1069.749,10.39
1790170680000,1059.6729,11.24
1790172600000,1059.6729,11.24
1790172660000,1059.6729,11.24
1790172720000,1059.6729,11.24
1790172780000,1059.6729,11.24
1790172840000,1059.6729,11.24
1790172900000,1059.6729,11.24
1790172960000,1059.6729,11.24
1790173020000,1059.6729,11.24
1790173080000,1059.6729,11.24
1790173140000,1059.6729,11.24
1790173200000,1059.6729,11.24
1790173260000,1059.6729,11.24
1790173320000,1059.6729,11.24
1790173380000,1059.6729,11.24
1790173440000,1059.6729,11.24
1790173500000,1059.6729,11.24
1790173560000,1059.6729,11.24
1790173620000,1059.6729,11.24
1790173680000,1059.6729,11.24
1790173740000,1059.6729,11.24
1790173800000,1059.6729,11.24
1790173860000,1059.6729,11.24
1790173920000,1059.6729,11.24
1790173980000,1059.6729,11.24
1790174040000,1059.6729,11.24
1790174100000,1059.6729,11.24
1790174160000,1059.6729,11.24
1790174220000,1059.6729,11.24
1790174280000,1059.6729,11.24
1790174340000,1059.6729,11.24
1790174400000,1059.6729,11.24
1790174460000,1059.6729,11.24
1790174520000,1059.6729,11.24
1790174580000,1059.6729,11.24
1790174640000,1059.6729,11.24
1790174700000,1059.6729,11.24
1790174760000,1059.6729,11.24
1790174820000,1059.6729,11.24
1790174880000,1059.6729,11.24
1790174940000,1059.6729,11.24
1790175000000,1059.6729,11.24
1790175060000,1059.6729,11.24
1790175120000,1059.6729,11.24
1790175180000,1059.6729,11.24
1790175240000,1059.6729,11.24
1790175300000,1059.6729,11.24
1790175360000,1059.6729,11.24
1790175420000,1059.6729,11.24
1790175480000,1059.6729,11.24
1790175540000,1059.6729,11.24
1790175600000,1059.6729,11.24
1790175660000,1059.6729,11.24
1790175720000,1059.6729,11.24
1790175780000,1059.6729,11.24
1790175840000,1059.6729,11.24
1790175900000,1059.6729,11.24
1790175960000,1059.6729,11.24
1790176020000,1059.6729,11.24
1790176080000,1059.6729,11.24
1790176140000,1059.6729,11.24
1790176200000,1059.6729,11.24
1790176260000,1059.6729,11.24
1790176320000,1059.6729,11.24
1790176380000,1059.6729,11.24
1790176440000,1059.6729,11.24
1790176500000,1059.6729,11.24
1790176560000,1059.6729,11.24
1790176620000,1059.6729,11.24
1790176680000,1059.6729,11.24
1790176740000,1059.6729,11.24
1790176800000,1059.6729,11.24
1790176860000,1059.6729,11.24
1790176920000,1059.6729,11.24
1790176980000,1059.6729,11.24
1790177040000,1059.6729,11.24
1790177100000,1059.6729,11.24
1790177160000,1059.6729,11.24
1790177220000,1059.6729,11.24
1790177280000,1059.6729,11.24
1790177340000,1059.6729,11.24
1790177400000,1059.6729,11.24
1790177460000,1059.6729,11.24
1790177520000,1059.6729,11.24
1790177580000,1059.6729,11.24
1790177640000,1059.6729,11.24
1790177700000,1059.6729,11.24
1790177760000,1059.6729,11.24
1790177820000,1059.6729,11.24
1790177880000,1059.6729,11.24
1790177940000,1059.6729,11.24
1790178000000,1059.6729,11.24
1790178060000,1059.6729,11.24
1790178120000,1059.6729,11.24
1790178180000,1059.6729,11.24
1790178240000,1059.6729,11.24
1790178300000,1059.6729,11.24
1790178360000,1059.6729,11.24
1790178420000,1059.6729,11.24
1790178480000,1059.6729,11.24
1790178540000,1059.6729,11.24
1790178600000,1059.6729,11.24
1790178660000,1059.6729,11.24
1790178720000,1059.6729,11.24
1790178780000,1059.6729,11.24
1790178840000,1059.6729,11.24
1790178900000,1059.6729,11.24
1790178960000,1059.6729,11.24
1790179020000,1059.6729,11.24
1790179080000,1059.6729,11.24
1790179140000,1059.6729,11.24
1790179200000,1059.6729,11.24
1790179260000,1059.6729,11.24
1790179320000,1059.6729,11.24
1790179380000,1059.6729,11.24
1790179440000,1059.6729,11.24
1790179500000,1059.6729,11.24
1790179560000,1059.6729,11.24
1790179620000,1059.6729,11.24
1790179680000,1059.6729,11.24
1790179740000,1059.6729,11.24
1790179800000,1059.6729,11.24
1790179860000,1059.6729,11.24
1790179920000,1059.6729,11.24
1790179980000,1059.6729,11.24
1790180040000,1059.6729,11.24
1790180100000,1059.6729,11.24
1790180160000,1059.6729,11.24
1790180220000,1059.6729,11.24
1790180280000,1059.6729,11.24
1790180340000,1059.6729,11.24
1790180400000,1059.6729,11.24
1790180460000,1059.6729,11.24
1790180520000,1059.6729,11.24
1790180580000,1059.6729,11.24
1790180640000,1059.6729,11.24
1790180700000,1059.6729,11.24
1790180760000,1059.6729,11.24
1790180820000,1059.6729,11.24
1790180880000,1059.6729,11.24
1790180940000,1059.6729,11.24
1790181000000,1059.6729,11.24
1790181060000,1059.6729,11.24
1790181120000,1059.6729,11.24
1790181180000,1059.6729,11.24
1790181240000,1059.6729,11.24
1790181300000,1059.6729,11.24
1790181360000,1059.6729,11.24
1790181420000,1059.6729,11.24
1790181480000,1059.6729,11.24
1790181540000,1059.6729,11.24
1790181600000,1059.6729,11.24
1790181660000,1059.6729,11.24
1790181720000,1059.6729,11.24
1790181780000,1059.6729,11.24
1790181840000,1059.6729,11.24
1790181900000,1059.6729,11.24
1790181960000,1059.6729,11.24
1790182020000,1059.6729,11.24
1790182080000,1059.6729,11.24
1790182140000,1059.6729,11.24
1790182200000,1059.6729,11.24
1790182260000,1059.6729,11.24
1790182320000,1059.6729,11.24
1790182380000,1059.6729,11.24
1790182440000,1059.6729,11.24
1790182500000,1059.6729,11.24
1790182560000,1059.6729,11.24
1790182620000,1059.6729,11.24
1790182680000,1059.6729,11.24
1790182740000,1059.6729,11.24
1790182800000,1059.6729,11.24
1790182860000,1059.6729,11.24
1790182920000,1059.6729,11.24
1790182980000,1059.6729,11.24
1790183040000,1059.6729,11.24
1790183100000,1059.6729,11.24
1790183160000,1059.6729,11.24
1790183220000,1059.6729,11.24
1790183280000,1059.6729,11.24
1790183340000,1059.6729,11.24
1790183400000,1059.6729,11.24
1790183460000,1059.6729,11.24
1790183520000,1059.6729,11.24
1790183580000,1059.6729,11.24
1790183640000,1059.6729,11.24
1790183700000,1059.6729,11.24
1790183760000,1059.6729,11.24
1790183820000,1059.6729,11.24
1790183880000,1059.6729,11.24
1790183940000,1059.6729,11.24
1790184000000,1059.6729,11.24
1790184060000,1059.6729,11.24
1790184120000,1059.6729,11.24
1790184180000,1059.6729,11.24
1790184240000,1059.6729,11.24
1790184300000,1059.6729,11.24
1790184360000,1059.6729,11.24
1790184420000,1059.6729,11.24
1790184480000,1059.6729,11.24
1790184540000,1059.6729,11.24
1790184600000,1059.6729,11.24
1790184660000,1059.6729,11.24
1790184720000,1059.6729,11.24
1790184780000,1059.6729,11.24
1790184840000,1059.6729,11.24
1790184900000,1059.6729,11.24
1790184960000,1059.6729,11.24
1790185020000,1059.6729,11.24
1790185080000,1059.6729,11.24
1790185140000,1059.6729,11.24
1790185200000,1059.6729,11.24
1790185260000,1059.6729,11.24
1790185320000,1059.6729,11.24
1790185380000,1059.6729,11.24
1790185440000,1059.6729,11.24
1790185500000,1059.6729,11.24
1790185560000,1059.6729,11.24
1790185620000,1059.6729,11.24
1790185680000,1059.6729,11.24
1790185740000,1059.6729,11.24
1790185800000,1059.6729,11.24
1790185860000,1059.6729,11.24
1790185920000,1059.6729,11.24
1790185980000,1059.6729,11.24
1790186040000,1059.6729,11.24
1790186100000,1059.6729,11.24
1790186160000,1059.6729,11.24
1790186220000,1059.6729,11.24
1790186280000,1059.6729,11.24
1790186340000,1059.6729,11.24
1790186400000,1059.6729,11.24
1790186460000,1059.6729,11.24
1790186520000,1059.6729,11.24
1790186580000,1059.6729,11.24
1790186640000,1059.6729,11.24
1790186700000,1059.6729,11.24
1790186760000,1059.6729,11.24
1790186820000,1059.6729,11.24
1790186880000,1059.6729,11.24
1790186940000,1059.6729,11.24
1790187000000,1059.6729,11.24
1790187060000,1059.6729,11.24
1790187120000,1059.6729,11.24
1790187180000,1059.6729,11.24
1790187240000,1059.6729,11.24
1790187300000,1059.6729,11.24
1790187360000,1059.6729,11.24
1790187420000,1059.6729,11.24
1790187480000,1059.6729,11.24
1790187540000,1059.6729,11.24
1790187600000,1059.6729,11.24
1790187660000,1059.6729,11.24
1790187720000,1059.6729,11.24
1790187780000,1059.6729,11.24
1790187840000,1059.6729,11.24
1790187900000,1059.6729,11.24
1790187960000,1059.6729,11.24
1790188020000,1059.6729,11.24
1790188080000,1059.6729,11.24
1790188140000,1059.6729,11.24
1790188200000,1059.6729,11.24
1790188260000,1059.6729,11.24
1790188320000,1059.6729,11.24
1790188380000,1059.6729,11.24
1790188440000,1059.6729,11.24
1790188500000,1059.6729,11.24
1790188560000,1059.6729,11.24
1790188620000,1059.6729,11.24
1790188680000,1059.6729,11.24
1790188740000,1059.6729,11.24
1790188800000,1059.6729,11.24
1790188860000,1059.6729,11.24
1790188920000,1059.6729,11.24
1790188980000,1059.6729,11.24
1790189040000,1059.6729,11.24
1790189100000,1059.6729,11.24
1790189160000,1059.6729,11.24
1790189220000,1059.6729,11.24
1790189280000,1059.6729,11.24
1790189340000,1059.6729,11.24
1790189400000,1059.6729,11.24
1790189460000,1059.6729,11.24
1790189520000,1059.6729,11.24
1790189580000,1059.6729,11.24
1790189640000,1059.6729,11.24
1790189700000,1059.6729,11.24
1790189760000,1059.6729,11.24
1790189820000,1059.6729,11.24
1790189880000,1059.6729,11.24
1790189940000,1059.6729,11.24
1790190000000,1059.6729,11.24
1790190060000,1059.6729,11.24
1790190120000,1059.6729,11.24
1790190180000,1059.6729,11.24
1790190240000,1059.6729,11.24
1790190300000,1059.6729,11.24
1790190360000,1059.6729,11.24
1790190420000,1059.6729,11.24
1790190480000,1059.6729,11.24
1790190540000,1059.6729,11.24
1790190600000,1059.6729,11.24
1790190660000,1059.6729,11.24
1790190720000,1059.6729,11.24
1790190780000,1059.6729,11.24
1790190840000,1059.6729,11.24
1790190900000,1059.6729,11.24
1790190960000,1059.6729,11.24
1790191020000,1059.6729,11.24
1790191080000,1059.6729,11.24
1790191140000,1059.6729,11.24
1790191200000,1059.6729,11.24
1790191260000,1059.6729,11.24
1790191320000,1059.6729,11.24
1790191380000,1059.6729,11.24
1790191440000,1059.6729,11.24
1790191500000,1059.6729,11.24
1790191560000,1059.6729,11.24
1790191620000,1059.6729,11.24
1790191680000,1059.6729,11.24
1790191740000,1059.6729,11.24
1790191800000,1059.6729,11.24
1790191860000,1059.6729,11.24
1790191920000,1059.6729,11.24
1790191980000,1059.6729,11.24
1790192040000,1059.6729,11.24
1790192100000,1059.6729,11.24
1790192160000,1059.6729,11.24
1790192220000,1059.6729,11.24
1790192280000,1059.6729,11.24
1790192340000,1059.6729,11.24
1790192400000,1059.6729,11.24
1790192460000,1059.6729,11.24
1790192520000,1059.6729,11.24
1790192580000,1059.6729,11.24
1790192640000,1059.6729,11.24
1790192700000,1059.6729,11.24
1790192760000,1059.6729,11.24
1790192820000,1059.6729,11.24
1790192880000,1059.6729,11.24
1790192940000,1059.6729,11.24
1790193000000,1059.6729,11.24
1790193060000,1059.6729,11.24
1790193120000,1059.6729,11.24
1790193180000,1059.6729,11.24
1790193240000,1059.6729,11.24
1790193300000,1059.6729,11.24
1790193360000,1059.6729,11.24
1790193420000,1059.6729,11.24
1790193480000,1059.6729,11.24
1790193540000,1059.6729,11.24
1790193600000,1059.6729,11.24
1790193660000,1059.6729,11.24
1790193720000,1059.6729,11.24
1790193780000,1059.6729,11.24
1790193840000,1059.6729,11.24
1790193900000,1059.6729,11.24
1790193960000,1059.6729,11.24
1790194020000,1059.6729,11.24
1790194080000,1059.6729,11.24
1790194140000,1059.6729,11.24
1790194200000,1059.6729,11.24
1790194260000,1059.6729,11.24
1790194320000,1059.6729,11.24
1790194380000,1059.6729,11.24
1790194440000,1059.6729,11.24
1790194500000,1059.6729,11.24
1790194560000,1059.6729,11.24
1790194620000,1059.6729,11.24
1790194680000,1059.6729,11.24
1790194740000,1059.6729,11.24
1790194800000,1059.6729,11.24
1790194860000,1059.6729,11.24
1790194920000,1059.6729,11.24
1790194980000,1059.6729,11.24
1790195040000,1059.6729,11.24
1790195100000,1059.6729,11.24
1790195160000,1059.6729,11.24
1790195220000,1059.6729,11.24
1790195280000,1059.6729,11.24
1790195340000,1059.6729,11.24
1790195400000,1059.6729,11.24
1790195460000,1059.6729,11.24
1790195520000,1059.6729,11.24
1790195580000,1059.6729,11.24
1790195640000,1059.6729,11.24
1790195700000,1059.6729,11.24
1790195760000,1059.6729,11.24
1790195820000,1059.6729,11.24
1790195880000,1059.6729,11.24
1790195940000,1059.6729,11.24
1790196000000,1059.6729,11.24
1790196060000,1059.6729,11.24
1790196120000,1059.6729,11.24
1790196180000,1059.6729,11.24
1790196240000,1059.6729,11.24
1790196300000,1059.6729,11.24
1790196360000,1059.6729,11.24
1790196420000,1059.6729,11.24
1790196480000,1059.6729,11.24
1790196540000,1059.6729,11.24
1790196600000,1059.6729,11.24
1790196660000,1059.6729,11.24
1790196720000,1059.6729,11.24
1790196780000,1059.6729,11.24
1790196840000,1059.6729,11.24
1790196900000,1059.6729,11.24
1790196960000,1059.6729,11.24
1790197020000,1059.6729,11.24
1790197080000,1059.6729,11.24
1790197140000,1059.6729,11.24
1790197200000,1059.6729,11.24
1790197260000,1059.6729,11.24
1790197320000,1059.6729,11.24
1790197380000,1059.6729,11.24
1790197440000,1059.6729,11.24
1790197500000,1059.6729,11.24
1790197560000,1059.6729,11.24
1790197620000,1059.6729,11.24
1790197680000,1059.6729,11.24
1790197740000,1059.6729,11.24
1790197800000,1059.6729,11.24
1790197860000,1059.6729,11.24
1790197920000,1059.6729,11.24
1790197980000,1059.6729,11.24
1790198040000,1059.6729,11.24
1790198100000,1059.6729,11.24
1790198160000,1059.6729,11.24
1790198220000,1059.6729,11.24
1790198280000,1059.6729,11.24
1790198340000,1059.6729,11.24
1790198400000,1059.6729,11.24
1790198460000,1059.6729,11.24
1790198520000,1059.6729,11.24
1790198580000,1059.6729,11.24
1790198640000,1059.6729,11.24
1790198700000,1059.6729,11.24
1790198760000,1059.6729,11.24
1790198820000,1059.6729,11.24
1790198880000,1059.6729,11.24
1790198940000,1059.6729,11.24
1790199000000,1059.6729,11.24
1790199060000,1059.6729,11.24
1790199120000,1059.6729,11.24
1790199180000,1059.6729,11.24
1790199240000,1059.6729,11.24
1790199300000,1059.6729,11.24
1790199360000,1059.6729,11.24
1790199420000,1059.6729,11.24
1790199480000,1059.6729,11.24
1790199540000,1059.6729,11.24
1790199600000,1059.6729,11.24
1790199660000,1059.6729,11.24
1790199720000,1059.6729,11.24
1790199780000,1059.6729,11.24
1790199840000,1059.6729,11.24
1790199900000,1059.6729,11.24
1790199960000,1059.6729,11.24
1790200020000,1059.6729,11.24
1790200080000,1059.6729,11.24
1790200140000,1059.6729,11.24
1790200200000,1059.6729,11.24
1790200260000,1059.6729,11.24
1790200320000,1059.6729,11.24
1790200380000,1059.6729,11.24
1790200440000,1059.6729,11.24
1790200500000,1059.6729,11.24
1790200560000,1059.6729,11.24
1790200620000,1059.6729,11.24
1790200680000,1059.6729,11.24
1790200740000,1059.6729,11.24
1790200800000,1059.6729,11.24
1790200860000,1059.6729,11.24
1790200920000,1059.6729,11.24
1790200980000,1059.6729,11.24
1790201040000,1059.6729,11.24
1790201100000,1059.6729,11.24
1790201160000,1059.6729,11.24
1790201220000,1059.6729,11.24
1790201280000,1059.6729,11.24
1790201340000,1059.6729,11.24
1790201400000,1059.6729,11.24
1790201460000,1059.6729,11.24
1790201520000,1059.6729,11.24
1790201580000,1059.6729,11.24
1790201640000,1059.6729,11.24
1790201700000,1059.6729,11.24
1790201760000,1059.6729,11.24
1790201820000,1059.6729,11.24
1790201880000,1059.6729,11.24
1790201940000,1059.6729,11.24
1790202000000,1059.6729,11.24
1790202060000,1059.6729,11.24
1790202120000,1059.6729,11.24
1790202180000,1059.6729,11.24
1790202240000,1059.6729,11.24
1790202300000,1059.6729,11.24
1790202360000,1059.6729,11.24
1790202420000,1059.6729,11.24
1790202480000,1059.6729,11.24
1790202540000,1059.6729,11.24
1790202600000,1059.6729,11.24
1790202660000,1059.6729,11.24
1790202720000,1059.6729,11.24
1790202780000,1059.6729,11.24
1790202840000,1059.6729,11.24
1790202900000,1059.6729,11.24
1790202960000,1059.6729,11.24
1790203020000,1059.6729,11.24
1790203080000,1059.6729,11.24
1790203140000,1059.6729,11.24
1790203200000,1059.6729,11.24
1790203260000,1059.6729,11.24
1790203320000,1059.6729,11.24
1790203380000,1059.6729,11.24
1790203440000,1059.6729,11.24
1790203500000,1059.6729,11.24
1790203560000,1059.6729,11.24
1790203620000,1059.6729,11.24
1790203680000,1059.6729,11.24
1790203740000,1059.6729,11.24
1790203800000,1059.6729,11.24
1790203860000,1059.6729,11.24
1790203920000,1059.6729,11.24
1790203980000,1059.6729,11.24
1790204040000,1059.6729,11.24
1790204100000,1059.6729,11.24
1790204160000,1059.6729,11.24
1790204220000,1059.6729,11.24
1790204280000,1059.6729,11.24
1790204340000,1059.6729,11.24
1790204400000,1059.6729,11.24
1790204460000,1059.6729,11.24
1790204520000,1059.6729,11.24
1790204580000,1059.6729,11.24
1790204640000,1059.6729,11.24
1790204700000,1059.6729,11.24
1790204760000,1059.6729,11.24
1790204820000,1059.6729,11.24
1790204880000,1059.6729,11.24
1790204940000,1059.6729,11.24
1790205000000,1059.6729,11.24
1790205060000,1059.6729,11.24
1790205120000,1059.6729,11.24
1790205180000,1059.6729,11.24
1790205240000,1059.6729,11.24
1790205300000,1059.6729,11.24
1790205360000,1059.6729,11.24
1790205420000,1059.6729,11.24
1790205480000,1059.6729,11.24
1790205540000,1059.6729,11.24
1790205600000,1059.6729,11.24
1790205660000,1059.6729,11.24
1790205720000,1059.6729,11.24
1790205780000,1059.6729,11.24
1790205840000,1059.6729,11.24
1790205900000,1059.6729,11.24
1790205960000,1059.6729,11.24
1790206020000,1059.6729,11.24
1790206080000,1059.6729,11.24
1790206140000,1059.6729,11.24
1790206200000,1059.6729,11.24
1790206260000,1059.6729,11.24
1790206320000,1059.6729,11.24
1790206380000,1059.6729,11.24
1790206440000,1059.6729,11.24
1790206500000,1059.6729,11.24
1790206560000,1059.6729,11.24
1790206620000,1059.6729,11.24
1790206680000,1059.6729,11.24
1790206740000,1059.6729,11.24
1790206800000,1059.6729,11.24
1790206860000,1059.6729,11.24
1790206920000,1059.6729,11.24
1790206980000,1059.6729,11.24
1790207040000,1059.6729,11.24
1790207100000,1059.6729,11.24
1790207160000,1059.6729,11.24
1790207220000,1059.6729,11.24
1790207280000,1059.6729,11.24
1790207340000,1059.6729,11.24
1790207400000,1059.6729,11.24
1790207460000,1059.6729,11.24
1790207520000,1059.6729,11.24
1790207580000,1059.6729,11.24
1790207640000,1059.6729,11.24
1790207700000,1059.6729,11.24
1790207760000,1059.6729,11.24
1790207820000,1059.6729,11.24
1790207880000,1059.6729,11.24
1790207940000,1059.6729,11.24
1790208000000,1059.6729,11.24
1790208060000,1059.6729,11.24
1790208120000,1059.6729,11.24
1790208180000,1059.6729,11.24
1790208240000,1059.6729,11.24
1790208300000,1059.6729,11.24
1790208360000,1059.6729,11.24
1790208420000,1059.6729,11.24
1790208480000,1059.6729,11.24
1790208540000,1059.6729,11.24
1790208600000,1059.6729,11.24
1790208660000,1059.6729,11.24
1790208720000,1059.6729,11.24
1790208780000,1059.6729,11.24
1790208840000,1059.6729,11.24
1790208900000,1059.6729,11.24
1790208960000,1059.6729,11.24
1790209020000,1059.6729,11.24
1790209080000,1059.6729,11.24
1790209140000,1059.6729,11.24
1790209200000,1059.6729,11.24
1790209260000,1059.6729,11.24
1790209320000,1059.6729,11.24
1790209380000,1059.6729,11.24
1790209440000,1059.6729,11.24
1790209500000,1059.6729,11.24
1790209560000,1059.6729,11.24
1790209620000,1059.6729,11.24
1790209680000,1059.6729,11.24
1790209740000,1059.6729,11.24
1790209800000,1059.6729,11.24
1790209860000,1059.6729,11.24
1790209920000,1059.6729,11.24
1790209980000,1059.6729,11.24
1790210040000,1059.6729,11.24
1790210100000,1059.6729,11.24
1790210160000,1059.6729,11.24
1790210220000,1059.6729,11.24
1790210280000,1059.6729,11.24
1790210340000,1059.6729,11.24
1790210400000,1059.6729,11.24
1790210460000,1059.6729,11.24
1790210520000,1059.6729,11.24
1790210580000,1059.6729,11.24
1790210640000,1059.6729,11.24
1790210700000,1059.6729,11.24
1790210760000,1059.6729,11.24
1790210820000,1059.6729,11.24
1790210880000,1059.6729,11.24
1790210940000,1059.6729,11.24
1790211000000,1059.6729,11.24
1790211060000,1059.6729,11.24
1790211120000,1059.6729,11.24
1790211180000,1059.6729,11.24
1790211240000,1059.6729,11.24
1790211300000,1059.6729,11.24
1790211360000,1059.6729,11.24
1790211420000,1059.6729,11.24
1790211480000,1059.6729,11.24
1790211540000,1059.6729,11.24
1790211600000,1059.6729,11.24
1790211660000,1059.6729,11.24
1790211720000,1059.6729,11.24
1790211780000,1059.6729,11.24
1790211840000,1059.6729,11.24
1790211900000,1059.6729,11.24
1790211960000,1059.6729,11.24
1790212020000,1059.6729,11.24
1790212080000,1059.6729,11.24
1790212140000,1059.6729,11.24
1790212200000,1059.6729,11.24
1790212260000,1059.6729,11.24
1790212320000,1059.6729,11.24
1790212380000,1059.6729,11.24
1790212440000,1059.6729,11.24
1790212500000,1059.6729,11.24
1790212560000,1059.6729,11.24
1790212620000,1059.6729,11.24
1790212680000,1059.6729,11.24
1790212740000,1059.6729,11.24
1790212800000,1059.6729,11.24
1790212860000,1059.6729,11.24
1790212920000,1059.6729,11.24
1790212980000,1059.6729,11.24
1790213040000,1059.6729,11.24
1790213100000,1059.6729,11.24
1790213160000,1059.6729,11.24
1790213220000,1059.6729,11.24
1790213280000,1059.6729,11.24
1790213340000,1059.6729,11.24
1790213400000,1059.6729,11.24
1790213460000,1059.6729,11.24
1790213520000,1059.6729,11.24
1790213580000,1059.6729,11.24
1790213640000,1059.6729,11.24
1790213700000,1059.6729,11.24
1790213760000,1059.6729,11.24
1790213820000,1059.6729,11.24
1790213880000,1059.6729,11.24
1790213940000,1059.6729,11.24
1790214000000,1059.6729,11.24
1790214060000,1059.6729,11.24
1790214120000,1059.6729,11.24
1790214180000,1059.6729,11.24
1790214240000,1059.6729,11.24
1790214300000,1059.6729,11.24
1790214360000,1059.6729,11.24
1790214420000,1059.6729,11.24
1790214480000,1059.6729,11.24
1790214540000,1059.6729,11.24
1790214600000,1059.6729,11.24
1790214660000,1059.6729,11.24
1790214720000,1059.6729,11.24
1790214780000,1059.6729,11.24
1790214840000,1059.6729,11.24
1790214900000,1059.6729,11.24
1790214960000,1059.6729,11.24
1790215020000,1059.6729,11.24
1790215080000,1059.6729,11.24
1790215140000,1059.6729,11.24
1790215200000,1059.6729,11.24
1790215260000,1059.6729,11.24
1790215320000,1059.6729,11.24
1790215380000,1059.6729,11.24
1790215440000,1059.6729,11.24
1790215500000,1059.6729,11.24
1790215560000,1059.6729,11.24
1790215620000,1059.6729,11.24
1790215680000,1059.6729,11.24
1790215740000,1059.6729,11.24
1790215800000,1059.6729,11.24
1790215860000,1059.6729,11.24
1790215920000,1059.6729,11.24
1790215980000,1059.6729,11.24
1790216040000,1059.6729,11.24
1790216100000,1059.6729,11.24
1790216160000,1059.6729,11.24
1790216220000,1059.6729,11.24
1790216280000,1059.6729,11.24
1790216340000,1059.6729,11.24
1790216400000,1059.6729,11.24
1790216460000,1059.6729,11.24
1790216520000,1059.6729,11.24
1790216580000,1059.6729,11.24
1790216640000,1059.6729,11.24
1790216700000,1059.6729,11.24
1790216760000,1059.6729,11.24
1790216820000,1059.6729,11.24
1790216880000,1059.6729,11.24
1790216940000,1059.6729,11.24
1790217000000,1059.6729,11.24
1790217060000,1059.6729,11.24
1790217120000,1059.6729,11.24
1790217180000,1059.6729,11.24
1790217240000,1059.6729,11.24
1790217300000,1059.6729,11.24
1790217360000,1059.6729,11.24
1790217420000,1059.6729,11.24
1790217480000,1059.6729,11.24
1790217540000,1059.6729,11.24
1790217600000,1059.6729,11.24
1790217660000,1059.6729,11.24
1790217720000,1059.6729,11.24
1790217780000,1059.6729,11.24
1790217840000,1059.6729,11.24
1790217900000,1059.6729,11.24
1790217960000,1059.6729,11.24
1790218020000,1059.6729,11.24
1790218080000,1059.6729,11.24
1790218140000,1059.6729,11.24
1790218200000,1059.6729,11.24
1790218260000,1059.6729,11.24
1790218320000,1059.6729,11.24
1790218380000,1059.6729,11.24
1790218440000,1059.6729,11.24
1790218500000,1059.6729,11.24
1790218560000,1059.6729,11.24
1790218620000,1059.6729,11.24
1790218680000,1059.6729,11.24
1790218740000,1059.6729,11.24
1790218800000,1059.6729,11.24
1790218860000,1059.6729,11.24
1790218920000,1059.6729,11.24
1790218980000,1059.6729,11.24
1790219040000,1059.6729,11.24
1790219100000,1059.6729,11.24
1790219160000,1059.6729,11.24
1790219220000,1059.6729,11.24
1790219280000,1059.6729,11.24
1790219340000,1059.6729,11.24
1790219400000,1059.6729,11.24
1790219460000,1059.6729,11.24
1790219520000,1059.6729,11.24
1790219580000,1059.6729,11.24
1790219640000,1059.6729,11.24
1790219700000,1059.6729,11.24
1790219760000,1059.6729,11.24
1790219820000,1059.6729,11.24
1790219880000,1059.6729,11.24
1790219940000,1059.6729,11.24
1790220000000,1059.6729,11.24
1790220060000,1059.6729,11.24
1790220120000,1059.6729,11.24
1790220180000,1059.6729,11.24
1790220240000,1059.6729,11.24
1790220300000,1059.6729,11.24
1790220360000,1059.6729,11.24
1790220420000,1059.6729,11.24
1790220480000,1059.6729,11.24
1790220540000,1059.6729,11.24
1790220600000,1059.6729,11.24
1790220660000,1059.6729,11.24
1790220720000,1059.6729,11.24
1790220780000,1059.6729,11.24
1790220840000,1059.6729,11.24
1790220900000,1059.6729,11.24
1790220960000,1059.6729,11.24
1790221020000,1059.6729,11.24
1790221080000,1059.6729,11.24
1790221140000,1059.6729,11.24
1790221200000,1059.6729,11.24
1790221260000,1059.6729,11.24
1790221320000,1059.6729,11.24
1790221380000,1059.6729,11.24
1790221440000,1059.6729,11.24
1790221500000,1059.6729,11.24
1790221560000,1059.6729,11.24
1790221620000,1059.6729,11.24
1790221680000,1059.6729,11.24
1790221740000,1059.6729,11.24
1790221800000,1059.6729,11.24
1790221860000,1059.6729,11.24
1790221920000,1059.6729,11.24
1790221980000,1059.6729,11.24
1790222040000,1059.6729,11.24
1790222100000,1059.6729,11.24
1790222160000,1059.6729,11.24
1790222220000,1059.6729,11.24
1790222280000,1059.6729,11.24
1790222340000,1059.6729,11.24
1790222400000,1059.6729,11.24
1790222460000,1059.6729,11.24
1790222520000,1059.6729,11.24
1790222580000,1059.6729,11.24
1790222640000,1059.6729,11.24
1790222700000,1059.6729,11.24
1790222760000,1059.6729,11.24
1790222820000,1059.6729,11.24
1790222880000,1059.6729,11.24
1790222940000,1059.6729,11.24
1790223000000,1059.6729,11.24
1790223060000,1059.6729,11.24
1790223120000,1059.6729,11.24
1790223180000,1059.6729,11.24
1790223240000,1059.6729,11.24
1790223300000,1059.6729,11.24
1790223360000,1059.6729,11.24
1790223420000,1059.6729,11.24
1790223480000,1059.6729,11.24
1790223540000,1059.6729,11.24
1790223600000,1059.6729,11.24
1790223660000,1059.6729,11.24
1790223720000,1059.6729,11.24
1790223780000,1059.6729,11.24
1790223840000,1059.6729,11.24
1790223900000,1059.6729,11.24
1790223960000,1059.6729,11.24
1790224020000,1059.6729,11.24
1790224080000,1059.6729,11.24
1790224140000,1059.6729,11.24
1790224200000,1059.6729,11.24
1790224260000,1059.6729,11.24
1790224320000,1059.6729,11.24
1790224380000,1059.6729,11.24
1790224440000,1059.6729,11.24
1790224500000,1059.6729,11.24
1790224560000,1059.6729,11.24
1790224620000,1059.6729,11.24
1790224680000,1059.6729,11.24
1790224740000,1059.6729,11.24
1790224800000,1059.6729,11.24
1790224860000,1059.6729,11.24
1790224920000,1059.6729,11.24
1790224980000,1059.6729,11.24
1790225040000,1059.6729,11.24
1790225100000,1059.6729,11.24
1790225160000,1059.6729,11.24
1790225220000,1059.6729,11.24
1790225280000,1059.6729,11.24
1790225340000,1059.6729,11.24
1790225400000,1059.6729,11.24
1790225460000,1059.6729,11.24
1790225520000,1059.6729,11.24
1790225580000,1059.6729,11.24
1790225640000,1059.6729,11.24
1790225700000,1059.6729,11.24
1790225760000,1059.6729,11.24
1790225820000,1059.6729,11.24
1790225880000,1059.6729,11.24
1790225940000,1059.6729,11.24
1790226000000,1059.6729,11.24
1790226060000,1059.6729,11.24
1790226120000,1059.6729,11.24
1790226180000,1059.6729,11.24
1790226240000,1059.6729,11.24
1790226300000,1059.6729,11.24
1790226360000,1059.6729,11.24
1790226420000,1059.6729,11.24
1790226480000,1059.6729,11.24
1790226540000,1059.6729,11.24
1790226600000,1059.6729,11.24
1790226660000,1059.6729,11.24
1790226720000,1059.6729,11.24
1790226780000,1059.6729,11.24
1790226840000,1059.6729,11.24
1790226900000,1059.6729,11.24
1790226960000,1059.6729,11.24
1790227020000,1059.6729,11.24
1790227080000,1059.6729,11.24
1790227140000,1059.6729,11.24
1790227200000,1059.6729,11.24
1790227260000,1059.6729,11.24
1790227320000,1059.6729,11.24
1790227380000,1059.6729,11.24
1790227440000,1059.6729,11.24
1790227500000,1059.6729,11.24
1790227560000,1059.6729,11.24
1790227620000,1059.6729,11.24
1790227680000,1059.6729,11.24
1790227740000,1059.6729,11.24
1790227800000,1059.6729,11.24
1790227860000,1059.6729,11.24
1790227920000,1059.6729,11.24
1790227980000,1059.6729,11.24
1790228040000,1059.6729,11.24
1790228100000,1059.6729,11.24
1790228160000,1059.6729,11.24
1790228220000,1059.6729,11.24
1790228280000,1059.6729,11.24
1790228340000,1059.6729,11.24
1790228400000,1059.6729,11.24
1790228460000,1059.6729,11.24
1790228520000,1059.6729,11.24
1790228580000,1059.6729,11.24
1790228640000,1059.6729,11.24
1790228700000,1059.6729,11.24
1790228760000,1059.6729,11.24
1790228820000,1059.6729,11.24
1790228880000,1059.6729,11.24
1790228940000,1059.6729,11.24
1790229000000,1059.6729,11.24
1790229060000,1059.6729,11.24
1790229120000,1059.6729,11.24
1790229180000,1059.6729,11.24
1790229240000,1059.6729,11.24
1790229300000,1059.6729,11.24
1790229360000,1059.6729,11.24
1790229420000,1059.6729,11.24
1790229480000,1059.6729,11.24
1790229540000,1059.6729,11.24
1790229600000,1059.6729,11.24
1790229660000,1059.6729,11.24
1790229720000,1059.6729,11.24
1790229780000,1059.6729,11.24
1790229840000,1059.6729,11.24
1790229900000,1059.6729,11.24
1790229960000,1059.6729,11.24
1790230020000,1059.6729,11.24
1790230080000,1059.6729,11.24
1790230140000,1059.6729,11.24
1790230200000,1059.6729,11.24
1790230260000,1059.6729,11.24
1790230320000,1059.6729,11.24
1790230380000,1059.6729,11.24
1790230440000,1059.6729,11.24
1790230500000,1059.6729,11.24
1790230560000,1059.6729,11.24
1790230620000,1059.6729,11.24
1790230680000,1059.6729,11.24
1790230740000,1059.6729,11.24
1790230800000,1059.6729,11.24
1790230860000,1059.6729,11.24
1790230920000,1059.6729,11.24
1790230980000,1059.6729,11.24
1790231040000,1059.6729,11.24
1790231100000,1059.6729,11.24
1790231160000,1059.6729,11.24
1790231220000,1059.6729,11.24
1790231280000,1059.6729,11.24
1790231340000,1059.6729,11.24
1790231400000,1059.6729,11.24
1790231460000,1059.6729,11.24
1790231520000,1059.6729,11.24
1790231580000,1059.6729,11.24
1790231640000,1059.6729,11.24
1790231700000,1059.6729,11.24
1790231760000,1059.6729,11.24
1790231820000,1059.6729,11.24
1790231880000,1059.6729,11.24
1790231940000,1059.6729,11.24
1790232000000,1059.6729,11.24
1790232060000,1059.6729,11.24
1790232120000,1059.6729,11.24
1790232180000,1059.6729,11.24
1790232240000,1059.6729,11.24
1790232300000,1059.6729,11.24
1790232360000,1059.6729,11.24
1790232420000,1059.6729,11.24
1790232480000,1059.6729,11.24
1790232540000,1059.6729,11.24
1790232600000,1059.6729,11.24
1790232660000,1059.6729,11.24
1790232720000,1059.6729,11.24
1790232780000,1059.6729,11.24
1790232840000,1059.6729,11.24
1790232900000,1059.6729,11.24
1790232960000,1059.6729,11.24
1790233020000,1059.6729,11.24
1790233080000,1059.6729,11.24
1790233140000,1059.6729,11.24
1790233200000,1059.6729,11.24
1790233260000,1059.6729,11.24
1790233320000,1059.6729,11.24
1790233380000,1059.6729,11.24
1790233440000,1059.6729,11.24
1790233500000,1059.6729,11.24
1790233560000,1059.6729,11.24
1790233620000,1059.6729,11.24
1790233680000,1059.6729,11.24
1790233740000,1059.6729,11.24
1790233800000,1059.6729,11.24
1790233860000,1059.6729,11.24
1790233920000,1059.6729,11.24
1790233980000,1059.6729,11.24
1790234040000,1059.6729,11.24
1790234100000,1059.6729,11.24
1790234160000,1059.6729,11.24
1790234220000,1059.6729,11.24
1790234280000,1059.6729,11.24
1790234340000,1059.6729,11.24
1790234400000,1059.6729,11.24
1790234460000,1059.6729,11.24
1790234520000,1059.6729,11.24
1790234580000,1059.6729,11.24
1790234640000,1059.6729,11.24
1790234700000,1059.6729,11.24
1790234760000,1059.6729,11.24
1790234820000,1059.6729,11.24
1790234880000,1059.6729,11.24
1790234940000,1059.6729,11.24
1790235000000,1059.6729,11.24
1790235060000,1059.6729,11.24
1790235120000,1059.6729,11.24
1790235180000,1059.6729,11.24
1790235240000,1059.6729,11.24
1790235300000,1059.6729,11.24
1790235360000,1059.6729,11.24
1790235420000,1059.6729,11.24
1790235480000,1059.6729,11.24
1790235540000,1059.6729,11.24
1790235600000,1059.6729,11.24
1790235660000,1059.6729,11.24
1790235720000,1059.6729,11.24
1790235780000,1059.6729,11.24
1790235840000,1059.6729,11.24
1790235900000,1059.6729,11.24
1790235960000,1059.6729,11.24
1790236020000,1059.6729,11.24
1790236080000,1059.6729,11.24
1790236140000,1059.6729,11.24
1790236200000,1059.6729,11.24
1790236260000,1059.6729,11.24
1790236320000,1059.6729,11.24
1790236380000,1059.6729,11.24
1790236440000,1059.6729,11.24
1790236500000,1059.6729,11.24
1790236560000,1059.6729,11.24
1790236620000,1059.6729,11.24
1790236680000,1059.6729,11.24
1790236740000,1059.6729,11.24
1790236800000,1059.6729,11.24
1790236860000,1059.6729,11.24
1790236920000,1059.6729,11.24
1790236980000,1059.6729,11.24
1790237040000,1059.6729,11.24
1790237100000,1059.6729,11.24
1790237160000,1059.6729,11.24
1790237220000,1059.6729,11.24
1790237280000,1059.6729,11.24
1790237340000,1059.6729,11.24
1790237400000,1059.6729,11.24
1790237460000,1059.6729,11.24
1790237520000,1059.6729,11.24
1790237580000,1059.6729,11.24
1790237640000,1059.6729,11.24
1790237700000,1059.6729,11.24
1790237760000,1059.6729,11.24
1790237820000,1059.6729,11.24
1790237880000,1059.6729,11.24
1790237940000,1059.6729,11.24
1790238000000,1059.6729,11.24
1790238060000,1059.6729,11.24
1790238120000,1059.6729,11.24
1790238180000,1059.6729,11.24
1790238240000,1059.6729,11.24
1790238300000,1059.6729,11.24
1790238360000,1059.6729,11.24
1790238420000,1059.6729,11.24
1790238480000,1059.6729,11.24
1790238540000,1059.6729,11.24
1790238600000,1059.6729,11.24
1790238660000,1059.6729,11.24
1790238720000,1059.6729,11.24
1790238780000,1059.6729,11.24
1790238840000,1059.6729,11.24
1790238900000,1059.6729,11.24
1790238960000,1059.6729,11.24
1790239020000,1059.6729,11.24
1790239080000,1059.6729,11.24
1790239140000,1059.6729,11.24
1790239200000,1059.6729,11.24
1790239260000,1059.6729,11.24
1790239320000,1059.6729,11.24
1790239380000,1059.6729,11.24
1790239440000,1059.6729,11.24
1790239500000,1059.6729,11.24
1790239560000,1059.6729,11.24
1790239620000,1059.6729,11.24
1790239680000,1059.6729,11.24
1790239740000,1059.6729,11.24
1790239800000,1059.6729,11.24
1790239860000,1059.6729,11.24
1790239920000,1059.6729,11.24
1790239980000,1059.6729,11.24
1790240040000,1059.6729,11.24
1790240100000,1059.6729,11.24
1790240160000,1059.6729,11.24
1790240220000,1059.6729,11.24
1790240280000,1059.6729,11.24
1790240340000,1059.6729,11.24
1790240400000,1059.6729,11.24
1790240460000,1059.6729,11.24
1790240520000,1059.6729,11.24
1790240580000,1059.6729,11.24
1790240640000,1059.6729,11.24
1790240700000,1059.6729,11.24
1790240760000,1059.6729,11.24
1790240820000,1059.6729,11.24
1790240880000,1059.6729,11.24
1790240940000,1059.6729,11.24
1790241000000,1059.6729,11.24
1790241060000,1059.6729,11.24
1790241120000,1059.6729,11.24
1790241180000,1059.6729,11.24
1790241240000,1059.6729,11.24
1790241300000,1059.6729,11.24
1790241360000,1059.6729,11.24
1790241420000,1059.6729,11.24
1790241480000,1059.6729,11.24
1790241540000,1059.6729,11.24
1790241600000,1059.6729,11.24
1790241660000,1059.6729,11.24
1790241720000,1059.6729,11.24
1790241780000,1059.6729,11.24
1790241840000,1059.6729,11.24
1790241900000,1059.6729,11.24
1790241960000,1059.6729,11.24
1790242020000,1059.6729,11.24
1790242080000,1059.6729,11.24
1790242140000,1059.6729,11.24
1790242200000,1059.6729,11.24
1790242260000,1059.6729,11.24
1790242320000,1059.6729,11.24
1790242380000,1059.6729,11.24
1790242440000,1082.8288,9.3
1790253240000,1082.8288,9.3
1790253300000,1082.8288,9.3
1790253360000,1082.8288,9.3
1790253420000,1082.8288,9.3
1790253480000,1082.8288,9.3
1790253540000,1082.8288,9.3
1790253600000,1082.8288,9.3
1790253660000,1082.8288,9.3
1790253720000,1082.8288,9.3
1790253780000,1082.8288,9.3
1790253840000,1082.8288,9.3
1790253900000,1082.8288,9.3
1790253960000,1082.8288,9.3
1790254020000,1082.8288,9.3
1790254080000,1082.8288,9.3
1790254140000,1082.8288,9.3
1790254200000,1082.8288,9.3
1790254260000,1082.8288,9.3
1790254320000,1082.8288,9.3
1790254380000,1082.8288,9.3
1790254440000,1082.8288,9.3
1790254500000,1082.8288,9.3
1790254560000,1082.8288,9.3
1790254620000,1082.8288,9.3
1790254680000,1082.8288,9.3
1790254740000,1082.8288,9.3
1790254800000,1082.8288,9.3
1790254860000,1082.8288,9.3
1790254920000,1082.8288,9.3
1790254980000,1082.8288,9.3
1790255040000,1082.8288,9.3
1790255100000,1082.8288,9.3
1790255160000,1073.0843,10.11
1790259900000,1073.0843,10.11
1790259960000,1073.0843,10.11
1790260020000,1073.0843,10.11
1790260080000,1073.0843,10.11
1790260140000,1073.0843,10.11
1790260200000,1073.0843,10.11
1790260260000,1073.0843,10.11
1790260320000,1073.0843,10.11
1790260380000,1073.0843,10.11
1790260440000,1073.0843,10.11
1790260500000,1073.0843,10.11
1790260560000,1073.0843,10.11
1790260620000,1073.0843,10.11
1790260680000,1073.0843,10.11
1790260740000,1073.0843,10.11
1790260800000,1073.0843,10.11
1790260860000,1073.0843,10.11
1790260920000,1073.0843,10.11
1790260980000,1073.0843,10.11
1790261040000,1073.0843,10.11
1790261100000,1073.0843,10.11
1790261160000,1073.0843,10.11
1790261220000,1073.0843,10.11
1790261280000,1073.0843,10.11
1790261340000,1063.5137,10.92
1790263080000,1063.5137,10.92
1790263140000,1063.5137,10.92
1790263200000,1063.5137,10.92
1790263260000,1063.5137,10.92
1790263320000,1063.5137,10.92
1790263380000,1063.5137,10.92
1790263440000,1063.5137,10.92
1790263500000,1063.5137,10.92
1790263560000,1063.5137,10.92
1790263620000,1063.5137,10.92
1790263680000,1063.5137,10.92
1790263740000,1063.5137,10.92
1790263800000,1063.5137,10.92
1790263860000,1063.5137,10.92
1790263920000,1063.5137,10.92
1790263980000,1063.5137,10.92
1790264040000,1063.5137,10.92
1790264100000,1063.5137,10.92
1790264160000,1063.5137,10.92
1790264220000,1063.5137,10.92
1790264280000,1063.5137,10.92
1790264340000,1063.5137,10.92
1790264400000,1063.5137,10.92
1790264460000,1063.5137,10.92
1790264520000,1063.5137,10.92
1790264580000,1063.5137,10.92
1790264640000,1063.5137,10.92
1790264700000,1063.5137,10.92
1790264760000,1063.5137,10.92
1790264820000,1063.5137,10.92
1790264880000,1063.5137,10.92
1790264940000,1063.5137,10.92
1790265000000,1063.5137,10.92
1790265060000,1063.5137,10.92
1790265120000,1063.5137,10.92
1790265180000,1063.5137,10.92
1790265240000,1063.5137,10.92
1790265300000,1063.5137,10.92
1790265360000,1063.5137,10.92
1790265420000,1063.5137,10.92
1790265480000,1063.5137,10.92
1790265540000,1063.5137,10.92
1790265600000,1063.5137,10.92
1790265660000,1063.5137,10.92
1790265720000,1063.5137,10.92
1790265780000,1063.5137,10.92
1790265840000,1063.5137,10.92
1790265900000,1063.5137,10.92
1790265960000,1063.5137,10.92
1790266020000,1063.5137,10.92
1790266080000,1063.5137,10.92
1790266140000,1063.5137,10.92
1790266200000,1063.5137,10.92
1790266260000,1063.5137,10.92
1790266320000,1063.5137,10.92
1790266380000,1063.5137,10.92
1790266440000,1063.5137,10.92
1790266500000,1063.5137,10.92
1790266560000,1085.7163,9.06
1790268180000,1085.7163,9.06
1790268240000,1085.7163,9.06
1790268300000,1085.7163,9.06
1790268360000,1085.7163,9.06
1790268420000,1085.7163,9.06
1790268480000,1085.7163,9.06
1790268540000,1085.7163,9.06
1790268600000,1085.7163,9.06
1790268660000,1085.7163,9.06
1790268720000,1085.7163,9.06
1790268780000,1085.7163,9.06
1790268840000,1085.7163,9.06
1790268900000,1076.366,9.84
1790327340000,1076.366,9.84
1790327400000,1076.366,9.84
1790327460000,1076.366,9.84
1790327520000,1076.366,9.84
1790327580000,1076.366,9.84
1790327640000,1076.366,9.84
1790327700000,1076.366,9.84
1790327760000,1076.366,9.84
1790327820000,1076.366,9.84
1790327880000,1076.366,9.84
1790327940000,1076.366,9.84
1790328000000,1076.366,9.84
1790328060000,1076.366,9.84
1790328120000,1076.366,9.84
1790328180000,1076.366,9.84
1790328240000,1076.366,9.84
1790328300000,1076.366,9.84
1790328360000,1076.366,9.84
1790328420000,1076.366,9.84
1790328480000,1087.5125,8.91
1790331960000,1087.5125,8.91
1790332020000,1087.5125,8.91
1790332080000,1087.5125,8.91
1790332140000,1087.5125,8.91
1790332200000,1087.5125,8.91
1790332260000,1087.5125,8.91
1790332320000,1087.5125,8.91
1790332380000,1087.5125,8.91
1790332440000,1087.5125,8.91
1790332500000,1087.5125,8.91
1790332560000,1087.5125,8.91
1790332620000,1087.5125,8.91
1790332680000,1087.5125,8.91
1790332740000,1087.5125,8.91
1790332800000,1087.5125,8.91
1790332860000,1087.5125,8.91
1790332920000,1087.5125,8.91
1790332980000,1087.5125,8.91
1790333040000,1087.5125,8.91
1790333100000,1087.5125,8.91
1790333160000,1087.5125,8.91
1790333220000,1087.5125,8.91
1790333280000,1087.5125,8.91
1790333340000,1087.5125,8.91
1790333400000,1087.5125,8.91
1790333460000,1087.5125,8.91
1790333520000,1087.5125,8.91
1790333580000,1087.5125,8.91
1790333640000,1087.5125,8.91
1790333700000,1087.5125,8.91
1790333760000,1087.5125,8.91
1790333820000,1087.5125,8.91
1790333880000,1087.5125,8.91
1790333940000,1087.5125,8.91
1790334000000,1087.5125,8.91
1790334060000,1087.5125,8.91
1790334120000,1087.5125,8.91
1790334180000,1087.5125,8.91
1790334240000,1087.5125,8.91
1790334300000,1087.5125,8.91
1790334360000,1100.1768,7.85
1790339460000,1100.1768,7.85
1790339520000,1100.1768,7.85
1790339580000,1100.1768,7.85
1790339640000,1100.1768,7.85
1790339700000,1100.1768,7.85
1790339760000,1100.1768,7.85
1790339820000,1100.1768,7.85
1790339880000,1100.1768,7.85
1790339940000,1100.1768,7.85
1790340000000,1100.1768,7.85
1790340060000,1100.1768,7.85
1790340120000,1100.1768,7.85
1790340180000,1100.1768,7.85
1790340240000,1100.1768,7.85
1790340300000,1100.1768,7.85
1790340360000,1100.1768,7.85
1790340420000,1100.1768,7.85
1790340480000,1100.1768,7.85
1790340540000,1100.1768,7.85
1790340600000,1100.1768,7.85
1790340660000,1100.1768,7.85
1790340720000,1100.1768,7.85
1790340780000,1100.1768,7.85
1790340840000,1100.1768,7.85
1790340900000,1100.1768,7.85
1790340960000,1100.1768,7.85
1790341020000,1100.1768,7.85
1790341080000,1100.1768,7.85
1790341140000,1100.1768,7.85
1790341200000,1100.1768,7.85
1790341260000,1100.1768,7.85
1790341320000,1100.1768,7.85
1790341380000,1100.1768,7.85
1790341440000,1100.1768,7.85
1790341500000,1100.1768,7.85
1790341560000,1100.1768,7.85
1790341620000,1100.1768,7.85
1790341680000,1100.1768,7.85
1790341740000,1100.1768,7.85
1790341800000,1100.1768,7.85
1790341860000,1100.1768,7.85
1790341920000,1100.1768,7.85
1790341980000,1100.1768,7.85
1790342040000,1100.1768,7.85
1790342100000,1100.1768,7.85
1790342160000,1100.1768,7.85
1790342220000,1100.1768,7.85
1790342280000,1100.1768,7.85
1790342340000,1100.1768,7.85
1790342400000,1100.1768,7.85
1790342460000,1100.1768,7.85
1790342520000,1100.1768,7.85
1790342580000,1100.1768,7.85
1790342640000,1100.1768,7.85
1790342700000,1100.1768,7.85
1790342760000,1100.1768,7.85
1790342820000,1100.1768,7.85
1790342880000,1100.1768,7.85
1790342940000,1100.1768,7.85
1790343000000,1100.1768,7.85
1790343060000,1090.9727,8.62
1790347980000,1090.9727,8.62
1790348040000,1090.9727,8.62
1790348100000,1090.9727,8.62
1790348160000,1080.8029,9.47
1790411700000,1080.8029,9.47
1790411760000,1080.8029,9.47
1790411820000,1080.8029,9.47
1790411880000,1080.8029,9.47
1790411940000,1080.8029,9.47
1790412000000,1080.8029,9.47
1790412060000,1080.8029,9.47
1790412120000,1080.8029,9.47
1790412180000,1080.8029,9.47
1790412240000,1080.8029,9.47
1790412300000,1080.8029,9.47
1790412360000,1080.8029,9.47
1790412420000,1080.8029,9.47
1790412480000,1080.8029,9.47
1790412540000,1080.8029,9.47
1790412600000,1080.8029,9.47
1790412660000,1080.8029,9.47
1790412720000,1080.8029,9.47
1790412780000,1080.8029,9.47
1790412840000,1080.8029,9.47
1790412900000,1080.8029,9.47
1790412960000,1080.8029,9.47
1790413020000,1080.8029,9.47
1790413080000,1080.8029,9.47
1790413140000,1080.8029,9.47
1790413200000,1080.8029,9.47
1790413260000,1080.8029,9.47
1790413320000,1080.8029,9.47
1790413380000,1080.8029,9.47
1790413440000,1080.8029,9.47
1790413500000,1080.8029,9.47
1790413560000,1080.8029,9.47
1790413620000,1080.8029,9.47
1790413680000,1080.8029,9.47
1790413740000,1080.8029,9.47
1790413800000,1070.4882,10.33
1790455260000,1070.4882,10.33
1790455320000,1070.4882,10.33
1790455380000,1070.4882,10.33
1790455440000,1070.4882,10.33
1790455500000,1070.4882,10.33
1790455560000,1070.4882,10.33
1790455620000,1070.4882,10.33
1790455680000,1070.4882,10.33
1790455740000,1070.4882,10.33
1790455800000,1070.4882,10.33
1790455860000,1070.4882,10.33
1790455920000,1070.4882,10.33
1790455980000,1070.4882,10.33
1790456040000,1070.4882,10.33
1790456100000,1070.4882,10.33
1790456160000,1070.4882,10.33
1790456220000,1070.4882,10.33
1790456280000,1070.4882,10.33
1790456340000,1070.4882,10.33
1790456400000,1070.4882,10.33
1790456460000,1070.4882,10.33
1790456520000,1070.4882,10.33
1790456580000,1070.4882,10.33
1790456640000,1070.4882,10.33
1790456700000,1070.4882,10.33
1790456760000,1070.4882,10.33
1790456820000,1070.4882,10.33
1790456880000,1070.4882,10.33
1790456940000,1070.4882,10.33
1790457000000,1070.4882,10.33
1790457060000,1070.4882,10.33
1790457120000,1070.4882,10.33
1790457180000,1070.4882,10.33
1790457240000,1070.4882,10.33
1790457300000,1070.4882,10.33
1790457360000,1070.4882,10.33
1790457420000,1070.4882,10.33
1790457480000,1070.4882,10.33
1790457540000,1070.4882,10.33
1790457600000,1070.4882,10.33
1790457660000,1070.4882,10.33
1790457720000,1070.4882,10.33
1790457780000,1070.4882,10.33
1790457840000,1070.4882,10.33
1790457900000,1070.4882,10.33
1790457960000,1070.4882,10.33
1790458020000,1060.6977,11.15
