time,equity,dd_pct
1782715080000,1000.0,0.0
1782820560000,1000.0,0.0
1782820620000,1000.0,0.0
1782820680000,1000.0,0.0
1782820740000,1000.0,0.0
1782820800000,1000.0,0.0
1782820860000,1000.0,0.0
1782820920000,1000.0,0.0
1782820980000,1000.0,0.0
1782821040000,1000.0,0.0
1782821100000,1000.0,0.0
1782821160000,1000.0,0.0
1782821220000,1000.0,0.0
1782821280000,1000.0,0.0
1782821340000,1000.0,0.0
1782821400000,1000.0,0.0
1782821460000,1000.0,0.0
1782821520000,1000.0,0.0
1782821580000,1000.0,0.0
1782821640000,1000.0,0.0
1782821700000,1000.0,0.0
1782821760000,1000.0,0.0
1782821820000,1000.0,0.0
1782821880000,1000.0,0.0
1782821940000,1000.0,0.0
1782822000000,1000.0,0.0
1782822060000,1000.0,0.0
1782822120000,1010.6824,0.0
1782826500000,1010.6824,0.0
1782826560000,1010.6824,0.0
1782826620000,1010.6824,0.0
1782826680000,1010.6824,0.0
1782826740000,1010.6824,0.0
1782826800000,1010.6824,0.0
1782826860000,1010.6824,0.0
1782826920000,1010.6824,0.0
1782826980000,1010.6824,0.0
1782827040000,1010.6824,0.0
1782827100000,1010.6824,0.0
1782827160000,1010.6824,0.0
1782827220000,1010.6824,0.0
1782827280000,1010.6824,0.0
1782827340000,1010.6824,0.0
1782827400000,1010.6824,0.0
1782827460000,1010.6824,0.0
1782827520000,1010.6824,0.0
1782827580000,1010.6824,0.0
1782827640000,1010.6824,0.0
1782827700000,1010.6824,0.0
1782827760000,1010.6824,0.0
1782827820000,1010.6824,0.0
1782827880000,1010.6824,0.0
1782827940000,1010.6824,0.0
1782828000000,1002.4802,0.81
1782835200000,1002.4802,0.81
1782835260000,1002.4802,0.81
1782835320000,1002.4802,0.81
1782835380000,1002.4802,0.81
1782835440000,1002.4802,0.81
1782835500000,1002.4802,0.81
1782835560000,1002.4802,0.81
1782835620000,1002.4802,0.81
1782835680000,1002.4802,0.81
1782835740000,1002.4802,0.81
1782835800000,1002.4802,0.81
1782835860000,1002.4802,0.81
1782835920000,1002.4802,0.81
1782835980000,1002.4802,0.81
1782836040000,1002.4802,0.81
1782836100000,1002.4802,0.81
1782836160000,1002.4802,0.81
1782836220000,1002.4802,0.81
1782836280000,1002.4802,0.81
1782836340000,1002.4802,0.81
1782836400000,1002.4802,0.81
1782836460000,1002.4802,0.81
1782836520000,1002.4802,0.81
1782836580000,1002.4802,0.81
1782836640000,1002.4802,0.81
1782836700000,1002.4802,0.81
1782836760000,1002.4802,0.81
1782836820000,1002.4802,0.81
1782836880000,1002.4802,0.81
1782836940000,1002.4802,0.81
1782837000000,1002.4802,0.81
1782837060000,1002.4802,0.81
1782837120000,1002.4802,0.81
1782837180000,1002.4802,0.81
1782837240000,1002.4802,0.81
1782837300000,1002.4802,0.81
1782837360000,1002.4802,0.81
1782837420000,1002.4802,0.81
1782837480000,1002.4802,0.81
1782837540000,1002.4802,0.81
1782837600000,1002.4802,0.81
1782837660000,1002.4802,0.81
1782837720000,1002.4802,0.81
1782837780000,1002.4802,0.81
1782837840000,1002.4802,0.81
1782837900000,1002.4802,0.81
1782837960000,1002.4802,0.81
1782838020000,1002.4802,0.81
1782838080000,1002.4802,0.81
1782838140000,1002.4802,0.81
1782838200000,1002.4802,0.81
1782838260000,1002.4802,0.81
1782838320000,1002.4802,0.81
1782838380000,1002.4802,0.81
1782838440000,993.9692,1.65
1782918240000,993.9692,1.65
1782918300000,993.9692,1.65
1782918360000,993.9692,1.65
1782918420000,993.9692,1.65
1782918480000,993.9692,1.65
1782918540000,993.9692,1.65
1782918600000,993.9692,1.65
1782918660000,993.9692,1.65
1782918720000,993.9692,1.65
1782918780000,993.9692,1.65
1782918840000,993.9692,1.65
1782918900000,993.9692,1.65
1782918960000,993.9692,1.65
1782919020000,993.9692,1.65
1782919080000,993.9692,1.65
1782919140000,993.9692,1.65
1782919200000,993.9692,1.65
1782919260000,993.9692,1.65
1782919320000,993.9692,1.65
1782919380000,993.9692,1.65
1782919440000,993.9692,1.65
1782919500000,993.9692,1.65
1782919560000,993.9692,1.65
1782919620000,993.9692,1.65
1782919680000,993.9692,1.65
1782919740000,993.9692,1.65
1782919800000,993.9692,1.65
1782919860000,993.9692,1.65
1782919920000,993.9692,1.65
1782919980000,993.9692,1.65
1782920040000,993.9692,1.65
1782920100000,993.9692,1.65
1782920160000,993.9692,1.65
1782920220000,993.9692,1.65
1782920280000,993.9692,1.65
1782920340000,993.9692,1.65
1782920400000,993.9692,1.65
1782920460000,993.9692,1.65
1782920520000,993.9692,1.65
1782920580000,993.9692,1.65
1782920640000,993.9692,1.65
1782920700000,993.9692,1.65
1782920760000,993.9692,1.65
1782920820000,993.9692,1.65
1782920880000,993.9692,1.65
1782920940000,993.9692,1.65
1782921000000,993.9692,1.65
1782921060000,993.9692,1.65
1782921120000,993.9692,1.65
1782921180000,993.9692,1.65
1782921240000,993.9692,1.65
1782921300000,993.9692,1.65
1782921360000,993.9692,1.65
1782921420000,993.9692,1.65
1782921480000,993.9692,1.65
1782921540000,993.9692,1.65
1782921600000,993.9692,1.65
1782921660000,993.9692,1.65
1782921720000,993.9692,1.65
1782921780000,993.9692,1.65
1782921840000,993.9692,1.65
1782921900000,993.9692,1.65
1782921960000,993.9692,1.65
1782922020000,993.9692,1.65
1782922080000,993.9692,1.65
1782922140000,993.9692,1.65
1782922200000,993.9692,1.65
1782922260000,993.9692,1.65
1782922320000,993.9692,1.65
1782922380000,993.9692,1.65
1782922440000,993.9692,1.65
1782922500000,993.9692,1.65
1782922560000,993.9692,1.65
1782922620000,993.9692,1.65
1782922680000,993.9692,1.65
1782922740000,993.9692,1.65
1782922800000,993.9692,1.65
1782922860000,993.9692,1.65
1782922920000,993.9692,1.65
1782922980000,993.9692,1.65
1782923040000,993.9692,1.65
1782923100000,993.9692,1.65
1782923160000,993.9692,1.65
1782923220000,993.9692,1.65
1782923280000,993.9692,1.65
1782923340000,993.9692,1.65
1782923400000,993.9692,1.65
1782923460000,993.9692,1.65
1782923520000,993.9692,1.65
1782923580000,993.9692,1.65
1782923640000,993.9692,1.65
1782923700000,993.9692,1.65
1782923760000,993.9692,1.65
1782923820000,993.9692,1.65
1782923880000,993.9692,1.65
1782923940000,993.9692,1.65
1782924000000,993.9692,1.65
1782924060000,993.9692,1.65
1782924120000,993.9692,1.65
1782924180000,993.9692,1.65
1782924240000,993.9692,1.65
1782924300000,993.9692,1.65
1782924360000,993.9692,1.65
1782924420000,993.9692,1.65
1782924480000,993.9692,1.65
1782924540000,993.9692,1.65
1782924600000,993.9692,1.65
1782924660000,993.9692,1.65
1782924720000,993.9692,1.65
1782924780000,993.9692,1.65
1782924840000,993.9692,1.65
1782924900000,993.9692,1.65
1782924960000,993.9692,1.65
1782925020000,993.9692,1.65
1782925080000,993.9692,1.65
1782925140000,993.9692,1.65
1782925200000,993.9692,1.65
1782925260000,993.9692,1.65
1782925320000,993.9692,1.65
1782925380000,993.9692,1.65
1782925440000,993.9692,1.65
1782925500000,993.9692,1.65
1782925560000,993.9692,1.65
1782925620000,993.9692,1.65
1782925680000,993.9692,1.65
1782925740000,993.9692,1.65
1782925800000,993.9692,1.65
1782925860000,993.9692,1.65
1782925920000,993.9692,1.65
1782925980000,993.9692,1.65
1782926040000,993.9692,1.65
1782926100000,993.9692,1.65
1782926160000,993.9692,1.65
1782926220000,993.9692,1.65
1782926280000,993.9692,1.65
1782926340000,993.9692,1.65
1782926400000,993.9692,1.65
1782926460000,993.9692,1.65
1782926520000,993.9692,1.65
1782926580000,993.9692,1.65
1782926640000,993.9692,1.65
1782926700000,993.9692,1.65
1782926760000,993.9692,1.65
1782926820000,993.9692,1.65
1782926880000,993.9692,1.65
1782926940000,993.9692,1.65
1782927000000,993.9692,1.65
1782927060000,993.9692,1.65
1782927120000,993.9692,1.65
1782927180000,993.9692,1.65
1782927240000,993.9692,1.65
1782927300000,993.9692,1.65
1782927360000,993.9692,1.65
1782927420000,993.9692,1.65
1782927480000,993.9692,1.65
1782927540000,993.9692,1.65
1782927600000,993.9692,1.65
1782927660000,993.9692,1.65
1782927720000,993.9692,1.65
1782927780000,993.9692,1.65
1782927840000,993.9692,1.65
1782927900000,993.9692,1.65
1782927960000,993.9692,1.65
1782928020000,993.9692,1.65
1782928080000,993.9692,1.65
1782928140000,993.9692,1.65
1782928200000,993.9692,1.65
1782928260000,993.9692,1.65
1782928320000,993.9692,1.65
1782928380000,993.9692,1.65
1782928440000,993.9692,1.65
1782928500000,993.9692,1.65
1782928560000,993.9692,1.65
1782928620000,993.9692,1.65
1782928680000,993.9692,1.65
1782928740000,993.9692,1.65
1782928800000,993.9692,1.65
1782928860000,993.9692,1.65
1782928920000,993.9692,1.65
1782928980000,993.9692,1.65
1782929040000,993.9692,1.65
1782929100000,993.9692,1.65
1782929160000,993.9692,1.65
1782929220000,993.9692,1.65
1782929280000,993.9692,1.65
1782929340000,993.9692,1.65
1782929400000,993.9692,1.65
1782929460000,993.9692,1.65
1782929520000,993.9692,1.65
1782929580000,993.9692,1.65
1782929640000,993.9692,1.65
1782929700000,993.9692,1.65
1782929760000,993.9692,1.65
1782929820000,993.9692,1.65
1782929880000,993.9692,1.65
1782929940000,993.9692,1.65
1782930000000,993.9692,1.65
1782930060000,993.9692,1.65
1782930120000,993.9692,1.65
1782930180000,993.9692,1.65
1782930240000,993.9692,1.65
1782930300000,993.9692,1.65
1782930360000,993.9692,1.65
1782930420000,993.9692,1.65
1782930480000,993.9692,1.65
1782930540000,993.9692,1.65
1782930600000,993.9692,1.65
1782930660000,993.9692,1.65
1782930720000,993.9692,1.65
1782930780000,993.9692,1.65
1782930840000,993.9692,1.65
1782930900000,993.9692,1.65
1782930960000,993.9692,1.65
1782931020000,993.9692,1.65
1782931080000,993.9692,1.65
1782931140000,993.9692,1.65
1782931200000,993.9692,1.65
1782931260000,993.9692,1.65
1782931320000,993.9692,1.65
1782931380000,993.9692,1.65
1782931440000,993.9692,1.65
1782931500000,993.9692,1.65
1782931560000,993.9692,1.65
1782931620000,993.9692,1.65
1782931680000,993.9692,1.65
1782931740000,993.9692,1.65
1782931800000,993.9692,1.65
1782931860000,993.9692,1.65
1782931920000,993.9692,1.65
1782931980000,993.9692,1.65
1782932040000,993.9692,1.65
1782932100000,993.9692,1.65
1782932160000,993.9692,1.65
1782932220000,993.9692,1.65
1782932280000,993.9692,1.65
1782932340000,993.9692,1.65
1782932400000,993.9692,1.65
1782932460000,993.9692,1.65
1782932520000,993.9692,1.65
1782932580000,993.9692,1.65
1782932640000,993.9692,1.65
1782932700000,993.9692,1.65
1782932760000,993.9692,1.65
1782932820000,993.9692,1.65
1782932880000,993.9692,1.65
1782932940000,993.9692,1.65
1782933000000,993.9692,1.65
1782933060000,993.9692,1.65
1782933120000,993.9692,1.65
1782933180000,993.9692,1.65
1782933240000,993.9692,1.65
1782933300000,993.9692,1.65
1782933360000,993.9692,1.65
1782933420000,993.9692,1.65
1782933480000,993.9692,1.65
1782933540000,993.9692,1.65
1782933600000,993.9692,1.65
1782933660000,993.9692,1.65
1782933720000,993.9692,1.65
1782933780000,993.9692,1.65
1782933840000,993.9692,1.65
1782933900000,993.9692,1.65
1782933960000,993.9692,1.65
1782934020000,993.9692,1.65
1782934080000,993.9692,1.65
1782934140000,993.9692,1.65
1782934200000,993.9692,1.65
1782934260000,993.9692,1.65
1782934320000,993.9692,1.65
1782934380000,993.9692,1.65
1782934440000,993.9692,1.65
1782934500000,993.9692,1.65
1782934560000,993.9692,1.65
1782934620000,993.9692,1.65
1782934680000,993.9692,1.65
1782934740000,993.9692,1.65
1782934800000,993.9692,1.65
1782934860000,993.9692,1.65
1782934920000,993.9692,1.65
1782934980000,993.9692,1.65
1782935040000,993.9692,1.65
1782935100000,993.9692,1.65
1782935160000,993.9692,1.65
1782935220000,993.9692,1.65
1782935280000,993.9692,1.65
1782935340000,993.9692,1.65
1782935400000,993.9692,1.65
1782935460000,993.9692,1.65
1782935520000,993.9692,1.65
1782935580000,993.9692,1.65
1782935640000,993.9692,1.65
1782935700000,993.9692,1.65
1782935760000,993.9692,1.65
1782935820000,993.9692,1.65
1782935880000,993.9692,1.65
1782935940000,993.9692,1.65
1782936000000,993.9692,1.65
1782936060000,993.9692,1.65
1782936120000,993.9692,1.65
1782936180000,993.9692,1.65
1782936240000,993.9692,1.65
1782936300000,993.9692,1.65
1782936360000,993.9692,1.65
1782936420000,993.9692,1.65
1782936480000,993.9692,1.65
1782936540000,993.9692,1.65
1782936600000,993.9692,1.65
1782936660000,993.9692,1.65
1782936720000,993.9692,1.65
1782936780000,993.9692,1.65
1782936840000,993.9692,1.65
1782936900000,993.9692,1.65
1782936960000,993.9692,1.65
1782937020000,993.9692,1.65
1782937080000,993.9692,1.65
1782937140000,993.9692,1.65
1782937200000,993.9692,1.65
1782937260000,993.9692,1.65
1782937320000,993.9692,1.65
1782937380000,993.9692,1.65
1782937440000,993.9692,1.65
1782937500000,993.9692,1.65
1782937560000,993.9692,1.65
1782937620000,993.9692,1.65
1782937680000,993.9692,1.65
1782937740000,993.9692,1.65
1782937800000,993.9692,1.65
1782937860000,993.9692,1.65
1782937920000,993.9692,1.65
1782937980000,993.9692,1.65
1782938040000,993.9692,1.65
1782938100000,993.9692,1.65
1782938160000,993.9692,1.65
1782938220000,993.9692,1.65
1782938280000,993.9692,1.65
1782938340000,993.9692,1.65
1782938400000,993.9692,1.65
1782938460000,993.9692,1.65
1782938520000,993.9692,1.65
1782938580000,993.9692,1.65
1782938640000,993.9692,1.65
1782938700000,993.9692,1.65
1782938760000,993.9692,1.65
1782938820000,993.9692,1.65
1782938880000,993.9692,1.65
1782938940000,993.9692,1.65
1782939000000,993.9692,1.65
1782939060000,993.9692,1.65
1782939120000,993.9692,1.65
1782939180000,993.9692,1.65
1782939240000,993.9692,1.65
1782939300000,993.9692,1.65
1782939360000,993.9692,1.65
1782939420000,993.9692,1.65
1782939480000,993.9692,1.65
1782939540000,993.9692,1.65
1782939600000,993.9692,1.65
1782939660000,993.9692,1.65
1782939720000,993.9692,1.65
1782939780000,993.9692,1.65
1782939840000,993.9692,1.65
1782939900000,993.9692,1.65
1782939960000,993.9692,1.65
1782940020000,993.9692,1.65
1782940080000,993.9692,1.65
1782940140000,993.9692,1.65
1782940200000,993.9692,1.65
1782940260000,993.9692,1.65
1782940320000,993.9692,1.65
1782940380000,993.9692,1.65
1782940440000,993.9692,1.65
1782940500000,993.9692,1.65
1782940560000,993.9692,1.65
1782940620000,993.9692,1.65
1782940680000,993.9692,1.65
1782940740000,993.9692,1.65
1782940800000,993.9692,1.65
1782940860000,993.9692,1.65
1782940920000,993.9692,1.65
1782940980000,993.9692,1.65
1782941040000,993.9692,1.65
1782941100000,993.9692,1.65
1782941160000,993.9692,1.65
1782941220000,993.9692,1.65
1782941280000,993.9692,1.65
1782941340000,993.9692,1.65
1782941400000,993.9692,1.65
1782941460000,993.9692,1.65
1782941520000,993.9692,1.65
1782941580000,993.9692,1.65
1782941640000,993.9692,1.65
1782941700000,993.9692,1.65
1782941760000,993.9692,1.65
1782941820000,993.9692,1.65
1782941880000,993.9692,1.65
1782941940000,993.9692,1.65
1782942000000,993.9692,1.65
1782942060000,993.9692,1.65
1782942120000,993.9692,1.65
1782942180000,993.9692,1.65
1782942240000,993.9692,1.65
1782942300000,993.9692,1.65
1782942360000,993.9692,1.65
1782942420000,993.9692,1.65
1782942480000,993.9692,1.65
1782942540000,993.9692,1.65
1782942600000,993.9692,1.65
1782942660000,993.9692,1.65
1782942720000,993.9692,1.65
1782942780000,993.9692,1.65
1782942840000,993.9692,1.65
1782942900000,993.9692,1.65
1782942960000,993.9692,1.65
1782943020000,993.9692,1.65
1782943080000,993.9692,1.65
1782943140000,993.9692,1.65
1782943200000,993.9692,1.65
1782943260000,993.9692,1.65
1782943320000,993.9692,1.65
1782943380000,993.9692,1.65
1782943440000,993.9692,1.65
1782943500000,993.9692,1.65
1782943560000,993.9692,1.65
1782943620000,993.9692,1.65
1782943680000,993.9692,1.65
1782943740000,993.9692,1.65
1782943800000,993.9692,1.65
1782943860000,993.9692,1.65
1782943920000,993.9692,1.65
1782943980000,993.9692,1.65
1782944040000,993.9692,1.65
1782944100000,993.9692,1.65
1782944160000,993.9692,1.65
1782944220000,993.9692,1.65
1782944280000,993.9692,1.65
1782944340000,993.9692,1.65
1782944400000,993.9692,1.65
1782944460000,1015.6364,0.0
1782994560000,1015.6364,0.0
1782994620000,1015.6364,0.0
1782994680000,1015.6364,0.0
1782994740000,1015.6364,0.0
1782994800000,1015.6364,0.0
1782994860000,1015.6364,0.0
1782994920000,1015.6364,0.0
1782994980000,1015.6364,0.0
1782995040000,1015.6364,0.0
1782995100000,1015.6364,0.0
1782995160000,1015.6364,0.0
1782995220000,1015.6364,0.0
1782995280000,1015.6364,0.0
1782995340000,1015.6364,0.0
1782995400000,1015.6364,0.0
1782995460000,1015.6364,0.0
1782995520000,1015.6364,0.0
1782995580000,1015.6364,0.0
1782995640000,1015.6364,0.0
1782995700000,1015.6364,0.0
1782995760000,1015.6364,0.0
1782995820000,1015.6364,0.0
1782995880000,1015.6364,0.0
1782995940000,1015.6364,0.0
1782996000000,1015.6364,0.0
1782996060000,1015.6364,0.0
1782996120000,1015.6364,0.0
1782996180000,1015.6364,0.0
1782996240000,1015.6364,0.0
1782996300000,1015.6364,0.0
1782996360000,1015.6364,0.0
1782996420000,1015.6364,0.0
1782996480000,1015.6364,0.0
1782996540000,1015.6364,0.0
1782996600000,1015.6364,0.0
1782996660000,1015.6364,0.0
1782996720000,1015.6364,0.0
1782996780000,1015.6364,0.0
1782996840000,1015.6364,0.0
1782996900000,1015.6364,0.0
1782996960000,1015.6364,0.0
1782997020000,1015.6364,0.0
1782997080000,1015.6364,0.0
1782997140000,1015.6364,0.0
1782997200000,1015.6364,0.0
1782997260000,1015.6364,0.0
1782997320000,1015.6364,0.0
1782997380000,1015.6364,0.0
1782997440000,1015.6364,0.0
1782997500000,1015.6364,0.0
1782997560000,1015.6364,0.0
1782997620000,1015.6364,0.0
1782997680000,1015.6364,0.0
1782997740000,1015.6364,0.0
1782997800000,1015.6364,0.0
1782997860000,1015.6364,0.0
1782997920000,1015.6364,0.0
1782997980000,1015.6364,0.0
1782998040000,1015.6364,0.0
1782998100000,1015.6364,0.0
1782998160000,1015.6364,0.0
1782998220000,1015.6364,0.0
1782998280000,1032.2456,0.0
1783006020000,1032.2456,0.0
1783006080000,1032.2456,0.0
1783006140000,1032.2456,0.0
1783006200000,1032.2456,0.0
1783006260000,1032.2456,0.0
1783006320000,1032.2456,0.0
1783006380000,1032.2456,0.0
1783006440000,1032.2456,0.0
1783006500000,1032.2456,0.0
1783006560000,1032.2456,0.0
1783006620000,1032.2456,0.0
1783006680000,1032.2456,0.0
1783006740000,1032.2456,0.0
1783006800000,1032.2456,0.0
1783006860000,1032.2456,0.0
1783006920000,1032.2456,0.0
1783006980000,1032.2456,0.0
1783007040000,1032.2456,0.0
1783007100000,1032.2456,0.0
1783007160000,1032.2456,0.0
1783007220000,1032.2456,0.0
1783007280000,1032.2456,0.0
1783007340000,1032.2456,0.0
1783007400000,1032.2456,0.0
1783007460000,1032.2456,0.0
1783007520000,1032.2456,0.0
1783007580000,1032.2456,0.0
1783007640000,1032.2456,0.0
1783007700000,1032.2456,0.0
1783007760000,1032.2456,0.0
1783007820000,1032.2456,0.0
1783007880000,1032.2456,0.0
1783007940000,1032.2456,0.0
1783008000000,1032.2456,0.0
1783008060000,1032.2456,0.0
1783008120000,1032.2456,0.0
1783008180000,1032.2456,0.0
1783008240000,1032.2456,0.0
1783008300000,1032.2456,0.0
1783008360000,1032.2456,0.0
1783008420000,1032.2456,0.0
1783008480000,1032.2456,0.0
1783008540000,1032.2456,0.0
1783008600000,1032.2456,0.0
1783008660000,1032.2456,0.0
1783008720000,1032.2456,0.0
1783008780000,1032.2456,0.0
1783008840000,1032.2456,0.0
1783008900000,1032.2456,0.0
1783008960000,1032.2456,0.0
1783009020000,1032.2456,0.0
1783009080000,1032.2456,0.0
1783009140000,1032.2456,0.0
1783009200000,1032.2456,0.0
1783009260000,1032.2456,0.0
1783009320000,1032.2456,0.0
1783009380000,1032.2456,0.0
1783009440000,1032.2456,0.0
1783009500000,1032.2456,0.0
1783009560000,1032.2456,0.0
1783009620000,1023.622,0.84
1783069680000,1023.622,0.84
1783069740000,1023.622,0.84
1783069800000,1023.622,0.84
1783069860000,1023.622,0.84
1783069920000,1023.622,0.84
1783069980000,1023.622,0.84
1783070040000,1023.622,0.84
1783070100000,1023.622,0.84
1783070160000,1023.622,0.84
1783070220000,1023.622,0.84
1783070280000,1023.622,0.84
1783070340000,1023.622,0.84
1783070400000,1023.622,0.84
1783070460000,1023.622,0.84
1783070520000,1023.622,0.84
1783070580000,1023.622,0.84
1783070640000,1023.622,0.84
1783070700000,1023.622,0.84
1783070760000,1023.622,0.84
1783070820000,1023.622,0.84
1783070880000,1023.622,0.84
1783070940000,1023.622,0.84
1783071000000,1023.622,0.84
1783071060000,1023.622,0.84
1783071120000,1023.622,0.84
1783071180000,1023.622,0.84
1783071240000,1023.622,0.84
1783071300000,1023.622,0.84
1783071360000,1023.622,0.84
1783071420000,1023.622,0.84
1783071480000,1023.622,0.84
1783071540000,1023.622,0.84
1783071600000,1023.622,0.84
1783071660000,1023.622,0.84
1783071720000,1023.622,0.84
1783071780000,1023.622,0.84
1783071840000,1023.622,0.84
1783071900000,1023.622,0.84
1783071960000,1023.622,0.84
1783072020000,1023.622,0.84
1783072080000,1023.622,0.84
1783072140000,1023.622,0.84
1783072200000,1023.622,0.84
1783072260000,1023.622,0.84
1783072320000,1023.622,0.84
1783072380000,1023.622,0.84
1783072440000,1023.622,0.84
1783072500000,1023.622,0.84
1783072560000,1023.622,0.84
1783072620000,1023.622,0.84
1783072680000,1023.622,0.84
1783072740000,1023.622,0.84
1783072800000,1023.622,0.84
1783072860000,1023.622,0.84
1783072920000,1023.622,0.84
1783072980000,1023.622,0.84
1783073040000,1023.622,0.84
1783073100000,1023.622,0.84
1783073160000,1023.622,0.84
1783073220000,1023.622,0.84
1783073280000,1023.622,0.84
1783073340000,1023.622,0.84
1783073400000,1023.622,0.84
1783073460000,1023.622,0.84
1783073520000,1023.622,0.84
1783073580000,1023.622,0.84
1783073640000,1023.622,0.84
1783073700000,1023.622,0.84
1783073760000,1023.622,0.84
1783073820000,1023.622,0.84
1783073880000,1023.622,0.84
1783073940000,1023.622,0.84
1783074000000,1023.622,0.84
1783074060000,1023.622,0.84
1783074120000,1023.622,0.84
1783074180000,1023.622,0.84
1783074240000,1023.622,0.84
1783074300000,1023.622,0.84
1783074360000,1023.622,0.84
1783074420000,1023.622,0.84
1783074480000,1023.622,0.84
1783074540000,1023.622,0.84
1783074600000,1023.622,0.84
1783074660000,1023.622,0.84
1783074720000,1023.622,0.84
1783074780000,1023.622,0.84
1783074840000,1023.622,0.84
1783074900000,1023.622,0.84
1783074960000,1023.622,0.84
1783075020000,1023.622,0.84
1783075080000,1023.622,0.84
1783075140000,1023.622,0.84
1783075200000,1023.622,0.84
1783075260000,1023.622,0.84
1783075320000,1023.622,0.84
1783075380000,1023.622,0.84
1783075440000,1023.622,0.84
1783075500000,1023.622,0.84
1783075560000,1023.622,0.84
1783075620000,1023.622,0.84
1783075680000,1023.622,0.84
1783075740000,1023.622,0.84
1783075800000,1023.622,0.84
1783075860000,1023.622,0.84
1783075920000,1023.622,0.84
1783075980000,1023.622,0.84
1783076040000,1023.622,0.84
1783076100000,1023.622,0.84
1783076160000,1023.622,0.84
1783076220000,1023.622,0.84
1783076280000,1023.622,0.84
1783076340000,1023.622,0.84
1783076400000,1023.622,0.84
1783076460000,1023.622,0.84
1783076520000,1023.622,0.84
1783076580000,1023.622,0.84
1783076640000,1023.622,0.84
1783076700000,1023.622,0.84
1783076760000,1023.622,0.84
1783076820000,1023.622,0.84
1783076880000,1023.622,0.84
1783076940000,1023.622,0.84
1783077000000,1023.622,0.84
1783077060000,1023.622,0.84
1783077120000,1023.622,0.84
1783077180000,1023.622,0.84
1783077240000,1023.622,0.84
1783077300000,1023.622,0.84
1783077360000,1023.622,0.84
1783077420000,1023.622,0.84
1783077480000,1023.622,0.84
1783077540000,1023.622,0.84
1783077600000,1023.622,0.84
1783077660000,1023.622,0.84
1783077720000,1023.622,0.84
1783077780000,1023.622,0.84
1783077840000,1023.622,0.84
1783077900000,1023.622,0.84
1783077960000,1023.622,0.84
1783078020000,1023.622,0.84
1783078080000,1023.622,0.84
1783078140000,1023.622,0.84
1783078200000,1023.622,0.84
1783078260000,1023.622,0.84
1783078320000,1023.622,0.84
1783078380000,1023.622,0.84
1783078440000,1023.622,0.84
1783078500000,1023.622,0.84
1783078560000,1023.622,0.84
1783078620000,1023.622,0.84
1783078680000,1023.622,0.84
1783078740000,1023.622,0.84
1783078800000,1023.622,0.84
1783078860000,1023.622,0.84
1783078920000,1023.622,0.84
1783078980000,1023.622,0.84
1783079040000,1023.622,0.84
1783079100000,1023.622,0.84
1783079160000,1023.622,0.84
1783079220000,1023.622,0.84
1783079280000,1023.622,0.84
1783079340000,1023.622,0.84
1783079400000,1023.622,0.84
1783079460000,1023.622,0.84
1783079520000,1023.622,0.84
1783079580000,1023.622,0.84
1783079640000,1023.622,0.84
1783079700000,1023.622,0.84
1783079760000,1023.622,0.84
1783079820000,1023.622,0.84
1783079880000,1023.622,0.84
1783079940000,1023.622,0.84
1783080000000,1023.622,0.84
1783080060000,1023.622,0.84
1783080120000,1023.622,0.84
1783080180000,1023.622,0.84
1783080240000,1023.622,0.84
1783080300000,1023.622,0.84
1783080360000,1023.622,0.84
1783080420000,1023.622,0.84
1783080480000,1023.622,0.84
1783080540000,1023.622,0.84
1783080600000,1023.622,0.84
1783080660000,1023.622,0.84
1783080720000,1023.622,0.84
1783080780000,1023.622,0.84
1783080840000,1023.622,0.84
1783080900000,1023.622,0.84
1783080960000,1023.622,0.84
1783081020000,1023.622,0.84
1783081080000,1023.622,0.84
1783081140000,1023.622,0.84
1783081200000,1023.622,0.84
1783081260000,1023.622,0.84
1783081320000,1023.622,0.84
1783081380000,1023.622,0.84
1783081440000,1023.622,0.84
1783081500000,1023.622,0.84
1783081560000,1023.622,0.84
1783081620000,1023.622,0.84
1783081680000,1023.622,0.84
1783081740000,1023.622,0.84
1783081800000,1023.622,0.84
1783081860000,1023.622,0.84
1783081920000,1023.622,0.84
1783081980000,1023.622,0.84
1783082040000,1023.622,0.84
1783082100000,1023.622,0.84
1783082160000,1023.622,0.84
1783082220000,1023.622,0.84
1783082280000,1023.622,0.84
1783082340000,1023.622,0.84
1783082400000,1023.622,0.84
1783082460000,1023.622,0.84
1783082520000,1023.622,0.84
1783082580000,1023.622,0.84
1783082640000,1023.622,0.84
1783082700000,1023.622,0.84
1783082760000,1023.622,0.84
1783082820000,1023.622,0.84
1783082880000,1023.622,0.84
1783082940000,1023.622,0.84
1783083000000,1023.622,0.84
1783083060000,1023.622,0.84
1783083120000,1023.622,0.84
1783083180000,1023.622,0.84
1783083240000,1023.622,0.84
1783083300000,1023.622,0.84
1783083360000,1023.622,0.84
1783083420000,1023.622,0.84
1783083480000,1023.622,0.84
1783083540000,1023.622,0.84
1783083600000,1023.622,0.84
1783083660000,1023.622,0.84
1783083720000,1023.622,0.84
1783083780000,1023.622,0.84
1783083840000,1023.622,0.84
1783083900000,1023.622,0.84
1783083960000,1023.622,0.84
1783084020000,1023.622,0.84
1783084080000,1023.622,0.84
1783084140000,1023.622,0.84
1783084200000,1023.622,0.84
1783084260000,1023.622,0.84
1783084320000,1023.622,0.84
1783084380000,1023.622,0.84
1783084440000,1023.622,0.84
1783084500000,1023.622,0.84
1783084560000,1023.622,0.84
1783084620000,1023.622,0.84
1783084680000,1023.622,0.84
1783084740000,1023.622,0.84
1783084800000,1023.622,0.84
1783084860000,1023.622,0.84
1783084920000,1023.622,0.84
1783084980000,1023.622,0.84
1783085040000,1023.622,0.84
1783085100000,1023.622,0.84
1783085160000,1023.622,0.84
1783085220000,1023.622,0.84
1783085280000,1023.622,0.84
1783085340000,1023.622,0.84
1783085400000,1023.622,0.84
1783085460000,1023.622,0.84
1783085520000,1023.622,0.84
1783085580000,1023.622,0.84
1783085640000,1023.622,0.84
1783085700000,1023.622,0.84
1783085760000,1023.622,0.84
1783085820000,1023.622,0.84
1783085880000,1023.622,0.84
1783085940000,1023.622,0.84
1783086000000,1023.622,0.84
1783086060000,1023.622,0.84
1783086120000,1023.622,0.84
1783086180000,1023.622,0.84
1783086240000,1023.622,0.84
1783086300000,1023.622,0.84
1783086360000,1023.622,0.84
1783086420000,1023.622,0.84
1783086480000,1023.622,0.84
1783086540000,1023.622,0.84
1783086600000,1023.622,0.84
1783086660000,1023.622,0.84
1783086720000,1023.622,0.84
1783086780000,1023.622,0.84
1783086840000,1023.622,0.84
1783086900000,1023.622,0.84
1783086960000,1023.622,0.84
1783087020000,1023.622,0.84
1783087080000,1023.622,0.84
1783087140000,1023.622,0.84
1783087200000,1023.622,0.84
1783087260000,1023.622,0.84
1783087320000,1023.622,0.84
1783087380000,1023.622,0.84
1783087440000,1023.622,0.84
1783087500000,1023.622,0.84
1783087560000,1023.622,0.84
1783087620000,1023.622,0.84
1783087680000,1023.622,0.84
1783087740000,1023.622,0.84
1783087800000,1023.622,0.84
1783087860000,1023.622,0.84
1783087920000,1023.622,0.84
1783087980000,1023.622,0.84
1783088040000,1023.622,0.84
1783088100000,1023.622,0.84
1783088160000,1023.622,0.84
1783088220000,1023.622,0.84
1783088280000,1023.622,0.84
1783088340000,1023.622,0.84
1783088400000,1023.622,0.84
1783088460000,1023.622,0.84
1783088520000,1023.622,0.84
1783088580000,1023.622,0.84
1783088640000,1023.622,0.84
1783088700000,1023.622,0.84
1783088760000,1023.622,0.84
1783088820000,1023.622,0.84
1783088880000,1023.622,0.84
1783088940000,1023.622,0.84
1783089000000,1023.622,0.84
1783089060000,1023.622,0.84
1783089120000,1023.622,0.84
1783089180000,1023.622,0.84
1783089240000,1023.622,0.84
1783089300000,1023.622,0.84
1783089360000,1023.622,0.84
1783089420000,1023.622,0.84
1783089480000,1023.622,0.84
1783089540000,1023.622,0.84
1783089600000,1023.622,0.84
1783089660000,1023.622,0.84
1783089720000,1023.622,0.84
1783089780000,1023.622,0.84
1783089840000,1023.622,0.84
1783089900000,1023.622,0.84
1783089960000,1023.622,0.84
1783090020000,1023.622,0.84
1783090080000,1023.622,0.84
1783090140000,1023.622,0.84
1783090200000,1023.622,0.84
1783090260000,1023.622,0.84
1783090320000,1023.622,0.84
1783090380000,1023.622,0.84
1783090440000,1023.622,0.84
1783090500000,1023.622,0.84
1783090560000,1023.622,0.84
1783090620000,1023.622,0.84
1783090680000,1023.622,0.84
1783090740000,1023.622,0.84
1783090800000,1023.622,0.84
1783090860000,1023.622,0.84
1783090920000,1023.622,0.84
1783090980000,1023.622,0.84
1783091040000,1023.622,0.84
1783091100000,1023.622,0.84
1783091160000,1023.622,0.84
1783091220000,1023.622,0.84
1783091280000,1023.622,0.84
1783091340000,1023.622,0.84
1783091400000,1023.622,0.84
1783091460000,1023.622,0.84
1783091520000,1023.622,0.84
1783091580000,1023.622,0.84
1783091640000,1023.622,0.84
1783091700000,1023.622,0.84
1783091760000,1023.622,0.84
1783091820000,1023.622,0.84
1783091880000,1023.622,0.84
1783091940000,1023.622,0.84
1783092000000,1023.622,0.84
1783092060000,1023.622,0.84
1783092120000,1023.622,0.84
1783092180000,1023.622,0.84
1783092240000,1023.622,0.84
1783092300000,1023.622,0.84
1783092360000,1023.622,0.84
1783092420000,1023.622,0.84
1783092480000,1023.622,0.84
1783092540000,1023.622,0.84
1783092600000,1023.622,0.84
1783092660000,1023.622,0.84
1783092720000,1023.622,0.84
1783092780000,1023.622,0.84
1783092840000,1023.622,0.84
1783092900000,1023.622,0.84
1783092960000,1023.622,0.84
1783093020000,1023.622,0.84
1783093080000,1023.622,0.84
1783093140000,1023.622,0.84
1783093200000,1023.622,0.84
1783093260000,1023.622,0.84
1783093320000,1023.622,0.84
1783093380000,1023.622,0.84
1783093440000,1023.622,0.84
1783093500000,1023.622,0.84
1783093560000,1023.622,0.84
1783093620000,1023.622,0.84
1783093680000,1023.622,0.84
1783093740000,1023.622,0.84
1783093800000,1023.622,0.84
1783093860000,1023.622,0.84
1783093920000,1023.622,0.84
1783093980000,1023.622,0.84
1783094040000,1023.622,0.84
1783094100000,1023.622,0.84
1783094160000,1023.622,0.84
1783094220000,1023.622,0.84
1783094280000,1023.622,0.84
1783094340000,1023.622,0.84
1783094400000,1023.622,0.84
1783094460000,1023.622,0.84
1783094520000,1023.622,0.84
1783094580000,1023.622,0.84
1783094640000,1023.622,0.84
1783094700000,1023.622,0.84
1783094760000,1023.622,0.84
1783094820000,1023.622,0.84
1783094880000,1023.622,0.84
1783094940000,1023.622,0.84
1783095000000,1023.622,0.84
1783095060000,1023.622,0.84
1783095120000,1023.622,0.84
1783095180000,1023.622,0.84
1783095240000,1023.622,0.84
1783095300000,1023.622,0.84
1783095360000,1023.622,0.84
1783095420000,1023.622,0.84
1783095480000,1023.622,0.84
1783095540000,1023.622,0.84
1783095600000,1023.622,0.84
1783095660000,1023.622,0.84
1783095720000,1023.622,0.84
1783095780000,1023.622,0.84
1783095840000,1023.622,0.84
1783095900000,1023.622,0.84
1783095960000,1023.622,0.84
1783096020000,1023.622,0.84
1783096080000,1023.622,0.84
1783096140000,1023.622,0.84
1783096200000,1023.622,0.84
1783096260000,1023.622,0.84
1783096320000,1023.622,0.84
1783096380000,1023.622,0.84
1783096440000,1023.622,0.84
1783096500000,1023.622,0.84
1783096560000,1023.622,0.84
1783096620000,1023.622,0.84
1783096680000,1023.622,0.84
1783096740000,1023.622,0.84
1783096800000,1023.622,0.84
1783096860000,1023.622,0.84
1783096920000,1023.622,0.84
1783096980000,1023.622,0.84
1783097040000,1023.622,0.84
1783097100000,1023.622,0.84
1783097160000,1023.622,0.84
1783097220000,1023.622,0.84
1783097280000,1023.622,0.84
1783097340000,1023.622,0.84
1783097400000,1023.622,0.84
1783097460000,1023.622,0.84
1783097520000,1023.622,0.84
1783097580000,1023.622,0.84
1783097640000,1023.622,0.84
1783097700000,1023.622,0.84
1783097760000,1023.622,0.84
1783097820000,1023.622,0.84
1783097880000,1023.622,0.84
1783097940000,1023.622,0.84
1783098000000,1023.622,0.84
1783098060000,1023.622,0.84
1783098120000,1023.622,0.84
1783098180000,1023.622,0.84
1783098240000,1023.622,0.84
1783098300000,1023.622,0.84
1783098360000,1023.622,0.84
1783098420000,1023.622,0.84
1783098480000,1023.622,0.84
1783098540000,1023.622,0.84
1783098600000,1023.622,0.84
1783098660000,1023.622,0.84
1783098720000,1023.622,0.84
1783098780000,1023.622,0.84
1783098840000,1023.622,0.84
1783098900000,1023.622,0.84
1783098960000,1023.622,0.84
1783099020000,1023.622,0.84
1783099080000,1023.622,0.84
1783099140000,1023.622,0.84
1783099200000,1023.622,0.84
1783099260000,1023.622,0.84
1783099320000,1023.622,0.84
1783099380000,1023.622,0.84
1783099440000,1023.622,0.84
1783099500000,1023.622,0.84
1783099560000,1023.622,0.84
1783099620000,1023.622,0.84
1783099680000,1023.622,0.84
1783099740000,1023.622,0.84
1783099800000,1023.622,0.84
1783099860000,1023.622,0.84
1783099920000,1023.622,0.84
1783099980000,1023.622,0.84
1783100040000,1023.622,0.84
1783100100000,1023.622,0.84
1783100160000,1023.622,0.84
1783100220000,1023.622,0.84
1783100280000,1023.622,0.84
1783100340000,1023.622,0.84
1783100400000,1023.622,0.84
1783100460000,1023.622,0.84
1783100520000,1023.622,0.84
1783100580000,1023.622,0.84
1783100640000,1023.622,0.84
1783100700000,1023.622,0.84
1783100760000,1023.622,0.84
1783100820000,1023.622,0.84
1783100880000,1023.622,0.84
1783100940000,1023.622,0.84
1783101000000,1023.622,0.84
1783101060000,1023.622,0.84
1783101120000,1023.622,0.84
1783101180000,1023.622,0.84
1783101240000,1023.622,0.84
1783101300000,1023.622,0.84
1783101360000,1023.622,0.84
1783101420000,1023.622,0.84
1783101480000,1023.622,0.84
1783101540000,1023.622,0.84
1783101600000,1023.622,0.84
1783101660000,1023.622,0.84
1783101720000,1023.622,0.84
1783101780000,1023.622,0.84
1783101840000,1023.622,0.84
1783101900000,1023.622,0.84
1783101960000,1023.622,0.84
1783102020000,1023.622,0.84
1783102080000,1023.622,0.84
1783102140000,1023.622,0.84
1783102200000,1023.622,0.84
1783102260000,1023.622,0.84
1783102320000,1023.622,0.84
1783102380000,1023.622,0.84
1783102440000,1023.622,0.84
1783102500000,1023.622,0.84
1783102560000,1023.622,0.84
1783102620000,1023.622,0.84
1783102680000,1023.622,0.84
1783102740000,1023.622,0.84
1783102800000,1023.622,0.84
1783102860000,1023.622,0.84
1783102920000,1023.622,0.84
1783102980000,1023.622,0.84
1783103040000,1023.622,0.84
1783103100000,1023.622,0.84
1783103160000,1023.622,0.84
1783103220000,1023.622,0.84
1783103280000,1023.622,0.84
1783103340000,1023.622,0.84
1783103400000,1023.622,0.84
1783103460000,1023.622,0.84
1783103520000,1023.622,0.84
1783103580000,1023.622,0.84
1783103640000,1023.622,0.84
1783103700000,1023.622,0.84
1783103760000,1023.622,0.84
1783103820000,1023.622,0.84
1783103880000,1023.622,0.84
1783103940000,1023.622,0.84
1783104000000,1023.622,0.84
1783104060000,1023.622,0.84
1783104120000,1023.622,0.84
1783104180000,1023.622,0.84
1783104240000,1023.622,0.84
1783104300000,1023.622,0.84
1783104360000,1023.622,0.84
1783104420000,1023.622,0.84
1783104480000,1023.622,0.84
1783104540000,1023.622,0.84
1783104600000,1023.622,0.84
1783104660000,1023.622,0.84
1783104720000,1023.622,0.84
1783104780000,1023.622,0.84
1783104840000,1023.622,0.84
1783104900000,1023.622,0.84
1783104960000,1023.622,0.84
1783105020000,1023.622,0.84
1783105080000,1023.622,0.84
1783105140000,1023.622,0.84
1783105200000,1023.622,0.84
1783105260000,1023.622,0.84
1783105320000,1023.622,0.84
1783105380000,1023.622,0.84
1783105440000,1023.622,0.84
1783105500000,1023.622,0.84
1783105560000,1023.622,0.84
1783105620000,1023.622,0.84
1783105680000,1023.622,0.84
1783105740000,1023.622,0.84
1783105800000,1023.622,0.84
1783105860000,1023.622,0.84
1783105920000,1023.622,0.84
1783105980000,1023.622,0.84
1783106040000,1023.622,0.84
1783106100000,1023.622,0.84
1783106160000,1023.622,0.84
1783106220000,1023.622,0.84
1783106280000,1023.622,0.84
1783106340000,1023.622,0.84
1783106400000,1023.622,0.84
1783106460000,1023.622,0.84
1783106520000,1023.622,0.84
1783106580000,1023.622,0.84
1783106640000,1023.622,0.84
1783106700000,1023.622,0.84
1783106760000,1023.622,0.84
1783106820000,1023.622,0.84
1783106880000,1023.622,0.84
1783106940000,1023.622,0.84
1783107000000,1023.622,0.84
1783107060000,1023.622,0.84
1783107120000,1023.622,0.84
1783107180000,1023.622,0.84
1783107240000,1023.622,0.84
1783107300000,1023.622,0.84
1783107360000,1023.622,0.84
1783107420000,1023.622,0.84
1783107480000,1023.622,0.84
1783107540000,1023.622,0.84
1783107600000,1023.622,0.84
1783107660000,1023.622,0.84
1783107720000,1023.622,0.84
1783107780000,1023.622,0.84
1783107840000,1023.622,0.84
1783107900000,1023.622,0.84
1783107960000,1023.622,0.84
1783108020000,1023.622,0.84
1783108080000,1023.622,0.84
1783108140000,1023.622,0.84
1783108200000,1023.622,0.84
1783108260000,1023.622,0.84
1783108320000,1023.622,0.84
1783108380000,1023.622,0.84
1783108440000,1023.622,0.84
1783108500000,1023.622,0.84
1783108560000,1023.622,0.84
1783108620000,1023.622,0.84
1783108680000,1023.622,0.84
1783108740000,1023.622,0.84
1783108800000,1023.622,0.84
1783108860000,1023.622,0.84
1783108920000,1023.622,0.84
1783108980000,1023.622,0.84
1783109040000,1023.622,0.84
1783109100000,1023.622,0.84
1783109160000,1023.622,0.84
1783109220000,1023.622,0.84
1783109280000,1023.622,0.84
1783109340000,1023.622,0.84
1783109400000,1023.622,0.84
1783109460000,1023.622,0.84
1783109520000,1023.622,0.84
1783109580000,1023.622,0.84
1783109640000,1023.622,0.84
1783109700000,1023.622,0.84
1783109760000,1023.622,0.84
1783109820000,1023.622,0.84
1783109880000,1023.622,0.84
1783109940000,1023.622,0.84
1783110000000,1023.622,0.84
1783110060000,1023.622,0.84
1783110120000,1023.622,0.84
1783110180000,1023.622,0.84
1783110240000,1023.622,0.84
1783110300000,1023.622,0.84
1783110360000,1023.622,0.84
1783110420000,1023.622,0.84
1783110480000,1023.622,0.84
1783110540000,1023.622,0.84
1783110600000,1023.622,0.84
1783110660000,1023.622,0.84
1783110720000,1023.622,0.84
1783110780000,1023.622,0.84
1783110840000,1023.622,0.84
1783110900000,1044.1246,0.0
1783174380000,1044.1246,0.0
1783174440000,1044.1246,0.0
1783174500000,1044.1246,0.0
1783174560000,1044.1246,0.0
1783174620000,1044.1246,0.0
1783174680000,1044.1246,0.0
1783174740000,1044.1246,0.0
1783174800000,1044.1246,0.0
1783174860000,1044.1246,0.0
1783174920000,1044.1246,0.0
1783174980000,1044.1246,0.0
1783175040000,1044.1246,0.0
1783175100000,1044.1246,0.0
1783175160000,1044.1246,0.0
1783175220000,1044.1246,0.0
1783175280000,1044.1246,0.0
1783175340000,1044.1246,0.0
1783175400000,1044.1246,0.0
1783175460000,1044.1246,0.0
1783175520000,1044.1246,0.0
1783175580000,1044.1246,0.0
1783175640000,1044.1246,0.0
1783175700000,1044.1246,0.0
1783175760000,1044.1246,0.0
1783175820000,1044.1246,0.0
1783175880000,1044.1246,0.0
1783175940000,1044.1246,0.0
1783176000000,1044.1246,0.0
1783176060000,1044.1246,0.0
1783176120000,1044.1246,0.0
1783176180000,1044.1246,0.0
1783176240000,1044.1246,0.0
1783176300000,1044.1246,0.0
1783176360000,1044.1246,0.0
1783176420000,1044.1246,0.0
1783176480000,1044.1246,0.0
1783176540000,1044.1246,0.0
1783176600000,1044.1246,0.0
1783176660000,1044.1246,0.0
1783176720000,1044.1246,0.0
1783176780000,1044.1246,0.0
1783176840000,1044.1246,0.0
1783176900000,1044.1246,0.0
1783176960000,1044.1246,0.0
1783177020000,1044.1246,0.0
1783177080000,1044.1246,0.0
1783177140000,1044.1246,0.0
1783177200000,1044.1246,0.0
1783177260000,1044.1246,0.0
1783177320000,1044.1246,0.0
1783177380000,1044.1246,0.0
1783177440000,1044.1246,0.0
1783177500000,1044.1246,0.0
1783177560000,1044.1246,0.0
1783177620000,1044.1246,0.0
1783177680000,1044.1246,0.0
1783177740000,1056.4185,0.0
1783341900000,1056.4185,0.0
1783341960000,1056.4185,0.0
1783342020000,1056.4185,0.0
1783342080000,1056.4185,0.0
1783342140000,1056.4185,0.0
1783342200000,1056.4185,0.0
1783342260000,1056.4185,0.0
1783342320000,1056.4185,0.0
1783342380000,1056.4185,0.0
1783342440000,1056.4185,0.0
1783342500000,1056.4185,0.0
1783342560000,1056.4185,0.0
1783342620000,1056.4185,0.0
1783342680000,1056.4185,0.0
1783342740000,1056.4185,0.0
1783342800000,1056.4185,0.0
1783342860000,1056.4185,0.0
1783342920000,1056.4185,0.0
1783342980000,1056.4185,0.0
1783343040000,1056.4185,0.0
1783343100000,1056.4185,0.0
1783343160000,1056.4185,0.0
1783343220000,1056.4185,0.0
1783343280000,1056.4185,0.0
1783343340000,1056.4185,0.0
1783343400000,1056.4185,0.0
1783343460000,1056.4185,0.0
1783343520000,1056.4185,0.0
1783343580000,1056.4185,0.0
1783343640000,1056.4185,0.0
1783343700000,1056.4185,0.0
1783343760000,1056.4185,0.0
1783343820000,1056.4185,0.0
1783343880000,1056.4185,0.0
1783343940000,1056.4185,0.0
1783344000000,1056.4185,0.0
1783344060000,1056.4185,0.0
1783344120000,1056.4185,0.0
1783344180000,1056.4185,0.0
1783344240000,1056.4185,0.0
1783344300000,1056.4185,0.0
1783344360000,1056.4185,0.0
1783344420000,1056.4185,0.0
1783344480000,1056.4185,0.0
1783344540000,1056.4185,0.0
1783344600000,1056.4185,0.0
1783344660000,1056.4185,0.0
1783344720000,1056.4185,0.0
1783344780000,1056.4185,0.0
1783344840000,1056.4185,0.0
1783344900000,1056.4185,0.0
1783344960000,1056.4185,0.0
1783345020000,1056.4185,0.0
1783345080000,1056.4185,0.0
1783345140000,1056.4185,0.0
1783345200000,1056.4185,0.0
1783345260000,1056.4185,0.0
1783345320000,1056.4185,0.0
1783345380000,1056.4185,0.0
1783345440000,1056.4185,0.0
1783345500000,1056.4185,0.0
1783345560000,1056.4185,0.0
1783345620000,1056.4185,0.0
1783345680000,1056.4185,0.0
1783345740000,1056.4185,0.0
1783345800000,1056.4185,0.0
1783345860000,1047.7319,0.82
1783352700000,1047.7319,0.82
1783352760000,1047.7319,0.82
1783352820000,1047.7319,0.82
1783352880000,1047.7319,0.82
1783352940000,1047.7319,0.82
1783353000000,1047.7319,0.82
1783353060000,1047.7319,0.82
1783353120000,1047.7319,0.82
1783353180000,1047.7319,0.82
1783353240000,1047.7319,0.82
1783353300000,1047.7319,0.82
1783353360000,1047.7319,0.82
1783353420000,1047.7319,0.82
1783353480000,1047.7319,0.82
1783353540000,1047.7319,0.82
1783353600000,1047.7319,0.82
1783353660000,1047.7319,0.82
1783353720000,1047.7319,0.82
1783353780000,1047.7319,0.82
1783353840000,1047.7319,0.82
1783353900000,1047.7319,0.82
1783353960000,1047.7319,0.82
1783354020000,1047.7319,0.82
1783354080000,1047.7319,0.82
1783354140000,1047.7319,0.82
1783354200000,1047.7319,0.82
1783354260000,1047.7319,0.82
1783354320000,1047.7319,0.82
1783354380000,1047.7319,0.82
1783354440000,1047.7319,0.82
1783354500000,1047.7319,0.82
1783354560000,1047.7319,0.82
1783354620000,1047.7319,0.82
1783354680000,1047.7319,0.82
1783354740000,1047.7319,0.82
1783354800000,1047.7319,0.82
1783354860000,1047.7319,0.82
1783354920000,1047.7319,0.82
1783354980000,1047.7319,0.82
1783355040000,1047.7319,0.82
1783355100000,1047.7319,0.82
1783355160000,1047.7319,0.82
1783355220000,1047.7319,0.82
1783355280000,1047.7319,0.82
1783355340000,1047.7319,0.82
1783355400000,1047.7319,0.82
1783355460000,1047.7319,0.82
1783355520000,1047.7319,0.82
1783355580000,1047.7319,0.82
1783355640000,1047.7319,0.82
1783355700000,1047.7319,0.82
1783355760000,1047.7319,0.82
1783355820000,1047.7319,0.82
1783355880000,1047.7319,0.82
1783355940000,1047.7319,0.82
1783356000000,1047.7319,0.82
1783356060000,1047.7319,0.82
1783356120000,1047.7319,0.82
1783356180000,1047.7319,0.82
1783356240000,1047.7319,0.82
1783356300000,1047.7319,0.82
1783356360000,1047.7319,0.82
1783356420000,1047.7319,0.82
1783356480000,1047.7319,0.82
1783356540000,1047.7319,0.82
1783356600000,1047.7319,0.82
1783356660000,1047.7319,0.82
1783356720000,1047.7319,0.82
1783356780000,1047.7319,0.82
1783356840000,1047.7319,0.82
1783356900000,1047.7319,0.82
1783356960000,1047.7319,0.82
1783357020000,1047.7319,0.82
1783357080000,1047.7319,0.82
1783357140000,1047.7319,0.82
1783357200000,1047.7319,0.82
1783357260000,1047.7319,0.82
1783357320000,1047.7319,0.82
1783357380000,1047.7319,0.82
1783357440000,1047.7319,0.82
1783357500000,1047.7319,0.82
1783357560000,1047.7319,0.82
1783357620000,1047.7319,0.82
1783357680000,1047.7319,0.82
1783357740000,1047.7319,0.82
1783357800000,1047.7319,0.82
1783357860000,1047.7319,0.82
1783357920000,1047.7319,0.82
1783357980000,1047.7319,0.82
1783358040000,1047.7319,0.82
1783358100000,1047.7319,0.82
1783358160000,1047.7319,0.82
1783358220000,1047.7319,0.82
1783358280000,1047.7319,0.82
1783358340000,1047.7319,0.82
1783358400000,1047.7319,0.82
1783358460000,1047.7319,0.82
1783358520000,1047.7319,0.82
1783358580000,1047.7319,0.82
1783358640000,1047.7319,0.82
1783358700000,1047.7319,0.82
1783358760000,1047.7319,0.82
1783358820000,1047.7319,0.82
1783358880000,1047.7319,0.82
1783358940000,1047.7319,0.82
1783359000000,1047.7319,0.82
1783359060000,1047.7319,0.82
1783359120000,1047.7319,0.82
1783359180000,1047.7319,0.82
1783359240000,1047.7319,0.82
1783359300000,1047.7319,0.82
1783359360000,1047.7319,0.82
1783359420000,1047.7319,0.82
1783359480000,1047.7319,0.82
1783359540000,1047.7319,0.82
1783359600000,1047.7319,0.82
1783359660000,1047.7319,0.82
1783359720000,1047.7319,0.82
1783359780000,1047.7319,0.82
1783359840000,1047.7319,0.82
1783359900000,1047.7319,0.82
1783359960000,1047.7319,0.82
1783360020000,1047.7319,0.82
1783360080000,1047.7319,0.82
1783360140000,1047.7319,0.82
1783360200000,1047.7319,0.82
1783360260000,1047.7319,0.82
1783360320000,1047.7319,0.82
1783360380000,1047.7319,0.82
1783360440000,1047.7319,0.82
1783360500000,1047.7319,0.82
1783360560000,1047.7319,0.82
1783360620000,1047.7319,0.82
1783360680000,1047.7319,0.82
1783360740000,1047.7319,0.82
1783360800000,1047.7319,0.82
1783360860000,1047.7319,0.82
1783360920000,1047.7319,0.82
1783360980000,1047.7319,0.82
1783361040000,1047.7319,0.82
1783361100000,1047.7319,0.82
1783361160000,1047.7319,0.82
1783361220000,1047.7319,0.82
1783361280000,1047.7319,0.82
1783361340000,1047.7319,0.82
1783361400000,1047.7319,0.82
1783361460000,1047.7319,0.82
1783361520000,1047.7319,0.82
1783361580000,1047.7319,0.82
1783361640000,1047.7319,0.82
1783361700000,1047.7319,0.82
1783361760000,1047.7319,0.82
1783361820000,1047.7319,0.82
1783361880000,1047.7319,0.82
1783361940000,1047.7319,0.82
1783362000000,1047.7319,0.82
1783362060000,1047.7319,0.82
1783362120000,1047.7319,0.82
1783362180000,1047.7319,0.82
1783362240000,1047.7319,0.82
1783362300000,1047.7319,0.82
1783362360000,1047.7319,0.82
1783362420000,1047.7319,0.82
1783362480000,1047.7319,0.82
1783362540000,1047.7319,0.82
1783362600000,1047.7319,0.82
1783362660000,1047.7319,0.82
1783362720000,1047.7319,0.82
1783362780000,1047.7319,0.82
1783362840000,1047.7319,0.82
1783362900000,1047.7319,0.82
1783362960000,1047.7319,0.82
1783363020000,1047.7319,0.82
1783363080000,1047.7319,0.82
1783363140000,1047.7319,0.82
1783363200000,1047.7319,0.82
1783363260000,1047.7319,0.82
1783363320000,1047.7319,0.82
1783363380000,1047.7319,0.82
1783363440000,1047.7319,0.82
1783363500000,1047.7319,0.82
1783363560000,1047.7319,0.82
1783363620000,1047.7319,0.82
1783363680000,1047.7319,0.82
1783363740000,1047.7319,0.82
1783363800000,1047.7319,0.82
1783363860000,1047.7319,0.82
1783363920000,1047.7319,0.82
1783363980000,1047.7319,0.82
1783364040000,1047.7319,0.82
1783364100000,1047.7319,0.82
1783364160000,1047.7319,0.82
1783364220000,1047.7319,0.82
1783364280000,1047.7319,0.82
1783364340000,1047.7319,0.82
1783364400000,1047.7319,0.82
1783364460000,1047.7319,0.82
1783364520000,1047.7319,0.82
1783364580000,1047.7319,0.82
1783364640000,1047.7319,0.82
1783364700000,1047.7319,0.82
1783364760000,1047.7319,0.82
1783364820000,1047.7319,0.82
1783364880000,1047.7319,0.82
1783364940000,1047.7319,0.82
1783365000000,1047.7319,0.82
1783365060000,1047.7319,0.82
1783365120000,1047.7319,0.82
1783365180000,1047.7319,0.82
1783365240000,1047.7319,0.82
1783365300000,1047.7319,0.82
1783365360000,1047.7319,0.82
1783365420000,1047.7319,0.82
1783365480000,1047.7319,0.82
1783365540000,1047.7319,0.82
1783365600000,1047.7319,0.82
1783365660000,1047.7319,0.82
1783365720000,1047.7319,0.82
1783365780000,1047.7319,0.82
1783365840000,1047.7319,0.82
1783365900000,1047.7319,0.82
1783365960000,1047.7319,0.82
1783366020000,1047.7319,0.82
1783366080000,1047.7319,0.82
1783366140000,1047.7319,0.82
1783366200000,1047.7319,0.82
1783366260000,1047.7319,0.82
1783366320000,1047.7319,0.82
1783366380000,1047.7319,0.82
1783366440000,1047.7319,0.82
1783366500000,1047.7319,0.82
1783366560000,1047.7319,0.82
1783366620000,1047.7319,0.82
1783366680000,1047.7319,0.82
1783366740000,1047.7319,0.82
1783366800000,1047.7319,0.82
1783366860000,1047.7319,0.82
1783366920000,1047.7319,0.82
1783366980000,1047.7319,0.82
1783367040000,1047.7319,0.82
1783367100000,1047.7319,0.82
1783367160000,1047.7319,0.82
1783367220000,1047.7319,0.82
1783367280000,1047.7319,0.82
1783367340000,1047.7319,0.82
1783367400000,1047.7319,0.82
1783367460000,1047.7319,0.82
1783367520000,1047.7319,0.82
1783367580000,1047.7319,0.82
1783367640000,1047.7319,0.82
1783367700000,1047.7319,0.82
1783367760000,1047.7319,0.82
1783367820000,1047.7319,0.82
1783367880000,1047.7319,0.82
1783367940000,1047.7319,0.82
1783368000000,1047.7319,0.82
1783368060000,1047.7319,0.82
1783368120000,1047.7319,0.82
1783368180000,1047.7319,0.82
1783368240000,1047.7319,0.82
1783368300000,1047.7319,0.82
1783368360000,1047.7319,0.82
1783368420000,1047.7319,0.82
1783368480000,1047.7319,0.82
1783368540000,1047.7319,0.82
1783368600000,1047.7319,0.82
1783368660000,1047.7319,0.82
1783368720000,1047.7319,0.82
1783368780000,1047.7319,0.82
1783368840000,1047.7319,0.82
1783368900000,1047.7319,0.82
1783368960000,1047.7319,0.82
1783369020000,1047.7319,0.82
1783369080000,1047.7319,0.82
1783369140000,1047.7319,0.82
1783369200000,1047.7319,0.82
1783369260000,1047.7319,0.82
1783369320000,1047.7319,0.82
1783369380000,1047.7319,0.82
1783369440000,1047.7319,0.82
1783369500000,1047.7319,0.82
1783369560000,1047.7319,0.82
1783369620000,1047.7319,0.82
1783369680000,1047.7319,0.82
1783369740000,1047.7319,0.82
1783369800000,1047.7319,0.82
1783369860000,1047.7319,0.82
1783369920000,1047.7319,0.82
1783369980000,1047.7319,0.82
1783370040000,1047.7319,0.82
1783370100000,1047.7319,0.82
1783370160000,1047.7319,0.82
1783370220000,1047.7319,0.82
1783370280000,1047.7319,0.82
1783370340000,1047.7319,0.82
1783370400000,1047.7319,0.82
1783370460000,1047.7319,0.82
1783370520000,1047.7319,0.82
1783370580000,1047.7319,0.82
1783370640000,1047.7319,0.82
1783370700000,1047.7319,0.82
1783370760000,1047.7319,0.82
1783370820000,1047.7319,0.82
1783370880000,1047.7319,0.82
1783370940000,1047.7319,0.82
1783371000000,1047.7319,0.82
1783371060000,1047.7319,0.82
1783371120000,1047.7319,0.82
1783371180000,1047.7319,0.82
1783371240000,1047.7319,0.82
1783371300000,1047.7319,0.82
1783371360000,1047.7319,0.82
1783371420000,1047.7319,0.82
1783371480000,1047.7319,0.82
1783371540000,1047.7319,0.82
1783371600000,1047.7319,0.82
1783371660000,1047.7319,0.82
1783371720000,1047.7319,0.82
1783371780000,1047.7319,0.82
1783371840000,1047.7319,0.82
1783371900000,1047.7319,0.82
1783371960000,1047.7319,0.82
1783372020000,1047.7319,0.82
1783372080000,1047.7319,0.82
1783372140000,1070.9136,0.0
1783500060000,1070.9136,0.0
1783500120000,1070.9136,0.0
1783500180000,1070.9136,0.0
1783500240000,1070.9136,0.0
1783500300000,1070.9136,0.0
1783500360000,1061.7851,0.85
1783518600000,1061.7851,0.85
1783518660000,1061.7851,0.85
1783518720000,1061.7851,0.85
1783518780000,1061.7851,0.85
1783518840000,1061.7851,0.85
1783518900000,1061.7851,0.85
1783518960000,1061.7851,0.85
1783519020000,1061.7851,0.85
1783519080000,1061.7851,0.85
1783519140000,1061.7851,0.85
1783519200000,1061.7851,0.85
1783519260000,1061.7851,0.85
1783519320000,1061.7851,0.85
1783519380000,1061.7851,0.85
1783519440000,1061.7851,0.85
1783519500000,1061.7851,0.85
1783519560000,1061.7851,0.85
1783519620000,1061.7851,0.85
1783519680000,1061.7851,0.85
1783519740000,1061.7851,0.85
1783519800000,1061.7851,0.85
1783519860000,1061.7851,0.85
1783519920000,1061.7851,0.85
1783519980000,1061.7851,0.85
1783520040000,1061.7851,0.85
1783520100000,1061.7851,0.85
1783520160000,1061.7851,0.85
1783520220000,1061.7851,0.85
1783520280000,1061.7851,0.85
1783520340000,1061.7851,0.85
1783520400000,1061.7851,0.85
1783520460000,1061.7851,0.85
1783520520000,1061.7851,0.85
1783520580000,1061.7851,0.85
1783520640000,1061.7851,0.85
1783520700000,1061.7851,0.85
1783520760000,1061.7851,0.85
1783520820000,1061.7851,0.85
1783520880000,1061.7851,0.85
1783520940000,1061.7851,0.85
1783521000000,1061.7851,0.85
1783521060000,1061.7851,0.85
1783521120000,1061.7851,0.85
1783521180000,1061.7851,0.85
1783521240000,1061.7851,0.85
1783521300000,1061.7851,0.85
1783521360000,1061.7851,0.85
1783521420000,1061.7851,0.85
1783521480000,1061.7851,0.85
1783521540000,1061.7851,0.85
1783521600000,1061.7851,0.85
1783521660000,1061.7851,0.85
1783521720000,1061.7851,0.85
1783521780000,1061.7851,0.85
1783521840000,1061.7851,0.85
1783521900000,1061.7851,0.85
1783521960000,1061.7851,0.85
1783522020000,1061.7851,0.85
1783522080000,1061.7851,0.85
1783522140000,1061.7851,0.85
1783522200000,1061.7851,0.85
1783522260000,1061.7851,0.85
1783522320000,1061.7851,0.85
1783522380000,1061.7851,0.85
1783522440000,1061.7851,0.85
1783522500000,1061.7851,0.85
1783522560000,1061.7851,0.85
1783522620000,1061.7851,0.85
1783522680000,1061.7851,0.85
1783522740000,1061.7851,0.85
1783522800000,1061.7851,0.85
1783522860000,1061.7851,0.85
1783522920000,1061.7851,0.85
1783522980000,1061.7851,0.85
1783523040000,1061.7851,0.85
1783523100000,1061.7851,0.85
1783523160000,1061.7851,0.85
1783523220000,1061.7851,0.85
1783523280000,1061.7851,0.85
1783523340000,1061.7851,0.85
1783523400000,1061.7851,0.85
1783523460000,1061.7851,0.85
1783523520000,1061.7851,0.85
1783523580000,1061.7851,0.85
1783523640000,1061.7851,0.85
1783523700000,1061.7851,0.85
1783523760000,1061.7851,0.85
1783523820000,1061.7851,0.85
1783523880000,1061.7851,0.85
1783523940000,1061.7851,0.85
1783524000000,1061.7851,0.85
1783524060000,1061.7851,0.85
1783524120000,1061.7851,0.85
1783524180000,1061.7851,0.85
1783524240000,1061.7851,0.85
1783524300000,1061.7851,0.85
1783524360000,1061.7851,0.85
1783524420000,1061.7851,0.85
1783524480000,1061.7851,0.85
1783524540000,1061.7851,0.85
1783524600000,1061.7851,0.85
1783524660000,1061.7851,0.85
1783524720000,1061.7851,0.85
1783524780000,1061.7851,0.85
1783524840000,1061.7851,0.85
1783524900000,1061.7851,0.85
1783524960000,1061.7851,0.85
1783525020000,1061.7851,0.85
1783525080000,1061.7851,0.85
1783525140000,1061.7851,0.85
1783525200000,1061.7851,0.85
1783525260000,1061.7851,0.85
1783525320000,1061.7851,0.85
1783525380000,1061.7851,0.85
1783525440000,1061.7851,0.85
1783525500000,1061.7851,0.85
1783525560000,1061.7851,0.85
1783525620000,1061.7851,0.85
1783525680000,1061.7851,0.85
1783525740000,1061.7851,0.85
1783525800000,1061.7851,0.85
1783525860000,1061.7851,0.85
1783525920000,1061.7851,0.85
1783525980000,1061.7851,0.85
1783526040000,1061.7851,0.85
1783526100000,1061.7851,0.85
1783526160000,1061.7851,0.85
1783526220000,1061.7851,0.85
1783526280000,1061.7851,0.85
1783526340000,1061.7851,0.85
1783526400000,1061.7851,0.85
1783526460000,1061.7851,0.85
1783526520000,1061.7851,0.85
1783526580000,1061.7851,0.85
1783526640000,1061.7851,0.85
1783526700000,1061.7851,0.85
1783526760000,1061.7851,0.85
1783526820000,1061.7851,0.85
1783526880000,1061.7851,0.85
1783526940000,1061.7851,0.85
1783527000000,1061.7851,0.85
1783527060000,1061.7851,0.85
1783527120000,1061.7851,0.85
1783527180000,1061.7851,0.85
1783527240000,1061.7851,0.85
1783527300000,1061.7851,0.85
1783527360000,1061.7851,0.85
1783527420000,1061.7851,0.85
1783527480000,1061.7851,0.85
1783527540000,1061.7851,0.85
1783527600000,1061.7851,0.85
1783527660000,1061.7851,0.85
1783527720000,1061.7851,0.85
1783527780000,1061.7851,0.85
1783527840000,1061.7851,0.85
1783527900000,1061.7851,0.85
1783527960000,1061.7851,0.85
1783528020000,1061.7851,0.85
1783528080000,1061.7851,0.85
1783528140000,1061.7851,0.85
1783528200000,1061.7851,0.85
1783528260000,1061.7851,0.85
1783528320000,1061.7851,0.85
1783528380000,1061.7851,0.85
1783528440000,1061.7851,0.85
1783528500000,1061.7851,0.85
1783528560000,1061.7851,0.85
1783528620000,1061.7851,0.85
1783528680000,1061.7851,0.85
1783528740000,1061.7851,0.85
1783528800000,1061.7851,0.85
1783528860000,1061.7851,0.85
1783528920000,1061.7851,0.85
1783528980000,1061.7851,0.85
1783529040000,1061.7851,0.85
1783529100000,1061.7851,0.85
1783529160000,1061.7851,0.85
1783529220000,1061.7851,0.85
1783529280000,1061.7851,0.85
1783529340000,1061.7851,0.85
1783529400000,1061.7851,0.85
1783529460000,1061.7851,0.85
1783529520000,1061.7851,0.85
1783529580000,1061.7851,0.85
1783529640000,1061.7851,0.85
1783529700000,1061.7851,0.85
1783529760000,1061.7851,0.85
1783529820000,1061.7851,0.85
1783529880000,1061.7851,0.85
1783529940000,1061.7851,0.85
1783530000000,1061.7851,0.85
1783530060000,1061.7851,0.85
1783530120000,1061.7851,0.85
1783530180000,1061.7851,0.85
1783530240000,1061.7851,0.85
1783530300000,1061.7851,0.85
1783530360000,1061.7851,0.85
1783530420000,1061.7851,0.85
1783530480000,1061.7851,0.85
1783530540000,1061.7851,0.85
1783530600000,1061.7851,0.85
1783530660000,1061.7851,0.85
1783530720000,1061.7851,0.85
1783530780000,1061.7851,0.85
1783530840000,1061.7851,0.85
1783530900000,1061.7851,0.85
1783530960000,1061.7851,0.85
1783531020000,1061.7851,0.85
1783531080000,1061.7851,0.85
1783531140000,1061.7851,0.85
1783531200000,1061.7851,0.85
1783531260000,1061.7851,0.85
1783531320000,1061.7851,0.85
1783531380000,1061.7851,0.85
1783531440000,1061.7851,0.85
1783531500000,1061.7851,0.85
1783531560000,1061.7851,0.85
1783531620000,1061.7851,0.85
1783531680000,1061.7851,0.85
1783531740000,1061.7851,0.85
1783531800000,1061.7851,0.85
1783531860000,1052.9579,1.68
1783601040000,1052.9579,1.68
1783601100000,1052.9579,1.68
1783601160000,1052.9579,1.68
1783601220000,1052.9579,1.68
1783601280000,1052.9579,1.68
1783601340000,1052.9579,1.68
1783601400000,1052.9579,1.68
1783601460000,1052.9579,1.68
1783601520000,1052.9579,1.68
1783601580000,1052.9579,1.68
1783601640000,1052.9579,1.68
1783601700000,1052.9579,1.68
1783601760000,1052.9579,1.68
1783601820000,1052.9579,1.68
1783601880000,1052.9579,1.68
1783601940000,1052.9579,1.68
1783602000000,1052.9579,1.68
1783602060000,1052.9579,1.68
1783602120000,1052.9579,1.68
1783602180000,1043.952,2.52
1783684080000,1043.952,2.52
1783684140000,1043.952,2.52
1783684200000,1043.952,2.52
1783684260000,1043.952,2.52
1783684320000,1043.952,2.52
1783684380000,1043.952,2.52
1783684440000,1043.952,2.52
1783684500000,1043.952,2.52
1783684560000,1043.952,2.52
1783684620000,1043.952,2.52
1783684680000,1043.952,2.52
1783684740000,1043.952,2.52
1783684800000,1043.952,2.52
1783684860000,1043.952,2.52
1783684920000,1043.952,2.52
1783684980000,1043.952,2.52
1783685040000,1043.952,2.52
1783685100000,1043.952,2.52
1783685160000,1043.952,2.52
1783685220000,1043.952,2.52
1783685280000,1043.952,2.52
1783685340000,1043.952,2.52
1783685400000,1043.952,2.52
1783685460000,1043.952,2.52
1783685520000,1043.952,2.52
1783685580000,1043.952,2.52
1783685640000,1043.952,2.52
1783685700000,1043.952,2.52
1783685760000,1043.952,2.52
1783685820000,1043.952,2.52
1783685880000,1043.952,2.52
1783685940000,1043.952,2.52
1783686000000,1043.952,2.52
1783686060000,1043.952,2.52
1783686120000,1043.952,2.52
1783686180000,1043.952,2.52
1783686240000,1043.952,2.52
1783686300000,1043.952,2.52
1783686360000,1043.952,2.52
1783686420000,1043.952,2.52
1783686480000,1043.952,2.52
1783686540000,1043.952,2.52
1783686600000,1043.952,2.52
1783686660000,1043.952,2.52
1783686720000,1043.952,2.52
1783686780000,1043.952,2.52
1783686840000,1043.952,2.52
1783686900000,1043.952,2.52
1783686960000,1043.952,2.52
1783687020000,1043.952,2.52
1783687080000,1043.952,2.52
1783687140000,1043.952,2.52
1783687200000,1043.952,2.52
1783687260000,1043.952,2.52
1783687320000,1043.952,2.52
1783687380000,1043.952,2.52
1783687440000,1043.952,2.52
1783687500000,1043.952,2.52
1783687560000,1043.952,2.52
1783687620000,1043.952,2.52
1783687680000,1043.952,2.52
1783687740000,1043.952,2.52
1783687800000,1043.952,2.52
1783687860000,1043.952,2.52
1783687920000,1043.952,2.52
1783687980000,1034.4845,3.4
1784031840000,1034.4845,3.4
1784031900000,1034.4845,3.4
1784031960000,1034.4845,3.4
1784032020000,1034.4845,3.4
1784032080000,1034.4845,3.4
1784032140000,1034.4845,3.4
1784032200000,1045.4774,2.38
1784033340000,1045.4774,2.38
1784033400000,1045.4774,2.38
1784033460000,1045.4774,2.38
1784033520000,1045.4774,2.38
1784033580000,1045.4774,2.38
1784033640000,1045.4774,2.38
1784033700000,1045.4774,2.38
1784033760000,1045.4774,2.38
1784033820000,1045.4774,2.38
1784033880000,1045.4774,2.38
1784033940000,1045.4774,2.38
1784034000000,1045.4774,2.38
1784034060000,1045.4774,2.38
1784034120000,1045.4774,2.38
1784034180000,1045.4774,2.38
1784034240000,1045.4774,2.38
1784034300000,1045.4774,2.38
1784034360000,1045.4774,2.38
1784034420000,1045.4774,2.38
1784034480000,1045.4774,2.38
1784034540000,1045.4774,2.38
1784034600000,1045.4774,2.38
1784034660000,1045.4774,2.38
1784034720000,1045.4774,2.38
1784034780000,1045.4774,2.38
1784034840000,1045.4774,2.38
1784034900000,1045.4774,2.38
1784034960000,1045.4774,2.38
1784035020000,1045.4774,2.38
1784035080000,1045.4774,2.38
1784035140000,1045.4774,2.38
1784035200000,1045.4774,2.38
1784035260000,1045.4774,2.38
1784035320000,1045.4774,2.38
1784035380000,1045.4774,2.38
1784035440000,1045.4774,2.38
1784035500000,1045.4774,2.38
1784035560000,1045.4774,2.38
1784035620000,1045.4774,2.38
1784035680000,1045.4774,2.38
1784035740000,1045.4774,2.38
1784035800000,1045.4774,2.38
1784035860000,1045.4774,2.38
1784035920000,1045.4774,2.38
1784035980000,1045.4774,2.38
1784036040000,1045.4774,2.38
1784036100000,1045.4774,2.38
1784036160000,1045.4774,2.38
1784036220000,1045.4774,2.38
1784036280000,1045.4774,2.38
1784036340000,1045.4774,2.38
1784036400000,1045.4774,2.38
1784036460000,1045.4774,2.38
1784036520000,1045.4774,2.38
1784036580000,1045.4774,2.38
1784036640000,1045.4774,2.38
1784036700000,1045.4774,2.38
1784036760000,1045.4774,2.38
1784036820000,1045.4774,2.38
1784036880000,1045.4774,2.38
1784036940000,1045.4774,2.38
1784037000000,1045.4774,2.38
1784037060000,1045.4774,2.38
1784037120000,1045.4774,2.38
1784037180000,1045.4774,2.38
1784037240000,1045.4774,2.38
1784037300000,1045.4774,2.38
1784037360000,1045.4774,2.38
1784037420000,1045.4774,2.38
1784037480000,1045.4774,2.38
1784037540000,1045.4774,2.38
1784037600000,1045.4774,2.38
1784037660000,1045.4774,2.38
1784037720000,1045.4774,2.38
1784037780000,1045.4774,2.38
1784037840000,1045.4774,2.38
1784037900000,1045.4774,2.38
1784037960000,1045.4774,2.38
1784038020000,1045.4774,2.38
1784038080000,1045.4774,2.38
1784038140000,1045.4774,2.38
1784038200000,1045.4774,2.38
1784038260000,1045.4774,2.38
1784038320000,1045.4774,2.38
1784038380000,1045.4774,2.38
1784038440000,1045.4774,2.38
1784038500000,1045.4774,2.38
1784038560000,1045.4774,2.38
1784038620000,1045.4774,2.38
1784038680000,1045.4774,2.38
1784038740000,1045.4774,2.38
1784038800000,1045.4774,2.38
1784038860000,1045.4774,2.38
1784038920000,1045.4774,2.38
1784038980000,1045.4774,2.38
1784039040000,1045.4774,2.38
1784039100000,1045.4774,2.38
1784039160000,1045.4774,2.38
1784039220000,1045.4774,2.38
1784039280000,1045.4774,2.38
1784039340000,1045.4774,2.38
1784039400000,1045.4774,2.38
1784039460000,1045.4774,2.38
1784039520000,1045.4774,2.38
1784039580000,1045.4774,2.38
1784039640000,1045.4774,2.38
1784039700000,1045.4774,2.38
1784039760000,1045.4774,2.38
1784039820000,1045.4774,2.38
1784039880000,1045.4774,2.38
1784039940000,1045.4774,2.38
1784040000000,1045.4774,2.38
1784040060000,1045.4774,2.38
1784040120000,1045.4774,2.38
1784040180000,1045.4774,2.38
1784040240000,1045.4774,2.38
1784040300000,1045.4774,2.38
1784040360000,1045.4774,2.38
1784040420000,1045.4774,2.38
1784040480000,1045.4774,2.38
1784040540000,1045.4774,2.38
1784040600000,1045.4774,2.38
1784040660000,1045.4774,2.38
1784040720000,1045.4774,2.38
1784040780000,1045.4774,2.38
1784040840000,1045.4774,2.38
1784040900000,1045.4774,2.38
1784040960000,1045.4774,2.38
1784041020000,1045.4774,2.38
1784041080000,1045.4774,2.38
1784041140000,1045.4774,2.38
1784041200000,1045.4774,2.38
1784041260000,1045.4774,2.38
1784041320000,1045.4774,2.38
1784041380000,1045.4774,2.38
1784041440000,1045.4774,2.38
1784041500000,1045.4774,2.38
1784041560000,1045.4774,2.38
1784041620000,1045.4774,2.38
1784041680000,1045.4774,2.38
1784041740000,1045.4774,2.38
1784041800000,1045.4774,2.38
1784041860000,1045.4774,2.38
1784041920000,1045.4774,2.38
1784041980000,1045.4774,2.38
1784042040000,1045.4774,2.38
1784042100000,1045.4774,2.38
1784042160000,1045.4774,2.38
1784042220000,1045.4774,2.38
1784042280000,1045.4774,2.38
1784042340000,1045.4774,2.38
1784042400000,1045.4774,2.38
1784042460000,1045.4774,2.38
1784042520000,1045.4774,2.38
1784042580000,1045.4774,2.38
1784042640000,1045.4774,2.38
1784042700000,1045.4774,2.38
1784042760000,1045.4774,2.38
1784042820000,1045.4774,2.38
1784042880000,1045.4774,2.38
1784042940000,1045.4774,2.38
1784043000000,1045.4774,2.38
1784043060000,1045.4774,2.38
1784043120000,1045.4774,2.38
1784043180000,1045.4774,2.38
1784043240000,1045.4774,2.38
1784043300000,1045.4774,2.38
1784043360000,1045.4774,2.38
1784043420000,1045.4774,2.38
1784043480000,1045.4774,2.38
1784043540000,1045.4774,2.38
1784043600000,1045.4774,2.38
1784043660000,1045.4774,2.38
1784043720000,1045.4774,2.38
1784043780000,1045.4774,2.38
1784043840000,1045.4774,2.38
1784043900000,1045.4774,2.38
1784043960000,1045.4774,2.38
1784044020000,1045.4774,2.38
1784044080000,1045.4774,2.38
1784044140000,1045.4774,2.38
1784044200000,1045.4774,2.38
1784044260000,1045.4774,2.38
1784044320000,1045.4774,2.38
1784044380000,1045.4774,2.38
1784044440000,1045.4774,2.38
1784044500000,1045.4774,2.38
1784044560000,1045.4774,2.38
1784044620000,1045.4774,2.38
1784044680000,1045.4774,2.38
1784044740000,1045.4774,2.38
1784044800000,1045.4774,2.38
1784044860000,1045.4774,2.38
1784044920000,1045.4774,2.38
1784044980000,1045.4774,2.38
1784045040000,1045.4774,2.38
1784045100000,1045.4774,2.38
1784045160000,1045.4774,2.38
1784045220000,1045.4774,2.38
1784045280000,1045.4774,2.38
1784045340000,1045.4774,2.38
1784045400000,1045.4774,2.38
1784045460000,1045.4774,2.38
1784045520000,1045.4774,2.38
1784045580000,1045.4774,2.38
1784045640000,1045.4774,2.38
1784045700000,1045.4774,2.38
1784045760000,1045.4774,2.38
1784045820000,1045.4774,2.38
1784045880000,1045.4774,2.38
1784045940000,1045.4774,2.38
1784046000000,1045.4774,2.38
1784046060000,1045.4774,2.38
1784046120000,1045.4774,2.38
1784046180000,1045.4774,2.38
1784046240000,1045.4774,2.38
1784046300000,1045.4774,2.38
1784046360000,1045.4774,2.38
1784046420000,1045.4774,2.38
1784046480000,1045.4774,2.38
1784046540000,1045.4774,2.38
1784046600000,1045.4774,2.38
1784046660000,1045.4774,2.38
1784046720000,1045.4774,2.38
1784046780000,1045.4774,2.38
1784046840000,1045.4774,2.38
1784046900000,1045.4774,2.38
1784046960000,1045.4774,2.38
1784047020000,1045.4774,2.38
1784047080000,1045.4774,2.38
1784047140000,1045.4774,2.38
1784047200000,1045.4774,2.38
1784047260000,1045.4774,2.38
1784047320000,1045.4774,2.38
1784047380000,1045.4774,2.38
1784047440000,1045.4774,2.38
1784047500000,1045.4774,2.38
1784047560000,1045.4774,2.38
1784047620000,1045.4774,2.38
1784047680000,1045.4774,2.38
1784047740000,1045.4774,2.38
1784047800000,1045.4774,2.38
1784047860000,1045.4774,2.38
1784047920000,1045.4774,2.38
1784047980000,1045.4774,2.38
1784048040000,1045.4774,2.38
1784048100000,1045.4774,2.38
1784048160000,1045.4774,2.38
1784048220000,1045.4774,2.38
1784048280000,1045.4774,2.38
1784048340000,1045.4774,2.38
1784048400000,1045.4774,2.38
1784048460000,1045.4774,2.38
1784048520000,1045.4774,2.38
1784048580000,1045.4774,2.38
1784048640000,1045.4774,2.38
1784048700000,1045.4774,2.38
1784048760000,1045.4774,2.38
1784048820000,1045.4774,2.38
1784048880000,1045.4774,2.38
1784048940000,1045.4774,2.38
1784049000000,1045.4774,2.38
1784049060000,1045.4774,2.38
1784049120000,1045.4774,2.38
1784049180000,1045.4774,2.38
1784049240000,1045.4774,2.38
1784049300000,1045.4774,2.38
1784049360000,1045.4774,2.38
1784049420000,1045.4774,2.38
1784049480000,1045.4774,2.38
1784049540000,1045.4774,2.38
1784049600000,1045.4774,2.38
1784049660000,1045.4774,2.38
1784049720000,1045.4774,2.38
1784049780000,1045.4774,2.38
1784049840000,1045.4774,2.38
1784049900000,1045.4774,2.38
1784049960000,1045.4774,2.38
1784050020000,1045.4774,2.38
1784050080000,1045.4774,2.38
1784050140000,1045.4774,2.38
1784050200000,1045.4774,2.38
1784050260000,1045.4774,2.38
1784050320000,1045.4774,2.38
1784050380000,1045.4774,2.38
1784050440000,1045.4774,2.38
1784050500000,1045.4774,2.38
1784050560000,1045.4774,2.38
1784050620000,1045.4774,2.38
1784050680000,1045.4774,2.38
1784050740000,1045.4774,2.38
1784050800000,1045.4774,2.38
1784050860000,1045.4774,2.38
1784050920000,1045.4774,2.38
1784050980000,1045.4774,2.38
1784051040000,1045.4774,2.38
1784051100000,1045.4774,2.38
1784051160000,1045.4774,2.38
1784051220000,1045.4774,2.38
1784051280000,1045.4774,2.38
1784051340000,1045.4774,2.38
1784051400000,1045.4774,2.38
1784051460000,1045.4774,2.38
1784051520000,1045.4774,2.38
1784051580000,1045.4774,2.38
1784051640000,1045.4774,2.38
1784051700000,1045.4774,2.38
1784051760000,1045.4774,2.38
1784051820000,1045.4774,2.38
1784051880000,1045.4774,2.38
1784051940000,1045.4774,2.38
1784052000000,1045.4774,2.38
1784052060000,1045.4774,2.38
1784052120000,1045.4774,2.38
1784052180000,1045.4774,2.38
1784052240000,1045.4774,2.38
1784052300000,1045.4774,2.38
1784052360000,1045.4774,2.38
1784052420000,1045.4774,2.38
1784052480000,1045.4774,2.38
1784052540000,1045.4774,2.38
1784052600000,1045.4774,2.38
1784052660000,1045.4774,2.38
1784052720000,1045.4774,2.38
1784052780000,1045.4774,2.38
1784052840000,1045.4774,2.38
1784052900000,1045.4774,2.38
1784052960000,1045.4774,2.38
1784053020000,1045.4774,2.38
1784053080000,1045.4774,2.38
1784053140000,1045.4774,2.38
1784053200000,1045.4774,2.38
1784053260000,1045.4774,2.38
1784053320000,1045.4774,2.38
1784053380000,1045.4774,2.38
1784053440000,1045.4774,2.38
1784053500000,1045.4774,2.38
1784053560000,1045.4774,2.38
1784053620000,1045.4774,2.38
1784053680000,1045.4774,2.38
1784053740000,1045.4774,2.38
1784053800000,1045.4774,2.38
1784053860000,1045.4774,2.38
1784053920000,1045.4774,2.38
1784053980000,1045.4774,2.38
1784054040000,1045.4774,2.38
1784054100000,1045.4774,2.38
1784054160000,1045.4774,2.38
1784054220000,1045.4774,2.38
1784054280000,1045.4774,2.38
1784054340000,1045.4774,2.38
1784054400000,1045.4774,2.38
1784054460000,1045.4774,2.38
1784054520000,1045.4774,2.38
1784054580000,1045.4774,2.38
1784054640000,1045.4774,2.38
1784054700000,1045.4774,2.38
1784054760000,1045.4774,2.38
1784054820000,1045.4774,2.38
1784054880000,1045.4774,2.38
1784054940000,1045.4774,2.38
1784055000000,1045.4774,2.38
1784055060000,1045.4774,2.38
1784055120000,1045.4774,2.38
1784055180000,1045.4774,2.38
1784055240000,1045.4774,2.38
1784055300000,1045.4774,2.38
1784055360000,1045.4774,2.38
1784055420000,1045.4774,2.38
1784055480000,1045.4774,2.38
1784055540000,1045.4774,2.38
1784055600000,1045.4774,2.38
1784055660000,1045.4774,2.38
1784055720000,1045.4774,2.38
1784055780000,1045.4774,2.38
1784055840000,1045.4774,2.38
1784055900000,1045.4774,2.38
1784055960000,1045.4774,2.38
1784056020000,1045.4774,2.38
1784056080000,1045.4774,2.38
1784056140000,1045.4774,2.38
1784056200000,1045.4774,2.38
1784056260000,1045.4774,2.38
1784056320000,1045.4774,2.38
1784056380000,1045.4774,2.38
1784056440000,1045.4774,2.38
1784056500000,1045.4774,2.38
1784056560000,1045.4774,2.38
1784056620000,1045.4774,2.38
1784056680000,1045.4774,2.38
1784056740000,1045.4774,2.38
1784056800000,1045.4774,2.38
1784056860000,1045.4774,2.38
1784056920000,1045.4774,2.38
1784056980000,1045.4774,2.38
1784057040000,1045.4774,2.38
1784057100000,1045.4774,2.38
1784057160000,1045.4774,2.38
1784057220000,1045.4774,2.38
1784057280000,1045.4774,2.38
1784057340000,1045.4774,2.38
1784057400000,1045.4774,2.38
1784057460000,1045.4774,2.38
1784057520000,1045.4774,2.38
1784057580000,1045.4774,2.38
1784057640000,1045.4774,2.38
1784057700000,1045.4774,2.38
1784057760000,1045.4774,2.38
1784057820000,1045.4774,2.38
1784057880000,1045.4774,2.38
1784057940000,1045.4774,2.38
1784058000000,1045.4774,2.38
1784058060000,1045.4774,2.38
1784058120000,1045.4774,2.38
1784058180000,1045.4774,2.38
1784058240000,1045.4774,2.38
1784058300000,1045.4774,2.38
1784058360000,1045.4774,2.38
1784058420000,1045.4774,2.38
1784058480000,1045.4774,2.38
1784058540000,1045.4774,2.38
1784058600000,1045.4774,2.38
1784058660000,1045.4774,2.38
1784058720000,1045.4774,2.38
1784058780000,1045.4774,2.38
1784058840000,1045.4774,2.38
1784058900000,1045.4774,2.38
1784058960000,1045.4774,2.38
1784059020000,1045.4774,2.38
1784059080000,1045.4774,2.38
1784059140000,1045.4774,2.38
1784059200000,1045.4774,2.38
1784059260000,1045.4774,2.38
1784059320000,1045.4774,2.38
1784059380000,1045.4774,2.38
1784059440000,1045.4774,2.38
1784059500000,1045.4774,2.38
1784059560000,1045.4774,2.38
1784059620000,1045.4774,2.38
1784059680000,1045.4774,2.38
1784059740000,1045.4774,2.38
1784059800000,1045.4774,2.38
1784059860000,1045.4774,2.38
1784059920000,1045.4774,2.38
1784059980000,1045.4774,2.38
1784060040000,1045.4774,2.38
1784060100000,1045.4774,2.38
1784060160000,1045.4774,2.38
1784060220000,1045.4774,2.38
1784060280000,1045.4774,2.38
1784060340000,1045.4774,2.38
1784060400000,1045.4774,2.38
1784060460000,1045.4774,2.38
1784060520000,1045.4774,2.38
1784060580000,1045.4774,2.38
1784060640000,1045.4774,2.38
1784060700000,1045.4774,2.38
1784060760000,1045.4774,2.38
1784060820000,1045.4774,2.38
1784060880000,1045.4774,2.38
1784060940000,1045.4774,2.38
1784061000000,1045.4774,2.38
1784061060000,1045.4774,2.38
1784061120000,1045.4774,2.38
1784061180000,1045.4774,2.38
1784061240000,1045.4774,2.38
1784061300000,1045.4774,2.38
1784061360000,1045.4774,2.38
1784061420000,1045.4774,2.38
1784061480000,1045.4774,2.38
1784061540000,1045.4774,2.38
1784061600000,1045.4774,2.38
1784061660000,1045.4774,2.38
1784061720000,1045.4774,2.38
1784061780000,1045.4774,2.38
1784061840000,1045.4774,2.38
1784061900000,1045.4774,2.38
1784061960000,1045.4774,2.38
1784062020000,1045.4774,2.38
1784062080000,1045.4774,2.38
1784062140000,1045.4774,2.38
1784062200000,1045.4774,2.38
1784062260000,1045.4774,2.38
1784062320000,1045.4774,2.38
1784062380000,1045.4774,2.38
1784062440000,1045.4774,2.38
1784062500000,1045.4774,2.38
1784062560000,1045.4774,2.38
1784062620000,1045.4774,2.38
1784062680000,1045.4774,2.38
1784062740000,1045.4774,2.38
1784062800000,1045.4774,2.38
1784062860000,1045.4774,2.38
1784062920000,1045.4774,2.38
1784062980000,1045.4774,2.38
1784063040000,1045.4774,2.38
1784063100000,1045.4774,2.38
1784063160000,1045.4774,2.38
1784063220000,1045.4774,2.38
1784063280000,1045.4774,2.38
1784063340000,1045.4774,2.38
1784063400000,1045.4774,2.38
1784063460000,1045.4774,2.38
1784063520000,1045.4774,2.38
1784063580000,1045.4774,2.38
1784063640000,1045.4774,2.38
1784063700000,1045.4774,2.38
1784063760000,1045.4774,2.38
1784063820000,1045.4774,2.38
1784063880000,1045.4774,2.38
1784063940000,1045.4774,2.38
1784064000000,1045.4774,2.38
1784064060000,1045.4774,2.38
1784064120000,1045.4774,2.38
1784064180000,1045.4774,2.38
1784064240000,1045.4774,2.38
1784064300000,1045.4774,2.38
1784064360000,1045.4774,2.38
1784064420000,1045.4774,2.38
1784064480000,1045.4774,2.38
1784064540000,1045.4774,2.38
1784064600000,1045.4774,2.38
1784064660000,1045.4774,2.38
1784064720000,1045.4774,2.38
1784064780000,1045.4774,2.38
1784064840000,1045.4774,2.38
1784064900000,1045.4774,2.38
1784064960000,1045.4774,2.38
1784065020000,1045.4774,2.38
1784065080000,1045.4774,2.38
1784065140000,1045.4774,2.38
1784065200000,1045.4774,2.38
1784065260000,1045.4774,2.38
1784065320000,1045.4774,2.38
1784065380000,1045.4774,2.38
1784065440000,1045.4774,2.38
1784065500000,1045.4774,2.38
1784065560000,1045.4774,2.38
1784065620000,1045.4774,2.38
1784065680000,1045.4774,2.38
1784065740000,1045.4774,2.38
1784065800000,1045.4774,2.38
1784065860000,1045.4774,2.38
1784065920000,1045.4774,2.38
1784065980000,1045.4774,2.38
1784066040000,1045.4774,2.38
1784066100000,1045.4774,2.38
1784066160000,1045.4774,2.38
1784066220000,1045.4774,2.38
1784066280000,1045.4774,2.38
1784066340000,1045.4774,2.38
1784066400000,1045.4774,2.38
1784066460000,1045.4774,2.38
1784066520000,1045.4774,2.38
1784066580000,1045.4774,2.38
1784066640000,1045.4774,2.38
1784066700000,1045.4774,2.38
1784066760000,1045.4774,2.38
1784066820000,1045.4774,2.38
1784066880000,1045.4774,2.38
1784066940000,1045.4774,2.38
1784067000000,1045.4774,2.38
1784067060000,1045.4774,2.38
1784067120000,1045.4774,2.38
1784067180000,1045.4774,2.38
1784067240000,1045.4774,2.38
1784067300000,1045.4774,2.38
1784067360000,1045.4774,2.38
1784067420000,1045.4774,2.38
1784067480000,1045.4774,2.38
1784067540000,1045.4774,2.38
1784067600000,1045.4774,2.38
1784067660000,1045.4774,2.38
1784067720000,1045.4774,2.38
1784067780000,1045.4774,2.38
1784067840000,1045.4774,2.38
1784067900000,1045.4774,2.38
1784067960000,1045.4774,2.38
1784068020000,1045.4774,2.38
1784068080000,1045.4774,2.38
1784068140000,1045.4774,2.38
1784068200000,1045.4774,2.38
1784068260000,1045.4774,2.38
1784068320000,1045.4774,2.38
1784068380000,1068.6237,0.21
1784120460000,1068.6237,0.21
1784120520000,1068.6237,0.21
1784120580000,1068.6237,0.21
1784120640000,1068.6237,0.21
1784120700000,1068.6237,0.21
1784120760000,1068.6237,0.21
1784120820000,1068.6237,0.21
1784120880000,1068.6237,0.21
1784120940000,1068.6237,0.21
1784121000000,1068.6237,0.21
1784121060000,1068.6237,0.21
1784121120000,1068.6237,0.21
1784121180000,1068.6237,0.21
1784121240000,1068.6237,0.21
1784121300000,1068.6237,0.21
1784121360000,1068.6237,0.21
1784121420000,1068.6237,0.21
1784121480000,1068.6237,0.21
1784121540000,1068.6237,0.21
1784121600000,1068.6237,0.21
1784121660000,1068.6237,0.21
1784121720000,1068.6237,0.21
1784121780000,1068.6237,0.21
1784121840000,1068.6237,0.21
1784121900000,1068.6237,0.21
1784121960000,1068.6237,0.21
1784122020000,1068.6237,0.21
1784122080000,1068.6237,0.21
1784122140000,1068.6237,0.21
1784122200000,1068.6237,0.21
1784122260000,1068.6237,0.21
1784122320000,1068.6237,0.21
1784122380000,1068.6237,0.21
1784122440000,1068.6237,0.21
1784122500000,1068.6237,0.21
1784122560000,1068.6237,0.21
1784122620000,1068.6237,0.21
1784122680000,1068.6237,0.21
1784122740000,1068.6237,0.21
1784122800000,1068.6237,0.21
1784122860000,1068.6237,0.21
1784122920000,1068.6237,0.21
1784122980000,1068.6237,0.21
1784123040000,1068.6237,0.21
1784123100000,1068.6237,0.21
1784123160000,1068.6237,0.21
1784123220000,1068.6237,0.21
1784123280000,1068.6237,0.21
1784123340000,1068.6237,0.21
1784123400000,1068.6237,0.21
1784123460000,1068.6237,0.21
1784123520000,1068.6237,0.21
1784123580000,1068.6237,0.21
1784123640000,1068.6237,0.21
1784123700000,1068.6237,0.21
1784123760000,1068.6237,0.21
1784123820000,1068.6237,0.21
1784123880000,1068.6237,0.21
1784123940000,1068.6237,0.21
1784124000000,1068.6237,0.21
1784124060000,1068.6237,0.21
1784124120000,1068.6237,0.21
1784124180000,1068.6237,0.21
1784124240000,1068.6237,0.21
1784124300000,1068.6237,0.21
1784124360000,1068.6237,0.21
1784124420000,1068.6237,0.21
1784124480000,1068.6237,0.21
1784124540000,1068.6237,0.21
1784124600000,1068.6237,0.21
1784124660000,1068.6237,0.21
1784124720000,1068.6237,0.21
1784124780000,1068.6237,0.21
1784124840000,1068.6237,0.21
1784124900000,1068.6237,0.21
1784124960000,1068.6237,0.21
1784125020000,1068.6237,0.21
1784125080000,1068.6237,0.21
1784125140000,1068.6237,0.21
1784125200000,1068.6237,0.21
1784125260000,1068.6237,0.21
1784125320000,1068.6237,0.21
1784125380000,1068.6237,0.21
1784125440000,1068.6237,0.21
1784125500000,1068.6237,0.21
1784125560000,1068.6237,0.21
1784125620000,1068.6237,0.21
1784125680000,1068.6237,0.21
1784125740000,1068.6237,0.21
1784125800000,1068.6237,0.21
1784125860000,1068.6237,0.21
1784125920000,1068.6237,0.21
1784125980000,1068.6237,0.21
1784126040000,1068.6237,0.21
1784126100000,1068.6237,0.21
1784126160000,1068.6237,0.21
1784126220000,1068.6237,0.21
1784126280000,1068.6237,0.21
1784126340000,1068.6237,0.21
1784126400000,1068.6237,0.21
1784126460000,1068.6237,0.21
1784126520000,1068.6237,0.21
1784126580000,1068.6237,0.21
1784126640000,1068.6237,0.21
1784126700000,1068.6237,0.21
1784126760000,1068.6237,0.21
1784126820000,1068.6237,0.21
1784126880000,1068.6237,0.21
1784126940000,1068.6237,0.21
1784127000000,1068.6237,0.21
1784127060000,1068.6237,0.21
1784127120000,1068.6237,0.21
1784127180000,1068.6237,0.21
1784127240000,1068.6237,0.21
1784127300000,1068.6237,0.21
1784127360000,1068.6237,0.21
1784127420000,1068.6237,0.21
1784127480000,1068.6237,0.21
1784127540000,1068.6237,0.21
1784127600000,1068.6237,0.21
1784127660000,1068.6237,0.21
1784127720000,1068.6237,0.21
1784127780000,1068.6237,0.21
1784127840000,1068.6237,0.21
1784127900000,1068.6237,0.21
1784127960000,1068.6237,0.21
1784128020000,1068.6237,0.21
1784128080000,1068.6237,0.21
1784128140000,1068.6237,0.21
1784128200000,1068.6237,0.21
1784128260000,1068.6237,0.21
1784128320000,1068.6237,0.21
1784128380000,1068.6237,0.21
1784128440000,1068.6237,0.21
1784128500000,1068.6237,0.21
1784128560000,1068.6237,0.21
1784128620000,1068.6237,0.21
1784128680000,1068.6237,0.21
1784128740000,1068.6237,0.21
1784128800000,1068.6237,0.21
1784128860000,1068.6237,0.21
1784128920000,1068.6237,0.21
1784128980000,1068.6237,0.21
1784129040000,1068.6237,0.21
1784129100000,1068.6237,0.21
1784129160000,1068.6237,0.21
1784129220000,1068.6237,0.21
1784129280000,1068.6237,0.21
1784129340000,1068.6237,0.21
1784129400000,1068.6237,0.21
1784129460000,1068.6237,0.21
1784129520000,1068.6237,0.21
1784129580000,1068.6237,0.21
1784129640000,1068.6237,0.21
1784129700000,1068.6237,0.21
1784129760000,1068.6237,0.21
1784129820000,1068.6237,0.21
1784129880000,1068.6237,0.21
1784129940000,1068.6237,0.21
1784130000000,1068.6237,0.21
1784130060000,1068.6237,0.21
1784130120000,1068.6237,0.21
1784130180000,1068.6237,0.21
1784130240000,1068.6237,0.21
1784130300000,1068.6237,0.21
1784130360000,1068.6237,0.21
1784130420000,1068.6237,0.21
1784130480000,1068.6237,0.21
1784130540000,1068.6237,0.21
1784130600000,1068.6237,0.21
1784130660000,1068.6237,0.21
1784130720000,1068.6237,0.21
1784130780000,1068.6237,0.21
1784130840000,1068.6237,0.21
1784130900000,1068.6237,0.21
1784130960000,1068.6237,0.21
1784131020000,1068.6237,0.21
1784131080000,1068.6237,0.21
1784131140000,1068.6237,0.21
1784131200000,1068.6237,0.21
1784131260000,1068.6237,0.21
1784131320000,1068.6237,0.21
1784131380000,1068.6237,0.21
1784131440000,1068.6237,0.21
1784131500000,1068.6237,0.21
1784131560000,1068.6237,0.21
1784131620000,1068.6237,0.21
1784131680000,1068.6237,0.21
1784131740000,1068.6237,0.21
1784131800000,1068.6237,0.21
1784131860000,1068.6237,0.21
1784131920000,1068.6237,0.21
1784131980000,1068.6237,0.21
1784132040000,1068.6237,0.21
1784132100000,1068.6237,0.21
1784132160000,1068.6237,0.21
1784132220000,1068.6237,0.21
1784132280000,1068.6237,0.21
1784132340000,1068.6237,0.21
1784132400000,1068.6237,0.21
1784132460000,1068.6237,0.21
1784132520000,1068.6237,0.21
1784132580000,1068.6237,0.21
1784132640000,1068.6237,0.21
1784132700000,1068.6237,0.21
1784132760000,1068.6237,0.21
1784132820000,1068.6237,0.21
1784132880000,1068.6237,0.21
1784132940000,1068.6237,0.21
1784133000000,1068.6237,0.21
1784133060000,1068.6237,0.21
1784133120000,1068.6237,0.21
1784133180000,1068.6237,0.21
1784133240000,1068.6237,0.21
1784133300000,1059.9658,1.02
1784191860000,1059.9658,1.02
1784191920000,1059.9658,1.02
1784191980000,1059.9658,1.02
1784192040000,1059.9658,1.02
1784192100000,1059.9658,1.02
1784192160000,1059.9658,1.02
1784192220000,1059.9658,1.02
1784192280000,1059.9658,1.02
1784192340000,1059.9658,1.02
1784192400000,1059.9658,1.02
1784192460000,1059.9658,1.02
1784192520000,1059.9658,1.02
1784192580000,1059.9658,1.02
1784192640000,1059.9658,1.02
1784192700000,1059.9658,1.02
1784192760000,1059.9658,1.02
1784192820000,1059.9658,1.02
1784192880000,1059.9658,1.02
1784192940000,1059.9658,1.02
1784193000000,1059.9658,1.02
1784193060000,1059.9658,1.02
1784193120000,1059.9658,1.02
1784193180000,1059.9658,1.02
1784193240000,1059.9658,1.02
1784193300000,1059.9658,1.02
1784193360000,1059.9658,1.02
1784193420000,1059.9658,1.02
1784193480000,1059.9658,1.02
1784193540000,1059.9658,1.02
1784193600000,1059.9658,1.02
1784193660000,1059.9658,1.02
1784193720000,1059.9658,1.02
1784193780000,1059.9658,1.02
1784193840000,1059.9658,1.02
1784193900000,1059.9658,1.02
1784193960000,1059.9658,1.02
1784194020000,1059.9658,1.02
1784194080000,1059.9658,1.02
1784194140000,1059.9658,1.02
1784194200000,1059.9658,1.02
1784194260000,1059.9658,1.02
1784194320000,1059.9658,1.02
1784194380000,1059.9658,1.02
1784194440000,1059.9658,1.02
1784194500000,1059.9658,1.02
1784194560000,1059.9658,1.02
1784194620000,1059.9658,1.02
1784194680000,1059.9658,1.02
1784194740000,1059.9658,1.02
1784194800000,1059.9658,1.02
1784194860000,1059.9658,1.02
1784194920000,1059.9658,1.02
1784194980000,1059.9658,1.02
1784195040000,1059.9658,1.02
1784195100000,1059.9658,1.02
1784195160000,1059.9658,1.02
1784195220000,1059.9658,1.02
1784195280000,1059.9658,1.02
1784195340000,1059.9658,1.02
1784195400000,1059.9658,1.02
1784195460000,1059.9658,1.02
1784195520000,1059.9658,1.02
1784195580000,1059.9658,1.02
1784195640000,1059.9658,1.02
1784195700000,1059.9658,1.02
1784195760000,1059.9658,1.02
1784195820000,1059.9658,1.02
1784195880000,1059.9658,1.02
1784195940000,1059.9658,1.02
1784196000000,1059.9658,1.02
1784196060000,1059.9658,1.02
1784196120000,1059.9658,1.02
1784196180000,1059.9658,1.02
1784196240000,1059.9658,1.02
1784196300000,1059.9658,1.02
1784196360000,1059.9658,1.02
1784196420000,1059.9658,1.02
1784196480000,1059.9658,1.02
1784196540000,1059.9658,1.02
1784196600000,1059.9658,1.02
1784196660000,1059.9658,1.02
1784196720000,1059.9658,1.02
1784196780000,1059.9658,1.02
1784196840000,1059.9658,1.02
1784196900000,1059.9658,1.02
1784196960000,1059.9658,1.02
1784197020000,1059.9658,1.02
1784197080000,1059.9658,1.02
1784197140000,1059.9658,1.02
1784197200000,1059.9658,1.02
1784197260000,1059.9658,1.02
1784197320000,1059.9658,1.02
1784197380000,1059.9658,1.02
1784197440000,1059.9658,1.02
1784197500000,1059.9658,1.02
1784197560000,1059.9658,1.02
1784197620000,1059.9658,1.02
1784197680000,1059.9658,1.02
1784197740000,1059.9658,1.02
1784197800000,1059.9658,1.02
1784197860000,1059.9658,1.02
1784197920000,1059.9658,1.02
1784197980000,1059.9658,1.02
1784198040000,1059.9658,1.02
1784198100000,1059.9658,1.02
1784198160000,1059.9658,1.02
1784198220000,1059.9658,1.02
1784198280000,1059.9658,1.02
1784198340000,1059.9658,1.02
1784198400000,1059.9658,1.02
1784198460000,1059.9658,1.02
1784198520000,1059.9658,1.02
1784198580000,1059.9658,1.02
1784198640000,1059.9658,1.02
1784198700000,1059.9658,1.02
1784198760000,1059.9658,1.02
1784198820000,1059.9658,1.02
1784198880000,1059.9658,1.02
1784198940000,1059.9658,1.02
1784199000000,1059.9658,1.02
1784199060000,1059.9658,1.02
1784199120000,1059.9658,1.02
1784199180000,1059.9658,1.02
1784199240000,1059.9658,1.02
1784199300000,1059.9658,1.02
1784199360000,1059.9658,1.02
1784199420000,1059.9658,1.02
1784199480000,1059.9658,1.02
1784199540000,1059.9658,1.02
1784199600000,1059.9658,1.02
1784199660000,1059.9658,1.02
1784199720000,1059.9658,1.02
1784199780000,1059.9658,1.02
1784199840000,1059.9658,1.02
1784199900000,1059.9658,1.02
1784199960000,1059.9658,1.02
1784200020000,1059.9658,1.02
1784200080000,1059.9658,1.02
1784200140000,1059.9658,1.02
1784200200000,1059.9658,1.02
1784200260000,1059.9658,1.02
1784200320000,1059.9658,1.02
1784200380000,1059.9658,1.02
1784200440000,1059.9658,1.02
1784200500000,1059.9658,1.02
1784200560000,1059.9658,1.02
1784200620000,1059.9658,1.02
1784200680000,1059.9658,1.02
1784200740000,1059.9658,1.02
1784200800000,1059.9658,1.02
1784200860000,1059.9658,1.02
1784200920000,1059.9658,1.02
1784200980000,1059.9658,1.02
1784201040000,1059.9658,1.02
1784201100000,1059.9658,1.02
1784201160000,1059.9658,1.02
1784201220000,1059.9658,1.02
1784201280000,1059.9658,1.02
1784201340000,1059.9658,1.02
1784201400000,1059.9658,1.02
1784201460000,1059.9658,1.02
1784201520000,1059.9658,1.02
1784201580000,1059.9658,1.02
1784201640000,1059.9658,1.02
1784201700000,1059.9658,1.02
1784201760000,1059.9658,1.02
1784201820000,1059.9658,1.02
1784201880000,1059.9658,1.02
1784201940000,1059.9658,1.02
1784202000000,1059.9658,1.02
1784202060000,1059.9658,1.02
1784202120000,1059.9658,1.02
1784202180000,1059.9658,1.02
1784202240000,1059.9658,1.02
1784202300000,1059.9658,1.02
1784202360000,1059.9658,1.02
1784202420000,1059.9658,1.02
1784202480000,1059.9658,1.02
1784202540000,1059.9658,1.02
1784202600000,1059.9658,1.02
1784202660000,1059.9658,1.02
1784202720000,1059.9658,1.02
1784202780000,1059.9658,1.02
1784202840000,1059.9658,1.02
1784202900000,1059.9658,1.02
1784202960000,1059.9658,1.02
1784203020000,1059.9658,1.02
1784203080000,1059.9658,1.02
1784203140000,1059.9658,1.02
1784203200000,1059.9658,1.02
1784203260000,1059.9658,1.02
1784203320000,1059.9658,1.02
1784203380000,1059.9658,1.02
1784203440000,1059.9658,1.02
1784203500000,1059.9658,1.02
1784203560000,1059.9658,1.02
1784203620000,1059.9658,1.02
1784203680000,1059.9658,1.02
1784203740000,1059.9658,1.02
1784203800000,1059.9658,1.02
1784203860000,1059.9658,1.02
1784203920000,1059.9658,1.02
1784203980000,1059.9658,1.02
1784204040000,1059.9658,1.02
1784204100000,1059.9658,1.02
1784204160000,1059.9658,1.02
1784204220000,1059.9658,1.02
1784204280000,1059.9658,1.02
1784204340000,1059.9658,1.02
1784204400000,1059.9658,1.02
1784204460000,1059.9658,1.02
1784204520000,1059.9658,1.02
1784204580000,1059.9658,1.02
1784204640000,1059.9658,1.02
1784204700000,1059.9658,1.02
1784204760000,1059.9658,1.02
1784204820000,1059.9658,1.02
1784204880000,1059.9658,1.02
1784204940000,1059.9658,1.02
1784205000000,1059.9658,1.02
1784205060000,1059.9658,1.02
1784205120000,1059.9658,1.02
1784205180000,1059.9658,1.02
1784205240000,1059.9658,1.02
1784205300000,1059.9658,1.02
1784205360000,1059.9658,1.02
1784205420000,1059.9658,1.02
1784205480000,1059.9658,1.02
1784205540000,1059.9658,1.02
1784205600000,1059.9658,1.02
1784205660000,1059.9658,1.02
1784205720000,1059.9658,1.02
1784205780000,1059.9658,1.02
1784205840000,1059.9658,1.02
1784205900000,1059.9658,1.02
1784205960000,1059.9658,1.02
1784206020000,1059.9658,1.02
1784206080000,1059.9658,1.02
1784206140000,1059.9658,1.02
1784206200000,1059.9658,1.02
1784206260000,1059.9658,1.02
1784206320000,1059.9658,1.02
1784206380000,1059.9658,1.02
1784206440000,1059.9658,1.02
1784206500000,1059.9658,1.02
1784206560000,1059.9658,1.02
1784206620000,1059.9658,1.02
1784206680000,1059.9658,1.02
1784206740000,1059.9658,1.02
1784206800000,1059.9658,1.02
1784206860000,1059.9658,1.02
1784206920000,1059.9658,1.02
1784206980000,1059.9658,1.02
1784207040000,1059.9658,1.02
1784207100000,1059.9658,1.02
1784207160000,1059.9658,1.02
1784207220000,1059.9658,1.02
1784207280000,1059.9658,1.02
1784207340000,1059.9658,1.02
1784207400000,1059.9658,1.02
1784207460000,1059.9658,1.02
1784207520000,1059.9658,1.02
1784207580000,1059.9658,1.02
1784207640000,1059.9658,1.02
1784207700000,1059.9658,1.02
1784207760000,1059.9658,1.02
1784207820000,1059.9658,1.02
1784207880000,1059.9658,1.02
1784207940000,1059.9658,1.02
1784208000000,1059.9658,1.02
1784208060000,1059.9658,1.02
1784208120000,1059.9658,1.02
1784208180000,1059.9658,1.02
1784208240000,1059.9658,1.02
1784208300000,1059.9658,1.02
1784208360000,1059.9658,1.02
1784208420000,1059.9658,1.02
1784208480000,1059.9658,1.02
1784208540000,1059.9658,1.02
1784208600000,1059.9658,1.02
1784208660000,1059.9658,1.02
1784208720000,1059.9658,1.02
1784208780000,1059.9658,1.02
1784208840000,1059.9658,1.02
1784208900000,1059.9658,1.02
1784208960000,1059.9658,1.02
1784209020000,1059.9658,1.02
1784209080000,1059.9658,1.02
1784209140000,1059.9658,1.02
1784209200000,1059.9658,1.02
1784209260000,1059.9658,1.02
1784209320000,1059.9658,1.02
1784209380000,1059.9658,1.02
1784209440000,1059.9658,1.02
1784209500000,1059.9658,1.02
1784209560000,1059.9658,1.02
1784209620000,1059.9658,1.02
1784209680000,1059.9658,1.02
1784209740000,1059.9658,1.02
1784209800000,1059.9658,1.02
1784209860000,1059.9658,1.02
1784209920000,1059.9658,1.02
1784209980000,1059.9658,1.02
1784210040000,1059.9658,1.02
1784210100000,1059.9658,1.02
1784210160000,1059.9658,1.02
1784210220000,1059.9658,1.02
1784210280000,1059.9658,1.02
1784210340000,1059.9658,1.02
1784210400000,1059.9658,1.02
1784210460000,1059.9658,1.02
1784210520000,1059.9658,1.02
1784210580000,1059.9658,1.02
1784210640000,1059.9658,1.02
1784210700000,1059.9658,1.02
1784210760000,1059.9658,1.02
1784210820000,1059.9658,1.02
1784210880000,1059.9658,1.02
1784210940000,1059.9658,1.02
1784211000000,1059.9658,1.02
1784211060000,1059.9658,1.02
1784211120000,1059.9658,1.02
1784211180000,1059.9658,1.02
1784211240000,1059.9658,1.02
1784211300000,1059.9658,1.02
1784211360000,1059.9658,1.02
1784211420000,1059.9658,1.02
1784211480000,1059.9658,1.02
1784211540000,1059.9658,1.02
1784211600000,1059.9658,1.02
1784211660000,1059.9658,1.02
1784211720000,1059.9658,1.02
1784211780000,1059.9658,1.02
1784211840000,1059.9658,1.02
1784211900000,1059.9658,1.02
1784211960000,1059.9658,1.02
1784212020000,1059.9658,1.02
1784212080000,1059.9658,1.02
1784212140000,1059.9658,1.02
1784212200000,1059.9658,1.02
1784212260000,1059.9658,1.02
1784212320000,1059.9658,1.02
1784212380000,1059.9658,1.02
1784212440000,1059.9658,1.02
1784212500000,1059.9658,1.02
1784212560000,1059.9658,1.02
1784212620000,1059.9658,1.02
1784212680000,1059.9658,1.02
1784212740000,1059.9658,1.02
1784212800000,1059.9658,1.02
1784212860000,1059.9658,1.02
1784212920000,1059.9658,1.02
1784212980000,1059.9658,1.02
1784213040000,1059.9658,1.02
1784213100000,1059.9658,1.02
1784213160000,1059.9658,1.02
1784213220000,1059.9658,1.02
1784213280000,1059.9658,1.02
1784213340000,1059.9658,1.02
1784213400000,1059.9658,1.02
1784213460000,1059.9658,1.02
1784213520000,1059.9658,1.02
1784213580000,1059.9658,1.02
1784213640000,1059.9658,1.02
1784213700000,1059.9658,1.02
1784213760000,1059.9658,1.02
1784213820000,1059.9658,1.02
1784213880000,1059.9658,1.02
1784213940000,1059.9658,1.02
1784214000000,1059.9658,1.02
1784214060000,1059.9658,1.02
1784214120000,1059.9658,1.02
1784214180000,1059.9658,1.02
1784214240000,1059.9658,1.02
1784214300000,1059.9658,1.02
1784214360000,1059.9658,1.02
1784214420000,1059.9658,1.02
1784214480000,1059.9658,1.02
1784214540000,1059.9658,1.02
1784214600000,1059.9658,1.02
1784214660000,1059.9658,1.02
1784214720000,1059.9658,1.02
1784214780000,1059.9658,1.02
1784214840000,1059.9658,1.02
1784214900000,1059.9658,1.02
1784214960000,1059.9658,1.02
1784215020000,1059.9658,1.02
1784215080000,1059.9658,1.02
1784215140000,1059.9658,1.02
1784215200000,1059.9658,1.02
1784215260000,1059.9658,1.02
1784215320000,1059.9658,1.02
1784215380000,1059.9658,1.02
1784215440000,1059.9658,1.02
1784215500000,1059.9658,1.02
1784215560000,1059.9658,1.02
1784215620000,1059.9658,1.02
1784215680000,1059.9658,1.02
1784215740000,1059.9658,1.02
1784215800000,1059.9658,1.02
1784215860000,1059.9658,1.02
1784215920000,1059.9658,1.02
1784215980000,1059.9658,1.02
1784216040000,1059.9658,1.02
1784216100000,1059.9658,1.02
1784216160000,1059.9658,1.02
1784216220000,1059.9658,1.02
1784216280000,1059.9658,1.02
1784216340000,1059.9658,1.02
1784216400000,1059.9658,1.02
1784216460000,1059.9658,1.02
1784216520000,1059.9658,1.02
1784216580000,1059.9658,1.02
1784216640000,1059.9658,1.02
1784216700000,1059.9658,1.02
1784216760000,1059.9658,1.02
1784216820000,1059.9658,1.02
1784216880000,1059.9658,1.02
1784216940000,1059.9658,1.02
1784217000000,1059.9658,1.02
1784217060000,1059.9658,1.02
1784217120000,1059.9658,1.02
1784217180000,1059.9658,1.02
1784217240000,1059.9658,1.02
1784217300000,1059.9658,1.02
1784217360000,1059.9658,1.02
1784217420000,1059.9658,1.02
1784217480000,1059.9658,1.02
1784217540000,1059.9658,1.02
1784217600000,1059.9658,1.02
1784217660000,1059.9658,1.02
1784217720000,1059.9658,1.02
1784217780000,1059.9658,1.02
1784217840000,1059.9658,1.02
1784217900000,1059.9658,1.02
1784217960000,1059.9658,1.02
1784218020000,1059.9658,1.02
1784218080000,1059.9658,1.02
1784218140000,1059.9658,1.02
1784218200000,1059.9658,1.02
1784218260000,1059.9658,1.02
1784218320000,1059.9658,1.02
1784218380000,1059.9658,1.02
1784218440000,1059.9658,1.02
1784218500000,1059.9658,1.02
1784218560000,1059.9658,1.02
1784218620000,1059.9658,1.02
1784218680000,1059.9658,1.02
1784218740000,1059.9658,1.02
1784218800000,1059.9658,1.02
1784218860000,1059.9658,1.02
1784218920000,1059.9658,1.02
1784218980000,1059.9658,1.02
1784219040000,1059.9658,1.02
1784219100000,1059.9658,1.02
1784219160000,1059.9658,1.02
1784219220000,1059.9658,1.02
1784219280000,1059.9658,1.02
1784219340000,1059.9658,1.02
1784219400000,1059.9658,1.02
1784219460000,1059.9658,1.02
1784219520000,1059.9658,1.02
1784219580000,1059.9658,1.02
1784219640000,1059.9658,1.02
1784219700000,1059.9658,1.02
1784219760000,1059.9658,1.02
1784219820000,1059.9658,1.02
1784219880000,1059.9658,1.02
1784219940000,1059.9658,1.02
1784220000000,1059.9658,1.02
1784220060000,1059.9658,1.02
1784220120000,1059.9658,1.02
1784220180000,1059.9658,1.02
1784220240000,1059.9658,1.02
1784220300000,1059.9658,1.02
1784220360000,1059.9658,1.02
1784220420000,1059.9658,1.02
1784220480000,1059.9658,1.02
1784220540000,1059.9658,1.02
1784220600000,1059.9658,1.02
1784220660000,1059.9658,1.02
1784220720000,1059.9658,1.02
1784220780000,1059.9658,1.02
1784220840000,1059.9658,1.02
1784220900000,1059.9658,1.02
1784220960000,1059.9658,1.02
1784221020000,1059.9658,1.02
1784221080000,1059.9658,1.02
1784221140000,1059.9658,1.02
1784221200000,1059.9658,1.02
1784221260000,1059.9658,1.02
1784221320000,1059.9658,1.02
1784221380000,1059.9658,1.02
1784221440000,1059.9658,1.02
1784221500000,1059.9658,1.02
1784221560000,1059.9658,1.02
1784221620000,1059.9658,1.02
1784221680000,1059.9658,1.02
1784221740000,1059.9658,1.02
1784221800000,1059.9658,1.02
1784221860000,1059.9658,1.02
1784221920000,1059.9658,1.02
1784221980000,1059.9658,1.02
1784222040000,1059.9658,1.02
1784222100000,1059.9658,1.02
1784222160000,1059.9658,1.02
1784222220000,1059.9658,1.02
1784222280000,1059.9658,1.02
1784222340000,1059.9658,1.02
1784222400000,1059.9658,1.02
1784222460000,1059.9658,1.02
1784222520000,1059.9658,1.02
1784222580000,1059.9658,1.02
1784222640000,1059.9658,1.02
1784222700000,1059.9658,1.02
1784222760000,1059.9658,1.02
1784222820000,1059.9658,1.02
1784222880000,1059.9658,1.02
1784222940000,1059.9658,1.02
1784223000000,1059.9658,1.02
1784223060000,1059.9658,1.02
1784223120000,1059.9658,1.02
1784223180000,1059.9658,1.02
1784223240000,1059.9658,1.02
1784223300000,1059.9658,1.02
1784223360000,1059.9658,1.02
1784223420000,1059.9658,1.02
1784223480000,1059.9658,1.02
1784223540000,1059.9658,1.02
1784223600000,1059.9658,1.02
1784223660000,1059.9658,1.02
1784223720000,1059.9658,1.02
1784223780000,1059.9658,1.02
1784223840000,1059.9658,1.02
1784223900000,1059.9658,1.02
1784223960000,1059.9658,1.02
1784224020000,1059.9658,1.02
1784224080000,1059.9658,1.02
1784224140000,1059.9658,1.02
1784224200000,1059.9658,1.02
1784224260000,1059.9658,1.02
1784224320000,1059.9658,1.02
1784224380000,1059.9658,1.02
1784224440000,1059.9658,1.02
1784224500000,1059.9658,1.02
1784224560000,1059.9658,1.02
1784224620000,1059.9658,1.02
1784224680000,1059.9658,1.02
1784224740000,1059.9658,1.02
1784224800000,1059.9658,1.02
1784224860000,1059.9658,1.02
1784224920000,1059.9658,1.02
1784224980000,1059.9658,1.02
1784225040000,1059.9658,1.02
1784225100000,1059.9658,1.02
1784225160000,1059.9658,1.02
1784225220000,1059.9658,1.02
1784225280000,1059.9658,1.02
1784225340000,1059.9658,1.02
1784225400000,1059.9658,1.02
1784225460000,1059.9658,1.02
1784225520000,1059.9658,1.02
1784225580000,1059.9658,1.02
1784225640000,1059.9658,1.02
1784225700000,1059.9658,1.02
1784225760000,1059.9658,1.02
1784225820000,1059.9658,1.02
1784225880000,1059.9658,1.02
1784225940000,1059.9658,1.02
1784226000000,1059.9658,1.02
1784226060000,1059.9658,1.02
1784226120000,1059.9658,1.02
1784226180000,1059.9658,1.02
1784226240000,1059.9658,1.02
1784226300000,1059.9658,1.02
1784226360000,1059.9658,1.02
1784226420000,1059.9658,1.02
1784226480000,1059.9658,1.02
1784226540000,1059.9658,1.02
1784226600000,1059.9658,1.02
1784226660000,1059.9658,1.02
1784226720000,1059.9658,1.02
1784226780000,1059.9658,1.02
1784226840000,1059.9658,1.02
1784226900000,1059.9658,1.02
1784226960000,1059.9658,1.02
1784227020000,1059.9658,1.02
1784227080000,1059.9658,1.02
1784227140000,1059.9658,1.02
1784227200000,1059.9658,1.02
1784227260000,1059.9658,1.02
1784227320000,1059.9658,1.02
1784227380000,1059.9658,1.02
1784227440000,1059.9658,1.02
1784227500000,1059.9658,1.02
1784227560000,1059.9658,1.02
1784227620000,1059.9658,1.02
1784227680000,1059.9658,1.02
1784227740000,1059.9658,1.02
1784227800000,1059.9658,1.02
1784227860000,1059.9658,1.02
1784227920000,1059.9658,1.02
1784227980000,1059.9658,1.02
1784228040000,1059.9658,1.02
1784228100000,1059.9658,1.02
1784228160000,1059.9658,1.02
1784228220000,1059.9658,1.02
1784228280000,1059.9658,1.02
1784228340000,1059.9658,1.02
1784228400000,1059.9658,1.02
1784228460000,1059.9658,1.02
1784228520000,1059.9658,1.02
1784228580000,1059.9658,1.02
1784228640000,1059.9658,1.02
1784228700000,1059.9658,1.02
1784228760000,1059.9658,1.02
1784228820000,1059.9658,1.02
1784228880000,1059.9658,1.02
1784228940000,1059.9658,1.02
1784229000000,1059.9658,1.02
1784229060000,1059.9658,1.02
1784229120000,1059.9658,1.02
1784229180000,1059.9658,1.02
1784229240000,1059.9658,1.02
1784229300000,1059.9658,1.02
1784229360000,1059.9658,1.02
1784229420000,1059.9658,1.02
1784229480000,1059.9658,1.02
1784229540000,1059.9658,1.02
1784229600000,1059.9658,1.02
1784229660000,1059.9658,1.02
1784229720000,1059.9658,1.02
1784229780000,1059.9658,1.02
1784229840000,1059.9658,1.02
1784229900000,1059.9658,1.02
1784229960000,1059.9658,1.02
1784230020000,1059.9658,1.02
1784230080000,1059.9658,1.02
1784230140000,1059.9658,1.02
1784230200000,1059.9658,1.02
1784230260000,1059.9658,1.02
1784230320000,1059.9658,1.02
1784230380000,1059.9658,1.02
1784230440000,1059.9658,1.02
1784230500000,1059.9658,1.02
1784230560000,1059.9658,1.02
1784230620000,1059.9658,1.02
1784230680000,1059.9658,1.02
1784230740000,1059.9658,1.02
1784230800000,1059.9658,1.02
1784230860000,1059.9658,1.02
1784230920000,1059.9658,1.02
1784230980000,1059.9658,1.02
1784231040000,1059.9658,1.02
1784231100000,1059.9658,1.02
1784231160000,1059.9658,1.02
1784231220000,1059.9658,1.02
1784231280000,1059.9658,1.02
1784231340000,1059.9658,1.02
1784231400000,1059.9658,1.02
1784231460000,1059.9658,1.02
1784231520000,1059.9658,1.02
1784231580000,1059.9658,1.02
1784231640000,1059.9658,1.02
1784231700000,1059.9658,1.02
1784231760000,1059.9658,1.02
1784231820000,1059.9658,1.02
1784231880000,1059.9658,1.02
1784231940000,1059.9658,1.02
1784232000000,1059.9658,1.02
1784232060000,1059.9658,1.02
1784232120000,1059.9658,1.02
1784232180000,1059.9658,1.02
1784232240000,1059.9658,1.02
1784232300000,1059.9658,1.02
1784232360000,1059.9658,1.02
1784232420000,1059.9658,1.02
1784232480000,1059.9658,1.02
1784232540000,1059.9658,1.02
1784232600000,1059.9658,1.02
1784232660000,1059.9658,1.02
1784232720000,1059.9658,1.02
1784232780000,1059.9658,1.02
1784232840000,1059.9658,1.02
1784232900000,1059.9658,1.02
1784232960000,1059.9658,1.02
1784233020000,1059.9658,1.02
1784233080000,1059.9658,1.02
1784233140000,1059.9658,1.02
1784233200000,1059.9658,1.02
1784233260000,1059.9658,1.02
1784233320000,1059.9658,1.02
1784233380000,1059.9658,1.02
1784233440000,1059.9658,1.02
1784233500000,1059.9658,1.02
1784233560000,1059.9658,1.02
1784233620000,1059.9658,1.02
1784233680000,1059.9658,1.02
1784233740000,1059.9658,1.02
1784233800000,1059.9658,1.02
1784233860000,1059.9658,1.02
1784233920000,1059.9658,1.02
1784233980000,1059.9658,1.02
1784234040000,1059.9658,1.02
1784234100000,1059.9658,1.02
1784234160000,1059.9658,1.02
1784234220000,1059.9658,1.02
1784234280000,1059.9658,1.02
1784234340000,1059.9658,1.02
1784234400000,1059.9658,1.02
1784234460000,1059.9658,1.02
1784234520000,1059.9658,1.02
1784234580000,1059.9658,1.02
1784234640000,1059.9658,1.02
1784234700000,1059.9658,1.02
1784234760000,1059.9658,1.02
1784234820000,1059.9658,1.02
1784234880000,1059.9658,1.02
1784234940000,1059.9658,1.02
1784235000000,1059.9658,1.02
1784235060000,1059.9658,1.02
1784235120000,1059.9658,1.02
1784235180000,1059.9658,1.02
1784235240000,1059.9658,1.02
1784235300000,1059.9658,1.02
1784235360000,1059.9658,1.02
1784235420000,1059.9658,1.02
1784235480000,1059.9658,1.02
1784235540000,1059.9658,1.02
1784235600000,1059.9658,1.02
1784235660000,1059.9658,1.02
1784235720000,1059.9658,1.02
1784235780000,1059.9658,1.02
1784235840000,1059.9658,1.02
1784235900000,1059.9658,1.02
1784235960000,1059.9658,1.02
1784236020000,1059.9658,1.02
1784236080000,1059.9658,1.02
1784236140000,1059.9658,1.02
1784236200000,1059.9658,1.02
1784236260000,1059.9658,1.02
1784236320000,1059.9658,1.02
1784236380000,1059.9658,1.02
1784236440000,1059.9658,1.02
1784236500000,1059.9658,1.02
1784236560000,1059.9658,1.02
1784236620000,1059.9658,1.02
1784236680000,1059.9658,1.02
1784236740000,1059.9658,1.02
1784236800000,1059.9658,1.02
1784236860000,1059.9658,1.02
1784236920000,1059.9658,1.02
1784236980000,1059.9658,1.02
1784237040000,1059.9658,1.02
1784237100000,1059.9658,1.02
1784237160000,1059.9658,1.02
1784237220000,1059.9658,1.02
1784237280000,1059.9658,1.02
1784237340000,1059.9658,1.02
1784237400000,1059.9658,1.02
1784237460000,1059.9658,1.02
1784237520000,1059.9658,1.02
1784237580000,1059.9658,1.02
1784237640000,1059.9658,1.02
1784237700000,1059.9658,1.02
1784237760000,1059.9658,1.02
1784237820000,1059.9658,1.02
1784237880000,1059.9658,1.02
1784237940000,1059.9658,1.02
1784238000000,1059.9658,1.02
1784238060000,1059.9658,1.02
1784238120000,1059.9658,1.02
1784238180000,1059.9658,1.02
1784238240000,1059.9658,1.02
1784238300000,1059.9658,1.02
1784238360000,1059.9658,1.02
1784238420000,1059.9658,1.02
1784238480000,1059.9658,1.02
1784238540000,1059.9658,1.02
1784238600000,1059.9658,1.02
1784238660000,1059.9658,1.02
1784238720000,1059.9658,1.02
1784238780000,1059.9658,1.02
1784238840000,1059.9658,1.02
1784238900000,1059.9658,1.02
1784238960000,1059.9658,1.02
1784239020000,1059.9658,1.02
1784239080000,1059.9658,1.02
1784239140000,1059.9658,1.02
1784239200000,1059.9658,1.02
1784239260000,1059.9658,1.02
1784239320000,1059.9658,1.02
1784239380000,1059.9658,1.02
1784239440000,1059.9658,1.02
1784239500000,1059.9658,1.02
1784239560000,1059.9658,1.02
1784239620000,1059.9658,1.02
1784239680000,1059.9658,1.02
1784239740000,1059.9658,1.02
1784239800000,1059.9658,1.02
1784239860000,1059.9658,1.02
1784239920000,1059.9658,1.02
1784239980000,1059.9658,1.02
1784240040000,1059.9658,1.02
1784240100000,1059.9658,1.02
1784240160000,1059.9658,1.02
1784240220000,1059.9658,1.02
1784240280000,1059.9658,1.02
1784240340000,1059.9658,1.02
1784240400000,1059.9658,1.02
1784240460000,1059.9658,1.02
1784240520000,1059.9658,1.02
1784240580000,1059.9658,1.02
1784240640000,1059.9658,1.02
1784240700000,1059.9658,1.02
1784240760000,1059.9658,1.02
1784240820000,1059.9658,1.02
1784240880000,1059.9658,1.02
1784240940000,1059.9658,1.02
1784241000000,1059.9658,1.02
1784241060000,1059.9658,1.02
1784241120000,1059.9658,1.02
1784241180000,1059.9658,1.02
1784241240000,1059.9658,1.02
1784241300000,1059.9658,1.02
1784241360000,1059.9658,1.02
1784241420000,1059.9658,1.02
1784241480000,1059.9658,1.02
1784241540000,1059.9658,1.02
1784241600000,1059.9658,1.02
1784241660000,1059.9658,1.02
1784241720000,1059.9658,1.02
1784241780000,1059.9658,1.02
1784241840000,1059.9658,1.02
1784241900000,1059.9658,1.02
1784241960000,1059.9658,1.02
1784242020000,1059.9658,1.02
1784242080000,1059.9658,1.02
1784242140000,1059.9658,1.02
1784242200000,1059.9658,1.02
1784242260000,1059.9658,1.02
1784242320000,1059.9658,1.02
1784242380000,1059.9658,1.02
1784242440000,1059.9658,1.02
1784242500000,1059.9658,1.02
1784242560000,1059.9658,1.02
1784242620000,1059.9658,1.02
1784242680000,1059.9658,1.02
1784242740000,1059.9658,1.02
1784242800000,1059.9658,1.02
1784242860000,1059.9658,1.02
1784242920000,1059.9658,1.02
1784242980000,1059.9658,1.02
1784243040000,1059.9658,1.02
1784243100000,1059.9658,1.02
1784243160000,1059.9658,1.02
1784243220000,1059.9658,1.02
1784243280000,1059.9658,1.02
1784243340000,1059.9658,1.02
1784243400000,1059.9658,1.02
1784243460000,1059.9658,1.02
1784243520000,1059.9658,1.02
1784243580000,1059.9658,1.02
1784243640000,1059.9658,1.02
1784243700000,1059.9658,1.02
1784243760000,1059.9658,1.02
1784243820000,1059.9658,1.02
1784243880000,1059.9658,1.02
1784243940000,1059.9658,1.02
1784244000000,1081.3173,0.0
1784295360000,1081.3173,0.0
1784295420000,1081.3173,0.0
1784295480000,1081.3173,0.0
1784295540000,1081.3173,0.0
1784295600000,1081.3173,0.0
1784295660000,1081.3173,0.0
1784295720000,1081.3173,0.0
1784295780000,1081.3173,0.0
1784295840000,1081.3173,0.0
1784295900000,1081.3173,0.0
1784295960000,1081.3173,0.0
1784296020000,1081.3173,0.0
1784296080000,1081.3173,0.0
1784296140000,1081.3173,0.0
1784296200000,1081.3173,0.0
1784296260000,1081.3173,0.0
1784296320000,1081.3173,0.0
1784296380000,1081.3173,0.0
1784296440000,1081.3173,0.0
1784296500000,1081.3173,0.0
1784296560000,1072.2063,0.84
1784646180000,1072.2063,0.84
1784646240000,1072.2063,0.84
1784646300000,1072.2063,0.84
1784646360000,1072.2063,0.84
1784646420000,1072.2063,0.84
1784646480000,1072.2063,0.84
1784646540000,1072.2063,0.84
1784646600000,1072.2063,0.84
1784646660000,1072.2063,0.84
1784646720000,1072.2063,0.84
1784646780000,1072.2063,0.84
1784646840000,1072.2063,0.84
1784646900000,1072.2063,0.84
1784646960000,1072.2063,0.84
1784647020000,1072.2063,0.84
1784647080000,1072.2063,0.84
1784647140000,1072.2063,0.84
1784647200000,1072.2063,0.84
1784647260000,1072.2063,0.84
1784647320000,1072.2063,0.84
1784647380000,1072.2063,0.84
1784647440000,1072.2063,0.84
1784647500000,1072.2063,0.84
1784647560000,1072.2063,0.84
1784647620000,1072.2063,0.84
1784647680000,1072.2063,0.84
1784647740000,1072.2063,0.84
1784647800000,1072.2063,0.84
1784647860000,1072.2063,0.84
1784647920000,1072.2063,0.84
1784647980000,1072.2063,0.84
1784648040000,1072.2063,0.84
1784648100000,1072.2063,0.84
1784648160000,1072.2063,0.84
1784648220000,1072.2063,0.84
1784648280000,1072.2063,0.84
1784648340000,1072.2063,0.84
1784648400000,1072.2063,0.84
1784648460000,1072.2063,0.84
1784648520000,1072.2063,0.84
1784648580000,1072.2063,0.84
1784648640000,1072.2063,0.84
1784648700000,1072.2063,0.84
1784648760000,1072.2063,0.84
1784648820000,1072.2063,0.84
1784648880000,1072.2063,0.84
1784648940000,1072.2063,0.84
1784649000000,1072.2063,0.84
1784649060000,1072.2063,0.84
1784649120000,1072.2063,0.84
1784649180000,1072.2063,0.84
1784649240000,1072.2063,0.84
1784649300000,1072.2063,0.84
1784649360000,1072.2063,0.84
1784649420000,1072.2063,0.84
1784649480000,1072.2063,0.84
1784649540000,1072.2063,0.84
1784649600000,1072.2063,0.84
1784649660000,1072.2063,0.84
1784649720000,1072.2063,0.84
1784649780000,1072.2063,0.84
1784649840000,1072.2063,0.84
1784649900000,1072.2063,0.84
1784649960000,1072.2063,0.84
1784650020000,1072.2063,0.84
1784650080000,1072.2063,0.84
1784650140000,1072.2063,0.84
1784650200000,1072.2063,0.84
1784650260000,1072.2063,0.84
1784650320000,1072.2063,0.84
1784650380000,1072.2063,0.84
1784650440000,1072.2063,0.84
1784650500000,1072.2063,0.84
1784650560000,1072.2063,0.84
1784650620000,1072.2063,0.84
1784650680000,1072.2063,0.84
1784650740000,1072.2063,0.84
1784650800000,1072.2063,0.84
1784650860000,1072.2063,0.84
1784650920000,1072.2063,0.84
1784650980000,1072.2063,0.84
1784651040000,1072.2063,0.84
1784651100000,1072.2063,0.84
1784651160000,1072.2063,0.84
1784651220000,1072.2063,0.84
1784651280000,1072.2063,0.84
1784651340000,1072.2063,0.84
1784651400000,1072.2063,0.84
1784651460000,1072.2063,0.84
1784651520000,1072.2063,0.84
1784651580000,1072.2063,0.84
1784651640000,1072.2063,0.84
1784651700000,1072.2063,0.84
1784651760000,1072.2063,0.84
1784651820000,1072.2063,0.84
1784651880000,1072.2063,0.84
1784651940000,1072.2063,0.84
1784652000000,1072.2063,0.84
1784652060000,1072.2063,0.84
1784652120000,1072.2063,0.84
1784652180000,1072.2063,0.84
1784652240000,1072.2063,0.84
1784652300000,1072.2063,0.84
1784652360000,1072.2063,0.84
1784652420000,1072.2063,0.84
1784652480000,1072.2063,0.84
1784652540000,1072.2063,0.84
1784652600000,1072.2063,0.84
1784652660000,1072.2063,0.84
1784652720000,1072.2063,0.84
1784652780000,1072.2063,0.84
1784652840000,1072.2063,0.84
1784652900000,1072.2063,0.84
1784652960000,1072.2063,0.84
1784653020000,1072.2063,0.84
1784653080000,1072.2063,0.84
1784653140000,1072.2063,0.84
1784653200000,1072.2063,0.84
1784653260000,1072.2063,0.84
1784653320000,1072.2063,0.84
1784653380000,1072.2063,0.84
1784653440000,1072.2063,0.84
1784653500000,1072.2063,0.84
1784653560000,1072.2063,0.84
1784653620000,1072.2063,0.84
1784653680000,1072.2063,0.84
1784653740000,1072.2063,0.84
1784653800000,1072.2063,0.84
1784653860000,1072.2063,0.84
1784653920000,1072.2063,0.84
1784653980000,1072.2063,0.84
1784654040000,1072.2063,0.84
1784654100000,1072.2063,0.84
1784654160000,1072.2063,0.84
1784654220000,1072.2063,0.84
1784654280000,1072.2063,0.84
1784654340000,1072.2063,0.84
1784654400000,1072.2063,0.84
1784654460000,1072.2063,0.84
1784654520000,1072.2063,0.84
1784654580000,1072.2063,0.84
1784654640000,1072.2063,0.84
1784654700000,1072.2063,0.84
1784654760000,1072.2063,0.84
1784654820000,1072.2063,0.84
1784654880000,1072.2063,0.84
1784654940000,1072.2063,0.84
1784655000000,1072.2063,0.84
1784655060000,1072.2063,0.84
1784655120000,1072.2063,0.84
1784655180000,1072.2063,0.84
1784655240000,1072.2063,0.84
1784655300000,1072.2063,0.84
1784655360000,1072.2063,0.84
1784655420000,1072.2063,0.84
1784655480000,1072.2063,0.84
1784655540000,1072.2063,0.84
1784655600000,1072.2063,0.84
1784655660000,1072.2063,0.84
1784655720000,1072.2063,0.84
1784655780000,1072.2063,0.84
1784655840000,1072.2063,0.84
1784655900000,1072.2063,0.84
1784655960000,1072.2063,0.84
1784656020000,1072.2063,0.84
1784656080000,1072.2063,0.84
1784656140000,1072.2063,0.84
1784656200000,1072.2063,0.84
1784656260000,1072.2063,0.84
1784656320000,1072.2063,0.84
1784656380000,1072.2063,0.84
1784656440000,1072.2063,0.84
1784656500000,1072.2063,0.84
1784656560000,1072.2063,0.84
1784656620000,1072.2063,0.84
1784656680000,1072.2063,0.84
1784656740000,1072.2063,0.84
1784656800000,1072.2063,0.84
1784656860000,1072.2063,0.84
1784656920000,1072.2063,0.84
1784656980000,1072.2063,0.84
1784657040000,1072.2063,0.84
1784657100000,1072.2063,0.84
1784657160000,1072.2063,0.84
1784657220000,1072.2063,0.84
1784657280000,1072.2063,0.84
1784657340000,1072.2063,0.84
1784657400000,1072.2063,0.84
1784657460000,1072.2063,0.84
1784657520000,1072.2063,0.84
1784657580000,1072.2063,0.84
1784657640000,1072.2063,0.84
1784657700000,1072.2063,0.84
1784657760000,1072.2063,0.84
1784657820000,1072.2063,0.84
1784657880000,1072.2063,0.84
1784657940000,1072.2063,0.84
1784658000000,1072.2063,0.84
1784658060000,1072.2063,0.84
1784658120000,1072.2063,0.84
1784658180000,1072.2063,0.84
1784658240000,1072.2063,0.84
1784658300000,1072.2063,0.84
1784658360000,1072.2063,0.84
1784658420000,1072.2063,0.84
1784658480000,1072.2063,0.84
1784658540000,1072.2063,0.84
1784658600000,1072.2063,0.84
1784658660000,1072.2063,0.84
1784658720000,1072.2063,0.84
1784658780000,1072.2063,0.84
1784658840000,1072.2063,0.84
1784658900000,1072.2063,0.84
1784658960000,1072.2063,0.84
1784659020000,1072.2063,0.84
1784659080000,1072.2063,0.84
1784659140000,1072.2063,0.84
1784659200000,1072.2063,0.84
1784659260000,1072.2063,0.84
1784659320000,1072.2063,0.84
1784659380000,1072.2063,0.84
1784659440000,1072.2063,0.84
1784659500000,1072.2063,0.84
1784659560000,1072.2063,0.84
1784659620000,1072.2063,0.84
1784659680000,1072.2063,0.84
1784659740000,1072.2063,0.84
1784659800000,1072.2063,0.84
1784659860000,1072.2063,0.84
1784659920000,1072.2063,0.84
1784659980000,1072.2063,0.84
1784660040000,1072.2063,0.84
1784660100000,1072.2063,0.84
1784660160000,1072.2063,0.84
1784660220000,1072.2063,0.84
1784660280000,1072.2063,0.84
1784660340000,1072.2063,0.84
1784660400000,1072.2063,0.84
1784660460000,1072.2063,0.84
1784660520000,1072.2063,0.84
1784660580000,1072.2063,0.84
1784660640000,1072.2063,0.84
1784660700000,1072.2063,0.84
1784660760000,1072.2063,0.84
1784660820000,1072.2063,0.84
1784660880000,1072.2063,0.84
1784660940000,1072.2063,0.84
1784661000000,1072.2063,0.84
1784661060000,1072.2063,0.84
1784661120000,1072.2063,0.84
1784661180000,1072.2063,0.84
1784661240000,1072.2063,0.84
1784661300000,1072.2063,0.84
1784661360000,1072.2063,0.84
1784661420000,1072.2063,0.84
1784661480000,1072.2063,0.84
1784661540000,1072.2063,0.84
1784661600000,1072.2063,0.84
1784661660000,1072.2063,0.84
1784661720000,1072.2063,0.84
1784661780000,1072.2063,0.84
1784661840000,1072.2063,0.84
1784661900000,1072.2063,0.84
1784661960000,1072.2063,0.84
1784662020000,1072.2063,0.84
1784662080000,1072.2063,0.84
1784662140000,1072.2063,0.84
1784662200000,1072.2063,0.84
1784662260000,1072.2063,0.84
1784662320000,1072.2063,0.84
1784662380000,1072.2063,0.84
1784662440000,1072.2063,0.84
1784662500000,1072.2063,0.84
1784662560000,1072.2063,0.84
1784662620000,1072.2063,0.84
1784662680000,1072.2063,0.84
1784662740000,1072.2063,0.84
1784662800000,1072.2063,0.84
1784662860000,1072.2063,0.84
1784662920000,1072.2063,0.84
1784662980000,1072.2063,0.84
1784663040000,1072.2063,0.84
1784663100000,1072.2063,0.84
1784663160000,1072.2063,0.84
1784663220000,1072.2063,0.84
1784663280000,1072.2063,0.84
1784663340000,1072.2063,0.84
1784663400000,1072.2063,0.84
1784663460000,1072.2063,0.84
1784663520000,1072.2063,0.84
1784663580000,1072.2063,0.84
1784663640000,1072.2063,0.84
1784663700000,1072.2063,0.84
1784663760000,1072.2063,0.84
1784663820000,1072.2063,0.84
1784663880000,1072.2063,0.84
1784663940000,1072.2063,0.84
1784664000000,1072.2063,0.84
1784664060000,1072.2063,0.84
1784664120000,1072.2063,0.84
1784664180000,1072.2063,0.84
1784664240000,1072.2063,0.84
1784664300000,1072.2063,0.84
1784664360000,1072.2063,0.84
1784664420000,1072.2063,0.84
1784664480000,1072.2063,0.84
1784664540000,1072.2063,0.84
1784664600000,1072.2063,0.84
1784664660000,1072.2063,0.84
1784664720000,1072.2063,0.84
1784664780000,1072.2063,0.84
1784664840000,1072.2063,0.84
1784664900000,1072.2063,0.84
1784664960000,1072.2063,0.84
1784665020000,1072.2063,0.84
1784665080000,1072.2063,0.84
1784665140000,1072.2063,0.84
1784665200000,1072.2063,0.84
1784665260000,1072.2063,0.84
1784665320000,1072.2063,0.84
1784665380000,1072.2063,0.84
1784665440000,1072.2063,0.84
1784665500000,1072.2063,0.84
1784665560000,1072.2063,0.84
1784665620000,1072.2063,0.84
1784665680000,1072.2063,0.84
1784665740000,1072.2063,0.84
1784665800000,1072.2063,0.84
1784665860000,1072.2063,0.84
1784665920000,1072.2063,0.84
1784665980000,1072.2063,0.84
1784666040000,1072.2063,0.84
1784666100000,1072.2063,0.84
1784666160000,1072.2063,0.84
1784666220000,1072.2063,0.84
1784666280000,1072.2063,0.84
1784666340000,1072.2063,0.84
1784666400000,1072.2063,0.84
1784666460000,1072.2063,0.84
1784666520000,1072.2063,0.84
1784666580000,1072.2063,0.84
1784666640000,1072.2063,0.84
1784666700000,1072.2063,0.84
1784666760000,1072.2063,0.84
1784666820000,1072.2063,0.84
1784666880000,1072.2063,0.84
1784666940000,1072.2063,0.84
1784667000000,1072.2063,0.84
1784667060000,1072.2063,0.84
1784667120000,1072.2063,0.84
1784667180000,1072.2063,0.84
1784667240000,1072.2063,0.84
1784667300000,1072.2063,0.84
1784667360000,1072.2063,0.84
1784667420000,1072.2063,0.84
1784667480000,1072.2063,0.84
1784667540000,1072.2063,0.84
1784667600000,1072.2063,0.84
1784667660000,1072.2063,0.84
1784667720000,1072.2063,0.84
1784667780000,1072.2063,0.84
1784667840000,1072.2063,0.84
1784667900000,1072.2063,0.84
1784667960000,1072.2063,0.84
1784668020000,1072.2063,0.84
1784668080000,1072.2063,0.84
1784668140000,1072.2063,0.84
1784668200000,1072.2063,0.84
1784668260000,1072.2063,0.84
1784668320000,1072.2063,0.84
1784668380000,1072.2063,0.84
1784668440000,1072.2063,0.84
1784668500000,1072.2063,0.84
1784668560000,1072.2063,0.84
1784668620000,1072.2063,0.84
1784668680000,1072.2063,0.84
1784668740000,1072.2063,0.84
1784668800000,1072.2063,0.84
1784668860000,1072.2063,0.84
1784668920000,1072.2063,0.84
1784668980000,1072.2063,0.84
1784669040000,1072.2063,0.84
1784669100000,1072.2063,0.84
1784669160000,1072.2063,0.84
1784669220000,1072.2063,0.84
1784669280000,1072.2063,0.84
1784669340000,1072.2063,0.84
1784669400000,1072.2063,0.84
1784669460000,1072.2063,0.84
1784669520000,1072.2063,0.84
1784669580000,1072.2063,0.84
1784669640000,1072.2063,0.84
1784669700000,1072.2063,0.84
1784669760000,1072.2063,0.84
1784669820000,1072.2063,0.84
1784669880000,1072.2063,0.84
1784669940000,1072.2063,0.84
1784670000000,1072.2063,0.84
1784670060000,1072.2063,0.84
1784670120000,1072.2063,0.84
1784670180000,1072.2063,0.84
1784670240000,1072.2063,0.84
1784670300000,1072.2063,0.84
1784670360000,1072.2063,0.84
1784670420000,1072.2063,0.84
1784670480000,1072.2063,0.84
1784670540000,1072.2063,0.84
1784670600000,1072.2063,0.84
1784670660000,1072.2063,0.84
1784670720000,1072.2063,0.84
1784670780000,1072.2063,0.84
1784670840000,1072.2063,0.84
1784670900000,1072.2063,0.84
1784670960000,1072.2063,0.84
1784671020000,1072.2063,0.84
1784671080000,1072.2063,0.84
1784671140000,1072.2063,0.84
1784671200000,1072.2063,0.84
1784671260000,1072.2063,0.84
1784671320000,1072.2063,0.84
1784671380000,1072.2063,0.84
1784671440000,1072.2063,0.84
1784671500000,1072.2063,0.84
1784671560000,1072.2063,0.84
1784671620000,1072.2063,0.84
1784671680000,1072.2063,0.84
1784671740000,1072.2063,0.84
1784671800000,1072.2063,0.84
1784671860000,1072.2063,0.84
1784671920000,1072.2063,0.84
1784671980000,1072.2063,0.84
1784672040000,1072.2063,0.84
1784672100000,1072.2063,0.84
1784672160000,1072.2063,0.84
1784672220000,1072.2063,0.84
1784672280000,1072.2063,0.84
1784672340000,1072.2063,0.84
1784672400000,1072.2063,0.84
1784672460000,1072.2063,0.84
1784672520000,1072.2063,0.84
1784672580000,1072.2063,0.84
1784672640000,1072.2063,0.84
1784672700000,1072.2063,0.84
1784672760000,1072.2063,0.84
1784672820000,1072.2063,0.84
1784672880000,1072.2063,0.84
1784672940000,1072.2063,0.84
1784673000000,1072.2063,0.84
1784673060000,1072.2063,0.84
1784673120000,1072.2063,0.84
1784673180000,1072.2063,0.84
1784673240000,1072.2063,0.84
1784673300000,1072.2063,0.84
1784673360000,1072.2063,0.84
1784673420000,1072.2063,0.84
1784673480000,1072.2063,0.84
1784673540000,1072.2063,0.84
1784673600000,1072.2063,0.84
1784673660000,1072.2063,0.84
1784673720000,1072.2063,0.84
1784673780000,1072.2063,0.84
1784673840000,1072.2063,0.84
1784673900000,1072.2063,0.84
1784673960000,1072.2063,0.84
1784674020000,1072.2063,0.84
1784674080000,1072.2063,0.84
1784674140000,1072.2063,0.84
1784674200000,1072.2063,0.84
1784674260000,1072.2063,0.84
1784674320000,1072.2063,0.84
1784674380000,1072.2063,0.84
1784674440000,1072.2063,0.84
1784674500000,1072.2063,0.84
1784674560000,1072.2063,0.84
1784674620000,1072.2063,0.84
1784674680000,1072.2063,0.84
1784674740000,1072.2063,0.84
1784674800000,1072.2063,0.84
1784674860000,1072.2063,0.84
1784674920000,1072.2063,0.84
1784674980000,1072.2063,0.84
1784675040000,1072.2063,0.84
1784675100000,1072.2063,0.84
1784675160000,1072.2063,0.84
1784675220000,1072.2063,0.84
1784675280000,1072.2063,0.84
1784675340000,1072.2063,0.84
1784675400000,1072.2063,0.84
1784675460000,1072.2063,0.84
1784675520000,1072.2063,0.84
1784675580000,1072.2063,0.84
1784675640000,1072.2063,0.84
1784675700000,1072.2063,0.84
1784675760000,1072.2063,0.84
1784675820000,1072.2063,0.84
1784675880000,1072.2063,0.84
1784675940000,1072.2063,0.84
1784676000000,1072.2063,0.84
1784676060000,1072.2063,0.84
1784676120000,1072.2063,0.84
1784676180000,1072.2063,0.84
1784676240000,1072.2063,0.84
1784676300000,1072.2063,0.84
1784676360000,1072.2063,0.84
1784676420000,1072.2063,0.84
1784676480000,1072.2063,0.84
1784676540000,1072.2063,0.84
1784676600000,1072.2063,0.84
1784676660000,1072.2063,0.84
1784676720000,1072.2063,0.84
1784676780000,1072.2063,0.84
1784676840000,1072.2063,0.84
1784676900000,1072.2063,0.84
1784676960000,1072.2063,0.84
1784677020000,1072.2063,0.84
1784677080000,1072.2063,0.84
1784677140000,1072.2063,0.84
1784677200000,1072.2063,0.84
1784677260000,1072.2063,0.84
1784677320000,1072.2063,0.84
1784677380000,1072.2063,0.84
1784677440000,1072.2063,0.84
1784677500000,1072.2063,0.84
1784677560000,1072.2063,0.84
1784677620000,1072.2063,0.84
1784677680000,1072.2063,0.84
1784677740000,1072.2063,0.84
1784677800000,1072.2063,0.84
1784677860000,1072.2063,0.84
1784677920000,1072.2063,0.84
1784677980000,1072.2063,0.84
1784678040000,1072.2063,0.84
1784678100000,1072.2063,0.84
1784678160000,1072.2063,0.84
1784678220000,1072.2063,0.84
1784678280000,1072.2063,0.84
1784678340000,1072.2063,0.84
1784678400000,1072.2063,0.84
1784678460000,1072.2063,0.84
1784678520000,1072.2063,0.84
1784678580000,1072.2063,0.84
1784678640000,1072.2063,0.84
1784678700000,1072.2063,0.84
1784678760000,1072.2063,0.84
1784678820000,1072.2063,0.84
1784678880000,1072.2063,0.84
1784678940000,1072.2063,0.84
1784679000000,1072.2063,0.84
1784679060000,1072.2063,0.84
1784679120000,1072.2063,0.84
1784679180000,1063.0552,1.69
1784817840000,1063.0552,1.69
1784817900000,1063.0552,1.69
1784817960000,1063.0552,1.69
1784818020000,1063.0552,1.69
1784818080000,1063.0552,1.69
1784818140000,1063.0552,1.69
1784818200000,1063.0552,1.69
1784818260000,1063.0552,1.69
1784818320000,1063.0552,1.69
1784818380000,1063.0552,1.69
1784818440000,1063.0552,1.69
1784818500000,1063.0552,1.69
1784818560000,1063.0552,1.69
1784818620000,1063.0552,1.69
1784818680000,1063.0552,1.69
1784818740000,1063.0552,1.69
1784818800000,1063.0552,1.69
1784818860000,1063.0552,1.69
1784818920000,1063.0552,1.69
1784818980000,1063.0552,1.69
1784819040000,1063.0552,1.69
1784819100000,1063.0552,1.69
1784819160000,1063.0552,1.69
1784819220000,1063.0552,1.69
1784819280000,1063.0552,1.69
1784819340000,1063.0552,1.69
1784819400000,1063.0552,1.69
1784819460000,1063.0552,1.69
1784819520000,1063.0552,1.69
1784819580000,1063.0552,1.69
1784819640000,1063.0552,1.69
1784819700000,1063.0552,1.69
1784819760000,1063.0552,1.69
1784819820000,1063.0552,1.69
1784819880000,1063.0552,1.69
1784819940000,1063.0552,1.69
1784820000000,1063.0552,1.69
1784820060000,1063.0552,1.69
1784820120000,1063.0552,1.69
1784820180000,1063.0552,1.69
1784820240000,1063.0552,1.69
1784820300000,1063.0552,1.69
1784820360000,1063.0552,1.69
1784820420000,1063.0552,1.69
1784820480000,1063.0552,1.69
1784820540000,1063.0552,1.69
1784820600000,1063.0552,1.69
1784820660000,1063.0552,1.69
1784820720000,1063.0552,1.69
1784820780000,1063.0552,1.69
1784820840000,1063.0552,1.69
1784820900000,1063.0552,1.69
1784820960000,1063.0552,1.69
1784821020000,1063.0552,1.69
1784821080000,1063.0552,1.69
1784821140000,1063.0552,1.69
1784821200000,1063.0552,1.69
1784821260000,1063.0552,1.69
1784821320000,1063.0552,1.69
1784821380000,1063.0552,1.69
1784821440000,1063.0552,1.69
1784821500000,1063.0552,1.69
1784821560000,1063.0552,1.69
1784821620000,1063.0552,1.69
1784821680000,1063.0552,1.69
1784821740000,1063.0552,1.69
1784821800000,1063.0552,1.69
1784821860000,1063.0552,1.69
1784821920000,1063.0552,1.69
1784821980000,1063.0552,1.69
1784822040000,1063.0552,1.69
1784822100000,1063.0552,1.69
1784822160000,1063.0552,1.69
1784822220000,1063.0552,1.69
1784822280000,1063.0552,1.69
1784822340000,1063.0552,1.69
1784822400000,1063.0552,1.69
1784822460000,1063.0552,1.69
1784822520000,1063.0552,1.69
1784822580000,1063.0552,1.69
1784822640000,1063.0552,1.69
1784822700000,1063.0552,1.69
1784822760000,1063.0552,1.69
1784822820000,1063.0552,1.69
1784822880000,1063.0552,1.69
1784822940000,1063.0552,1.69
1784823000000,1063.0552,1.69
1784823060000,1063.0552,1.69
1784823120000,1063.0552,1.69
1784823180000,1063.0552,1.69
1784823240000,1063.0552,1.69
1784823300000,1063.0552,1.69
1784823360000,1063.0552,1.69
1784823420000,1063.0552,1.69
1784823480000,1063.0552,1.69
1784823540000,1063.0552,1.69
1784823600000,1063.0552,1.69
1784823660000,1063.0552,1.69
1784823720000,1063.0552,1.69
1784823780000,1063.0552,1.69
1784823840000,1063.0552,1.69
1784823900000,1063.0552,1.69
1784823960000,1063.0552,1.69
1784824020000,1063.0552,1.69
1784824080000,1063.0552,1.69
1784824140000,1063.0552,1.69
1784824200000,1063.0552,1.69
1784824260000,1063.0552,1.69
1784824320000,1063.0552,1.69
1784824380000,1063.0552,1.69
1784824440000,1063.0552,1.69
1784824500000,1063.0552,1.69
1784824560000,1063.0552,1.69
1784824620000,1063.0552,1.69
1784824680000,1063.0552,1.69
1784824740000,1063.0552,1.69
1784824800000,1063.0552,1.69
1784824860000,1063.0552,1.69
1784824920000,1063.0552,1.69
1784824980000,1063.0552,1.69
1784825040000,1063.0552,1.69
1784825100000,1063.0552,1.69
1784825160000,1063.0552,1.69
1784825220000,1063.0552,1.69
1784825280000,1063.0552,1.69
1784825340000,1063.0552,1.69
1784825400000,1063.0552,1.69
1784825460000,1063.0552,1.69
1784825520000,1063.0552,1.69
1784825580000,1063.0552,1.69
1784825640000,1063.0552,1.69
1784825700000,1063.0552,1.69
1784825760000,1063.0552,1.69
1784825820000,1063.0552,1.69
1784825880000,1063.0552,1.69
1784825940000,1063.0552,1.69
1784826000000,1063.0552,1.69
1784826060000,1063.0552,1.69
1784826120000,1063.0552,1.69
1784826180000,1063.0552,1.69
1784826240000,1063.0552,1.69
1784826300000,1063.0552,1.69
1784826360000,1063.0552,1.69
1784826420000,1063.0552,1.69
1784826480000,1063.0552,1.69
1784826540000,1063.0552,1.69
1784826600000,1063.0552,1.69
1784826660000,1063.0552,1.69
1784826720000,1063.0552,1.69
1784826780000,1063.0552,1.69
1784826840000,1063.0552,1.69
1784826900000,1063.0552,1.69
1784826960000,1063.0552,1.69
1784827020000,1063.0552,1.69
1784827080000,1063.0552,1.69
1784827140000,1063.0552,1.69
1784827200000,1063.0552,1.69
1784827260000,1063.0552,1.69
1784827320000,1063.0552,1.69
1784827380000,1063.0552,1.69
1784827440000,1063.0552,1.69
1784827500000,1063.0552,1.69
1784827560000,1063.0552,1.69
1784827620000,1063.0552,1.69
1784827680000,1063.0552,1.69
1784827740000,1063.0552,1.69
1784827800000,1063.0552,1.69
1784827860000,1063.0552,1.69
1784827920000,1063.0552,1.69
1784827980000,1063.0552,1.69
1784828040000,1063.0552,1.69
1784828100000,1063.0552,1.69
1784828160000,1063.0552,1.69
1784828220000,1063.0552,1.69
1784828280000,1063.0552,1.69
1784828340000,1063.0552,1.69
1784828400000,1063.0552,1.69
1784828460000,1063.0552,1.69
1784828520000,1063.0552,1.69
1784828580000,1063.0552,1.69
1784828640000,1063.0552,1.69
1784828700000,1063.0552,1.69
1784828760000,1063.0552,1.69
1784828820000,1063.0552,1.69
1784828880000,1063.0552,1.69
1784828940000,1063.0552,1.69
1784829000000,1063.0552,1.69
1784829060000,1063.0552,1.69
1784829120000,1063.0552,1.69
1784829180000,1063.0552,1.69
1784829240000,1063.0552,1.69
1784829300000,1063.0552,1.69
1784829360000,1063.0552,1.69
1784829420000,1063.0552,1.69
1784829480000,1080.2388,0.1
1784900460000,1080.2388,0.1
1784900520000,1080.2388,0.1
1784900580000,1080.2388,0.1
1784900640000,1080.2388,0.1
1784900700000,1080.2388,0.1
1784900760000,1080.2388,0.1
1784900820000,1080.2388,0.1
1784900880000,1080.2388,0.1
1784900940000,1080.2388,0.1
1784901000000,1080.2388,0.1
1784901060000,1080.2388,0.1
1784901120000,1080.2388,0.1
1784901180000,1080.2388,0.1
1784901240000,1080.2388,0.1
1784901300000,1080.2388,0.1
1784901360000,1080.2388,0.1
1784901420000,1080.2388,0.1
1784901480000,1080.2388,0.1
1784901540000,1080.2388,0.1
1784901600000,1080.2388,0.1
1784901660000,1080.2388,0.1
1784901720000,1080.2388,0.1
1784901780000,1080.2388,0.1
1784901840000,1080.2388,0.1
1784901900000,1080.2388,0.1
1784901960000,1080.2388,0.1
1784902020000,1080.2388,0.1
1784902080000,1080.2388,0.1
1784902140000,1080.2388,0.1
1784902200000,1080.2388,0.1
1784902260000,1080.2388,0.1
1784902320000,1080.2388,0.1
1784902380000,1080.2388,0.1
1784902440000,1080.2388,0.1
1784902500000,1080.2388,0.1
1784902560000,1080.2388,0.1
1784902620000,1080.2388,0.1
1784902680000,1080.2388,0.1
1784902740000,1080.2388,0.1
1784902800000,1080.2388,0.1
1784902860000,1080.2388,0.1
1784902920000,1080.2388,0.1
1784902980000,1080.2388,0.1
1784903040000,1080.2388,0.1
1784903100000,1080.2388,0.1
1784903160000,1080.2388,0.1
1784903220000,1080.2388,0.1
1784903280000,1080.2388,0.1
1784903340000,1080.2388,0.1
1784903400000,1080.2388,0.1
1784903460000,1080.2388,0.1
1784903520000,1080.2388,0.1
1784903580000,1080.2388,0.1
1784903640000,1080.2388,0.1
1784903700000,1080.2388,0.1
1784903760000,1080.2388,0.1
1784903820000,1080.2388,0.1
1784903880000,1080.2388,0.1
1784903940000,1080.2388,0.1
1784904000000,1080.2388,0.1
1784904060000,1080.2388,0.1
1784904120000,1080.2388,0.1
1784904180000,1080.2388,0.1
1784904240000,1080.2388,0.1
1784904300000,1080.2388,0.1
1784904360000,1080.2388,0.1
1784904420000,1080.2388,0.1
1784904480000,1080.2388,0.1
1784904540000,1080.2388,0.1
1784904600000,1080.2388,0.1
1784904660000,1080.2388,0.1
1784904720000,1080.2388,0.1
1784904780000,1080.2388,0.1
1784904840000,1080.2388,0.1
1784904900000,1080.2388,0.1
1784904960000,1080.2388,0.1
1784905020000,1080.2388,0.1
1784905080000,1080.2388,0.1
1784905140000,1080.2388,0.1
1784905200000,1080.2388,0.1
1784905260000,1080.2388,0.1
1784905320000,1080.2388,0.1
1784905380000,1080.2388,0.1
1784905440000,1080.2388,0.1
1784905500000,1080.2388,0.1
1784905560000,1080.2388,0.1
1784905620000,1080.2388,0.1
1784905680000,1080.2388,0.1
1784905740000,1080.2388,0.1
1784905800000,1080.2388,0.1
1784905860000,1080.2388,0.1
1784905920000,1080.2388,0.1
1784905980000,1080.2388,0.1
1784906040000,1080.2388,0.1
1784906100000,1080.2388,0.1
1784906160000,1080.2388,0.1
1784906220000,1080.2388,0.1
1784906280000,1080.2388,0.1
1784906340000,1080.2388,0.1
1784906400000,1080.2388,0.1
1784906460000,1080.2388,0.1
1784906520000,1080.2388,0.1
1784906580000,1080.2388,0.1
1784906640000,1080.2388,0.1
1784906700000,1080.2388,0.1
1784906760000,1080.2388,0.1
1784906820000,1080.2388,0.1
1784906880000,1080.2388,0.1
1784906940000,1080.2388,0.1
1784907000000,1080.2388,0.1
1784907060000,1080.2388,0.1
1784907120000,1080.2388,0.1
1784907180000,1080.2388,0.1
1784907240000,1080.2388,0.1
1784907300000,1080.2388,0.1
1784907360000,1080.2388,0.1
1784907420000,1080.2388,0.1
1784907480000,1080.2388,0.1
1784907540000,1080.2388,0.1
1784907600000,1070.8843,0.96
1785079080000,1070.8843,0.96
1785079140000,1070.8843,0.96
1785079200000,1070.8843,0.96
1785079260000,1070.8843,0.96
1785079320000,1070.8843,0.96
1785079380000,1070.8843,0.96
1785079440000,1070.8843,0.96
1785079500000,1070.8843,0.96
1785079560000,1070.8843,0.96
1785079620000,1070.8843,0.96
1785079680000,1070.8843,0.96
1785079740000,1070.8843,0.96
1785079800000,1070.8843,0.96
1785079860000,1070.8843,0.96
1785079920000,1070.8843,0.96
1785079980000,1070.8843,0.96
1785080040000,1070.8843,0.96
1785080100000,1070.8843,0.96
1785080160000,1070.8843,0.96
1785080220000,1070.8843,0.96
1785080280000,1070.8843,0.96
1785080340000,1070.8843,0.96
1785080400000,1070.8843,0.96
1785080460000,1070.8843,0.96
1785080520000,1070.8843,0.96
1785080580000,1070.8843,0.96
1785080640000,1070.8843,0.96
1785080700000,1070.8843,0.96
1785080760000,1070.8843,0.96
1785080820000,1070.8843,0.96
1785080880000,1070.8843,0.96
1785080940000,1070.8843,0.96
1785081000000,1070.8843,0.96
1785081060000,1070.8843,0.96
1785081120000,1070.8843,0.96
1785081180000,1070.8843,0.96
1785081240000,1070.8843,0.96
1785081300000,1070.8843,0.96
1785081360000,1070.8843,0.96
1785081420000,1070.8843,0.96
1785081480000,1070.8843,0.96
1785081540000,1070.8843,0.96
1785081600000,1070.8843,0.96
1785081660000,1070.8843,0.96
1785081720000,1070.8843,0.96
1785081780000,1070.8843,0.96
1785081840000,1070.8843,0.96
1785081900000,1070.8843,0.96
1785081960000,1070.8843,0.96
1785082020000,1070.8843,0.96
1785082080000,1070.8843,0.96
1785082140000,1070.8843,0.96
1785082200000,1070.8843,0.96
1785082260000,1070.8843,0.96
1785082320000,1070.8843,0.96
1785082380000,1070.8843,0.96
1785082440000,1070.8843,0.96
1785082500000,1070.8843,0.96
1785082560000,1070.8843,0.96
1785082620000,1070.8843,0.96
1785082680000,1070.8843,0.96
1785082740000,1070.8843,0.96
1785082800000,1070.8843,0.96
1785082860000,1070.8843,0.96
1785082920000,1070.8843,0.96
1785082980000,1070.8843,0.96
1785083040000,1070.8843,0.96
1785083100000,1070.8843,0.96
1785083160000,1070.8843,0.96
1785083220000,1070.8843,0.96
1785083280000,1070.8843,0.96
1785083340000,1070.8843,0.96
1785083400000,1070.8843,0.96
1785083460000,1070.8843,0.96
1785083520000,1070.8843,0.96
1785083580000,1070.8843,0.96
1785083640000,1070.8843,0.96
1785083700000,1070.8843,0.96
1785083760000,1070.8843,0.96
1785083820000,1070.8843,0.96
1785083880000,1070.8843,0.96
1785083940000,1070.8843,0.96
1785084000000,1070.8843,0.96
1785084060000,1070.8843,0.96
1785084120000,1070.8843,0.96
1785084180000,1070.8843,0.96
1785084240000,1070.8843,0.96
1785084300000,1070.8843,0.96
1785084360000,1070.8843,0.96
1785084420000,1070.8843,0.96
1785084480000,1070.8843,0.96
1785084540000,1070.8843,0.96
1785084600000,1070.8843,0.96
1785084660000,1070.8843,0.96
1785084720000,1070.8843,0.96
1785084780000,1070.8843,0.96
1785084840000,1070.8843,0.96
1785084900000,1070.8843,0.96
1785084960000,1070.8843,0.96
1785085020000,1070.8843,0.96
1785085080000,1070.8843,0.96
1785085140000,1070.8843,0.96
1785085200000,1070.8843,0.96
1785085260000,1070.8843,0.96
1785085320000,1070.8843,0.96
1785085380000,1070.8843,0.96
1785085440000,1070.8843,0.96
1785085500000,1070.8843,0.96
1785085560000,1070.8843,0.96
1785085620000,1070.8843,0.96
1785085680000,1070.8843,0.96
1785085740000,1070.8843,0.96
1785085800000,1070.8843,0.96
1785085860000,1070.8843,0.96
1785085920000,1070.8843,0.96
1785085980000,1070.8843,0.96
1785086040000,1070.8843,0.96
1785086100000,1070.8843,0.96
1785086160000,1070.8843,0.96
1785086220000,1070.8843,0.96
1785086280000,1070.8843,0.96
1785086340000,1070.8843,0.96
1785086400000,1070.8843,0.96
1785086460000,1070.8843,0.96
1785086520000,1070.8843,0.96
1785086580000,1070.8843,0.96
1785086640000,1070.8843,0.96
1785086700000,1070.8843,0.96
1785086760000,1070.8843,0.96
1785086820000,1070.8843,0.96
1785086880000,1070.8843,0.96
1785086940000,1070.8843,0.96
1785087000000,1070.8843,0.96
1785087060000,1070.8843,0.96
1785087120000,1070.8843,0.96
1785087180000,1070.8843,0.96
1785087240000,1070.8843,0.96
1785087300000,1070.8843,0.96
1785087360000,1070.8843,0.96
1785087420000,1070.8843,0.96
1785087480000,1070.8843,0.96
1785087540000,1070.8843,0.96
1785087600000,1070.8843,0.96
1785087660000,1070.8843,0.96
1785087720000,1070.8843,0.96
1785087780000,1070.8843,0.96
1785087840000,1070.8843,0.96
1785087900000,1070.8843,0.96
1785087960000,1070.8843,0.96
1785088020000,1070.8843,0.96
1785088080000,1070.8843,0.96
1785088140000,1070.8843,0.96
1785088200000,1070.8843,0.96
1785088260000,1070.8843,0.96
1785088320000,1070.8843,0.96
1785088380000,1070.8843,0.96
1785088440000,1070.8843,0.96
1785088500000,1070.8843,0.96
1785088560000,1070.8843,0.96
1785088620000,1070.8843,0.96
1785088680000,1070.8843,0.96
1785088740000,1070.8843,0.96
1785088800000,1070.8843,0.96
1785088860000,1070.8843,0.96
1785088920000,1070.8843,0.96
1785088980000,1070.8843,0.96
1785089040000,1070.8843,0.96
1785089100000,1070.8843,0.96
1785089160000,1070.8843,0.96
1785089220000,1070.8843,0.96
1785089280000,1070.8843,0.96
1785089340000,1070.8843,0.96
1785089400000,1070.8843,0.96
1785089460000,1070.8843,0.96
1785089520000,1070.8843,0.96
1785089580000,1070.8843,0.96
1785089640000,1070.8843,0.96
1785089700000,1070.8843,0.96
1785089760000,1070.8843,0.96
1785089820000,1070.8843,0.96
1785089880000,1070.8843,0.96
1785089940000,1070.8843,0.96
1785090000000,1070.8843,0.96
1785090060000,1070.8843,0.96
1785090120000,1070.8843,0.96
1785090180000,1070.8843,0.96
1785090240000,1070.8843,0.96
1785090300000,1070.8843,0.96
1785090360000,1070.8843,0.96
1785090420000,1070.8843,0.96
1785090480000,1070.8843,0.96
1785090540000,1070.8843,0.96
1785090600000,1070.8843,0.96
1785090660000,1070.8843,0.96
1785090720000,1070.8843,0.96
1785090780000,1070.8843,0.96
1785090840000,1070.8843,0.96
1785090900000,1070.8843,0.96
1785090960000,1070.8843,0.96
1785091020000,1070.8843,0.96
1785091080000,1070.8843,0.96
1785091140000,1070.8843,0.96
1785091200000,1070.8843,0.96
1785091260000,1070.8843,0.96
1785091320000,1070.8843,0.96
1785091380000,1070.8843,0.96
1785091440000,1070.8843,0.96
1785091500000,1070.8843,0.96
1785091560000,1070.8843,0.96
1785091620000,1070.8843,0.96
1785091680000,1070.8843,0.96
1785091740000,1070.8843,0.96
1785091800000,1070.8843,0.96
1785091860000,1070.8843,0.96
1785091920000,1070.8843,0.96
1785091980000,1070.8843,0.96
1785092040000,1070.8843,0.96
1785092100000,1070.8843,0.96
1785092160000,1070.8843,0.96
1785092220000,1070.8843,0.96
1785092280000,1070.8843,0.96
1785092340000,1070.8843,0.96
1785092400000,1070.8843,0.96
1785092460000,1070.8843,0.96
1785092520000,1070.8843,0.96
1785092580000,1070.8843,0.96
1785092640000,1070.8843,0.96
1785092700000,1070.8843,0.96
1785092760000,1070.8843,0.96
1785092820000,1070.8843,0.96
1785092880000,1070.8843,0.96
1785092940000,1070.8843,0.96
1785093000000,1070.8843,0.96
1785093060000,1070.8843,0.96
1785093120000,1070.8843,0.96
1785093180000,1070.8843,0.96
1785093240000,1070.8843,0.96
1785093300000,1070.8843,0.96
1785093360000,1070.8843,0.96
1785093420000,1070.8843,0.96
1785093480000,1070.8843,0.96
1785093540000,1070.8843,0.96
1785093600000,1070.8843,0.96
1785093660000,1070.8843,0.96
1785093720000,1070.8843,0.96
1785093780000,1070.8843,0.96
1785093840000,1070.8843,0.96
1785093900000,1070.8843,0.96
1785093960000,1070.8843,0.96
1785094020000,1070.8843,0.96
1785094080000,1070.8843,0.96
1785094140000,1070.8843,0.96
1785094200000,1070.8843,0.96
1785094260000,1070.8843,0.96
1785094320000,1070.8843,0.96
1785094380000,1070.8843,0.96
1785094440000,1070.8843,0.96
1785094500000,1070.8843,0.96
1785094560000,1070.8843,0.96
1785094620000,1070.8843,0.96
1785094680000,1070.8843,0.96
1785094740000,1070.8843,0.96
1785094800000,1070.8843,0.96
1785094860000,1070.8843,0.96
1785094920000,1070.8843,0.96
1785094980000,1070.8843,0.96
1785095040000,1070.8843,0.96
1785095100000,1070.8843,0.96
1785095160000,1070.8843,0.96
1785095220000,1070.8843,0.96
1785095280000,1070.8843,0.96
1785095340000,1070.8843,0.96
1785095400000,1070.8843,0.96
1785095460000,1070.8843,0.96
1785095520000,1070.8843,0.96
1785095580000,1070.8843,0.96
1785095640000,1070.8843,0.96
1785095700000,1070.8843,0.96
1785095760000,1070.8843,0.96
1785095820000,1070.8843,0.96
1785095880000,1070.8843,0.96
1785095940000,1070.8843,0.96
1785096000000,1070.8843,0.96
1785096060000,1070.8843,0.96
1785096120000,1070.8843,0.96
1785096180000,1070.8843,0.96
1785096240000,1070.8843,0.96
1785096300000,1070.8843,0.96
1785096360000,1070.8843,0.96
1785096420000,1070.8843,0.96
1785096480000,1070.8843,0.96
1785096540000,1070.8843,0.96
1785096600000,1070.8843,0.96
1785096660000,1070.8843,0.96
1785096720000,1070.8843,0.96
1785096780000,1070.8843,0.96
1785096840000,1070.8843,0.96
1785096900000,1070.8843,0.96
1785096960000,1070.8843,0.96
1785097020000,1070.8843,0.96
1785097080000,1070.8843,0.96
1785097140000,1070.8843,0.96
1785097200000,1070.8843,0.96
1785097260000,1070.8843,0.96
1785097320000,1070.8843,0.96
1785097380000,1070.8843,0.96
1785097440000,1070.8843,0.96
1785097500000,1070.8843,0.96
1785097560000,1070.8843,0.96
1785097620000,1070.8843,0.96
1785097680000,1070.8843,0.96
1785097740000,1070.8843,0.96
1785097800000,1070.8843,0.96
1785097860000,1070.8843,0.96
1785097920000,1070.8843,0.96
1785097980000,1070.8843,0.96
1785098040000,1070.8843,0.96
1785098100000,1070.8843,0.96
1785098160000,1070.8843,0.96
1785098220000,1070.8843,0.96
1785098280000,1070.8843,0.96
1785098340000,1070.8843,0.96
1785098400000,1070.8843,0.96
1785098460000,1070.8843,0.96
1785098520000,1070.8843,0.96
1785098580000,1070.8843,0.96
1785098640000,1070.8843,0.96
1785098700000,1070.8843,0.96
1785098760000,1070.8843,0.96
1785098820000,1070.8843,0.96
1785098880000,1070.8843,0.96
1785098940000,1070.8843,0.96
1785099000000,1070.8843,0.96
1785099060000,1070.8843,0.96
1785099120000,1070.8843,0.96
1785099180000,1070.8843,0.96
1785099240000,1070.8843,0.96
1785099300000,1070.8843,0.96
1785099360000,1070.8843,0.96
1785099420000,1070.8843,0.96
1785099480000,1070.8843,0.96
1785099540000,1070.8843,0.96
1785099600000,1070.8843,0.96
1785099660000,1070.8843,0.96
1785099720000,1070.8843,0.96
1785099780000,1070.8843,0.96
1785099840000,1070.8843,0.96
1785099900000,1070.8843,0.96
1785099960000,1070.8843,0.96
1785100020000,1070.8843,0.96
1785100080000,1070.8843,0.96
1785100140000,1070.8843,0.96
1785100200000,1070.8843,0.96
1785100260000,1070.8843,0.96
1785100320000,1070.8843,0.96
1785100380000,1070.8843,0.96
1785100440000,1070.8843,0.96
1785100500000,1070.8843,0.96
1785100560000,1070.8843,0.96
1785100620000,1070.8843,0.96
1785100680000,1070.8843,0.96
1785100740000,1070.8843,0.96
1785100800000,1070.8843,0.96
1785100860000,1070.8843,0.96
1785100920000,1070.8843,0.96
1785100980000,1070.8843,0.96
1785101040000,1070.8843,0.96
1785101100000,1070.8843,0.96
1785101160000,1070.8843,0.96
1785101220000,1070.8843,0.96
1785101280000,1070.8843,0.96
1785101340000,1070.8843,0.96
1785101400000,1070.8843,0.96
1785101460000,1070.8843,0.96
1785101520000,1070.8843,0.96
1785101580000,1070.8843,0.96
1785101640000,1070.8843,0.96
1785101700000,1070.8843,0.96
1785101760000,1070.8843,0.96
1785101820000,1070.8843,0.96
1785101880000,1070.8843,0.96
1785101940000,1070.8843,0.96
1785102000000,1070.8843,0.96
1785102060000,1070.8843,0.96
1785102120000,1070.8843,0.96
1785102180000,1070.8843,0.96
1785102240000,1070.8843,0.96
1785102300000,1070.8843,0.96
1785102360000,1070.8843,0.96
1785102420000,1070.8843,0.96
1785102480000,1088.1258,0.0
1785145260000,1088.1258,0.0
1785145320000,1088.1258,0.0
1785145380000,1088.1258,0.0
1785145440000,1088.1258,0.0
1785145500000,1088.1258,0.0
1785145560000,1088.1258,0.0
1785145620000,1088.1258,0.0
1785145680000,1088.1258,0.0
1785145740000,1088.1258,0.0
1785145800000,1088.1258,0.0
1785145860000,1088.1258,0.0
1785145920000,1088.1258,0.0
1785145980000,1088.1258,0.0
1785146040000,1088.1258,0.0
1785146100000,1088.1258,0.0
1785146160000,1088.1258,0.0
1785146220000,1088.1258,0.0
1785146280000,1088.1258,0.0
1785146340000,1088.1258,0.0
1785146400000,1088.1258,0.0
1785146460000,1088.1258,0.0
1785146520000,1088.1258,0.0
1785146580000,1088.1258,0.0
1785146640000,1088.1258,0.0
1785146700000,1088.1258,0.0
1785146760000,1088.1258,0.0
1785146820000,1088.1258,0.0
1785146880000,1088.1258,0.0
1785146940000,1088.1258,0.0
1785147000000,1088.1258,0.0
1785147060000,1088.1258,0.0
1785147120000,1088.1258,0.0
1785147180000,1088.1258,0.0
1785147240000,1088.1258,0.0
1785147300000,1088.1258,0.0
1785147360000,1088.1258,0.0
1785147420000,1088.1258,0.0
1785147480000,1088.1258,0.0
1785147540000,1088.1258,0.0
1785147600000,1088.1258,0.0
1785147660000,1088.1258,0.0
1785147720000,1088.1258,0.0
1785147780000,1088.1258,0.0
1785147840000,1088.1258,0.0
1785147900000,1088.1258,0.0
1785147960000,1088.1258,0.0
1785148020000,1088.1258,0.0
1785148080000,1088.1258,0.0
1785148140000,1088.1258,0.0
1785148200000,1088.1258,0.0
1785148260000,1088.1258,0.0
1785148320000,1088.1258,0.0
1785148380000,1088.1258,0.0
1785148440000,1088.1258,0.0
1785148500000,1088.1258,0.0
1785148560000,1088.1258,0.0
1785148620000,1088.1258,0.0
1785148680000,1088.1258,0.0
1785148740000,1088.1258,0.0
1785148800000,1088.1258,0.0
1785148860000,1088.1258,0.0
1785148920000,1088.1258,0.0
1785148980000,1088.1258,0.0
1785149040000,1088.1258,0.0
1785149100000,1088.1258,0.0
1785149160000,1088.1258,0.0
1785149220000,1088.1258,0.0
1785149280000,1088.1258,0.0
1785149340000,1088.1258,0.0
1785149400000,1088.1258,0.0
1785149460000,1088.1258,0.0
1785149520000,1088.1258,0.0
1785149580000,1088.1258,0.0
1785149640000,1088.1258,0.0
1785149700000,1088.1258,0.0
1785149760000,1088.1258,0.0
1785149820000,1088.1258,0.0
1785149880000,1088.1258,0.0
1785149940000,1088.1258,0.0
1785150000000,1088.1258,0.0
1785150060000,1088.1258,0.0
1785150120000,1088.1258,0.0
1785150180000,1088.1258,0.0
1785150240000,1088.1258,0.0
1785150300000,1088.1258,0.0
1785150360000,1088.1258,0.0
1785150420000,1088.1258,0.0
1785150480000,1088.1258,0.0
1785150540000,1088.1258,0.0
1785150600000,1088.1258,0.0
1785150660000,1088.1258,0.0
1785150720000,1088.1258,0.0
1785150780000,1088.1258,0.0
1785150840000,1088.1258,0.0
1785150900000,1088.1258,0.0
1785150960000,1088.1258,0.0
1785151020000,1088.1258,0.0
1785151080000,1088.1258,0.0
1785151140000,1088.1258,0.0
1785151200000,1088.1258,0.0
1785151260000,1088.1258,0.0
1785151320000,1088.1258,0.0
1785151380000,1088.1258,0.0
1785151440000,1088.1258,0.0
1785151500000,1088.1258,0.0
1785151560000,1088.1258,0.0
1785151620000,1088.1258,0.0
1785151680000,1088.1258,0.0
1785151740000,1088.1258,0.0
1785151800000,1088.1258,0.0
1785151860000,1088.1258,0.0
1785151920000,1088.1258,0.0
1785151980000,1088.1258,0.0
1785152040000,1078.5266,0.88
1785336240000,1078.5266,0.88
1785336300000,1078.5266,0.88
1785336360000,1078.5266,0.88
1785336420000,1078.5266,0.88
1785336480000,1078.5266,0.88
1785336540000,1078.5266,0.88
1785336600000,1078.5266,0.88
1785336660000,1078.5266,0.88
1785336720000,1078.5266,0.88
1785336780000,1078.5266,0.88
1785336840000,1078.5266,0.88
1785336900000,1078.5266,0.88
1785336960000,1078.5266,0.88
1785337020000,1078.5266,0.88
1785337080000,1078.5266,0.88
1785337140000,1078.5266,0.88
1785337200000,1078.5266,0.88
1785337260000,1078.5266,0.88
1785337320000,1078.5266,0.88
1785337380000,1078.5266,0.88
1785337440000,1078.5266,0.88
1785337500000,1078.5266,0.88
1785337560000,1078.5266,0.88
1785337620000,1078.5266,0.88
1785337680000,1078.5266,0.88
1785337740000,1078.5266,0.88
1785337800000,1078.5266,0.88
1785337860000,1078.5266,0.88
1785337920000,1078.5266,0.88
1785337980000,1078.5266,0.88
1785338040000,1078.5266,0.88
1785338100000,1078.5266,0.88
1785338160000,1078.5266,0.88
1785338220000,1078.5266,0.88
1785338280000,1078.5266,0.88
1785338340000,1078.5266,0.88
1785338400000,1078.5266,0.88
1785338460000,1078.5266,0.88
1785338520000,1078.5266,0.88
1785338580000,1078.5266,0.88
1785338640000,1078.5266,0.88
1785338700000,1078.5266,0.88
1785338760000,1078.5266,0.88
1785338820000,1078.5266,0.88
1785338880000,1078.5266,0.88
1785338940000,1078.5266,0.88
1785339000000,1078.5266,0.88
1785339060000,1078.5266,0.88
1785339120000,1078.5266,0.88
1785339180000,1078.5266,0.88
1785339240000,1078.5266,0.88
1785339300000,1078.5266,0.88
1785339360000,1078.5266,0.88
1785339420000,1078.5266,0.88
1785339480000,1078.5266,0.88
1785339540000,1078.5266,0.88
1785339600000,1078.5266,0.88
1785339660000,1078.5266,0.88
1785339720000,1078.5266,0.88
1785339780000,1078.5266,0.88
1785339840000,1078.5266,0.88
1785339900000,1078.5266,0.88
1785339960000,1078.5266,0.88
1785340020000,1078.5266,0.88
1785340080000,1078.5266,0.88
1785340140000,1078.5266,0.88
1785340200000,1078.5266,0.88
1785340260000,1078.5266,0.88
1785340320000,1078.5266,0.88
1785340380000,1078.5266,0.88
1785340440000,1078.5266,0.88
1785340500000,1078.5266,0.88
1785340560000,1078.5266,0.88
1785340620000,1078.5266,0.88
1785340680000,1078.5266,0.88
1785340740000,1078.5266,0.88
1785340800000,1078.5266,0.88
1785340860000,1078.5266,0.88
1785340920000,1078.5266,0.88
1785340980000,1078.5266,0.88
1785341040000,1078.5266,0.88
1785341100000,1078.5266,0.88
1785341160000,1078.5266,0.88
1785341220000,1078.5266,0.88
1785341280000,1078.5266,0.88
1785341340000,1078.5266,0.88
1785341400000,1078.5266,0.88
1785341460000,1078.5266,0.88
1785341520000,1078.5266,0.88
1785341580000,1078.5266,0.88
1785341640000,1078.5266,0.88
1785341700000,1078.5266,0.88
1785341760000,1078.5266,0.88
1785341820000,1078.5266,0.88
1785341880000,1078.5266,0.88
1785341940000,1078.5266,0.88
1785342000000,1078.5266,0.88
1785342060000,1078.5266,0.88
1785342120000,1078.5266,0.88
1785342180000,1078.5266,0.88
1785342240000,1078.5266,0.88
1785342300000,1078.5266,0.88
1785342360000,1078.5266,0.88
1785342420000,1078.5266,0.88
1785342480000,1078.5266,0.88
1785342540000,1078.5266,0.88
1785342600000,1078.5266,0.88
1785342660000,1078.5266,0.88
1785342720000,1078.5266,0.88
1785342780000,1078.5266,0.88
1785342840000,1078.5266,0.88
1785342900000,1078.5266,0.88
1785342960000,1078.5266,0.88
1785343020000,1078.5266,0.88
1785343080000,1078.5266,0.88
1785343140000,1078.5266,0.88
1785343200000,1078.5266,0.88
1785343260000,1078.5266,0.88
1785343320000,1078.5266,0.88
1785343380000,1078.5266,0.88
1785343440000,1078.5266,0.88
1785343500000,1078.5266,0.88
1785343560000,1078.5266,0.88
1785343620000,1078.5266,0.88
1785343680000,1078.5266,0.88
1785343740000,1078.5266,0.88
1785343800000,1078.5266,0.88
1785343860000,1078.5266,0.88
1785343920000,1078.5266,0.88
1785343980000,1078.5266,0.88
1785344040000,1078.5266,0.88
1785344100000,1078.5266,0.88
1785344160000,1078.5266,0.88
1785344220000,1078.5266,0.88
1785344280000,1078.5266,0.88
1785344340000,1078.5266,0.88
1785344400000,1078.5266,0.88
1785344460000,1078.5266,0.88
1785344520000,1078.5266,0.88
1785344580000,1078.5266,0.88
1785344640000,1078.5266,0.88
1785344700000,1078.5266,0.88
1785344760000,1078.5266,0.88
1785344820000,1078.5266,0.88
1785344880000,1078.5266,0.88
1785344940000,1078.5266,0.88
1785345000000,1078.5266,0.88
1785345060000,1078.5266,0.88
1785345120000,1078.5266,0.88
1785345180000,1078.5266,0.88
1785345240000,1078.5266,0.88
1785345300000,1078.5266,0.88
1785345360000,1078.5266,0.88
1785345420000,1078.5266,0.88
1785345480000,1078.5266,0.88
1785345540000,1078.5266,0.88
1785345600000,1078.5266,0.88
1785345660000,1078.5266,0.88
1785345720000,1078.5266,0.88
1785345780000,1078.5266,0.88
1785345840000,1078.5266,0.88
1785345900000,1078.5266,0.88
1785345960000,1078.5266,0.88
1785346020000,1078.5266,0.88
1785346080000,1078.5266,0.88
1785346140000,1078.5266,0.88
1785346200000,1078.5266,0.88
1785346260000,1078.5266,0.88
1785346320000,1078.5266,0.88
1785346380000,1078.5266,0.88
1785346440000,1078.5266,0.88
1785346500000,1078.5266,0.88
1785346560000,1078.5266,0.88
1785346620000,1078.5266,0.88
1785346680000,1078.5266,0.88
1785346740000,1078.5266,0.88
1785346800000,1078.5266,0.88
1785346860000,1078.5266,0.88
1785346920000,1078.5266,0.88
1785346980000,1078.5266,0.88
1785347040000,1069.5562,1.71
1785419160000,1069.5562,1.71
1785419220000,1069.5562,1.71
1785419280000,1069.5562,1.71
1785419340000,1069.5562,1.71
1785419400000,1069.5562,1.71
1785419460000,1069.5562,1.71
1785419520000,1069.5562,1.71
1785419580000,1069.5562,1.71
1785419640000,1069.5562,1.71
1785419700000,1069.5562,1.71
1785419760000,1069.5562,1.71
1785419820000,1069.5562,1.71
1785419880000,1069.5562,1.71
1785419940000,1069.5562,1.71
1785420000000,1069.5562,1.71
1785420060000,1069.5562,1.71
1785420120000,1069.5562,1.71
1785420180000,1069.5562,1.71
1785420240000,1069.5562,1.71
1785420300000,1069.5562,1.71
1785420360000,1069.5562,1.71
1785420420000,1069.5562,1.71
1785420480000,1069.5562,1.71
1785420540000,1069.5562,1.71
1785420600000,1069.5562,1.71
1785420660000,1069.5562,1.71
1785420720000,1069.5562,1.71
1785420780000,1069.5562,1.71
1785420840000,1069.5562,1.71
1785420900000,1069.5562,1.71
1785420960000,1069.5562,1.71
1785421020000,1069.5562,1.71
1785421080000,1060.8036,2.51
1785501180000,1060.8036,2.51
1785501240000,1060.8036,2.51
1785501300000,1060.8036,2.51
1785501360000,1060.8036,2.51
1785501420000,1060.8036,2.51
1785501480000,1060.8036,2.51
1785501540000,1060.8036,2.51
1785501600000,1060.8036,2.51
1785501660000,1060.8036,2.51
1785501720000,1060.8036,2.51
1785501780000,1060.8036,2.51
1785501840000,1060.8036,2.51
1785501900000,1060.8036,2.51
1785501960000,1060.8036,2.51
1785502020000,1060.8036,2.51
1785502080000,1060.8036,2.51
1785502140000,1060.8036,2.51
1785502200000,1060.8036,2.51
1785502260000,1060.8036,2.51
1785502320000,1060.8036,2.51
1785502380000,1050.8943,3.42
1785505380000,1050.8943,3.42
1785505440000,1050.8943,3.42
1785505500000,1050.8943,3.42
1785505560000,1050.8943,3.42
1785505620000,1050.8943,3.42
1785505680000,1050.8943,3.42
1785505740000,1050.8943,3.42
1785505800000,1050.8943,3.42
1785505860000,1050.8943,3.42
1785505920000,1050.8943,3.42
1785505980000,1050.8943,3.42
1785506040000,1050.8943,3.42
1785506100000,1050.8943,3.42
1785506160000,1050.8943,3.42
1785506220000,1050.8943,3.42
1785506280000,1050.8943,3.42
1785506340000,1050.8943,3.42
1785506400000,1050.8943,3.42
1785506460000,1050.8943,3.42
1785506520000,1050.8943,3.42
1785506580000,1050.8943,3.42
1785506640000,1050.8943,3.42
1785506700000,1050.8943,3.42
1785506760000,1050.8943,3.42
1785506820000,1050.8943,3.42
1785506880000,1050.8943,3.42
1785506940000,1050.8943,3.42
1785507000000,1050.8943,3.42
1785507060000,1050.8943,3.42
1785507120000,1050.8943,3.42
1785507180000,1050.8943,3.42
1785507240000,1050.8943,3.42
1785507300000,1050.8943,3.42
1785507360000,1050.8943,3.42
1785507420000,1050.8943,3.42
1785507480000,1050.8943,3.42
1785507540000,1050.8943,3.42
1785507600000,1050.8943,3.42
1785507660000,1050.8943,3.42
1785507720000,1050.8943,3.42
1785507780000,1050.8943,3.42
1785507840000,1050.8943,3.42
1785507900000,1050.8943,3.42
1785507960000,1050.8943,3.42
1785508020000,1050.8943,3.42
1785508080000,1050.8943,3.42
1785508140000,1050.8943,3.42
1785508200000,1050.8943,3.42
1785508260000,1050.8943,3.42
1785508320000,1050.8943,3.42
1785508380000,1050.8943,3.42
1785508440000,1050.8943,3.42
1785508500000,1050.8943,3.42
1785508560000,1050.8943,3.42
1785508620000,1050.8943,3.42
1785508680000,1050.8943,3.42
1785508740000,1050.8943,3.42
1785508800000,1050.8943,3.42
1785508860000,1050.8943,3.42
1785508920000,1050.8943,3.42
1785508980000,1050.8943,3.42
1785509040000,1050.8943,3.42
1785509100000,1050.8943,3.42
1785509160000,1050.8943,3.42
1785509220000,1050.8943,3.42
1785509280000,1050.8943,3.42
1785509340000,1050.8943,3.42
1785509400000,1050.8943,3.42
1785509460000,1050.8943,3.42
1785509520000,1050.8943,3.42
1785509580000,1050.8943,3.42
1785509640000,1050.8943,3.42
1785509700000,1050.8943,3.42
1785509760000,1050.8943,3.42
1785509820000,1050.8943,3.42
1785509880000,1050.8943,3.42
1785509940000,1050.8943,3.42
1785510000000,1050.8943,3.42
1785510060000,1050.8943,3.42
1785510120000,1050.8943,3.42
1785510180000,1050.8943,3.42
1785510240000,1050.8943,3.42
1785510300000,1050.8943,3.42
1785510360000,1050.8943,3.42
1785510420000,1050.8943,3.42
1785510480000,1050.8943,3.42
1785510540000,1050.8943,3.42
1785510600000,1050.8943,3.42
1785510660000,1050.8943,3.42
1785510720000,1050.8943,3.42
1785510780000,1050.8943,3.42
1785510840000,1050.8943,3.42
1785510900000,1050.8943,3.42
1785510960000,1050.8943,3.42
1785511020000,1050.8943,3.42
1785511080000,1050.8943,3.42
1785511140000,1050.8943,3.42
1785511200000,1050.8943,3.42
1785511260000,1050.8943,3.42
1785511320000,1050.8943,3.42
1785511380000,1050.8943,3.42
1785511440000,1050.8943,3.42
1785511500000,1050.8943,3.42
1785511560000,1050.8943,3.42
1785511620000,1050.8943,3.42
1785511680000,1050.8943,3.42
1785511740000,1050.8943,3.42
1785511800000,1050.8943,3.42
1785511860000,1050.8943,3.42
1785511920000,1050.8943,3.42
1785511980000,1050.8943,3.42
1785512040000,1050.8943,3.42
1785512100000,1050.8943,3.42
1785512160000,1050.8943,3.42
1785512220000,1050.8943,3.42
1785512280000,1050.8943,3.42
1785512340000,1050.8943,3.42
1785512400000,1050.8943,3.42
1785512460000,1050.8943,3.42
1785512520000,1050.8943,3.42
1785512580000,1050.8943,3.42
1785512640000,1050.8943,3.42
1785512700000,1050.8943,3.42
1785512760000,1050.8943,3.42
1785512820000,1050.8943,3.42
1785512880000,1050.8943,3.42
1785512940000,1050.8943,3.42
1785513000000,1050.8943,3.42
1785513060000,1050.8943,3.42
1785513120000,1050.8943,3.42
1785513180000,1050.8943,3.42
1785513240000,1050.8943,3.42
1785513300000,1050.8943,3.42
1785513360000,1050.8943,3.42
1785513420000,1050.8943,3.42
1785513480000,1050.8943,3.42
1785513540000,1050.8943,3.42
1785513600000,1050.8943,3.42
1785513660000,1050.8943,3.42
1785513720000,1050.8943,3.42
1785513780000,1050.8943,3.42
1785513840000,1050.8943,3.42
1785513900000,1050.8943,3.42
1785513960000,1050.8943,3.42
1785514020000,1050.8943,3.42
1785514080000,1050.8943,3.42
1785514140000,1050.8943,3.42
1785514200000,1050.8943,3.42
1785514260000,1050.8943,3.42
1785514320000,1050.8943,3.42
1785514380000,1050.8943,3.42
1785514440000,1050.8943,3.42
1785514500000,1050.8943,3.42
1785514560000,1050.8943,3.42
1785514620000,1050.8943,3.42
1785514680000,1050.8943,3.42
1785514740000,1050.8943,3.42
1785514800000,1050.8943,3.42
1785514860000,1050.8943,3.42
1785514920000,1050.8943,3.42
1785514980000,1050.8943,3.42
1785515040000,1050.8943,3.42
1785515100000,1050.8943,3.42
1785515160000,1050.8943,3.42
1785515220000,1050.8943,3.42
1785515280000,1050.8943,3.42
1785515340000,1050.8943,3.42
1785515400000,1050.8943,3.42
1785515460000,1050.8943,3.42
1785515520000,1050.8943,3.42
1785515580000,1050.8943,3.42
1785515640000,1050.8943,3.42
1785515700000,1050.8943,3.42
1785515760000,1050.8943,3.42
1785515820000,1050.8943,3.42
1785515880000,1050.8943,3.42
1785515940000,1050.8943,3.42
1785516000000,1050.8943,3.42
1785516060000,1050.8943,3.42
1785516120000,1050.8943,3.42
1785516180000,1050.8943,3.42
1785516240000,1050.8943,3.42
1785516300000,1050.8943,3.42
1785516360000,1050.8943,3.42
1785516420000,1050.8943,3.42
1785516480000,1050.8943,3.42
1785516540000,1050.8943,3.42
1785516600000,1050.8943,3.42
1785516660000,1050.8943,3.42
1785516720000,1050.8943,3.42
1785516780000,1050.8943,3.42
1785516840000,1050.8943,3.42
1785516900000,1050.8943,3.42
1785516960000,1050.8943,3.42
1785517020000,1050.8943,3.42
1785517080000,1050.8943,3.42
1785517140000,1050.8943,3.42
1785517200000,1050.8943,3.42
1785517260000,1050.8943,3.42
1785517320000,1050.8943,3.42
1785517380000,1050.8943,3.42
1785517440000,1050.8943,3.42
1785517500000,1050.8943,3.42
1785517560000,1050.8943,3.42
1785517620000,1050.8943,3.42
1785517680000,1050.8943,3.42
1785517740000,1050.8943,3.42
1785517800000,1050.8943,3.42
1785517860000,1050.8943,3.42
1785517920000,1050.8943,3.42
1785517980000,1050.8943,3.42
1785518040000,1050.8943,3.42
1785518100000,1050.8943,3.42
1785518160000,1050.8943,3.42
1785518220000,1050.8943,3.42
1785518280000,1050.8943,3.42
1785518340000,1050.8943,3.42
1785518400000,1050.8943,3.42
1785518460000,1050.8943,3.42
1785518520000,1050.8943,3.42
1785518580000,1050.8943,3.42
1785518640000,1050.8943,3.42
1785518700000,1050.8943,3.42
1785518760000,1050.8943,3.42
1785518820000,1050.8943,3.42
1785518880000,1050.8943,3.42
1785518940000,1050.8943,3.42
1785519000000,1050.8943,3.42
1785519060000,1050.8943,3.42
1785519120000,1050.8943,3.42
1785519180000,1050.8943,3.42
1785519240000,1050.8943,3.42
1785519300000,1050.8943,3.42
1785519360000,1050.8943,3.42
1785519420000,1050.8943,3.42
1785519480000,1050.8943,3.42
1785519540000,1050.8943,3.42
1785519600000,1050.8943,3.42
1785519660000,1050.8943,3.42
1785519720000,1050.8943,3.42
1785519780000,1050.8943,3.42
1785519840000,1050.8943,3.42
1785519900000,1050.8943,3.42
1785519960000,1050.8943,3.42
1785520020000,1050.8943,3.42
1785520080000,1050.8943,3.42
1785520140000,1050.8943,3.42
1785520200000,1050.8943,3.42
1785520260000,1050.8943,3.42
1785520320000,1050.8943,3.42
1785520380000,1050.8943,3.42
1785520440000,1050.8943,3.42
1785520500000,1050.8943,3.42
1785520560000,1050.8943,3.42
1785520620000,1050.8943,3.42
1785520680000,1050.8943,3.42
1785520740000,1050.8943,3.42
1785520800000,1050.8943,3.42
1785520860000,1050.8943,3.42
1785520920000,1050.8943,3.42
1785520980000,1050.8943,3.42
1785521040000,1050.8943,3.42
1785521100000,1050.8943,3.42
1785521160000,1050.8943,3.42
1785521220000,1050.8943,3.42
1785521280000,1050.8943,3.42
1785521340000,1050.8943,3.42
1785521400000,1050.8943,3.42
1785521460000,1050.8943,3.42
1785521520000,1050.8943,3.42
1785521580000,1050.8943,3.42
1785521640000,1050.8943,3.42
1785521700000,1050.8943,3.42
1785521760000,1050.8943,3.42
1785521820000,1050.8943,3.42
1785521880000,1050.8943,3.42
1785521940000,1050.8943,3.42
1785522000000,1050.8943,3.42
1785522060000,1050.8943,3.42
1785522120000,1050.8943,3.42
1785522180000,1050.8943,3.42
1785522240000,1050.8943,3.42
1785522300000,1050.8943,3.42
1785522360000,1050.8943,3.42
1785522420000,1050.8943,3.42
1785522480000,1050.8943,3.42
1785522540000,1050.8943,3.42
1785522600000,1050.8943,3.42
1785522660000,1050.8943,3.42
1785522720000,1050.8943,3.42
1785522780000,1050.8943,3.42
1785522840000,1050.8943,3.42
1785522900000,1050.8943,3.42
1785522960000,1050.8943,3.42
1785523020000,1050.8943,3.42
1785523080000,1050.8943,3.42
1785523140000,1050.8943,3.42
1785523200000,1050.8943,3.42
1785523260000,1050.8943,3.42
1785523320000,1050.8943,3.42
1785523380000,1050.8943,3.42
1785523440000,1050.8943,3.42
1785523500000,1050.8943,3.42
1785523560000,1050.8943,3.42
1785523620000,1050.8943,3.42
1785523680000,1050.8943,3.42
1785523740000,1050.8943,3.42
1785523800000,1050.8943,3.42
1785523860000,1050.8943,3.42
1785523920000,1050.8943,3.42
1785523980000,1050.8943,3.42
1785524040000,1050.8943,3.42
1785524100000,1050.8943,3.42
1785524160000,1050.8943,3.42
1785524220000,1050.8943,3.42
1785524280000,1050.8943,3.42
1785524340000,1050.8943,3.42
1785524400000,1050.8943,3.42
1785524460000,1050.8943,3.42
1785524520000,1050.8943,3.42
1785524580000,1050.8943,3.42
1785524640000,1050.8943,3.42
1785524700000,1050.8943,3.42
1785524760000,1050.8943,3.42
1785524820000,1050.8943,3.42
1785524880000,1050.8943,3.42
1785524940000,1050.8943,3.42
1785525000000,1050.8943,3.42
1785525060000,1050.8943,3.42
1785525120000,1050.8943,3.42
1785525180000,1050.8943,3.42
1785525240000,1050.8943,3.42
1785525300000,1050.8943,3.42
1785525360000,1050.8943,3.42
1785525420000,1050.8943,3.42
1785525480000,1050.8943,3.42
1785525540000,1050.8943,3.42
1785525600000,1050.8943,3.42
1785525660000,1050.8943,3.42
1785525720000,1050.8943,3.42
1785525780000,1050.8943,3.42
1785525840000,1050.8943,3.42
1785525900000,1050.8943,3.42
1785525960000,1050.8943,3.42
1785526020000,1050.8943,3.42
1785526080000,1050.8943,3.42
1785526140000,1050.8943,3.42
1785526200000,1050.8943,3.42
1785526260000,1050.8943,3.42
1785526320000,1050.8943,3.42
1785526380000,1050.8943,3.42
1785526440000,1050.8943,3.42
1785526500000,1050.8943,3.42
1785526560000,1050.8943,3.42
1785526620000,1050.8943,3.42
1785526680000,1050.8943,3.42
1785526740000,1050.8943,3.42
1785526800000,1050.8943,3.42
1785526860000,1050.8943,3.42
1785526920000,1050.8943,3.42
1785526980000,1050.8943,3.42
1785527040000,1050.8943,3.42
1785527100000,1050.8943,3.42
1785527160000,1050.8943,3.42
1785527220000,1050.8943,3.42
1785527280000,1050.8943,3.42
1785527340000,1050.8943,3.42
1785527400000,1050.8943,3.42
1785527460000,1050.8943,3.42
1785527520000,1050.8943,3.42
1785527580000,1050.8943,3.42
1785527640000,1050.8943,3.42
1785527700000,1050.8943,3.42
1785527760000,1050.8943,3.42
1785527820000,1050.8943,3.42
1785527880000,1050.8943,3.42
1785527940000,1050.8943,3.42
1785528000000,1050.8943,3.42
1785528060000,1050.8943,3.42
1785528120000,1050.8943,3.42
1785528180000,1050.8943,3.42
1785528240000,1050.8943,3.42
1785528300000,1050.8943,3.42
1785528360000,1050.8943,3.42
1785528420000,1050.8943,3.42
1785528480000,1050.8943,3.42
1785528540000,1050.8943,3.42
1785528600000,1050.8943,3.42
1785528660000,1050.8943,3.42
1785528720000,1050.8943,3.42
1785528780000,1050.8943,3.42
1785528840000,1050.8943,3.42
1785528900000,1050.8943,3.42
1785528960000,1050.8943,3.42
1785529020000,1050.8943,3.42
1785529080000,1050.8943,3.42
1785529140000,1050.8943,3.42
1785529200000,1050.8943,3.42
1785529260000,1050.8943,3.42
1785529320000,1050.8943,3.42
1785529380000,1050.8943,3.42
1785529440000,1050.8943,3.42
1785529500000,1050.8943,3.42
1785529560000,1050.8943,3.42
1785529620000,1050.8943,3.42
1785529680000,1050.8943,3.42
1785529740000,1050.8943,3.42
1785529800000,1050.8943,3.42
1785529860000,1050.8943,3.42
1785529920000,1050.8943,3.42
1785529980000,1050.8943,3.42
1785530040000,1050.8943,3.42
1785530100000,1050.8943,3.42
1785530160000,1050.8943,3.42
1785530220000,1050.8943,3.42
1785530280000,1050.8943,3.42
1785530340000,1050.8943,3.42
1785530400000,1050.8943,3.42
1785530460000,1050.8943,3.42
1785530520000,1050.8943,3.42
1785530580000,1050.8943,3.42
1785530640000,1050.8943,3.42
1785530700000,1050.8943,3.42
1785530760000,1050.8943,3.42
1785530820000,1050.8943,3.42
1785530880000,1050.8943,3.42
1785530940000,1050.8943,3.42
1785531000000,1050.8943,3.42
1785531060000,1050.8943,3.42
1785531120000,1050.8943,3.42
1785531180000,1050.8943,3.42
1785531240000,1050.8943,3.42
1785531300000,1050.8943,3.42
1785531360000,1050.8943,3.42
1785531420000,1050.8943,3.42
1785531480000,1050.8943,3.42
1785531540000,1050.8943,3.42
1785531600000,1050.8943,3.42
1785531660000,1050.8943,3.42
1785531720000,1050.8943,3.42
1785531780000,1050.8943,3.42
1785531840000,1050.8943,3.42
1785531900000,1050.8943,3.42
1785531960000,1050.8943,3.42
1785532020000,1050.8943,3.42
1785532080000,1050.8943,3.42
1785532140000,1050.8943,3.42
1785532200000,1050.8943,3.42
1785532260000,1050.8943,3.42
1785532320000,1050.8943,3.42
1785532380000,1050.8943,3.42
1785532440000,1050.8943,3.42
1785532500000,1050.8943,3.42
1785532560000,1050.8943,3.42
1785532620000,1050.8943,3.42
1785532680000,1050.8943,3.42
1785532740000,1050.8943,3.42
1785532800000,1050.8943,3.42
1785532860000,1050.8943,3.42
1785532920000,1050.8943,3.42
1785532980000,1050.8943,3.42
1785533040000,1050.8943,3.42
1785533100000,1050.8943,3.42
1785533160000,1050.8943,3.42
1785533220000,1050.8943,3.42
1785533280000,1050.8943,3.42
1785533340000,1050.8943,3.42
1785533400000,1050.8943,3.42
1785533460000,1050.8943,3.42
1785533520000,1050.8943,3.42
1785533580000,1050.8943,3.42
1785533640000,1050.8943,3.42
1785533700000,1050.8943,3.42
1785533760000,1050.8943,3.42
1785533820000,1050.8943,3.42
1785533880000,1050.8943,3.42
1785533940000,1050.8943,3.42
1785534000000,1050.8943,3.42
1785534060000,1050.8943,3.42
1785534120000,1050.8943,3.42
1785534180000,1050.8943,3.42
1785534240000,1050.8943,3.42
1785534300000,1050.8943,3.42
1785534360000,1050.8943,3.42
1785534420000,1050.8943,3.42
1785534480000,1050.8943,3.42
1785534540000,1050.8943,3.42
1785534600000,1050.8943,3.42
1785534660000,1050.8943,3.42
1785534720000,1050.8943,3.42
1785534780000,1050.8943,3.42
1785534840000,1050.8943,3.42
1785534900000,1050.8943,3.42
1785534960000,1050.8943,3.42
1785535020000,1050.8943,3.42
1785535080000,1050.8943,3.42
1785535140000,1050.8943,3.42
1785535200000,1050.8943,3.42
1785535260000,1050.8943,3.42
1785535320000,1050.8943,3.42
1785535380000,1050.8943,3.42
1785535440000,1050.8943,3.42
1785535500000,1050.8943,3.42
1785535560000,1050.8943,3.42
1785535620000,1050.8943,3.42
1785535680000,1050.8943,3.42
1785535740000,1050.8943,3.42
1785535800000,1050.8943,3.42
1785535860000,1050.8943,3.42
1785535920000,1050.8943,3.42
1785535980000,1050.8943,3.42
1785536040000,1050.8943,3.42
1785536100000,1050.8943,3.42
1785536160000,1050.8943,3.42
1785536220000,1050.8943,3.42
1785536280000,1050.8943,3.42
1785536340000,1050.8943,3.42
1785536400000,1050.8943,3.42
1785536460000,1050.8943,3.42
1785536520000,1050.8943,3.42
1785536580000,1050.8943,3.42
1785536640000,1050.8943,3.42
1785536700000,1050.8943,3.42
1785536760000,1050.8943,3.42
1785536820000,1050.8943,3.42
1785536880000,1050.8943,3.42
1785536940000,1050.8943,3.42
1785537000000,1050.8943,3.42
1785537060000,1050.8943,3.42
1785537120000,1050.8943,3.42
1785537180000,1050.8943,3.42
1785537240000,1050.8943,3.42
1785537300000,1050.8943,3.42
1785537360000,1050.8943,3.42
1785537420000,1050.8943,3.42
1785537480000,1050.8943,3.42
1785537540000,1050.8943,3.42
1785537600000,1050.8943,3.42
1785537660000,1050.8943,3.42
1785537720000,1050.8943,3.42
1785537780000,1050.8943,3.42
1785537840000,1050.8943,3.42
1785537900000,1050.8943,3.42
1785537960000,1050.8943,3.42
1785538020000,1050.8943,3.42
1785538080000,1050.8943,3.42
1785538140000,1050.8943,3.42
1785538200000,1050.8943,3.42
1785538260000,1050.8943,3.42
1785538320000,1050.8943,3.42
1785538380000,1050.8943,3.42
1785538440000,1050.8943,3.42
1785538500000,1050.8943,3.42
1785538560000,1050.8943,3.42
1785538620000,1050.8943,3.42
1785538680000,1050.8943,3.42
1785538740000,1050.8943,3.42
1785538800000,1050.8943,3.42
1785538860000,1050.8943,3.42
1785538920000,1050.8943,3.42
1785538980000,1050.8943,3.42
1785539040000,1050.8943,3.42
1785539100000,1050.8943,3.42
1785539160000,1050.8943,3.42
1785539220000,1050.8943,3.42
1785539280000,1050.8943,3.42
1785539340000,1050.8943,3.42
1785539400000,1050.8943,3.42
1785539460000,1050.8943,3.42
1785539520000,1050.8943,3.42
1785539580000,1050.8943,3.42
1785539640000,1050.8943,3.42
1785539700000,1050.8943,3.42
1785539760000,1050.8943,3.42
1785539820000,1050.8943,3.42
1785539880000,1050.8943,3.42
1785539940000,1050.8943,3.42
1785540000000,1050.8943,3.42
1785540060000,1050.8943,3.42
1785540120000,1050.8943,3.42
1785540180000,1050.8943,3.42
1785540240000,1050.8943,3.42
1785540300000,1050.8943,3.42
1785540360000,1050.8943,3.42
1785540420000,1050.8943,3.42
1785540480000,1050.8943,3.42
1785540540000,1050.8943,3.42
1785540600000,1050.8943,3.42
1785540660000,1050.8943,3.42
1785540720000,1050.8943,3.42
1785540780000,1050.8943,3.42
1785540840000,1050.8943,3.42
1785540900000,1050.8943,3.42
1785540960000,1050.8943,3.42
1785541020000,1050.8943,3.42
1785541080000,1050.8943,3.42
1785541140000,1050.8943,3.42
1785541200000,1050.8943,3.42
1785541260000,1050.8943,3.42
1785541320000,1050.8943,3.42
1785541380000,1050.8943,3.42
1785541440000,1050.8943,3.42
1785541500000,1050.8943,3.42
1785541560000,1050.8943,3.42
1785541620000,1050.8943,3.42
1785541680000,1050.8943,3.42
1785541740000,1050.8943,3.42
1785541800000,1050.8943,3.42
1785541860000,1050.8943,3.42
1785541920000,1050.8943,3.42
1785541980000,1050.8943,3.42
1785542040000,1050.8943,3.42
1785542100000,1050.8943,3.42
1785542160000,1050.8943,3.42
1785542220000,1050.8943,3.42
1785542280000,1050.8943,3.42
1785542340000,1050.8943,3.42
1785542400000,1050.8943,3.42
1785542460000,1050.8943,3.42
1785542520000,1050.8943,3.42
1785542580000,1050.8943,3.42
1785542640000,1050.8943,3.42
1785542700000,1050.8943,3.42
1785542760000,1050.8943,3.42
1785542820000,1050.8943,3.42
1785542880000,1050.8943,3.42
1785542940000,1050.8943,3.42
1785543000000,1050.8943,3.42
1785543060000,1050.8943,3.42
1785543120000,1050.8943,3.42
1785543180000,1050.8943,3.42
1785543240000,1050.8943,3.42
1785543300000,1050.8943,3.42
1785543360000,1050.8943,3.42
1785543420000,1050.8943,3.42
1785543480000,1050.8943,3.42
1785543540000,1050.8943,3.42
1785543600000,1050.8943,3.42
1785543660000,1050.8943,3.42
1785543720000,1050.8943,3.42
1785543780000,1050.8943,3.42
1785543840000,1050.8943,3.42
1785543900000,1050.8943,3.42
1785543960000,1050.8943,3.42
1785544020000,1050.8943,3.42
1785544080000,1050.8943,3.42
1785544140000,1050.8943,3.42
1785544200000,1050.8943,3.42
1785544260000,1050.8943,3.42
1785544320000,1050.8943,3.42
1785544380000,1050.8943,3.42
1785544440000,1050.8943,3.42
1785544500000,1050.8943,3.42
1785544560000,1050.8943,3.42
1785544620000,1050.8943,3.42
1785544680000,1050.8943,3.42
1785544740000,1050.8943,3.42
1785544800000,1050.8943,3.42
1785544860000,1050.8943,3.42
1785544920000,1050.8943,3.42
1785544980000,1050.8943,3.42
1785545040000,1050.8943,3.42
1785545100000,1050.8943,3.42
1785545160000,1050.8943,3.42
1785545220000,1050.8943,3.42
1785545280000,1050.8943,3.42
1785545340000,1050.8943,3.42
1785545400000,1050.8943,3.42
1785545460000,1050.8943,3.42
1785545520000,1050.8943,3.42
1785545580000,1050.8943,3.42
1785545640000,1050.8943,3.42
1785545700000,1050.8943,3.42
1785545760000,1050.8943,3.42
1785545820000,1050.8943,3.42
1785545880000,1050.8943,3.42
1785545940000,1050.8943,3.42
1785546000000,1050.8943,3.42
1785546060000,1050.8943,3.42
1785546120000,1050.8943,3.42
1785546180000,1050.8943,3.42
1785546240000,1050.8943,3.42
1785546300000,1050.8943,3.42
1785546360000,1050.8943,3.42
1785546420000,1050.8943,3.42
1785546480000,1050.8943,3.42
1785546540000,1050.8943,3.42
1785546600000,1050.8943,3.42
1785546660000,1050.8943,3.42
1785546720000,1050.8943,3.42
1785546780000,1050.8943,3.42
1785546840000,1050.8943,3.42
1785546900000,1050.8943,3.42
1785546960000,1050.8943,3.42
1785547020000,1050.8943,3.42
1785547080000,1050.8943,3.42
1785547140000,1050.8943,3.42
1785547200000,1050.8943,3.42
1785547260000,1050.8943,3.42
1785547320000,1050.8943,3.42
1785547380000,1050.8943,3.42
1785547440000,1050.8943,3.42
1785547500000,1050.8943,3.42
1785547560000,1050.8943,3.42
1785547620000,1050.8943,3.42
1785547680000,1050.8943,3.42
1785547740000,1050.8943,3.42
1785547800000,1050.8943,3.42
1785547860000,1050.8943,3.42
1785547920000,1050.8943,3.42
1785547980000,1050.8943,3.42
1785548040000,1050.8943,3.42
1785548100000,1050.8943,3.42
1785548160000,1050.8943,3.42
1785548220000,1050.8943,3.42
1785548280000,1050.8943,3.42
1785548340000,1050.8943,3.42
1785548400000,1050.8943,3.42
1785548460000,1050.8943,3.42
1785548520000,1050.8943,3.42
1785548580000,1050.8943,3.42
1785548640000,1050.8943,3.42
1785548700000,1050.8943,3.42
1785548760000,1050.8943,3.42
1785548820000,1050.8943,3.42
1785548880000,1050.8943,3.42
1785548940000,1050.8943,3.42
1785549000000,1050.8943,3.42
1785549060000,1050.8943,3.42
1785549120000,1050.8943,3.42
1785549180000,1050.8943,3.42
1785549240000,1050.8943,3.42
1785549300000,1050.8943,3.42
1785549360000,1050.8943,3.42
1785549420000,1050.8943,3.42
1785549480000,1050.8943,3.42
1785549540000,1050.8943,3.42
1785549600000,1050.8943,3.42
1785549660000,1050.8943,3.42
1785549720000,1050.8943,3.42
1785549780000,1050.8943,3.42
1785549840000,1050.8943,3.42
1785549900000,1050.8943,3.42
1785549960000,1050.8943,3.42
1785550020000,1050.8943,3.42
1785550080000,1050.8943,3.42
1785550140000,1050.8943,3.42
1785550200000,1050.8943,3.42
1785550260000,1050.8943,3.42
1785550320000,1050.8943,3.42
1785550380000,1050.8943,3.42
1785550440000,1050.8943,3.42
1785550500000,1050.8943,3.42
1785550560000,1050.8943,3.42
1785550620000,1050.8943,3.42
1785550680000,1050.8943,3.42
1785550740000,1050.8943,3.42
1785550800000,1050.8943,3.42
1785550860000,1050.8943,3.42
1785550920000,1050.8943,3.42
1785550980000,1050.8943,3.42
1785551040000,1050.8943,3.42
1785551100000,1050.8943,3.42
1785551160000,1050.8943,3.42
1785551220000,1050.8943,3.42
1785551280000,1050.8943,3.42
1785551340000,1050.8943,3.42
1785551400000,1050.8943,3.42
1785551460000,1050.8943,3.42
1785551520000,1050.8943,3.42
1785551580000,1050.8943,3.42
1785551640000,1050.8943,3.42
1785551700000,1050.8943,3.42
1785551760000,1050.8943,3.42
1785551820000,1050.8943,3.42
1785551880000,1050.8943,3.42
1785551940000,1050.8943,3.42
1785552000000,1050.8943,3.42
1785552060000,1050.8943,3.42
1785552120000,1050.8943,3.42
1785552180000,1050.8943,3.42
1785552240000,1050.8943,3.42
1785552300000,1050.8943,3.42
1785552360000,1050.8943,3.42
1785552420000,1050.8943,3.42
1785552480000,1050.8943,3.42
1785552540000,1050.8943,3.42
1785552600000,1050.8943,3.42
1785552660000,1050.8943,3.42
1785552720000,1050.8943,3.42
1785552780000,1050.8943,3.42
1785552840000,1050.8943,3.42
1785552900000,1050.8943,3.42
1785552960000,1050.8943,3.42
1785553020000,1050.8943,3.42
1785553080000,1050.8943,3.42
1785553140000,1050.8943,3.42
1785553200000,1050.8943,3.42
1785553260000,1050.8943,3.42
1785553320000,1050.8943,3.42
1785553380000,1050.8943,3.42
1785553440000,1050.8943,3.42
1785553500000,1050.8943,3.42
1785553560000,1050.8943,3.42
1785553620000,1050.8943,3.42
1785553680000,1050.8943,3.42
1785553740000,1050.8943,3.42
1785553800000,1050.8943,3.42
1785553860000,1050.8943,3.42
1785553920000,1050.8943,3.42
1785553980000,1050.8943,3.42
1785554040000,1050.8943,3.42
1785554100000,1050.8943,3.42
1785554160000,1050.8943,3.42
1785554220000,1050.8943,3.42
1785554280000,1050.8943,3.42
1785554340000,1050.8943,3.42
1785554400000,1050.8943,3.42
1785554460000,1050.8943,3.42
1785554520000,1050.8943,3.42
1785554580000,1050.8943,3.42
1785554640000,1050.8943,3.42
1785554700000,1050.8943,3.42
1785554760000,1050.8943,3.42
1785554820000,1050.8943,3.42
1785554880000,1050.8943,3.42
1785554940000,1050.8943,3.42
1785555000000,1050.8943,3.42
1785555060000,1050.8943,3.42
1785555120000,1050.8943,3.42
1785555180000,1050.8943,3.42
1785555240000,1050.8943,3.42
1785555300000,1050.8943,3.42
1785555360000,1050.8943,3.42
1785555420000,1050.8943,3.42
1785555480000,1050.8943,3.42
1785555540000,1050.8943,3.42
1785555600000,1050.8943,3.42
1785555660000,1050.8943,3.42
1785555720000,1050.8943,3.42
1785555780000,1050.8943,3.42
1785555840000,1050.8943,3.42
1785555900000,1050.8943,3.42
1785555960000,1050.8943,3.42
1785556020000,1050.8943,3.42
1785556080000,1050.8943,3.42
1785556140000,1050.8943,3.42
1785556200000,1050.8943,3.42
1785556260000,1050.8943,3.42
1785556320000,1050.8943,3.42
1785556380000,1050.8943,3.42
1785556440000,1050.8943,3.42
1785556500000,1050.8943,3.42
1785556560000,1050.8943,3.42
1785556620000,1050.8943,3.42
1785556680000,1050.8943,3.42
1785556740000,1050.8943,3.42
1785556800000,1050.8943,3.42
1785556860000,1050.8943,3.42
1785556920000,1050.8943,3.42
1785556980000,1050.8943,3.42
1785557040000,1050.8943,3.42
1785557100000,1050.8943,3.42
1785557160000,1050.8943,3.42
1785557220000,1050.8943,3.42
1785557280000,1050.8943,3.42
1785557340000,1050.8943,3.42
1785557400000,1050.8943,3.42
1785557460000,1050.8943,3.42
1785557520000,1050.8943,3.42
1785557580000,1050.8943,3.42
1785557640000,1050.8943,3.42
1785557700000,1050.8943,3.42
1785557760000,1050.8943,3.42
1785557820000,1050.8943,3.42
1785557880000,1050.8943,3.42
1785557940000,1050.8943,3.42
1785558000000,1050.8943,3.42
1785558060000,1050.8943,3.42
1785558120000,1050.8943,3.42
1785558180000,1050.8943,3.42
1785558240000,1050.8943,3.42
1785558300000,1050.8943,3.42
1785558360000,1050.8943,3.42
1785558420000,1050.8943,3.42
1785558480000,1050.8943,3.42
1785558540000,1050.8943,3.42
1785558600000,1050.8943,3.42
1785558660000,1050.8943,3.42
1785558720000,1050.8943,3.42
1785558780000,1050.8943,3.42
1785558840000,1050.8943,3.42
1785558900000,1050.8943,3.42
1785558960000,1050.8943,3.42
1785559020000,1050.8943,3.42
1785559080000,1050.8943,3.42
1785559140000,1050.8943,3.42
1785559200000,1050.8943,3.42
1785559260000,1050.8943,3.42
1785559320000,1050.8943,3.42
1785559380000,1050.8943,3.42
1785559440000,1050.8943,3.42
1785559500000,1050.8943,3.42
1785559560000,1050.8943,3.42
1785559620000,1050.8943,3.42
1785559680000,1050.8943,3.42
1785559740000,1050.8943,3.42
1785559800000,1050.8943,3.42
1785559860000,1050.8943,3.42
1785559920000,1050.8943,3.42
1785559980000,1050.8943,3.42
1785560040000,1050.8943,3.42
1785560100000,1050.8943,3.42
1785560160000,1050.8943,3.42
1785560220000,1050.8943,3.42
1785560280000,1050.8943,3.42
1785560340000,1050.8943,3.42
1785560400000,1050.8943,3.42
1785560460000,1050.8943,3.42
1785560520000,1050.8943,3.42
1785560580000,1050.8943,3.42
1785560640000,1050.8943,3.42
1785560700000,1050.8943,3.42
1785560760000,1050.8943,3.42
1785560820000,1050.8943,3.42
1785560880000,1050.8943,3.42
1785560940000,1050.8943,3.42
1785561000000,1050.8943,3.42
1785561060000,1050.8943,3.42
1785561120000,1050.8943,3.42
1785561180000,1050.8943,3.42
1785561240000,1050.8943,3.42
1785561300000,1050.8943,3.42
1785561360000,1050.8943,3.42
1785561420000,1050.8943,3.42
1785561480000,1050.8943,3.42
1785561540000,1050.8943,3.42
1785561600000,1050.8943,3.42
1785561660000,1050.8943,3.42
1785561720000,1050.8943,3.42
1785561780000,1050.8943,3.42
1785561840000,1050.8943,3.42
1785561900000,1050.8943,3.42
1785561960000,1050.8943,3.42
1785562020000,1050.8943,3.42
1785562080000,1050.8943,3.42
1785562140000,1050.8943,3.42
1785562200000,1050.8943,3.42
1785562260000,1050.8943,3.42
1785562320000,1050.8943,3.42
1785562380000,1050.8943,3.42
1785562440000,1050.8943,3.42
1785562500000,1050.8943,3.42
1785562560000,1050.8943,3.42
1785562620000,1050.8943,3.42
1785562680000,1050.8943,3.42
1785562740000,1050.8943,3.42
1785562800000,1050.8943,3.42
1785562860000,1050.8943,3.42
1785562920000,1050.8943,3.42
1785562980000,1050.8943,3.42
1785563040000,1050.8943,3.42
1785563100000,1050.8943,3.42
1785563160000,1050.8943,3.42
1785563220000,1050.8943,3.42
1785563280000,1050.8943,3.42
1785563340000,1050.8943,3.42
1785563400000,1050.8943,3.42
1785563460000,1050.8943,3.42
1785563520000,1050.8943,3.42
1785563580000,1050.8943,3.42
1785563640000,1050.8943,3.42
1785563700000,1050.8943,3.42
1785563760000,1050.8943,3.42
1785563820000,1050.8943,3.42
1785563880000,1050.8943,3.42
1785563940000,1050.8943,3.42
1785564000000,1050.8943,3.42
1785564060000,1050.8943,3.42
1785564120000,1050.8943,3.42
1785564180000,1050.8943,3.42
1785564240000,1050.8943,3.42
1785564300000,1050.8943,3.42
1785564360000,1050.8943,3.42
1785564420000,1050.8943,3.42
1785564480000,1050.8943,3.42
1785564540000,1050.8943,3.42
1785564600000,1050.8943,3.42
1785564660000,1050.8943,3.42
1785564720000,1050.8943,3.42
1785564780000,1050.8943,3.42
1785564840000,1050.8943,3.42
1785564900000,1050.8943,3.42
1785564960000,1050.8943,3.42
1785565020000,1050.8943,3.42
1785565080000,1050.8943,3.42
1785565140000,1050.8943,3.42
1785565200000,1050.8943,3.42
1785565260000,1050.8943,3.42
1785565320000,1050.8943,3.42
1785565380000,1050.8943,3.42
1785565440000,1050.8943,3.42
1785565500000,1050.8943,3.42
1785565560000,1050.8943,3.42
1785565620000,1050.8943,3.42
1785565680000,1050.8943,3.42
1785565740000,1050.8943,3.42
1785565800000,1050.8943,3.42
1785565860000,1050.8943,3.42
1785565920000,1050.8943,3.42
1785565980000,1050.8943,3.42
1785566040000,1050.8943,3.42
1785566100000,1050.8943,3.42
1785566160000,1050.8943,3.42
1785566220000,1050.8943,3.42
1785566280000,1050.8943,3.42
1785566340000,1050.8943,3.42
1785566400000,1050.8943,3.42
1785566460000,1050.8943,3.42
1785566520000,1050.8943,3.42
1785566580000,1050.8943,3.42
1785566640000,1050.8943,3.42
1785566700000,1050.8943,3.42
1785566760000,1050.8943,3.42
1785566820000,1050.8943,3.42
1785566880000,1050.8943,3.42
1785566940000,1050.8943,3.42
1785567000000,1050.8943,3.42
1785567060000,1050.8943,3.42
1785567120000,1050.8943,3.42
1785567180000,1050.8943,3.42
1785567240000,1050.8943,3.42
1785567300000,1050.8943,3.42
1785567360000,1050.8943,3.42
1785567420000,1050.8943,3.42
1785567480000,1050.8943,3.42
1785567540000,1050.8943,3.42
1785567600000,1050.8943,3.42
1785567660000,1050.8943,3.42
1785567720000,1050.8943,3.42
1785567780000,1050.8943,3.42
1785567840000,1050.8943,3.42
1785567900000,1050.8943,3.42
1785567960000,1050.8943,3.42
1785568020000,1050.8943,3.42
1785568080000,1050.8943,3.42
1785568140000,1050.8943,3.42
1785568200000,1050.8943,3.42
1785568260000,1050.8943,3.42
1785568320000,1050.8943,3.42
1785568380000,1050.8943,3.42
1785568440000,1050.8943,3.42
1785568500000,1050.8943,3.42
1785568560000,1050.8943,3.42
1785568620000,1050.8943,3.42
1785568680000,1050.8943,3.42
1785568740000,1050.8943,3.42
1785568800000,1050.8943,3.42
1785568860000,1050.8943,3.42
1785568920000,1050.8943,3.42
1785568980000,1050.8943,3.42
1785569040000,1050.8943,3.42
1785569100000,1050.8943,3.42
1785569160000,1050.8943,3.42
1785569220000,1050.8943,3.42
1785569280000,1050.8943,3.42
1785569340000,1050.8943,3.42
1785569400000,1050.8943,3.42
1785569460000,1050.8943,3.42
1785569520000,1050.8943,3.42
1785569580000,1050.8943,3.42
1785569640000,1050.8943,3.42
1785569700000,1050.8943,3.42
1785569760000,1050.8943,3.42
1785569820000,1050.8943,3.42
1785569880000,1050.8943,3.42
1785569940000,1050.8943,3.42
1785570000000,1050.8943,3.42
1785570060000,1050.8943,3.42
1785570120000,1050.8943,3.42
1785570180000,1050.8943,3.42
1785570240000,1050.8943,3.42
1785570300000,1050.8943,3.42
1785570360000,1050.8943,3.42
1785570420000,1050.8943,3.42
1785570480000,1050.8943,3.42
1785570540000,1050.8943,3.42
1785570600000,1050.8943,3.42
1785570660000,1050.8943,3.42
1785570720000,1050.8943,3.42
1785570780000,1050.8943,3.42
1785570840000,1050.8943,3.42
1785570900000,1050.8943,3.42
1785570960000,1050.8943,3.42
1785571020000,1050.8943,3.42
1785571080000,1050.8943,3.42
1785571140000,1050.8943,3.42
1785571200000,1050.8943,3.42
1785571260000,1050.8943,3.42
1785571320000,1050.8943,3.42
1785571380000,1050.8943,3.42
1785571440000,1050.8943,3.42
1785571500000,1050.8943,3.42
1785571560000,1050.8943,3.42
1785571620000,1050.8943,3.42
1785571680000,1050.8943,3.42
1785571740000,1050.8943,3.42
1785571800000,1050.8943,3.42
1785571860000,1050.8943,3.42
1785571920000,1050.8943,3.42
1785571980000,1050.8943,3.42
1785572040000,1050.8943,3.42
1785572100000,1050.8943,3.42
1785572160000,1050.8943,3.42
1785572220000,1050.8943,3.42
1785572280000,1050.8943,3.42
1785572340000,1050.8943,3.42
1785572400000,1050.8943,3.42
1785572460000,1050.8943,3.42
1785572520000,1050.8943,3.42
1785572580000,1050.8943,3.42
1785572640000,1050.8943,3.42
1785572700000,1050.8943,3.42
1785572760000,1050.8943,3.42
1785572820000,1050.8943,3.42
1785572880000,1050.8943,3.42
1785572940000,1050.8943,3.42
1785573000000,1050.8943,3.42
1785573060000,1050.8943,3.42
1785573120000,1050.8943,3.42
1785573180000,1050.8943,3.42
1785573240000,1050.8943,3.42
1785573300000,1050.8943,3.42
1785573360000,1050.8943,3.42
1785573420000,1050.8943,3.42
1785573480000,1050.8943,3.42
1785573540000,1050.8943,3.42
1785573600000,1050.8943,3.42
1785573660000,1050.8943,3.42
1785573720000,1050.8943,3.42
1785573780000,1050.8943,3.42
1785573840000,1050.8943,3.42
1785573900000,1050.8943,3.42
1785573960000,1050.8943,3.42
1785574020000,1050.8943,3.42
1785574080000,1050.8943,3.42
1785574140000,1050.8943,3.42
1785574200000,1050.8943,3.42
1785574260000,1050.8943,3.42
1785574320000,1050.8943,3.42
1785574380000,1050.8943,3.42
1785574440000,1050.8943,3.42
1785574500000,1050.8943,3.42
1785574560000,1050.8943,3.42
1785574620000,1050.8943,3.42
1785574680000,1050.8943,3.42
1785574740000,1050.8943,3.42
1785574800000,1050.8943,3.42
1785574860000,1050.8943,3.42
1785574920000,1050.8943,3.42
1785574980000,1050.8943,3.42
1785575040000,1050.8943,3.42
1785575100000,1050.8943,3.42
1785575160000,1050.8943,3.42
1785575220000,1050.8943,3.42
1785575280000,1050.8943,3.42
1785575340000,1050.8943,3.42
1785575400000,1050.8943,3.42
1785575460000,1050.8943,3.42
1785575520000,1050.8943,3.42
1785575580000,1050.8943,3.42
1785575640000,1050.8943,3.42
1785575700000,1050.8943,3.42
1785575760000,1050.8943,3.42
1785575820000,1050.8943,3.42
1785575880000,1050.8943,3.42
1785575940000,1050.8943,3.42
1785576000000,1050.8943,3.42
1785576060000,1050.8943,3.42
1785576120000,1050.8943,3.42
1785576180000,1050.8943,3.42
1785576240000,1050.8943,3.42
1785576300000,1050.8943,3.42
1785576360000,1050.8943,3.42
1785576420000,1050.8943,3.42
1785576480000,1050.8943,3.42
1785576540000,1050.8943,3.42
1785576600000,1050.8943,3.42
1785576660000,1050.8943,3.42
1785576720000,1050.8943,3.42
1785576780000,1050.8943,3.42
1785576840000,1050.8943,3.42
1785576900000,1050.8943,3.42
1785576960000,1050.8943,3.42
1785577020000,1050.8943,3.42
1785577080000,1050.8943,3.42
1785577140000,1050.8943,3.42
1785577200000,1050.8943,3.42
1785577260000,1050.8943,3.42
1785577320000,1050.8943,3.42
1785577380000,1050.8943,3.42
1785577440000,1050.8943,3.42
1785577500000,1050.8943,3.42
1785577560000,1050.8943,3.42
1785577620000,1050.8943,3.42
1785577680000,1050.8943,3.42
1785577740000,1050.8943,3.42
1785577800000,1050.8943,3.42
1785577860000,1050.8943,3.42
1785577920000,1050.8943,3.42
1785577980000,1050.8943,3.42
1785578040000,1050.8943,3.42
1785578100000,1050.8943,3.42
1785578160000,1050.8943,3.42
1785578220000,1050.8943,3.42
1785578280000,1050.8943,3.42
1785578340000,1050.8943,3.42
1785578400000,1050.8943,3.42
1785578460000,1050.8943,3.42
1785578520000,1050.8943,3.42
1785578580000,1050.8943,3.42
1785578640000,1050.8943,3.42
1785578700000,1050.8943,3.42
1785578760000,1050.8943,3.42
1785578820000,1050.8943,3.42
1785578880000,1050.8943,3.42
1785578940000,1050.8943,3.42
1785579000000,1050.8943,3.42
1785579060000,1050.8943,3.42
1785579120000,1050.8943,3.42
1785579180000,1050.8943,3.42
1785579240000,1050.8943,3.42
1785579300000,1050.8943,3.42
1785579360000,1050.8943,3.42
1785579420000,1050.8943,3.42
1785579480000,1050.8943,3.42
1785579540000,1050.8943,3.42
1785579600000,1050.8943,3.42
1785579660000,1050.8943,3.42
1785579720000,1050.8943,3.42
1785579780000,1050.8943,3.42
1785579840000,1050.8943,3.42
1785579900000,1050.8943,3.42
1785579960000,1050.8943,3.42
1785580020000,1050.8943,3.42
1785580080000,1050.8943,3.42
1785580140000,1050.8943,3.42
1785580200000,1050.8943,3.42
1785580260000,1050.8943,3.42
1785580320000,1050.8943,3.42
1785580380000,1050.8943,3.42
1785580440000,1050.8943,3.42
1785580500000,1050.8943,3.42
1785580560000,1050.8943,3.42
1785580620000,1050.8943,3.42
1785580680000,1050.8943,3.42
1785580740000,1050.8943,3.42
1785580800000,1050.8943,3.42
1785580860000,1050.8943,3.42
1785580920000,1050.8943,3.42
1785580980000,1050.8943,3.42
1785581040000,1050.8943,3.42
1785581100000,1050.8943,3.42
1785581160000,1050.8943,3.42
1785581220000,1050.8943,3.42
1785581280000,1050.8943,3.42
1785581340000,1050.8943,3.42
1785581400000,1050.8943,3.42
1785581460000,1050.8943,3.42
1785581520000,1050.8943,3.42
1785581580000,1050.8943,3.42
1785581640000,1050.8943,3.42
1785581700000,1050.8943,3.42
1785581760000,1050.8943,3.42
1785581820000,1050.8943,3.42
1785581880000,1050.8943,3.42
1785581940000,1050.8943,3.42
1785582000000,1050.8943,3.42
1785582060000,1050.8943,3.42
1785582120000,1050.8943,3.42
1785582180000,1050.8943,3.42
1785582240000,1050.8943,3.42
1785582300000,1050.8943,3.42
1785582360000,1050.8943,3.42
1785582420000,1050.8943,3.42
1785582480000,1050.8943,3.42
1785582540000,1050.8943,3.42
1785582600000,1050.8943,3.42
1785582660000,1050.8943,3.42
1785582720000,1050.8943,3.42
1785582780000,1050.8943,3.42
1785582840000,1050.8943,3.42
1785582900000,1050.8943,3.42
1785582960000,1050.8943,3.42
1785583020000,1050.8943,3.42
1785583080000,1050.8943,3.42
1785583140000,1050.8943,3.42
1785583200000,1050.8943,3.42
1785583260000,1050.8943,3.42
1785583320000,1050.8943,3.42
1785583380000,1050.8943,3.42
1785583440000,1050.8943,3.42
1785583500000,1050.8943,3.42
1785583560000,1050.8943,3.42
1785583620000,1050.8943,3.42
1785583680000,1050.8943,3.42
1785583740000,1050.8943,3.42
1785583800000,1050.8943,3.42
1785583860000,1050.8943,3.42
1785583920000,1050.8943,3.42
1785583980000,1050.8943,3.42
1785584040000,1050.8943,3.42
1785584100000,1050.8943,3.42
1785584160000,1050.8943,3.42
1785584220000,1050.8943,3.42
1785584280000,1050.8943,3.42
1785584340000,1050.8943,3.42
1785584400000,1050.8943,3.42
1785584460000,1050.8943,3.42
1785584520000,1050.8943,3.42
1785584580000,1050.8943,3.42
1785584640000,1050.8943,3.42
1785584700000,1050.8943,3.42
1785584760000,1050.8943,3.42
1785584820000,1050.8943,3.42
1785584880000,1050.8943,3.42
1785584940000,1050.8943,3.42
1785585000000,1050.8943,3.42
1785585060000,1050.8943,3.42
1785585120000,1050.8943,3.42
1785585180000,1050.8943,3.42
1785585240000,1050.8943,3.42
1785585300000,1050.8943,3.42
1785585360000,1050.8943,3.42
1785585420000,1050.8943,3.42
1785585480000,1050.8943,3.42
1785585540000,1050.8943,3.42
1785585600000,1050.8943,3.42
1785585660000,1050.8943,3.42
1785585720000,1050.8943,3.42
1785585780000,1050.8943,3.42
1785585840000,1050.8943,3.42
1785585900000,1050.8943,3.42
1785585960000,1050.8943,3.42
1785586020000,1050.8943,3.42
1785586080000,1050.8943,3.42
1785586140000,1050.8943,3.42
1785586200000,1050.8943,3.42
1785586260000,1050.8943,3.42
1785586320000,1050.8943,3.42
1785586380000,1050.8943,3.42
1785586440000,1050.8943,3.42
1785586500000,1050.8943,3.42
1785586560000,1050.8943,3.42
1785586620000,1050.8943,3.42
1785586680000,1050.8943,3.42
1785586740000,1050.8943,3.42
1785586800000,1050.8943,3.42
1785586860000,1050.8943,3.42
1785586920000,1050.8943,3.42
1785586980000,1050.8943,3.42
1785587040000,1050.8943,3.42
1785587100000,1050.8943,3.42
1785587160000,1050.8943,3.42
1785587220000,1050.8943,3.42
1785587280000,1050.8943,3.42
1785587340000,1050.8943,3.42
1785587400000,1050.8943,3.42
1785587460000,1050.8943,3.42
1785587520000,1050.8943,3.42
1785587580000,1050.8943,3.42
1785587640000,1050.8943,3.42
1785587700000,1050.8943,3.42
1785587760000,1050.8943,3.42
1785587820000,1050.8943,3.42
1785587880000,1050.8943,3.42
1785587940000,1050.8943,3.42
1785588000000,1050.8943,3.42
1785588060000,1050.8943,3.42
1785588120000,1050.8943,3.42
1785588180000,1050.8943,3.42
1785588240000,1050.8943,3.42
1785588300000,1050.8943,3.42
1785588360000,1050.8943,3.42
1785588420000,1050.8943,3.42
1785588480000,1050.8943,3.42
1785588540000,1050.8943,3.42
1785588600000,1050.8943,3.42
1785588660000,1050.8943,3.42
1785588720000,1050.8943,3.42
1785588780000,1050.8943,3.42
1785588840000,1050.8943,3.42
1785588900000,1050.8943,3.42
1785588960000,1050.8943,3.42
1785589020000,1050.8943,3.42
1785589080000,1050.8943,3.42
1785589140000,1050.8943,3.42
1785589200000,1050.8943,3.42
1785589260000,1050.8943,3.42
1785589320000,1050.8943,3.42
1785589380000,1050.8943,3.42
1785589440000,1050.8943,3.42
1785589500000,1050.8943,3.42
1785589560000,1050.8943,3.42
1785589620000,1050.8943,3.42
1785589680000,1050.8943,3.42
1785589740000,1050.8943,3.42
1785589800000,1050.8943,3.42
1785589860000,1050.8943,3.42
1785589920000,1050.8943,3.42
1785589980000,1050.8943,3.42
1785590040000,1050.8943,3.42
1785590100000,1050.8943,3.42
1785590160000,1050.8943,3.42
1785590220000,1050.8943,3.42
1785590280000,1050.8943,3.42
1785590340000,1050.8943,3.42
1785590400000,1050.8943,3.42
1785590460000,1050.8943,3.42
1785590520000,1050.8943,3.42
1785590580000,1050.8943,3.42
1785590640000,1050.8943,3.42
1785590700000,1050.8943,3.42
1785590760000,1050.8943,3.42
1785590820000,1050.8943,3.42
1785590880000,1050.8943,3.42
1785590940000,1050.8943,3.42
1785591000000,1050.8943,3.42
1785591060000,1050.8943,3.42
1785591120000,1050.8943,3.42
1785591180000,1050.8943,3.42
1785591240000,1050.8943,3.42
1785591300000,1050.8943,3.42
1785591360000,1050.8943,3.42
1785591420000,1050.8943,3.42
1785591480000,1050.8943,3.42
1785591540000,1050.8943,3.42
1785591600000,1050.8943,3.42
1785591660000,1050.8943,3.42
1785591720000,1050.8943,3.42
1785591780000,1050.8943,3.42
1785591840000,1050.8943,3.42
1785591900000,1050.8943,3.42
1785591960000,1050.8943,3.42
1785592020000,1050.8943,3.42
1785592080000,1050.8943,3.42
1785592140000,1050.8943,3.42
1785592200000,1050.8943,3.42
1785592260000,1050.8943,3.42
1785592320000,1050.8943,3.42
1785592380000,1050.8943,3.42
1785592440000,1050.8943,3.42
1785592500000,1050.8943,3.42
1785592560000,1050.8943,3.42
1785592620000,1050.8943,3.42
1785592680000,1050.8943,3.42
1785592740000,1050.8943,3.42
1785592800000,1050.8943,3.42
1785592860000,1050.8943,3.42
1785592920000,1050.8943,3.42
1785592980000,1050.8943,3.42
1785593040000,1050.8943,3.42
1785593100000,1050.8943,3.42
1785593160000,1050.8943,3.42
1785593220000,1050.8943,3.42
1785593280000,1050.8943,3.42
1785593340000,1050.8943,3.42
1785593400000,1050.8943,3.42
1785593460000,1050.8943,3.42
1785593520000,1050.8943,3.42
1785593580000,1050.8943,3.42
1785593640000,1050.8943,3.42
1785593700000,1050.8943,3.42
1785593760000,1050.8943,3.42
1785593820000,1050.8943,3.42
1785593880000,1050.8943,3.42
1785593940000,1050.8943,3.42
1785594000000,1050.8943,3.42
1785594060000,1050.8943,3.42
1785594120000,1050.8943,3.42
1785594180000,1050.8943,3.42
1785594240000,1050.8943,3.42
1785594300000,1050.8943,3.42
1785594360000,1050.8943,3.42
1785594420000,1050.8943,3.42
1785594480000,1050.8943,3.42
1785594540000,1050.8943,3.42
1785594600000,1050.8943,3.42
1785594660000,1050.8943,3.42
1785594720000,1050.8943,3.42
1785594780000,1050.8943,3.42
1785594840000,1050.8943,3.42
1785594900000,1050.8943,3.42
1785594960000,1050.8943,3.42
1785595020000,1050.8943,3.42
1785595080000,1050.8943,3.42
1785595140000,1050.8943,3.42
1785595200000,1050.8943,3.42
1785595260000,1050.8943,3.42
1785595320000,1050.8943,3.42
1785595380000,1050.8943,3.42
1785595440000,1050.8943,3.42
1785595500000,1050.8943,3.42
1785595560000,1050.8943,3.42
1785595620000,1050.8943,3.42
1785595680000,1050.8943,3.42
1785595740000,1050.8943,3.42
1785595800000,1050.8943,3.42
1785595860000,1050.8943,3.42
1785595920000,1050.8943,3.42
1785595980000,1050.8943,3.42
1785596040000,1050.8943,3.42
1785596100000,1050.8943,3.42
1785596160000,1050.8943,3.42
1785596220000,1050.8943,3.42
1785596280000,1050.8943,3.42
1785596340000,1050.8943,3.42
1785596400000,1050.8943,3.42
1785596460000,1050.8943,3.42
1785596520000,1050.8943,3.42
1785596580000,1050.8943,3.42
1785596640000,1050.8943,3.42
1785596700000,1050.8943,3.42
1785596760000,1050.8943,3.42
1785596820000,1050.8943,3.42
1785596880000,1050.8943,3.42
1785596940000,1050.8943,3.42
1785597000000,1050.8943,3.42
1785597060000,1050.8943,3.42
1785597120000,1050.8943,3.42
1785597180000,1050.8943,3.42
1785597240000,1050.8943,3.42
1785597300000,1050.8943,3.42
1785597360000,1050.8943,3.42
1785597420000,1050.8943,3.42
1785597480000,1050.8943,3.42
1785597540000,1050.8943,3.42
1785597600000,1050.8943,3.42
1785597660000,1050.8943,3.42
1785597720000,1050.8943,3.42
1785597780000,1050.8943,3.42
1785597840000,1050.8943,3.42
1785597900000,1050.8943,3.42
1785597960000,1050.8943,3.42
1785598020000,1050.8943,3.42
1785598080000,1050.8943,3.42
1785598140000,1050.8943,3.42
1785598200000,1050.8943,3.42
1785598260000,1050.8943,3.42
1785598320000,1050.8943,3.42
1785598380000,1050.8943,3.42
1785598440000,1050.8943,3.42
1785598500000,1050.8943,3.42
1785598560000,1050.8943,3.42
1785598620000,1050.8943,3.42
1785598680000,1050.8943,3.42
1785598740000,1050.8943,3.42
1785598800000,1050.8943,3.42
1785598860000,1050.8943,3.42
1785598920000,1050.8943,3.42
1785598980000,1050.8943,3.42
1785599040000,1050.8943,3.42
1785599100000,1050.8943,3.42
1785599160000,1050.8943,3.42
1785599220000,1050.8943,3.42
1785599280000,1050.8943,3.42
1785599340000,1050.8943,3.42
1785599400000,1050.8943,3.42
1785599460000,1050.8943,3.42
1785599520000,1050.8943,3.42
1785599580000,1050.8943,3.42
1785599640000,1050.8943,3.42
1785599700000,1050.8943,3.42
1785599760000,1050.8943,3.42
1785599820000,1050.8943,3.42
1785599880000,1050.8943,3.42
1785599940000,1050.8943,3.42
1785600000000,1050.8943,3.42
1785600060000,1050.8943,3.42
1785600120000,1050.8943,3.42
1785600180000,1050.8943,3.42
1785600240000,1050.8943,3.42
1785600300000,1050.8943,3.42
1785600360000,1050.8943,3.42
1785600420000,1050.8943,3.42
1785600480000,1050.8943,3.42
1785600540000,1050.8943,3.42
1785600600000,1050.8943,3.42
1785600660000,1050.8943,3.42
1785600720000,1050.8943,3.42
1785600780000,1050.8943,3.42
1785600840000,1050.8943,3.42
1785600900000,1050.8943,3.42
1785600960000,1050.8943,3.42
1785601020000,1050.8943,3.42
1785601080000,1050.8943,3.42
1785601140000,1050.8943,3.42
1785601200000,1050.8943,3.42
1785601260000,1050.8943,3.42
1785601320000,1050.8943,3.42
1785601380000,1050.8943,3.42
1785601440000,1050.8943,3.42
1785601500000,1050.8943,3.42
1785601560000,1050.8943,3.42
1785601620000,1050.8943,3.42
1785601680000,1050.8943,3.42
1785601740000,1050.8943,3.42
1785601800000,1050.8943,3.42
1785601860000,1050.8943,3.42
1785601920000,1050.8943,3.42
1785601980000,1050.8943,3.42
1785602040000,1050.8943,3.42
1785602100000,1050.8943,3.42
1785602160000,1050.8943,3.42
1785602220000,1050.8943,3.42
1785602280000,1050.8943,3.42
1785602340000,1050.8943,3.42
1785602400000,1050.8943,3.42
1785602460000,1050.8943,3.42
1785602520000,1050.8943,3.42
1785602580000,1050.8943,3.42
1785602640000,1050.8943,3.42
1785602700000,1050.8943,3.42
1785602760000,1050.8943,3.42
1785602820000,1050.8943,3.42
1785602880000,1050.8943,3.42
1785602940000,1050.8943,3.42
1785603000000,1050.8943,3.42
1785603060000,1050.8943,3.42
1785603120000,1050.8943,3.42
1785603180000,1050.8943,3.42
1785603240000,1050.8943,3.42
1785603300000,1050.8943,3.42
1785603360000,1050.8943,3.42
1785603420000,1050.8943,3.42
1785603480000,1050.8943,3.42
1785603540000,1050.8943,3.42
1785603600000,1050.8943,3.42
1785603660000,1050.8943,3.42
1785603720000,1050.8943,3.42
1785603780000,1050.8943,3.42
1785603840000,1050.8943,3.42
1785603900000,1050.8943,3.42
1785603960000,1050.8943,3.42
1785604020000,1050.8943,3.42
1785604080000,1050.8943,3.42
1785604140000,1050.8943,3.42
1785604200000,1050.8943,3.42
1785604260000,1050.8943,3.42
1785604320000,1050.8943,3.42
1785604380000,1050.8943,3.42
1785604440000,1050.8943,3.42
1785604500000,1050.8943,3.42
1785604560000,1050.8943,3.42
1785604620000,1050.8943,3.42
1785604680000,1050.8943,3.42
1785604740000,1050.8943,3.42
1785604800000,1050.8943,3.42
1785604860000,1050.8943,3.42
1785604920000,1050.8943,3.42
1785604980000,1050.8943,3.42
1785605040000,1050.8943,3.42
1785605100000,1050.8943,3.42
1785605160000,1050.8943,3.42
1785605220000,1050.8943,3.42
1785605280000,1050.8943,3.42
1785605340000,1050.8943,3.42
1785605400000,1050.8943,3.42
1785605460000,1050.8943,3.42
1785605520000,1050.8943,3.42
1785605580000,1050.8943,3.42
1785605640000,1050.8943,3.42
1785605700000,1050.8943,3.42
1785605760000,1050.8943,3.42
1785605820000,1050.8943,3.42
1785605880000,1050.8943,3.42
1785605940000,1050.8943,3.42
1785606000000,1050.8943,3.42
1785606060000,1050.8943,3.42
1785606120000,1050.8943,3.42
1785606180000,1050.8943,3.42
1785606240000,1050.8943,3.42
1785606300000,1050.8943,3.42
1785606360000,1050.8943,3.42
1785606420000,1050.8943,3.42
1785606480000,1050.8943,3.42
1785606540000,1050.8943,3.42
1785606600000,1050.8943,3.42
1785606660000,1050.8943,3.42
1785606720000,1050.8943,3.42
1785606780000,1050.8943,3.42
1785606840000,1050.8943,3.42
1785606900000,1050.8943,3.42
1785606960000,1050.8943,3.42
1785607020000,1050.8943,3.42
1785607080000,1050.8943,3.42
1785607140000,1050.8943,3.42
1785607200000,1050.8943,3.42
1785607260000,1050.8943,3.42
1785607320000,1050.8943,3.42
1785607380000,1050.8943,3.42
1785607440000,1050.8943,3.42
1785607500000,1050.8943,3.42
1785607560000,1050.8943,3.42
1785607620000,1050.8943,3.42
1785607680000,1050.8943,3.42
1785607740000,1050.8943,3.42
1785607800000,1050.8943,3.42
1785607860000,1050.8943,3.42
1785607920000,1050.8943,3.42
1785607980000,1050.8943,3.42
1785608040000,1050.8943,3.42
1785608100000,1050.8943,3.42
1785608160000,1050.8943,3.42
1785608220000,1050.8943,3.42
1785608280000,1050.8943,3.42
1785608340000,1050.8943,3.42
1785608400000,1050.8943,3.42
1785608460000,1050.8943,3.42
1785608520000,1050.8943,3.42
1785608580000,1050.8943,3.42
1785608640000,1050.8943,3.42
1785608700000,1050.8943,3.42
1785608760000,1050.8943,3.42
1785608820000,1050.8943,3.42
1785608880000,1050.8943,3.42
1785608940000,1050.8943,3.42
1785609000000,1050.8943,3.42
1785609060000,1072.7973,1.41
1785745260000,1072.7973,1.41
1785745320000,1072.7973,1.41
1785745380000,1072.7973,1.41
1785745440000,1072.7973,1.41
1785745500000,1072.7973,1.41
1785745560000,1072.7973,1.41
1785745620000,1072.7973,1.41
1785745680000,1072.7973,1.41
1785745740000,1072.7973,1.41
1785745800000,1083.8822,0.39
1785765180000,1083.8822,0.39
1785765240000,1083.8822,0.39
1785765300000,1083.8822,0.39
1785765360000,1083.8822,0.39
1785765420000,1083.8822,0.39
1785765480000,1083.8822,0.39
1785765540000,1083.8822,0.39
1785765600000,1083.8822,0.39
1785765660000,1083.8822,0.39
1785765720000,1083.8822,0.39
1785765780000,1083.8822,0.39
1785765840000,1083.8822,0.39
1785765900000,1083.8822,0.39
1785765960000,1083.8822,0.39
1785766020000,1083.8822,0.39
1785766080000,1083.8822,0.39
1785766140000,1083.8822,0.39
1785766200000,1083.8822,0.39
1785766260000,1083.8822,0.39
1785766320000,1083.8822,0.39
1785766380000,1083.8822,0.39
1785766440000,1083.8822,0.39
1785766500000,1083.8822,0.39
1785766560000,1083.8822,0.39
1785766620000,1083.8822,0.39
1785766680000,1083.8822,0.39
1785766740000,1083.8822,0.39
1785766800000,1083.8822,0.39
1785766860000,1083.8822,0.39
1785766920000,1083.8822,0.39
1785766980000,1083.8822,0.39
1785767040000,1083.8822,0.39
1785767100000,1083.8822,0.39
1785767160000,1083.8822,0.39
1785767220000,1083.8822,0.39
1785767280000,1083.8822,0.39
1785767340000,1083.8822,0.39
1785767400000,1083.8822,0.39
1785767460000,1083.8822,0.39
1785767520000,1083.8822,0.39
1785767580000,1083.8822,0.39
1785767640000,1083.8822,0.39
1785767700000,1083.8822,0.39
1785767760000,1083.8822,0.39
1785767820000,1083.8822,0.39
1785767880000,1083.8822,0.39
1785767940000,1083.8822,0.39
1785768000000,1083.8822,0.39
1785768060000,1083.8822,0.39
1785768120000,1083.8822,0.39
1785768180000,1083.8822,0.39
1785768240000,1083.8822,0.39
1785768300000,1083.8822,0.39
1785768360000,1083.8822,0.39
1785768420000,1083.8822,0.39
1785768480000,1083.8822,0.39
1785768540000,1083.8822,0.39
1785768600000,1083.8822,0.39
1785768660000,1083.8822,0.39
1785768720000,1083.8822,0.39
1785768780000,1083.8822,0.39
1785768840000,1083.8822,0.39
1785768900000,1083.8822,0.39
1785768960000,1083.8822,0.39
1785769020000,1083.8822,0.39
1785769080000,1083.8822,0.39
1785769140000,1083.8822,0.39
1785769200000,1083.8822,0.39
1785769260000,1083.8822,0.39
1785769320000,1083.8822,0.39
1785769380000,1083.8822,0.39
1785769440000,1083.8822,0.39
1785769500000,1083.8822,0.39
1785769560000,1083.8822,0.39
1785769620000,1083.8822,0.39
1785769680000,1083.8822,0.39
1785769740000,1083.8822,0.39
1785769800000,1083.8822,0.39
1785769860000,1083.8822,0.39
1785769920000,1083.8822,0.39
1785769980000,1083.8822,0.39
1785770040000,1083.8822,0.39
1785770100000,1083.8822,0.39
1785770160000,1083.8822,0.39
1785770220000,1083.8822,0.39
1785770280000,1083.8822,0.39
1785770340000,1083.8822,0.39
1785770400000,1083.8822,0.39
1785770460000,1083.8822,0.39
1785770520000,1083.8822,0.39
1785770580000,1083.8822,0.39
1785770640000,1083.8822,0.39
1785770700000,1083.8822,0.39
1785770760000,1083.8822,0.39
1785770820000,1083.8822,0.39
1785770880000,1083.8822,0.39
1785770940000,1083.8822,0.39
1785771000000,1083.8822,0.39
1785771060000,1083.8822,0.39
1785771120000,1083.8822,0.39
1785771180000,1083.8822,0.39
1785771240000,1083.8822,0.39
1785771300000,1083.8822,0.39
1785771360000,1083.8822,0.39
1785771420000,1083.8822,0.39
1785771480000,1083.8822,0.39
1785771540000,1083.8822,0.39
1785771600000,1083.8822,0.39
1785771660000,1083.8822,0.39
1785771720000,1083.8822,0.39
1785771780000,1083.8822,0.39
1785771840000,1083.8822,0.39
1785771900000,1083.8822,0.39
1785771960000,1083.8822,0.39
1785772020000,1083.8822,0.39
1785772080000,1083.8822,0.39
1785772140000,1083.8822,0.39
1785772200000,1083.8822,0.39
1785772260000,1083.8822,0.39
1785772320000,1083.8822,0.39
1785772380000,1083.8822,0.39
1785772440000,1083.8822,0.39
1785772500000,1083.8822,0.39
1785772560000,1083.8822,0.39
1785772620000,1083.8822,0.39
1785772680000,1083.8822,0.39
1785772740000,1083.8822,0.39
1785772800000,1083.8822,0.39
1785772860000,1083.8822,0.39
1785772920000,1083.8822,0.39
1785772980000,1083.8822,0.39
1785773040000,1083.8822,0.39
1785773100000,1083.8822,0.39
1785773160000,1083.8822,0.39
1785773220000,1083.8822,0.39
1785773280000,1083.8822,0.39
1785773340000,1083.8822,0.39
1785773400000,1083.8822,0.39
1785773460000,1083.8822,0.39
1785773520000,1083.8822,0.39
1785773580000,1083.8822,0.39
1785773640000,1083.8822,0.39
1785773700000,1083.8822,0.39
1785773760000,1083.8822,0.39
1785773820000,1083.8822,0.39
1785773880000,1083.8822,0.39
1785773940000,1083.8822,0.39
1785774000000,1083.8822,0.39
1785774060000,1083.8822,0.39
1785774120000,1083.8822,0.39
1785774180000,1083.8822,0.39
1785774240000,1083.8822,0.39
1785774300000,1083.8822,0.39
1785774360000,1083.8822,0.39
1785774420000,1083.8822,0.39
1785774480000,1083.8822,0.39
1785774540000,1083.8822,0.39
1785774600000,1083.8822,0.39
1785774660000,1083.8822,0.39
1785774720000,1083.8822,0.39
1785774780000,1083.8822,0.39
1785774840000,1083.8822,0.39
1785774900000,1083.8822,0.39
1785774960000,1083.8822,0.39
1785775020000,1083.8822,0.39
1785775080000,1083.8822,0.39
1785775140000,1083.8822,0.39
1785775200000,1083.8822,0.39
1785775260000,1083.8822,0.39
1785775320000,1083.8822,0.39
1785775380000,1083.8822,0.39
1785775440000,1083.8822,0.39
1785775500000,1083.8822,0.39
1785775560000,1083.8822,0.39
1785775620000,1083.8822,0.39
1785775680000,1083.8822,0.39
1785775740000,1083.8822,0.39
1785775800000,1083.8822,0.39
1785775860000,1083.8822,0.39
1785775920000,1083.8822,0.39
1785775980000,1083.8822,0.39
1785776040000,1083.8822,0.39
1785776100000,1083.8822,0.39
1785776160000,1083.8822,0.39
1785776220000,1083.8822,0.39
1785776280000,1083.8822,0.39
1785776340000,1083.8822,0.39
1785776400000,1083.8822,0.39
1785776460000,1083.8822,0.39
1785776520000,1083.8822,0.39
1785776580000,1083.8822,0.39
1785776640000,1083.8822,0.39
1785776700000,1083.8822,0.39
1785776760000,1083.8822,0.39
1785776820000,1083.8822,0.39
1785776880000,1083.8822,0.39
1785776940000,1083.8822,0.39
1785777000000,1083.8822,0.39
1785777060000,1083.8822,0.39
1785777120000,1083.8822,0.39
1785777180000,1083.8822,0.39
1785777240000,1083.8822,0.39
1785777300000,1083.8822,0.39
1785777360000,1083.8822,0.39
1785777420000,1083.8822,0.39
1785777480000,1083.8822,0.39
1785777540000,1083.8822,0.39
1785777600000,1083.8822,0.39
1785777660000,1083.8822,0.39
1785777720000,1083.8822,0.39
1785777780000,1083.8822,0.39
1785777840000,1083.8822,0.39
1785777900000,1083.8822,0.39
1785777960000,1083.8822,0.39
1785778020000,1083.8822,0.39
1785778080000,1083.8822,0.39
1785778140000,1083.8822,0.39
1785778200000,1083.8822,0.39
1785778260000,1083.8822,0.39
1785778320000,1083.8822,0.39
1785778380000,1083.8822,0.39
1785778440000,1083.8822,0.39
1785778500000,1083.8822,0.39
1785778560000,1083.8822,0.39
1785778620000,1083.8822,0.39
1785778680000,1083.8822,0.39
1785778740000,1083.8822,0.39
1785778800000,1083.8822,0.39
1785778860000,1083.8822,0.39
1785778920000,1083.8822,0.39
1785778980000,1083.8822,0.39
1785779040000,1083.8822,0.39
1785779100000,1083.8822,0.39
1785779160000,1083.8822,0.39
1785779220000,1083.8822,0.39
1785779280000,1083.8822,0.39
1785779340000,1083.8822,0.39
1785779400000,1083.8822,0.39
1785779460000,1083.8822,0.39
1785779520000,1083.8822,0.39
1785779580000,1083.8822,0.39
1785779640000,1083.8822,0.39
1785779700000,1083.8822,0.39
1785779760000,1083.8822,0.39
1785779820000,1083.8822,0.39
1785779880000,1083.8822,0.39
1785779940000,1083.8822,0.39
1785780000000,1083.8822,0.39
1785780060000,1083.8822,0.39
1785780120000,1083.8822,0.39
1785780180000,1083.8822,0.39
1785780240000,1083.8822,0.39
1785780300000,1083.8822,0.39
1785780360000,1083.8822,0.39
1785780420000,1083.8822,0.39
1785780480000,1083.8822,0.39
1785780540000,1083.8822,0.39
1785780600000,1083.8822,0.39
1785780660000,1083.8822,0.39
1785780720000,1083.8822,0.39
1785780780000,1083.8822,0.39
1785780840000,1083.8822,0.39
1785780900000,1083.8822,0.39
1785780960000,1083.8822,0.39
1785781020000,1083.8822,0.39
1785781080000,1083.8822,0.39
1785781140000,1083.8822,0.39
1785781200000,1083.8822,0.39
1785781260000,1083.8822,0.39
1785781320000,1083.8822,0.39
1785781380000,1083.8822,0.39
1785781440000,1083.8822,0.39
1785781500000,1083.8822,0.39
1785781560000,1083.8822,0.39
1785781620000,1083.8822,0.39
1785781680000,1083.8822,0.39
1785781740000,1083.8822,0.39
1785781800000,1083.8822,0.39
1785781860000,1083.8822,0.39
1785781920000,1083.8822,0.39
1785781980000,1083.8822,0.39
1785782040000,1083.8822,0.39
1785782100000,1083.8822,0.39
1785782160000,1083.8822,0.39
1785782220000,1083.8822,0.39
1785782280000,1083.8822,0.39
1785782340000,1083.8822,0.39
1785782400000,1083.8822,0.39
1785782460000,1083.8822,0.39
1785782520000,1083.8822,0.39
1785782580000,1083.8822,0.39
1785782640000,1083.8822,0.39
1785782700000,1083.8822,0.39
1785782760000,1083.8822,0.39
1785782820000,1083.8822,0.39
1785782880000,1083.8822,0.39
1785782940000,1083.8822,0.39
1785783000000,1083.8822,0.39
1785783060000,1083.8822,0.39
1785783120000,1083.8822,0.39
1785783180000,1083.8822,0.39
1785783240000,1083.8822,0.39
1785783300000,1083.8822,0.39
1785783360000,1083.8822,0.39
1785783420000,1083.8822,0.39
1785783480000,1083.8822,0.39
1785783540000,1083.8822,0.39
1785783600000,1083.8822,0.39
1785783660000,1083.8822,0.39
1785783720000,1083.8822,0.39
1785783780000,1083.8822,0.39
1785783840000,1083.8822,0.39
1785783900000,1083.8822,0.39
1785783960000,1083.8822,0.39
1785784020000,1083.8822,0.39
1785784080000,1083.8822,0.39
1785784140000,1083.8822,0.39
1785784200000,1083.8822,0.39
1785784260000,1083.8822,0.39
1785784320000,1083.8822,0.39
1785784380000,1083.8822,0.39
1785784440000,1083.8822,0.39
1785784500000,1083.8822,0.39
1785784560000,1083.8822,0.39
1785784620000,1083.8822,0.39
1785784680000,1083.8822,0.39
1785784740000,1083.8822,0.39
1785784800000,1083.8822,0.39
1785784860000,1083.8822,0.39
1785784920000,1083.8822,0.39
1785784980000,1083.8822,0.39
1785785040000,1083.8822,0.39
1785785100000,1083.8822,0.39
1785785160000,1083.8822,0.39
1785785220000,1083.8822,0.39
1785785280000,1083.8822,0.39
1785785340000,1083.8822,0.39
1785785400000,1083.8822,0.39
1785785460000,1083.8822,0.39
1785785520000,1083.8822,0.39
1785785580000,1083.8822,0.39
1785785640000,1083.8822,0.39
1785785700000,1083.8822,0.39
1785785760000,1083.8822,0.39
1785785820000,1083.8822,0.39
1785785880000,1083.8822,0.39
1785785940000,1083.8822,0.39
1785786000000,1083.8822,0.39
1785786060000,1083.8822,0.39
1785786120000,1083.8822,0.39
1785786180000,1083.8822,0.39
1785786240000,1083.8822,0.39
1785786300000,1083.8822,0.39
1785786360000,1083.8822,0.39
1785786420000,1083.8822,0.39
1785786480000,1083.8822,0.39
1785786540000,1083.8822,0.39
1785786600000,1083.8822,0.39
1785786660000,1083.8822,0.39
1785786720000,1083.8822,0.39
1785786780000,1083.8822,0.39
1785786840000,1083.8822,0.39
1785786900000,1083.8822,0.39
1785786960000,1083.8822,0.39
1785787020000,1083.8822,0.39
1785787080000,1083.8822,0.39
1785787140000,1083.8822,0.39
1785787200000,1083.8822,0.39
1785787260000,1083.8822,0.39
1785787320000,1083.8822,0.39
1785787380000,1083.8822,0.39
1785787440000,1083.8822,0.39
1785787500000,1083.8822,0.39
1785787560000,1083.8822,0.39
1785787620000,1083.8822,0.39
1785787680000,1083.8822,0.39
1785787740000,1083.8822,0.39
1785787800000,1083.8822,0.39
1785787860000,1083.8822,0.39
1785787920000,1083.8822,0.39
1785787980000,1083.8822,0.39
1785788040000,1083.8822,0.39
1785788100000,1083.8822,0.39
1785788160000,1083.8822,0.39
1785788220000,1083.8822,0.39
1785788280000,1083.8822,0.39
1785788340000,1083.8822,0.39
1785788400000,1083.8822,0.39
1785788460000,1083.8822,0.39
1785788520000,1083.8822,0.39
1785788580000,1083.8822,0.39
1785788640000,1083.8822,0.39
1785788700000,1083.8822,0.39
1785788760000,1083.8822,0.39
1785788820000,1083.8822,0.39
1785788880000,1083.8822,0.39
1785788940000,1083.8822,0.39
1785789000000,1083.8822,0.39
1785789060000,1083.8822,0.39
1785789120000,1083.8822,0.39
1785789180000,1083.8822,0.39
1785789240000,1083.8822,0.39
1785789300000,1083.8822,0.39
1785789360000,1083.8822,0.39
1785789420000,1083.8822,0.39
1785789480000,1083.8822,0.39
1785789540000,1083.8822,0.39
1785789600000,1083.8822,0.39
1785789660000,1083.8822,0.39
1785789720000,1083.8822,0.39
1785789780000,1083.8822,0.39
1785789840000,1083.8822,0.39
1785789900000,1083.8822,0.39
1785789960000,1083.8822,0.39
1785790020000,1083.8822,0.39
1785790080000,1083.8822,0.39
1785790140000,1083.8822,0.39
1785790200000,1083.8822,0.39
1785790260000,1083.8822,0.39
1785790320000,1083.8822,0.39
1785790380000,1083.8822,0.39
1785790440000,1083.8822,0.39
1785790500000,1083.8822,0.39
1785790560000,1083.8822,0.39
1785790620000,1083.8822,0.39
1785790680000,1083.8822,0.39
1785790740000,1083.8822,0.39
1785790800000,1083.8822,0.39
1785790860000,1083.8822,0.39
1785790920000,1083.8822,0.39
1785790980000,1083.8822,0.39
1785791040000,1083.8822,0.39
1785791100000,1083.8822,0.39
1785791160000,1083.8822,0.39
1785791220000,1083.8822,0.39
1785791280000,1083.8822,0.39
1785791340000,1083.8822,0.39
1785791400000,1083.8822,0.39
1785791460000,1083.8822,0.39
1785791520000,1083.8822,0.39
1785791580000,1083.8822,0.39
1785791640000,1083.8822,0.39
1785791700000,1083.8822,0.39
1785791760000,1083.8822,0.39
1785791820000,1083.8822,0.39
1785791880000,1083.8822,0.39
1785791940000,1083.8822,0.39
1785792000000,1083.8822,0.39
1785792060000,1083.8822,0.39
1785792120000,1083.8822,0.39
1785792180000,1083.8822,0.39
1785792240000,1083.8822,0.39
1785792300000,1083.8822,0.39
1785792360000,1083.8822,0.39
1785792420000,1083.8822,0.39
1785792480000,1083.8822,0.39
1785792540000,1083.8822,0.39
1785792600000,1083.8822,0.39
1785792660000,1083.8822,0.39
1785792720000,1083.8822,0.39
1785792780000,1083.8822,0.39
1785792840000,1083.8822,0.39
1785792900000,1083.8822,0.39
1785792960000,1083.8822,0.39
1785793020000,1083.8822,0.39
1785793080000,1083.8822,0.39
1785793140000,1083.8822,0.39
1785793200000,1083.8822,0.39
1785793260000,1083.8822,0.39
1785793320000,1083.8822,0.39
1785793380000,1083.8822,0.39
1785793440000,1083.8822,0.39
1785793500000,1083.8822,0.39
1785793560000,1083.8822,0.39
1785793620000,1083.8822,0.39
1785793680000,1083.8822,0.39
1785793740000,1083.8822,0.39
1785793800000,1083.8822,0.39
1785793860000,1083.8822,0.39
1785793920000,1083.8822,0.39
1785793980000,1083.8822,0.39
1785794040000,1083.8822,0.39
1785794100000,1083.8822,0.39
1785794160000,1083.8822,0.39
1785794220000,1083.8822,0.39
1785794280000,1083.8822,0.39
1785794340000,1083.8822,0.39
1785794400000,1083.8822,0.39
1785794460000,1083.8822,0.39
1785794520000,1083.8822,0.39
1785794580000,1083.8822,0.39
1785794640000,1083.8822,0.39
1785794700000,1083.8822,0.39
1785794760000,1083.8822,0.39
1785794820000,1083.8822,0.39
1785794880000,1083.8822,0.39
1785794940000,1083.8822,0.39
1785795000000,1083.8822,0.39
1785795060000,1083.8822,0.39
1785795120000,1083.8822,0.39
1785795180000,1083.8822,0.39
1785795240000,1083.8822,0.39
1785795300000,1083.8822,0.39
1785795360000,1083.8822,0.39
1785795420000,1083.8822,0.39
1785795480000,1083.8822,0.39
1785795540000,1083.8822,0.39
1785795600000,1083.8822,0.39
1785795660000,1083.8822,0.39
1785795720000,1083.8822,0.39
1785795780000,1083.8822,0.39
1785795840000,1083.8822,0.39
1785795900000,1083.8822,0.39
1785795960000,1083.8822,0.39
1785796020000,1083.8822,0.39
1785796080000,1083.8822,0.39
1785796140000,1083.8822,0.39
1785796200000,1083.8822,0.39
1785796260000,1083.8822,0.39
1785796320000,1083.8822,0.39
1785796380000,1083.8822,0.39
1785796440000,1083.8822,0.39
1785796500000,1083.8822,0.39
1785796560000,1083.8822,0.39
1785796620000,1083.8822,0.39
1785796680000,1083.8822,0.39
1785796740000,1083.8822,0.39
1785796800000,1083.8822,0.39
1785796860000,1083.8822,0.39
1785796920000,1083.8822,0.39
1785796980000,1083.8822,0.39
1785797040000,1083.8822,0.39
1785797100000,1083.8822,0.39
1785797160000,1083.8822,0.39
1785797220000,1083.8822,0.39
1785797280000,1083.8822,0.39
1785797340000,1083.8822,0.39
1785797400000,1083.8822,0.39
1785797460000,1083.8822,0.39
1785797520000,1083.8822,0.39
1785797580000,1083.8822,0.39
1785797640000,1083.8822,0.39
1785797700000,1083.8822,0.39
1785797760000,1083.8822,0.39
1785797820000,1083.8822,0.39
1785797880000,1083.8822,0.39
1785797940000,1083.8822,0.39
1785798000000,1083.8822,0.39
1785798060000,1083.8822,0.39
1785798120000,1083.8822,0.39
1785798180000,1083.8822,0.39
1785798240000,1083.8822,0.39
1785798300000,1083.8822,0.39
1785798360000,1083.8822,0.39
1785798420000,1083.8822,0.39
1785798480000,1083.8822,0.39
1785798540000,1083.8822,0.39
1785798600000,1083.8822,0.39
1785798660000,1083.8822,0.39
1785798720000,1083.8822,0.39
1785798780000,1083.8822,0.39
1785798840000,1083.8822,0.39
1785798900000,1083.8822,0.39
1785798960000,1083.8822,0.39
1785799020000,1083.8822,0.39
1785799080000,1083.8822,0.39
1785799140000,1083.8822,0.39
1785799200000,1083.8822,0.39
1785799260000,1083.8822,0.39
1785799320000,1083.8822,0.39
1785799380000,1083.8822,0.39
1785799440000,1083.8822,0.39
1785799500000,1083.8822,0.39
1785799560000,1083.8822,0.39
1785799620000,1083.8822,0.39
1785799680000,1083.8822,0.39
1785799740000,1083.8822,0.39
1785799800000,1083.8822,0.39
1785799860000,1083.8822,0.39
1785799920000,1083.8822,0.39
1785799980000,1083.8822,0.39
1785800040000,1083.8822,0.39
1785800100000,1083.8822,0.39
1785800160000,1083.8822,0.39
1785800220000,1083.8822,0.39
1785800280000,1083.8822,0.39
1785800340000,1083.8822,0.39
1785800400000,1083.8822,0.39
1785800460000,1083.8822,0.39
1785800520000,1083.8822,0.39
1785800580000,1083.8822,0.39
1785800640000,1083.8822,0.39
1785800700000,1083.8822,0.39
1785800760000,1083.8822,0.39
1785800820000,1083.8822,0.39
1785800880000,1083.8822,0.39
1785800940000,1083.8822,0.39
1785801000000,1083.8822,0.39
1785801060000,1083.8822,0.39
1785801120000,1083.8822,0.39
1785801180000,1083.8822,0.39
1785801240000,1083.8822,0.39
1785801300000,1083.8822,0.39
1785801360000,1083.8822,0.39
1785801420000,1083.8822,0.39
1785801480000,1083.8822,0.39
1785801540000,1083.8822,0.39
1785801600000,1083.8822,0.39
1785801660000,1083.8822,0.39
1785801720000,1083.8822,0.39
1785801780000,1083.8822,0.39
1785801840000,1083.8822,0.39
1785801900000,1083.8822,0.39
1785801960000,1083.8822,0.39
1785802020000,1083.8822,0.39
1785802080000,1083.8822,0.39
1785802140000,1083.8822,0.39
1785802200000,1083.8822,0.39
1785802260000,1083.8822,0.39
1785802320000,1083.8822,0.39
1785802380000,1083.8822,0.39
1785802440000,1083.8822,0.39
1785802500000,1083.8822,0.39
1785802560000,1083.8822,0.39
1785802620000,1083.8822,0.39
1785802680000,1083.8822,0.39
1785802740000,1083.8822,0.39
1785802800000,1083.8822,0.39
1785802860000,1083.8822,0.39
1785802920000,1083.8822,0.39
1785802980000,1083.8822,0.39
1785803040000,1083.8822,0.39
1785803100000,1083.8822,0.39
1785803160000,1083.8822,0.39
1785803220000,1083.8822,0.39
1785803280000,1083.8822,0.39
1785803340000,1083.8822,0.39
1785803400000,1083.8822,0.39
1785803460000,1083.8822,0.39
1785803520000,1083.8822,0.39
1785803580000,1083.8822,0.39
1785803640000,1083.8822,0.39
1785803700000,1083.8822,0.39
1785803760000,1083.8822,0.39
1785803820000,1083.8822,0.39
1785803880000,1083.8822,0.39
1785803940000,1083.8822,0.39
1785804000000,1083.8822,0.39
1785804060000,1083.8822,0.39
1785804120000,1083.8822,0.39
1785804180000,1083.8822,0.39
1785804240000,1083.8822,0.39
1785804300000,1083.8822,0.39
1785804360000,1083.8822,0.39
1785804420000,1083.8822,0.39
1785804480000,1083.8822,0.39
1785804540000,1083.8822,0.39
1785804600000,1083.8822,0.39
1785804660000,1083.8822,0.39
1785804720000,1083.8822,0.39
1785804780000,1083.8822,0.39
1785804840000,1083.8822,0.39
1785804900000,1083.8822,0.39
1785804960000,1083.8822,0.39
1785805020000,1083.8822,0.39
1785805080000,1083.8822,0.39
1785805140000,1083.8822,0.39
1785805200000,1083.8822,0.39
1785805260000,1083.8822,0.39
1785805320000,1083.8822,0.39
1785805380000,1083.8822,0.39
1785805440000,1083.8822,0.39
1785805500000,1083.8822,0.39
1785805560000,1083.8822,0.39
1785805620000,1083.8822,0.39
1785805680000,1083.8822,0.39
1785805740000,1083.8822,0.39
1785805800000,1083.8822,0.39
1785805860000,1083.8822,0.39
1785805920000,1083.8822,0.39
1785805980000,1083.8822,0.39
1785806040000,1083.8822,0.39
1785806100000,1083.8822,0.39
1785806160000,1083.8822,0.39
1785806220000,1083.8822,0.39
1785806280000,1083.8822,0.39
1785806340000,1083.8822,0.39
1785806400000,1083.8822,0.39
1785806460000,1083.8822,0.39
1785806520000,1083.8822,0.39
1785806580000,1083.8822,0.39
1785806640000,1083.8822,0.39
1785806700000,1083.8822,0.39
1785806760000,1083.8822,0.39
1785806820000,1083.8822,0.39
1785806880000,1083.8822,0.39
1785806940000,1083.8822,0.39
1785807000000,1083.8822,0.39
1785807060000,1083.8822,0.39
1785807120000,1083.8822,0.39
1785807180000,1083.8822,0.39
1785807240000,1083.8822,0.39
1785807300000,1083.8822,0.39
1785807360000,1083.8822,0.39
1785807420000,1083.8822,0.39
1785807480000,1083.8822,0.39
1785807540000,1083.8822,0.39
1785807600000,1083.8822,0.39
1785807660000,1083.8822,0.39
1785807720000,1083.8822,0.39
1785807780000,1083.8822,0.39
1785807840000,1083.8822,0.39
1785807900000,1083.8822,0.39
1785807960000,1083.8822,0.39
1785808020000,1083.8822,0.39
1785808080000,1083.8822,0.39
1785808140000,1083.8822,0.39
1785808200000,1083.8822,0.39
1785808260000,1083.8822,0.39
1785808320000,1083.8822,0.39
1785808380000,1083.8822,0.39
1785808440000,1083.8822,0.39
1785808500000,1083.8822,0.39
1785808560000,1083.8822,0.39
1785808620000,1083.8822,0.39
1785808680000,1083.8822,0.39
1785808740000,1083.8822,0.39
1785808800000,1083.8822,0.39
1785808860000,1083.8822,0.39
1785808920000,1083.8822,0.39
1785808980000,1083.8822,0.39
1785809040000,1083.8822,0.39
1785809100000,1083.8822,0.39
1785809160000,1083.8822,0.39
1785809220000,1083.8822,0.39
1785809280000,1083.8822,0.39
1785809340000,1083.8822,0.39
1785809400000,1083.8822,0.39
1785809460000,1083.8822,0.39
1785809520000,1083.8822,0.39
1785809580000,1083.8822,0.39
1785809640000,1083.8822,0.39
1785809700000,1083.8822,0.39
1785809760000,1083.8822,0.39
1785809820000,1083.8822,0.39
1785809880000,1083.8822,0.39
1785809940000,1083.8822,0.39
1785810000000,1083.8822,0.39
1785810060000,1083.8822,0.39
1785810120000,1083.8822,0.39
1785810180000,1083.8822,0.39
1785810240000,1083.8822,0.39
1785810300000,1083.8822,0.39
1785810360000,1083.8822,0.39
1785810420000,1083.8822,0.39
1785810480000,1083.8822,0.39
1785810540000,1083.8822,0.39
1785810600000,1083.8822,0.39
1785810660000,1083.8822,0.39
1785810720000,1083.8822,0.39
1785810780000,1083.8822,0.39
1785810840000,1083.8822,0.39
1785810900000,1083.8822,0.39
1785810960000,1083.8822,0.39
1785811020000,1083.8822,0.39
1785811080000,1083.8822,0.39
1785811140000,1083.8822,0.39
1785811200000,1083.8822,0.39
1785811260000,1083.8822,0.39
1785811320000,1083.8822,0.39
1785811380000,1083.8822,0.39
1785811440000,1083.8822,0.39
1785811500000,1083.8822,0.39
1785811560000,1083.8822,0.39
1785811620000,1083.8822,0.39
1785811680000,1083.8822,0.39
1785811740000,1083.8822,0.39
1785811800000,1083.8822,0.39
1785811860000,1083.8822,0.39
1785811920000,1083.8822,0.39
1785811980000,1083.8822,0.39
1785812040000,1083.8822,0.39
1785812100000,1083.8822,0.39
1785812160000,1083.8822,0.39
1785812220000,1083.8822,0.39
1785812280000,1083.8822,0.39
1785812340000,1083.8822,0.39
1785812400000,1083.8822,0.39
1785812460000,1083.8822,0.39
1785812520000,1083.8822,0.39
1785812580000,1083.8822,0.39
1785812640000,1083.8822,0.39
1785812700000,1083.8822,0.39
1785812760000,1083.8822,0.39
1785812820000,1083.8822,0.39
1785812880000,1083.8822,0.39
1785812940000,1083.8822,0.39
1785813000000,1083.8822,0.39
1785813060000,1083.8822,0.39
1785813120000,1083.8822,0.39
1785813180000,1083.8822,0.39
1785813240000,1083.8822,0.39
1785813300000,1083.8822,0.39
1785813360000,1083.8822,0.39
1785813420000,1083.8822,0.39
1785813480000,1083.8822,0.39
1785813540000,1083.8822,0.39
1785813600000,1083.8822,0.39
1785813660000,1083.8822,0.39
1785813720000,1083.8822,0.39
1785813780000,1083.8822,0.39
1785813840000,1083.8822,0.39
1785813900000,1083.8822,0.39
1785813960000,1083.8822,0.39
1785814020000,1083.8822,0.39
1785814080000,1083.8822,0.39
1785814140000,1083.8822,0.39
1785814200000,1083.8822,0.39
1785814260000,1083.8822,0.39
1785814320000,1083.8822,0.39
1785814380000,1083.8822,0.39
1785814440000,1083.8822,0.39
1785814500000,1083.8822,0.39
1785814560000,1083.8822,0.39
1785814620000,1083.8822,0.39
1785814680000,1083.8822,0.39
1785814740000,1083.8822,0.39
1785814800000,1083.8822,0.39
1785814860000,1083.8822,0.39
1785814920000,1083.8822,0.39
1785814980000,1083.8822,0.39
1785815040000,1083.8822,0.39
1785815100000,1083.8822,0.39
1785815160000,1083.8822,0.39
1785815220000,1083.8822,0.39
1785815280000,1083.8822,0.39
1785815340000,1083.8822,0.39
1785815400000,1083.8822,0.39
1785815460000,1083.8822,0.39
1785815520000,1083.8822,0.39
1785815580000,1083.8822,0.39
1785815640000,1083.8822,0.39
1785815700000,1083.8822,0.39
1785815760000,1083.8822,0.39
1785815820000,1083.8822,0.39
1785815880000,1083.8822,0.39
1785815940000,1083.8822,0.39
1785816000000,1083.8822,0.39
1785816060000,1083.8822,0.39
1785816120000,1083.8822,0.39
1785816180000,1083.8822,0.39
1785816240000,1083.8822,0.39
1785816300000,1083.8822,0.39
1785816360000,1083.8822,0.39
1785816420000,1083.8822,0.39
1785816480000,1083.8822,0.39
1785816540000,1083.8822,0.39
1785816600000,1083.8822,0.39
1785816660000,1083.8822,0.39
1785816720000,1083.8822,0.39
1785816780000,1083.8822,0.39
1785816840000,1083.8822,0.39
1785816900000,1083.8822,0.39
1785816960000,1083.8822,0.39
1785817020000,1083.8822,0.39
1785817080000,1083.8822,0.39
1785817140000,1083.8822,0.39
1785817200000,1083.8822,0.39
1785817260000,1083.8822,0.39
1785817320000,1083.8822,0.39
1785817380000,1083.8822,0.39
1785817440000,1083.8822,0.39
1785817500000,1083.8822,0.39
1785817560000,1083.8822,0.39
1785817620000,1083.8822,0.39
1785817680000,1083.8822,0.39
1785817740000,1083.8822,0.39
1785817800000,1083.8822,0.39
1785817860000,1083.8822,0.39
1785817920000,1083.8822,0.39
1785817980000,1083.8822,0.39
1785818040000,1083.8822,0.39
1785818100000,1083.8822,0.39
1785818160000,1083.8822,0.39
1785818220000,1083.8822,0.39
1785818280000,1083.8822,0.39
1785818340000,1083.8822,0.39
1785818400000,1083.8822,0.39
1785818460000,1083.8822,0.39
1785818520000,1083.8822,0.39
1785818580000,1083.8822,0.39
1785818640000,1083.8822,0.39
1785818700000,1083.8822,0.39
1785818760000,1083.8822,0.39
1785818820000,1083.8822,0.39
1785818880000,1083.8822,0.39
1785818940000,1083.8822,0.39
1785819000000,1083.8822,0.39
1785819060000,1083.8822,0.39
1785819120000,1083.8822,0.39
1785819180000,1083.8822,0.39
1785819240000,1083.8822,0.39
1785819300000,1083.8822,0.39
1785819360000,1083.8822,0.39
1785819420000,1083.8822,0.39
1785819480000,1083.8822,0.39
1785819540000,1083.8822,0.39
1785819600000,1083.8822,0.39
1785819660000,1083.8822,0.39
1785819720000,1083.8822,0.39
1785819780000,1083.8822,0.39
1785819840000,1083.8822,0.39
1785819900000,1083.8822,0.39
1785819960000,1083.8822,0.39
1785820020000,1083.8822,0.39
1785820080000,1083.8822,0.39
1785820140000,1083.8822,0.39
1785820200000,1083.8822,0.39
1785820260000,1083.8822,0.39
1785820320000,1083.8822,0.39
1785820380000,1083.8822,0.39
1785820440000,1083.8822,0.39
1785820500000,1083.8822,0.39
1785820560000,1083.8822,0.39
1785820620000,1083.8822,0.39
1785820680000,1083.8822,0.39
1785820740000,1083.8822,0.39
1785820800000,1083.8822,0.39
1785820860000,1083.8822,0.39
1785820920000,1083.8822,0.39
1785820980000,1083.8822,0.39
1785821040000,1083.8822,0.39
1785821100000,1083.8822,0.39
1785821160000,1083.8822,0.39
1785821220000,1083.8822,0.39
1785821280000,1083.8822,0.39
1785821340000,1083.8822,0.39
1785821400000,1083.8822,0.39
1785821460000,1083.8822,0.39
1785821520000,1083.8822,0.39
1785821580000,1083.8822,0.39
1785821640000,1083.8822,0.39
1785821700000,1083.8822,0.39
1785821760000,1083.8822,0.39
1785821820000,1083.8822,0.39
1785821880000,1083.8822,0.39
1785821940000,1083.8822,0.39
1785822000000,1083.8822,0.39
1785822060000,1083.8822,0.39
1785822120000,1083.8822,0.39
1785822180000,1083.8822,0.39
1785822240000,1083.8822,0.39
1785822300000,1083.8822,0.39
1785822360000,1083.8822,0.39
1785822420000,1083.8822,0.39
1785822480000,1083.8822,0.39
1785822540000,1083.8822,0.39
1785822600000,1083.8822,0.39
1785822660000,1083.8822,0.39
1785822720000,1083.8822,0.39
1785822780000,1083.8822,0.39
1785822840000,1083.8822,0.39
1785822900000,1083.8822,0.39
1785822960000,1083.8822,0.39
1785823020000,1083.8822,0.39
1785823080000,1083.8822,0.39
1785823140000,1083.8822,0.39
1785823200000,1083.8822,0.39
1785823260000,1083.8822,0.39
1785823320000,1083.8822,0.39
1785823380000,1083.8822,0.39
1785823440000,1083.8822,0.39
1785823500000,1083.8822,0.39
1785823560000,1083.8822,0.39
1785823620000,1083.8822,0.39
1785823680000,1083.8822,0.39
1785823740000,1083.8822,0.39
1785823800000,1083.8822,0.39
1785823860000,1083.8822,0.39
1785823920000,1083.8822,0.39
1785823980000,1083.8822,0.39
1785824040000,1083.8822,0.39
1785824100000,1083.8822,0.39
1785824160000,1083.8822,0.39
1785824220000,1083.8822,0.39
1785824280000,1083.8822,0.39
1785824340000,1083.8822,0.39
1785824400000,1083.8822,0.39
1785824460000,1083.8822,0.39
1785824520000,1083.8822,0.39
1785824580000,1083.8822,0.39
1785824640000,1083.8822,0.39
1785824700000,1083.8822,0.39
1785824760000,1083.8822,0.39
1785824820000,1083.8822,0.39
1785824880000,1083.8822,0.39
1785824940000,1083.8822,0.39
1785825000000,1083.8822,0.39
1785825060000,1083.8822,0.39
1785825120000,1083.8822,0.39
1785825180000,1083.8822,0.39
1785825240000,1083.8822,0.39
1785825300000,1083.8822,0.39
1785825360000,1083.8822,0.39
1785825420000,1083.8822,0.39
1785825480000,1083.8822,0.39
1785825540000,1083.8822,0.39
1785825600000,1083.8822,0.39
1785825660000,1083.8822,0.39
1785825720000,1083.8822,0.39
1785825780000,1083.8822,0.39
1785825840000,1083.8822,0.39
1785825900000,1083.8822,0.39
1785825960000,1083.8822,0.39
1785826020000,1083.8822,0.39
1785826080000,1083.8822,0.39
1785826140000,1083.8822,0.39
1785826200000,1083.8822,0.39
1785826260000,1083.8822,0.39
1785826320000,1083.8822,0.39
1785826380000,1083.8822,0.39
1785826440000,1083.8822,0.39
1785826500000,1083.8822,0.39
1785826560000,1083.8822,0.39
1785826620000,1083.8822,0.39
1785826680000,1083.8822,0.39
1785826740000,1083.8822,0.39
1785826800000,1083.8822,0.39
1785826860000,1083.8822,0.39
1785826920000,1083.8822,0.39
1785826980000,1083.8822,0.39
1785827040000,1083.8822,0.39
1785827100000,1083.8822,0.39
1785827160000,1083.8822,0.39
1785827220000,1083.8822,0.39
1785827280000,1083.8822,0.39
1785827340000,1083.8822,0.39
1785827400000,1083.8822,0.39
1785827460000,1083.8822,0.39
1785827520000,1083.8822,0.39
1785827580000,1083.8822,0.39
1785827640000,1083.8822,0.39
1785827700000,1083.8822,0.39
1785827760000,1083.8822,0.39
1785827820000,1083.8822,0.39
1785827880000,1083.8822,0.39
1785827940000,1083.8822,0.39
1785828000000,1083.8822,0.39
1785828060000,1083.8822,0.39
1785828120000,1083.8822,0.39
1785828180000,1083.8822,0.39
1785828240000,1083.8822,0.39
1785828300000,1083.8822,0.39
1785828360000,1083.8822,0.39
1785828420000,1083.8822,0.39
1785828480000,1083.8822,0.39
1785828540000,1083.8822,0.39
1785828600000,1083.8822,0.39
1785828660000,1083.8822,0.39
1785828720000,1083.8822,0.39
1785828780000,1083.8822,0.39
1785828840000,1083.8822,0.39
1785828900000,1083.8822,0.39
1785828960000,1083.8822,0.39
1785829020000,1083.8822,0.39
1785829080000,1083.8822,0.39
1785829140000,1083.8822,0.39
1785829200000,1083.8822,0.39
1785829260000,1083.8822,0.39
1785829320000,1083.8822,0.39
1785829380000,1083.8822,0.39
1785829440000,1083.8822,0.39
1785829500000,1083.8822,0.39
1785829560000,1083.8822,0.39
1785829620000,1083.8822,0.39
1785829680000,1083.8822,0.39
1785829740000,1083.8822,0.39
1785829800000,1083.8822,0.39
1785829860000,1083.8822,0.39
1785829920000,1083.8822,0.39
1785829980000,1083.8822,0.39
1785830040000,1083.8822,0.39
1785830100000,1083.8822,0.39
1785830160000,1083.8822,0.39
1785830220000,1083.8822,0.39
1785830280000,1083.8822,0.39
1785830340000,1083.8822,0.39
1785830400000,1083.8822,0.39
1785830460000,1083.8822,0.39
1785830520000,1083.8822,0.39
1785830580000,1083.8822,0.39
1785830640000,1083.8822,0.39
1785830700000,1083.8822,0.39
1785830760000,1083.8822,0.39
1785830820000,1083.8822,0.39
1785830880000,1083.8822,0.39
1785830940000,1083.8822,0.39
1785831000000,1083.8822,0.39
1785831060000,1083.8822,0.39
1785831120000,1083.8822,0.39
1785831180000,1083.8822,0.39
1785831240000,1083.8822,0.39
1785831300000,1083.8822,0.39
1785831360000,1083.8822,0.39
1785831420000,1083.8822,0.39
1785831480000,1083.8822,0.39
1785831540000,1083.8822,0.39
1785831600000,1083.8822,0.39
1785831660000,1083.8822,0.39
1785831720000,1083.8822,0.39
1785831780000,1083.8822,0.39
1785831840000,1083.8822,0.39
1785831900000,1083.8822,0.39
1785831960000,1083.8822,0.39
1785832020000,1083.8822,0.39
1785832080000,1083.8822,0.39
1785832140000,1083.8822,0.39
1785832200000,1083.8822,0.39
1785832260000,1083.8822,0.39
1785832320000,1083.8822,0.39
1785832380000,1083.8822,0.39
1785832440000,1083.8822,0.39
1785832500000,1083.8822,0.39
1785832560000,1083.8822,0.39
1785832620000,1083.8822,0.39
1785832680000,1083.8822,0.39
1785832740000,1083.8822,0.39
1785832800000,1083.8822,0.39
1785832860000,1083.8822,0.39
1785832920000,1083.8822,0.39
1785832980000,1083.8822,0.39
1785833040000,1083.8822,0.39
1785833100000,1083.8822,0.39
1785833160000,1083.8822,0.39
1785833220000,1083.8822,0.39
1785833280000,1083.8822,0.39
1785833340000,1083.8822,0.39
1785833400000,1083.8822,0.39
1785833460000,1083.8822,0.39
1785833520000,1083.8822,0.39
1785833580000,1083.8822,0.39
1785833640000,1083.8822,0.39
1785833700000,1083.8822,0.39
1785833760000,1083.8822,0.39
1785833820000,1083.8822,0.39
1785833880000,1083.8822,0.39
1785833940000,1083.8822,0.39
1785834000000,1083.8822,0.39
1785834060000,1083.8822,0.39
1785834120000,1083.8822,0.39
1785834180000,1083.8822,0.39
1785834240000,1083.8822,0.39
1785834300000,1083.8822,0.39
1785834360000,1083.8822,0.39
1785834420000,1083.8822,0.39
1785834480000,1083.8822,0.39
1785834540000,1083.8822,0.39
1785834600000,1083.8822,0.39
1785834660000,1083.8822,0.39
1785834720000,1083.8822,0.39
1785834780000,1083.8822,0.39
1785834840000,1083.8822,0.39
1785834900000,1083.8822,0.39
1785834960000,1083.8822,0.39
1785835020000,1083.8822,0.39
1785835080000,1083.8822,0.39
1785835140000,1083.8822,0.39
1785835200000,1083.8822,0.39
1785835260000,1083.8822,0.39
1785835320000,1083.8822,0.39
1785835380000,1083.8822,0.39
1785835440000,1083.8822,0.39
1785835500000,1083.8822,0.39
1785835560000,1083.8822,0.39
1785835620000,1083.8822,0.39
1785835680000,1083.8822,0.39
1785835740000,1083.8822,0.39
1785835800000,1083.8822,0.39
1785835860000,1083.8822,0.39
1785835920000,1083.8822,0.39
1785835980000,1083.8822,0.39
1785836040000,1083.8822,0.39
1785836100000,1083.8822,0.39
1785836160000,1083.8822,0.39
1785836220000,1083.8822,0.39
1785836280000,1083.8822,0.39
1785836340000,1083.8822,0.39
1785836400000,1083.8822,0.39
1785836460000,1083.8822,0.39
1785836520000,1083.8822,0.39
1785836580000,1083.8822,0.39
1785836640000,1083.8822,0.39
1785836700000,1083.8822,0.39
1785836760000,1083.8822,0.39
1785836820000,1083.8822,0.39
1785836880000,1083.8822,0.39
1785836940000,1083.8822,0.39
1785837000000,1083.8822,0.39
1785837060000,1083.8822,0.39
1785837120000,1083.8822,0.39
1785837180000,1083.8822,0.39
1785837240000,1083.8822,0.39
1785837300000,1083.8822,0.39
1785837360000,1083.8822,0.39
1785837420000,1083.8822,0.39
1785837480000,1083.8822,0.39
1785837540000,1083.8822,0.39
1785837600000,1083.8822,0.39
1785837660000,1083.8822,0.39
1785837720000,1083.8822,0.39
1785837780000,1083.8822,0.39
1785837840000,1083.8822,0.39
1785837900000,1083.8822,0.39
1785837960000,1083.8822,0.39
1785838020000,1083.8822,0.39
1785838080000,1083.8822,0.39
1785838140000,1083.8822,0.39
1785838200000,1083.8822,0.39
1785838260000,1083.8822,0.39
1785838320000,1083.8822,0.39
1785838380000,1083.8822,0.39
1785838440000,1083.8822,0.39
1785838500000,1083.8822,0.39
1785838560000,1083.8822,0.39
1785838620000,1083.8822,0.39
1785838680000,1083.8822,0.39
1785838740000,1083.8822,0.39
1785838800000,1083.8822,0.39
1785838860000,1083.8822,0.39
1785838920000,1083.8822,0.39
1785838980000,1083.8822,0.39
1785839040000,1083.8822,0.39
1785839100000,1083.8822,0.39
1785839160000,1083.8822,0.39
1785839220000,1083.8822,0.39
1785839280000,1083.8822,0.39
1785839340000,1083.8822,0.39
1785839400000,1083.8822,0.39
1785839460000,1083.8822,0.39
1785839520000,1083.8822,0.39
1785839580000,1083.8822,0.39
1785839640000,1083.8822,0.39
1785839700000,1083.8822,0.39
1785839760000,1083.8822,0.39
1785839820000,1083.8822,0.39
1785839880000,1083.8822,0.39
1785839940000,1083.8822,0.39
1785840000000,1083.8822,0.39
1785840060000,1083.8822,0.39
1785840120000,1083.8822,0.39
1785840180000,1083.8822,0.39
1785840240000,1083.8822,0.39
1785840300000,1083.8822,0.39
1785840360000,1083.8822,0.39
1785840420000,1083.8822,0.39
1785840480000,1083.8822,0.39
1785840540000,1083.8822,0.39
1785840600000,1083.8822,0.39
1785840660000,1083.8822,0.39
1785840720000,1083.8822,0.39
1785840780000,1083.8822,0.39
1785840840000,1083.8822,0.39
1785840900000,1083.8822,0.39
1785840960000,1083.8822,0.39
1785841020000,1083.8822,0.39
1785841080000,1083.8822,0.39
1785841140000,1083.8822,0.39
1785841200000,1083.8822,0.39
1785841260000,1083.8822,0.39
1785841320000,1083.8822,0.39
1785841380000,1083.8822,0.39
1785841440000,1083.8822,0.39
1785841500000,1083.8822,0.39
1785841560000,1083.8822,0.39
1785841620000,1083.8822,0.39
1785841680000,1083.8822,0.39
1785841740000,1083.8822,0.39
1785841800000,1083.8822,0.39
1785841860000,1083.8822,0.39
1785841920000,1083.8822,0.39
1785841980000,1083.8822,0.39
1785842040000,1083.8822,0.39
1785842100000,1083.8822,0.39
1785842160000,1083.8822,0.39
1785842220000,1083.8822,0.39
1785842280000,1083.8822,0.39
1785842340000,1083.8822,0.39
1785842400000,1083.8822,0.39
1785842460000,1083.8822,0.39
1785842520000,1083.8822,0.39
1785842580000,1083.8822,0.39
1785842640000,1083.8822,0.39
1785842700000,1083.8822,0.39
1785842760000,1083.8822,0.39
1785842820000,1083.8822,0.39
1785842880000,1083.8822,0.39
1785842940000,1083.8822,0.39
1785843000000,1083.8822,0.39
1785843060000,1083.8822,0.39
1785843120000,1083.8822,0.39
1785843180000,1083.8822,0.39
1785843240000,1083.8822,0.39
1785843300000,1083.8822,0.39
1785843360000,1083.8822,0.39
1785843420000,1083.8822,0.39
1785843480000,1083.8822,0.39
1785843540000,1083.8822,0.39
1785843600000,1083.8822,0.39
1785843660000,1083.8822,0.39
1785843720000,1083.8822,0.39
1785843780000,1083.8822,0.39
1785843840000,1083.8822,0.39
1785843900000,1083.8822,0.39
1785843960000,1083.8822,0.39
1785844020000,1083.8822,0.39
1785844080000,1083.8822,0.39
1785844140000,1083.8822,0.39
1785844200000,1083.8822,0.39
1785844260000,1083.8822,0.39
1785844320000,1083.8822,0.39
1785844380000,1083.8822,0.39
1785844440000,1083.8822,0.39
1785844500000,1083.8822,0.39
1785844560000,1083.8822,0.39
1785844620000,1083.8822,0.39
1785844680000,1083.8822,0.39
1785844740000,1083.8822,0.39
1785844800000,1083.8822,0.39
1785844860000,1083.8822,0.39
1785844920000,1083.8822,0.39
1785844980000,1083.8822,0.39
1785845040000,1083.8822,0.39
1785845100000,1083.8822,0.39
1785845160000,1083.8822,0.39
1785845220000,1083.8822,0.39
1785845280000,1083.8822,0.39
1785845340000,1083.8822,0.39
1785845400000,1083.8822,0.39
1785845460000,1083.8822,0.39
1785845520000,1083.8822,0.39
1785845580000,1083.8822,0.39
1785845640000,1083.8822,0.39
1785845700000,1083.8822,0.39
1785845760000,1083.8822,0.39
1785845820000,1083.8822,0.39
1785845880000,1083.8822,0.39
1785845940000,1083.8822,0.39
1785846000000,1083.8822,0.39
1785846060000,1083.8822,0.39
1785846120000,1083.8822,0.39
1785846180000,1083.8822,0.39
1785846240000,1083.8822,0.39
1785846300000,1083.8822,0.39
1785846360000,1083.8822,0.39
1785846420000,1083.8822,0.39
1785846480000,1083.8822,0.39
1785846540000,1083.8822,0.39
1785846600000,1083.8822,0.39
1785846660000,1083.8822,0.39
1785846720000,1083.8822,0.39
1785846780000,1083.8822,0.39
1785846840000,1083.8822,0.39
1785846900000,1083.8822,0.39
1785846960000,1083.8822,0.39
1785847020000,1083.8822,0.39
1785847080000,1083.8822,0.39
1785847140000,1107.6351,0.0
1786446240000,1107.6351,0.0
1786446300000,1107.6351,0.0
1786446360000,1107.6351,0.0
1786446420000,1107.6351,0.0
1786446480000,1107.6351,0.0
1786446540000,1107.6351,0.0
1786446600000,1107.6351,0.0
1786446660000,1107.6351,0.0
1786446720000,1107.6351,0.0
1786446780000,1107.6351,0.0
1786446840000,1107.6351,0.0
1786446900000,1107.6351,0.0
1786446960000,1107.6351,0.0
1786447020000,1107.6351,0.0
1786447080000,1107.6351,0.0
1786447140000,1107.6351,0.0
1786447200000,1107.6351,0.0
1786447260000,1107.6351,0.0
1786447320000,1107.6351,0.0
1786447380000,1107.6351,0.0
1786447440000,1107.6351,0.0
1786447500000,1107.6351,0.0
1786447560000,1107.6351,0.0
1786447620000,1107.6351,0.0
1786447680000,1107.6351,0.0
1786447740000,1107.6351,0.0
1786447800000,1107.6351,0.0
1786447860000,1107.6351,0.0
1786447920000,1107.6351,0.0
1786447980000,1107.6351,0.0
1786448040000,1107.6351,0.0
1786448100000,1107.6351,0.0
1786448160000,1107.6351,0.0
1786448220000,1107.6351,0.0
1786448280000,1107.6351,0.0
1786448340000,1107.6351,0.0
1786448400000,1107.6351,0.0
1786448460000,1107.6351,0.0
1786448520000,1107.6351,0.0
1786448580000,1107.6351,0.0
1786448640000,1107.6351,0.0
1786448700000,1107.6351,0.0
1786448760000,1107.6351,0.0
1786448820000,1107.6351,0.0
1786448880000,1107.6351,0.0
1786448940000,1107.6351,0.0
1786449000000,1107.6351,0.0
1786449060000,1107.6351,0.0
1786449120000,1107.6351,0.0
1786449180000,1107.6351,0.0
1786449240000,1107.6351,0.0
1786449300000,1107.6351,0.0
1786449360000,1107.6351,0.0
1786449420000,1107.6351,0.0
1786449480000,1107.6351,0.0
1786449540000,1107.6351,0.0
1786449600000,1107.6351,0.0
1786449660000,1107.6351,0.0
1786449720000,1107.6351,0.0
1786449780000,1107.6351,0.0
1786449840000,1107.6351,0.0
1786449900000,1107.6351,0.0
1786449960000,1107.6351,0.0
1786450020000,1107.6351,0.0
1786450080000,1107.6351,0.0
1786450140000,1107.6351,0.0
1786450200000,1107.6351,0.0
1786450260000,1107.6351,0.0
1786450320000,1107.6351,0.0
1786450380000,1107.6351,0.0
1786450440000,1107.6351,0.0
1786450500000,1107.6351,0.0
1786450560000,1107.6351,0.0
1786450620000,1107.6351,0.0
1786450680000,1107.6351,0.0
1786450740000,1107.6351,0.0
1786450800000,1107.6351,0.0
1786450860000,1107.6351,0.0
1786450920000,1107.6351,0.0
1786450980000,1107.6351,0.0
1786451040000,1107.6351,0.0
1786451100000,1107.6351,0.0
1786451160000,1107.6351,0.0
1786451220000,1107.6351,0.0
1786451280000,1107.6351,0.0
1786451340000,1107.6351,0.0
1786451400000,1107.6351,0.0
1786451460000,1107.6351,0.0
1786451520000,1107.6351,0.0
1786451580000,1107.6351,0.0
1786451640000,1107.6351,0.0
1786451700000,1107.6351,0.0
1786451760000,1107.6351,0.0
1786451820000,1107.6351,0.0
1786451880000,1107.6351,0.0
1786451940000,1107.6351,0.0
1786452000000,1107.6351,0.0
1786452060000,1107.6351,0.0
1786452120000,1107.6351,0.0
1786452180000,1107.6351,0.0
1786452240000,1107.6351,0.0
1786452300000,1107.6351,0.0
1786452360000,1107.6351,0.0
1786452420000,1107.6351,0.0
1786452480000,1107.6351,0.0
1786452540000,1107.6351,0.0
1786452600000,1107.6351,0.0
1786452660000,1107.6351,0.0
1786452720000,1107.6351,0.0
1786452780000,1107.6351,0.0
1786452840000,1107.6351,0.0
1786452900000,1107.6351,0.0
1786452960000,1107.6351,0.0
1786453020000,1107.6351,0.0
1786453080000,1107.6351,0.0
1786453140000,1107.6351,0.0
1786453200000,1107.6351,0.0
1786453260000,1107.6351,0.0
1786453320000,1107.6351,0.0
1786453380000,1107.6351,0.0
1786453440000,1107.6351,0.0
1786453500000,1107.6351,0.0
1786453560000,1107.6351,0.0
1786453620000,1107.6351,0.0
1786453680000,1107.6351,0.0
1786453740000,1107.6351,0.0
1786453800000,1107.6351,0.0
1786453860000,1107.6351,0.0
1786453920000,1107.6351,0.0
1786453980000,1107.6351,0.0
1786454040000,1107.6351,0.0
1786454100000,1107.6351,0.0
1786454160000,1107.6351,0.0
1786454220000,1107.6351,0.0
1786454280000,1107.6351,0.0
1786454340000,1107.6351,0.0
1786454400000,1107.6351,0.0
1786454460000,1107.6351,0.0
1786454520000,1107.6351,0.0
1786454580000,1107.6351,0.0
1786454640000,1107.6351,0.0
1786454700000,1107.6351,0.0
1786454760000,1097.8328,0.88
1786462560000,1097.8328,0.88
1786462620000,1097.8328,0.88
1786462680000,1097.8328,0.88
1786462740000,1097.8328,0.88
1786462800000,1097.8328,0.88
1786462860000,1097.8328,0.88
1786462920000,1113.3835,0.0
1786527060000,1113.3835,0.0
1786527120000,1113.3835,0.0
1786527180000,1113.3835,0.0
1786527240000,1113.3835,0.0
1786527300000,1113.3835,0.0
1786527360000,1113.3835,0.0
1786527420000,1113.3835,0.0
1786527480000,1113.3835,0.0
1786527540000,1113.3835,0.0
1786527600000,1113.3835,0.0
1786527660000,1113.3835,0.0
1786527720000,1113.3835,0.0
1786527780000,1113.3835,0.0
1786527840000,1113.3835,0.0
1786527900000,1113.3835,0.0
1786527960000,1113.3835,0.0
1786528020000,1113.3835,0.0
1786528080000,1113.3835,0.0
1786528140000,1113.3835,0.0
1786528200000,1113.3835,0.0
1786528260000,1113.3835,0.0
1786528320000,1113.3835,0.0
1786528380000,1113.3835,0.0
1786528440000,1113.3835,0.0
1786528500000,1113.3835,0.0
1786528560000,1113.3835,0.0
1786528620000,1113.3835,0.0
1786528680000,1113.3835,0.0
1786528740000,1113.3835,0.0
1786528800000,1113.3835,0.0
1786528860000,1113.3835,0.0
1786528920000,1113.3835,0.0
1786528980000,1113.3835,0.0
1786529040000,1113.3835,0.0
1786529100000,1113.3835,0.0
1786529160000,1113.3835,0.0
1786529220000,1113.3835,0.0
1786529280000,1113.3835,0.0
1786529340000,1113.3835,0.0
1786529400000,1113.3835,0.0
1786529460000,1113.3835,0.0
1786529520000,1113.3835,0.0
1786529580000,1113.3835,0.0
1786529640000,1113.3835,0.0
1786529700000,1113.3835,0.0
1786529760000,1113.3835,0.0
1786529820000,1113.3835,0.0
1786529880000,1113.3835,0.0
1786529940000,1113.3835,0.0
1786530000000,1113.3835,0.0
1786530060000,1113.3835,0.0
1786530120000,1113.3835,0.0
1786530180000,1113.3835,0.0
1786530240000,1113.3835,0.0
1786530300000,1113.3835,0.0
1786530360000,1113.3835,0.0
1786530420000,1113.3835,0.0
1786530480000,1113.3835,0.0
1786530540000,1113.3835,0.0
1786530600000,1113.3835,0.0
1786530660000,1113.3835,0.0
1786530720000,1113.3835,0.0
1786530780000,1113.3835,0.0
1786530840000,1113.3835,0.0
1786530900000,1113.3835,0.0
1786530960000,1113.3835,0.0
1786531020000,1113.3835,0.0
1786531080000,1113.3835,0.0
1786531140000,1113.3835,0.0
1786531200000,1113.3835,0.0
1786531260000,1113.3835,0.0
1786531320000,1113.3835,0.0
1786531380000,1113.3835,0.0
1786531440000,1113.3835,0.0
1786531500000,1113.3835,0.0
1786531560000,1113.3835,0.0
1786531620000,1113.3835,0.0
1786531680000,1113.3835,0.0
1786531740000,1113.3835,0.0
1786531800000,1113.3835,0.0
1786531860000,1113.3835,0.0
1786531920000,1113.3835,0.0
1786531980000,1113.3835,0.0
1786532040000,1113.3835,0.0
1786532100000,1113.3835,0.0
1786532160000,1113.3835,0.0
1786532220000,1113.3835,0.0
1786532280000,1113.3835,0.0
1786532340000,1113.3835,0.0
1786532400000,1113.3835,0.0
1786532460000,1113.3835,0.0
1786532520000,1113.3835,0.0
1786532580000,1113.3835,0.0
1786532640000,1113.3835,0.0
1786532700000,1113.3835,0.0
1786532760000,1113.3835,0.0
1786532820000,1113.3835,0.0
1786532880000,1113.3835,0.0
1786532940000,1113.3835,0.0
1786533000000,1113.3835,0.0
1786533060000,1113.3835,0.0
1786533120000,1113.3835,0.0
1786533180000,1113.3835,0.0
1786533240000,1113.3835,0.0
1786533300000,1113.3835,0.0
1786533360000,1113.3835,0.0
1786533420000,1113.3835,0.0
1786533480000,1113.3835,0.0
1786533540000,1113.3835,0.0
1786533600000,1113.3835,0.0
1786533660000,1113.3835,0.0
1786533720000,1113.3835,0.0
1786533780000,1113.3835,0.0
1786533840000,1113.3835,0.0
1786533900000,1113.3835,0.0
1786533960000,1113.3835,0.0
1786534020000,1113.3835,0.0
1786534080000,1113.3835,0.0
1786534140000,1113.3835,0.0
1786534200000,1113.3835,0.0
1786534260000,1113.3835,0.0
1786534320000,1113.3835,0.0
1786534380000,1113.3835,0.0
1786534440000,1113.3835,0.0
1786534500000,1113.3835,0.0
1786534560000,1113.3835,0.0
1786534620000,1113.3835,0.0
1786534680000,1113.3835,0.0
1786534740000,1113.3835,0.0
1786534800000,1113.3835,0.0
1786534860000,1113.3835,0.0
1786534920000,1113.3835,0.0
1786534980000,1113.3835,0.0
1786535040000,1113.3835,0.0
1786535100000,1113.3835,0.0
1786535160000,1113.3835,0.0
1786535220000,1113.3835,0.0
1786535280000,1113.3835,0.0
1786535340000,1113.3835,0.0
1786535400000,1113.3835,0.0
1786535460000,1113.3835,0.0
1786535520000,1113.3835,0.0
1786535580000,1113.3835,0.0
1786535640000,1113.3835,0.0
1786535700000,1113.3835,0.0
1786535760000,1113.3835,0.0
1786535820000,1113.3835,0.0
1786535880000,1113.3835,0.0
1786535940000,1113.3835,0.0
1786536000000,1113.3835,0.0
1786536060000,1113.3835,0.0
1786536120000,1113.3835,0.0
1786536180000,1113.3835,0.0
1786536240000,1113.3835,0.0
1786536300000,1113.3835,0.0
1786536360000,1113.3835,0.0
1786536420000,1113.3835,0.0
1786536480000,1113.3835,0.0
1786536540000,1113.3835,0.0
1786536600000,1113.3835,0.0
1786536660000,1113.3835,0.0
1786536720000,1113.3835,0.0
1786536780000,1113.3835,0.0
1786536840000,1113.3835,0.0
1786536900000,1113.3835,0.0
1786536960000,1113.3835,0.0
1786537020000,1113.3835,0.0
1786537080000,1113.3835,0.0
1786537140000,1113.3835,0.0
1786537200000,1113.3835,0.0
1786537260000,1113.3835,0.0
1786537320000,1113.3835,0.0
1786537380000,1113.3835,0.0
1786537440000,1113.3835,0.0
1786537500000,1113.3835,0.0
1786537560000,1113.3835,0.0
1786537620000,1113.3835,0.0
1786537680000,1113.3835,0.0
1786537740000,1113.3835,0.0
1786537800000,1113.3835,0.0
1786537860000,1113.3835,0.0
1786537920000,1113.3835,0.0
1786537980000,1113.3835,0.0
1786538040000,1113.3835,0.0
1786538100000,1113.3835,0.0
1786538160000,1113.3835,0.0
1786538220000,1113.3835,0.0
1786538280000,1113.3835,0.0
1786538340000,1113.3835,0.0
1786538400000,1113.3835,0.0
1786538460000,1113.3835,0.0
1786538520000,1113.3835,0.0
1786538580000,1113.3835,0.0
1786538640000,1113.3835,0.0
1786538700000,1113.3835,0.0
1786538760000,1113.3835,0.0
1786538820000,1113.3835,0.0
1786538880000,1113.3835,0.0
1786538940000,1113.3835,0.0
1786539000000,1113.3835,0.0
1786539060000,1113.3835,0.0
1786539120000,1113.3835,0.0
1786539180000,1113.3835,0.0
1786539240000,1113.3835,0.0
1786539300000,1113.3835,0.0
1786539360000,1113.3835,0.0
1786539420000,1113.3835,0.0
1786539480000,1113.3835,0.0
1786539540000,1113.3835,0.0
1786539600000,1113.3835,0.0
1786539660000,1113.3835,0.0
1786539720000,1113.3835,0.0
1786539780000,1113.3835,0.0
1786539840000,1113.3835,0.0
1786539900000,1113.3835,0.0
1786539960000,1113.3835,0.0
1786540020000,1113.3835,0.0
1786540080000,1113.3835,0.0
1786540140000,1113.3835,0.0
1786540200000,1113.3835,0.0
1786540260000,1113.3835,0.0
1786540320000,1113.3835,0.0
1786540380000,1113.3835,0.0
1786540440000,1113.3835,0.0
1786540500000,1113.3835,0.0
1786540560000,1113.3835,0.0
1786540620000,1113.3835,0.0
1786540680000,1113.3835,0.0
1786540740000,1113.3835,0.0
1786540800000,1113.3835,0.0
1786540860000,1113.3835,0.0
1786540920000,1113.3835,0.0
1786540980000,1113.3835,0.0
1786541040000,1113.3835,0.0
1786541100000,1113.3835,0.0
1786541160000,1113.3835,0.0
1786541220000,1113.3835,0.0
1786541280000,1113.3835,0.0
1786541340000,1113.3835,0.0
1786541400000,1113.3835,0.0
1786541460000,1113.3835,0.0
1786541520000,1113.3835,0.0
1786541580000,1113.3835,0.0
1786541640000,1113.3835,0.0
1786541700000,1113.3835,0.0
1786541760000,1113.3835,0.0
1786541820000,1113.3835,0.0
1786541880000,1113.3835,0.0
1786541940000,1113.3835,0.0
1786542000000,1113.3835,0.0
1786542060000,1113.3835,0.0
1786542120000,1113.3835,0.0
1786542180000,1113.3835,0.0
1786542240000,1113.3835,0.0
1786542300000,1113.3835,0.0
1786542360000,1113.3835,0.0
1786542420000,1113.3835,0.0
1786542480000,1113.3835,0.0
1786542540000,1113.3835,0.0
1786542600000,1113.3835,0.0
1786542660000,1113.3835,0.0
1786542720000,1113.3835,0.0
1786542780000,1113.3835,0.0
1786542840000,1113.3835,0.0
1786542900000,1113.3835,0.0
1786542960000,1113.3835,0.0
1786543020000,1113.3835,0.0
1786543080000,1113.3835,0.0
1786543140000,1113.3835,0.0
1786543200000,1113.3835,0.0
1786543260000,1113.3835,0.0
1786543320000,1104.0438,0.84
1786546560000,1104.0438,0.84
1786546620000,1104.0438,0.84
1786546680000,1104.0438,0.84
1786546740000,1104.0438,0.84
1786546800000,1104.0438,0.84
1786546860000,1104.0438,0.84
1786546920000,1104.0438,0.84
1786546980000,1104.0438,0.84
1786547040000,1104.0438,0.84
1786547100000,1104.0438,0.84
1786547160000,1104.0438,0.84
1786547220000,1104.0438,0.84
1786547280000,1104.0438,0.84
1786547340000,1104.0438,0.84
1786547400000,1104.0438,0.84
1786547460000,1104.0438,0.84
1786547520000,1104.0438,0.84
1786547580000,1104.0438,0.84
1786547640000,1104.0438,0.84
1786547700000,1104.0438,0.84
1786547760000,1104.0438,0.84
1786547820000,1104.0438,0.84
1786547880000,1104.0438,0.84
1786547940000,1104.0438,0.84
1786548000000,1104.0438,0.84
1786548060000,1104.0438,0.84
1786548120000,1104.0438,0.84
1786548180000,1104.0438,0.84
1786548240000,1104.0438,0.84
1786548300000,1104.0438,0.84
1786548360000,1104.0438,0.84
1786548420000,1104.0438,0.84
1786548480000,1104.0438,0.84
1786548540000,1104.0438,0.84
1786548600000,1094.4087,1.7
1786631760000,1094.4087,1.7
1786631820000,1094.4087,1.7
1786631880000,1094.4087,1.7
1786631940000,1094.4087,1.7
1786632000000,1094.4087,1.7
1786632060000,1094.4087,1.7
1786632120000,1094.4087,1.7
1786632180000,1094.4087,1.7
1786632240000,1094.4087,1.7
1786632300000,1094.4087,1.7
1786632360000,1094.4087,1.7
1786632420000,1094.4087,1.7
1786632480000,1094.4087,1.7
1786632540000,1094.4087,1.7
1786632600000,1094.4087,1.7
1786632660000,1094.4087,1.7
1786632720000,1094.4087,1.7
1786632780000,1094.4087,1.7
1786632840000,1094.4087,1.7
1786632900000,1094.4087,1.7
1786632960000,1094.4087,1.7
1786633020000,1094.4087,1.7
1786633080000,1094.4087,1.7
1786633140000,1094.4087,1.7
1786633200000,1094.4087,1.7
1786633260000,1094.4087,1.7
1786633320000,1094.4087,1.7
1786633380000,1094.4087,1.7
1786633440000,1094.4087,1.7
1786633500000,1094.4087,1.7
1786633560000,1094.4087,1.7
1786633620000,1094.4087,1.7
1786633680000,1094.4087,1.7
1786633740000,1094.4087,1.7
1786633800000,1094.4087,1.7
1786633860000,1094.4087,1.7
1786633920000,1094.4087,1.7
1786633980000,1094.4087,1.7
1786634040000,1094.4087,1.7
1786634100000,1094.4087,1.7
1786634160000,1094.4087,1.7
1786634220000,1094.4087,1.7
1786634280000,1094.4087,1.7
1786634340000,1094.4087,1.7
1786634400000,1094.4087,1.7
1786634460000,1094.4087,1.7
1786634520000,1094.4087,1.7
1786634580000,1094.4087,1.7
1786634640000,1094.4087,1.7
1786634700000,1094.4087,1.7
1786634760000,1094.4087,1.7
1786634820000,1084.5323,2.59
1787150340000,1084.5323,2.59
1787150400000,1084.5323,2.59
1787150460000,1084.5323,2.59
1787150520000,1084.5323,2.59
1787150580000,1084.5323,2.59
1787150640000,1084.5323,2.59
1787150700000,1084.5323,2.59
1787150760000,1084.5323,2.59
1787150820000,1084.5323,2.59
1787150880000,1084.5323,2.59
1787150940000,1084.5323,2.59
1787151000000,1084.5323,2.59
1787151060000,1084.5323,2.59
1787151120000,1084.5323,2.59
1787151180000,1084.5323,2.59
1787151240000,1101.0513,1.11
1787155440000,1101.0513,1.11
1787155500000,1101.0513,1.11
1787155560000,1101.0513,1.11
1787155620000,1101.0513,1.11
1787155680000,1101.0513,1.11
1787155740000,1101.0513,1.11
1787155800000,1101.0513,1.11
1787155860000,1101.0513,1.11
1787155920000,1101.0513,1.11
1787155980000,1101.0513,1.11
1787156040000,1101.0513,1.11
1787156100000,1101.0513,1.11
1787156160000,1101.0513,1.11
1787156220000,1101.0513,1.11
1787156280000,1101.0513,1.11
1787156340000,1101.0513,1.11
1787156400000,1101.0513,1.11
1787156460000,1101.0513,1.11
1787156520000,1101.0513,1.11
1787156580000,1101.0513,1.11
1787156640000,1101.0513,1.11
1787156700000,1101.0513,1.11
1787156760000,1101.0513,1.11
1787156820000,1101.0513,1.11
1787156880000,1101.0513,1.11
1787156940000,1101.0513,1.11
1787157000000,1101.0513,1.11
1787157060000,1101.0513,1.11
1787157120000,1101.0513,1.11
1787157180000,1101.0513,1.11
1787157240000,1101.0513,1.11
1787157300000,1101.0513,1.11
1787157360000,1101.0513,1.11
1787157420000,1101.0513,1.11
1787157480000,1101.0513,1.11
1787157540000,1101.0513,1.11
1787157600000,1101.0513,1.11
1787157660000,1092.1199,1.91
1787216160000,1092.1199,1.91
1787216220000,1092.1199,1.91
1787216280000,1092.1199,1.91
1787216340000,1092.1199,1.91
1787216400000,1092.1199,1.91
1787216460000,1092.1199,1.91
1787216520000,1092.1199,1.91
1787216580000,1092.1199,1.91
1787216640000,1092.1199,1.91
1787216700000,1092.1199,1.91
1787216760000,1092.1199,1.91
1787216820000,1092.1199,1.91
1787216880000,1092.1199,1.91
1787216940000,1092.1199,1.91
1787217000000,1092.1199,1.91
1787217060000,1092.1199,1.91
1787217120000,1092.1199,1.91
1787217180000,1092.1199,1.91
1787217240000,1092.1199,1.91
1787217300000,1092.1199,1.91
1787217360000,1092.1199,1.91
1787217420000,1092.1199,1.91
1787217480000,1092.1199,1.91
1787217540000,1092.1199,1.91
1787217600000,1092.1199,1.91
1787217660000,1092.1199,1.91
1787217720000,1092.1199,1.91
1787217780000,1092.1199,1.91
1787217840000,1092.1199,1.91
1787217900000,1092.1199,1.91
1787217960000,1092.1199,1.91
1787218020000,1092.1199,1.91
1787218080000,1092.1199,1.91
1787218140000,1092.1199,1.91
1787218200000,1092.1199,1.91
1787218260000,1092.1199,1.91
1787218320000,1092.1199,1.91
1787218380000,1092.1199,1.91
1787218440000,1092.1199,1.91
1787218500000,1092.1199,1.91
1787218560000,1092.1199,1.91
1787218620000,1092.1199,1.91
1787218680000,1092.1199,1.91
1787218740000,1092.1199,1.91
1787218800000,1092.1199,1.91
1787218860000,1092.1199,1.91
1787218920000,1092.1199,1.91
1787218980000,1092.1199,1.91
1787219040000,1092.1199,1.91
1787219100000,1092.1199,1.91
1787219160000,1092.1199,1.91
1787219220000,1092.1199,1.91
1787219280000,1092.1199,1.91
1787219340000,1092.1199,1.91
1787219400000,1092.1199,1.91
1787219460000,1092.1199,1.91
1787219520000,1092.1199,1.91
1787219580000,1092.1199,1.91
1787219640000,1092.1199,1.91
1787219700000,1092.1199,1.91
1787219760000,1092.1199,1.91
1787219820000,1092.1199,1.91
1787219880000,1092.1199,1.91
1787219940000,1092.1199,1.91
1787220000000,1092.1199,1.91
1787220060000,1092.1199,1.91
1787220120000,1092.1199,1.91
1787220180000,1092.1199,1.91
1787220240000,1092.1199,1.91
1787220300000,1092.1199,1.91
1787220360000,1092.1199,1.91
1787220420000,1092.1199,1.91
1787220480000,1092.1199,1.91
1787220540000,1092.1199,1.91
1787220600000,1092.1199,1.91
1787220660000,1092.1199,1.91
1787220720000,1092.1199,1.91
1787220780000,1092.1199,1.91
1787220840000,1092.1199,1.91
1787220900000,1092.1199,1.91
1787220960000,1092.1199,1.91
1787221020000,1092.1199,1.91
1787221080000,1092.1199,1.91
1787221140000,1092.1199,1.91
1787221200000,1092.1199,1.91
1787221260000,1092.1199,1.91
1787221320000,1092.1199,1.91
1787221380000,1092.1199,1.91
1787221440000,1092.1199,1.91
1787221500000,1092.1199,1.91
1787221560000,1092.1199,1.91
1787221620000,1092.1199,1.91
1787221680000,1092.1199,1.91
1787221740000,1092.1199,1.91
1787221800000,1092.1199,1.91
1787221860000,1092.1199,1.91
1787221920000,1092.1199,1.91
1787221980000,1092.1199,1.91
1787222040000,1092.1199,1.91
1787222100000,1092.1199,1.91
1787222160000,1092.1199,1.91
1787222220000,1092.1199,1.91
1787222280000,1092.1199,1.91
1787222340000,1092.1199,1.91
1787222400000,1092.1199,1.91
1787222460000,1092.1199,1.91
1787222520000,1092.1199,1.91
1787222580000,1092.1199,1.91
1787222640000,1092.1199,1.91
1787222700000,1092.1199,1.91
1787222760000,1092.1199,1.91
1787222820000,1092.1199,1.91
1787222880000,1092.1199,1.91
1787222940000,1092.1199,1.91
1787223000000,1092.1199,1.91
1787223060000,1092.1199,1.91
1787223120000,1092.1199,1.91
1787223180000,1092.1199,1.91
1787223240000,1092.1199,1.91
1787223300000,1092.1199,1.91
1787223360000,1092.1199,1.91
1787223420000,1092.1199,1.91
1787223480000,1092.1199,1.91
1787223540000,1092.1199,1.91
1787223600000,1092.1199,1.91
1787223660000,1092.1199,1.91
1787223720000,1092.1199,1.91
1787223780000,1092.1199,1.91
1787223840000,1092.1199,1.91
1787223900000,1092.1199,1.91
1787223960000,1092.1199,1.91
1787224020000,1092.1199,1.91
1787224080000,1092.1199,1.91
1787224140000,1092.1199,1.91
1787224200000,1092.1199,1.91
1787224260000,1092.1199,1.91
1787224320000,1092.1199,1.91
1787224380000,1092.1199,1.91
1787224440000,1092.1199,1.91
1787224500000,1092.1199,1.91
1787224560000,1092.1199,1.91
1787224620000,1092.1199,1.91
1787224680000,1092.1199,1.91
1787224740000,1092.1199,1.91
1787224800000,1092.1199,1.91
1787224860000,1092.1199,1.91
1787224920000,1092.1199,1.91
1787224980000,1092.1199,1.91
1787225040000,1092.1199,1.91
1787225100000,1092.1199,1.91
1787225160000,1092.1199,1.91
1787225220000,1092.1199,1.91
1787225280000,1092.1199,1.91
1787225340000,1092.1199,1.91
1787225400000,1092.1199,1.91
1787225460000,1115.8055,0.0
1787226660000,1115.8055,0.0
1787226720000,1115.8055,0.0
1787226780000,1106.2663,0.85
1787230560000,1106.2663,0.85
1787230620000,1106.2663,0.85
1787230680000,1106.2663,0.85
1787230740000,1106.2663,0.85
1787230800000,1106.2663,0.85
1787230860000,1106.2663,0.85
1787230920000,1106.2663,0.85
1787230980000,1106.2663,0.85
1787231040000,1106.2663,0.85
1787231100000,1106.2663,0.85
1787231160000,1106.2663,0.85
1787231220000,1106.2663,0.85
1787231280000,1106.2663,0.85
1787231340000,1106.2663,0.85
1787231400000,1106.2663,0.85
1787231460000,1106.2663,0.85
1787231520000,1106.2663,0.85
1787231580000,1106.2663,0.85
1787231640000,1106.2663,0.85
1787231700000,1106.2663,0.85
1787231760000,1106.2663,0.85
1787231820000,1106.2663,0.85
1787231880000,1106.2663,0.85
1787231940000,1106.2663,0.85
1787232000000,1106.2663,0.85
1787232060000,1106.2663,0.85
1787232120000,1106.2663,0.85
1787232180000,1106.2663,0.85
1787232240000,1106.2663,0.85
1787232300000,1106.2663,0.85
1787232360000,1106.2663,0.85
1787232420000,1106.2663,0.85
1787232480000,1106.2663,0.85
1787232540000,1106.2663,0.85
1787232600000,1106.2663,0.85
1787232660000,1097.2891,1.66
1787300040000,1097.2891,1.66
1787300100000,1097.2891,1.66
1787300160000,1097.2891,1.66
1787300220000,1097.2891,1.66
1787300280000,1097.2891,1.66
1787300340000,1097.2891,1.66
1787300400000,1097.2891,1.66
1787300460000,1097.2891,1.66
1787300520000,1097.2891,1.66
1787300580000,1097.2891,1.66
1787300640000,1097.2891,1.66
1787300700000,1097.2891,1.66
1787300760000,1097.2891,1.66
1787300820000,1097.2891,1.66
1787300880000,1097.2891,1.66
1787300940000,1097.2891,1.66
1787301000000,1097.2891,1.66
1787301060000,1097.2891,1.66
1787301120000,1097.2891,1.66
1787301180000,1097.2891,1.66
1787301240000,1097.2891,1.66
1787301300000,1097.2891,1.66
1787301360000,1097.2891,1.66
1787301420000,1097.2891,1.66
1787301480000,1097.2891,1.66
1787301540000,1097.2891,1.66
1787301600000,1097.2891,1.66
1787301660000,1097.2891,1.66
1787301720000,1097.2891,1.66
1787301780000,1097.2891,1.66
1787301840000,1097.2891,1.66
1787301900000,1097.2891,1.66
1787301960000,1121.3452,0.0
1787322060000,1121.3452,0.0
1787322120000,1121.3452,0.0
1787322180000,1121.3452,0.0
1787322240000,1121.3452,0.0
1787322300000,1121.3452,0.0
1787322360000,1121.3452,0.0
1787322420000,1112.1555,0.82
1787387280000,1112.1555,0.82
1787387340000,1112.1555,0.82
1787387400000,1112.1555,0.82
1787387460000,1112.1555,0.82
1787387520000,1112.1555,0.82
1787387580000,1112.1555,0.82
1787387640000,1112.1555,0.82
1787387700000,1112.1555,0.82
1787387760000,1112.1555,0.82
1787387820000,1112.1555,0.82
1787387880000,1112.1555,0.82
1787387940000,1112.1555,0.82
1787388000000,1112.1555,0.82
1787388060000,1112.1555,0.82
1787388120000,1112.1555,0.82
1787388180000,1112.1555,0.82
1787388240000,1112.1555,0.82
1787388300000,1112.1555,0.82
1787388360000,1112.1555,0.82
1787388420000,1112.1555,0.82
1787388480000,1112.1555,0.82
1787388540000,1112.1555,0.82
1787388600000,1112.1555,0.82
1787388660000,1112.1555,0.82
1787388720000,1112.1555,0.82
1787388780000,1112.1555,0.82
1787388840000,1112.1555,0.82
1787388900000,1112.1555,0.82
1787388960000,1112.1555,0.82
1787389020000,1112.1555,0.82
1787389080000,1112.1555,0.82
1787389140000,1112.1555,0.82
1787389200000,1112.1555,0.82
1787389260000,1112.1555,0.82
1787389320000,1112.1555,0.82
1787389380000,1112.1555,0.82
1787389440000,1112.1555,0.82
1787389500000,1112.1555,0.82
1787389560000,1112.1555,0.82
1787389620000,1112.1555,0.82
1787389680000,1112.1555,0.82
1787389740000,1112.1555,0.82
1787389800000,1112.1555,0.82
1787389860000,1112.1555,0.82
1787389920000,1112.1555,0.82
1787389980000,1112.1555,0.82
1787390040000,1112.1555,0.82
1787390100000,1112.1555,0.82
1787390160000,1112.1555,0.82
1787390220000,1112.1555,0.82
1787390280000,1112.1555,0.82
1787390340000,1112.1555,0.82
1787390400000,1112.1555,0.82
1787390460000,1112.1555,0.82
1787390520000,1112.1555,0.82
1787390580000,1112.1555,0.82
1787390640000,1112.1555,0.82
1787390700000,1112.1555,0.82
1787390760000,1112.1555,0.82
1787390820000,1112.1555,0.82
1787390880000,1112.1555,0.82
1787390940000,1112.1555,0.82
1787391000000,1112.1555,0.82
1787391060000,1112.1555,0.82
1787391120000,1112.1555,0.82
1787391180000,1112.1555,0.82
1787391240000,1112.1555,0.82
1787391300000,1112.1555,0.82
1787391360000,1112.1555,0.82
1787391420000,1112.1555,0.82
1787391480000,1112.1555,0.82
1787391540000,1112.1555,0.82
1787391600000,1112.1555,0.82
1787391660000,1112.1555,0.82
1787391720000,1112.1555,0.82
1787391780000,1112.1555,0.82
1787391840000,1112.1555,0.82
1787391900000,1112.1555,0.82
1787391960000,1112.1555,0.82
1787392020000,1112.1555,0.82
1787392080000,1112.1555,0.82
1787392140000,1112.1555,0.82
1787392200000,1112.1555,0.82
1787392260000,1112.1555,0.82
1787392320000,1112.1555,0.82
1787392380000,1112.1555,0.82
1787392440000,1112.1555,0.82
1787392500000,1112.1555,0.82
1787392560000,1112.1555,0.82
1787392620000,1112.1555,0.82
1787392680000,1112.1555,0.82
1787392740000,1112.1555,0.82
1787392800000,1112.1555,0.82
1787392860000,1112.1555,0.82
1787392920000,1112.1555,0.82
1787392980000,1112.1555,0.82
1787393040000,1112.1555,0.82
1787393100000,1112.1555,0.82
1787393160000,1112.1555,0.82
1787393220000,1112.1555,0.82
1787393280000,1112.1555,0.82
1787393340000,1112.1555,0.82
1787393400000,1112.1555,0.82
1787393460000,1112.1555,0.82
1787393520000,1112.1555,0.82
1787393580000,1112.1555,0.82
1787393640000,1112.1555,0.82
1787393700000,1112.1555,0.82
1787393760000,1112.1555,0.82
1787393820000,1112.1555,0.82
1787393880000,1112.1555,0.82
1787393940000,1112.1555,0.82
1787394000000,1112.1555,0.82
1787394060000,1112.1555,0.82
1787394120000,1112.1555,0.82
1787394180000,1112.1555,0.82
1787394240000,1112.1555,0.82
1787394300000,1112.1555,0.82
1787394360000,1112.1555,0.82
1787394420000,1112.1555,0.82
1787394480000,1112.1555,0.82
1787394540000,1112.1555,0.82
1787394600000,1112.1555,0.82
1787394660000,1112.1555,0.82
1787394720000,1112.1555,0.82
1787394780000,1112.1555,0.82
1787394840000,1112.1555,0.82
1787394900000,1112.1555,0.82
1787394960000,1112.1555,0.82
1787395020000,1112.1555,0.82
1787395080000,1112.1555,0.82
1787395140000,1112.1555,0.82
1787395200000,1112.1555,0.82
1787395260000,1112.1555,0.82
1787395320000,1112.1555,0.82
1787395380000,1112.1555,0.82
1787395440000,1112.1555,0.82
1787395500000,1112.1555,0.82
1787395560000,1112.1555,0.82
1787395620000,1112.1555,0.82
1787395680000,1112.1555,0.82
1787395740000,1112.1555,0.82
1787395800000,1112.1555,0.82
1787395860000,1112.1555,0.82
1787395920000,1112.1555,0.82
1787395980000,1112.1555,0.82
1787396040000,1112.1555,0.82
1787396100000,1112.1555,0.82
1787396160000,1112.1555,0.82
1787396220000,1112.1555,0.82
1787396280000,1112.1555,0.82
1787396340000,1112.1555,0.82
1787396400000,1112.1555,0.82
1787396460000,1112.1555,0.82
1787396520000,1112.1555,0.82
1787396580000,1112.1555,0.82
1787396640000,1112.1555,0.82
1787396700000,1112.1555,0.82
1787396760000,1112.1555,0.82
1787396820000,1112.1555,0.82
1787396880000,1112.1555,0.82
1787396940000,1112.1555,0.82
1787397000000,1112.1555,0.82
1787397060000,1112.1555,0.82
1787397120000,1112.1555,0.82
1787397180000,1112.1555,0.82
1787397240000,1112.1555,0.82
1787397300000,1112.1555,0.82
1787397360000,1112.1555,0.82
1787397420000,1112.1555,0.82
1787397480000,1112.1555,0.82
1787397540000,1112.1555,0.82
1787397600000,1112.1555,0.82
1787397660000,1112.1555,0.82
1787397720000,1112.1555,0.82
1787397780000,1112.1555,0.82
1787397840000,1112.1555,0.82
1787397900000,1112.1555,0.82
1787397960000,1112.1555,0.82
1787398020000,1112.1555,0.82
1787398080000,1112.1555,0.82
1787398140000,1112.1555,0.82
1787398200000,1112.1555,0.82
1787398260000,1112.1555,0.82
1787398320000,1112.1555,0.82
1787398380000,1112.1555,0.82
1787398440000,1112.1555,0.82
1787398500000,1112.1555,0.82
1787398560000,1112.1555,0.82
1787398620000,1112.1555,0.82
1787398680000,1112.1555,0.82
1787398740000,1112.1555,0.82
1787398800000,1112.1555,0.82
1787398860000,1112.1555,0.82
1787398920000,1112.1555,0.82
1787398980000,1112.1555,0.82
1787399040000,1112.1555,0.82
1787399100000,1112.1555,0.82
1787399160000,1112.1555,0.82
1787399220000,1112.1555,0.82
1787399280000,1112.1555,0.82
1787399340000,1112.1555,0.82
1787399400000,1112.1555,0.82
1787399460000,1112.1555,0.82
1787399520000,1112.1555,0.82
1787399580000,1112.1555,0.82
1787399640000,1112.1555,0.82
1787399700000,1112.1555,0.82
1787399760000,1112.1555,0.82
1787399820000,1112.1555,0.82
1787399880000,1112.1555,0.82
1787399940000,1112.1555,0.82
1787400000000,1112.1555,0.82
1787400060000,1112.1555,0.82
1787400120000,1112.1555,0.82
1787400180000,1112.1555,0.82
1787400240000,1112.1555,0.82
1787400300000,1112.1555,0.82
1787400360000,1112.1555,0.82
1787400420000,1112.1555,0.82
1787400480000,1112.1555,0.82
1787400540000,1112.1555,0.82
1787400600000,1112.1555,0.82
1787400660000,1112.1555,0.82
1787400720000,1112.1555,0.82
1787400780000,1112.1555,0.82
1787400840000,1112.1555,0.82
1787400900000,1112.1555,0.82
1787400960000,1112.1555,0.82
1787401020000,1112.1555,0.82
1787401080000,1112.1555,0.82
1787401140000,1112.1555,0.82
1787401200000,1112.1555,0.82
1787401260000,1112.1555,0.82
1787401320000,1112.1555,0.82
1787401380000,1112.1555,0.82
1787401440000,1112.1555,0.82
1787401500000,1112.1555,0.82
1787401560000,1112.1555,0.82
1787401620000,1112.1555,0.82
1787401680000,1112.1555,0.82
1787401740000,1112.1555,0.82
1787401800000,1112.1555,0.82
1787401860000,1112.1555,0.82
1787401920000,1112.1555,0.82
1787401980000,1112.1555,0.82
1787402040000,1112.1555,0.82
1787402100000,1112.1555,0.82
1787402160000,1112.1555,0.82
1787402220000,1112.1555,0.82
1787402280000,1112.1555,0.82
1787402340000,1112.1555,0.82
1787402400000,1112.1555,0.82
1787402460000,1112.1555,0.82
1787402520000,1112.1555,0.82
1787402580000,1112.1555,0.82
1787402640000,1112.1555,0.82
1787402700000,1112.1555,0.82
1787402760000,1112.1555,0.82
1787402820000,1112.1555,0.82
1787402880000,1112.1555,0.82
1787402940000,1112.1555,0.82
1787403000000,1112.1555,0.82
1787403060000,1112.1555,0.82
1787403120000,1112.1555,0.82
1787403180000,1112.1555,0.82
1787403240000,1112.1555,0.82
1787403300000,1112.1555,0.82
1787403360000,1112.1555,0.82
1787403420000,1112.1555,0.82
1787403480000,1112.1555,0.82
1787403540000,1112.1555,0.82
1787403600000,1112.1555,0.82
1787403660000,1112.1555,0.82
1787403720000,1112.1555,0.82
1787403780000,1112.1555,0.82
1787403840000,1112.1555,0.82
1787403900000,1112.1555,0.82
1787403960000,1112.1555,0.82
1787404020000,1112.1555,0.82
1787404080000,1112.1555,0.82
1787404140000,1112.1555,0.82
1787404200000,1112.1555,0.82
1787404260000,1112.1555,0.82
1787404320000,1112.1555,0.82
1787404380000,1112.1555,0.82
1787404440000,1112.1555,0.82
1787404500000,1112.1555,0.82
1787404560000,1112.1555,0.82
1787404620000,1112.1555,0.82
1787404680000,1112.1555,0.82
1787404740000,1112.1555,0.82
1787404800000,1112.1555,0.82
1787404860000,1112.1555,0.82
1787404920000,1112.1555,0.82
1787404980000,1112.1555,0.82
1787405040000,1112.1555,0.82
1787405100000,1112.1555,0.82
1787405160000,1112.1555,0.82
1787405220000,1112.1555,0.82
1787405280000,1112.1555,0.82
1787405340000,1112.1555,0.82
1787405400000,1112.1555,0.82
1787405460000,1112.1555,0.82
1787405520000,1112.1555,0.82
1787405580000,1112.1555,0.82
1787405640000,1112.1555,0.82
1787405700000,1112.1555,0.82
1787405760000,1112.1555,0.82
1787405820000,1112.1555,0.82
1787405880000,1112.1555,0.82
1787405940000,1112.1555,0.82
1787406000000,1112.1555,0.82
1787406060000,1112.1555,0.82
1787406120000,1112.1555,0.82
1787406180000,1112.1555,0.82
1787406240000,1112.1555,0.82
1787406300000,1112.1555,0.82
1787406360000,1112.1555,0.82
1787406420000,1112.1555,0.82
1787406480000,1112.1555,0.82
1787406540000,1112.1555,0.82
1787406600000,1112.1555,0.82
1787406660000,1112.1555,0.82
1787406720000,1112.1555,0.82
1787406780000,1112.1555,0.82
1787406840000,1112.1555,0.82
1787406900000,1112.1555,0.82
1787406960000,1112.1555,0.82
1787407020000,1112.1555,0.82
1787407080000,1112.1555,0.82
1787407140000,1112.1555,0.82
1787407200000,1112.1555,0.82
1787407260000,1112.1555,0.82
1787407320000,1112.1555,0.82
1787407380000,1112.1555,0.82
1787407440000,1112.1555,0.82
1787407500000,1112.1555,0.82
1787407560000,1112.1555,0.82
1787407620000,1112.1555,0.82
1787407680000,1112.1555,0.82
1787407740000,1112.1555,0.82
1787407800000,1112.1555,0.82
1787407860000,1112.1555,0.82
1787407920000,1112.1555,0.82
1787407980000,1112.1555,0.82
1787408040000,1112.1555,0.82
1787408100000,1112.1555,0.82
1787408160000,1112.1555,0.82
1787408220000,1112.1555,0.82
1787408280000,1112.1555,0.82
1787408340000,1112.1555,0.82
1787408400000,1112.1555,0.82
1787408460000,1112.1555,0.82
1787408520000,1112.1555,0.82
1787408580000,1112.1555,0.82
1787408640000,1112.1555,0.82
1787408700000,1112.1555,0.82
1787408760000,1112.1555,0.82
1787408820000,1112.1555,0.82
1787408880000,1112.1555,0.82
1787408940000,1112.1555,0.82
1787409000000,1112.1555,0.82
1787409060000,1112.1555,0.82
1787409120000,1112.1555,0.82
1787409180000,1112.1555,0.82
1787409240000,1112.1555,0.82
1787409300000,1112.1555,0.82
1787409360000,1112.1555,0.82
1787409420000,1112.1555,0.82
1787409480000,1112.1555,0.82
1787409540000,1112.1555,0.82
1787409600000,1112.1555,0.82
1787409660000,1112.1555,0.82
1787409720000,1112.1555,0.82
1787409780000,1112.1555,0.82
1787409840000,1112.1555,0.82
1787409900000,1112.1555,0.82
1787409960000,1112.1555,0.82
1787410020000,1112.1555,0.82
1787410080000,1112.1555,0.82
1787410140000,1112.1555,0.82
1787410200000,1112.1555,0.82
1787410260000,1112.1555,0.82
1787410320000,1112.1555,0.82
1787410380000,1112.1555,0.82
1787410440000,1112.1555,0.82
1787410500000,1112.1555,0.82
1787410560000,1112.1555,0.82
1787410620000,1112.1555,0.82
1787410680000,1112.1555,0.82
1787410740000,1112.1555,0.82
1787410800000,1112.1555,0.82
1787410860000,1112.1555,0.82
1787410920000,1112.1555,0.82
1787410980000,1112.1555,0.82
1787411040000,1112.1555,0.82
1787411100000,1112.1555,0.82
1787411160000,1112.1555,0.82
1787411220000,1112.1555,0.82
1787411280000,1112.1555,0.82
1787411340000,1112.1555,0.82
1787411400000,1112.1555,0.82
1787411460000,1112.1555,0.82
1787411520000,1112.1555,0.82
1787411580000,1112.1555,0.82
1787411640000,1112.1555,0.82
1787411700000,1112.1555,0.82
1787411760000,1112.1555,0.82
1787411820000,1112.1555,0.82
1787411880000,1112.1555,0.82
1787411940000,1112.1555,0.82
1787412000000,1112.1555,0.82
1787412060000,1112.1555,0.82
1787412120000,1112.1555,0.82
1787412180000,1112.1555,0.82
1787412240000,1112.1555,0.82
1787412300000,1112.1555,0.82
1787412360000,1112.1555,0.82
1787412420000,1112.1555,0.82
1787412480000,1112.1555,0.82
1787412540000,1112.1555,0.82
1787412600000,1112.1555,0.82
1787412660000,1112.1555,0.82
1787412720000,1112.1555,0.82
1787412780000,1112.1555,0.82
1787412840000,1112.1555,0.82
1787412900000,1112.1555,0.82
1787412960000,1112.1555,0.82
1787413020000,1112.1555,0.82
1787413080000,1112.1555,0.82
1787413140000,1112.1555,0.82
1787413200000,1112.1555,0.82
1787413260000,1112.1555,0.82
1787413320000,1112.1555,0.82
1787413380000,1112.1555,0.82
1787413440000,1112.1555,0.82
1787413500000,1112.1555,0.82
1787413560000,1112.1555,0.82
1787413620000,1112.1555,0.82
1787413680000,1112.1555,0.82
1787413740000,1112.1555,0.82
1787413800000,1112.1555,0.82
1787413860000,1112.1555,0.82
1787413920000,1112.1555,0.82
1787413980000,1112.1555,0.82
1787414040000,1112.1555,0.82
1787414100000,1112.1555,0.82
1787414160000,1112.1555,0.82
1787414220000,1112.1555,0.82
1787414280000,1112.1555,0.82
1787414340000,1112.1555,0.82
1787414400000,1112.1555,0.82
1787414460000,1112.1555,0.82
1787414520000,1112.1555,0.82
1787414580000,1112.1555,0.82
1787414640000,1112.1555,0.82
1787414700000,1112.1555,0.82
1787414760000,1112.1555,0.82
1787414820000,1112.1555,0.82
1787414880000,1112.1555,0.82
1787414940000,1112.1555,0.82
1787415000000,1112.1555,0.82
1787415060000,1112.1555,0.82
1787415120000,1112.1555,0.82
1787415180000,1112.1555,0.82
1787415240000,1112.1555,0.82
1787415300000,1112.1555,0.82
1787415360000,1112.1555,0.82
1787415420000,1112.1555,0.82
1787415480000,1112.1555,0.82
1787415540000,1112.1555,0.82
1787415600000,1112.1555,0.82
1787415660000,1112.1555,0.82
1787415720000,1112.1555,0.82
1787415780000,1112.1555,0.82
1787415840000,1112.1555,0.82
1787415900000,1112.1555,0.82
1787415960000,1112.1555,0.82
1787416020000,1112.1555,0.82
1787416080000,1112.1555,0.82
1787416140000,1112.1555,0.82
1787416200000,1112.1555,0.82
1787416260000,1112.1555,0.82
1787416320000,1112.1555,0.82
1787416380000,1112.1555,0.82
1787416440000,1112.1555,0.82
1787416500000,1112.1555,0.82
1787416560000,1112.1555,0.82
1787416620000,1112.1555,0.82
1787416680000,1112.1555,0.82
1787416740000,1112.1555,0.82
1787416800000,1112.1555,0.82
1787416860000,1112.1555,0.82
1787416920000,1112.1555,0.82
1787416980000,1112.1555,0.82
1787417040000,1112.1555,0.82
1787417100000,1112.1555,0.82
1787417160000,1112.1555,0.82
1787417220000,1112.1555,0.82
1787417280000,1112.1555,0.82
1787417340000,1112.1555,0.82
1787417400000,1112.1555,0.82
1787417460000,1112.1555,0.82
1787417520000,1112.1555,0.82
1787417580000,1112.1555,0.82
1787417640000,1112.1555,0.82
1787417700000,1112.1555,0.82
1787417760000,1112.1555,0.82
1787417820000,1112.1555,0.82
1787417880000,1112.1555,0.82
1787417940000,1112.1555,0.82
1787418000000,1112.1555,0.82
1787418060000,1112.1555,0.82
1787418120000,1112.1555,0.82
1787418180000,1112.1555,0.82
1787418240000,1112.1555,0.82
1787418300000,1112.1555,0.82
1787418360000,1112.1555,0.82
1787418420000,1112.1555,0.82
1787418480000,1112.1555,0.82
1787418540000,1112.1555,0.82
1787418600000,1112.1555,0.82
1787418660000,1112.1555,0.82
1787418720000,1112.1555,0.82
1787418780000,1112.1555,0.82
1787418840000,1112.1555,0.82
1787418900000,1112.1555,0.82
1787418960000,1112.1555,0.82
1787419020000,1112.1555,0.82
1787419080000,1112.1555,0.82
1787419140000,1112.1555,0.82
1787419200000,1112.1555,0.82
1787419260000,1112.1555,0.82
1787419320000,1112.1555,0.82
1787419380000,1112.1555,0.82
1787419440000,1112.1555,0.82
1787419500000,1112.1555,0.82
1787419560000,1112.1555,0.82
1787419620000,1112.1555,0.82
1787419680000,1112.1555,0.82
1787419740000,1112.1555,0.82
1787419800000,1112.1555,0.82
1787419860000,1112.1555,0.82
1787419920000,1112.1555,0.82
1787419980000,1112.1555,0.82
1787420040000,1112.1555,0.82
1787420100000,1112.1555,0.82
1787420160000,1112.1555,0.82
1787420220000,1112.1555,0.82
1787420280000,1112.1555,0.82
1787420340000,1112.1555,0.82
1787420400000,1112.1555,0.82
1787420460000,1112.1555,0.82
1787420520000,1112.1555,0.82
1787420580000,1112.1555,0.82
1787420640000,1112.1555,0.82
1787420700000,1112.1555,0.82
1787420760000,1112.1555,0.82
1787420820000,1112.1555,0.82
1787420880000,1112.1555,0.82
1787420940000,1112.1555,0.82
1787421000000,1112.1555,0.82
1787421060000,1112.1555,0.82
1787421120000,1112.1555,0.82
1787421180000,1112.1555,0.82
1787421240000,1112.1555,0.82
1787421300000,1112.1555,0.82
1787421360000,1112.1555,0.82
1787421420000,1112.1555,0.82
1787421480000,1112.1555,0.82
1787421540000,1112.1555,0.82
1787421600000,1112.1555,0.82
1787421660000,1112.1555,0.82
1787421720000,1112.1555,0.82
1787421780000,1112.1555,0.82
1787421840000,1112.1555,0.82
1787421900000,1112.1555,0.82
1787421960000,1112.1555,0.82
1787422020000,1112.1555,0.82
1787422080000,1112.1555,0.82
1787422140000,1112.1555,0.82
1787422200000,1112.1555,0.82
1787422260000,1112.1555,0.82
1787422320000,1112.1555,0.82
1787422380000,1112.1555,0.82
1787422440000,1112.1555,0.82
1787422500000,1112.1555,0.82
1787422560000,1112.1555,0.82
1787422620000,1112.1555,0.82
1787422680000,1112.1555,0.82
1787422740000,1112.1555,0.82
1787422800000,1112.1555,0.82
1787422860000,1112.1555,0.82
1787422920000,1112.1555,0.82
1787422980000,1112.1555,0.82
1787423040000,1112.1555,0.82
1787423100000,1112.1555,0.82
1787423160000,1112.1555,0.82
1787423220000,1112.1555,0.82
1787423280000,1112.1555,0.82
1787423340000,1112.1555,0.82
1787423400000,1112.1555,0.82
1787423460000,1112.1555,0.82
1787423520000,1112.1555,0.82
1787423580000,1112.1555,0.82
1787423640000,1112.1555,0.82
1787423700000,1112.1555,0.82
1787423760000,1112.1555,0.82
1787423820000,1112.1555,0.82
1787423880000,1112.1555,0.82
1787423940000,1112.1555,0.82
1787424000000,1112.1555,0.82
1787424060000,1112.1555,0.82
1787424120000,1112.1555,0.82
1787424180000,1112.1555,0.82
1787424240000,1112.1555,0.82
1787424300000,1112.1555,0.82
1787424360000,1112.1555,0.82
1787424420000,1112.1555,0.82
1787424480000,1112.1555,0.82
1787424540000,1112.1555,0.82
1787424600000,1112.1555,0.82
1787424660000,1112.1555,0.82
1787424720000,1112.1555,0.82
1787424780000,1112.1555,0.82
1787424840000,1112.1555,0.82
1787424900000,1112.1555,0.82
1787424960000,1112.1555,0.82
1787425020000,1112.1555,0.82
1787425080000,1112.1555,0.82
1787425140000,1112.1555,0.82
1787425200000,1112.1555,0.82
1787425260000,1112.1555,0.82
1787425320000,1112.1555,0.82
1787425380000,1112.1555,0.82
1787425440000,1112.1555,0.82
1787425500000,1112.1555,0.82
1787425560000,1112.1555,0.82
1787425620000,1112.1555,0.82
1787425680000,1112.1555,0.82
1787425740000,1112.1555,0.82
1787425800000,1112.1555,0.82
1787425860000,1112.1555,0.82
1787425920000,1112.1555,0.82
1787425980000,1112.1555,0.82
1787426040000,1112.1555,0.82
1787426100000,1112.1555,0.82
1787426160000,1112.1555,0.82
1787426220000,1112.1555,0.82
1787426280000,1112.1555,0.82
1787426340000,1112.1555,0.82
1787426400000,1112.1555,0.82
1787426460000,1112.1555,0.82
1787426520000,1112.1555,0.82
1787426580000,1112.1555,0.82
1787426640000,1112.1555,0.82
1787426700000,1112.1555,0.82
1787426760000,1112.1555,0.82
1787426820000,1112.1555,0.82
1787426880000,1112.1555,0.82
1787426940000,1112.1555,0.82
1787427000000,1112.1555,0.82
1787427060000,1112.1555,0.82
1787427120000,1112.1555,0.82
1787427180000,1112.1555,0.82
1787427240000,1112.1555,0.82
1787427300000,1112.1555,0.82
1787427360000,1112.1555,0.82
1787427420000,1112.1555,0.82
1787427480000,1112.1555,0.82
1787427540000,1112.1555,0.82
1787427600000,1112.1555,0.82
1787427660000,1112.1555,0.82
1787427720000,1112.1555,0.82
1787427780000,1112.1555,0.82
1787427840000,1112.1555,0.82
1787427900000,1112.1555,0.82
1787427960000,1112.1555,0.82
1787428020000,1112.1555,0.82
1787428080000,1112.1555,0.82
1787428140000,1112.1555,0.82
1787428200000,1112.1555,0.82
1787428260000,1102.8529,1.65
1787491200000,1102.8529,1.65
1787491260000,1102.8529,1.65
1787491320000,1102.8529,1.65
1787491380000,1102.8529,1.65
1787491440000,1102.8529,1.65
1787491500000,1102.8529,1.65
1787491560000,1102.8529,1.65
1787491620000,1102.8529,1.65
1787491680000,1102.8529,1.65
1787491740000,1102.8529,1.65
1787491800000,1102.8529,1.65
1787491860000,1093.902,2.45
1787494440000,1093.902,2.45
1787494500000,1093.902,2.45
1787494560000,1093.902,2.45
1787494620000,1093.902,2.45
1787494680000,1093.902,2.45
1787494740000,1093.902,2.45
1787494800000,1093.902,2.45
1787494860000,1093.902,2.45
1787494920000,1093.902,2.45
1787494980000,1093.902,2.45
1787495040000,1093.902,2.45
1787495100000,1093.902,2.45
1787495160000,1093.902,2.45
1787495220000,1093.902,2.45
1787495280000,1093.902,2.45
1787495340000,1093.902,2.45
1787495400000,1093.902,2.45
1787495460000,1093.902,2.45
1787495520000,1084.851,3.25
1787580120000,1084.851,3.25
1787580180000,1084.851,3.25
1787580240000,1084.851,3.25
1787580300000,1084.851,3.25
1787580360000,1084.851,3.25
1787580420000,1084.851,3.25
1787580480000,1084.851,3.25
1787580540000,1084.851,3.25
1787580600000,1084.851,3.25
1787580660000,1084.851,3.25
1787580720000,1084.851,3.25
1787580780000,1084.851,3.25
1787580840000,1084.851,3.25
1787580900000,1084.851,3.25
1787580960000,1084.851,3.25
1787581020000,1084.851,3.25
1787581080000,1084.851,3.25
1787581140000,1084.851,3.25
1787581200000,1084.851,3.25
1787581260000,1084.851,3.25
1787581320000,1084.851,3.25
1787581380000,1084.851,3.25
1787581440000,1084.851,3.25
1787581500000,1084.851,3.25
1787581560000,1084.851,3.25
1787581620000,1084.851,3.25
1787581680000,1084.851,3.25
1787581740000,1084.851,3.25
1787581800000,1084.851,3.25
1787581860000,1084.851,3.25
1787581920000,1084.851,3.25
1787581980000,1084.851,3.25
1787582040000,1084.851,3.25
1787582100000,1084.851,3.25
1787582160000,1084.851,3.25
1787582220000,1084.851,3.25
1787582280000,1084.851,3.25
1787582340000,1084.851,3.25
1787582400000,1084.851,3.25
1787582460000,1084.851,3.25
1787582520000,1084.851,3.25
1787582580000,1084.851,3.25
1787582640000,1084.851,3.25
1787582700000,1084.851,3.25
1787582760000,1084.851,3.25
1787582820000,1084.851,3.25
1787582880000,1084.851,3.25
1787582940000,1084.851,3.25
1787583000000,1084.851,3.25
1787583060000,1084.851,3.25
1787583120000,1084.851,3.25
1787583180000,1084.851,3.25
1787583240000,1084.851,3.25
1787583300000,1084.851,3.25
1787583360000,1084.851,3.25
1787583420000,1084.851,3.25
1787583480000,1084.851,3.25
1787583540000,1084.851,3.25
1787583600000,1084.851,3.25
1787583660000,1084.851,3.25
1787583720000,1084.851,3.25
1787583780000,1084.851,3.25
1787583840000,1084.851,3.25
1787583900000,1084.851,3.25
1787583960000,1084.851,3.25
1787584020000,1084.851,3.25
1787584080000,1084.851,3.25
1787584140000,1084.851,3.25
1787584200000,1084.851,3.25
1787584260000,1084.851,3.25
1787584320000,1084.851,3.25
1787584380000,1084.851,3.25
1787584440000,1084.851,3.25
1787584500000,1084.851,3.25
1787584560000,1084.851,3.25
1787584620000,1084.851,3.25
1787584680000,1084.851,3.25
1787584740000,1084.851,3.25
1787584800000,1084.851,3.25
1787584860000,1084.851,3.25
1787584920000,1084.851,3.25
1787584980000,1084.851,3.25
1787585040000,1084.851,3.25
1787585100000,1084.851,3.25
1787585160000,1084.851,3.25
1787585220000,1084.851,3.25
1787585280000,1084.851,3.25
1787585340000,1084.851,3.25
1787585400000,1084.851,3.25
1787585460000,1084.851,3.25
1787585520000,1084.851,3.25
1787585580000,1084.851,3.25
1787585640000,1084.851,3.25
1787585700000,1084.851,3.25
1787585760000,1084.851,3.25
1787585820000,1084.851,3.25
1787585880000,1084.851,3.25
1787585940000,1084.851,3.25
1787586000000,1084.851,3.25
1787586060000,1084.851,3.25
1787586120000,1084.851,3.25
1787586180000,1084.851,3.25
1787586240000,1084.851,3.25
1787586300000,1084.851,3.25
1787586360000,1084.851,3.25
1787586420000,1084.851,3.25
1787586480000,1084.851,3.25
1787586540000,1084.851,3.25
1787586600000,1084.851,3.25
1787586660000,1084.851,3.25
1787586720000,1084.851,3.25
1787586780000,1084.851,3.25
1787586840000,1084.851,3.25
1787586900000,1084.851,3.25
1787586960000,1084.851,3.25
1787587020000,1084.851,3.25
1787587080000,1084.851,3.25
1787587140000,1084.851,3.25
1787587200000,1084.851,3.25
1787587260000,1084.851,3.25
1787587320000,1084.851,3.25
1787587380000,1084.851,3.25
1787587440000,1084.851,3.25
1787587500000,1084.851,3.25
1787587560000,1084.851,3.25
1787587620000,1084.851,3.25
1787587680000,1084.851,3.25
1787587740000,1084.851,3.25
1787587800000,1084.851,3.25
1787587860000,1084.851,3.25
1787587920000,1084.851,3.25
1787587980000,1084.851,3.25
1787588040000,1084.851,3.25
1787588100000,1084.851,3.25
1787588160000,1084.851,3.25
1787588220000,1084.851,3.25
1787588280000,1084.851,3.25
1787588340000,1084.851,3.25
1787588400000,1084.851,3.25
1787588460000,1084.851,3.25
1787588520000,1084.851,3.25
1787588580000,1084.851,3.25
1787588640000,1084.851,3.25
1787588700000,1084.851,3.25
1787588760000,1084.851,3.25
1787588820000,1084.851,3.25
1787588880000,1084.851,3.25
1787588940000,1084.851,3.25
1787589000000,1084.851,3.25
1787589060000,1084.851,3.25
1787589120000,1084.851,3.25
1787589180000,1084.851,3.25
1787589240000,1084.851,3.25
1787589300000,1084.851,3.25
1787589360000,1084.851,3.25
1787589420000,1084.851,3.25
1787589480000,1084.851,3.25
1787589540000,1084.851,3.25
1787589600000,1084.851,3.25
1787589660000,1084.851,3.25
1787589720000,1084.851,3.25
1787589780000,1084.851,3.25
1787589840000,1084.851,3.25
1787589900000,1084.851,3.25
1787589960000,1084.851,3.25
1787590020000,1084.851,3.25
1787590080000,1084.851,3.25
1787590140000,1084.851,3.25
1787590200000,1084.851,3.25
1787590260000,1084.851,3.25
1787590320000,1084.851,3.25
1787590380000,1084.851,3.25
1787590440000,1076.0348,4.04
1787656320000,1076.0348,4.04
1787656380000,1076.0348,4.04
1787656440000,1076.0348,4.04
1787656500000,1076.0348,4.04
1787656560000,1076.0348,4.04
1787656620000,1076.0348,4.04
1787656680000,1076.0348,4.04
1787656740000,1076.0348,4.04
1787656800000,1076.0348,4.04
1787656860000,1076.0348,4.04
1787656920000,1076.0348,4.04
1787656980000,1076.0348,4.04
1787657040000,1076.0348,4.04
1787657100000,1076.0348,4.04
1787657160000,1076.0348,4.04
1787657220000,1076.0348,4.04
1787657280000,1076.0348,4.04
1787657340000,1076.0348,4.04
1787657400000,1076.0348,4.04
1787657460000,1076.0348,4.04
1787657520000,1076.0348,4.04
1787657580000,1076.0348,4.04
1787657640000,1076.0348,4.04
1787657700000,1076.0348,4.04
1787657760000,1076.0348,4.04
1787657820000,1066.3259,4.91
1788191040000,1066.3259,4.91
1788191100000,1066.3259,4.91
1788191160000,1066.3259,4.91
1788191220000,1066.3259,4.91
1788191280000,1066.3259,4.91
1788191340000,1066.3259,4.91
1788191400000,1066.3259,4.91
1788191460000,1066.3259,4.91
1788191520000,1066.3259,4.91
1788191580000,1066.3259,4.91
1788191640000,1066.3259,4.91
1788191700000,1066.3259,4.91
1788191760000,1066.3259,4.91
1788191820000,1066.3259,4.91
1788191880000,1066.3259,4.91
1788191940000,1066.3259,4.91
1788192000000,1056.7391,5.76
1788269880000,1056.7391,5.76
1788269940000,1056.7391,5.76
1788270000000,1056.7391,5.76
1788270060000,1056.7391,5.76
1788270120000,1056.7391,5.76
1788270180000,1056.7391,5.76
1788270240000,1056.7391,5.76
1788270300000,1056.7391,5.76
1788270360000,1056.7391,5.76
1788270420000,1056.7391,5.76
1788270480000,1056.7391,5.76
1788270540000,1056.7391,5.76
1788270600000,1056.7391,5.76
1788270660000,1056.7391,5.76
1788270720000,1056.7391,5.76
1788270780000,1056.7391,5.76
1788270840000,1056.7391,5.76
1788270900000,1056.7391,5.76
1788270960000,1056.7391,5.76
1788271020000,1056.7391,5.76
1788271080000,1056.7391,5.76
1788271140000,1056.7391,5.76
1788271200000,1056.7391,5.76
1788271260000,1047.7598,6.56
1788274920000,1047.7598,6.56
1788274980000,1047.7598,6.56
1788275040000,1047.7598,6.56
1788275100000,1047.7598,6.56
1788275160000,1047.7598,6.56
1788275220000,1047.7598,6.56
1788275280000,1047.7598,6.56
1788275340000,1047.7598,6.56
1788275400000,1047.7598,6.56
1788275460000,1047.7598,6.56
1788275520000,1047.7598,6.56
1788275580000,1047.7598,6.56
1788275640000,1047.7598,6.56
1788275700000,1047.7598,6.56
1788275760000,1047.7598,6.56
1788275820000,1047.7598,6.56
1788275880000,1047.7598,6.56
1788275940000,1047.7598,6.56
1788276000000,1047.7598,6.56
1788276060000,1047.7598,6.56
1788276120000,1047.7598,6.56
1788276180000,1047.7598,6.56
1788276240000,1047.7598,6.56
1788276300000,1047.7598,6.56
1788276360000,1047.7598,6.56
1788276420000,1047.7598,6.56
1788276480000,1047.7598,6.56
1788276540000,1047.7598,6.56
1788276600000,1047.7598,6.56
1788276660000,1047.7598,6.56
1788276720000,1047.7598,6.56
1788276780000,1047.7598,6.56
1788276840000,1047.7598,6.56
1788276900000,1047.7598,6.56
1788276960000,1047.7598,6.56
1788277020000,1047.7598,6.56
1788277080000,1047.7598,6.56
1788277140000,1047.7598,6.56
1788277200000,1047.7598,6.56
1788277260000,1047.7598,6.56
1788277320000,1047.7598,6.56
1788277380000,1047.7598,6.56
1788277440000,1047.7598,6.56
1788277500000,1047.7598,6.56
1788277560000,1047.7598,6.56
1788277620000,1047.7598,6.56
1788277680000,1047.7598,6.56
1788277740000,1047.7598,6.56
1788277800000,1047.7598,6.56
1788277860000,1038.7882,7.36
1788279720000,1038.7882,7.36
1788279780000,1038.7882,7.36
1788279840000,1038.7882,7.36
1788279900000,1038.7882,7.36
1788279960000,1038.7882,7.36
1788280020000,1038.7882,7.36
1788280080000,1038.7882,7.36
1788280140000,1038.7882,7.36
1788280200000,1038.7882,7.36
1788280260000,1038.7882,7.36
1788280320000,1038.7882,7.36
1788280380000,1038.7882,7.36
1788280440000,1038.7882,7.36
1788280500000,1038.7882,7.36
1788280560000,1038.7882,7.36
1788280620000,1038.7882,7.36
1788280680000,1038.7882,7.36
1788280740000,1038.7882,7.36
1788280800000,1038.7882,7.36
1788280860000,1038.7882,7.36
1788280920000,1038.7882,7.36
1788280980000,1038.7882,7.36
1788281040000,1038.7882,7.36
1788281100000,1038.7882,7.36
1788281160000,1038.7882,7.36
1788281220000,1038.7882,7.36
1788281280000,1038.7882,7.36
1788281340000,1038.7882,7.36
1788281400000,1038.7882,7.36
1788281460000,1038.7882,7.36
1788281520000,1038.7882,7.36
1788281580000,1038.7882,7.36
1788281640000,1038.7882,7.36
1788281700000,1038.7882,7.36
1788281760000,1038.7882,7.36
1788281820000,1038.7882,7.36
1788281880000,1038.7882,7.36
1788281940000,1038.7882,7.36
1788282000000,1038.7882,7.36
1788282060000,1038.7882,7.36
1788282120000,1038.7882,7.36
1788282180000,1038.7882,7.36
1788282240000,1038.7882,7.36
1788282300000,1038.7882,7.36
1788282360000,1038.7882,7.36
1788282420000,1038.7882,7.36
1788282480000,1038.7882,7.36
1788282540000,1038.7882,7.36
1788282600000,1038.7882,7.36
1788282660000,1038.7882,7.36
1788282720000,1038.7882,7.36
1788282780000,1038.7882,7.36
1788282840000,1038.7882,7.36
1788282900000,1038.7882,7.36
1788282960000,1038.7882,7.36
1788283020000,1038.7882,7.36
1788283080000,1038.7882,7.36
1788283140000,1038.7882,7.36
1788283200000,1038.7882,7.36
1788283260000,1038.7882,7.36
1788283320000,1038.7882,7.36
1788283380000,1038.7882,7.36
1788283440000,1038.7882,7.36
1788283500000,1038.7882,7.36
1788283560000,1038.7882,7.36
1788283620000,1038.7882,7.36
1788283680000,1038.7882,7.36
1788283740000,1038.7882,7.36
1788283800000,1038.7882,7.36
1788283860000,1038.7882,7.36
1788283920000,1038.7882,7.36
1788283980000,1038.7882,7.36
1788284040000,1038.7882,7.36
1788284100000,1038.7882,7.36
1788284160000,1038.7882,7.36
1788284220000,1038.7882,7.36
1788284280000,1038.7882,7.36
1788284340000,1038.7882,7.36
1788284400000,1038.7882,7.36
1788284460000,1038.7882,7.36
1788284520000,1038.7882,7.36
1788284580000,1038.7882,7.36
1788284640000,1038.7882,7.36
1788284700000,1038.7882,7.36
1788284760000,1038.7882,7.36
1788284820000,1038.7882,7.36
1788284880000,1038.7882,7.36
1788284940000,1038.7882,7.36
1788285000000,1038.7882,7.36
1788285060000,1038.7882,7.36
1788285120000,1038.7882,7.36
1788285180000,1038.7882,7.36
1788285240000,1038.7882,7.36
1788285300000,1038.7882,7.36
1788285360000,1038.7882,7.36
1788285420000,1038.7882,7.36
1788285480000,1038.7882,7.36
1788285540000,1038.7882,7.36
1788285600000,1038.7882,7.36
1788285660000,1038.7882,7.36
1788285720000,1038.7882,7.36
1788285780000,1038.7882,7.36
1788285840000,1038.7882,7.36
1788285900000,1038.7882,7.36
1788285960000,1038.7882,7.36
1788286020000,1038.7882,7.36
1788286080000,1038.7882,7.36
1788286140000,1038.7882,7.36
1788286200000,1038.7882,7.36
1788286260000,1038.7882,7.36
1788286320000,1038.7882,7.36
1788286380000,1038.7882,7.36
1788286440000,1038.7882,7.36
1788286500000,1038.7882,7.36
1788286560000,1038.7882,7.36
1788286620000,1038.7882,7.36
1788286680000,1038.7882,7.36
1788286740000,1038.7882,7.36
1788286800000,1038.7882,7.36
1788286860000,1038.7882,7.36
1788286920000,1038.7882,7.36
1788286980000,1038.7882,7.36
1788287040000,1038.7882,7.36
1788287100000,1038.7882,7.36
1788287160000,1038.7882,7.36
1788287220000,1038.7882,7.36
1788287280000,1038.7882,7.36
1788287340000,1038.7882,7.36
1788287400000,1038.7882,7.36
1788287460000,1038.7882,7.36
1788287520000,1038.7882,7.36
1788287580000,1038.7882,7.36
1788287640000,1038.7882,7.36
1788287700000,1038.7882,7.36
1788287760000,1038.7882,7.36
1788287820000,1038.7882,7.36
1788287880000,1038.7882,7.36
1788287940000,1060.4389,5.43
1788445500000,1060.4389,5.43
1788445560000,1060.4389,5.43
1788445620000,1060.4389,5.43
1788445680000,1060.4389,5.43
1788445740000,1060.4389,5.43
1788445800000,1060.4389,5.43
1788445860000,1060.4389,5.43
1788445920000,1060.4389,5.43
1788445980000,1060.4389,5.43
1788446040000,1060.4389,5.43
1788446100000,1060.4389,5.43
1788446160000,1060.4389,5.43
1788446220000,1060.4389,5.43
1788446280000,1060.4389,5.43
1788446340000,1060.4389,5.43
1788446400000,1060.4389,5.43
1788446460000,1060.4389,5.43
1788446520000,1060.4389,5.43
1788446580000,1060.4389,5.43
1788446640000,1060.4389,5.43
1788446700000,1060.4389,5.43
1788446760000,1060.4389,5.43
1788446820000,1060.4389,5.43
1788446880000,1083.5622,3.37
1788447600000,1083.5622,3.37
1788447660000,1083.5622,3.37
1788447720000,1083.5622,3.37
1788447780000,1083.5622,3.37
1788447840000,1083.5622,3.37
1788447900000,1083.5622,3.37
1788447960000,1083.5622,3.37
1788448020000,1083.5622,3.37
1788448080000,1083.5622,3.37
1788448140000,1083.5622,3.37
1788448200000,1083.5622,3.37
1788448260000,1083.5622,3.37
1788448320000,1083.5622,3.37
1788448380000,1083.5622,3.37
1788448440000,1083.5622,3.37
1788448500000,1083.5622,3.37
1788448560000,1083.5622,3.37
1788448620000,1083.5622,3.37
1788448680000,1083.5622,3.37
1788448740000,1083.5622,3.37
1788448800000,1083.5622,3.37
1788448860000,1083.5622,3.37
1788448920000,1083.5622,3.37
1788448980000,1083.5622,3.37
1788449040000,1083.5622,3.37
1788449100000,1083.5622,3.37
1788449160000,1083.5622,3.37
1788449220000,1083.5622,3.37
1788449280000,1083.5622,3.37
1788449340000,1083.5622,3.37
1788449400000,1083.5622,3.37
1788449460000,1083.5622,3.37
1788449520000,1083.5622,3.37
1788449580000,1083.5622,3.37
1788449640000,1083.5622,3.37
1788449700000,1083.5622,3.37
1788449760000,1083.5622,3.37
1788449820000,1083.5622,3.37
1788449880000,1083.5622,3.37
1788449940000,1083.5622,3.37
1788450000000,1083.5622,3.37
1788450060000,1083.5622,3.37
1788450120000,1083.5622,3.37
1788450180000,1083.5622,3.37
1788450240000,1083.5622,3.37
1788450300000,1083.5622,3.37
1788450360000,1083.5622,3.37
1788450420000,1083.5622,3.37
1788450480000,1083.5622,3.37
1788450540000,1083.5622,3.37
1788450600000,1083.5622,3.37
1788450660000,1083.5622,3.37
1788450720000,1083.5622,3.37
1788450780000,1083.5622,3.37
1788450840000,1083.5622,3.37
1788450900000,1083.5622,3.37
1788450960000,1083.5622,3.37
1788451020000,1083.5622,3.37
1788451080000,1083.5622,3.37
1788451140000,1083.5622,3.37
1788451200000,1083.5622,3.37
1788451260000,1083.5622,3.37
1788451320000,1083.5622,3.37
1788451380000,1083.5622,3.37
1788451440000,1083.5622,3.37
1788451500000,1083.5622,3.37
1788451560000,1083.5622,3.37
1788451620000,1083.5622,3.37
1788451680000,1083.5622,3.37
1788451740000,1083.5622,3.37
1788451800000,1083.5622,3.37
1788451860000,1083.5622,3.37
1788451920000,1083.5622,3.37
1788451980000,1083.5622,3.37
1788452040000,1083.5622,3.37
1788452100000,1083.5622,3.37
1788452160000,1083.5622,3.37
1788452220000,1083.5622,3.37
1788452280000,1083.5622,3.37
1788452340000,1083.5622,3.37
1788452400000,1083.5622,3.37
1788452460000,1083.5622,3.37
1788452520000,1083.5622,3.37
1788452580000,1083.5622,3.37
1788452640000,1083.5622,3.37
1788452700000,1083.5622,3.37
1788452760000,1083.5622,3.37
1788452820000,1083.5622,3.37
1788452880000,1083.5622,3.37
1788452940000,1083.5622,3.37
1788453000000,1083.5622,3.37
1788453060000,1083.5622,3.37
1788453120000,1083.5622,3.37
1788453180000,1083.5622,3.37
1788453240000,1083.5622,3.37
1788453300000,1083.5622,3.37
1788453360000,1083.5622,3.37
1788453420000,1083.5622,3.37
1788453480000,1083.5622,3.37
1788453540000,1083.5622,3.37
1788453600000,1083.5622,3.37
1788453660000,1083.5622,3.37
1788453720000,1083.5622,3.37
1788453780000,1083.5622,3.37
1788453840000,1083.5622,3.37
1788453900000,1083.5622,3.37
1788453960000,1083.5622,3.37
1788454020000,1083.5622,3.37
1788454080000,1083.5622,3.37
1788454140000,1083.5622,3.37
1788454200000,1083.5622,3.37
1788454260000,1083.5622,3.37
1788454320000,1083.5622,3.37
1788454380000,1083.5622,3.37
1788454440000,1083.5622,3.37
1788454500000,1083.5622,3.37
1788454560000,1083.5622,3.37
1788454620000,1083.5622,3.37
1788454680000,1083.5622,3.37
1788454740000,1083.5622,3.37
1788454800000,1083.5622,3.37
1788454860000,1083.5622,3.37
1788454920000,1083.5622,3.37
1788454980000,1083.5622,3.37
1788455040000,1083.5622,3.37
1788455100000,1083.5622,3.37
1788455160000,1083.5622,3.37
1788455220000,1083.5622,3.37
1788455280000,1083.5622,3.37
1788455340000,1083.5622,3.37
1788455400000,1083.5622,3.37
1788455460000,1083.5622,3.37
1788455520000,1083.5622,3.37
1788455580000,1083.5622,3.37
1788455640000,1083.5622,3.37
1788455700000,1083.5622,3.37
1788455760000,1083.5622,3.37
1788455820000,1083.5622,3.37
1788455880000,1083.5622,3.37
1788455940000,1083.5622,3.37
1788456000000,1083.5622,3.37
1788456060000,1083.5622,3.37
1788456120000,1083.5622,3.37
1788456180000,1083.5622,3.37
1788456240000,1083.5622,3.37
1788456300000,1083.5622,3.37
1788456360000,1083.5622,3.37
1788456420000,1083.5622,3.37
1788456480000,1083.5622,3.37
1788456540000,1083.5622,3.37
1788456600000,1083.5622,3.37
1788456660000,1083.5622,3.37
1788456720000,1083.5622,3.37
1788456780000,1083.5622,3.37
1788456840000,1083.5622,3.37
1788456900000,1083.5622,3.37
1788456960000,1083.5622,3.37
1788457020000,1083.5622,3.37
1788457080000,1083.5622,3.37
1788457140000,1083.5622,3.37
1788457200000,1083.5622,3.37
1788457260000,1083.5622,3.37
1788457320000,1083.5622,3.37
1788457380000,1083.5622,3.37
1788457440000,1083.5622,3.37
1788457500000,1083.5622,3.37
1788457560000,1083.5622,3.37
1788457620000,1083.5622,3.37
1788457680000,1083.5622,3.37
1788457740000,1083.5622,3.37
1788457800000,1083.5622,3.37
1788457860000,1083.5622,3.37
1788457920000,1083.5622,3.37
1788457980000,1083.5622,3.37
1788458040000,1083.5622,3.37
1788458100000,1083.5622,3.37
1788458160000,1083.5622,3.37
1788458220000,1083.5622,3.37
1788458280000,1083.5622,3.37
1788458340000,1083.5622,3.37
1788458400000,1083.5622,3.37
1788458460000,1083.5622,3.37
1788458520000,1083.5622,3.37
1788458580000,1083.5622,3.37
1788458640000,1083.5622,3.37
1788458700000,1083.5622,3.37
1788458760000,1083.5622,3.37
1788458820000,1083.5622,3.37
1788458880000,1083.5622,3.37
1788458940000,1083.5622,3.37
1788459000000,1083.5622,3.37
1788459060000,1083.5622,3.37
1788459120000,1083.5622,3.37
1788459180000,1083.5622,3.37
1788459240000,1083.5622,3.37
1788459300000,1083.5622,3.37
1788459360000,1083.5622,3.37
1788459420000,1083.5622,3.37
1788459480000,1083.5622,3.37
1788459540000,1083.5622,3.37
1788459600000,1083.5622,3.37
1788459660000,1083.5622,3.37
1788459720000,1083.5622,3.37
1788459780000,1083.5622,3.37
1788459840000,1083.5622,3.37
1788459900000,1083.5622,3.37
1788459960000,1083.5622,3.37
1788460020000,1083.5622,3.37
1788460080000,1083.5622,3.37
1788460140000,1083.5622,3.37
1788460200000,1083.5622,3.37
1788460260000,1083.5622,3.37
1788460320000,1083.5622,3.37
1788460380000,1083.5622,3.37
1788460440000,1083.5622,3.37
1788460500000,1083.5622,3.37
1788460560000,1083.5622,3.37
1788460620000,1083.5622,3.37
1788460680000,1083.5622,3.37
1788460740000,1083.5622,3.37
1788460800000,1083.5622,3.37
1788460860000,1083.5622,3.37
1788460920000,1083.5622,3.37
1788460980000,1083.5622,3.37
1788461040000,1083.5622,3.37
1788461100000,1083.5622,3.37
1788461160000,1083.5622,3.37
1788461220000,1083.5622,3.37
1788461280000,1083.5622,3.37
1788461340000,1083.5622,3.37
1788461400000,1083.5622,3.37
1788461460000,1083.5622,3.37
1788461520000,1083.5622,3.37
1788461580000,1083.5622,3.37
1788461640000,1083.5622,3.37
1788461700000,1083.5622,3.37
1788461760000,1083.5622,3.37
1788461820000,1083.5622,3.37
1788461880000,1083.5622,3.37
1788461940000,1083.5622,3.37
1788462000000,1083.5622,3.37
1788462060000,1083.5622,3.37
1788462120000,1083.5622,3.37
1788462180000,1083.5622,3.37
1788462240000,1083.5622,3.37
1788462300000,1083.5622,3.37
1788462360000,1083.5622,3.37
1788462420000,1083.5622,3.37
1788462480000,1083.5622,3.37
1788462540000,1083.5622,3.37
1788462600000,1083.5622,3.37
1788462660000,1083.5622,3.37
1788462720000,1083.5622,3.37
1788462780000,1083.5622,3.37
1788462840000,1083.5622,3.37
1788462900000,1083.5622,3.37
1788462960000,1083.5622,3.37
1788463020000,1083.5622,3.37
1788463080000,1083.5622,3.37
1788463140000,1083.5622,3.37
1788463200000,1083.5622,3.37
1788463260000,1083.5622,3.37
1788463320000,1083.5622,3.37
1788463380000,1083.5622,3.37
1788463440000,1083.5622,3.37
1788463500000,1083.5622,3.37
1788463560000,1083.5622,3.37
1788463620000,1083.5622,3.37
1788463680000,1083.5622,3.37
1788463740000,1083.5622,3.37
1788463800000,1083.5622,3.37
1788463860000,1083.5622,3.37
1788463920000,1083.5622,3.37
1788463980000,1083.5622,3.37
1788464040000,1083.5622,3.37
1788464100000,1083.5622,3.37
1788464160000,1083.5622,3.37
1788464220000,1083.5622,3.37
1788464280000,1083.5622,3.37
1788464340000,1083.5622,3.37
1788464400000,1083.5622,3.37
1788464460000,1083.5622,3.37
1788464520000,1083.5622,3.37
1788464580000,1083.5622,3.37
1788464640000,1083.5622,3.37
1788464700000,1083.5622,3.37
1788464760000,1083.5622,3.37
1788464820000,1083.5622,3.37
1788464880000,1083.5622,3.37
1788464940000,1083.5622,3.37
1788465000000,1083.5622,3.37
1788465060000,1083.5622,3.37
1788465120000,1083.5622,3.37
1788465180000,1083.5622,3.37
1788465240000,1083.5622,3.37
1788465300000,1083.5622,3.37
1788465360000,1083.5622,3.37
1788465420000,1083.5622,3.37
1788465480000,1083.5622,3.37
1788465540000,1083.5622,3.37
1788465600000,1083.5622,3.37
1788465660000,1083.5622,3.37
1788465720000,1083.5622,3.37
1788465780000,1083.5622,3.37
1788465840000,1083.5622,3.37
1788465900000,1083.5622,3.37
1788465960000,1083.5622,3.37
1788466020000,1083.5622,3.37
1788466080000,1083.5622,3.37
1788466140000,1083.5622,3.37
1788466200000,1083.5622,3.37
1788466260000,1083.5622,3.37
1788466320000,1083.5622,3.37
1788466380000,1083.5622,3.37
1788466440000,1083.5622,3.37
1788466500000,1083.5622,3.37
1788466560000,1083.5622,3.37
1788466620000,1083.5622,3.37
1788466680000,1083.5622,3.37
1788466740000,1083.5622,3.37
1788466800000,1083.5622,3.37
1788466860000,1083.5622,3.37
1788466920000,1083.5622,3.37
1788466980000,1083.5622,3.37
1788467040000,1083.5622,3.37
1788467100000,1083.5622,3.37
1788467160000,1083.5622,3.37
1788467220000,1083.5622,3.37
1788467280000,1083.5622,3.37
1788467340000,1083.5622,3.37
1788467400000,1083.5622,3.37
1788467460000,1083.5622,3.37
1788467520000,1083.5622,3.37
1788467580000,1083.5622,3.37
1788467640000,1083.5622,3.37
1788467700000,1083.5622,3.37
1788467760000,1083.5622,3.37
1788467820000,1083.5622,3.37
1788467880000,1083.5622,3.37
1788467940000,1083.5622,3.37
1788468000000,1083.5622,3.37
1788468060000,1083.5622,3.37
1788468120000,1083.5622,3.37
1788468180000,1083.5622,3.37
1788468240000,1083.5622,3.37
1788468300000,1083.5622,3.37
1788468360000,1083.5622,3.37
1788468420000,1083.5622,3.37
1788468480000,1083.5622,3.37
1788468540000,1083.5622,3.37
1788468600000,1083.5622,3.37
1788468660000,1083.5622,3.37
1788468720000,1083.5622,3.37
1788468780000,1083.5622,3.37
1788468840000,1083.5622,3.37
1788468900000,1083.5622,3.37
1788468960000,1083.5622,3.37
1788469020000,1083.5622,3.37
1788469080000,1083.5622,3.37
1788469140000,1083.5622,3.37
1788469200000,1083.5622,3.37
1788469260000,1083.5622,3.37
1788469320000,1083.5622,3.37
1788469380000,1083.5622,3.37
1788469440000,1083.5622,3.37
1788469500000,1083.5622,3.37
1788469560000,1083.5622,3.37
1788469620000,1083.5622,3.37
1788469680000,1083.5622,3.37
1788469740000,1083.5622,3.37
1788469800000,1083.5622,3.37
1788469860000,1083.5622,3.37
1788469920000,1083.5622,3.37
1788469980000,1083.5622,3.37
1788470040000,1083.5622,3.37
1788470100000,1083.5622,3.37
1788470160000,1083.5622,3.37
1788470220000,1083.5622,3.37
1788470280000,1083.5622,3.37
1788470340000,1083.5622,3.37
1788470400000,1083.5622,3.37
1788470460000,1083.5622,3.37
1788470520000,1083.5622,3.37
1788470580000,1083.5622,3.37
1788470640000,1083.5622,3.37
1788470700000,1083.5622,3.37
1788470760000,1083.5622,3.37
1788470820000,1083.5622,3.37
1788470880000,1083.5622,3.37
1788470940000,1083.5622,3.37
1788471000000,1083.5622,3.37
1788471060000,1083.5622,3.37
1788471120000,1083.5622,3.37
1788471180000,1083.5622,3.37
1788471240000,1083.5622,3.37
1788471300000,1083.5622,3.37
1788471360000,1083.5622,3.37
1788471420000,1083.5622,3.37
1788471480000,1083.5622,3.37
1788471540000,1083.5622,3.37
1788471600000,1083.5622,3.37
1788471660000,1083.5622,3.37
1788471720000,1083.5622,3.37
1788471780000,1083.5622,3.37
1788471840000,1083.5622,3.37
1788471900000,1083.5622,3.37
1788471960000,1083.5622,3.37
1788472020000,1083.5622,3.37
1788472080000,1083.5622,3.37
1788472140000,1083.5622,3.37
1788472200000,1083.5622,3.37
1788472260000,1083.5622,3.37
1788472320000,1083.5622,3.37
1788472380000,1083.5622,3.37
1788472440000,1083.5622,3.37
1788472500000,1083.5622,3.37
1788472560000,1083.5622,3.37
1788472620000,1083.5622,3.37
1788472680000,1083.5622,3.37
1788472740000,1083.5622,3.37
1788472800000,1083.5622,3.37
1788472860000,1083.5622,3.37
1788472920000,1083.5622,3.37
1788472980000,1083.5622,3.37
1788473040000,1083.5622,3.37
1788473100000,1083.5622,3.37
1788473160000,1083.5622,3.37
1788473220000,1083.5622,3.37
1788473280000,1083.5622,3.37
1788473340000,1083.5622,3.37
1788473400000,1083.5622,3.37
1788473460000,1083.5622,3.37
1788473520000,1083.5622,3.37
1788473580000,1083.5622,3.37
1788473640000,1083.5622,3.37
1788473700000,1083.5622,3.37
1788473760000,1083.5622,3.37
1788473820000,1083.5622,3.37
1788473880000,1083.5622,3.37
1788473940000,1083.5622,3.37
1788474000000,1083.5622,3.37
1788474060000,1083.5622,3.37
1788474120000,1083.5622,3.37
1788474180000,1083.5622,3.37
1788474240000,1083.5622,3.37
1788474300000,1083.5622,3.37
1788474360000,1083.5622,3.37
1788474420000,1083.5622,3.37
1788474480000,1083.5622,3.37
1788474540000,1083.5622,3.37
1788474600000,1083.5622,3.37
1788474660000,1083.5622,3.37
1788474720000,1083.5622,3.37
1788474780000,1083.5622,3.37
1788474840000,1083.5622,3.37
1788474900000,1083.5622,3.37
1788474960000,1083.5622,3.37
1788475020000,1083.5622,3.37
1788475080000,1083.5622,3.37
1788475140000,1083.5622,3.37
1788475200000,1083.5622,3.37
1788475260000,1083.5622,3.37
1788475320000,1083.5622,3.37
1788475380000,1083.5622,3.37
1788475440000,1083.5622,3.37
1788475500000,1083.5622,3.37
1788475560000,1083.5622,3.37
1788475620000,1083.5622,3.37
1788475680000,1083.5622,3.37
1788475740000,1083.5622,3.37
1788475800000,1083.5622,3.37
1788475860000,1083.5622,3.37
1788475920000,1083.5622,3.37
1788475980000,1083.5622,3.37
1788476040000,1083.5622,3.37
1788476100000,1083.5622,3.37
1788476160000,1083.5622,3.37
1788476220000,1083.5622,3.37
1788476280000,1083.5622,3.37
1788476340000,1083.5622,3.37
1788476400000,1083.5622,3.37
1788476460000,1083.5622,3.37
1788476520000,1083.5622,3.37
1788476580000,1083.5622,3.37
1788476640000,1083.5622,3.37
1788476700000,1083.5622,3.37
1788476760000,1083.5622,3.37
1788476820000,1083.5622,3.37
1788476880000,1083.5622,3.37
1788476940000,1083.5622,3.37
1788477000000,1083.5622,3.37
1788477060000,1083.5622,3.37
1788477120000,1083.5622,3.37
1788477180000,1083.5622,3.37
1788477240000,1083.5622,3.37
1788477300000,1083.5622,3.37
1788477360000,1083.5622,3.37
1788477420000,1083.5622,3.37
1788477480000,1083.5622,3.37
1788477540000,1083.5622,3.37
1788477600000,1083.5622,3.37
1788477660000,1083.5622,3.37
1788477720000,1083.5622,3.37
1788477780000,1083.5622,3.37
1788477840000,1083.5622,3.37
1788477900000,1083.5622,3.37
1788477960000,1083.5622,3.37
1788478020000,1083.5622,3.37
1788478080000,1083.5622,3.37
1788478140000,1083.5622,3.37
1788478200000,1083.5622,3.37
1788478260000,1083.5622,3.37
1788478320000,1083.5622,3.37
1788478380000,1083.5622,3.37
1788478440000,1083.5622,3.37
1788478500000,1083.5622,3.37
1788478560000,1083.5622,3.37
1788478620000,1083.5622,3.37
1788478680000,1083.5622,3.37
1788478740000,1083.5622,3.37
1788478800000,1083.5622,3.37
1788478860000,1083.5622,3.37
1788478920000,1083.5622,3.37
1788478980000,1083.5622,3.37
1788479040000,1083.5622,3.37
1788479100000,1083.5622,3.37
1788479160000,1083.5622,3.37
1788479220000,1083.5622,3.37
1788479280000,1083.5622,3.37
1788479340000,1083.5622,3.37
1788479400000,1083.5622,3.37
1788479460000,1083.5622,3.37
1788479520000,1083.5622,3.37
1788479580000,1083.5622,3.37
1788479640000,1083.5622,3.37
1788479700000,1083.5622,3.37
1788479760000,1083.5622,3.37
1788479820000,1083.5622,3.37
1788479880000,1083.5622,3.37
1788479940000,1083.5622,3.37
1788480000000,1083.5622,3.37
1788480060000,1083.5622,3.37
1788480120000,1083.5622,3.37
1788480180000,1083.5622,3.37
1788480240000,1083.5622,3.37
1788480300000,1083.5622,3.37
1788480360000,1083.5622,3.37
1788480420000,1083.5622,3.37
1788480480000,1083.5622,3.37
1788480540000,1083.5622,3.37
1788480600000,1083.5622,3.37
1788480660000,1083.5622,3.37
1788480720000,1083.5622,3.37
1788480780000,1083.5622,3.37
1788480840000,1083.5622,3.37
1788480900000,1083.5622,3.37
1788480960000,1083.5622,3.37
1788481020000,1083.5622,3.37
1788481080000,1083.5622,3.37
1788481140000,1083.5622,3.37
1788481200000,1083.5622,3.37
1788481260000,1083.5622,3.37
1788481320000,1083.5622,3.37
1788481380000,1083.5622,3.37
1788481440000,1083.5622,3.37
1788481500000,1083.5622,3.37
1788481560000,1083.5622,3.37
1788481620000,1083.5622,3.37
1788481680000,1083.5622,3.37
1788481740000,1083.5622,3.37
1788481800000,1083.5622,3.37
1788481860000,1083.5622,3.37
1788481920000,1083.5622,3.37
1788481980000,1083.5622,3.37
1788482040000,1083.5622,3.37
1788482100000,1083.5622,3.37
1788482160000,1083.5622,3.37
1788482220000,1083.5622,3.37
1788482280000,1083.5622,3.37
1788482340000,1083.5622,3.37
1788482400000,1083.5622,3.37
1788482460000,1083.5622,3.37
1788482520000,1083.5622,3.37
1788482580000,1083.5622,3.37
1788482640000,1083.5622,3.37
1788482700000,1083.5622,3.37
1788482760000,1083.5622,3.37
1788482820000,1083.5622,3.37
1788482880000,1083.5622,3.37
1788482940000,1083.5622,3.37
1788483000000,1083.5622,3.37
1788483060000,1083.5622,3.37
1788483120000,1083.5622,3.37
1788483180000,1083.5622,3.37
1788483240000,1083.5622,3.37
1788483300000,1083.5622,3.37
1788483360000,1083.5622,3.37
1788483420000,1083.5622,3.37
1788483480000,1083.5622,3.37
1788483540000,1083.5622,3.37
1788483600000,1083.5622,3.37
1788483660000,1083.5622,3.37
1788483720000,1083.5622,3.37
1788483780000,1083.5622,3.37
1788483840000,1083.5622,3.37
1788483900000,1083.5622,3.37
1788483960000,1083.5622,3.37
1788484020000,1083.5622,3.37
1788484080000,1083.5622,3.37
1788484140000,1083.5622,3.37
1788484200000,1083.5622,3.37
1788484260000,1083.5622,3.37
1788484320000,1083.5622,3.37
1788484380000,1083.5622,3.37
1788484440000,1083.5622,3.37
1788484500000,1083.5622,3.37
1788484560000,1083.5622,3.37
1788484620000,1083.5622,3.37
1788484680000,1083.5622,3.37
1788484740000,1083.5622,3.37
1788484800000,1083.5622,3.37
1788484860000,1083.5622,3.37
1788484920000,1083.5622,3.37
1788484980000,1083.5622,3.37
1788485040000,1083.5622,3.37
1788485100000,1083.5622,3.37
1788485160000,1083.5622,3.37
1788485220000,1083.5622,3.37
1788485280000,1083.5622,3.37
1788485340000,1083.5622,3.37
1788485400000,1083.5622,3.37
1788485460000,1083.5622,3.37
1788485520000,1083.5622,3.37
1788485580000,1083.5622,3.37
1788485640000,1083.5622,3.37
1788485700000,1083.5622,3.37
1788485760000,1083.5622,3.37
1788485820000,1083.5622,3.37
1788485880000,1083.5622,3.37
1788485940000,1083.5622,3.37
1788486000000,1083.5622,3.37
1788486060000,1083.5622,3.37
1788486120000,1083.5622,3.37
1788486180000,1083.5622,3.37
1788486240000,1083.5622,3.37
1788486300000,1083.5622,3.37
1788486360000,1083.5622,3.37
1788486420000,1083.5622,3.37
1788486480000,1083.5622,3.37
1788486540000,1083.5622,3.37
1788486600000,1083.5622,3.37
1788486660000,1083.5622,3.37
1788486720000,1083.5622,3.37
1788486780000,1083.5622,3.37
1788486840000,1083.5622,3.37
1788486900000,1083.5622,3.37
1788486960000,1083.5622,3.37
1788487020000,1083.5622,3.37
1788487080000,1083.5622,3.37
1788487140000,1083.5622,3.37
1788487200000,1083.5622,3.37
1788487260000,1083.5622,3.37
1788487320000,1083.5622,3.37
1788487380000,1083.5622,3.37
1788487440000,1083.5622,3.37
1788487500000,1083.5622,3.37
1788487560000,1083.5622,3.37
1788487620000,1083.5622,3.37
1788487680000,1083.5622,3.37
1788487740000,1083.5622,3.37
1788487800000,1083.5622,3.37
1788487860000,1083.5622,3.37
1788487920000,1083.5622,3.37
1788487980000,1083.5622,3.37
1788488040000,1083.5622,3.37
1788488100000,1083.5622,3.37
1788488160000,1083.5622,3.37
1788488220000,1083.5622,3.37
1788488280000,1083.5622,3.37
1788488340000,1083.5622,3.37
1788488400000,1083.5622,3.37
1788488460000,1083.5622,3.37
1788488520000,1083.5622,3.37
1788488580000,1083.5622,3.37
1788488640000,1083.5622,3.37
1788488700000,1083.5622,3.37
1788488760000,1083.5622,3.37
1788488820000,1083.5622,3.37
1788488880000,1083.5622,3.37
1788488940000,1083.5622,3.37
1788489000000,1083.5622,3.37
1788489060000,1083.5622,3.37
1788489120000,1083.5622,3.37
1788489180000,1083.5622,3.37
1788489240000,1083.5622,3.37
1788489300000,1083.5622,3.37
1788489360000,1083.5622,3.37
1788489420000,1083.5622,3.37
1788489480000,1083.5622,3.37
1788489540000,1083.5622,3.37
1788489600000,1083.5622,3.37
1788489660000,1083.5622,3.37
1788489720000,1083.5622,3.37
1788489780000,1083.5622,3.37
1788489840000,1083.5622,3.37
1788489900000,1083.5622,3.37
1788489960000,1083.5622,3.37
1788490020000,1083.5622,3.37
1788490080000,1083.5622,3.37
1788490140000,1083.5622,3.37
1788490200000,1083.5622,3.37
1788490260000,1083.5622,3.37
1788490320000,1083.5622,3.37
1788490380000,1083.5622,3.37
1788490440000,1083.5622,3.37
1788490500000,1083.5622,3.37
1788490560000,1083.5622,3.37
1788490620000,1083.5622,3.37
1788490680000,1083.5622,3.37
1788490740000,1083.5622,3.37
1788490800000,1083.5622,3.37
1788490860000,1083.5622,3.37
1788490920000,1083.5622,3.37
1788490980000,1083.5622,3.37
1788491040000,1083.5622,3.37
1788491100000,1083.5622,3.37
1788491160000,1083.5622,3.37
1788491220000,1083.5622,3.37
1788491280000,1083.5622,3.37
1788491340000,1083.5622,3.37
1788491400000,1083.5622,3.37
1788491460000,1083.5622,3.37
1788491520000,1083.5622,3.37
1788491580000,1083.5622,3.37
1788491640000,1083.5622,3.37
1788491700000,1083.5622,3.37
1788491760000,1083.5622,3.37
1788491820000,1083.5622,3.37
1788491880000,1083.5622,3.37
1788491940000,1083.5622,3.37
1788492000000,1083.5622,3.37
1788492060000,1083.5622,3.37
1788492120000,1083.5622,3.37
1788492180000,1083.5622,3.37
1788492240000,1083.5622,3.37
1788492300000,1083.5622,3.37
1788492360000,1083.5622,3.37
1788492420000,1083.5622,3.37
1788492480000,1083.5622,3.37
1788492540000,1083.5622,3.37
1788492600000,1083.5622,3.37
1788492660000,1083.5622,3.37
1788492720000,1083.5622,3.37
1788492780000,1083.5622,3.37
1788492840000,1083.5622,3.37
1788492900000,1083.5622,3.37
1788492960000,1083.5622,3.37
1788493020000,1083.5622,3.37
1788493080000,1083.5622,3.37
1788493140000,1083.5622,3.37
1788493200000,1083.5622,3.37
1788493260000,1083.5622,3.37
1788493320000,1083.5622,3.37
1788493380000,1083.5622,3.37
1788493440000,1083.5622,3.37
1788493500000,1083.5622,3.37
1788493560000,1083.5622,3.37
1788493620000,1083.5622,3.37
1788493680000,1083.5622,3.37
1788493740000,1083.5622,3.37
1788493800000,1083.5622,3.37
1788493860000,1083.5622,3.37
1788493920000,1083.5622,3.37
1788493980000,1083.5622,3.37
1788494040000,1083.5622,3.37
1788494100000,1083.5622,3.37
1788494160000,1083.5622,3.37
1788494220000,1083.5622,3.37
1788494280000,1083.5622,3.37
1788494340000,1083.5622,3.37
1788494400000,1083.5622,3.37
1788494460000,1083.5622,3.37
1788494520000,1083.5622,3.37
1788494580000,1083.5622,3.37
1788494640000,1083.5622,3.37
1788494700000,1083.5622,3.37
1788494760000,1083.5622,3.37
1788494820000,1083.5622,3.37
1788494880000,1083.5622,3.37
1788494940000,1083.5622,3.37
1788495000000,1083.5622,3.37
1788495060000,1083.5622,3.37
1788495120000,1083.5622,3.37
1788495180000,1083.5622,3.37
1788495240000,1083.5622,3.37
1788495300000,1083.5622,3.37
1788495360000,1083.5622,3.37
1788495420000,1083.5622,3.37
1788495480000,1083.5622,3.37
1788495540000,1083.5622,3.37
1788495600000,1083.5622,3.37
1788495660000,1083.5622,3.37
1788495720000,1083.5622,3.37
1788495780000,1083.5622,3.37
1788495840000,1083.5622,3.37
1788495900000,1083.5622,3.37
1788495960000,1083.5622,3.37
1788496020000,1083.5622,3.37
1788496080000,1083.5622,3.37
1788496140000,1083.5622,3.37
1788496200000,1083.5622,3.37
1788496260000,1083.5622,3.37
1788496320000,1083.5622,3.37
1788496380000,1083.5622,3.37
1788496440000,1083.5622,3.37
1788496500000,1083.5622,3.37
1788496560000,1083.5622,3.37
1788496620000,1083.5622,3.37
1788496680000,1083.5622,3.37
1788496740000,1083.5622,3.37
1788496800000,1083.5622,3.37
1788496860000,1083.5622,3.37
1788496920000,1083.5622,3.37
1788496980000,1083.5622,3.37
1788497040000,1083.5622,3.37
1788497100000,1083.5622,3.37
1788497160000,1083.5622,3.37
1788497220000,1083.5622,3.37
1788497280000,1083.5622,3.37
1788497340000,1083.5622,3.37
1788497400000,1083.5622,3.37
1788497460000,1083.5622,3.37
1788497520000,1083.5622,3.37
1788497580000,1083.5622,3.37
1788497640000,1083.5622,3.37
1788497700000,1083.5622,3.37
1788497760000,1083.5622,3.37
1788497820000,1083.5622,3.37
1788497880000,1083.5622,3.37
1788497940000,1083.5622,3.37
1788498000000,1083.5622,3.37
1788498060000,1083.5622,3.37
1788498120000,1083.5622,3.37
1788498180000,1083.5622,3.37
1788498240000,1083.5622,3.37
1788498300000,1083.5622,3.37
1788498360000,1083.5622,3.37
1788498420000,1083.5622,3.37
1788498480000,1083.5622,3.37
1788498540000,1083.5622,3.37
1788498600000,1083.5622,3.37
1788498660000,1083.5622,3.37
1788498720000,1083.5622,3.37
1788498780000,1083.5622,3.37
1788498840000,1083.5622,3.37
1788498900000,1083.5622,3.37
1788498960000,1083.5622,3.37
1788499020000,1083.5622,3.37
1788499080000,1083.5622,3.37
1788499140000,1083.5622,3.37
1788499200000,1083.5622,3.37
1788499260000,1083.5622,3.37
1788499320000,1083.5622,3.37
1788499380000,1083.5622,3.37
1788499440000,1083.5622,3.37
1788499500000,1083.5622,3.37
1788499560000,1083.5622,3.37
1788499620000,1083.5622,3.37
1788499680000,1083.5622,3.37
1788499740000,1083.5622,3.37
1788499800000,1083.5622,3.37
1788499860000,1083.5622,3.37
1788499920000,1083.5622,3.37
1788499980000,1083.5622,3.37
1788500040000,1083.5622,3.37
1788500100000,1083.5622,3.37
1788500160000,1083.5622,3.37
1788500220000,1083.5622,3.37
1788500280000,1083.5622,3.37
1788500340000,1083.5622,3.37
1788500400000,1083.5622,3.37
1788500460000,1083.5622,3.37
1788500520000,1083.5622,3.37
1788500580000,1083.5622,3.37
1788500640000,1083.5622,3.37
1788500700000,1083.5622,3.37
1788500760000,1083.5622,3.37
1788500820000,1083.5622,3.37
1788500880000,1083.5622,3.37
1788500940000,1083.5622,3.37
1788501000000,1083.5622,3.37
1788501060000,1083.5622,3.37
1788501120000,1083.5622,3.37
1788501180000,1083.5622,3.37
1788501240000,1083.5622,3.37
1788501300000,1083.5622,3.37
1788501360000,1083.5622,3.37
1788501420000,1083.5622,3.37
1788501480000,1083.5622,3.37
1788501540000,1083.5622,3.37
1788501600000,1083.5622,3.37
1788501660000,1083.5622,3.37
1788501720000,1083.5622,3.37
1788501780000,1083.5622,3.37
1788501840000,1083.5622,3.37
1788501900000,1083.5622,3.37
1788501960000,1083.5622,3.37
1788502020000,1083.5622,3.37
1788502080000,1083.5622,3.37
1788502140000,1083.5622,3.37
1788502200000,1083.5622,3.37
1788502260000,1083.5622,3.37
1788502320000,1083.5622,3.37
1788502380000,1083.5622,3.37
1788502440000,1083.5622,3.37
1788502500000,1083.5622,3.37
1788502560000,1083.5622,3.37
1788502620000,1083.5622,3.37
1788502680000,1083.5622,3.37
1788502740000,1083.5622,3.37
1788502800000,1083.5622,3.37
1788502860000,1083.5622,3.37
1788502920000,1083.5622,3.37
1788502980000,1083.5622,3.37
1788503040000,1083.5622,3.37
1788503100000,1083.5622,3.37
1788503160000,1083.5622,3.37
1788503220000,1083.5622,3.37
1788503280000,1083.5622,3.37
1788503340000,1083.5622,3.37
1788503400000,1083.5622,3.37
1788503460000,1083.5622,3.37
1788503520000,1083.5622,3.37
1788503580000,1083.5622,3.37
1788503640000,1083.5622,3.37
1788503700000,1083.5622,3.37
1788503760000,1083.5622,3.37
1788503820000,1083.5622,3.37
1788503880000,1083.5622,3.37
1788503940000,1083.5622,3.37
1788504000000,1083.5622,3.37
1788504060000,1083.5622,3.37
1788504120000,1083.5622,3.37
1788504180000,1083.5622,3.37
1788504240000,1083.5622,3.37
1788504300000,1083.5622,3.37
1788504360000,1083.5622,3.37
1788504420000,1083.5622,3.37
1788504480000,1083.5622,3.37
1788504540000,1083.5622,3.37
1788504600000,1083.5622,3.37
1788504660000,1083.5622,3.37
1788504720000,1083.5622,3.37
1788504780000,1083.5622,3.37
1788504840000,1083.5622,3.37
1788504900000,1083.5622,3.37
1788504960000,1083.5622,3.37
1788505020000,1083.5622,3.37
1788505080000,1083.5622,3.37
1788505140000,1083.5622,3.37
1788505200000,1083.5622,3.37
1788505260000,1083.5622,3.37
1788505320000,1083.5622,3.37
1788505380000,1083.5622,3.37
1788505440000,1083.5622,3.37
1788505500000,1083.5622,3.37
1788505560000,1083.5622,3.37
1788505620000,1083.5622,3.37
1788505680000,1083.5622,3.37
1788505740000,1083.5622,3.37
1788505800000,1083.5622,3.37
1788505860000,1083.5622,3.37
1788505920000,1083.5622,3.37
1788505980000,1083.5622,3.37
1788506040000,1083.5622,3.37
1788506100000,1083.5622,3.37
1788506160000,1083.5622,3.37
1788506220000,1083.5622,3.37
1788506280000,1083.5622,3.37
1788506340000,1083.5622,3.37
1788506400000,1083.5622,3.37
1788506460000,1083.5622,3.37
1788506520000,1083.5622,3.37
1788506580000,1083.5622,3.37
1788506640000,1083.5622,3.37
1788506700000,1083.5622,3.37
1788506760000,1083.5622,3.37
1788506820000,1083.5622,3.37
1788506880000,1083.5622,3.37
1788506940000,1083.5622,3.37
1788507000000,1083.5622,3.37
1788507060000,1083.5622,3.37
1788507120000,1083.5622,3.37
1788507180000,1083.5622,3.37
1788507240000,1083.5622,3.37
1788507300000,1083.5622,3.37
1788507360000,1083.5622,3.37
1788507420000,1083.5622,3.37
1788507480000,1083.5622,3.37
1788507540000,1083.5622,3.37
1788507600000,1083.5622,3.37
1788507660000,1083.5622,3.37
1788507720000,1083.5622,3.37
1788507780000,1083.5622,3.37
1788507840000,1083.5622,3.37
1788507900000,1083.5622,3.37
1788507960000,1083.5622,3.37
1788508020000,1083.5622,3.37
1788508080000,1083.5622,3.37
1788508140000,1083.5622,3.37
1788508200000,1083.5622,3.37
1788508260000,1083.5622,3.37
1788508320000,1083.5622,3.37
1788508380000,1083.5622,3.37
1788508440000,1083.5622,3.37
1788508500000,1083.5622,3.37
1788508560000,1083.5622,3.37
1788508620000,1083.5622,3.37
1788508680000,1083.5622,3.37
1788508740000,1083.5622,3.37
1788508800000,1083.5622,3.37
1788508860000,1083.5622,3.37
1788508920000,1083.5622,3.37
1788508980000,1083.5622,3.37
1788509040000,1083.5622,3.37
1788509100000,1083.5622,3.37
1788509160000,1083.5622,3.37
1788509220000,1083.5622,3.37
1788509280000,1083.5622,3.37
1788509340000,1083.5622,3.37
1788509400000,1083.5622,3.37
1788509460000,1083.5622,3.37
1788509520000,1083.5622,3.37
1788509580000,1083.5622,3.37
1788509640000,1083.5622,3.37
1788509700000,1083.5622,3.37
1788509760000,1083.5622,3.37
1788509820000,1083.5622,3.37
1788509880000,1083.5622,3.37
1788509940000,1083.5622,3.37
1788510000000,1083.5622,3.37
1788510060000,1083.5622,3.37
1788510120000,1083.5622,3.37
1788510180000,1083.5622,3.37
1788510240000,1083.5622,3.37
1788510300000,1083.5622,3.37
1788510360000,1083.5622,3.37
1788510420000,1083.5622,3.37
1788510480000,1083.5622,3.37
1788510540000,1083.5622,3.37
1788510600000,1083.5622,3.37
1788510660000,1083.5622,3.37
1788510720000,1083.5622,3.37
1788510780000,1083.5622,3.37
1788510840000,1083.5622,3.37
1788510900000,1083.5622,3.37
1788510960000,1083.5622,3.37
1788511020000,1083.5622,3.37
1788511080000,1083.5622,3.37
1788511140000,1083.5622,3.37
1788511200000,1083.5622,3.37
1788511260000,1083.5622,3.37
1788511320000,1083.5622,3.37
1788511380000,1083.5622,3.37
1788511440000,1083.5622,3.37
1788511500000,1083.5622,3.37
1788511560000,1083.5622,3.37
1788511620000,1083.5622,3.37
1788511680000,1083.5622,3.37
1788511740000,1083.5622,3.37
1788511800000,1083.5622,3.37
1788511860000,1083.5622,3.37
1788511920000,1083.5622,3.37
1788511980000,1083.5622,3.37
1788512040000,1083.5622,3.37
1788512100000,1083.5622,3.37
1788512160000,1083.5622,3.37
1788512220000,1083.5622,3.37
1788512280000,1083.5622,3.37
1788512340000,1083.5622,3.37
1788512400000,1083.5622,3.37
1788512460000,1083.5622,3.37
1788512520000,1083.5622,3.37
1788512580000,1083.5622,3.37
1788512640000,1083.5622,3.37
1788512700000,1083.5622,3.37
1788512760000,1083.5622,3.37
1788512820000,1083.5622,3.37
1788512880000,1083.5622,3.37
1788512940000,1083.5622,3.37
1788513000000,1083.5622,3.37
1788513060000,1083.5622,3.37
1788513120000,1083.5622,3.37
1788513180000,1083.5622,3.37
1788513240000,1083.5622,3.37
1788513300000,1083.5622,3.37
1788513360000,1083.5622,3.37
1788513420000,1083.5622,3.37
1788513480000,1083.5622,3.37
1788513540000,1083.5622,3.37
1788513600000,1083.5622,3.37
1788513660000,1083.5622,3.37
1788513720000,1083.5622,3.37
1788513780000,1083.5622,3.37
1788513840000,1083.5622,3.37
1788513900000,1083.5622,3.37
1788513960000,1083.5622,3.37
1788514020000,1083.5622,3.37
1788514080000,1083.5622,3.37
1788514140000,1083.5622,3.37
1788514200000,1083.5622,3.37
1788514260000,1083.5622,3.37
1788514320000,1083.5622,3.37
1788514380000,1083.5622,3.37
1788514440000,1083.5622,3.37
1788514500000,1083.5622,3.37
1788514560000,1083.5622,3.37
1788514620000,1083.5622,3.37
1788514680000,1083.5622,3.37
1788514740000,1083.5622,3.37
1788514800000,1083.5622,3.37
1788514860000,1083.5622,3.37
1788514920000,1083.5622,3.37
1788514980000,1083.5622,3.37
1788515040000,1083.5622,3.37
1788515100000,1083.5622,3.37
1788515160000,1083.5622,3.37
1788515220000,1083.5622,3.37
1788515280000,1083.5622,3.37
1788515340000,1083.5622,3.37
1788515400000,1083.5622,3.37
1788515460000,1083.5622,3.37
1788515520000,1083.5622,3.37
1788515580000,1083.5622,3.37
1788515640000,1083.5622,3.37
1788515700000,1083.5622,3.37
1788515760000,1083.5622,3.37
1788515820000,1083.5622,3.37
1788515880000,1083.5622,3.37
1788515940000,1083.5622,3.37
1788516000000,1083.5622,3.37
1788516060000,1083.5622,3.37
1788516120000,1083.5622,3.37
1788516180000,1083.5622,3.37
1788516240000,1083.5622,3.37
1788516300000,1083.5622,3.37
1788516360000,1083.5622,3.37
1788516420000,1083.5622,3.37
1788516480000,1083.5622,3.37
1788516540000,1083.5622,3.37
1788516600000,1083.5622,3.37
1788516660000,1083.5622,3.37
1788516720000,1083.5622,3.37
1788516780000,1083.5622,3.37
1788516840000,1083.5622,3.37
1788516900000,1083.5622,3.37
1788516960000,1083.5622,3.37
1788517020000,1083.5622,3.37
1788517080000,1083.5622,3.37
1788517140000,1083.5622,3.37
1788517200000,1083.5622,3.37
1788517260000,1083.5622,3.37
1788517320000,1083.5622,3.37
1788517380000,1083.5622,3.37
1788517440000,1083.5622,3.37
1788517500000,1083.5622,3.37
1788517560000,1083.5622,3.37
1788517620000,1083.5622,3.37
1788517680000,1083.5622,3.37
1788517740000,1083.5622,3.37
1788517800000,1083.5622,3.37
1788517860000,1083.5622,3.37
1788517920000,1083.5622,3.37
1788517980000,1083.5622,3.37
1788518040000,1083.5622,3.37
1788518100000,1083.5622,3.37
1788518160000,1083.5622,3.37
1788518220000,1083.5622,3.37
1788518280000,1083.5622,3.37
1788518340000,1083.5622,3.37
1788518400000,1083.5622,3.37
1788518460000,1083.5622,3.37
1788518520000,1083.5622,3.37
1788518580000,1083.5622,3.37
1788518640000,1083.5622,3.37
1788518700000,1083.5622,3.37
1788518760000,1083.5622,3.37
1788518820000,1083.5622,3.37
1788518880000,1083.5622,3.37
1788518940000,1083.5622,3.37
1788519000000,1083.5622,3.37
1788519060000,1083.5622,3.37
1788519120000,1083.5622,3.37
1788519180000,1083.5622,3.37
1788519240000,1083.5622,3.37
1788519300000,1083.5622,3.37
1788519360000,1083.5622,3.37
1788519420000,1083.5622,3.37
1788519480000,1083.5622,3.37
1788519540000,1083.5622,3.37
1788519600000,1083.5622,3.37
1788519660000,1083.5622,3.37
1788519720000,1083.5622,3.37
1788519780000,1083.5622,3.37
1788519840000,1083.5622,3.37
1788519900000,1083.5622,3.37
1788519960000,1083.5622,3.37
1788520020000,1083.5622,3.37
1788520080000,1083.5622,3.37
1788520140000,1083.5622,3.37
1788520200000,1083.5622,3.37
1788520260000,1083.5622,3.37
1788520320000,1083.5622,3.37
1788520380000,1083.5622,3.37
1788520440000,1083.5622,3.37
1788520500000,1083.5622,3.37
1788520560000,1083.5622,3.37
1788520620000,1083.5622,3.37
1788520680000,1083.5622,3.37
1788520740000,1083.5622,3.37
1788520800000,1083.5622,3.37
1788520860000,1083.5622,3.37
1788520920000,1083.5622,3.37
1788520980000,1083.5622,3.37
1788521040000,1083.5622,3.37
1788521100000,1083.5622,3.37
1788521160000,1083.5622,3.37
1788521220000,1083.5622,3.37
1788521280000,1083.5622,3.37
1788521340000,1083.5622,3.37
1788521400000,1083.5622,3.37
1788521460000,1083.5622,3.37
1788521520000,1083.5622,3.37
1788521580000,1083.5622,3.37
1788521640000,1083.5622,3.37
1788521700000,1083.5622,3.37
1788521760000,1083.5622,3.37
1788521820000,1083.5622,3.37
1788521880000,1083.5622,3.37
1788521940000,1083.5622,3.37
1788522000000,1083.5622,3.37
1788522060000,1083.5622,3.37
1788522120000,1083.5622,3.37
1788522180000,1083.5622,3.37
1788522240000,1083.5622,3.37
1788522300000,1083.5622,3.37
1788522360000,1083.5622,3.37
1788522420000,1083.5622,3.37
1788522480000,1083.5622,3.37
1788522540000,1083.5622,3.37
1788522600000,1083.5622,3.37
1788522660000,1083.5622,3.37
1788522720000,1083.5622,3.37
1788522780000,1083.5622,3.37
1788522840000,1083.5622,3.37
1788522900000,1083.5622,3.37
1788522960000,1083.5622,3.37
1788523020000,1083.5622,3.37
1788523080000,1083.5622,3.37
1788523140000,1083.5622,3.37
1788523200000,1083.5622,3.37
1788523260000,1083.5622,3.37
1788523320000,1083.5622,3.37
1788523380000,1083.5622,3.37
1788523440000,1083.5622,3.37
1788523500000,1083.5622,3.37
1788523560000,1083.5622,3.37
1788523620000,1083.5622,3.37
1788523680000,1083.5622,3.37
1788523740000,1083.5622,3.37
1788523800000,1083.5622,3.37
1788523860000,1083.5622,3.37
1788523920000,1083.5622,3.37
1788523980000,1083.5622,3.37
1788524040000,1083.5622,3.37
1788524100000,1083.5622,3.37
1788524160000,1083.5622,3.37
1788524220000,1083.5622,3.37
1788524280000,1083.5622,3.37
1788524340000,1083.5622,3.37
1788524400000,1083.5622,3.37
1788524460000,1083.5622,3.37
1788524520000,1083.5622,3.37
1788524580000,1083.5622,3.37
1788524640000,1083.5622,3.37
1788524700000,1083.5622,3.37
1788524760000,1083.5622,3.37
1788524820000,1083.5622,3.37
1788524880000,1083.5622,3.37
1788524940000,1083.5622,3.37
1788525000000,1074.772,4.15
1788525960000,1074.772,4.15
1788526020000,1074.772,4.15
1788526080000,1074.772,4.15
1788526140000,1074.772,4.15
1788526200000,1074.772,4.15
1788526260000,1074.772,4.15
1788526320000,1074.772,4.15
1788526380000,1074.772,4.15
1788526440000,1074.772,4.15
1788526500000,1074.772,4.15
1788526560000,1074.772,4.15
1788526620000,1074.772,4.15
1788526680000,1074.772,4.15
1788526740000,1074.772,4.15
1788526800000,1074.772,4.15
1788526860000,1074.772,4.15
1788526920000,1074.772,4.15
1788526980000,1074.772,4.15
1788527040000,1074.772,4.15
1788527100000,1074.772,4.15
1788527160000,1074.772,4.15
1788527220000,1074.772,4.15
1788527280000,1074.772,4.15
1788527340000,1074.772,4.15
1788527400000,1074.772,4.15
1788527460000,1074.772,4.15
1788527520000,1074.772,4.15
1788527580000,1074.772,4.15
1788527640000,1074.772,4.15
1788527700000,1074.772,4.15
1788527760000,1074.772,4.15
1788527820000,1074.772,4.15
1788527880000,1074.772,4.15
1788527940000,1074.772,4.15
1788528000000,1074.772,4.15
1788528060000,1074.772,4.15
1788528120000,1074.772,4.15
1788528180000,1074.772,4.15
1788528240000,1074.772,4.15
1788528300000,1074.772,4.15
1788528360000,1074.772,4.15
1788528420000,1074.772,4.15
1788528480000,1074.772,4.15
1788528540000,1074.772,4.15
1788528600000,1074.772,4.15
1788528660000,1074.772,4.15
1788528720000,1074.772,4.15
1788528780000,1074.772,4.15
1788528840000,1074.772,4.15
1788528900000,1074.772,4.15
1788528960000,1074.772,4.15
1788529020000,1074.772,4.15
1788529080000,1074.772,4.15
1788529140000,1074.772,4.15
1788529200000,1074.772,4.15
1788529260000,1074.772,4.15
1788529320000,1074.772,4.15
1788529380000,1074.772,4.15
1788529440000,1074.772,4.15
1788529500000,1074.772,4.15
1788529560000,1074.772,4.15
1788529620000,1074.772,4.15
1788529680000,1074.772,4.15
1788529740000,1074.772,4.15
1788529800000,1074.772,4.15
1788529860000,1074.772,4.15
1788529920000,1074.772,4.15
1788529980000,1074.772,4.15
1788530040000,1074.772,4.15
1788530100000,1074.772,4.15
1788530160000,1074.772,4.15
1788530220000,1074.772,4.15
1788530280000,1074.772,4.15
1788530340000,1074.772,4.15
1788530400000,1074.772,4.15
1788530460000,1074.772,4.15
1788530520000,1074.772,4.15
1788530580000,1074.772,4.15
1788530640000,1074.772,4.15
1788530700000,1074.772,4.15
1788530760000,1074.772,4.15
1788530820000,1074.772,4.15
1788530880000,1074.772,4.15
1788530940000,1074.772,4.15
1788531000000,1074.772,4.15
1788531060000,1074.772,4.15
1788531120000,1074.772,4.15
1788531180000,1074.772,4.15
1788531240000,1074.772,4.15
1788531300000,1074.772,4.15
1788531360000,1074.772,4.15
1788531420000,1074.772,4.15
1788531480000,1074.772,4.15
1788531540000,1074.772,4.15
1788531600000,1074.772,4.15
1788531660000,1074.772,4.15
1788531720000,1074.772,4.15
1788531780000,1074.772,4.15
1788531840000,1074.772,4.15
1788531900000,1074.772,4.15
1788531960000,1074.772,4.15
1788532020000,1074.772,4.15
1788532080000,1074.772,4.15
1788532140000,1074.772,4.15
1788532200000,1074.772,4.15
1788532260000,1074.772,4.15
1788532320000,1074.772,4.15
1788532380000,1074.772,4.15
1788532440000,1074.772,4.15
1788532500000,1074.772,4.15
1788532560000,1074.772,4.15
1788532620000,1074.772,4.15
1788532680000,1074.772,4.15
1788532740000,1074.772,4.15
1788532800000,1074.772,4.15
1788532860000,1074.772,4.15
1788532920000,1074.772,4.15
1788532980000,1074.772,4.15
1788533040000,1074.772,4.15
1788533100000,1074.772,4.15
1788533160000,1074.772,4.15
1788533220000,1074.772,4.15
1788533280000,1074.772,4.15
1788533340000,1074.772,4.15
1788533400000,1074.772,4.15
1788533460000,1074.772,4.15
1788533520000,1074.772,4.15
1788533580000,1074.772,4.15
1788533640000,1074.772,4.15
1788533700000,1074.772,4.15
1788533760000,1074.772,4.15
1788533820000,1074.772,4.15
1788533880000,1074.772,4.15
1788533940000,1074.772,4.15
1788534000000,1074.772,4.15
1788534060000,1074.772,4.15
1788534120000,1074.772,4.15
1788534180000,1074.772,4.15
1788534240000,1074.772,4.15
1788534300000,1074.772,4.15
1788534360000,1074.772,4.15
1788534420000,1074.772,4.15
1788534480000,1074.772,4.15
1788534540000,1074.772,4.15
1788534600000,1074.772,4.15
1788534660000,1074.772,4.15
1788534720000,1074.772,4.15
1788534780000,1074.772,4.15
1788534840000,1074.772,4.15
1788534900000,1074.772,4.15
1788534960000,1074.772,4.15
1788535020000,1074.772,4.15
1788535080000,1074.772,4.15
1788535140000,1074.772,4.15
1788535200000,1074.772,4.15
1788535260000,1074.772,4.15
1788535320000,1074.772,4.15
1788535380000,1074.772,4.15
1788535440000,1074.772,4.15
1788535500000,1074.772,4.15
1788535560000,1074.772,4.15
1788535620000,1074.772,4.15
1788535680000,1074.772,4.15
1788535740000,1074.772,4.15
1788535800000,1074.772,4.15
1788535860000,1074.772,4.15
1788535920000,1074.772,4.15
1788535980000,1074.772,4.15
1788536040000,1074.772,4.15
1788536100000,1074.772,4.15
1788536160000,1074.772,4.15
1788536220000,1074.772,4.15
1788536280000,1074.772,4.15
1788536340000,1074.772,4.15
1788536400000,1074.772,4.15
1788536460000,1074.772,4.15
1788536520000,1074.772,4.15
1788536580000,1074.772,4.15
1788536640000,1074.772,4.15
1788536700000,1074.772,4.15
1788536760000,1074.772,4.15
1788536820000,1074.772,4.15
1788536880000,1074.772,4.15
1788536940000,1074.772,4.15
1788537000000,1074.772,4.15
1788537060000,1074.772,4.15
1788537120000,1074.772,4.15
1788537180000,1074.772,4.15
1788537240000,1074.772,4.15
1788537300000,1074.772,4.15
1788537360000,1074.772,4.15
1788537420000,1074.772,4.15
1788537480000,1074.772,4.15
1788537540000,1074.772,4.15
1788537600000,1074.772,4.15
1788537660000,1074.772,4.15
1788537720000,1074.772,4.15
1788537780000,1074.772,4.15
1788537840000,1074.772,4.15
1788537900000,1074.772,4.15
1788537960000,1074.772,4.15
1788538020000,1074.772,4.15
1788538080000,1074.772,4.15
1788538140000,1074.772,4.15
1788538200000,1074.772,4.15
1788538260000,1074.772,4.15
1788538320000,1074.772,4.15
1788538380000,1074.772,4.15
1788538440000,1074.772,4.15
1788538500000,1074.772,4.15
1788538560000,1074.772,4.15
1788538620000,1074.772,4.15
1788538680000,1074.772,4.15
1788538740000,1074.772,4.15
1788538800000,1074.772,4.15
1788538860000,1074.772,4.15
1788538920000,1074.772,4.15
1788538980000,1074.772,4.15
1788539040000,1074.772,4.15
1788539100000,1074.772,4.15
1788539160000,1074.772,4.15
1788539220000,1074.772,4.15
1788539280000,1074.772,4.15
1788539340000,1074.772,4.15
1788539400000,1074.772,4.15
1788539460000,1074.772,4.15
1788539520000,1074.772,4.15
1788539580000,1074.772,4.15
1788539640000,1074.772,4.15
1788539700000,1074.772,4.15
1788539760000,1074.772,4.15
1788539820000,1074.772,4.15
1788539880000,1074.772,4.15
1788539940000,1074.772,4.15
1788540000000,1074.772,4.15
1788540060000,1074.772,4.15
1788540120000,1074.772,4.15
1788540180000,1074.772,4.15
1788540240000,1074.772,4.15
1788540300000,1074.772,4.15
1788540360000,1074.772,4.15
1788540420000,1074.772,4.15
1788540480000,1074.772,4.15
1788540540000,1074.772,4.15
1788540600000,1074.772,4.15
1788540660000,1074.772,4.15
1788540720000,1074.772,4.15
1788540780000,1074.772,4.15
1788540840000,1074.772,4.15
1788540900000,1074.772,4.15
1788540960000,1074.772,4.15
1788541020000,1074.772,4.15
1788541080000,1074.772,4.15
1788541140000,1074.772,4.15
1788541200000,1074.772,4.15
1788541260000,1074.772,4.15
1788541320000,1074.772,4.15
1788541380000,1074.772,4.15
1788541440000,1074.772,4.15
1788541500000,1074.772,4.15
1788541560000,1074.772,4.15
1788541620000,1074.772,4.15
1788541680000,1074.772,4.15
1788541740000,1074.772,4.15
1788541800000,1074.772,4.15
1788541860000,1074.772,4.15
1788541920000,1074.772,4.15
1788541980000,1074.772,4.15
1788542040000,1074.772,4.15
1788542100000,1074.772,4.15
1788542160000,1074.772,4.15
1788542220000,1074.772,4.15
1788542280000,1074.772,4.15
1788542340000,1074.772,4.15
1788542400000,1074.772,4.15
1788542460000,1074.772,4.15
1788542520000,1074.772,4.15
1788542580000,1074.772,4.15
1788542640000,1074.772,4.15
1788542700000,1074.772,4.15
1788542760000,1074.772,4.15
1788542820000,1074.772,4.15
1788542880000,1074.772,4.15
1788542940000,1074.772,4.15
1788543000000,1074.772,4.15
1788543060000,1074.772,4.15
1788543120000,1074.772,4.15
1788543180000,1074.772,4.15
1788543240000,1074.772,4.15
1788543300000,1074.772,4.15
1788543360000,1074.772,4.15
1788543420000,1074.772,4.15
1788543480000,1074.772,4.15
1788543540000,1074.772,4.15
1788543600000,1074.772,4.15
1788543660000,1074.772,4.15
1788543720000,1074.772,4.15
1788543780000,1074.772,4.15
1788543840000,1074.772,4.15
1788543900000,1074.772,4.15
1788543960000,1074.772,4.15
1788544020000,1074.772,4.15
1788544080000,1074.772,4.15
1788544140000,1074.772,4.15
1788544200000,1074.772,4.15
1788544260000,1074.772,4.15
1788544320000,1074.772,4.15
1788544380000,1074.772,4.15
1788544440000,1074.772,4.15
1788544500000,1074.772,4.15
1788544560000,1074.772,4.15
1788544620000,1074.772,4.15
1788544680000,1074.772,4.15
1788544740000,1074.772,4.15
1788544800000,1074.772,4.15
1788544860000,1074.772,4.15
1788544920000,1074.772,4.15
1788544980000,1074.772,4.15
1788545040000,1074.772,4.15
1788545100000,1074.772,4.15
1788545160000,1074.772,4.15
1788545220000,1074.772,4.15
1788545280000,1074.772,4.15
1788545340000,1074.772,4.15
1788545400000,1074.772,4.15
1788545460000,1074.772,4.15
1788545520000,1074.772,4.15
1788545580000,1074.772,4.15
1788545640000,1074.772,4.15
1788545700000,1074.772,4.15
1788545760000,1074.772,4.15
1788545820000,1074.772,4.15
1788545880000,1074.772,4.15
1788545940000,1074.772,4.15
1788546000000,1074.772,4.15
1788546060000,1074.772,4.15
1788546120000,1074.772,4.15
1788546180000,1074.772,4.15
1788546240000,1074.772,4.15
1788546300000,1074.772,4.15
1788546360000,1074.772,4.15
1788546420000,1074.772,4.15
1788546480000,1074.772,4.15
1788546540000,1074.772,4.15
1788546600000,1074.772,4.15
1788546660000,1074.772,4.15
1788546720000,1074.772,4.15
1788546780000,1074.772,4.15
1788546840000,1074.772,4.15
1788546900000,1074.772,4.15
1788546960000,1074.772,4.15
1788547020000,1074.772,4.15
1788547080000,1074.772,4.15
1788547140000,1074.772,4.15
1788547200000,1074.772,4.15
1788547260000,1074.772,4.15
1788547320000,1074.772,4.15
1788547380000,1074.772,4.15
1788547440000,1074.772,4.15
1788547500000,1074.772,4.15
1788547560000,1074.772,4.15
1788547620000,1074.772,4.15
1788547680000,1074.772,4.15
1788547740000,1074.772,4.15
1788547800000,1074.772,4.15
1788547860000,1074.772,4.15
1788547920000,1074.772,4.15
1788547980000,1074.772,4.15
1788548040000,1074.772,4.15
1788548100000,1074.772,4.15
1788548160000,1074.772,4.15
1788548220000,1074.772,4.15
1788548280000,1074.772,4.15
1788548340000,1074.772,4.15
1788548400000,1074.772,4.15
1788548460000,1074.772,4.15
1788548520000,1074.772,4.15
1788548580000,1074.772,4.15
1788548640000,1074.772,4.15
1788548700000,1074.772,4.15
1788548760000,1074.772,4.15
1788548820000,1074.772,4.15
1788548880000,1074.772,4.15
1788548940000,1074.772,4.15
1788549000000,1074.772,4.15
1788549060000,1074.772,4.15
1788549120000,1074.772,4.15
1788549180000,1074.772,4.15
1788549240000,1074.772,4.15
1788549300000,1074.772,4.15
1788549360000,1074.772,4.15
1788549420000,1074.772,4.15
1788549480000,1074.772,4.15
1788549540000,1074.772,4.15
1788549600000,1074.772,4.15
1788549660000,1074.772,4.15
1788549720000,1074.772,4.15
1788549780000,1074.772,4.15
1788549840000,1074.772,4.15
1788549900000,1074.772,4.15
1788549960000,1074.772,4.15
1788550020000,1074.772,4.15
1788550080000,1074.772,4.15
1788550140000,1074.772,4.15
1788550200000,1074.772,4.15
1788550260000,1074.772,4.15
1788550320000,1074.772,4.15
1788550380000,1074.772,4.15
1788550440000,1074.772,4.15
1788550500000,1074.772,4.15
1788550560000,1074.772,4.15
1788550620000,1074.772,4.15
1788550680000,1074.772,4.15
1788550740000,1074.772,4.15
1788550800000,1074.772,4.15
1788550860000,1074.772,4.15
1788550920000,1074.772,4.15
1788550980000,1074.772,4.15
1788551040000,1074.772,4.15
1788551100000,1074.772,4.15
1788551160000,1074.772,4.15
1788551220000,1074.772,4.15
1788551280000,1074.772,4.15
1788551340000,1074.772,4.15
1788551400000,1074.772,4.15
1788551460000,1074.772,4.15
1788551520000,1074.772,4.15
1788551580000,1074.772,4.15
1788551640000,1074.772,4.15
1788551700000,1074.772,4.15
1788551760000,1074.772,4.15
1788551820000,1074.772,4.15
1788551880000,1074.772,4.15
1788551940000,1074.772,4.15
1788552000000,1074.772,4.15
1788552060000,1074.772,4.15
1788552120000,1074.772,4.15
1788552180000,1074.772,4.15
1788552240000,1074.772,4.15
1788552300000,1074.772,4.15
1788552360000,1074.772,4.15
1788552420000,1074.772,4.15
1788552480000,1074.772,4.15
1788552540000,1074.772,4.15
1788552600000,1074.772,4.15
1788552660000,1074.772,4.15
1788552720000,1074.772,4.15
1788552780000,1074.772,4.15
1788552840000,1074.772,4.15
1788552900000,1074.772,4.15
1788552960000,1074.772,4.15
1788553020000,1074.772,4.15
1788553080000,1074.772,4.15
1788553140000,1074.772,4.15
1788553200000,1074.772,4.15
1788553260000,1074.772,4.15
1788553320000,1074.772,4.15
1788553380000,1074.772,4.15
1788553440000,1074.772,4.15
1788553500000,1074.772,4.15
1788553560000,1074.772,4.15
1788553620000,1074.772,4.15
1788553680000,1074.772,4.15
1788553740000,1074.772,4.15
1788553800000,1074.772,4.15
1788553860000,1074.772,4.15
1788553920000,1074.772,4.15
1788553980000,1074.772,4.15
1788554040000,1074.772,4.15
1788554100000,1074.772,4.15
1788554160000,1074.772,4.15
1788554220000,1074.772,4.15
1788554280000,1074.772,4.15
1788554340000,1074.772,4.15
1788554400000,1074.772,4.15
1788554460000,1074.772,4.15
1788554520000,1074.772,4.15
1788554580000,1074.772,4.15
1788554640000,1074.772,4.15
1788554700000,1074.772,4.15
1788554760000,1074.772,4.15
1788554820000,1074.772,4.15
1788554880000,1074.772,4.15
1788554940000,1074.772,4.15
1788555000000,1074.772,4.15
1788555060000,1074.772,4.15
1788555120000,1074.772,4.15
1788555180000,1074.772,4.15
1788555240000,1074.772,4.15
1788555300000,1074.772,4.15
1788555360000,1074.772,4.15
1788555420000,1074.772,4.15
1788555480000,1074.772,4.15
1788555540000,1074.772,4.15
1788555600000,1074.772,4.15
1788555660000,1074.772,4.15
1788555720000,1074.772,4.15
1788555780000,1074.772,4.15
1788555840000,1074.772,4.15
1788555900000,1074.772,4.15
1788555960000,1074.772,4.15
1788556020000,1074.772,4.15
1788556080000,1074.772,4.15
1788556140000,1074.772,4.15
1788556200000,1074.772,4.15
1788556260000,1074.772,4.15
1788556320000,1074.772,4.15
1788556380000,1074.772,4.15
1788556440000,1074.772,4.15
1788556500000,1074.772,4.15
1788556560000,1074.772,4.15
1788556620000,1074.772,4.15
1788556680000,1074.772,4.15
1788556740000,1074.772,4.15
1788556800000,1074.772,4.15
1788556860000,1074.772,4.15
1788556920000,1074.772,4.15
1788556980000,1074.772,4.15
1788557040000,1074.772,4.15
1788557100000,1074.772,4.15
1788557160000,1074.772,4.15
1788557220000,1074.772,4.15
1788557280000,1074.772,4.15
1788557340000,1074.772,4.15
1788557400000,1074.772,4.15
1788557460000,1074.772,4.15
1788557520000,1074.772,4.15
1788557580000,1074.772,4.15
1788557640000,1074.772,4.15
1788557700000,1074.772,4.15
1788557760000,1074.772,4.15
1788557820000,1074.772,4.15
1788557880000,1074.772,4.15
1788557940000,1074.772,4.15
1788558000000,1074.772,4.15
1788558060000,1074.772,4.15
1788558120000,1074.772,4.15
1788558180000,1074.772,4.15
1788558240000,1074.772,4.15
1788558300000,1074.772,4.15
1788558360000,1074.772,4.15
1788558420000,1074.772,4.15
1788558480000,1074.772,4.15
1788558540000,1074.772,4.15
1788558600000,1074.772,4.15
1788558660000,1074.772,4.15
1788558720000,1074.772,4.15
1788558780000,1074.772,4.15
1788558840000,1074.772,4.15
1788558900000,1074.772,4.15
1788558960000,1074.772,4.15
1788559020000,1074.772,4.15
1788559080000,1074.772,4.15
1788559140000,1074.772,4.15
1788559200000,1074.772,4.15
1788559260000,1074.772,4.15
1788559320000,1074.772,4.15
1788559380000,1074.772,4.15
1788559440000,1074.772,4.15
1788559500000,1074.772,4.15
1788559560000,1074.772,4.15
1788559620000,1074.772,4.15
1788559680000,1074.772,4.15
1788559740000,1074.772,4.15
1788559800000,1074.772,4.15
1788559860000,1074.772,4.15
1788559920000,1074.772,4.15
1788559980000,1074.772,4.15
1788560040000,1074.772,4.15
1788560100000,1074.772,4.15
1788560160000,1074.772,4.15
1788560220000,1074.772,4.15
1788560280000,1074.772,4.15
1788560340000,1074.772,4.15
1788560400000,1074.772,4.15
1788560460000,1074.772,4.15
1788560520000,1074.772,4.15
1788560580000,1074.772,4.15
1788560640000,1074.772,4.15
1788560700000,1074.772,4.15
1788560760000,1074.772,4.15
1788560820000,1074.772,4.15
1788560880000,1074.772,4.15
1788560940000,1074.772,4.15
1788561000000,1074.772,4.15
1788561060000,1074.772,4.15
1788561120000,1074.772,4.15
1788561180000,1074.772,4.15
1788561240000,1074.772,4.15
1788561300000,1074.772,4.15
1788561360000,1074.772,4.15
1788561420000,1074.772,4.15
1788561480000,1074.772,4.15
1788561540000,1074.772,4.15
1788561600000,1074.772,4.15
1788561660000,1074.772,4.15
1788561720000,1074.772,4.15
1788561780000,1074.772,4.15
1788561840000,1074.772,4.15
1788561900000,1074.772,4.15
1788561960000,1074.772,4.15
1788562020000,1074.772,4.15
1788562080000,1074.772,4.15
1788562140000,1074.772,4.15
1788562200000,1074.772,4.15
1788562260000,1074.772,4.15
1788562320000,1074.772,4.15
1788562380000,1074.772,4.15
1788562440000,1074.772,4.15
1788562500000,1074.772,4.15
1788562560000,1074.772,4.15
1788562620000,1074.772,4.15
1788562680000,1074.772,4.15
1788562740000,1074.772,4.15
1788562800000,1074.772,4.15
1788562860000,1074.772,4.15
1788562920000,1074.772,4.15
1788562980000,1074.772,4.15
1788563040000,1074.772,4.15
1788563100000,1074.772,4.15
1788563160000,1074.772,4.15
1788563220000,1074.772,4.15
1788563280000,1074.772,4.15
1788563340000,1074.772,4.15
1788563400000,1074.772,4.15
1788563460000,1074.772,4.15
1788563520000,1074.772,4.15
1788563580000,1074.772,4.15
1788563640000,1074.772,4.15
1788563700000,1074.772,4.15
1788563760000,1074.772,4.15
1788563820000,1074.772,4.15
1788563880000,1074.772,4.15
1788563940000,1074.772,4.15
1788564000000,1074.772,4.15
1788564060000,1074.772,4.15
1788564120000,1074.772,4.15
1788564180000,1074.772,4.15
1788564240000,1074.772,4.15
1788564300000,1074.772,4.15
1788564360000,1074.772,4.15
1788564420000,1074.772,4.15
1788564480000,1074.772,4.15
1788564540000,1074.772,4.15
1788564600000,1074.772,4.15
1788564660000,1074.772,4.15
1788564720000,1074.772,4.15
1788564780000,1074.772,4.15
1788564840000,1074.772,4.15
1788564900000,1074.772,4.15
1788564960000,1074.772,4.15
1788565020000,1074.772,4.15
1788565080000,1074.772,4.15
1788565140000,1074.772,4.15
1788565200000,1074.772,4.15
1788565260000,1074.772,4.15
1788565320000,1074.772,4.15
1788565380000,1074.772,4.15
1788565440000,1074.772,4.15
1788565500000,1074.772,4.15
1788565560000,1074.772,4.15
1788565620000,1074.772,4.15
1788565680000,1074.772,4.15
1788565740000,1074.772,4.15
1788565800000,1074.772,4.15
1788565860000,1074.772,4.15
1788565920000,1074.772,4.15
1788565980000,1074.772,4.15
1788566040000,1074.772,4.15
1788566100000,1074.772,4.15
1788566160000,1074.772,4.15
1788566220000,1074.772,4.15
1788566280000,1074.772,4.15
1788566340000,1074.772,4.15
1788566400000,1074.772,4.15
1788566460000,1074.772,4.15
1788566520000,1074.772,4.15
1788566580000,1074.772,4.15
1788566640000,1074.772,4.15
1788566700000,1074.772,4.15
1788566760000,1074.772,4.15
1788566820000,1074.772,4.15
1788566880000,1074.772,4.15
1788566940000,1074.772,4.15
1788567000000,1074.772,4.15
1788567060000,1074.772,4.15
1788567120000,1074.772,4.15
1788567180000,1074.772,4.15
1788567240000,1074.772,4.15
1788567300000,1074.772,4.15
1788567360000,1074.772,4.15
1788567420000,1074.772,4.15
1788567480000,1074.772,4.15
1788567540000,1074.772,4.15
1788567600000,1074.772,4.15
1788567660000,1074.772,4.15
1788567720000,1074.772,4.15
1788567780000,1074.772,4.15
1788567840000,1074.772,4.15
1788567900000,1074.772,4.15
1788567960000,1074.772,4.15
1788568020000,1074.772,4.15
1788568080000,1074.772,4.15
1788568140000,1074.772,4.15
1788568200000,1074.772,4.15
1788568260000,1074.772,4.15
1788568320000,1074.772,4.15
1788568380000,1074.772,4.15
1788568440000,1074.772,4.15
1788568500000,1074.772,4.15
1788568560000,1074.772,4.15
1788568620000,1074.772,4.15
1788568680000,1074.772,4.15
1788568740000,1074.772,4.15
1788568800000,1074.772,4.15
1788568860000,1074.772,4.15
1788568920000,1074.772,4.15
1788568980000,1074.772,4.15
1788569040000,1074.772,4.15
1788569100000,1074.772,4.15
1788569160000,1074.772,4.15
1788569220000,1074.772,4.15
1788569280000,1074.772,4.15
1788569340000,1074.772,4.15
1788569400000,1074.772,4.15
1788569460000,1074.772,4.15
1788569520000,1074.772,4.15
1788569580000,1074.772,4.15
1788569640000,1074.772,4.15
1788569700000,1074.772,4.15
1788569760000,1074.772,4.15
1788569820000,1074.772,4.15
1788569880000,1074.772,4.15
1788569940000,1074.772,4.15
1788570000000,1074.772,4.15
1788570060000,1074.772,4.15
1788570120000,1074.772,4.15
1788570180000,1074.772,4.15
1788570240000,1074.772,4.15
1788570300000,1074.772,4.15
1788570360000,1074.772,4.15
1788570420000,1074.772,4.15
1788570480000,1074.772,4.15
1788570540000,1074.772,4.15
1788570600000,1074.772,4.15
1788570660000,1074.772,4.15
1788570720000,1074.772,4.15
1788570780000,1074.772,4.15
1788570840000,1074.772,4.15
1788570900000,1074.772,4.15
1788570960000,1074.772,4.15
1788571020000,1074.772,4.15
1788571080000,1074.772,4.15
1788571140000,1074.772,4.15
1788571200000,1074.772,4.15
1788571260000,1074.772,4.15
1788571320000,1074.772,4.15
1788571380000,1074.772,4.15
1788571440000,1074.772,4.15
1788571500000,1074.772,4.15
1788571560000,1074.772,4.15
1788571620000,1074.772,4.15
1788571680000,1074.772,4.15
1788571740000,1074.772,4.15
1788571800000,1074.772,4.15
1788571860000,1074.772,4.15
1788571920000,1074.772,4.15
1788571980000,1074.772,4.15
1788572040000,1074.772,4.15
1788572100000,1074.772,4.15
1788572160000,1074.772,4.15
1788572220000,1074.772,4.15
1788572280000,1074.772,4.15
1788572340000,1074.772,4.15
1788572400000,1074.772,4.15
1788572460000,1074.772,4.15
1788572520000,1074.772,4.15
1788572580000,1074.772,4.15
1788572640000,1074.772,4.15
1788572700000,1074.772,4.15
1788572760000,1074.772,4.15
1788572820000,1074.772,4.15
1788572880000,1074.772,4.15
1788572940000,1074.772,4.15
1788573000000,1074.772,4.15
1788573060000,1074.772,4.15
1788573120000,1074.772,4.15
1788573180000,1074.772,4.15
1788573240000,1074.772,4.15
1788573300000,1074.772,4.15
1788573360000,1074.772,4.15
1788573420000,1074.772,4.15
1788573480000,1074.772,4.15
1788573540000,1074.772,4.15
1788573600000,1074.772,4.15
1788573660000,1074.772,4.15
1788573720000,1074.772,4.15
1788573780000,1074.772,4.15
1788573840000,1074.772,4.15
1788573900000,1074.772,4.15
1788573960000,1074.772,4.15
1788574020000,1074.772,4.15
1788574080000,1074.772,4.15
1788574140000,1074.772,4.15
1788574200000,1074.772,4.15
1788574260000,1074.772,4.15
1788574320000,1074.772,4.15
1788574380000,1074.772,4.15
1788574440000,1074.772,4.15
1788574500000,1074.772,4.15
1788574560000,1074.772,4.15
1788574620000,1074.772,4.15
1788574680000,1074.772,4.15
1788574740000,1074.772,4.15
1788574800000,1074.772,4.15
1788574860000,1074.772,4.15
1788574920000,1074.772,4.15
1788574980000,1074.772,4.15
1788575040000,1074.772,4.15
1788575100000,1074.772,4.15
1788575160000,1074.772,4.15
1788575220000,1074.772,4.15
1788575280000,1074.772,4.15
1788575340000,1074.772,4.15
1788575400000,1074.772,4.15
1788575460000,1074.772,4.15
1788575520000,1074.772,4.15
1788575580000,1074.772,4.15
1788575640000,1074.772,4.15
1788575700000,1074.772,4.15
1788575760000,1074.772,4.15
1788575820000,1074.772,4.15
1788575880000,1074.772,4.15
1788575940000,1074.772,4.15
1788576000000,1074.772,4.15
1788576060000,1074.772,4.15
1788576120000,1074.772,4.15
1788576180000,1074.772,4.15
1788576240000,1074.772,4.15
1788576300000,1074.772,4.15
1788576360000,1074.772,4.15
1788576420000,1074.772,4.15
1788576480000,1074.772,4.15
1788576540000,1074.772,4.15
1788576600000,1074.772,4.15
1788576660000,1074.772,4.15
1788576720000,1074.772,4.15
1788576780000,1074.772,4.15
1788576840000,1074.772,4.15
1788576900000,1074.772,4.15
1788576960000,1074.772,4.15
1788577020000,1074.772,4.15
1788577080000,1074.772,4.15
1788577140000,1074.772,4.15
1788577200000,1074.772,4.15
1788577260000,1074.772,4.15
1788577320000,1074.772,4.15
1788577380000,1074.772,4.15
1788577440000,1074.772,4.15
1788577500000,1074.772,4.15
1788577560000,1074.772,4.15
1788577620000,1074.772,4.15
1788577680000,1074.772,4.15
1788577740000,1074.772,4.15
1788577800000,1074.772,4.15
1788577860000,1074.772,4.15
1788577920000,1074.772,4.15
1788577980000,1074.772,4.15
1788578040000,1074.772,4.15
1788578100000,1074.772,4.15
1788578160000,1074.772,4.15
1788578220000,1074.772,4.15
1788578280000,1074.772,4.15
1788578340000,1074.772,4.15
1788578400000,1074.772,4.15
1788578460000,1074.772,4.15
1788578520000,1074.772,4.15
1788578580000,1074.772,4.15
1788578640000,1074.772,4.15
1788578700000,1074.772,4.15
1788578760000,1074.772,4.15
1788578820000,1074.772,4.15
1788578880000,1074.772,4.15
1788578940000,1074.772,4.15
1788579000000,1074.772,4.15
1788579060000,1074.772,4.15
1788579120000,1074.772,4.15
1788579180000,1074.772,4.15
1788579240000,1074.772,4.15
1788579300000,1074.772,4.15
1788579360000,1074.772,4.15
1788579420000,1074.772,4.15
1788579480000,1074.772,4.15
1788579540000,1074.772,4.15
1788579600000,1074.772,4.15
1788579660000,1074.772,4.15
1788579720000,1074.772,4.15
1788579780000,1074.772,4.15
1788579840000,1074.772,4.15
1788579900000,1074.772,4.15
1788579960000,1074.772,4.15
1788580020000,1074.772,4.15
1788580080000,1074.772,4.15
1788580140000,1074.772,4.15
1788580200000,1074.772,4.15
1788580260000,1074.772,4.15
1788580320000,1074.772,4.15
1788580380000,1074.772,4.15
1788580440000,1074.772,4.15
1788580500000,1074.772,4.15
1788580560000,1074.772,4.15
1788580620000,1074.772,4.15
1788580680000,1074.772,4.15
1788580740000,1074.772,4.15
1788580800000,1074.772,4.15
1788580860000,1074.772,4.15
1788580920000,1074.772,4.15
1788580980000,1074.772,4.15
1788581040000,1074.772,4.15
1788581100000,1074.772,4.15
1788581160000,1074.772,4.15
1788581220000,1074.772,4.15
1788581280000,1074.772,4.15
1788581340000,1074.772,4.15
1788581400000,1074.772,4.15
1788581460000,1074.772,4.15
1788581520000,1074.772,4.15
1788581580000,1074.772,4.15
1788581640000,1074.772,4.15
1788581700000,1074.772,4.15
1788581760000,1074.772,4.15
1788581820000,1074.772,4.15
1788581880000,1074.772,4.15
1788581940000,1074.772,4.15
1788582000000,1074.772,4.15
1788582060000,1074.772,4.15
1788582120000,1074.772,4.15
1788582180000,1074.772,4.15
1788582240000,1074.772,4.15
1788582300000,1074.772,4.15
1788582360000,1074.772,4.15
1788582420000,1074.772,4.15
1788582480000,1074.772,4.15
1788582540000,1074.772,4.15
1788582600000,1074.772,4.15
1788582660000,1074.772,4.15
1788582720000,1074.772,4.15
1788582780000,1074.772,4.15
1788582840000,1074.772,4.15
1788582900000,1074.772,4.15
1788582960000,1074.772,4.15
1788583020000,1074.772,4.15
1788583080000,1074.772,4.15
1788583140000,1074.772,4.15
1788583200000,1074.772,4.15
1788583260000,1074.772,4.15
1788583320000,1074.772,4.15
1788583380000,1074.772,4.15
1788583440000,1074.772,4.15
1788583500000,1074.772,4.15
1788583560000,1074.772,4.15
1788583620000,1074.772,4.15
1788583680000,1074.772,4.15
1788583740000,1074.772,4.15
1788583800000,1074.772,4.15
1788583860000,1074.772,4.15
1788583920000,1074.772,4.15
1788583980000,1074.772,4.15
1788584040000,1074.772,4.15
1788584100000,1074.772,4.15
1788584160000,1074.772,4.15
1788584220000,1074.772,4.15
1788584280000,1074.772,4.15
1788584340000,1074.772,4.15
1788584400000,1074.772,4.15
1788584460000,1074.772,4.15
1788584520000,1074.772,4.15
1788584580000,1074.772,4.15
1788584640000,1074.772,4.15
1788584700000,1074.772,4.15
1788584760000,1074.772,4.15
1788584820000,1074.772,4.15
1788584880000,1074.772,4.15
1788584940000,1074.772,4.15
1788585000000,1074.772,4.15
1788585060000,1074.772,4.15
1788585120000,1074.772,4.15
1788585180000,1074.772,4.15
1788585240000,1074.772,4.15
1788585300000,1074.772,4.15
1788585360000,1074.772,4.15
1788585420000,1074.772,4.15
1788585480000,1074.772,4.15
1788585540000,1074.772,4.15
1788585600000,1074.772,4.15
1788585660000,1074.772,4.15
1788585720000,1074.772,4.15
1788585780000,1074.772,4.15
1788585840000,1074.772,4.15
1788585900000,1074.772,4.15
1788585960000,1074.772,4.15
1788586020000,1074.772,4.15
1788586080000,1074.772,4.15
1788586140000,1074.772,4.15
1788586200000,1074.772,4.15
1788586260000,1074.772,4.15
1788586320000,1074.772,4.15
1788586380000,1074.772,4.15
1788586440000,1074.772,4.15
1788586500000,1074.772,4.15
1788586560000,1074.772,4.15
1788586620000,1074.772,4.15
1788586680000,1074.772,4.15
1788586740000,1074.772,4.15
1788586800000,1074.772,4.15
1788586860000,1074.772,4.15
1788586920000,1074.772,4.15
1788586980000,1074.772,4.15
1788587040000,1074.772,4.15
1788587100000,1074.772,4.15
1788587160000,1074.772,4.15
1788587220000,1074.772,4.15
1788587280000,1074.772,4.15
1788587340000,1074.772,4.15
1788587400000,1074.772,4.15
1788587460000,1074.772,4.15
1788587520000,1074.772,4.15
1788587580000,1074.772,4.15
1788587640000,1074.772,4.15
1788587700000,1074.772,4.15
1788587760000,1074.772,4.15
1788587820000,1074.772,4.15
1788587880000,1074.772,4.15
1788587940000,1074.772,4.15
1788588000000,1074.772,4.15
1788588060000,1074.772,4.15
1788588120000,1074.772,4.15
1788588180000,1074.772,4.15
1788588240000,1074.772,4.15
1788588300000,1074.772,4.15
1788588360000,1074.772,4.15
1788588420000,1074.772,4.15
1788588480000,1074.772,4.15
1788588540000,1074.772,4.15
1788588600000,1074.772,4.15
1788588660000,1074.772,4.15
1788588720000,1074.772,4.15
1788588780000,1074.772,4.15
1788588840000,1074.772,4.15
1788588900000,1074.772,4.15
1788588960000,1074.772,4.15
1788589020000,1074.772,4.15
1788589080000,1074.772,4.15
1788589140000,1074.772,4.15
1788589200000,1074.772,4.15
1788589260000,1074.772,4.15
1788589320000,1074.772,4.15
1788589380000,1074.772,4.15
1788589440000,1074.772,4.15
1788589500000,1074.772,4.15
1788589560000,1074.772,4.15
1788589620000,1074.772,4.15
1788589680000,1074.772,4.15
1788589740000,1074.772,4.15
1788589800000,1074.772,4.15
1788589860000,1074.772,4.15
1788589920000,1074.772,4.15
1788589980000,1074.772,4.15
1788590040000,1074.772,4.15
1788590100000,1074.772,4.15
1788590160000,1074.772,4.15
1788590220000,1074.772,4.15
1788590280000,1074.772,4.15
1788590340000,1074.772,4.15
1788590400000,1074.772,4.15
1788590460000,1074.772,4.15
1788590520000,1074.772,4.15
1788590580000,1074.772,4.15
1788590640000,1074.772,4.15
1788590700000,1074.772,4.15
1788590760000,1074.772,4.15
1788590820000,1074.772,4.15
1788590880000,1074.772,4.15
1788590940000,1074.772,4.15
1788591000000,1074.772,4.15
1788591060000,1074.772,4.15
1788591120000,1074.772,4.15
1788591180000,1074.772,4.15
1788591240000,1074.772,4.15
1788591300000,1074.772,4.15
1788591360000,1074.772,4.15
1788591420000,1074.772,4.15
1788591480000,1074.772,4.15
1788591540000,1074.772,4.15
1788591600000,1074.772,4.15
1788591660000,1074.772,4.15
1788591720000,1074.772,4.15
1788591780000,1074.772,4.15
1788591840000,1074.772,4.15
1788591900000,1074.772,4.15
1788591960000,1074.772,4.15
1788592020000,1074.772,4.15
1788592080000,1074.772,4.15
1788592140000,1074.772,4.15
1788592200000,1074.772,4.15
1788592260000,1074.772,4.15
1788592320000,1074.772,4.15
1788592380000,1074.772,4.15
1788592440000,1074.772,4.15
1788592500000,1074.772,4.15
1788592560000,1074.772,4.15
1788592620000,1074.772,4.15
1788592680000,1074.772,4.15
1788592740000,1074.772,4.15
1788592800000,1074.772,4.15
1788592860000,1074.772,4.15
1788592920000,1074.772,4.15
1788592980000,1074.772,4.15
1788593040000,1074.772,4.15
1788593100000,1074.772,4.15
1788593160000,1074.772,4.15
1788593220000,1074.772,4.15
1788593280000,1074.772,4.15
1788593340000,1074.772,4.15
1788593400000,1074.772,4.15
1788593460000,1074.772,4.15
1788593520000,1074.772,4.15
1788593580000,1074.772,4.15
1788593640000,1074.772,4.15
1788593700000,1074.772,4.15
1788593760000,1074.772,4.15
1788593820000,1074.772,4.15
1788593880000,1074.772,4.15
1788593940000,1074.772,4.15
1788594000000,1074.772,4.15
1788594060000,1074.772,4.15
1788594120000,1074.772,4.15
1788594180000,1074.772,4.15
1788594240000,1074.772,4.15
1788594300000,1074.772,4.15
1788594360000,1074.772,4.15
1788594420000,1074.772,4.15
1788594480000,1074.772,4.15
1788594540000,1074.772,4.15
1788594600000,1074.772,4.15
1788594660000,1074.772,4.15
1788594720000,1074.772,4.15
1788594780000,1074.772,4.15
1788594840000,1074.772,4.15
1788594900000,1074.772,4.15
1788594960000,1074.772,4.15
1788595020000,1074.772,4.15
1788595080000,1074.772,4.15
1788595140000,1074.772,4.15
1788595200000,1074.772,4.15
1788595260000,1074.772,4.15
1788595320000,1074.772,4.15
1788595380000,1074.772,4.15
1788595440000,1074.772,4.15
1788595500000,1074.772,4.15
1788595560000,1074.772,4.15
1788595620000,1074.772,4.15
1788595680000,1074.772,4.15
1788595740000,1074.772,4.15
1788595800000,1074.772,4.15
1788595860000,1074.772,4.15
1788595920000,1074.772,4.15
1788595980000,1074.772,4.15
1788596040000,1074.772,4.15
1788596100000,1074.772,4.15
1788596160000,1074.772,4.15
1788596220000,1074.772,4.15
1788596280000,1074.772,4.15
1788596340000,1074.772,4.15
1788596400000,1074.772,4.15
1788596460000,1074.772,4.15
1788596520000,1074.772,4.15
1788596580000,1074.772,4.15
1788596640000,1074.772,4.15
1788596700000,1074.772,4.15
1788596760000,1074.772,4.15
1788596820000,1074.772,4.15
1788596880000,1074.772,4.15
1788596940000,1074.772,4.15
1788597000000,1074.772,4.15
1788597060000,1074.772,4.15
1788597120000,1074.772,4.15
1788597180000,1074.772,4.15
1788597240000,1074.772,4.15
1788597300000,1074.772,4.15
1788597360000,1074.772,4.15
1788597420000,1074.772,4.15
1788597480000,1074.772,4.15
1788597540000,1074.772,4.15
1788597600000,1074.772,4.15
1788597660000,1074.772,4.15
1788597720000,1074.772,4.15
1788597780000,1074.772,4.15
1788597840000,1074.772,4.15
1788597900000,1074.772,4.15
1788597960000,1074.772,4.15
1788598020000,1074.772,4.15
1788598080000,1074.772,4.15
1788598140000,1074.772,4.15
1788598200000,1074.772,4.15
1788598260000,1074.772,4.15
1788598320000,1074.772,4.15
1788598380000,1074.772,4.15
1788598440000,1074.772,4.15
1788598500000,1074.772,4.15
1788598560000,1074.772,4.15
1788598620000,1074.772,4.15
1788598680000,1074.772,4.15
1788598740000,1074.772,4.15
1788598800000,1074.772,4.15
1788598860000,1074.772,4.15
1788598920000,1074.772,4.15
1788598980000,1074.772,4.15
1788599040000,1074.772,4.15
1788599100000,1074.772,4.15
1788599160000,1074.772,4.15
1788599220000,1074.772,4.15
1788599280000,1074.772,4.15
1788599340000,1074.772,4.15
1788599400000,1074.772,4.15
1788599460000,1074.772,4.15
1788599520000,1074.772,4.15
1788599580000,1074.772,4.15
1788599640000,1074.772,4.15
1788599700000,1074.772,4.15
1788599760000,1074.772,4.15
1788599820000,1074.772,4.15
1788599880000,1074.772,4.15
1788599940000,1074.772,4.15
1788600000000,1074.772,4.15
1788600060000,1074.772,4.15
1788600120000,1074.772,4.15
1788600180000,1074.772,4.15
1788600240000,1074.772,4.15
1788600300000,1074.772,4.15
1788600360000,1074.772,4.15
1788600420000,1074.772,4.15
1788600480000,1074.772,4.15
1788600540000,1074.772,4.15
1788600600000,1074.772,4.15
1788600660000,1074.772,4.15
1788600720000,1074.772,4.15
1788600780000,1074.772,4.15
1788600840000,1074.772,4.15
1788600900000,1074.772,4.15
1788600960000,1074.772,4.15
1788601020000,1074.772,4.15
1788601080000,1074.772,4.15
1788601140000,1074.772,4.15
1788601200000,1074.772,4.15
1788601260000,1074.772,4.15
1788601320000,1074.772,4.15
1788601380000,1074.772,4.15
1788601440000,1074.772,4.15
1788601500000,1074.772,4.15
1788601560000,1074.772,4.15
1788601620000,1074.772,4.15
1788601680000,1074.772,4.15
1788601740000,1074.772,4.15
1788601800000,1074.772,4.15
1788601860000,1074.772,4.15
1788601920000,1074.772,4.15
1788601980000,1074.772,4.15
1788602040000,1074.772,4.15
1788602100000,1074.772,4.15
1788602160000,1074.772,4.15
1788602220000,1074.772,4.15
1788602280000,1074.772,4.15
1788602340000,1074.772,4.15
1788602400000,1074.772,4.15
1788602460000,1074.772,4.15
1788602520000,1074.772,4.15
1788602580000,1074.772,4.15
1788602640000,1074.772,4.15
1788602700000,1074.772,4.15
1788602760000,1074.772,4.15
1788602820000,1074.772,4.15
1788602880000,1074.772,4.15
1788602940000,1074.772,4.15
1788603000000,1074.772,4.15
1788603060000,1074.772,4.15
1788603120000,1074.772,4.15
1788603180000,1074.772,4.15
1788603240000,1074.772,4.15
1788603300000,1074.772,4.15
1788603360000,1074.772,4.15
1788603420000,1074.772,4.15
1788603480000,1074.772,4.15
1788603540000,1074.772,4.15
1788603600000,1074.772,4.15
1788603660000,1074.772,4.15
1788603720000,1074.772,4.15
1788603780000,1074.772,4.15
1788603840000,1074.772,4.15
1788603900000,1074.772,4.15
1788603960000,1074.772,4.15
1788604020000,1074.772,4.15
1788604080000,1074.772,4.15
1788604140000,1074.772,4.15
1788604200000,1074.772,4.15
1788604260000,1074.772,4.15
1788604320000,1074.772,4.15
1788604380000,1074.772,4.15
1788604440000,1074.772,4.15
1788604500000,1074.772,4.15
1788604560000,1074.772,4.15
1788604620000,1074.772,4.15
1788604680000,1074.772,4.15
1788604740000,1074.772,4.15
1788604800000,1074.772,4.15
1788604860000,1074.772,4.15
1788604920000,1074.772,4.15
1788604980000,1074.772,4.15
1788605040000,1074.772,4.15
1788605100000,1074.772,4.15
1788605160000,1074.772,4.15
1788605220000,1074.772,4.15
1788605280000,1074.772,4.15
1788605340000,1074.772,4.15
1788605400000,1074.772,4.15
1788605460000,1074.772,4.15
1788605520000,1074.772,4.15
1788605580000,1074.772,4.15
1788605640000,1074.772,4.15
1788605700000,1074.772,4.15
1788605760000,1074.772,4.15
1788605820000,1074.772,4.15
1788605880000,1074.772,4.15
1788605940000,1074.772,4.15
1788606000000,1074.772,4.15
1788606060000,1074.772,4.15
1788606120000,1074.772,4.15
1788606180000,1074.772,4.15
1788606240000,1074.772,4.15
1788606300000,1074.772,4.15
1788606360000,1074.772,4.15
1788606420000,1074.772,4.15
1788606480000,1074.772,4.15
1788606540000,1074.772,4.15
1788606600000,1074.772,4.15
1788606660000,1074.772,4.15
1788606720000,1074.772,4.15
1788606780000,1074.772,4.15
1788606840000,1074.772,4.15
1788606900000,1074.772,4.15
1788606960000,1074.772,4.15
1788607020000,1074.772,4.15
1788607080000,1074.772,4.15
1788607140000,1074.772,4.15
1788607200000,1074.772,4.15
1788607260000,1074.772,4.15
1788607320000,1074.772,4.15
1788607380000,1074.772,4.15
1788607440000,1074.772,4.15
1788607500000,1074.772,4.15
1788607560000,1074.772,4.15
1788607620000,1074.772,4.15
1788607680000,1074.772,4.15
1788607740000,1074.772,4.15
1788607800000,1074.772,4.15
1788607860000,1074.772,4.15
1788607920000,1074.772,4.15
1788607980000,1074.772,4.15
1788608040000,1074.772,4.15
1788608100000,1074.772,4.15
1788608160000,1074.772,4.15
1788608220000,1074.772,4.15
1788608280000,1074.772,4.15
1788608340000,1074.772,4.15
1788608400000,1074.772,4.15
1788608460000,1074.772,4.15
1788608520000,1074.772,4.15
1788608580000,1074.772,4.15
1788608640000,1074.772,4.15
1788608700000,1074.772,4.15
1788608760000,1074.772,4.15
1788608820000,1074.772,4.15
1788608880000,1074.772,4.15
1788608940000,1074.772,4.15
1788609000000,1074.772,4.15
1788609060000,1074.772,4.15
1788609120000,1074.772,4.15
1788609180000,1074.772,4.15
1788609240000,1074.772,4.15
1788609300000,1074.772,4.15
1788609360000,1074.772,4.15
1788609420000,1074.772,4.15
1788609480000,1074.772,4.15
1788609540000,1074.772,4.15
1788609600000,1074.772,4.15
1788609660000,1074.772,4.15
1788609720000,1074.772,4.15
1788609780000,1074.772,4.15
1788609840000,1074.772,4.15
1788609900000,1074.772,4.15
1788609960000,1074.772,4.15
1788610020000,1074.772,4.15
1788610080000,1074.772,4.15
1788610140000,1074.772,4.15
1788610200000,1074.772,4.15
1788610260000,1074.772,4.15
1788610320000,1074.772,4.15
1788610380000,1074.772,4.15
1788610440000,1074.772,4.15
1788610500000,1074.772,4.15
1788610560000,1074.772,4.15
1788610620000,1074.772,4.15
1788610680000,1074.772,4.15
1788610740000,1074.772,4.15
1788610800000,1074.772,4.15
1788610860000,1074.772,4.15
1788610920000,1074.772,4.15
1788610980000,1074.772,4.15
1788611040000,1074.772,4.15
1788611100000,1074.772,4.15
1788611160000,1074.772,4.15
1788611220000,1074.772,4.15
1788611280000,1074.772,4.15
1788611340000,1074.772,4.15
1788611400000,1074.772,4.15
1788611460000,1074.772,4.15
1788611520000,1074.772,4.15
1788611580000,1074.772,4.15
1788611640000,1074.772,4.15
1788611700000,1074.772,4.15
1788611760000,1074.772,4.15
1788611820000,1074.772,4.15
1788611880000,1074.772,4.15
1788611940000,1074.772,4.15
1788612000000,1074.772,4.15
1788612060000,1074.772,4.15
1788612120000,1074.772,4.15
1788612180000,1074.772,4.15
1788612240000,1074.772,4.15
1788612300000,1074.772,4.15
1788612360000,1074.772,4.15
1788612420000,1074.772,4.15
1788612480000,1074.772,4.15
1788612540000,1074.772,4.15
1788612600000,1074.772,4.15
1788612660000,1074.772,4.15
1788612720000,1074.772,4.15
1788612780000,1074.772,4.15
1788612840000,1074.772,4.15
1788612900000,1074.772,4.15
1788612960000,1074.772,4.15
1788613020000,1074.772,4.15
1788613080000,1074.772,4.15
1788613140000,1074.772,4.15
1788613200000,1074.772,4.15
1788613260000,1074.772,4.15
1788613320000,1074.772,4.15
1788613380000,1074.772,4.15
1788613440000,1074.772,4.15
1788613500000,1074.772,4.15
1788613560000,1074.772,4.15
1788613620000,1074.772,4.15
1788613680000,1074.772,4.15
1788613740000,1074.772,4.15
1788613800000,1074.772,4.15
1788613860000,1074.772,4.15
1788613920000,1074.772,4.15
1788613980000,1074.772,4.15
1788614040000,1074.772,4.15
1788614100000,1074.772,4.15
1788614160000,1074.772,4.15
1788614220000,1074.772,4.15
1788614280000,1074.772,4.15
1788614340000,1074.772,4.15
1788614400000,1074.772,4.15
1788614460000,1074.772,4.15
1788614520000,1074.772,4.15
1788614580000,1074.772,4.15
1788614640000,1074.772,4.15
1788614700000,1074.772,4.15
1788614760000,1074.772,4.15
1788614820000,1074.772,4.15
1788614880000,1074.772,4.15
1788614940000,1074.772,4.15
1788615000000,1074.772,4.15
1788615060000,1074.772,4.15
1788615120000,1074.772,4.15
1788615180000,1074.772,4.15
1788615240000,1074.772,4.15
1788615300000,1074.772,4.15
1788615360000,1074.772,4.15
1788615420000,1074.772,4.15
1788615480000,1074.772,4.15
1788615540000,1074.772,4.15
1788615600000,1074.772,4.15
1788615660000,1074.772,4.15
1788615720000,1074.772,4.15
1788615780000,1074.772,4.15
1788615840000,1074.772,4.15
1788615900000,1074.772,4.15
1788615960000,1074.772,4.15
1788616020000,1074.772,4.15
1788616080000,1074.772,4.15
1788616140000,1074.772,4.15
1788616200000,1074.772,4.15
1788616260000,1074.772,4.15
1788616320000,1074.772,4.15
1788616380000,1074.772,4.15
1788616440000,1074.772,4.15
1788616500000,1074.772,4.15
1788616560000,1074.772,4.15
1788616620000,1074.772,4.15
1788616680000,1074.772,4.15
1788616740000,1074.772,4.15
1788616800000,1074.772,4.15
1788616860000,1074.772,4.15
1788616920000,1074.772,4.15
1788616980000,1074.772,4.15
1788617040000,1074.772,4.15
1788617100000,1074.772,4.15
1788617160000,1074.772,4.15
1788617220000,1074.772,4.15
1788617280000,1074.772,4.15
1788617340000,1074.772,4.15
1788617400000,1074.772,4.15
1788617460000,1074.772,4.15
1788617520000,1074.772,4.15
1788617580000,1074.772,4.15
1788617640000,1074.772,4.15
1788617700000,1074.772,4.15
1788617760000,1074.772,4.15
1788617820000,1074.772,4.15
1788617880000,1074.772,4.15
1788617940000,1074.772,4.15
1788618000000,1074.772,4.15
1788618060000,1074.772,4.15
1788618120000,1074.772,4.15
1788618180000,1074.772,4.15
1788618240000,1074.772,4.15
1788618300000,1074.772,4.15
1788618360000,1074.772,4.15
1788618420000,1074.772,4.15
1788618480000,1074.772,4.15
1788618540000,1074.772,4.15
1788618600000,1074.772,4.15
1788618660000,1074.772,4.15
1788618720000,1074.772,4.15
1788618780000,1074.772,4.15
1788618840000,1074.772,4.15
1788618900000,1074.772,4.15
1788618960000,1074.772,4.15
1788619020000,1074.772,4.15
1788619080000,1074.772,4.15
1788619140000,1074.772,4.15
1788619200000,1074.772,4.15
1788619260000,1074.772,4.15
1788619320000,1074.772,4.15
1788619380000,1074.772,4.15
1788619440000,1074.772,4.15
1788619500000,1074.772,4.15
1788619560000,1074.772,4.15
1788619620000,1074.772,4.15
1788619680000,1074.772,4.15
1788619740000,1074.772,4.15
1788619800000,1074.772,4.15
1788619860000,1074.772,4.15
1788619920000,1074.772,4.15
1788619980000,1074.772,4.15
1788620040000,1074.772,4.15
1788620100000,1074.772,4.15
1788620160000,1074.772,4.15
1788620220000,1074.772,4.15
1788620280000,1074.772,4.15
1788620340000,1074.772,4.15
1788620400000,1074.772,4.15
1788620460000,1074.772,4.15
1788620520000,1074.772,4.15
1788620580000,1074.772,4.15
1788620640000,1074.772,4.15
1788620700000,1074.772,4.15
1788620760000,1074.772,4.15
1788620820000,1074.772,4.15
1788620880000,1074.772,4.15
1788620940000,1074.772,4.15
1788621000000,1074.772,4.15
1788621060000,1074.772,4.15
1788621120000,1074.772,4.15
1788621180000,1074.772,4.15
1788621240000,1074.772,4.15
1788621300000,1074.772,4.15
1788621360000,1074.772,4.15
1788621420000,1074.772,4.15
1788621480000,1074.772,4.15
1788621540000,1074.772,4.15
1788621600000,1074.772,4.15
1788621660000,1074.772,4.15
1788621720000,1074.772,4.15
1788621780000,1074.772,4.15
1788621840000,1074.772,4.15
1788621900000,1074.772,4.15
1788621960000,1074.772,4.15
1788622020000,1074.772,4.15
1788622080000,1074.772,4.15
1788622140000,1074.772,4.15
1788622200000,1074.772,4.15
1788622260000,1074.772,4.15
1788622320000,1074.772,4.15
1788622380000,1074.772,4.15
1788622440000,1074.772,4.15
1788622500000,1074.772,4.15
1788622560000,1074.772,4.15
1788622620000,1074.772,4.15
1788622680000,1074.772,4.15
1788622740000,1074.772,4.15
1788622800000,1074.772,4.15
1788622860000,1074.772,4.15
1788622920000,1074.772,4.15
1788622980000,1074.772,4.15
1788623040000,1074.772,4.15
1788623100000,1074.772,4.15
1788623160000,1074.772,4.15
1788623220000,1074.772,4.15
1788623280000,1074.772,4.15
1788623340000,1074.772,4.15
1788623400000,1074.772,4.15
1788623460000,1074.772,4.15
1788623520000,1074.772,4.15
1788623580000,1074.772,4.15
1788623640000,1074.772,4.15
1788623700000,1074.772,4.15
1788623760000,1074.772,4.15
1788623820000,1074.772,4.15
1788623880000,1074.772,4.15
1788623940000,1074.772,4.15
1788624000000,1074.772,4.15
1788624060000,1074.772,4.15
1788624120000,1074.772,4.15
1788624180000,1074.772,4.15
1788624240000,1074.772,4.15
1788624300000,1074.772,4.15
1788624360000,1074.772,4.15
1788624420000,1074.772,4.15
1788624480000,1074.772,4.15
1788624540000,1074.772,4.15
1788624600000,1074.772,4.15
1788624660000,1074.772,4.15
1788624720000,1074.772,4.15
1788624780000,1074.772,4.15
1788624840000,1074.772,4.15
1788624900000,1074.772,4.15
1788624960000,1074.772,4.15
1788625020000,1074.772,4.15
1788625080000,1074.772,4.15
1788625140000,1074.772,4.15
1788625200000,1074.772,4.15
1788625260000,1074.772,4.15
1788625320000,1074.772,4.15
1788625380000,1074.772,4.15
1788625440000,1074.772,4.15
1788625500000,1074.772,4.15
1788625560000,1074.772,4.15
1788625620000,1074.772,4.15
1788625680000,1074.772,4.15
1788625740000,1074.772,4.15
1788625800000,1066.0601,4.93
1788706920000,1066.0601,4.93
1788706980000,1066.0601,4.93
1788707040000,1066.0601,4.93
1788707100000,1066.0601,4.93
1788707160000,1066.0601,4.93
1788707220000,1066.0601,4.93
1788707280000,1066.0601,4.93
1788707340000,1066.0601,4.93
1788707400000,1066.0601,4.93
1788707460000,1066.0601,4.93
1788707520000,1066.0601,4.93
1788707580000,1066.0601,4.93
1788707640000,1066.0601,4.93
1788707700000,1066.0601,4.93
1788707760000,1066.0601,4.93
1788707820000,1066.0601,4.93
1788707880000,1066.0601,4.93
1788707940000,1066.0601,4.93
1788708000000,1066.0601,4.93
1788708060000,1066.0601,4.93
1788708120000,1066.0601,4.93
1788708180000,1066.0601,4.93
1788708240000,1066.0601,4.93
1788708300000,1066.0601,4.93
1788708360000,1066.0601,4.93
1788708420000,1066.0601,4.93
1788708480000,1066.0601,4.93
1788708540000,1066.0601,4.93
1788708600000,1066.0601,4.93
1788708660000,1066.0601,4.93
1788708720000,1066.0601,4.93
1788708780000,1066.0601,4.93
1788708840000,1066.0601,4.93
1788708900000,1066.0601,4.93
1788708960000,1066.0601,4.93
1788709020000,1066.0601,4.93
1788709080000,1066.0601,4.93
1788709140000,1066.0601,4.93
1788709200000,1066.0601,4.93
1788709260000,1066.0601,4.93
1788709320000,1066.0601,4.93
1788709380000,1066.0601,4.93
1788709440000,1066.0601,4.93
1788709500000,1066.0601,4.93
1788709560000,1066.0601,4.93
1788709620000,1066.0601,4.93
1788709680000,1066.0601,4.93
1788709740000,1066.0601,4.93
1788709800000,1066.0601,4.93
1788709860000,1066.0601,4.93
1788709920000,1066.0601,4.93
1788709980000,1066.0601,4.93
1788710040000,1066.0601,4.93
1788710100000,1066.0601,4.93
1788710160000,1066.0601,4.93
1788710220000,1066.0601,4.93
1788710280000,1066.0601,4.93
1788710340000,1066.0601,4.93
1788710400000,1066.0601,4.93
1788710460000,1066.0601,4.93
1788710520000,1066.0601,4.93
1788710580000,1066.0601,4.93
1788710640000,1066.0601,4.93
1788710700000,1066.0601,4.93
1788710760000,1066.0601,4.93
1788710820000,1066.0601,4.93
1788710880000,1066.0601,4.93
1788710940000,1066.0601,4.93
1788711000000,1066.0601,4.93
1788711060000,1066.0601,4.93
1788711120000,1066.0601,4.93
1788711180000,1066.0601,4.93
1788711240000,1066.0601,4.93
1788711300000,1066.0601,4.93
1788711360000,1066.0601,4.93
1788711420000,1066.0601,4.93
1788711480000,1066.0601,4.93
1788711540000,1066.0601,4.93
1788711600000,1066.0601,4.93
1788711660000,1066.0601,4.93
1788711720000,1066.0601,4.93
1788711780000,1066.0601,4.93
1788711840000,1066.0601,4.93
1788711900000,1066.0601,4.93
1788711960000,1066.0601,4.93
1788712020000,1066.0601,4.93
1788712080000,1066.0601,4.93
1788712140000,1066.0601,4.93
1788712200000,1066.0601,4.93
1788712260000,1066.0601,4.93
1788712320000,1066.0601,4.93
1788712380000,1066.0601,4.93
1788712440000,1057.0456,5.73
1789046040000,1057.0456,5.73
1789046100000,1057.0456,5.73
1789046160000,1057.0456,5.73
1789046220000,1057.0456,5.73
1789046280000,1057.0456,5.73
1789046340000,1057.0456,5.73
1789046400000,1057.0456,5.73
1789046460000,1057.0456,5.73
1789046520000,1057.0456,5.73
1789046580000,1057.0456,5.73
1789046640000,1057.0456,5.73
1789046700000,1057.0456,5.73
1789046760000,1057.0456,5.73
1789046820000,1057.0456,5.73
1789046880000,1057.0456,5.73
1789046940000,1057.0456,5.73
1789047000000,1057.0456,5.73
1789047060000,1057.0456,5.73
1789047120000,1057.0456,5.73
1789047180000,1057.0456,5.73
1789047240000,1057.0456,5.73
1789047300000,1057.0456,5.73
1789047360000,1048.3212,6.51
1789054020000,1048.3212,6.51
1789054080000,1048.3212,6.51
1789054140000,1048.3212,6.51
1789054200000,1048.3212,6.51
1789054260000,1048.3212,6.51
1789054320000,1048.3212,6.51
1789054380000,1048.3212,6.51
1789054440000,1048.3212,6.51
1789054500000,1048.3212,6.51
1789054560000,1048.3212,6.51
1789054620000,1039.0912,7.34
1789124640000,1039.0912,7.34
1789124700000,1039.0912,7.34
1789124760000,1039.0912,7.34
1789124820000,1039.0912,7.34
1789124880000,1039.0912,7.34
1789124940000,1039.0912,7.34
1789125000000,1039.0912,7.34
1789125060000,1039.0912,7.34
1789125120000,1039.0912,7.34
1789125180000,1039.0912,7.34
1789125240000,1039.0912,7.34
1789125300000,1039.0912,7.34
1789125360000,1039.0912,7.34
1789125420000,1039.0912,7.34
1789125480000,1039.0912,7.34
1789125540000,1039.0912,7.34
1789125600000,1039.0912,7.34
1789125660000,1039.0912,7.34
1789125720000,1039.0912,7.34
1789125780000,1039.0912,7.34
1789125840000,1039.0912,7.34
1789125900000,1039.0912,7.34
1789125960000,1039.0912,7.34
1789126020000,1039.0912,7.34
1789126080000,1039.0912,7.34
1789126140000,1039.0912,7.34
1789126200000,1039.0912,7.34
1789126260000,1039.0912,7.34
1789126320000,1039.0912,7.34
1789126380000,1039.0912,7.34
1789126440000,1039.0912,7.34
1789126500000,1039.0912,7.34
1789126560000,1039.0912,7.34
1789126620000,1039.0912,7.34
1789126680000,1039.0912,7.34
1789126740000,1039.0912,7.34
1789126800000,1039.0912,7.34
1789126860000,1039.0912,7.34
1789126920000,1039.0912,7.34
1789126980000,1039.0912,7.34
1789127040000,1039.0912,7.34
1789127100000,1039.0912,7.34
1789127160000,1039.0912,7.34
1789127220000,1039.0912,7.34
1789127280000,1039.0912,7.34
1789127340000,1039.0912,7.34
1789127400000,1039.0912,7.34
1789127460000,1039.0912,7.34
1789127520000,1039.0912,7.34
1789127580000,1039.0912,7.34
1789127640000,1039.0912,7.34
1789127700000,1039.0912,7.34
1789127760000,1039.0912,7.34
1789127820000,1039.0912,7.34
1789127880000,1039.0912,7.34
1789127940000,1039.0912,7.34
1789128000000,1039.0912,7.34
1789128060000,1039.0912,7.34
1789128120000,1039.0912,7.34
1789128180000,1039.0912,7.34
1789128240000,1039.0912,7.34
1789128300000,1039.0912,7.34
1789128360000,1039.0912,7.34
1789128420000,1039.0912,7.34
1789128480000,1039.0912,7.34
1789128540000,1039.0912,7.34
1789128600000,1039.0912,7.34
1789128660000,1039.0912,7.34
1789128720000,1039.0912,7.34
1789128780000,1039.0912,7.34
1789128840000,1039.0912,7.34
1789128900000,1039.0912,7.34
1789128960000,1039.0912,7.34
1789129020000,1039.0912,7.34
1789129080000,1039.0912,7.34
1789129140000,1039.0912,7.34
1789129200000,1039.0912,7.34
1789129260000,1039.0912,7.34
1789129320000,1039.0912,7.34
1789129380000,1039.0912,7.34
1789129440000,1039.0912,7.34
1789129500000,1039.0912,7.34
1789129560000,1039.0912,7.34
1789129620000,1039.0912,7.34
1789129680000,1039.0912,7.34
1789129740000,1029.363,8.2
1789132980000,1029.363,8.2
1789133040000,1029.363,8.2
1789133100000,1029.363,8.2
1789133160000,1029.363,8.2
1789133220000,1029.363,8.2
1789133280000,1029.363,8.2
1789133340000,1029.363,8.2
1789133400000,1029.363,8.2
1789133460000,1029.363,8.2
1789133520000,1029.363,8.2
1789133580000,1029.363,8.2
1789133640000,1029.363,8.2
1789133700000,1029.363,8.2
1789133760000,1020.7565,8.97
1789480320000,1020.7565,8.97
1789480380000,1020.7565,8.97
1789480440000,1020.7565,8.97
1789480500000,1020.7565,8.97
1789480560000,1020.7565,8.97
1789480620000,1020.7565,8.97
1789480680000,1020.7565,8.97
1789480740000,1020.7565,8.97
1789480800000,1012.1784,9.74
1789482780000,1012.1784,9.74
1789482840000,1012.1784,9.74
1789482900000,1012.1784,9.74
1789482960000,1012.1784,9.74
1789483020000,1012.1784,9.74
1789483080000,1012.1784,9.74
1789483140000,1012.1784,9.74
1789483200000,1012.1784,9.74
1789483260000,1012.1784,9.74
1789483320000,1012.1784,9.74
1789483380000,1012.1784,9.74
1789483440000,1012.1784,9.74
1789483500000,1012.1784,9.74
1789483560000,1012.1784,9.74
1789483620000,1012.1784,9.74
1789483680000,1012.1784,9.74
1789483740000,1012.1784,9.74
1789483800000,1012.1784,9.74
1789483860000,1034.3473,7.76
1789719720000,1034.3473,7.76
1789719780000,1034.3473,7.76
1789719840000,1034.3473,7.76
1789719900000,1034.3473,7.76
1789719960000,1034.3473,7.76
1789720020000,1034.3473,7.76
1789720080000,1034.3473,7.76
1789720140000,1034.3473,7.76
1789720200000,1034.3473,7.76
1789720260000,1034.3473,7.76
1789720320000,1034.3473,7.76
1789720380000,1034.3473,7.76
1789720440000,1034.3473,7.76
1789720500000,1034.3473,7.76
1789720560000,1034.3473,7.76
1789720620000,1034.3473,7.76
1789720680000,1034.3473,7.76
1789720740000,1034.3473,7.76
1789720800000,1034.3473,7.76
1789720860000,1034.3473,7.76
1789720920000,1034.3473,7.76
1789720980000,1034.3473,7.76
1789721040000,1034.3473,7.76
1789721100000,1034.3473,7.76
1789721160000,1034.3473,7.76
1789721220000,1034.3473,7.76
1789721280000,1034.3473,7.76
1789721340000,1034.3473,7.76
1789721400000,1034.3473,7.76
1789721460000,1034.3473,7.76
1789721520000,1034.3473,7.76
1789721580000,1034.3473,7.76
1789721640000,1034.3473,7.76
1789721700000,1034.3473,7.76
1789721760000,1034.3473,7.76
1789721820000,1034.3473,7.76
1789721880000,1034.3473,7.76
1789721940000,1034.3473,7.76
1789722000000,1034.3473,7.76
1789722060000,1034.3473,7.76
1789722120000,1034.3473,7.76
1789722180000,1034.3473,7.76
1789722240000,1034.3473,7.76
1789722300000,1034.3473,7.76
1789722360000,1034.3473,7.76
1789722420000,1034.3473,7.76
1789722480000,1034.3473,7.76
1789722540000,1034.3473,7.76
1789722600000,1034.3473,7.76
1789722660000,1034.3473,7.76
1789722720000,1034.3473,7.76
1789722780000,1034.3473,7.76
1789722840000,1034.3473,7.76
1789722900000,1034.3473,7.76
1789722960000,1034.3473,7.76
1789723020000,1034.3473,7.76
1789723080000,1034.3473,7.76
1789723140000,1034.3473,7.76
1789723200000,1034.3473,7.76
1789723260000,1034.3473,7.76
1789723320000,1034.3473,7.76
1789723380000,1034.3473,7.76
1789723440000,1034.3473,7.76
1789723500000,1034.3473,7.76
1789723560000,1034.3473,7.76
1789723620000,1034.3473,7.76
1789723680000,1034.3473,7.76
1789723740000,1034.3473,7.76
1789723800000,1034.3473,7.76
1789723860000,1034.3473,7.76
1789723920000,1034.3473,7.76
1789723980000,1034.3473,7.76
1789724040000,1034.3473,7.76
1789724100000,1034.3473,7.76
1789724160000,1034.3473,7.76
1789724220000,1034.3473,7.76
1789724280000,1034.3473,7.76
1789724340000,1034.3473,7.76
1789724400000,1034.3473,7.76
1789724460000,1034.3473,7.76
1789724520000,1034.3473,7.76
1789724580000,1034.3473,7.76
1789724640000,1034.3473,7.76
1789724700000,1034.3473,7.76
1789724760000,1034.3473,7.76
1789724820000,1034.3473,7.76
1789724880000,1034.3473,7.76
1789724940000,1034.3473,7.76
1789725000000,1034.3473,7.76
1789725060000,1034.3473,7.76
1789725120000,1034.3473,7.76
1789725180000,1034.3473,7.76
1789725240000,1034.3473,7.76
1789725300000,1034.3473,7.76
1789725360000,1034.3473,7.76
1789725420000,1034.3473,7.76
1789725480000,1034.3473,7.76
1789725540000,1034.3473,7.76
1789725600000,1034.3473,7.76
1789725660000,1034.3473,7.76
1789725720000,1034.3473,7.76
1789725780000,1034.3473,7.76
1789725840000,1034.3473,7.76
1789725900000,1034.3473,7.76
1789725960000,1034.3473,7.76
1789726020000,1034.3473,7.76
1789726080000,1034.3473,7.76
1789726140000,1034.3473,7.76
1789726200000,1034.3473,7.76
1789726260000,1034.3473,7.76
1789726320000,1034.3473,7.76
1789726380000,1034.3473,7.76
1789726440000,1034.3473,7.76
1789726500000,1034.3473,7.76
1789726560000,1034.3473,7.76
1789726620000,1034.3473,7.76
1789726680000,1034.3473,7.76
1789726740000,1034.3473,7.76
1789726800000,1034.3473,7.76
1789726860000,1034.3473,7.76
1789726920000,1034.3473,7.76
1789726980000,1034.3473,7.76
1789727040000,1034.3473,7.76
1789727100000,1034.3473,7.76
1789727160000,1034.3473,7.76
1789727220000,1034.3473,7.76
1789727280000,1034.3473,7.76
1789727340000,1034.3473,7.76
1789727400000,1034.3473,7.76
1789727460000,1034.3473,7.76
1789727520000,1034.3473,7.76
1789727580000,1034.3473,7.76
1789727640000,1034.3473,7.76
1789727700000,1034.3473,7.76
1789727760000,1034.3473,7.76
1789727820000,1034.3473,7.76
1789727880000,1034.3473,7.76
1789727940000,1034.3473,7.76
1789728000000,1034.3473,7.76
1789728060000,1034.3473,7.76
1789728120000,1034.3473,7.76
1789728180000,1034.3473,7.76
1789728240000,1034.3473,7.76
1789728300000,1034.3473,7.76
1789728360000,1034.3473,7.76
1789728420000,1034.3473,7.76
1789728480000,1034.3473,7.76
1789728540000,1034.3473,7.76
1789728600000,1034.3473,7.76
1789728660000,1034.3473,7.76
1789728720000,1034.3473,7.76
1789728780000,1034.3473,7.76
1789728840000,1034.3473,7.76
1789728900000,1034.3473,7.76
1789728960000,1034.3473,7.76
1789729020000,1034.3473,7.76
1789729080000,1034.3473,7.76
1789729140000,1034.3473,7.76
1789729200000,1034.3473,7.76
1789729260000,1034.3473,7.76
1789729320000,1034.3473,7.76
1789729380000,1034.3473,7.76
1789729440000,1034.3473,7.76
1789729500000,1034.3473,7.76
1789729560000,1034.3473,7.76
1789729620000,1034.3473,7.76
1789729680000,1034.3473,7.76
1789729740000,1034.3473,7.76
1789729800000,1034.3473,7.76
1789729860000,1034.3473,7.76
1789729920000,1034.3473,7.76
1789729980000,1034.3473,7.76
1789730040000,1034.3473,7.76
1789730100000,1034.3473,7.76
1789730160000,1034.3473,7.76
1789730220000,1034.3473,7.76
1789730280000,1034.3473,7.76
1789730340000,1034.3473,7.76
1789730400000,1034.3473,7.76
1789730460000,1034.3473,7.76
1789730520000,1034.3473,7.76
1789730580000,1034.3473,7.76
1789730640000,1034.3473,7.76
1789730700000,1034.3473,7.76
1789730760000,1034.3473,7.76
1789730820000,1034.3473,7.76
1789730880000,1034.3473,7.76
1789730940000,1034.3473,7.76
1789731000000,1034.3473,7.76
1789731060000,1034.3473,7.76
1789731120000,1034.3473,7.76
1789731180000,1034.3473,7.76
1789731240000,1034.3473,7.76
1789731300000,1034.3473,7.76
1789731360000,1034.3473,7.76
1789731420000,1034.3473,7.76
1789731480000,1034.3473,7.76
1789731540000,1034.3473,7.76
1789731600000,1034.3473,7.76
1789731660000,1034.3473,7.76
1789731720000,1034.3473,7.76
1789731780000,1034.3473,7.76
1789731840000,1034.3473,7.76
1789731900000,1034.3473,7.76
1789731960000,1034.3473,7.76
1789732020000,1034.3473,7.76
1789732080000,1034.3473,7.76
1789732140000,1034.3473,7.76
1789732200000,1034.3473,7.76
1789732260000,1034.3473,7.76
1789732320000,1034.3473,7.76
1789732380000,1034.3473,7.76
1789732440000,1034.3473,7.76
1789732500000,1034.3473,7.76
1789732560000,1034.3473,7.76
1789732620000,1034.3473,7.76
1789732680000,1034.3473,7.76
1789732740000,1034.3473,7.76
1789732800000,1034.3473,7.76
1789732860000,1034.3473,7.76
1789732920000,1034.3473,7.76
1789732980000,1034.3473,7.76
1789733040000,1034.3473,7.76
1789733100000,1034.3473,7.76
1789733160000,1034.3473,7.76
1789733220000,1034.3473,7.76
1789733280000,1034.3473,7.76
1789733340000,1034.3473,7.76
1789733400000,1034.3473,7.76
1789733460000,1034.3473,7.76
1789733520000,1034.3473,7.76
1789733580000,1034.3473,7.76
1789733640000,1034.3473,7.76
1789733700000,1034.3473,7.76
1789733760000,1034.3473,7.76
1789733820000,1034.3473,7.76
1789733880000,1034.3473,7.76
1789733940000,1034.3473,7.76
1789734000000,1034.3473,7.76
1789734060000,1034.3473,7.76
1789734120000,1034.3473,7.76
1789734180000,1034.3473,7.76
1789734240000,1034.3473,7.76
1789734300000,1034.3473,7.76
1789734360000,1034.3473,7.76
1789734420000,1034.3473,7.76
1789734480000,1034.3473,7.76
1789734540000,1034.3473,7.76
1789734600000,1034.3473,7.76
1789734660000,1034.3473,7.76
1789734720000,1034.3473,7.76
1789734780000,1034.3473,7.76
1789734840000,1034.3473,7.76
1789734900000,1034.3473,7.76
1789734960000,1034.3473,7.76
1789735020000,1034.3473,7.76
1789735080000,1034.3473,7.76
1789735140000,1034.3473,7.76
1789735200000,1034.3473,7.76
1789735260000,1034.3473,7.76
1789735320000,1034.3473,7.76
1789735380000,1034.3473,7.76
1789735440000,1034.3473,7.76
1789735500000,1034.3473,7.76
1789735560000,1034.3473,7.76
1789735620000,1034.3473,7.76
1789735680000,1034.3473,7.76
1789735740000,1034.3473,7.76
1789735800000,1034.3473,7.76
1789735860000,1034.3473,7.76
1789735920000,1034.3473,7.76
1789735980000,1034.3473,7.76
1789736040000,1034.3473,7.76
1789736100000,1034.3473,7.76
1789736160000,1034.3473,7.76
1789736220000,1034.3473,7.76
1789736280000,1034.3473,7.76
1789736340000,1034.3473,7.76
1789736400000,1034.3473,7.76
1789736460000,1034.3473,7.76
1789736520000,1034.3473,7.76
1789736580000,1034.3473,7.76
1789736640000,1034.3473,7.76
1789736700000,1034.3473,7.76
1789736760000,1034.3473,7.76
1789736820000,1034.3473,7.76
1789736880000,1034.3473,7.76
1789736940000,1034.3473,7.76
1789737000000,1034.3473,7.76
1789737060000,1034.3473,7.76
1789737120000,1034.3473,7.76
1789737180000,1034.3473,7.76
1789737240000,1034.3473,7.76
1789737300000,1034.3473,7.76
1789737360000,1034.3473,7.76
1789737420000,1034.3473,7.76
1789737480000,1034.3473,7.76
1789737540000,1034.3473,7.76
1789737600000,1034.3473,7.76
1789737660000,1034.3473,7.76
1789737720000,1034.3473,7.76
1789737780000,1034.3473,7.76
1789737840000,1034.3473,7.76
1789737900000,1034.3473,7.76
1789737960000,1034.3473,7.76
1789738020000,1034.3473,7.76
1789738080000,1034.3473,7.76
1789738140000,1034.3473,7.76
1789738200000,1034.3473,7.76
1789738260000,1034.3473,7.76
1789738320000,1034.3473,7.76
1789738380000,1034.3473,7.76
1789738440000,1034.3473,7.76
1789738500000,1034.3473,7.76
1789738560000,1034.3473,7.76
1789738620000,1034.3473,7.76
1789738680000,1034.3473,7.76
1789738740000,1034.3473,7.76
1789738800000,1034.3473,7.76
1789738860000,1034.3473,7.76
1789738920000,1034.3473,7.76
1789738980000,1034.3473,7.76
1789739040000,1034.3473,7.76
1789739100000,1034.3473,7.76
1789739160000,1034.3473,7.76
1789739220000,1034.3473,7.76
1789739280000,1034.3473,7.76
1789739340000,1034.3473,7.76
1789739400000,1034.3473,7.76
1789739460000,1057.1765,5.72
1789741020000,1057.1765,5.72
1789741080000,1057.1765,5.72
1789741140000,1057.1765,5.72
1789741200000,1057.1765,5.72
1789741260000,1057.1765,5.72
1789741320000,1057.1765,5.72
1789741380000,1057.1765,5.72
1789741440000,1057.1765,5.72
1789741500000,1057.1765,5.72
1789741560000,1057.1765,5.72
1789741620000,1057.1765,5.72
1789741680000,1057.1765,5.72
1789741740000,1057.1765,5.72
1789741800000,1057.1765,5.72
1789741860000,1057.1765,5.72
1789741920000,1057.1765,5.72
1789741980000,1057.1765,5.72
1789742040000,1057.1765,5.72
1789742100000,1057.1765,5.72
1789742160000,1057.1765,5.72
1789742220000,1057.1765,5.72
1789742280000,1057.1765,5.72
1789742340000,1057.1765,5.72
1789742400000,1057.1765,5.72
1789742460000,1057.1765,5.72
1789742520000,1057.1765,5.72
1789742580000,1057.1765,5.72
1789742640000,1057.1765,5.72
1789742700000,1057.1765,5.72
1789742760000,1057.1765,5.72
1789742820000,1057.1765,5.72
1789742880000,1057.1765,5.72
1789742940000,1057.1765,5.72
1789743000000,1057.1765,5.72
1789743060000,1057.1765,5.72
1789743120000,1057.1765,5.72
1789743180000,1057.1765,5.72
1789743240000,1057.1765,5.72
1789743300000,1057.1765,5.72
1789743360000,1057.1765,5.72
1789743420000,1057.1765,5.72
1789743480000,1057.1765,5.72
1789743540000,1057.1765,5.72
1789743600000,1057.1765,5.72
1789743660000,1057.1765,5.72
1789743720000,1057.1765,5.72
1789743780000,1057.1765,5.72
1789743840000,1057.1765,5.72
1789743900000,1057.1765,5.72
1789743960000,1057.1765,5.72
1789744020000,1057.1765,5.72
1789744080000,1057.1765,5.72
1789744140000,1057.1765,5.72
1789744200000,1057.1765,5.72
1789744260000,1057.1765,5.72
1789744320000,1057.1765,5.72
1789744380000,1057.1765,5.72
1789744440000,1057.1765,5.72
1789744500000,1057.1765,5.72
1789744560000,1057.1765,5.72
1789744620000,1057.1765,5.72
1789744680000,1057.1765,5.72
1789744740000,1057.1765,5.72
1789744800000,1057.1765,5.72
1789744860000,1057.1765,5.72
1789744920000,1057.1765,5.72
1789744980000,1057.1765,5.72
1789745040000,1057.1765,5.72
1789745100000,1057.1765,5.72
1789745160000,1057.1765,5.72
1789745220000,1057.1765,5.72
1789745280000,1057.1765,5.72
1789745340000,1057.1765,5.72
1789745400000,1057.1765,5.72
1789745460000,1057.1765,5.72
1789745520000,1057.1765,5.72
1789745580000,1057.1765,5.72
1789745640000,1057.1765,5.72
1789745700000,1057.1765,5.72
1789745760000,1057.1765,5.72
1789745820000,1057.1765,5.72
1789745880000,1057.1765,5.72
1789745940000,1057.1765,5.72
1789746000000,1057.1765,5.72
1789746060000,1057.1765,5.72
1789746120000,1057.1765,5.72
1789746180000,1057.1765,5.72
1789746240000,1057.1765,5.72
1789746300000,1057.1765,5.72
1789746360000,1057.1765,5.72
1789746420000,1057.1765,5.72
1789746480000,1057.1765,5.72
1789746540000,1057.1765,5.72
1789746600000,1057.1765,5.72
1789746660000,1057.1765,5.72
1789746720000,1057.1765,5.72
1789746780000,1057.1765,5.72
1789746840000,1057.1765,5.72
1789746900000,1057.1765,5.72
1789746960000,1057.1765,5.72
1789747020000,1057.1765,5.72
1789747080000,1057.1765,5.72
1789747140000,1057.1765,5.72
1789747200000,1057.1765,5.72
1789747260000,1057.1765,5.72
1789747320000,1057.1765,5.72
1789747380000,1057.1765,5.72
1789747440000,1057.1765,5.72
1789747500000,1057.1765,5.72
1789747560000,1057.1765,5.72
1789747620000,1057.1765,5.72
1789747680000,1057.1765,5.72
1789747740000,1057.1765,5.72
1789747800000,1057.1765,5.72
1789747860000,1057.1765,5.72
1789747920000,1057.1765,5.72
1789747980000,1057.1765,5.72
1789748040000,1057.1765,5.72
1789748100000,1057.1765,5.72
1789748160000,1080.2722,3.66
1789807020000,1080.2722,3.66
1789807080000,1080.2722,3.66
1789807140000,1080.2722,3.66
1789807200000,1080.2722,3.66
1789807260000,1080.2722,3.66
1789807320000,1080.2722,3.66
1789807380000,1080.2722,3.66
1789807440000,1080.2722,3.66
1789807500000,1080.2722,3.66
1789807560000,1080.2722,3.66
1789807620000,1080.2722,3.66
1789807680000,1080.2722,3.66
1789807740000,1080.2722,3.66
1789807800000,1080.2722,3.66
1789807860000,1080.2722,3.66
1789807920000,1080.2722,3.66
1789807980000,1080.2722,3.66
1789808040000,1080.2722,3.66
1789808100000,1080.2722,3.66
1789808160000,1080.2722,3.66
1789808220000,1080.2722,3.66
1789808280000,1080.2722,3.66
1789808340000,1080.2722,3.66
1789808400000,1080.2722,3.66
1789808460000,1080.2722,3.66
1789808520000,1080.2722,3.66
1789808580000,1080.2722,3.66
1789808640000,1080.2722,3.66
1789808700000,1080.2722,3.66
1789808760000,1080.2722,3.66
1789808820000,1080.2722,3.66
1789808880000,1080.2722,3.66
1789808940000,1080.2722,3.66
1789809000000,1080.2722,3.66
1789809060000,1080.2722,3.66
1789809120000,1080.2722,3.66
1789809180000,1080.2722,3.66
1789809240000,1080.2722,3.66
1789809300000,1080.2722,3.66
1789809360000,1080.2722,3.66
1789809420000,1080.2722,3.66
1789809480000,1080.2722,3.66
1789809540000,1080.2722,3.66
1789809600000,1080.2722,3.66
1789809660000,1080.2722,3.66
1789809720000,1080.2722,3.66
1789809780000,1080.2722,3.66
1789809840000,1080.2722,3.66
1789809900000,1080.2722,3.66
1789809960000,1080.2722,3.66
1789810020000,1080.2722,3.66
1789810080000,1080.2722,3.66
1789810140000,1080.2722,3.66
1789810200000,1080.2722,3.66
1789810260000,1080.2722,3.66
1789810320000,1070.8813,4.5
1789920540000,1070.8813,4.5
1789920600000,1070.8813,4.5
1789920660000,1070.8813,4.5
1789920720000,1070.8813,4.5
1789920780000,1070.8813,4.5
1789920840000,1070.8813,4.5
1789920900000,1070.8813,4.5
1789920960000,1070.8813,4.5
1789921020000,1070.8813,4.5
1789921080000,1070.8813,4.5
1789921140000,1070.8813,4.5
1789921200000,1070.8813,4.5
1789921260000,1070.8813,4.5
1789921320000,1070.8813,4.5
1789921380000,1070.8813,4.5
1789921440000,1070.8813,4.5
1789921500000,1070.8813,4.5
1789921560000,1070.8813,4.5
1789921620000,1070.8813,4.5
1789921680000,1070.8813,4.5
1789921740000,1070.8813,4.5
1789921800000,1070.8813,4.5
1789921860000,1070.8813,4.5
1789921920000,1070.8813,4.5
1789921980000,1070.8813,4.5
1789922040000,1070.8813,4.5
1789922100000,1070.8813,4.5
1789922160000,1070.8813,4.5
1789922220000,1070.8813,4.5
1789922280000,1070.8813,4.5
1789922340000,1070.8813,4.5
1789922400000,1070.8813,4.5
1789922460000,1070.8813,4.5
1789922520000,1070.8813,4.5
1789922580000,1070.8813,4.5
1789922640000,1070.8813,4.5
1789922700000,1070.8813,4.5
1789922760000,1070.8813,4.5
1789922820000,1070.8813,4.5
1789922880000,1070.8813,4.5
1789922940000,1070.8813,4.5
1789923000000,1070.8813,4.5
1789923060000,1070.8813,4.5
1789923120000,1070.8813,4.5
1789923180000,1070.8813,4.5
1789923240000,1070.8813,4.5
1789923300000,1070.8813,4.5
1789923360000,1070.8813,4.5
1789923420000,1070.8813,4.5
1789923480000,1070.8813,4.5
1789923540000,1070.8813,4.5
1789923600000,1070.8813,4.5
1789923660000,1070.8813,4.5
1789923720000,1070.8813,4.5
1789923780000,1070.8813,4.5
1789923840000,1070.8813,4.5
1789923900000,1070.8813,4.5
1789923960000,1094.1855,2.42
1789979220000,1094.1855,2.42
1789979280000,1094.1855,2.42
1789979340000,1094.1855,2.42
1789979400000,1094.1855,2.42
1789979460000,1094.1855,2.42
1789979520000,1094.1855,2.42
1789979580000,1094.1855,2.42
1789979640000,1094.1855,2.42
1789979700000,1094.1855,2.42
1789979760000,1094.1855,2.42
1789979820000,1094.1855,2.42
1789979880000,1094.1855,2.42
1789979940000,1094.1855,2.42
1789980000000,1094.1855,2.42
1789980060000,1094.1855,2.42
1789980120000,1094.1855,2.42
1789980180000,1094.1855,2.42
1789980240000,1094.1855,2.42
1789980300000,1094.1855,2.42
1789980360000,1094.1855,2.42
1789980420000,1094.1855,2.42
1789980480000,1094.1855,2.42
1789980540000,1094.1855,2.42
1789980600000,1094.1855,2.42
1789980660000,1094.1855,2.42
1789980720000,1094.1855,2.42
1789980780000,1094.1855,2.42
1789980840000,1094.1855,2.42
1789980900000,1094.1855,2.42
1789980960000,1094.1855,2.42
1789981020000,1094.1855,2.42
1789981080000,1094.1855,2.42
1789981140000,1094.1855,2.42
1789981200000,1094.1855,2.42
1789981260000,1094.1855,2.42
1789981320000,1094.1855,2.42
1789981380000,1094.1855,2.42
1789981440000,1094.1855,2.42
1789981500000,1094.1855,2.42
1789981560000,1094.1855,2.42
1789981620000,1094.1855,2.42
1789981680000,1094.1855,2.42
1789981740000,1094.1855,2.42
1789981800000,1094.1855,2.42
1789981860000,1094.1855,2.42
1789981920000,1094.1855,2.42
1789981980000,1094.1855,2.42
1789982040000,1094.1855,2.42
1789982100000,1094.1855,2.42
1789982160000,1094.1855,2.42
1789982220000,1094.1855,2.42
1789982280000,1094.1855,2.42
1789982340000,1094.1855,2.42
1789982400000,1094.1855,2.42
1789982460000,1094.1855,2.42
1789982520000,1094.1855,2.42
1789982580000,1094.1855,2.42
1789982640000,1094.1855,2.42
1789982700000,1094.1855,2.42
1789982760000,1094.1855,2.42
1789982820000,1094.1855,2.42
1789982880000,1094.1855,2.42
1789982940000,1118.1119,0.29
1789996020000,1118.1119,0.29
1789996080000,1118.1119,0.29
1789996140000,1118.1119,0.29
1789996200000,1118.1119,0.29
1789996260000,1118.1119,0.29
1789996320000,1118.1119,0.29
1789996380000,1118.1119,0.29
1789996440000,1118.1119,0.29
1789996500000,1118.1119,0.29
1789996560000,1118.1119,0.29
1789996620000,1118.1119,0.29
1789996680000,1118.1119,0.29
1789996740000,1118.1119,0.29
1789996800000,1118.1119,0.29
1789996860000,1118.1119,0.29
1789996920000,1118.1119,0.29
1789996980000,1118.1119,0.29
1789997040000,1118.1119,0.29
1789997100000,1118.1119,0.29
1789997160000,1118.1119,0.29
1789997220000,1118.1119,0.29
1789997280000,1118.1119,0.29
1789997340000,1118.1119,0.29
1789997400000,1118.1119,0.29
1789997460000,1108.7144,1.13
1789998720000,1108.7144,1.13
1789998780000,1108.7144,1.13
1789998840000,1108.7144,1.13
1789998900000,1108.7144,1.13
1789998960000,1108.7144,1.13
1789999020000,1108.7144,1.13
1789999080000,1108.7144,1.13
1789999140000,1108.7144,1.13
1789999200000,1108.7144,1.13
1789999260000,1108.7144,1.13
1789999320000,1108.7144,1.13
1789999380000,1108.7144,1.13
1789999440000,1108.7144,1.13
1789999500000,1099.7058,1.93
1790000640000,1099.7058,1.93
1790000700000,1099.7058,1.93
1790000760000,1099.7058,1.93
1790000820000,1099.7058,1.93
1790000880000,1099.7058,1.93
1790000940000,1099.7058,1.93
1790001000000,1099.7058,1.93
1790001060000,1099.7058,1.93
1790001120000,1099.7058,1.93
1790001180000,1099.7058,1.93
1790001240000,1099.7058,1.93
1790001300000,1099.7058,1.93
1790001360000,1099.7058,1.93
1790001420000,1099.7058,1.93
1790001480000,1099.7058,1.93
1790001540000,1099.7058,1.93
1790001600000,1099.7058,1.93
1790001660000,1099.7058,1.93
1790001720000,1099.7058,1.93
1790001780000,1099.7058,1.93
1790001840000,1099.7058,1.93
1790001900000,1099.7058,1.93
1790001960000,1099.7058,1.93
1790002020000,1099.7058,1.93
1790002080000,1099.7058,1.93
1790002140000,1099.7058,1.93
1790002200000,1099.7058,1.93
1790002260000,1099.7058,1.93
1790002320000,1099.7058,1.93
1790002380000,1099.7058,1.93
1790002440000,1099.7058,1.93
1790002500000,1099.7058,1.93
1790002560000,1099.7058,1.93
1790002620000,1099.7058,1.93
1790002680000,1099.7058,1.93
1790002740000,1099.7058,1.93
1790002800000,1099.7058,1.93
1790002860000,1099.7058,1.93
1790002920000,1099.7058,1.93
1790002980000,1099.7058,1.93
1790003040000,1099.7058,1.93
1790003100000,1099.7058,1.93
1790003160000,1099.7058,1.93
1790003220000,1099.7058,1.93
1790003280000,1099.7058,1.93
1790003340000,1099.7058,1.93
1790003400000,1099.7058,1.93
1790003460000,1099.7058,1.93
1790003520000,1099.7058,1.93
1790003580000,1099.7058,1.93
1790003640000,1099.7058,1.93
1790003700000,1099.7058,1.93
1790003760000,1099.7058,1.93
1790003820000,1099.7058,1.93
1790003880000,1099.7058,1.93
1790003940000,1099.7058,1.93
1790004000000,1099.7058,1.93
1790004060000,1099.7058,1.93
1790004120000,1099.7058,1.93
1790004180000,1099.7058,1.93
1790004240000,1099.7058,1.93
1790004300000,1099.7058,1.93
1790004360000,1099.7058,1.93
1790004420000,1099.7058,1.93
1790004480000,1099.7058,1.93
1790004540000,1099.7058,1.93
1790004600000,1099.7058,1.93
1790004660000,1099.7058,1.93
1790004720000,1099.7058,1.93
1790004780000,1099.7058,1.93
1790004840000,1099.7058,1.93
1790004900000,1099.7058,1.93
1790004960000,1099.7058,1.93
1790005020000,1099.7058,1.93
1790005080000,1099.7058,1.93
1790005140000,1099.7058,1.93
1790005200000,1099.7058,1.93
1790005260000,1099.7058,1.93
1790005320000,1099.7058,1.93
1790005380000,1099.7058,1.93
1790005440000,1099.7058,1.93
1790005500000,1099.7058,1.93
1790005560000,1099.7058,1.93
1790005620000,1099.7058,1.93
1790005680000,1099.7058,1.93
1790005740000,1099.7058,1.93
1790005800000,1099.7058,1.93
1790005860000,1099.7058,1.93
1790005920000,1099.7058,1.93
1790005980000,1099.7058,1.93
1790006040000,1099.7058,1.93
1790006100000,1099.7058,1.93
1790006160000,1099.7058,1.93
1790006220000,1099.7058,1.93
1790006280000,1099.7058,1.93
1790006340000,1099.7058,1.93
1790006400000,1099.7058,1.93
1790006460000,1099.7058,1.93
1790006520000,1099.7058,1.93
1790006580000,1099.7058,1.93
1790006640000,1099.7058,1.93
1790006700000,1099.7058,1.93
1790006760000,1099.7058,1.93
1790006820000,1099.7058,1.93
1790006880000,1099.7058,1.93
1790006940000,1099.7058,1.93
1790007000000,1099.7058,1.93
1790007060000,1099.7058,1.93
1790007120000,1099.7058,1.93
1790007180000,1099.7058,1.93
1790007240000,1099.7058,1.93
1790007300000,1099.7058,1.93
1790007360000,1099.7058,1.93
1790007420000,1099.7058,1.93
1790007480000,1099.7058,1.93
1790007540000,1099.7058,1.93
1790007600000,1099.7058,1.93
1790007660000,1099.7058,1.93
1790007720000,1099.7058,1.93
1790007780000,1099.7058,1.93
1790007840000,1099.7058,1.93
1790007900000,1099.7058,1.93
1790007960000,1099.7058,1.93
1790008020000,1099.7058,1.93
1790008080000,1099.7058,1.93
1790008140000,1099.7058,1.93
1790008200000,1099.7058,1.93
1790008260000,1099.7058,1.93
1790008320000,1099.7058,1.93
1790008380000,1099.7058,1.93
1790008440000,1099.7058,1.93
1790008500000,1099.7058,1.93
1790008560000,1099.7058,1.93
1790008620000,1099.7058,1.93
1790008680000,1099.7058,1.93
1790008740000,1099.7058,1.93
1790008800000,1099.7058,1.93
1790008860000,1099.7058,1.93
1790008920000,1099.7058,1.93
1790008980000,1099.7058,1.93
1790009040000,1099.7058,1.93
1790009100000,1099.7058,1.93
1790009160000,1099.7058,1.93
1790009220000,1099.7058,1.93
1790009280000,1099.7058,1.93
1790009340000,1099.7058,1.93
1790009400000,1099.7058,1.93
1790009460000,1099.7058,1.93
1790009520000,1099.7058,1.93
1790009580000,1099.7058,1.93
1790009640000,1099.7058,1.93
1790009700000,1099.7058,1.93
1790009760000,1099.7058,1.93
1790009820000,1099.7058,1.93
1790009880000,1099.7058,1.93
1790009940000,1099.7058,1.93
1790010000000,1099.7058,1.93
1790010060000,1099.7058,1.93
1790010120000,1099.7058,1.93
1790010180000,1099.7058,1.93
1790010240000,1099.7058,1.93
1790010300000,1099.7058,1.93
1790010360000,1099.7058,1.93
1790010420000,1099.7058,1.93
1790010480000,1099.7058,1.93
1790010540000,1099.7058,1.93
1790010600000,1099.7058,1.93
1790010660000,1099.7058,1.93
1790010720000,1099.7058,1.93
1790010780000,1099.7058,1.93
1790010840000,1099.7058,1.93
1790010900000,1099.7058,1.93
1790010960000,1099.7058,1.93
1790011020000,1099.7058,1.93
1790011080000,1099.7058,1.93
1790011140000,1099.7058,1.93
1790011200000,1099.7058,1.93
1790011260000,1099.7058,1.93
1790011320000,1099.7058,1.93
1790011380000,1099.7058,1.93
1790011440000,1099.7058,1.93
1790011500000,1099.7058,1.93
1790011560000,1099.7058,1.93
1790011620000,1099.7058,1.93
1790011680000,1099.7058,1.93
1790011740000,1099.7058,1.93
1790011800000,1099.7058,1.93
1790011860000,1099.7058,1.93
1790011920000,1099.7058,1.93
1790011980000,1099.7058,1.93
1790012040000,1099.7058,1.93
1790012100000,1099.7058,1.93
1790012160000,1099.7058,1.93
1790012220000,1099.7058,1.93
1790012280000,1099.7058,1.93
1790012340000,1099.7058,1.93
1790012400000,1099.7058,1.93
1790012460000,1099.7058,1.93
1790012520000,1099.7058,1.93
1790012580000,1099.7058,1.93
1790012640000,1099.7058,1.93
1790012700000,1099.7058,1.93
1790012760000,1099.7058,1.93
1790012820000,1099.7058,1.93
1790012880000,1099.7058,1.93
1790012940000,1099.7058,1.93
1790013000000,1099.7058,1.93
1790013060000,1099.7058,1.93
1790013120000,1099.7058,1.93
1790013180000,1099.7058,1.93
1790013240000,1099.7058,1.93
1790013300000,1099.7058,1.93
1790013360000,1099.7058,1.93
1790013420000,1099.7058,1.93
1790013480000,1099.7058,1.93
1790013540000,1099.7058,1.93
1790013600000,1099.7058,1.93
1790013660000,1099.7058,1.93
1790013720000,1099.7058,1.93
1790013780000,1099.7058,1.93
1790013840000,1099.7058,1.93
1790013900000,1099.7058,1.93
1790013960000,1099.7058,1.93
1790014020000,1099.7058,1.93
1790014080000,1099.7058,1.93
1790014140000,1099.7058,1.93
1790014200000,1099.7058,1.93
1790014260000,1099.7058,1.93
1790014320000,1099.7058,1.93
1790014380000,1099.7058,1.93
1790014440000,1099.7058,1.93
1790014500000,1099.7058,1.93
1790014560000,1099.7058,1.93
1790014620000,1099.7058,1.93
1790014680000,1099.7058,1.93
1790014740000,1099.7058,1.93
1790014800000,1099.7058,1.93
1790014860000,1099.7058,1.93
1790014920000,1099.7058,1.93
1790014980000,1099.7058,1.93
1790015040000,1099.7058,1.93
1790015100000,1099.7058,1.93
1790015160000,1099.7058,1.93
1790015220000,1099.7058,1.93
1790015280000,1099.7058,1.93
1790015340000,1099.7058,1.93
1790015400000,1099.7058,1.93
1790015460000,1099.7058,1.93
1790015520000,1099.7058,1.93
1790015580000,1099.7058,1.93
1790015640000,1099.7058,1.93
1790015700000,1099.7058,1.93
1790015760000,1099.7058,1.93
1790015820000,1099.7058,1.93
1790015880000,1099.7058,1.93
1790015940000,1099.7058,1.93
1790016000000,1099.7058,1.93
1790016060000,1099.7058,1.93
1790016120000,1099.7058,1.93
1790016180000,1099.7058,1.93
1790016240000,1099.7058,1.93
1790016300000,1099.7058,1.93
1790016360000,1099.7058,1.93
1790016420000,1099.7058,1.93
1790016480000,1099.7058,1.93
1790016540000,1099.7058,1.93
1790016600000,1099.7058,1.93
1790016660000,1099.7058,1.93
1790016720000,1099.7058,1.93
1790016780000,1099.7058,1.93
1790016840000,1099.7058,1.93
1790016900000,1099.7058,1.93
1790016960000,1099.7058,1.93
1790017020000,1099.7058,1.93
1790017080000,1099.7058,1.93
1790017140000,1099.7058,1.93
1790017200000,1099.7058,1.93
1790017260000,1099.7058,1.93
1790017320000,1099.7058,1.93
1790017380000,1099.7058,1.93
1790017440000,1099.7058,1.93
1790017500000,1099.7058,1.93
1790017560000,1099.7058,1.93
1790017620000,1099.7058,1.93
1790017680000,1099.7058,1.93
1790017740000,1099.7058,1.93
1790017800000,1099.7058,1.93
1790017860000,1099.7058,1.93
1790017920000,1099.7058,1.93
1790017980000,1099.7058,1.93
1790018040000,1099.7058,1.93
1790018100000,1099.7058,1.93
1790018160000,1099.7058,1.93
1790018220000,1099.7058,1.93
1790018280000,1099.7058,1.93
1790018340000,1099.7058,1.93
1790018400000,1099.7058,1.93
1790018460000,1099.7058,1.93
1790018520000,1099.7058,1.93
1790018580000,1099.7058,1.93
1790018640000,1099.7058,1.93
1790018700000,1099.7058,1.93
1790018760000,1099.7058,1.93
1790018820000,1099.7058,1.93
1790018880000,1099.7058,1.93
1790018940000,1099.7058,1.93
1790019000000,1099.7058,1.93
1790019060000,1099.7058,1.93
1790019120000,1099.7058,1.93
1790019180000,1099.7058,1.93
1790019240000,1099.7058,1.93
1790019300000,1099.7058,1.93
1790019360000,1099.7058,1.93
1790019420000,1099.7058,1.93
1790019480000,1099.7058,1.93
1790019540000,1099.7058,1.93
1790019600000,1099.7058,1.93
1790019660000,1099.7058,1.93
1790019720000,1099.7058,1.93
1790019780000,1099.7058,1.93
1790019840000,1099.7058,1.93
1790019900000,1099.7058,1.93
1790019960000,1099.7058,1.93
1790020020000,1099.7058,1.93
1790020080000,1099.7058,1.93
1790020140000,1099.7058,1.93
1790020200000,1099.7058,1.93
1790020260000,1099.7058,1.93
1790020320000,1099.7058,1.93
1790020380000,1099.7058,1.93
1790020440000,1099.7058,1.93
1790020500000,1099.7058,1.93
1790020560000,1099.7058,1.93
1790020620000,1099.7058,1.93
1790020680000,1099.7058,1.93
1790020740000,1099.7058,1.93
1790020800000,1099.7058,1.93
1790020860000,1099.7058,1.93
1790020920000,1099.7058,1.93
1790020980000,1099.7058,1.93
1790021040000,1099.7058,1.93
1790021100000,1099.7058,1.93
1790021160000,1099.7058,1.93
1790021220000,1099.7058,1.93
1790021280000,1099.7058,1.93
1790021340000,1099.7058,1.93
1790021400000,1099.7058,1.93
1790021460000,1099.7058,1.93
1790021520000,1099.7058,1.93
1790021580000,1099.7058,1.93
1790021640000,1099.7058,1.93
1790021700000,1099.7058,1.93
1790021760000,1099.7058,1.93
1790021820000,1099.7058,1.93
1790021880000,1099.7058,1.93
1790021940000,1123.9326,0.0
1790168940000,1123.9326,0.0
1790169000000,1123.9326,0.0
1790169060000,1123.9326,0.0
1790169120000,1123.9326,0.0
1790169180000,1123.9326,0.0
1790169240000,1123.9326,0.0
1790169300000,1123.9326,0.0
1790169360000,1123.9326,0.0
1790169420000,1123.9326,0.0
1790169480000,1123.9326,0.0
1790169540000,1123.9326,0.0
1790169600000,1123.9326,0.0
1790169660000,1123.9326,0.0
1790169720000,1123.9326,0.0
1790169780000,1123.9326,0.0
1790169840000,1123.9326,0.0
1790169900000,1123.9326,0.0
1790169960000,1123.9326,0.0
1790170020000,1123.9326,0.0
1790170080000,1123.9326,0.0
1790170140000,1123.9326,0.0
1790170200000,1123.9326,0.0
1790170260000,1123.9326,0.0
1790170320000,1123.9326,0.0
1790170380000,1123.9326,0.0
1790170440000,1123.9326,0.0
1790170500000,1123.9326,0.0
1790170560000,1123.9326,0.0
1790170620000,1123.9326,0.0
1790170680000,1113.9964,0.88
1790172600000,1113.9964,0.88
1790172660000,1113.9964,0.88
1790172720000,1113.9964,0.88
1790172780000,1113.9964,0.88
1790172840000,1113.9964,0.88
1790172900000,1113.9964,0.88
1790172960000,1113.9964,0.88
1790173020000,1113.9964,0.88
1790173080000,1113.9964,0.88
1790173140000,1113.9964,0.88
1790173200000,1113.9964,0.88
1790173260000,1113.9964,0.88
1790173320000,1113.9964,0.88
1790173380000,1113.9964,0.88
1790173440000,1113.9964,0.88
1790173500000,1113.9964,0.88
1790173560000,1113.9964,0.88
1790173620000,1113.9964,0.88
1790173680000,1113.9964,0.88
1790173740000,1113.9964,0.88
1790173800000,1113.9964,0.88
1790173860000,1113.9964,0.88
1790173920000,1113.9964,0.88
1790173980000,1113.9964,0.88
1790174040000,1113.9964,0.88
1790174100000,1113.9964,0.88
1790174160000,1113.9964,0.88
1790174220000,1113.9964,0.88
1790174280000,1113.9964,0.88
1790174340000,1113.9964,0.88
1790174400000,1113.9964,0.88
1790174460000,1113.9964,0.88
1790174520000,1113.9964,0.88
1790174580000,1113.9964,0.88
1790174640000,1113.9964,0.88
1790174700000,1113.9964,0.88
1790174760000,1113.9964,0.88
1790174820000,1113.9964,0.88
1790174880000,1113.9964,0.88
1790174940000,1113.9964,0.88
1790175000000,1113.9964,0.88
1790175060000,1113.9964,0.88
1790175120000,1113.9964,0.88
1790175180000,1113.9964,0.88
1790175240000,1113.9964,0.88
1790175300000,1113.9964,0.88
1790175360000,1113.9964,0.88
1790175420000,1113.9964,0.88
1790175480000,1113.9964,0.88
1790175540000,1113.9964,0.88
1790175600000,1113.9964,0.88
1790175660000,1113.9964,0.88
1790175720000,1113.9964,0.88
1790175780000,1113.9964,0.88
1790175840000,1113.9964,0.88
1790175900000,1113.9964,0.88
1790175960000,1113.9964,0.88
1790176020000,1113.9964,0.88
1790176080000,1113.9964,0.88
1790176140000,1113.9964,0.88
1790176200000,1113.9964,0.88
1790176260000,1113.9964,0.88
1790176320000,1113.9964,0.88
1790176380000,1113.9964,0.88
1790176440000,1113.9964,0.88
1790176500000,1113.9964,0.88
1790176560000,1113.9964,0.88
1790176620000,1113.9964,0.88
1790176680000,1113.9964,0.88
1790176740000,1113.9964,0.88
1790176800000,1113.9964,0.88
1790176860000,1113.9964,0.88
1790176920000,1113.9964,0.88
1790176980000,1113.9964,0.88
1790177040000,1113.9964,0.88
1790177100000,1113.9964,0.88
1790177160000,1113.9964,0.88
1790177220000,1113.9964,0.88
1790177280000,1113.9964,0.88
1790177340000,1113.9964,0.88
1790177400000,1113.9964,0.88
1790177460000,1113.9964,0.88
1790177520000,1113.9964,0.88
1790177580000,1113.9964,0.88
1790177640000,1113.9964,0.88
1790177700000,1113.9964,0.88
1790177760000,1113.9964,0.88
1790177820000,1113.9964,0.88
1790177880000,1113.9964,0.88
1790177940000,1113.9964,0.88
1790178000000,1113.9964,0.88
1790178060000,1113.9964,0.88
1790178120000,1113.9964,0.88
1790178180000,1113.9964,0.88
1790178240000,1113.9964,0.88
1790178300000,1113.9964,0.88
1790178360000,1113.9964,0.88
1790178420000,1113.9964,0.88
1790178480000,1113.9964,0.88
1790178540000,1113.9964,0.88
1790178600000,1113.9964,0.88
1790178660000,1113.9964,0.88
1790178720000,1113.9964,0.88
1790178780000,1113.9964,0.88
1790178840000,1113.9964,0.88
1790178900000,1113.9964,0.88
1790178960000,1113.9964,0.88
1790179020000,1113.9964,0.88
1790179080000,1113.9964,0.88
1790179140000,1113.9964,0.88
1790179200000,1113.9964,0.88
1790179260000,1113.9964,0.88
1790179320000,1113.9964,0.88
1790179380000,1113.9964,0.88
1790179440000,1113.9964,0.88
1790179500000,1113.9964,0.88
1790179560000,1113.9964,0.88
1790179620000,1113.9964,0.88
1790179680000,1113.9964,0.88
1790179740000,1113.9964,0.88
1790179800000,1113.9964,0.88
1790179860000,1113.9964,0.88
1790179920000,1113.9964,0.88
1790179980000,1113.9964,0.88
1790180040000,1113.9964,0.88
1790180100000,1113.9964,0.88
1790180160000,1113.9964,0.88
1790180220000,1113.9964,0.88
1790180280000,1113.9964,0.88
1790180340000,1113.9964,0.88
1790180400000,1113.9964,0.88
1790180460000,1113.9964,0.88
1790180520000,1113.9964,0.88
1790180580000,1113.9964,0.88
1790180640000,1113.9964,0.88
1790180700000,1113.9964,0.88
1790180760000,1113.9964,0.88
1790180820000,1113.9964,0.88
1790180880000,1113.9964,0.88
1790180940000,1113.9964,0.88
1790181000000,1113.9964,0.88
1790181060000,1113.9964,0.88
1790181120000,1113.9964,0.88
1790181180000,1113.9964,0.88
1790181240000,1113.9964,0.88
1790181300000,1113.9964,0.88
1790181360000,1113.9964,0.88
1790181420000,1113.9964,0.88
1790181480000,1113.9964,0.88
1790181540000,1113.9964,0.88
1790181600000,1113.9964,0.88
1790181660000,1113.9964,0.88
1790181720000,1113.9964,0.88
1790181780000,1113.9964,0.88
1790181840000,1113.9964,0.88
1790181900000,1113.9964,0.88
1790181960000,1113.9964,0.88
1790182020000,1113.9964,0.88
1790182080000,1113.9964,0.88
1790182140000,1113.9964,0.88
1790182200000,1113.9964,0.88
1790182260000,1113.9964,0.88
1790182320000,1113.9964,0.88
1790182380000,1113.9964,0.88
1790182440000,1113.9964,0.88
1790182500000,1113.9964,0.88
1790182560000,1113.9964,0.88
1790182620000,1113.9964,0.88
1790182680000,1113.9964,0.88
1790182740000,1113.9964,0.88
1790182800000,1113.9964,0.88
1790182860000,1113.9964,0.88
1790182920000,1113.9964,0.88
1790182980000,1113.9964,0.88
1790183040000,1113.9964,0.88
1790183100000,1113.9964,0.88
1790183160000,1113.9964,0.88
1790183220000,1113.9964,0.88
1790183280000,1113.9964,0.88
1790183340000,1113.9964,0.88
1790183400000,1113.9964,0.88
1790183460000,1113.9964,0.88
1790183520000,1113.9964,0.88
1790183580000,1113.9964,0.88
1790183640000,1113.9964,0.88
1790183700000,1113.9964,0.88
1790183760000,1113.9964,0.88
1790183820000,1113.9964,0.88
1790183880000,1113.9964,0.88
1790183940000,1113.9964,0.88
1790184000000,1113.9964,0.88
1790184060000,1113.9964,0.88
1790184120000,1113.9964,0.88
1790184180000,1113.9964,0.88
1790184240000,1113.9964,0.88
1790184300000,1113.9964,0.88
1790184360000,1113.9964,0.88
1790184420000,1113.9964,0.88
1790184480000,1113.9964,0.88
1790184540000,1113.9964,0.88
1790184600000,1113.9964,0.88
1790184660000,1113.9964,0.88
1790184720000,1113.9964,0.88
1790184780000,1113.9964,0.88
1790184840000,1113.9964,0.88
1790184900000,1113.9964,0.88
1790184960000,1113.9964,0.88
1790185020000,1113.9964,0.88
1790185080000,1113.9964,0.88
1790185140000,1113.9964,0.88
1790185200000,1113.9964,0.88
1790185260000,1113.9964,0.88
1790185320000,1113.9964,0.88
1790185380000,1113.9964,0.88
1790185440000,1113.9964,0.88
1790185500000,1113.9964,0.88
1790185560000,1113.9964,0.88
1790185620000,1113.9964,0.88
1790185680000,1113.9964,0.88
1790185740000,1113.9964,0.88
1790185800000,1113.9964,0.88
1790185860000,1113.9964,0.88
1790185920000,1113.9964,0.88
1790185980000,1113.9964,0.88
1790186040000,1113.9964,0.88
1790186100000,1113.9964,0.88
1790186160000,1113.9964,0.88
1790186220000,1113.9964,0.88
1790186280000,1113.9964,0.88
1790186340000,1113.9964,0.88
1790186400000,1113.9964,0.88
1790186460000,1113.9964,0.88
1790186520000,1113.9964,0.88
1790186580000,1113.9964,0.88
1790186640000,1113.9964,0.88
1790186700000,1113.9964,0.88
1790186760000,1113.9964,0.88
1790186820000,1113.9964,0.88
1790186880000,1113.9964,0.88
1790186940000,1113.9964,0.88
1790187000000,1113.9964,0.88
1790187060000,1113.9964,0.88
1790187120000,1113.9964,0.88
1790187180000,1113.9964,0.88
1790187240000,1113.9964,0.88
1790187300000,1113.9964,0.88
1790187360000,1113.9964,0.88
1790187420000,1113.9964,0.88
1790187480000,1113.9964,0.88
1790187540000,1113.9964,0.88
1790187600000,1113.9964,0.88
1790187660000,1113.9964,0.88
1790187720000,1113.9964,0.88
1790187780000,1113.9964,0.88
1790187840000,1113.9964,0.88
1790187900000,1113.9964,0.88
1790187960000,1113.9964,0.88
1790188020000,1113.9964,0.88
1790188080000,1113.9964,0.88
1790188140000,1113.9964,0.88
1790188200000,1113.9964,0.88
1790188260000,1113.9964,0.88
1790188320000,1113.9964,0.88
1790188380000,1113.9964,0.88
1790188440000,1113.9964,0.88
1790188500000,1113.9964,0.88
1790188560000,1113.9964,0.88
1790188620000,1113.9964,0.88
1790188680000,1113.9964,0.88
1790188740000,1113.9964,0.88
1790188800000,1113.9964,0.88
1790188860000,1113.9964,0.88
1790188920000,1113.9964,0.88
1790188980000,1113.9964,0.88
1790189040000,1113.9964,0.88
1790189100000,1113.9964,0.88
1790189160000,1113.9964,0.88
1790189220000,1113.9964,0.88
1790189280000,1113.9964,0.88
1790189340000,1113.9964,0.88
1790189400000,1113.9964,0.88
1790189460000,1113.9964,0.88
1790189520000,1113.9964,0.88
1790189580000,1113.9964,0.88
1790189640000,1113.9964,0.88
1790189700000,1113.9964,0.88
1790189760000,1113.9964,0.88
1790189820000,1113.9964,0.88
1790189880000,1113.9964,0.88
1790189940000,1113.9964,0.88
1790190000000,1113.9964,0.88
1790190060000,1113.9964,0.88
1790190120000,1113.9964,0.88
1790190180000,1113.9964,0.88
1790190240000,1113.9964,0.88
1790190300000,1113.9964,0.88
1790190360000,1113.9964,0.88
1790190420000,1113.9964,0.88
1790190480000,1113.9964,0.88
1790190540000,1113.9964,0.88
1790190600000,1113.9964,0.88
1790190660000,1113.9964,0.88
1790190720000,1113.9964,0.88
1790190780000,1113.9964,0.88
1790190840000,1113.9964,0.88
1790190900000,1113.9964,0.88
1790190960000,1113.9964,0.88
1790191020000,1113.9964,0.88
1790191080000,1113.9964,0.88
1790191140000,1113.9964,0.88
1790191200000,1113.9964,0.88
1790191260000,1113.9964,0.88
1790191320000,1113.9964,0.88
1790191380000,1113.9964,0.88
1790191440000,1113.9964,0.88
1790191500000,1113.9964,0.88
1790191560000,1113.9964,0.88
1790191620000,1113.9964,0.88
1790191680000,1113.9964,0.88
1790191740000,1113.9964,0.88
1790191800000,1113.9964,0.88
1790191860000,1113.9964,0.88
1790191920000,1113.9964,0.88
1790191980000,1113.9964,0.88
1790192040000,1113.9964,0.88
1790192100000,1113.9964,0.88
1790192160000,1113.9964,0.88
1790192220000,1113.9964,0.88
1790192280000,1113.9964,0.88
1790192340000,1113.9964,0.88
1790192400000,1113.9964,0.88
1790192460000,1113.9964,0.88
1790192520000,1113.9964,0.88
1790192580000,1113.9964,0.88
1790192640000,1113.9964,0.88
1790192700000,1113.9964,0.88
1790192760000,1113.9964,0.88
1790192820000,1113.9964,0.88
1790192880000,1113.9964,0.88
1790192940000,1113.9964,0.88
1790193000000,1113.9964,0.88
1790193060000,1113.9964,0.88
1790193120000,1113.9964,0.88
1790193180000,1113.9964,0.88
1790193240000,1113.9964,0.88
1790193300000,1113.9964,0.88
1790193360000,1113.9964,0.88
1790193420000,1113.9964,0.88
1790193480000,1113.9964,0.88
1790193540000,1113.9964,0.88
1790193600000,1113.9964,0.88
1790193660000,1113.9964,0.88
1790193720000,1113.9964,0.88
1790193780000,1113.9964,0.88
1790193840000,1113.9964,0.88
1790193900000,1113.9964,0.88
1790193960000,1113.9964,0.88
1790194020000,1113.9964,0.88
1790194080000,1113.9964,0.88
1790194140000,1113.9964,0.88
1790194200000,1113.9964,0.88
1790194260000,1113.9964,0.88
1790194320000,1113.9964,0.88
1790194380000,1113.9964,0.88
1790194440000,1113.9964,0.88
1790194500000,1113.9964,0.88
1790194560000,1113.9964,0.88
1790194620000,1113.9964,0.88
1790194680000,1113.9964,0.88
1790194740000,1113.9964,0.88
1790194800000,1113.9964,0.88
1790194860000,1113.9964,0.88
1790194920000,1113.9964,0.88
1790194980000,1113.9964,0.88
1790195040000,1113.9964,0.88
1790195100000,1113.9964,0.88
1790195160000,1113.9964,0.88
1790195220000,1113.9964,0.88
1790195280000,1113.9964,0.88
1790195340000,1113.9964,0.88
1790195400000,1113.9964,0.88
1790195460000,1113.9964,0.88
1790195520000,1113.9964,0.88
1790195580000,1113.9964,0.88
1790195640000,1113.9964,0.88
1790195700000,1113.9964,0.88
1790195760000,1113.9964,0.88
1790195820000,1113.9964,0.88
1790195880000,1113.9964,0.88
1790195940000,1113.9964,0.88
1790196000000,1113.9964,0.88
1790196060000,1113.9964,0.88
1790196120000,1113.9964,0.88
1790196180000,1113.9964,0.88
1790196240000,1113.9964,0.88
1790196300000,1113.9964,0.88
1790196360000,1113.9964,0.88
1790196420000,1113.9964,0.88
1790196480000,1113.9964,0.88
1790196540000,1113.9964,0.88
1790196600000,1113.9964,0.88
1790196660000,1113.9964,0.88
1790196720000,1113.9964,0.88
1790196780000,1113.9964,0.88
1790196840000,1113.9964,0.88
1790196900000,1113.9964,0.88
1790196960000,1113.9964,0.88
1790197020000,1113.9964,0.88
1790197080000,1113.9964,0.88
1790197140000,1113.9964,0.88
1790197200000,1113.9964,0.88
1790197260000,1113.9964,0.88
1790197320000,1113.9964,0.88
1790197380000,1113.9964,0.88
1790197440000,1113.9964,0.88
1790197500000,1113.9964,0.88
1790197560000,1113.9964,0.88
1790197620000,1113.9964,0.88
1790197680000,1113.9964,0.88
1790197740000,1113.9964,0.88
1790197800000,1113.9964,0.88
1790197860000,1113.9964,0.88
1790197920000,1113.9964,0.88
1790197980000,1113.9964,0.88
1790198040000,1113.9964,0.88
1790198100000,1113.9964,0.88
1790198160000,1113.9964,0.88
1790198220000,1113.9964,0.88
1790198280000,1113.9964,0.88
1790198340000,1113.9964,0.88
1790198400000,1113.9964,0.88
1790198460000,1113.9964,0.88
1790198520000,1113.9964,0.88
1790198580000,1113.9964,0.88
1790198640000,1113.9964,0.88
1790198700000,1113.9964,0.88
1790198760000,1113.9964,0.88
1790198820000,1113.9964,0.88
1790198880000,1113.9964,0.88
1790198940000,1113.9964,0.88
1790199000000,1113.9964,0.88
1790199060000,1113.9964,0.88
1790199120000,1113.9964,0.88
1790199180000,1113.9964,0.88
1790199240000,1113.9964,0.88
1790199300000,1113.9964,0.88
1790199360000,1113.9964,0.88
1790199420000,1113.9964,0.88
1790199480000,1113.9964,0.88
1790199540000,1113.9964,0.88
1790199600000,1113.9964,0.88
1790199660000,1113.9964,0.88
1790199720000,1113.9964,0.88
1790199780000,1113.9964,0.88
1790199840000,1113.9964,0.88
1790199900000,1113.9964,0.88
1790199960000,1113.9964,0.88
1790200020000,1113.9964,0.88
1790200080000,1113.9964,0.88
1790200140000,1113.9964,0.88
1790200200000,1113.9964,0.88
1790200260000,1113.9964,0.88
1790200320000,1113.9964,0.88
1790200380000,1113.9964,0.88
1790200440000,1113.9964,0.88
1790200500000,1113.9964,0.88
1790200560000,1113.9964,0.88
1790200620000,1113.9964,0.88
1790200680000,1113.9964,0.88
1790200740000,1113.9964,0.88
1790200800000,1113.9964,0.88
1790200860000,1113.9964,0.88
1790200920000,1113.9964,0.88
1790200980000,1113.9964,0.88
1790201040000,1113.9964,0.88
1790201100000,1113.9964,0.88
1790201160000,1113.9964,0.88
1790201220000,1113.9964,0.88
1790201280000,1113.9964,0.88
1790201340000,1113.9964,0.88
1790201400000,1113.9964,0.88
1790201460000,1113.9964,0.88
1790201520000,1113.9964,0.88
1790201580000,1113.9964,0.88
1790201640000,1113.9964,0.88
1790201700000,1113.9964,0.88
1790201760000,1113.9964,0.88
1790201820000,1113.9964,0.88
1790201880000,1113.9964,0.88
1790201940000,1113.9964,0.88
1790202000000,1113.9964,0.88
1790202060000,1113.9964,0.88
1790202120000,1113.9964,0.88
1790202180000,1113.9964,0.88
1790202240000,1113.9964,0.88
1790202300000,1113.9964,0.88
1790202360000,1113.9964,0.88
1790202420000,1113.9964,0.88
1790202480000,1113.9964,0.88
1790202540000,1113.9964,0.88
1790202600000,1113.9964,0.88
1790202660000,1113.9964,0.88
1790202720000,1113.9964,0.88
1790202780000,1113.9964,0.88
1790202840000,1113.9964,0.88
1790202900000,1113.9964,0.88
1790202960000,1113.9964,0.88
1790203020000,1113.9964,0.88
1790203080000,1113.9964,0.88
1790203140000,1113.9964,0.88
1790203200000,1113.9964,0.88
1790203260000,1113.9964,0.88
1790203320000,1113.9964,0.88
1790203380000,1113.9964,0.88
1790203440000,1113.9964,0.88
1790203500000,1113.9964,0.88
1790203560000,1113.9964,0.88
1790203620000,1113.9964,0.88
1790203680000,1113.9964,0.88
1790203740000,1113.9964,0.88
1790203800000,1113.9964,0.88
1790203860000,1113.9964,0.88
1790203920000,1113.9964,0.88
1790203980000,1113.9964,0.88
1790204040000,1113.9964,0.88
1790204100000,1113.9964,0.88
1790204160000,1113.9964,0.88
1790204220000,1113.9964,0.88
1790204280000,1113.9964,0.88
1790204340000,1113.9964,0.88
1790204400000,1113.9964,0.88
1790204460000,1113.9964,0.88
1790204520000,1113.9964,0.88
1790204580000,1113.9964,0.88
1790204640000,1113.9964,0.88
1790204700000,1113.9964,0.88
1790204760000,1113.9964,0.88
1790204820000,1113.9964,0.88
1790204880000,1113.9964,0.88
1790204940000,1113.9964,0.88
1790205000000,1113.9964,0.88
1790205060000,1113.9964,0.88
1790205120000,1113.9964,0.88
1790205180000,1113.9964,0.88
1790205240000,1113.9964,0.88
1790205300000,1113.9964,0.88
1790205360000,1113.9964,0.88
1790205420000,1113.9964,0.88
1790205480000,1113.9964,0.88
1790205540000,1113.9964,0.88
1790205600000,1113.9964,0.88
1790205660000,1113.9964,0.88
1790205720000,1113.9964,0.88
1790205780000,1113.9964,0.88
1790205840000,1113.9964,0.88
1790205900000,1113.9964,0.88
1790205960000,1113.9964,0.88
1790206020000,1113.9964,0.88
1790206080000,1113.9964,0.88
1790206140000,1113.9964,0.88
1790206200000,1113.9964,0.88
1790206260000,1113.9964,0.88
1790206320000,1113.9964,0.88
1790206380000,1113.9964,0.88
1790206440000,1113.9964,0.88
1790206500000,1113.9964,0.88
1790206560000,1113.9964,0.88
1790206620000,1113.9964,0.88
1790206680000,1113.9964,0.88
1790206740000,1113.9964,0.88
1790206800000,1113.9964,0.88
1790206860000,1113.9964,0.88
1790206920000,1113.9964,0.88
1790206980000,1113.9964,0.88
1790207040000,1113.9964,0.88
1790207100000,1113.9964,0.88
1790207160000,1113.9964,0.88
1790207220000,1113.9964,0.88
1790207280000,1113.9964,0.88
1790207340000,1113.9964,0.88
1790207400000,1113.9964,0.88
1790207460000,1113.9964,0.88
1790207520000,1113.9964,0.88
1790207580000,1113.9964,0.88
1790207640000,1113.9964,0.88
1790207700000,1113.9964,0.88
1790207760000,1113.9964,0.88
1790207820000,1113.9964,0.88
1790207880000,1113.9964,0.88
1790207940000,1113.9964,0.88
1790208000000,1113.9964,0.88
1790208060000,1113.9964,0.88
1790208120000,1113.9964,0.88
1790208180000,1113.9964,0.88
1790208240000,1113.9964,0.88
1790208300000,1113.9964,0.88
1790208360000,1113.9964,0.88
1790208420000,1113.9964,0.88
1790208480000,1113.9964,0.88
1790208540000,1113.9964,0.88
1790208600000,1113.9964,0.88
1790208660000,1113.9964,0.88
1790208720000,1113.9964,0.88
1790208780000,1113.9964,0.88
1790208840000,1113.9964,0.88
1790208900000,1113.9964,0.88
1790208960000,1113.9964,0.88
1790209020000,1113.9964,0.88
1790209080000,1113.9964,0.88
1790209140000,1113.9964,0.88
1790209200000,1113.9964,0.88
1790209260000,1113.9964,0.88
1790209320000,1113.9964,0.88
1790209380000,1113.9964,0.88
1790209440000,1113.9964,0.88
1790209500000,1113.9964,0.88
1790209560000,1113.9964,0.88
1790209620000,1113.9964,0.88
1790209680000,1113.9964,0.88
1790209740000,1113.9964,0.88
1790209800000,1113.9964,0.88
1790209860000,1113.9964,0.88
1790209920000,1113.9964,0.88
1790209980000,1113.9964,0.88
1790210040000,1113.9964,0.88
1790210100000,1113.9964,0.88
1790210160000,1113.9964,0.88
1790210220000,1113.9964,0.88
1790210280000,1113.9964,0.88
1790210340000,1113.9964,0.88
1790210400000,1113.9964,0.88
1790210460000,1113.9964,0.88
1790210520000,1113.9964,0.88
1790210580000,1113.9964,0.88
1790210640000,1113.9964,0.88
1790210700000,1113.9964,0.88
1790210760000,1113.9964,0.88
1790210820000,1113.9964,0.88
1790210880000,1113.9964,0.88
1790210940000,1113.9964,0.88
1790211000000,1113.9964,0.88
1790211060000,1113.9964,0.88
1790211120000,1113.9964,0.88
1790211180000,1113.9964,0.88
1790211240000,1113.9964,0.88
1790211300000,1113.9964,0.88
1790211360000,1113.9964,0.88
1790211420000,1113.9964,0.88
1790211480000,1113.9964,0.88
1790211540000,1113.9964,0.88
1790211600000,1113.9964,0.88
1790211660000,1113.9964,0.88
1790211720000,1113.9964,0.88
1790211780000,1113.9964,0.88
1790211840000,1113.9964,0.88
1790211900000,1113.9964,0.88
1790211960000,1113.9964,0.88
1790212020000,1113.9964,0.88
1790212080000,1113.9964,0.88
1790212140000,1113.9964,0.88
1790212200000,1113.9964,0.88
1790212260000,1113.9964,0.88
1790212320000,1113.9964,0.88
1790212380000,1113.9964,0.88
1790212440000,1113.9964,0.88
1790212500000,1113.9964,0.88
1790212560000,1113.9964,0.88
1790212620000,1113.9964,0.88
1790212680000,1113.9964,0.88
1790212740000,1113.9964,0.88
1790212800000,1113.9964,0.88
1790212860000,1113.9964,0.88
1790212920000,1113.9964,0.88
1790212980000,1113.9964,0.88
1790213040000,1113.9964,0.88
1790213100000,1113.9964,0.88
1790213160000,1113.9964,0.88
1790213220000,1113.9964,0.88
1790213280000,1113.9964,0.88
1790213340000,1113.9964,0.88
1790213400000,1113.9964,0.88
1790213460000,1113.9964,0.88
1790213520000,1113.9964,0.88
1790213580000,1113.9964,0.88
1790213640000,1113.9964,0.88
1790213700000,1113.9964,0.88
1790213760000,1113.9964,0.88
1790213820000,1113.9964,0.88
1790213880000,1113.9964,0.88
1790213940000,1113.9964,0.88
1790214000000,1113.9964,0.88
1790214060000,1113.9964,0.88
1790214120000,1113.9964,0.88
1790214180000,1113.9964,0.88
1790214240000,1113.9964,0.88
1790214300000,1113.9964,0.88
1790214360000,1113.9964,0.88
1790214420000,1113.9964,0.88
1790214480000,1113.9964,0.88
1790214540000,1113.9964,0.88
1790214600000,1113.9964,0.88
1790214660000,1113.9964,0.88
1790214720000,1113.9964,0.88
1790214780000,1113.9964,0.88
1790214840000,1113.9964,0.88
1790214900000,1113.9964,0.88
1790214960000,1113.9964,0.88
1790215020000,1113.9964,0.88
1790215080000,1113.9964,0.88
1790215140000,1113.9964,0.88
1790215200000,1113.9964,0.88
1790215260000,1113.9964,0.88
1790215320000,1113.9964,0.88
1790215380000,1113.9964,0.88
1790215440000,1113.9964,0.88
1790215500000,1113.9964,0.88
1790215560000,1113.9964,0.88
1790215620000,1113.9964,0.88
1790215680000,1113.9964,0.88
1790215740000,1113.9964,0.88
1790215800000,1113.9964,0.88
1790215860000,1113.9964,0.88
1790215920000,1113.9964,0.88
1790215980000,1113.9964,0.88
1790216040000,1113.9964,0.88
1790216100000,1113.9964,0.88
1790216160000,1113.9964,0.88
1790216220000,1113.9964,0.88
1790216280000,1113.9964,0.88
1790216340000,1113.9964,0.88
1790216400000,1113.9964,0.88
1790216460000,1113.9964,0.88
1790216520000,1113.9964,0.88
1790216580000,1113.9964,0.88
1790216640000,1113.9964,0.88
1790216700000,1113.9964,0.88
1790216760000,1113.9964,0.88
1790216820000,1113.9964,0.88
1790216880000,1113.9964,0.88
1790216940000,1113.9964,0.88
1790217000000,1113.9964,0.88
1790217060000,1113.9964,0.88
1790217120000,1113.9964,0.88
1790217180000,1113.9964,0.88
1790217240000,1113.9964,0.88
1790217300000,1113.9964,0.88
1790217360000,1113.9964,0.88
1790217420000,1113.9964,0.88
1790217480000,1113.9964,0.88
1790217540000,1113.9964,0.88
1790217600000,1113.9964,0.88
1790217660000,1113.9964,0.88
1790217720000,1113.9964,0.88
1790217780000,1113.9964,0.88
1790217840000,1113.9964,0.88
1790217900000,1113.9964,0.88
1790217960000,1113.9964,0.88
1790218020000,1113.9964,0.88
1790218080000,1113.9964,0.88
1790218140000,1113.9964,0.88
1790218200000,1113.9964,0.88
1790218260000,1113.9964,0.88
1790218320000,1113.9964,0.88
1790218380000,1113.9964,0.88
1790218440000,1113.9964,0.88
1790218500000,1113.9964,0.88
1790218560000,1113.9964,0.88
1790218620000,1113.9964,0.88
1790218680000,1113.9964,0.88
1790218740000,1113.9964,0.88
1790218800000,1113.9964,0.88
1790218860000,1113.9964,0.88
1790218920000,1113.9964,0.88
1790218980000,1113.9964,0.88
1790219040000,1113.9964,0.88
1790219100000,1113.9964,0.88
1790219160000,1113.9964,0.88
1790219220000,1113.9964,0.88
1790219280000,1113.9964,0.88
1790219340000,1113.9964,0.88
1790219400000,1113.9964,0.88
1790219460000,1113.9964,0.88
1790219520000,1113.9964,0.88
1790219580000,1113.9964,0.88
1790219640000,1113.9964,0.88
1790219700000,1113.9964,0.88
1790219760000,1113.9964,0.88
1790219820000,1113.9964,0.88
1790219880000,1113.9964,0.88
1790219940000,1113.9964,0.88
1790220000000,1113.9964,0.88
1790220060000,1113.9964,0.88
1790220120000,1113.9964,0.88
1790220180000,1113.9964,0.88
1790220240000,1113.9964,0.88
1790220300000,1113.9964,0.88
1790220360000,1113.9964,0.88
1790220420000,1113.9964,0.88
1790220480000,1113.9964,0.88
1790220540000,1113.9964,0.88
1790220600000,1113.9964,0.88
1790220660000,1113.9964,0.88
1790220720000,1113.9964,0.88
1790220780000,1113.9964,0.88
1790220840000,1113.9964,0.88
1790220900000,1113.9964,0.88
1790220960000,1113.9964,0.88
1790221020000,1113.9964,0.88
1790221080000,1113.9964,0.88
1790221140000,1113.9964,0.88
1790221200000,1113.9964,0.88
1790221260000,1113.9964,0.88
1790221320000,1113.9964,0.88
1790221380000,1113.9964,0.88
1790221440000,1113.9964,0.88
1790221500000,1113.9964,0.88
1790221560000,1113.9964,0.88
1790221620000,1113.9964,0.88
1790221680000,1113.9964,0.88
1790221740000,1113.9964,0.88
1790221800000,1113.9964,0.88
1790221860000,1113.9964,0.88
1790221920000,1113.9964,0.88
1790221980000,1113.9964,0.88
1790222040000,1113.9964,0.88
1790222100000,1113.9964,0.88
1790222160000,1113.9964,0.88
1790222220000,1113.9964,0.88
1790222280000,1113.9964,0.88
1790222340000,1113.9964,0.88
1790222400000,1113.9964,0.88
1790222460000,1113.9964,0.88
1790222520000,1113.9964,0.88
1790222580000,1113.9964,0.88
1790222640000,1113.9964,0.88
1790222700000,1113.9964,0.88
1790222760000,1113.9964,0.88
1790222820000,1113.9964,0.88
1790222880000,1113.9964,0.88
1790222940000,1113.9964,0.88
1790223000000,1113.9964,0.88
1790223060000,1113.9964,0.88
1790223120000,1113.9964,0.88
1790223180000,1113.9964,0.88
1790223240000,1113.9964,0.88
1790223300000,1113.9964,0.88
1790223360000,1113.9964,0.88
1790223420000,1113.9964,0.88
1790223480000,1113.9964,0.88
1790223540000,1113.9964,0.88
1790223600000,1113.9964,0.88
1790223660000,1113.9964,0.88
1790223720000,1113.9964,0.88
1790223780000,1113.9964,0.88
1790223840000,1113.9964,0.88
1790223900000,1113.9964,0.88
1790223960000,1113.9964,0.88
1790224020000,1113.9964,0.88
1790224080000,1113.9964,0.88
1790224140000,1113.9964,0.88
1790224200000,1113.9964,0.88
1790224260000,1113.9964,0.88
1790224320000,1113.9964,0.88
1790224380000,1113.9964,0.88
1790224440000,1113.9964,0.88
1790224500000,1113.9964,0.88
1790224560000,1113.9964,0.88
1790224620000,1113.9964,0.88
1790224680000,1113.9964,0.88
1790224740000,1113.9964,0.88
1790224800000,1113.9964,0.88
1790224860000,1113.9964,0.88
1790224920000,1113.9964,0.88
1790224980000,1113.9964,0.88
1790225040000,1113.9964,0.88
1790225100000,1113.9964,0.88
1790225160000,1113.9964,0.88
1790225220000,1113.9964,0.88
1790225280000,1113.9964,0.88
1790225340000,1113.9964,0.88
1790225400000,1113.9964,0.88
1790225460000,1113.9964,0.88
1790225520000,1113.9964,0.88
1790225580000,1113.9964,0.88
1790225640000,1113.9964,0.88
1790225700000,1113.9964,0.88
1790225760000,1113.9964,0.88
1790225820000,1113.9964,0.88
1790225880000,1113.9964,0.88
1790225940000,1113.9964,0.88
1790226000000,1113.9964,0.88
1790226060000,1113.9964,0.88
1790226120000,1113.9964,0.88
1790226180000,1113.9964,0.88
1790226240000,1113.9964,0.88
1790226300000,1113.9964,0.88
1790226360000,1113.9964,0.88
1790226420000,1113.9964,0.88
1790226480000,1113.9964,0.88
1790226540000,1113.9964,0.88
1790226600000,1113.9964,0.88
1790226660000,1113.9964,0.88
1790226720000,1113.9964,0.88
1790226780000,1113.9964,0.88
1790226840000,1113.9964,0.88
1790226900000,1113.9964,0.88
1790226960000,1113.9964,0.88
1790227020000,1113.9964,0.88
1790227080000,1113.9964,0.88
1790227140000,1113.9964,0.88
1790227200000,1113.9964,0.88
1790227260000,1113.9964,0.88
1790227320000,1113.9964,0.88
1790227380000,1113.9964,0.88
1790227440000,1113.9964,0.88
1790227500000,1113.9964,0.88
1790227560000,1113.9964,0.88
1790227620000,1113.9964,0.88
1790227680000,1113.9964,0.88
1790227740000,1113.9964,0.88
1790227800000,1113.9964,0.88
1790227860000,1113.9964,0.88
1790227920000,1113.9964,0.88
1790227980000,1113.9964,0.88
1790228040000,1113.9964,0.88
1790228100000,1113.9964,0.88
1790228160000,1113.9964,0.88
1790228220000,1113.9964,0.88
1790228280000,1113.9964,0.88
1790228340000,1113.9964,0.88
1790228400000,1113.9964,0.88
1790228460000,1113.9964,0.88
1790228520000,1113.9964,0.88
1790228580000,1113.9964,0.88
1790228640000,1113.9964,0.88
1790228700000,1113.9964,0.88
1790228760000,1113.9964,0.88
1790228820000,1113.9964,0.88
1790228880000,1113.9964,0.88
1790228940000,1113.9964,0.88
1790229000000,1113.9964,0.88
1790229060000,1113.9964,0.88
1790229120000,1113.9964,0.88
1790229180000,1113.9964,0.88
1790229240000,1113.9964,0.88
1790229300000,1113.9964,0.88
1790229360000,1113.9964,0.88
1790229420000,1113.9964,0.88
1790229480000,1113.9964,0.88
1790229540000,1113.9964,0.88
1790229600000,1113.9964,0.88
1790229660000,1113.9964,0.88
1790229720000,1113.9964,0.88
1790229780000,1113.9964,0.88
1790229840000,1113.9964,0.88
1790229900000,1113.9964,0.88
1790229960000,1113.9964,0.88
1790230020000,1113.9964,0.88
1790230080000,1113.9964,0.88
1790230140000,1113.9964,0.88
1790230200000,1113.9964,0.88
1790230260000,1113.9964,0.88
1790230320000,1113.9964,0.88
1790230380000,1113.9964,0.88
1790230440000,1113.9964,0.88
1790230500000,1113.9964,0.88
1790230560000,1113.9964,0.88
1790230620000,1113.9964,0.88
1790230680000,1113.9964,0.88
1790230740000,1113.9964,0.88
1790230800000,1113.9964,0.88
1790230860000,1113.9964,0.88
1790230920000,1113.9964,0.88
1790230980000,1113.9964,0.88
1790231040000,1113.9964,0.88
1790231100000,1113.9964,0.88
1790231160000,1113.9964,0.88
1790231220000,1113.9964,0.88
1790231280000,1113.9964,0.88
1790231340000,1113.9964,0.88
1790231400000,1113.9964,0.88
1790231460000,1113.9964,0.88
1790231520000,1113.9964,0.88
1790231580000,1113.9964,0.88
1790231640000,1113.9964,0.88
1790231700000,1113.9964,0.88
1790231760000,1113.9964,0.88
1790231820000,1113.9964,0.88
1790231880000,1113.9964,0.88
1790231940000,1113.9964,0.88
1790232000000,1113.9964,0.88
1790232060000,1113.9964,0.88
1790232120000,1113.9964,0.88
1790232180000,1113.9964,0.88
1790232240000,1113.9964,0.88
1790232300000,1113.9964,0.88
1790232360000,1113.9964,0.88
1790232420000,1113.9964,0.88
1790232480000,1113.9964,0.88
1790232540000,1113.9964,0.88
1790232600000,1113.9964,0.88
1790232660000,1113.9964,0.88
1790232720000,1113.9964,0.88
1790232780000,1113.9964,0.88
1790232840000,1113.9964,0.88
1790232900000,1113.9964,0.88
1790232960000,1113.9964,0.88
1790233020000,1113.9964,0.88
1790233080000,1113.9964,0.88
1790233140000,1113.9964,0.88
1790233200000,1113.9964,0.88
1790233260000,1113.9964,0.88
1790233320000,1113.9964,0.88
1790233380000,1113.9964,0.88
1790233440000,1113.9964,0.88
1790233500000,1113.9964,0.88
1790233560000,1113.9964,0.88
1790233620000,1113.9964,0.88
1790233680000,1113.9964,0.88
1790233740000,1113.9964,0.88
1790233800000,1113.9964,0.88
1790233860000,1113.9964,0.88
1790233920000,1113.9964,0.88
1790233980000,1113.9964,0.88
1790234040000,1113.9964,0.88
1790234100000,1113.9964,0.88
1790234160000,1113.9964,0.88
1790234220000,1113.9964,0.88
1790234280000,1113.9964,0.88
1790234340000,1113.9964,0.88
1790234400000,1113.9964,0.88
1790234460000,1113.9964,0.88
1790234520000,1113.9964,0.88
1790234580000,1113.9964,0.88
1790234640000,1113.9964,0.88
1790234700000,1113.9964,0.88
1790234760000,1113.9964,0.88
1790234820000,1113.9964,0.88
1790234880000,1113.9964,0.88
1790234940000,1113.9964,0.88
1790235000000,1113.9964,0.88
1790235060000,1113.9964,0.88
1790235120000,1113.9964,0.88
1790235180000,1113.9964,0.88
1790235240000,1113.9964,0.88
1790235300000,1113.9964,0.88
1790235360000,1113.9964,0.88
1790235420000,1113.9964,0.88
1790235480000,1113.9964,0.88
1790235540000,1113.9964,0.88
1790235600000,1113.9964,0.88
1790235660000,1113.9964,0.88
1790235720000,1113.9964,0.88
1790235780000,1113.9964,0.88
1790235840000,1113.9964,0.88
1790235900000,1113.9964,0.88
1790235960000,1113.9964,0.88
1790236020000,1113.9964,0.88
1790236080000,1113.9964,0.88
1790236140000,1113.9964,0.88
1790236200000,1113.9964,0.88
1790236260000,1113.9964,0.88
1790236320000,1113.9964,0.88
1790236380000,1113.9964,0.88
1790236440000,1113.9964,0.88
1790236500000,1113.9964,0.88
1790236560000,1113.9964,0.88
1790236620000,1113.9964,0.88
1790236680000,1113.9964,0.88
1790236740000,1113.9964,0.88
1790236800000,1113.9964,0.88
1790236860000,1113.9964,0.88
1790236920000,1113.9964,0.88
1790236980000,1113.9964,0.88
1790237040000,1113.9964,0.88
1790237100000,1113.9964,0.88
1790237160000,1113.9964,0.88
1790237220000,1113.9964,0.88
1790237280000,1113.9964,0.88
1790237340000,1113.9964,0.88
1790237400000,1113.9964,0.88
1790237460000,1113.9964,0.88
1790237520000,1113.9964,0.88
1790237580000,1113.9964,0.88
1790237640000,1113.9964,0.88
1790237700000,1113.9964,0.88
1790237760000,1113.9964,0.88
1790237820000,1113.9964,0.88
1790237880000,1113.9964,0.88
1790237940000,1113.9964,0.88
1790238000000,1113.9964,0.88
1790238060000,1113.9964,0.88
1790238120000,1113.9964,0.88
1790238180000,1113.9964,0.88
1790238240000,1113.9964,0.88
1790238300000,1113.9964,0.88
1790238360000,1113.9964,0.88
1790238420000,1113.9964,0.88
1790238480000,1113.9964,0.88
1790238540000,1113.9964,0.88
1790238600000,1113.9964,0.88
1790238660000,1113.9964,0.88
1790238720000,1113.9964,0.88
1790238780000,1113.9964,0.88
1790238840000,1113.9964,0.88
1790238900000,1113.9964,0.88
1790238960000,1113.9964,0.88
1790239020000,1113.9964,0.88
1790239080000,1113.9964,0.88
1790239140000,1113.9964,0.88
1790239200000,1113.9964,0.88
1790239260000,1113.9964,0.88
1790239320000,1113.9964,0.88
1790239380000,1113.9964,0.88
1790239440000,1113.9964,0.88
1790239500000,1113.9964,0.88
1790239560000,1113.9964,0.88
1790239620000,1113.9964,0.88
1790239680000,1113.9964,0.88
1790239740000,1113.9964,0.88
1790239800000,1113.9964,0.88
1790239860000,1113.9964,0.88
1790239920000,1113.9964,0.88
1790239980000,1113.9964,0.88
1790240040000,1113.9964,0.88
1790240100000,1113.9964,0.88
1790240160000,1113.9964,0.88
1790240220000,1113.9964,0.88
1790240280000,1113.9964,0.88
1790240340000,1113.9964,0.88
1790240400000,1113.9964,0.88
1790240460000,1113.9964,0.88
1790240520000,1113.9964,0.88
1790240580000,1113.9964,0.88
1790240640000,1113.9964,0.88
1790240700000,1113.9964,0.88
1790240760000,1113.9964,0.88
1790240820000,1113.9964,0.88
1790240880000,1113.9964,0.88
1790240940000,1113.9964,0.88
1790241000000,1113.9964,0.88
1790241060000,1113.9964,0.88
1790241120000,1113.9964,0.88
1790241180000,1113.9964,0.88
1790241240000,1113.9964,0.88
1790241300000,1113.9964,0.88
1790241360000,1113.9964,0.88
1790241420000,1113.9964,0.88
1790241480000,1113.9964,0.88
1790241540000,1113.9964,0.88
1790241600000,1113.9964,0.88
1790241660000,1113.9964,0.88
1790241720000,1113.9964,0.88
1790241780000,1113.9964,0.88
1790241840000,1113.9964,0.88
1790241900000,1113.9964,0.88
1790241960000,1113.9964,0.88
1790242020000,1113.9964,0.88
1790242080000,1113.9964,0.88
1790242140000,1113.9964,0.88
1790242200000,1113.9964,0.88
1790242260000,1113.9964,0.88
1790242320000,1113.9964,0.88
1790242380000,1113.9964,0.88
1790242440000,1138.659,0.0
1790253240000,1138.659,0.0
1790253300000,1138.659,0.0
1790253360000,1138.659,0.0
1790253420000,1138.659,0.0
1790253480000,1138.659,0.0
1790253540000,1138.659,0.0
1790253600000,1138.659,0.0
1790253660000,1138.659,0.0
1790253720000,1138.659,0.0
1790253780000,1138.659,0.0
1790253840000,1138.659,0.0
1790253900000,1138.659,0.0
1790253960000,1138.659,0.0
1790254020000,1138.659,0.0
1790254080000,1138.659,0.0
1790254140000,1138.659,0.0
1790254200000,1138.659,0.0
1790254260000,1138.659,0.0
1790254320000,1138.659,0.0
1790254380000,1138.659,0.0
1790254440000,1138.659,0.0
1790254500000,1138.659,0.0
1790254560000,1138.659,0.0
1790254620000,1138.659,0.0
1790254680000,1138.659,0.0
1790254740000,1138.659,0.0
1790254800000,1138.659,0.0
1790254860000,1138.659,0.0
1790254920000,1138.659,0.0
1790254980000,1138.659,0.0
1790255040000,1138.659,0.0
1790255100000,1138.659,0.0
1790255160000,1128.9302,0.85
1790259900000,1128.9302,0.85
1790259960000,1128.9302,0.85
1790260020000,1128.9302,0.85
1790260080000,1128.9302,0.85
1790260140000,1128.9302,0.85
1790260200000,1128.9302,0.85
1790260260000,1128.9302,0.85
1790260320000,1128.9302,0.85
1790260380000,1128.9302,0.85
1790260440000,1128.9302,0.85
1790260500000,1128.9302,0.85
1790260560000,1128.9302,0.85
1790260620000,1128.9302,0.85
1790260680000,1128.9302,0.85
1790260740000,1128.9302,0.85
1790260800000,1128.9302,0.85
1790260860000,1128.9302,0.85
1790260920000,1128.9302,0.85
1790260980000,1128.9302,0.85
1790261040000,1128.9302,0.85
1790261100000,1128.9302,0.85
1790261160000,1128.9302,0.85
1790261220000,1128.9302,0.85
1790261280000,1128.9302,0.85
1790261340000,1119.3421,1.7
1790263080000,1119.3421,1.7
1790263140000,1119.3421,1.7
1790263200000,1119.3421,1.7
1790263260000,1119.3421,1.7
1790263320000,1119.3421,1.7
1790263380000,1119.3421,1.7
1790263440000,1119.3421,1.7
1790263500000,1119.3421,1.7
1790263560000,1119.3421,1.7
1790263620000,1119.3421,1.7
1790263680000,1119.3421,1.7
1790263740000,1119.3421,1.7
1790263800000,1119.3421,1.7
1790263860000,1119.3421,1.7
1790263920000,1119.3421,1.7
1790263980000,1119.3421,1.7
1790264040000,1119.3421,1.7
1790264100000,1119.3421,1.7
1790264160000,1119.3421,1.7
1790264220000,1119.3421,1.7
1790264280000,1119.3421,1.7
1790264340000,1119.3421,1.7
1790264400000,1119.3421,1.7
1790264460000,1119.3421,1.7
1790264520000,1119.3421,1.7
1790264580000,1119.3421,1.7
1790264640000,1119.3421,1.7
1790264700000,1119.3421,1.7
1790264760000,1119.3421,1.7
1790264820000,1119.3421,1.7
1790264880000,1119.3421,1.7
1790264940000,1119.3421,1.7
1790265000000,1119.3421,1.7
1790265060000,1119.3421,1.7
1790265120000,1119.3421,1.7
1790265180000,1119.3421,1.7
1790265240000,1119.3421,1.7
1790265300000,1119.3421,1.7
1790265360000,1119.3421,1.7
1790265420000,1119.3421,1.7
1790265480000,1119.3421,1.7
1790265540000,1119.3421,1.7
1790265600000,1119.3421,1.7
1790265660000,1119.3421,1.7
1790265720000,1119.3421,1.7
1790265780000,1119.3421,1.7
1790265840000,1119.3421,1.7
1790265900000,1119.3421,1.7
1790265960000,1119.3421,1.7
1790266020000,1119.3421,1.7
1790266080000,1119.3421,1.7
1790266140000,1119.3421,1.7
1790266200000,1119.3421,1.7
1790266260000,1119.3421,1.7
1790266320000,1119.3421,1.7
1790266380000,1119.3421,1.7
1790266440000,1119.3421,1.7
1790266500000,1119.3421,1.7
1790266560000,1143.4916,0.0
1790331960000,1143.4916,0.0
1790332020000,1143.4916,0.0
1790332080000,1143.4916,0.0
1790332140000,1143.4916,0.0
1790332200000,1143.4916,0.0
1790332260000,1143.4916,0.0
1790332320000,1143.4916,0.0
1790332380000,1143.4916,0.0
1790332440000,1143.4916,0.0
1790332500000,1143.4916,0.0
1790332560000,1143.4916,0.0
1790332620000,1143.4916,0.0
1790332680000,1143.4916,0.0
1790332740000,1143.4916,0.0
1790332800000,1143.4916,0.0
1790332860000,1143.4916,0.0
1790332920000,1143.4916,0.0
1790332980000,1143.4916,0.0
1790333040000,1143.4916,0.0
1790333100000,1143.4916,0.0
1790333160000,1143.4916,0.0
1790333220000,1143.4916,0.0
1790333280000,1143.4916,0.0
1790333340000,1143.4916,0.0
1790333400000,1143.4916,0.0
1790333460000,1143.4916,0.0
1790333520000,1143.4916,0.0
1790333580000,1143.4916,0.0
1790333640000,1143.4916,0.0
1790333700000,1143.4916,0.0
1790333760000,1143.4916,0.0
1790333820000,1143.4916,0.0
1790333880000,1143.4916,0.0
1790333940000,1143.4916,0.0
1790334000000,1143.4916,0.0
1790334060000,1143.4916,0.0
1790334120000,1143.4916,0.0
1790334180000,1143.4916,0.0
1790334240000,1143.4916,0.0
1790334300000,1143.4916,0.0
1790334360000,1159.7204,0.0
1790339460000,1159.7204,0.0
1790339520000,1159.7204,0.0
1790339580000,1159.7204,0.0
1790339640000,1159.7204,0.0
1790339700000,1159.7204,0.0
1790339760000,1159.7204,0.0
1790339820000,1159.7204,0.0
1790339880000,1159.7204,0.0
1790339940000,1159.7204,0.0
1790340000000,1159.7204,0.0
1790340060000,1159.7204,0.0
1790340120000,1159.7204,0.0
1790340180000,1159.7204,0.0
1790340240000,1159.7204,0.0
1790340300000,1159.7204,0.0
1790340360000,1159.7204,0.0
1790340420000,1159.7204,0.0
1790340480000,1159.7204,0.0
1790340540000,1159.7204,0.0
1790340600000,1159.7204,0.0
1790340660000,1159.7204,0.0
1790340720000,1159.7204,0.0
1790340780000,1159.7204,0.0
1790340840000,1159.7204,0.0
1790340900000,1159.7204,0.0
1790340960000,1159.7204,0.0
1790341020000,1159.7204,0.0
1790341080000,1159.7204,0.0
1790341140000,1159.7204,0.0
1790341200000,1159.7204,0.0
1790341260000,1159.7204,0.0
1790341320000,1159.7204,0.0
1790341380000,1159.7204,0.0
1790341440000,1159.7204,0.0
1790341500000,1159.7204,0.0
1790341560000,1159.7204,0.0
1790341620000,1159.7204,0.0
1790341680000,1159.7204,0.0
1790341740000,1159.7204,0.0
1790341800000,1159.7204,0.0
1790341860000,1159.7204,0.0
1790341920000,1159.7204,0.0
1790341980000,1159.7204,0.0
1790342040000,1159.7204,0.0
1790342100000,1159.7204,0.0
1790342160000,1159.7204,0.0
1790342220000,1159.7204,0.0
1790342280000,1159.7204,0.0
1790342340000,1159.7204,0.0
1790342400000,1159.7204,0.0
1790342460000,1159.7204,0.0
1790342520000,1159.7204,0.0
1790342580000,1159.7204,0.0
1790342640000,1159.7204,0.0
1790342700000,1159.7204,0.0
1790342760000,1159.7204,0.0
1790342820000,1159.7204,0.0
1790342880000,1159.7204,0.0
1790342940000,1159.7204,0.0
1790343000000,1159.7204,0.0
1790343060000,1150.3113,0.81
1790347980000,1150.3113,0.81
1790348040000,1150.3113,0.81
1790348100000,1150.3113,0.81
1790348160000,1140.2191,1.68
