timestamp,open,high,low,close,volume,close_time,quote_volume,trades,taker_buy_base,taker_buy_quote,datetime
1782802800000,1592.97,1595.79,1589.21,1591.64,64201.273,1782806399999,102213459.94842,86986,30588.126,48693740.90321,2026-06-30 07:00:00
1782806400000,1591.65,1593.59,1578.42,1583.27,178243.632,1782809999999,282231504.48529,201281,81464.755,128978361.26277,2026-06-30 08:00:00
1782810000000,1583.27,1586.47,1580.54,1584.77,83072.287,1782813599999,131565578.22228,107209,42337.423,67059528.62873,2026-06-30 09:00:00
1782813600000,1584.76,1586.33,1581.47,1583.8,48248.75,1782817199999,76429727.25851,88800,25402.32,40242736.63114,2026-06-30 10:00:00
1782817200000,1583.81,1585.53,1574.55,1577.87,165772.439,1782820799999,261784445.95236,184395,68808.244,108674955.98224,2026-06-30 11:00:00
1782820800000,1577.88,1577.88,1550.0,1551.81,486788.512,1782824399999,761111269.23613,418364,193286.966,302344532.77642,2026-06-30 12:00:00
1782824400000,1551.81,1566.92,1549.16,1566.58,477991.061,1782827999999,744684690.10166,578044,249046.259,388078150.64699,2026-06-30 13:00:00
1782828000000,1566.58,1577.46,1560.55,1562.85,345138.991,1782831599999,541758045.29288,505265,173580.053,272488896.19295,2026-06-30 14:00:00
1782831600000,1562.85,1576.36,1556.51,1564.56,238749.206,1782835199999,373774655.54619,344377,126572.84,198178109.95075,2026-06-30 15:00:00
1782835200000,1564.56,1574.43,1561.21,1571.74,141130.761,1782838799999,221169934.15958,209421,76620.481,120097371.91295,2026-06-30 16:00:00
1782838800000,1571.74,1576.6,1567.8,1570.26,87916.643,1782842399999,138163318.42531,147053,37490.699,58930572.86363,2026-06-30 17:00:00
1782842400000,1570.26,1581.62,1568.85,1578.45,124605.291,1782845999999,196354873.04081,173870,67943.718,107087577.69147,2026-06-30 18:00:00
1782846000000,1578.45,1581.37,1574.86,1579.78,77573.341,1782849599999,122441487.15024,151026,39745.84,62738343.57011,2026-06-30 19:00:00
1782849600000,1579.77,1582.23,1572.35,1575.37,75951.505,1782853199999,119806775.39658,115168,35232.939,55580392.43529,2026-06-30 20:00:00
1782853200000,1575.36,1576.57,1568.81,1571.1,66951.048,1782856799999,105216900.69455,99757,28521.704,44824684.00599,2026-06-30 21:00:00
1782856800000,1571.1,1574.63,1565.82,1566.61,82208.122,1782860399999,128978566.9742,109734,35793.74,56169716.5965,2026-06-30 22:00:00
1782860400000,1566.61,1572.43,1565.29,1571.47,74598.124,1782863999999,117065213.83555,105044,44014.024,69077542.29677,2026-06-30 23:00:00
1782864000000,1571.48,1576.17,1565.3,1574.35,85846.826,1782867599999,134855485.74143,140484,42586.498,66911085.04343,2026-07-01 00:00:00
1782867600000,1574.36,1585.95,1552.03,1577.22,372787.881,1782871199999,585023287.89909,505388,185051.992,290709035.18713,2026-07-01 01:00:00
1782871200000,1577.21,1588.92,1573.68,1585.71,196266.416,1782874799999,310764935.45375,241701,109686.61,173689363.20482,2026-07-01 02:00:00
1782874800000,1585.72,1598.98,1581.68,1594.07,239208.85,1782878399999,380325016.27912,246706,123465.949,196358423.10817,2026-07-01 03:00:00
1782878400000,1594.08,1604.4,1590.06,1598.57,155440.852,1782881999999,248218282.67221,180772,82832.117,132297954.79485,2026-07-01 04:00:00
1782882000000,1598.57,1600.21,1590.49,1591.89,139435.389,1782885599999,222302973.70679,127393,58484.99,93233879.67244,2026-07-01 05:00:00
1782885600000,1591.89,1592.39,1570.43,1575.48,312922.323,1782889199999,493990588.01726,266939,149473.798,235908857.49175,2026-07-01 06:00:00
1782889200000,1575.48,1580.56,1571.49,1577.7,113951.028,1782892799999,179583589.98153,142843,62926.096,99177914.37762,2026-07-01 07:00:00
1782892800000,1577.71,1581.75,1567.49,1581.75,158305.852,1782896399999,249120447.16059,184049,84267.109,132633152.14956,2026-07-01 08:00:00
1782896400000,1581.74,1584.49,1577.71,1580.44,121400.74,1782899999999,191888648.64988,132159,61507.608,97221306.09484,2026-07-01 09:00:00
1782900000000,1580.44,1581.09,1571.03,1572.66,94388.983,1782903599999,148655903.8241,106275,39821.987,62717196.98335,2026-07-01 10:00:00
1782903600000,1572.67,1575.19,1565.94,1569.02,98885.875,1782907199999,155353482.57185,139993,41389.188,65034956.69153,2026-07-01 11:00:00
1782907200000,1569.02,1571.91,1564.17,1569.39,152690.222,1782910799999,239366815.26121,220047,77844.316,122048006.59503,2026-07-01 12:00:00
1782910800000,1569.4,1597.72,1569.02,1596.42,479078.37,1782914399999,758422586.17154,575433,269095.212,426038750.78353,2026-07-01 13:00:00
1782914400000,1596.42,1616.6,1590.35,1600.44,662228.674,1782917999999,1062250755.46143,657277,323080.375,518147504.2804,2026-07-01 14:00:00
1782918000000,1600.44,1630.72,1600.09,1619.26,555942.579,1782921599999,900326613.8525,486425,307268.038,497571351.76055,2026-07-01 15:00:00
1782921600000,1619.27,1628.65,1611.03,1613.86,228643.701,1782925199999,370067700.67051,236334,105372.64,170653102.99055,2026-07-01 16:00:00
1782925200000,1613.85,1624.32,1606.14,1622.1,210542.56,1782928799999,340151239.81551,234073,104757.505,169294001.15674,2026-07-01 17:00:00
1782928800000,1622.11,1623.73,1611.09,1615.7,143148.108,1782932399999,231542096.86341,185527,69662.724,112682505.95553,2026-07-01 18:00:00
1782932400000,1615.7,1623.36,1613.66,1617.14,101697.407,1782935999999,164589677.43991,156784,50512.804,81756438.35166,2026-07-01 19:00:00
1782936000000,1617.14,1619.83,1609.35,1617.11,119723.3,1782939599999,193232393.19572,149905,61271.374,98901576.3836,2026-07-01 20:00:00
1782939600000,1617.11,1638.4,1616.86,1631.19,226367.3,1782943199999,368493326.16992,219069,141971.057,231144788.90468,2026-07-01 21:00:00
1782943200000,1631.17,1645.86,1619.38,1620.98,314756.042,1782946799999,513814826.64304,329286,147855.442,241507083.77066,2026-07-01 22:00:00
1782946800000,1620.98,1620.98,1607.42,1608.87,156270.128,1782950399999,252119978.22304,207679,73859.201,119161148.75332,2026-07-01 23:00:00
1782950400000,1608.87,1609.07,1596.14,1602.71,202353.728,1782953999999,324276105.63115,241494,102854.518,164825084.32843,2026-07-02 00:00:00
1782954000000,1602.72,1624.65,1601.78,1619.88,203642.946,1782957599999,328566262.85124,233275,107937.609,174076366.26876,2026-07-02 01:00:00
1782957600000,1619.89,1623.88,1613.59,1620.0,116727.804,1782961199999,189051504.79754,177825,56754.676,91937164.56706,2026-07-02 02:00:00
1782961200000,1620.0,1643.47,1617.47,1638.85,308745.666,1782964799999,503575401.64603,297508,181170.266,295490170.89736,2026-07-02 03:00:00
1782964800000,1638.84,1639.4,1629.26,1632.14,130700.823,1782968399999,213528218.69924,149283,57343.446,93683306.70952,2026-07-02 04:00:00
1782968400000,1632.13,1634.39,1624.3,1625.97,96827.171,1782971999999,157714351.99724,125620,42379.324,69040254.78377,2026-07-02 05:00:00
1782972000000,1625.96,1629.22,1616.54,1618.23,145570.963,1782975599999,236246896.60353,158787,71794.077,116531991.01667,2026-07-02 06:00:00
1782975600000,1618.22,1619.19,1613.99,1615.56,144989.272,1782979199999,234316184.23786,139846,70081.334,113261964.96785,2026-07-02 07:00:00
1782979200000,1615.55,1625.5,1614.51,1624.24,167410.695,1782982799999,271283859.61072,150010,97240.606,157570632.57486,2026-07-02 08:00:00
1782982800000,1624.23,1652.0,1619.57,1642.63,552430.196,1782986399999,906169428.28467,427945,321426.188,527194141.85424,2026-07-02 09:00:00
1782986400000,1642.63,1648.84,1640.66,1645.41,200683.029,1782989999999,330115202.87643,231458,84787.362,139466682.0989,2026-07-02 10:00:00
1782990000000,1645.41,1654.36,1643.52,1649.41,270166.707,1782993599999,445261690.93505,251884,130712.95,215470609.13439,2026-07-02 11:00:00
1782993600000,1649.42,1670.0,1646.89,1661.97,487392.868,1782997199999,808499008.31911,503754,267009.186,442975038.18734,2026-07-02 12:00:00
1782997200000,1661.97,1713.89,1660.0,1710.16,1153757.159,1783000799999,1954659406.4841,942554,627720.781,1063475724.56381,2026-07-02 13:00:00
1783000800000,1710.17,1725.0,1692.0,1700.97,684333.446,1783004399999,1168382396.00604,806352,340340.708,581496987.94126,2026-07-02 14:00:00
1783004400000,1700.96,1702.94,1687.51,1696.32,245198.124,1783007999999,416037549.27947,370595,126173.076,214136586.87346,2026-07-02 15:00:00
1783008000000,1696.33,1703.86,1685.04,1698.91,257285.25,1783011599999,435890416.34785,340901,133263.081,225832070.7867,2026-07-02 16:00:00
1783011600000,1698.92,1704.69,1693.34,1694.97,128348.682,1783015199999,218075959.36712,219088,63100.883,107233367.19003,2026-07-02 17:00:00
1783015200000,1694.97,1706.49,1694.35,1701.35,90856.364,1783018799999,154585958.49671,141685,45110.218,76763890.00119,2026-07-02 18:00:00
1783018800000,1701.36,1704.96,1694.0,1699.42,115736.245,1783022399999,196721479.13721,154305,56327.272,95742201.1904,2026-07-02 19:00:00
1783022400000,1699.41,1706.0,1695.33,1704.84,99752.153,1783025999999,169679979.15805,100119,55995.971,95249454.16295,2026-07-02 20:00:00
1783026000000,1704.83,1705.29,1696.3,1699.38,91491.443,1783029599999,155668041.63184,64046,30995.249,52716971.75866,2026-07-02 21:00:00
1783029600000,1699.39,1700.4,1693.1,1696.01,56268.542,1783033199999,95464473.98002,62988,29457.93,49978724.97726,2026-07-02 22:00:00
1783033200000,1696.0,1701.36,1691.3,1699.9,66775.988,1783036799999,113258004.26777,97137,37253.919,63190099.21298,2026-07-02 23:00:00
1783036800000,1699.89,1702.48,1693.68,1696.01,68579.757,1783040399999,116467669.67395,143708,32046.993,54422749.1045,2026-07-03 00:00:00
1783040400000,1696.01,1718.39,1694.55,1711.53,238706.216,1783043999999,408337948.89323,305338,127159.214,217544881.68915,2026-07-03 01:00:00
1783044000000,1711.52,1714.59,1695.3,1704.06,155266.611,1783047599999,264631349.69173,216301,74511.16,126986212.09857,2026-07-03 02:00:00
1783047600000,1704.06,1711.44,1698.68,1705.61,104162.81,1783051199999,177743390.26915,135352,50015.05,85350616.07897,2026-07-03 03:00:00
1783051200000,1705.61,1707.99,1701.74,1702.56,50543.195,1783054799999,86153614.14839,90947,25263.595,43064354.7567,2026-07-03 04:00:00
1783054800000,1702.56,1721.78,1701.63,1714.17,144598.336,1783058399999,247771353.49127,185233,74351.666,127400931.32905,2026-07-03 05:00:00
1783058400000,1714.16,1720.85,1712.04,1715.32,109109.722,1783061999999,187264747.63083,149124,52077.501,89382817.74441,2026-07-03 06:00:00
1783062000000,1715.31,1721.97,1713.0,1717.0,101004.552,1783065599999,173476287.15317,115082,49513.082,85038328.55199,2026-07-03 07:00:00
1783065600000,1717.0,1737.34,1714.9,1719.1,317161.591,1783069199999,547280413.33485,274752,177232.856,305959996.13659,2026-07-03 08:00:00
1783069200000,1719.11,1731.0,1716.19,1725.63,175783.958,1783072799999,303206976.80313,198834,89910.552,155107794.90372,2026-07-03 09:00:00
1783072800000,1725.63,1748.67,1725.49,1741.51,398985.966,1783076399999,693915096.74951,367743,221000.907,384375604.15819,2026-07-03 10:00:00
1783076400000,1741.51,1747.65,1736.64,1741.66,176925.908,1783079999999,308176818.10181,229423,86914.776,151415470.69186,2026-07-03 11:00:00
1783080000000,1741.66,1744.4,1730.57,1735.66,176108.065,1783083599999,305692313.0174,198355,85750.019,148861701.94964,2026-07-03 12:00:00
1783083600000,1735.65,1753.36,1735.1,1747.4,265943.565,1783087199999,464096996.3088,276626,147749.145,257882772.14826,2026-07-03 13:00:00
1783087200000,1747.4,1747.41,1728.03,1736.51,274265.995,1783090799999,475905976.90367,320488,122325.058,212280118.9128,2026-07-03 14:00:00
1783090800000,1736.51,1745.52,1728.75,1730.37,261005.308,1783094399999,453083761.94971,287866,108964.673,189189387.9459,2026-07-03 15:00:00
1783094400000,1730.38,1734.79,1726.85,1732.87,100977.038,1783097999999,174793392.55855,130754,50478.836,87393478.8786,2026-07-03 16:00:00
1783098000000,1732.87,1741.41,1731.57,1737.53,125497.225,1783101599999,218003887.04834,125330,65396.164,113609033.33409,2026-07-03 17:00:00
1783101600000,1737.54,1740.5,1735.49,1738.09,50856.889,1783105199999,88377599.10822,81744,27114.673,47121489.86362,2026-07-03 18:00:00
1783105200000,1738.09,1752.97,1736.55,1744.78,236400.346,1783108799999,412652238.59746,184801,131518.737,229566249.3658,2026-07-03 19:00:00
1783108800000,1744.79,1773.78,1742.76,1765.43,396968.035,1783112399999,698983011.65315,387206,234473.243,412812018.91615,2026-07-03 20:00:00
1783112400000,1765.44,1775.5,1756.23,1762.87,168914.394,1783115999999,298123296.25558,222304,80315.858,141765590.37295,2026-07-03 21:00:00
1783116000000,1762.88,1763.33,1755.16,1756.87,64892.177,1783119599999,114096886.89939,109337,30658.975,53909716.19745,2026-07-03 22:00:00
1783119600000,1756.87,1761.42,1754.3,1757.41,48932.369,1783123199999,86024526.73515,86513,26836.297,47184793.74175,2026-07-03 23:00:00
1783123200000,1757.41,1763.39,1755.57,1758.01,77483.968,1783126799999,136320290.01048,116539,40697.79,71611329.91159,2026-07-04 00:00:00
1783126800000,1758.0,1758.01,1745.12,1747.13,146781.277,1783130399999,256742153.51275,168464,62326.706,109015847.58282,2026-07-04 01:00:00
1783130400000,1747.13,1750.58,1743.09,1748.64,66367.894,1783133999999,115956673.6708,83267,36951.896,64575682.73549,2026-07-04 02:00:00
1783134000000,1748.64,1755.97,1746.42,1753.14,79586.222,1783137599999,139401167.89246,96054,47558.096,83301846.26681,2026-07-04 03:00:00
1783137600000,1753.14,1763.99,1751.26,1760.99,96498.297,1783141199999,169581831.8353,129145,51545.97,90587239.34435,2026-07-04 04:00:00
1783141200000,1761.0,1761.0,1752.5,1755.32,72207.071,1783144799999,126786093.26571,92228,30349.502,53287163.5699,2026-07-04 05:00:00
1783144800000,1755.33,1760.93,1750.51,1753.98,76540.731,1783148399999,134339600.06178,98916,35333.469,62027699.88442,2026-07-04 06:00:00
1783148400000,1753.98,1758.99,1752.09,1757.42,64262.614,1783151999999,112821063.52818,81712,35009.846,61463260.81231,2026-07-04 07:00:00
1783152000000,1757.43,1765.42,1756.59,1761.61,93166.685,1783155599999,164050678.58906,108431,50580.088,89077736.51844,2026-07-04 08:00:00
1783155600000,1761.62,1762.42,1754.08,1757.33,62485.997,1783159199999,109844022.512,85902,28437.993,49986649.52816,2026-07-04 09:00:00
1783159200000,1757.33,1760.49,1756.22,1758.3,40411.821,1783162799999,71066980.56632,63867,20949.666,36841976.35563,2026-07-04 10:00:00
1783162800000,1758.3,1759.68,1755.37,1757.27,43424.04,1783166399999,76310583.31119,59488,18872.975,33166677.60537,2026-07-04 11:00:00
1783166400000,1757.28,1765.82,1757.27,1763.58,76379.721,1783169999999,134600776.90729,90306,38447.557,67759160.51701,2026-07-04 12:00:00
1783170000000,1763.58,1778.29,1760.67,1763.17,184192.233,1783173599999,325617826.96743,192379,98891.067,174913794.49649,2026-07-04 13:00:00
1783173600000,1763.18,1774.21,1763.02,1771.51,127491.611,1783177199999,225629181.47295,166922,67289.705,119085670.95083,2026-07-04 14:00:00
1783177200000,1771.52,1799.0,1771.46,1790.43,515978.581,1783180799999,923033904.71582,512076,276770.89,495073578.40676,2026-07-04 15:00:00
1783180800000,1790.44,1791.41,1782.38,1786.31,172544.631,1783184399999,308307545.51617,216043,82749.778,147877825.70005,2026-07-04 16:00:00
1783184400000,1786.3,1808.0,1778.08,1798.83,334074.346,1783187999999,599061155.61481,343488,183518.137,329231415.50767,2026-07-04 17:00:00
1783188000000,1798.84,1805.34,1791.0,1793.01,148635.655,1783191599999,267208277.57648,183653,71847.948,129178140.64301,2026-07-04 18:00:00
1783191600000,1793.02,1797.04,1787.53,1792.0,89100.442,1783195199999,159724952.04327,125410,44373.503,79555139.70939,2026-07-04 19:00:00
1783195200000,1792.0,1795.27,1782.8,1786.24,89403.581,1783198799999,159817915.1681,129013,40503.758,72410336.69215,2026-07-04 20:00:00
1783198800000,1786.23,1793.68,1785.36,1788.38,52605.231,1783202399999,94149752.20169,81601,27588.263,49381726.55966,2026-07-04 21:00:00
1783202400000,1788.37,1788.6,1781.33,1784.0,57535.467,1783205999999,102661279.72134,81781,24103.319,43012763.56245,2026-07-04 22:00:00
1783206000000,1784.0,1784.82,1770.88,1779.94,147981.372,1783209599999,262934130.69517,152156,64581.88,114781726.85512,2026-07-04 23:00:00
1783209600000,1779.94,1780.03,1767.9,1771.99,101254.877,1783213199999,179590168.33911,135934,43336.965,76877064.48297,2026-07-05 00:00:00
1783213200000,1772.0,1773.97,1760.17,1765.83,171267.122,1783216799999,302373626.06868,179794,75562.93,133411804.46897,2026-07-05 01:00:00
1783216800000,1765.83,1767.15,1756.04,1760.0,147502.023,1783220399999,259661205.56589,173229,74626.855,131384895.09157,2026-07-05 02:00:00
1783220400000,1760.01,1763.16,1756.71,1760.65,71471.185,1783223999999,125817208.98528,96609,35095.438,61781970.77404,2026-07-05 03:00:00
1783224000000,1760.65,1771.99,1759.21,1766.73,122239.131,1783227599999,215988714.56325,130781,70006.11,123690654.18514,2026-07-05 04:00:00
1783227600000,1766.72,1767.01,1759.13,1765.19,76696.721,1783231199999,135267028.04033,96025,35381.087,62405977.27543,2026-07-05 05:00:00
1783231200000,1765.19,1767.54,1761.02,1763.9,48452.882,1783234799999,85484346.06411,82471,24168.903,42644556.09177,2026-07-05 06:00:00
1783234800000,1763.91,1771.51,1761.0,1769.17,81940.689,1783238399999,144705012.79318,99235,47656.721,84167197.12668,2026-07-05 07:00:00
1783238400000,1769.18,1772.69,1765.64,1766.82,58182.87,1783241999999,102875913.84799,89958,25222.265,44601687.74378,2026-07-05 08:00:00
1783242000000,1766.82,1767.05,1747.27,1757.37,239393.499,1783245599999,420289530.46301,214784,102729.564,180353480.79634,2026-07-05 09:00:00
1783245600000,1757.37,1761.35,1754.28,1760.75,79158.546,1783249199999,139207630.15527,92602,41109.855,72301705.41422,2026-07-05 10:00:00
1783249200000,1760.75,1764.52,1758.04,1759.39,59973.989,1783252799999,105632981.78223,81868,28265.797,49792304.11266,2026-07-05 11:00:00
1783252800000,1759.39,1768.88,1755.15,1764.26,94792.848,1783256399999,167153430.61661,117108,51810.669,91373131.66555,2026-07-05 12:00:00
1783256400000,1764.26,1767.04,1760.52,1765.49,55689.186,1783259999999,98242696.16094,83448,32293.74,56975770.8392,2026-07-05 13:00:00
1783260000000,1765.48,1772.37,1764.0,1771.67,75655.636,1783263599999,133741297.10852,102108,43194.249,76369823.42936,2026-07-05 14:00:00
1783263600000,1771.67,1781.18,1769.44,1773.89,190031.804,1783267199999,337295150.27153,188258,98972.729,175711847.67534,2026-07-05 15:00:00
1783267200000,1773.88,1776.95,1769.46,1772.1,68426.233,1783270799999,121289344.3167,100029,31853.021,56476056.554,2026-07-05 16:00:00
1783270800000,1772.11,1786.11,1772.11,1778.53,150450.436,1783274399999,267756997.80631,152445,83902.153,149330653.57647,2026-07-05 17:00:00
1783274400000,1778.52,1786.35,1776.72,1780.32,70600.062,1783277999999,125724552.21397,95251,36468.006,64953705.76745,2026-07-05 18:00:00
1783278000000,1780.32,1783.83,1776.61,1780.67,47125.36,1783281599999,83913048.12543,80602,20154.863,35892722.88711,2026-07-05 19:00:00
1783281600000,1780.66,1782.9,1775.03,1776.43,45895.924,1783285199999,81601648.86123,64013,17636.518,31360292.26971,2026-07-05 20:00:00
1783285200000,1776.43,1792.99,1768.04,1786.11,192554.537,1783288799999,342685759.42374,182849,104381.748,185941515.72141,2026-07-05 21:00:00
1783288800000,1786.12,1807.77,1783.36,1789.3,334994.892,1783292399999,601232162.63295,389896,178945.966,321316195.25064,2026-07-05 22:00:00
1783292400000,1789.29,1802.17,1781.88,1785.07,168066.774,1783295999999,301189884.35325,235884,82062.256,147090822.27977,2026-07-05 23:00:00
1783296000000,1785.07,1793.79,1772.84,1792.67,200672.379,1783299599999,357871595.69923,292319,103603.86,184855208.40832,2026-07-06 00:00:00
1783299600000,1792.67,1798.4,1784.3,1785.43,127352.818,1783303199999,228100875.91687,252964,61268.081,109742927.05459,2026-07-06 01:00:00
1783303200000,1785.43,1789.69,1778.63,1782.88,106978.713,1783306799999,190765189.57469,188416,50283.542,89671977.83314,2026-07-06 02:00:00
1783306800000,1782.88,1784.48,1770.84,1778.92,140666.751,1783310399999,249944843.54241,193775,63009.594,111972856.03202,2026-07-06 03:00:00
1783310400000,1778.93,1785.06,1775.25,1777.03,81429.567,1783313999999,144936874.73189,124016,42043.133,74849295.14659,2026-07-06 04:00:00
1783314000000,1777.03,1777.52,1763.66,1773.42,191289.983,1783317599999,338693070.80275,212601,85626.759,151604581.41851,2026-07-06 05:00:00
1783317600000,1773.41,1774.72,1768.42,1768.75,92364.068,1783321199999,163623475.47804,112761,41836.794,74125094.96712,2026-07-06 06:00:00
1783321200000,1768.75,1774.83,1766.0,1771.42,98510.166,1783324799999,174453182.13571,117942,51611.06,91408492.63393,2026-07-06 07:00:00
1783324800000,1771.43,1777.96,1762.14,1764.97,133021.717,1783328399999,235245964.65285,147454,60022.493,106179702.16296,2026-07-06 08:00:00
1783328400000,1764.96,1765.38,1755.07,1757.93,172361.586,1783331999999,303276102.60868,155407,75698.619,133192184.34399,2026-07-06 09:00:00
1783332000000,1757.93,1773.55,1757.3,1770.22,155010.134,1783335599999,273895574.41644,152811,84065.479,148523138.50686,2026-07-06 10:00:00
1783335600000,1770.23,1774.77,1758.51,1758.51,141239.541,1783339199999,249697175.59578,152181,67392.458,119165978.97671,2026-07-06 11:00:00
1783339200000,1758.51,1760.0,1734.5,1740.11,792058.678,1783342799999,1381774598.71604,668507,362893.665,633073308.88594,2026-07-06 12:00:00
1783342800000,1740.11,1752.99,1728.3,1744.04,534960.274,1783346399999,930527446.1085,604256,268043.665,466266025.74153,2026-07-06 13:00:00
1783346400000,1744.03,1762.58,1741.08,1751.08,291509.347,1783349999999,510526889.45635,446657,157110.307,275216867.41373,2026-07-06 14:00:00
1783350000000,1751.09,1788.26,1750.77,1787.72,543835.414,1783353599999,963690442.21379,600885,298599.412,529228825.64511,2026-07-06 15:00:00
1783353600000,1787.72,1804.5,1781.53,1791.9,534001.807,1783357199999,958057535.6946,565340,257040.947,461194892.3017,2026-07-06 16:00:00
1783357200000,1791.9,1799.86,1786.53,1787.47,186681.712,1783360799999,334517367.69828,257002,92385.897,165610718.15787,2026-07-06 17:00:00
1783360800000,1787.48,1795.71,1785.87,1791.91,101292.987,1783364399999,181453894.58343,156915,48372.805,86658869.98535,2026-07-06 18:00:00
1783364400000,1791.91,1798.31,1790.4,1791.81,92408.107,1783367999999,165788006.06162,128978,39220.259,70373869.87329,2026-07-06 19:00:00
1783368000000,1791.82,1795.7,1786.46,1792.3,78702.959,1783371599999,140936722.87277,112451,36387.68,65154678.24633,2026-07-06 20:00:00
1783371600000,1792.3,1833.0,1791.62,1814.3,524612.163,1783375199999,953377164.42974,406114,294757.969,535667817.60525,2026-07-06 21:00:00
1783375200000,1814.29,1816.11,1803.48,1805.54,110605.183,1783378799999,200166812.80712,144437,48225.906,87266343.27948,2026-07-06 22:00:00
1783378800000,1805.54,1809.46,1796.59,1798.84,108816.882,1783382399999,196074240.28959,136665,49131.69,88547707.81262,2026-07-06 23:00:00
1783382400000,1798.84,1809.87,1793.96,1802.8,138621.326,1783385999999,249727076.13502,204641,73233.07,131943466.36704,2026-07-07 00:00:00
1783386000000,1802.79,1802.91,1786.59,1791.81,209545.124,1783389599999,375531195.73147,249664,98125.066,175851900.37447,2026-07-07 01:00:00
1783389600000,1791.81,1793.68,1775.98,1777.69,225309.063,1783393199999,401574185.96122,237880,95399.278,170006897.96932,2026-07-07 02:00:00
1783393200000,1777.69,1780.82,1766.8,1770.7,169873.785,1783396799999,301216646.18705,197998,72207.27,128061039.16923,2026-07-07 03:00:00
1783396800000,1770.7,1772.81,1761.59,1765.67,149319.8,1783400399999,263894730.93801,156332,67769.852,119787047.98727,2026-07-07 04:00:00
1783400400000,1765.67,1772.77,1756.62,1769.67,207822.349,1783403999999,366718743.61827,191992,112056.409,197795786.18817,2026-07-07 05:00:00
1783404000000,1769.68,1782.23,1763.91,1778.48,193789.402,1783407599999,343742153.95914,167533,111598.359,198017647.48084,2026-07-07 06:00:00
1783407600000,1778.47,1782.0,1770.23,1770.54,138978.615,1783411199999,246763365.3841,139046,59589.006,105814669.69712,2026-07-07 07:00:00
1783411200000,1770.54,1774.82,1767.29,1769.81,94199.815,1783414799999,166792666.65774,129056,44213.817,78290619.25162,2026-07-07 08:00:00
1783414800000,1769.81,1782.3,1767.78,1777.3,122548.196,1783418399999,217564722.20663,129631,68175.153,121047161.44088,2026-07-07 09:00:00
1783418400000,1777.3,1784.0,1773.28,1775.09,107963.999,1783421999999,192076096.22441,126744,51575.523,91774884.80095,2026-07-07 10:00:00
1783422000000,1775.09,1784.34,1770.9,1779.9,98831.317,1783425599999,175676013.41821,126814,55500.631,98672532.52946,2026-07-07 11:00:00
1783425600000,1779.91,1793.77,1779.51,1781.31,225156.682,1783429199999,402314702.40482,237524,111389.61,199059219.43265,2026-07-07 12:00:00
1783429200000,1781.31,1782.71,1765.19,1768.05,332651.56,1783432799999,589687155.95773,478536,160407.414,284358162.98818,2026-07-07 13:00:00
1783432800000,1768.04,1792.44,1760.01,1788.76,384496.091,1783436399999,682089433.0441,639825,194491.668,345160623.87113,2026-07-07 14:00:00
1783436400000,1788.77,1802.86,1782.25,1796.66,314489.988,1783439999999,563800932.22895,486819,157924.747,283163225.6079,2026-07-07 15:00:00
1783440000000,1796.67,1812.85,1791.39,1801.41,245275.824,1783443599999,441844035.90737,335253,128496.075,231553850.4228,2026-07-07 16:00:00
1783443600000,1801.41,1809.74,1797.53,1809.67,122834.896,1783447199999,221580472.14191,217625,57821.451,104327301.50757,2026-07-07 17:00:00
1783447200000,1809.68,1809.72,1785.01,1785.6,216154.218,1783450799999,388083315.71841,257344,84268.425,151287592.64368,2026-07-07 18:00:00
1783450800000,1785.59,1791.48,1771.02,1789.59,273477.734,1783454399999,487457093.12465,334410,141098.052,251573900.02125,2026-07-07 19:00:00
1783454400000,1789.59,1792.27,1780.43,1783.32,76133.929,1783457999999,135982827.00285,104272,30795.018,54997540.3987,2026-07-07 20:00:00
1783458000000,1783.31,1788.61,1770.0,1772.84,128846.906,1783461599999,228928229.64803,164408,57774.223,102658794.4557,2026-07-07 21:00:00
1783461600000,1772.85,1777.9,1764.5,1774.42,127308.499,1783465199999,225617509.73419,168790,70204.033,124453106.80342,2026-07-07 22:00:00
1783465200000,1774.42,1780.39,1767.49,1770.67,67268.671,1783468799999,119364898.53657,87712,34803.844,61770580.99859,2026-07-07 23:00:00
1783468800000,1770.67,1784.16,1769.03,1779.72,112270.274,1783472399999,199505239.46028,155255,57209.01,101649010.04387,2026-07-08 00:00:00
1783472400000,1779.72,1780.14,1748.62,1755.11,327636.286,1783475999999,576368086.20424,309854,134398.119,236352077.66794,2026-07-08 01:00:00
1783476000000,1755.1,1758.83,1740.4,1756.89,274999.143,1783479599999,481457847.2811,335713,140556.974,246155311.96684,2026-07-08 02:00:00
1783479600000,1756.9,1763.14,1748.29,1750.78,130497.805,1783483199999,229223888.18778,169953,60146.132,105699373.05439,2026-07-08 03:00:00
1783483200000,1750.78,1757.32,1748.34,1755.59,81671.963,1783486799999,143195276.39762,131952,44406.139,77869389.27442,2026-07-08 04:00:00
1783486800000,1755.58,1759.0,1749.72,1753.34,66645.393,1783490399999,116900840.48217,129214,35521.52,62313764.80026,2026-07-08 05:00:00
1783490400000,1753.34,1754.5,1745.51,1751.01,112465.241,1783493999999,196790636.91934,164248,53475.261,93581137.13363,2026-07-08 06:00:00
1783494000000,1751.0,1756.6,1744.3,1755.74,132273.195,1783497599999,231618527.68168,158232,71301.797,124862198.29396,2026-07-08 07:00:00
1783497600000,1755.74,1757.96,1724.31,1734.76,611429.527,1783501199999,1061138625.74273,617045,265572.264,460997739.3664,2026-07-08 08:00:00
1783501200000,1734.76,1740.45,1729.17,1735.3,166742.305,1783504799999,289361505.01044,243063,89065.06,154603084.18035,2026-07-08 09:00:00
1783504800000,1735.3,1741.78,1731.76,1738.67,92610.708,1783508399999,160923880.79214,132341,51659.355,89773553.75497,2026-07-08 10:00:00
1783508400000,1738.67,1751.14,1735.2,1747.36,203730.917,1783511999999,355379624.24095,206064,119778.801,208902087.94767,2026-07-08 11:00:00
1783512000000,1747.35,1750.68,1737.28,1737.79,156169.99,1783515599999,272427453.4653,175065,72144.654,125867171.38401,2026-07-08 12:00:00
1783515600000,1737.78,1743.59,1730.27,1736.98,251232.938,1783519199999,436420665.29255,391636,132580.725,230331318.30578,2026-07-08 13:00:00
1783519200000,1736.97,1740.32,1721.41,1728.88,357072.517,1783522799999,617744183.02143,481151,169472.18,293287293.981,2026-07-08 14:00:00
1783522800000,1728.88,1729.75,1712.45,1722.08,343509.355,1783526399999,590479273.36469,367708,156378.816,268796084.92394,2026-07-08 15:00:00
1783526400000,1722.08,1737.7,1722.07,1735.61,199680.196,1783529999999,345474888.59294,256944,105898.167,183241837.9304,2026-07-08 16:00:00
1783530000000,1735.6,1745.8,1729.93,1732.28,185717.322,1783533599999,322734779.13541,210618,88670.005,154104732.58917,2026-07-08 17:00:00
1783533600000,1732.28,1740.48,1729.16,1736.69,99780.734,1783537199999,173169377.94278,168937,48539.152,84240612.61528,2026-07-08 18:00:00
1783537200000,1736.69,1740.98,1732.54,1740.34,78366.898,1783540799999,136120403.89924,143877,45309.011,78706316.43473,2026-07-08 19:00:00
1783540800000,1740.35,1740.7,1733.73,1735.72,56921.808,1783544399999,98852156.94385,92034,24390.131,42357471.8901,2026-07-08 20:00:00
1783544400000,1735.73,1739.29,1730.52,1737.39,60531.167,1783547999999,105001558.3139,79064,31897.694,55334025.08455,2026-07-08 21:00:00
1783548000000,1737.39,1742.79,1735.8,1740.5,42270.393,1783551599999,73518773.07376,84007,25081.352,43624300.79994,2026-07-08 22:00:00
1783551600000,1740.51,1744.14,1737.84,1742.68,48627.352,1783555199999,84668607.54206,81169,24945.266,43437685.91479,2026-07-08 23:00:00
1783555200000,1742.67,1743.99,1736.17,1737.4,64154.783,1783558799999,111632669.71814,116761,28270.248,49194392.93451,2026-07-09 00:00:00
1783558800000,1737.4,1755.28,1728.84,1731.0,230257.352,1783562399999,401396324.49185,274820,122103.954,213029272.35642,2026-07-09 01:00:00
1783562400000,1731.0,1738.9,1722.66,1726.51,153531.372,1783565999999,265598901.14925,203526,79429.148,137436999.41753,2026-07-09 02:00:00
1783566000000,1726.52,1733.8,1720.53,1729.9,107848.289,1783569599999,186273066.25814,153503,54590.951,94302918.35439,2026-07-09 03:00:00
1783569600000,1729.89,1743.07,1729.41,1741.69,101113.883,1783573199999,175629544.86564,137650,55530.829,96467985.67877,2026-07-09 04:00:00
1783573200000,1741.68,1748.88,1736.72,1748.69,144342.853,1783576799999,251615987.30216,173714,79464.232,138567166.49836,2026-07-09 05:00:00
1783576800000,1748.69,1754.96,1745.02,1754.51,175090.578,1783580399999,306617544.27689,189480,93426.331,163616563.17777,2026-07-09 06:00:00
1783580400000,1754.51,1762.52,1749.9,1752.47,190376.629,1783583999999,334082752.72587,207388,97082.124,170422505.89319,2026-07-09 07:00:00
1783584000000,1752.47,1758.3,1750.0,1753.56,87934.135,1783587599999,154282564.3687,117735,47315.673,83021059.73401,2026-07-09 08:00:00
1783587600000,1753.56,1755.76,1748.54,1755.0,75066.316,1783591199999,131517455.18249,103526,32403.862,56780865.83366,2026-07-09 09:00:00
1783591200000,1755.0,1756.77,1743.18,1745.46,93539.349,1783594799999,163595623.23771,109864,39464.218,69025288.00561,2026-07-09 10:00:00
1783594800000,1745.47,1747.79,1740.26,1743.17,105606.403,1783598399999,184102146.60562,131766,49430.463,86179982.12518,2026-07-09 11:00:00
1783598400000,1743.18,1746.68,1733.98,1740.79,253882.246,1783601999999,441790597.49364,292177,121835.627,212021729.66822,2026-07-09 12:00:00
1783602000000,1740.79,1751.52,1735.0,1746.33,227508.746,1783605599999,396660735.20159,395829,123574.907,215452165.3527,2026-07-09 13:00:00
1783605600000,1746.34,1749.26,1732.49,1742.42,220930.513,1783609199999,384154732.65321,368663,106948.642,186002216.13578,2026-07-09 14:00:00
1783609200000,1742.42,1748.56,1736.53,1738.61,125545.301,1783612799999,218811454.96083,216932,59831.772,104296122.63262,2026-07-09 15:00:00
1783612800000,1738.61,1743.0,1731.1,1738.2,120013.986,1783616399999,208374398.10784,172883,59058.148,102554183.04168,2026-07-09 16:00:00
1783616400000,1738.21,1751.83,1737.62,1747.76,133903.59,1783619999999,233766272.77833,159221,76217.525,133073756.46676,2026-07-09 17:00:00
1783620000000,1747.75,1759.65,1746.53,1750.7,202110.508,1783623599999,354350192.12956,227278,102884.478,180395395.63146,2026-07-09 18:00:00
1783623600000,1750.71,1752.44,1746.0,1747.81,63471.586,1783627199999,110998284.22853,114044,32154.568,56237550.33952,2026-07-09 19:00:00
1783627200000,1747.81,1749.69,1744.05,1747.94,55648.37,1783630799999,97206144.60829,83679,25610.065,44739191.88388,2026-07-09 20:00:00
1783630800000,1747.94,1750.35,1744.25,1747.41,30669.938,1783634399999,53582505.73332,56879,15029.859,26260413.0536,2026-07-09 21:00:00
1783634400000,1747.41,1750.37,1745.33,1746.6,34255.213,1783637999999,59880762.55264,78183,17463.468,30529493.86831,2026-07-09 22:00:00
1783638000000,1746.6,1748.31,1740.65,1744.25,55442.517,1783641599999,96717884.09287,92758,23390.752,40806509.44659,2026-07-09 23:00:00
1783641600000,1744.26,1745.86,1736.61,1742.25,92111.596,1783645199999,160344292.02676,155271,47790.931,83212177.22864,2026-07-10 00:00:00
1783645200000,1742.26,1776.97,1737.24,1767.0,318335.948,1783648799999,561293053.6883,345048,171511.829,302241646.51653,2026-07-10 01:00:00
1783648800000,1767.0,1774.43,1763.73,1772.11,170125.132,1783652399999,300827576.73398,236724,88325.004,156204452.25938,2026-07-10 02:00:00
1783652400000,1772.11,1779.38,1768.44,1775.41,122953.746,1783655999999,218070370.58502,140792,65553.749,116288388.19371,2026-07-10 03:00:00
1783656000000,1775.4,1779.91,1770.94,1773.9,102227.956,1783659599999,181548351.31153,117795,46444.005,82486499.78537,2026-07-10 04:00:00
1783659600000,1773.89,1779.35,1771.51,1778.16,99294.613,1783663199999,176305516.39261,107485,47489.958,84318760.91268,2026-07-10 05:00:00
1783663200000,1778.15,1779.21,1768.29,1770.28,136932.596,1783666799999,242661095.72013,106174,58940.142,104451504.73576,2026-07-10 06:00:00
1783666800000,1770.28,1776.74,1767.71,1772.5,76782.173,1783670399999,136055741.24994,75155,36055.629,63891336.74629,2026-07-10 07:00:00
1783670400000,1772.5,1788.97,1771.66,1783.21,213994.433,1783673999999,381617658.89943,212705,117129.856,208861286.25848,2026-07-10 08:00:00
1783674000000,1783.21,1794.2,1780.3,1791.85,163472.492,1783677599999,292425716.3438,183823,88233.227,157866229.74069,2026-07-10 09:00:00
1783677600000,1791.85,1803.24,1788.62,1796.07,195020.148,1783681199999,350345431.69986,193015,101609.328,182582528.08789,2026-07-10 10:00:00
1783681200000,1796.07,1801.75,1793.48,1800.64,130841.523,1783684799999,235253424.81554,128238,64672.586,116290893.82704,2026-07-10 11:00:00
1783684800000,1800.63,1806.82,1791.84,1793.17,172959.881,1783688399999,311205472.25806,174968,78225.374,140806528.65341,2026-07-10 12:00:00
1783688400000,1793.16,1811.23,1792.65,1803.06,215136.183,1783691999999,387546471.6593,298001,115575.971,208232410.26067,2026-07-10 13:00:00
1783692000000,1803.06,1803.98,1774.83,1784.26,410527.982,1783695599999,733444879.73708,468413,196268.858,350706454.37762,2026-07-10 14:00:00
1783695600000,1784.27,1796.1,1783.07,1790.49,148257.581,1783699199999,265337698.4298,210998,78614.607,140701848.56104,2026-07-10 15:00:00
1783699200000,1790.48,1798.86,1785.01,1796.66,111067.695,1783702799999,198993905.43837,165713,55589.956,99617422.09946,2026-07-10 16:00:00
1783702800000,1796.66,1798.37,1787.35,1787.44,98704.909,1783706399999,176868736.43454,132138,45637.271,81779900.92449,2026-07-10 17:00:00
1783706400000,1787.45,1793.07,1779.35,1784.17,102477.118,1783709999999,183061229.28526,112044,44433.046,79404410.16881,2026-07-10 18:00:00
1783710000000,1784.17,1796.43,1783.43,1791.85,116523.012,1783713599999,208749558.97429,119088,59593.177,106743501.39519,2026-07-10 19:00:00
1783713600000,1791.85,1793.64,1788.57,1789.28,63776.236,1783717199999,114225780.43735,75671,32857.303,58850878.82967,2026-07-10 20:00:00
1783717200000,1789.28,1796.17,1788.88,1793.51,44132.192,1783720799999,79106432.36872,63507,24739.892,44343003.18687,2026-07-10 21:00:00
1783720800000,1793.5,1795.9,1792.08,1794.28,33810.624,1783724399999,60656318.67275,61542,17652.951,31669608.13816,2026-07-10 22:00:00
1783724400000,1794.28,1797.4,1791.56,1796.03,44583.348,1783727999999,80023604.41218,65705,23442.292,42078561.98157,2026-07-10 23:00:00
1783728000000,1796.03,1796.36,1788.7,1792.57,46189.432,1783731599999,82778650.08785,67343,18306.624,32812309.45519,2026-07-11 00:00:00
1783731600000,1792.57,1798.86,1787.68,1788.22,75871.175,1783735199999,135989397.93558,103309,38822.068,69584153.68477,2026-07-11 01:00:00
1783735200000,1788.22,1795.42,1785.0,1794.93,55912.84,1783738799999,100133399.15269,74995,27454.912,49185094.53847,2026-07-11 02:00:00
1783738800000,1794.93,1797.63,1791.66,1795.65,47476.969,1783742399999,85244464.76812,66696,23997.283,43092413.06491,2026-07-11 03:00:00
1783742400000,1795.66,1799.91,1794.5,1795.84,36641.0,1783745999999,65832399.10358,55000,18216.687,32734255.18154,2026-07-11 04:00:00
1783746000000,1795.85,1802.59,1794.28,1798.6,57749.729,1783749599999,103855709.10325,65069,30981.792,55723188.22261,2026-07-11 05:00:00
1783749600000,1798.61,1802.76,1793.84,1798.4,65402.783,1783753199999,117659043.02189,72633,30719.467,55270650.81433,2026-07-11 06:00:00
1783753200000,1798.39,1801.18,1797.28,1799.07,41216.605,1783756799999,74158913.98365,47969,20916.873,37635846.4309,2026-07-11 07:00:00
1783756800000,1799.07,1802.99,1798.57,1800.72,36661.448,1783760399999,66019071.36972,45168,19871.059,35784490.93987,2026-07-11 08:00:00
1783760400000,1800.72,1801.89,1794.24,1794.75,49523.828,1783763999999,89035017.55163,61721,21438.121,38543127.24512,2026-07-11 09:00:00
1783764000000,1794.75,1798.61,1794.51,1797.63,42177.645,1783767599999,75782605.42745,44977,18148.815,32607080.36741,2026-07-11 10:00:00
1783767600000,1797.62,1800.13,1796.39,1799.6,32935.206,1783771199999,59227719.31238,36501,15405.033,27706396.3732,2026-07-11 11:00:00
1783771200000,1799.6,1800.78,1797.52,1799.44,26544.918,1783774799999,47759390.39829,36490,11611.975,20892935.93302,2026-07-11 12:00:00
1783774800000,1799.44,1808.0,1798.17,1801.97,83084.515,1783778399999,149779688.10598,78492,45068.344,81255190.91827,2026-07-11 13:00:00
1783778400000,1801.96,1818.9,1801.63,1809.81,238466.637,1783781999999,431777463.97011,198704,135425.941,245219811.92807,2026-07-11 14:00:00
1783782000000,1809.81,1827.8,1807.7,1814.12,411667.16,1783785599999,748340567.99491,379584,216044.133,392803618.73003,2026-07-11 15:00:00
1783785600000,1814.11,1823.49,1809.7,1822.45,164602.489,1783789199999,299076990.56211,203011,85765.062,155855261.18634,2026-07-11 16:00:00
1783789200000,1822.45,1829.52,1817.41,1823.76,123369.714,1783792799999,225041682.79035,137611,63238.01,115385401.37462,2026-07-11 17:00:00
1783792800000,1823.77,1829.41,1822.85,1825.33,92267.669,1783796399999,168452627.00642,99036,38857.474,70947334.71897,2026-07-11 18:00:00
1783796400000,1825.33,1826.43,1818.5,1823.72,79313.988,1783799999999,144493667.14696,81604,35922.53,65445123.88325,2026-07-11 19:00:00
1783800000000,1823.72,1827.9,1823.17,1825.32,37934.714,1783803599999,69241191.72776,49848,16604.4,30308728.93197,2026-07-11 20:00:00
1783803600000,1825.32,1828.53,1821.84,1823.03,38677.149,1783807199999,70591392.56485,51232,17883.752,32641669.51353,2026-07-11 21:00:00
1783807200000,1823.03,1823.41,1808.0,1812.88,147665.654,1783810799999,267887889.39406,140214,55055.579,99890597.15296,2026-07-11 22:00:00
1783810800000,1812.88,1814.96,1785.01,1786.7,330316.259,1783814399999,593264255.71325,335435,146182.449,262613989.25566,2026-07-11 23:00:00
1783814400000,1786.69,1790.48,1778.26,1788.23,227246.213,1783817999999,405656455.09135,253292,114216.006,203937857.77958,2026-07-12 00:00:00
1783818000000,1788.23,1807.73,1787.23,1805.85,203998.445,1783821599999,367187669.41661,222203,117949.354,212251400.42677,2026-07-12 01:00:00
1783821600000,1805.86,1806.74,1802.14,1804.19,64582.632,1783825199999,116527549.49079,97011,28417.545,51276243.81754,2026-07-12 02:00:00
1783825200000,1804.18,1814.58,1801.25,1810.83,103180.899,1783828799999,186620944.337,113427,57788.107,104546969.66558,2026-07-12 03:00:00
1783828800000,1810.84,1811.85,1803.21,1805.06,77414.983,1783832399999,139901402.24954,89763,29623.028,53533779.44458,2026-07-12 04:00:00
1783832400000,1805.07,1806.46,1800.27,1802.29,54935.447,1783835999999,99038490.49695,63626,24463.027,44102937.20407,2026-07-12 05:00:00
1783836000000,1802.3,1802.3,1788.12,1794.27,161491.626,1783839599999,289721184.48742,175114,69001.434,123765728.35322,2026-07-12 06:00:00
1783839600000,1794.27,1798.3,1793.31,1797.98,56777.789,1783843199999,102001563.44862,63364,27980.484,50266920.93782,2026-07-12 07:00:00
1783843200000,1797.97,1808.3,1797.8,1804.28,107173.25,1783846799999,193327464.09732,110517,55858.364,100753306.77958,2026-07-12 08:00:00
1783846800000,1804.29,1805.0,1795.4,1801.58,84276.122,1783850399999,151709536.21664,86403,40048.715,72098798.32833,2026-07-12 09:00:00
1783850400000,1801.57,1801.92,1798.09,1798.66,65912.576,1783853999999,118636888.70262,66309,34612.522,62302340.12742,2026-07-12 10:00:00
1783854000000,1798.66,1805.98,1795.51,1802.99,72809.604,1783857599999,131191488.85597,81923,37806.408,68137840.44965,2026-07-12 11:00:00
1783857600000,1802.99,1808.9,1802.16,1806.17,63817.964,1783861199999,115225042.5935,82559,34768.127,62779072.02074,2026-07-12 12:00:00
1783861200000,1806.16,1808.93,1804.42,1805.03,41315.966,1783864799999,74638921.27671,65627,19634.465,35473063.31808,2026-07-12 13:00:00
1783864800000,1805.02,1823.32,1803.07,1818.73,155110.269,1783868399999,281396078.44134,146050,91274.989,165621563.14572,2026-07-12 14:00:00
1783868400000,1818.72,1826.2,1815.66,1819.95,218738.211,1783871999999,398401062.45423,194312,111245.687,202662394.56955,2026-07-12 15:00:00
1783872000000,1819.95,1823.43,1816.38,1820.85,99900.339,1783875599999,181803757.65217,113233,48159.396,87649384.53078,2026-07-12 16:00:00
1783875600000,1820.85,1821.46,1813.69,1817.43,60264.619,1783879199999,109566235.07781,71377,24313.44,44204903.78958,2026-07-12 17:00:00
1783879200000,1817.43,1821.74,1814.28,1820.78,60413.099,1783882799999,109836520.59297,72334,29630.465,53874499.57364,2026-07-12 18:00:00
1783882800000,1820.78,1822.72,1817.68,1820.58,32218.616,1783886399999,58650801.76774,48307,15840.72,28838578.75737,2026-07-12 19:00:00
1783886400000,1820.57,1823.4,1817.87,1820.42,31019.184,1783889999999,56469989.66641,46734,15502.817,28221186.45343,2026-07-12 20:00:00
1783890000000,1820.41,1822.73,1810.5,1811.53,77060.724,1783893599999,139822742.78449,92309,30336.191,55044887.01064,2026-07-12 21:00:00
1783893600000,1811.53,1811.53,1796.5,1804.03,212527.899,1783897199999,382933916.28315,263407,111009.517,200008203.6869,2026-07-12 22:00:00
1783897200000,1804.02,1808.49,1800.02,1805.92,79490.6,1783900799999,143441385.70696,125521,46931.005,84691783.64509,2026-07-12 23:00:00
1783900800000,1805.92,1848.0,1803.31,1825.6,718791.494,1783904399999,1313118882.16915,772192,374162.495,683866305.63322,2026-07-13 00:00:00
1783904400000,1825.6,1829.34,1804.42,1805.74,298120.948,1783907999999,541447676.92806,434690,130250.005,236584518.40062,2026-07-13 01:00:00
1783908000000,1805.74,1814.52,1798.0,1806.12,245929.477,1783911599999,444140635.15246,327447,122912.422,222051705.26292,2026-07-13 02:00:00
1783911600000,1806.12,1806.13,1773.46,1779.76,552099.158,1783915199999,986403611.15887,509841,252508.71,451077927.6055,2026-07-13 03:00:00
1783915200000,1779.77,1784.34,1775.28,1777.92,138380.551,1783918799999,246286171.31477,175309,70285.183,125105395.32552,2026-07-13 04:00:00
1783918800000,1777.93,1785.72,1772.0,1780.87,197347.004,1783922399999,351258938.91865,225000,94298.076,167910085.84217,2026-07-13 05:00:00
1783922400000,1780.87,1782.78,1775.0,1776.96,91892.75,1783925999999,163363146.76885,139130,45723.004,81290130.729,2026-07-13 06:00:00
1783926000000,1776.96,1790.5,1775.29,1786.74,157925.382,1783929599999,281781605.42467,154997,83903.096,149706346.02716,2026-07-13 07:00:00
1783929600000,1786.74,1792.49,1782.82,1789.21,108396.892,1783933199999,193737662.11172,138163,50107.376,89560327.08965,2026-07-13 08:00:00
1783933200000,1789.2,1789.57,1783.86,1784.8,60513.477,1783936799999,108098686.42563,73972,25212.511,45035339.34029,2026-07-13 09:00:00
1783936800000,1784.8,1785.9,1776.01,1778.75,106773.047,1783940399999,190144491.03628,127111,45057.702,80247004.73358,2026-07-13 10:00:00
1783940400000,1778.75,1783.92,1778.75,1779.9,72372.725,1783943999999,128935456.631,103214,37361.311,66558917.12408,2026-07-13 11:00:00
1783944000000,1779.9,1782.77,1766.06,1771.35,292896.204,1783947599999,519452757.67517,252678,136287.557,241760058.01225,2026-07-13 12:00:00
1783947600000,1771.34,1775.65,1761.86,1770.61,285759.134,1783951199999,505282480.10385,360146,149150.024,263730588.54079,2026-07-13 13:00:00
1783951200000,1770.61,1781.42,1761.63,1780.94,333068.149,1783954799999,590035160.72712,420126,163323.249,289477409.777,2026-07-13 14:00:00
1783954800000,1780.94,1785.97,1773.99,1775.9,149011.242,1783958399999,265175671.98706,201687,69581.358,123842520.17293,2026-07-13 15:00:00
1783958400000,1775.9,1780.2,1766.19,1771.05,163182.685,1783961999999,289260506.87153,203540,80280.085,142318330.66043,2026-07-13 16:00:00
1783962000000,1771.05,1775.37,1751.72,1752.69,304477.019,1783965599999,536535336.94048,285976,135134.866,238237046.83078,2026-07-13 17:00:00
1783965600000,1752.7,1766.69,1748.0,1763.99,227640.586,1783969199999,399834844.68784,248244,124657.117,219038819.0621,2026-07-13 18:00:00
1783969200000,1764.0,1774.33,1763.54,1773.86,103180.805,1783972799999,182465448.5427,137168,50637.533,89555318.82788,2026-07-13 19:00:00
1783972800000,1773.86,1776.44,1760.57,1766.25,119963.474,1783976399999,212145398.53065,134391,51360.166,90822377.66574,2026-07-13 20:00:00
1783976400000,1766.25,1766.36,1751.42,1760.8,100909.891,1783979999999,177389870.8587,129323,45336.437,79700532.83484,2026-07-13 21:00:00
1783980000000,1760.8,1767.73,1755.55,1757.43,92520.129,1783983599999,163084707.29498,129062,41558.521,73282470.84704,2026-07-13 22:00:00
1783983600000,1757.43,1777.73,1755.57,1776.0,162091.126,1783987199999,286773709.01975,167177,98286.689,173892109.8903,2026-07-13 23:00:00
1783987200000,1776.0,1788.26,1772.52,1785.24,183992.562,1783990799999,327541325.36985,259386,112442.891,200186988.56133,2026-07-14 00:00:00
1783990800000,1785.24,1793.9,1782.3,1783.96,175005.015,1783994399999,312779903.6879,192448,85444.893,152718258.77692,2026-07-14 01:00:00
1783994400000,1783.97,1788.08,1774.15,1781.84,135108.08,1783997999999,240617897.94888,157245,67669.611,120543263.38001,2026-07-14 02:00:00
1783998000000,1781.85,1783.43,1773.55,1782.99,69652.465,1784001599999,123876975.54463,118681,34872.201,62028091.26939,2026-07-14 03:00:00
1784001600000,1783.0,1788.92,1781.51,1784.9,108078.013,1784005199999,192984118.47251,121775,58393.078,104269587.13001,2026-07-14 04:00:00
1784005200000,1784.91,1792.77,1783.56,1786.24,108072.671,1784008799999,193289462.36025,124458,56688.331,101395363.18207,2026-07-14 05:00:00
1784008800000,1786.24,1786.77,1781.02,1782.49,45440.094,1784012399999,81082225.87137,73036,20061.822,35804300.67105,2026-07-14 06:00:00
1784012400000,1782.5,1785.89,1778.4,1780.0,84010.615,1784015999999,149663505.98953,112305,39888.7,71067304.45755,2026-07-14 07:00:00
1784016000000,1780.0,1788.87,1777.61,1785.11,81962.488,1784019599999,146202594.31343,117446,42766.528,76301637.7078,2026-07-14 08:00:00
1784019600000,1785.11,1788.83,1781.89,1785.29,80816.31,1784023199999,144317296.15477,95284,41838.436,74706268.34388,2026-07-14 09:00:00
1784023200000,1785.29,1804.53,1785.2,1799.56,331111.96,1784026799999,594311479.67778,226794,212251.081,381075596.2589,2026-07-14 10:00:00
1784026800000,1799.57,1802.22,1794.8,1797.04,134019.274,1784030399999,240950843.31417,133384,66199.606,119025762.60918,2026-07-14 11:00:00
1784030400000,1797.03,1866.94,1793.34,1860.7,1155555.388,1784033999999,2115048217.53317,920797,651971.566,1193575849.4893,2026-07-14 12:00:00
1784034000000,1860.7,1882.65,1854.01,1870.52,813617.172,1784037599999,1520583813.01713,875559,383948.631,717670998.74889,2026-07-14 13:00:00
1784037600000,1870.52,1884.06,1858.33,1880.17,396920.832,1784041199999,741483742.596,448992,201388.722,376381009.04238,2026-07-14 14:00:00
1784041200000,1880.17,1887.99,1871.53,1874.38,344609.367,1784044799999,647582911.72247,419882,164163.205,308591111.34278,2026-07-14 15:00:00
1784044800000,1874.37,1876.59,1867.6,1873.03,161500.243,1784048399999,302464464.37153,208640,81953.404,153501852.01889,2026-07-14 16:00:00
1784048400000,1873.03,1873.04,1860.0,1870.87,175099.035,1784051999999,326858092.58685,206742,80164.173,149663649.5893,2026-07-14 17:00:00
1784052000000,1870.87,1876.2,1867.36,1873.9,77000.267,1784055599999,144120206.87809,131944,38125.467,71363071.34632,2026-07-14 18:00:00
1784055600000,1873.91,1881.09,1873.5,1875.86,99378.136,1784059199999,186522589.80396,141033,47913.436,89942565.2139,2026-07-14 19:00:00
1784059200000,1875.85,1877.69,1873.07,1874.62,55854.905,1784062799999,104724402.78183,73992,26649.114,49966278.17042,2026-07-14 20:00:00
1784062800000,1874.61,1879.0,1873.43,1875.44,62282.132,1784066399999,116865956.59075,78837,33240.06,62371839.63941,2026-07-14 21:00:00
1784066400000,1875.44,1896.86,1871.07,1881.09,332420.416,1784069999999,626763976.28957,261079,193480.616,364837525.51248,2026-07-14 22:00:00
1784070000000,1881.09,1892.49,1877.72,1891.12,98957.643,1784073599999,186635246.97961,143324,52049.88,98184762.35471,2026-07-14 23:00:00
1784073600000,1891.12,1892.5,1877.02,1880.71,139598.737,1784077199999,262804627.78461,170479,64745.296,121877652.30251,2026-07-15 00:00:00
1784077200000,1880.7,1881.24,1865.59,1869.33,164176.284,1784080799999,307250261.38677,171226,64560.653,120833942.06942,2026-07-15 01:00:00
1784080800000,1869.34,1872.36,1863.32,1863.62,89162.98,1784084399999,166457145.57563,120436,42284.345,78949260.39418,2026-07-15 02:00:00
1784084400000,1863.63,1878.33,1863.5,1875.32,116310.434,1784087999999,217671709.54207,126571,66385.083,124224891.09311,2026-07-15 03:00:00
1784088000000,1875.31,1879.85,1872.38,1875.65,73548.757,1784091599999,138003809.88202,102235,37467.711,70308411.09578,2026-07-15 04:00:00
1784091600000,1875.65,1882.86,1870.53,1881.71,89876.568,1784095199999,168566307.73787,118920,44540.112,83554899.18643,2026-07-15 05:00:00
1784095200000,1881.72,1891.54,1874.16,1874.82,243302.098,1784098799999,458572724.16458,234518,124877.508,235450449.12298,2026-07-15 06:00:00
1784098800000,1874.81,1876.37,1863.57,1869.13,198028.788,1784102399999,370203026.49233,172012,100834.347,188520847.809,2026-07-15 07:00:00
1784102400000,1869.13,1878.9,1869.08,1878.29,91108.831,1784105999999,170785988.70624,111915,48971.482,91804280.71674,2026-07-15 08:00:00
1784106000000,1878.3,1885.66,1878.09,1879.08,120807.873,1784109599999,227283237.25262,129493,59002.414,111005411.54549,2026-07-15 09:00:00
1784109600000,1879.08,1885.63,1874.0,1877.17,91050.265,1784113199999,171118996.06864,119508,46275.972,86968059.94044,2026-07-15 10:00:00
1784113200000,1877.17,1885.0,1876.51,1883.64,78897.15,1784116799999,148387994.09396,96129,41808.208,78641984.27882,2026-07-15 11:00:00
1784116800000,1883.63,1929.75,1878.47,1926.73,730267.548,1784120399999,1392166107.13953,535867,402091.311,766966742.31027,2026-07-15 12:00:00
1784120400000,1926.73,1946.75,1916.4,1924.7,911972.327,1784123999999,1763310131.09962,840451,480134.402,928472289.98436,2026-07-15 13:00:00
1784124000000,1924.7,1934.87,1918.16,1932.48,339456.697,1784127599999,654551311.31118,493458,168922.359,325752514.85265,2026-07-15 14:00:00
1784127600000,1932.48,1938.0,1924.67,1930.97,208421.589,1784131199999,402640431.40307,290859,103397.053,199761557.63336,2026-07-15 15:00:00
1784131200000,1930.97,1932.09,1903.37,1918.82,381316.986,1784134799999,730414602.96937,417249,192962.683,369668488.7497,2026-07-15 16:00:00
1784134800000,1918.83,1930.8,1918.52,1927.18,153939.536,1784138399999,296102492.24437,211441,76553.666,147268313.69897,2026-07-15 17:00:00
1784138400000,1927.19,1936.51,1921.88,1923.82,168983.458,1784141999999,326161833.15761,192954,74585.566,143986402.80019,2026-07-15 18:00:00
1784142000000,1923.81,1928.47,1918.2,1923.2,106273.02,1784145599999,204430406.28464,159606,57117.656,109878995.00777,2026-07-15 19:00:00
1784145600000,1923.2,1930.0,1918.64,1922.65,63674.742,1784149199999,122504105.9274,91652,32360.198,62267019.23585,2026-07-15 20:00:00
1784149200000,1922.66,1924.99,1918.67,1921.29,35622.004,1784152799999,68451132.57941,71176,16875.488,32427324.85308,2026-07-15 21:00:00
1784152800000,1921.28,1927.34,1917.3,1922.46,73439.195,1784156399999,141190570.67089,114747,38148.374,73351335.04004,2026-07-15 22:00:00
1784156400000,1922.47,1926.28,1913.91,1916.91,83112.091,1784159999999,159434449.7401,120042,38406.59,73690082.1768,2026-07-15 23:00:00
1784160000000,1916.91,1924.2,1910.74,1914.06,143655.46,1784163599999,275256516.36406,201681,67695.429,129730075.84457,2026-07-16 00:00:00
1784163600000,1914.06,1925.41,1907.07,1921.84,118183.869,1784167199999,226422269.56833,179368,55971.371,107262892.96719,2026-07-16 01:00:00
1784167200000,1921.85,1925.98,1917.91,1924.44,62791.215,1784170799999,120675302.90551,110028,28647.558,55066596.46227,2026-07-16 02:00:00
1784170800000,1924.44,1928.34,1916.05,1917.94,98269.13,1784174399999,188931455.03464,120485,43911.54,84444857.01795,2026-07-16 03:00:00
1784174400000,1917.94,1920.13,1912.74,1917.63,71545.616,1784177999999,137172793.07239,93573,36938.748,70824827.80609,2026-07-16 04:00:00
1784178000000,1917.63,1926.98,1916.31,1924.79,89924.728,1784181599999,172924991.89661,128074,49478.587,95147596.56708,2026-07-16 05:00:00
1784181600000,1924.8,1928.69,1914.5,1921.88,109124.593,1784185199999,209650189.40091,130272,48787.815,93733873.85221,2026-07-16 06:00:00
1784185200000,1921.89,1921.89,1904.05,1909.91,220213.814,1784188799999,420689975.75688,197167,98876.925,188847518.91833,2026-07-16 07:00:00
1784188800000,1909.91,1912.19,1873.63,1885.3,795192.497,1784192399999,1501814027.92371,546655,365841.927,690784182.2217,2026-07-16 08:00:00
1784192400000,1885.3,1888.4,1879.07,1883.63,145445.726,1784195999999,274087490.92679,152722,72883.706,137366274.11408,2026-07-16 09:00:00
1784196000000,1883.63,1890.88,1882.76,1887.57,116163.297,1784199599999,219200720.07463,115128,67170.485,126750343.15072,2026-07-16 10:00:00
1784199600000,1887.57,1887.61,1878.1,1884.15,142383.74,1784203199999,268170146.63259,146586,66145.081,124594439.82706,2026-07-16 11:00:00
1784203200000,1884.15,1884.23,1866.53,1871.73,296731.843,1784206799999,556234761.84118,268988,131351.004,246217488.56056,2026-07-16 12:00:00
1784206800000,1871.73,1889.5,1870.0,1881.94,358679.101,1784210399999,674236089.54706,366077,193597.198,363878813.24533,2026-07-16 13:00:00
1784210400000,1881.93,1892.56,1873.0,1882.85,310230.682,1784213999999,584891247.93906,373466,153605.077,289634855.98981,2026-07-16 14:00:00
1784214000000,1882.86,1894.25,1870.11,1880.9,294698.456,1784217599999,554773654.41255,339413,154524.443,290937096.45321,2026-07-16 15:00:00
1784217600000,1880.9,1882.42,1873.56,1878.09,117085.425,1784221199999,219841677.9843,227533,57463.289,107902049.26048,2026-07-16 16:00:00
1784221200000,1878.09,1878.67,1860.0,1868.3,232062.798,1784224799999,433671701.4067,303009,100986.807,188777776.50393,2026-07-16 17:00:00
1784224800000,1868.3,1879.0,1867.25,1875.16,101405.627,1784228399999,190010228.0587,166200,50956.107,95474041.8081,2026-07-16 18:00:00
1784228400000,1875.15,1877.13,1870.3,1874.83,54121.662,1784231999999,101408136.2767,122336,28201.482,52841730.28377,2026-07-16 19:00:00
1784232000000,1874.83,1874.99,1870.77,1871.01,51629.408,1784235599999,96691654.98842,84051,23183.111,43413496.13943,2026-07-16 20:00:00
1784235600000,1871.01,1880.56,1871.01,1878.0,68524.503,1784239199999,128602431.60467,110807,39422.937,73990408.23537,2026-07-16 21:00:00
1784239200000,1877.99,1880.97,1867.08,1868.2,95707.709,1784242799999,179313120.50215,121512,42402.575,79448523.57831,2026-07-16 22:00:00
1784242800000,1868.19,1869.94,1855.38,1863.73,220028.585,1784246399999,409539485.84793,219658,106124.238,197548671.00311,2026-07-16 23:00:00
1784246400000,1863.73,1866.15,1845.85,1865.0,244135.278,1784249999999,453315971.12682,283815,108832.24,202162541.48783,2026-07-17 00:00:00
1784250000000,1865.0,1870.44,1847.0,1850.22,202907.966,1784253599999,377274306.00239,286993,99839.12,185648076.01235,2026-07-17 01:00:00
1784253600000,1850.22,1854.7,1842.1,1847.31,189648.932,1784257199999,350433817.38435,257710,83299.055,153967190.99539,2026-07-17 02:00:00
1784257200000,1847.31,1859.31,1846.43,1851.75,147027.53,1784260799999,272567206.40709,170650,75532.271,140054930.85403,2026-07-17 03:00:00
1784260800000,1851.75,1852.37,1843.01,1849.28,109480.814,1784264399999,202277942.46128,155997,58442.306,107983033.45709,2026-07-17 04:00:00
1784264400000,1849.29,1849.29,1820.39,1823.21,397270.301,1784267999999,727930953.4329,346193,159252.713,291770089.94306,2026-07-17 05:00:00
1784268000000,1823.22,1835.81,1819.9,1831.57,256167.081,1784271599999,468491283.83295,218491,122880.379,224752185.16497,2026-07-17 06:00:00
1784271600000,1831.58,1832.86,1825.35,1827.37,104679.219,1784275199999,191473847.29513,129264,47964.314,87741801.58543,2026-07-17 07:00:00
1784275200000,1827.37,1831.77,1820.1,1829.18,145828.532,1784278799999,266269019.91506,176565,73339.685,133938901.50167,2026-07-17 08:00:00
1784278800000,1829.19,1835.35,1828.32,1834.19,87323.374,1784282399999,159964567.20944,115511,48263.281,88413251.81588,2026-07-17 09:00:00
1784282400000,1834.19,1839.54,1833.29,1835.9,114231.82,1784285999999,209846847.05992,126360,60320.629,110818246.53733,2026-07-17 10:00:00
1784286000000,1835.91,1842.65,1832.29,1838.32,107708.418,1784289599999,197977735.21843,111780,58259.816,107110079.3211,2026-07-17 11:00:00
1784289600000,1838.33,1839.45,1826.49,1827.6,123976.335,1784293199999,227118501.46859,138000,52938.571,96972930.2864,2026-07-17 12:00:00
1784293200000,1827.6,1828.34,1802.46,1824.72,551476.092,1784296799999,1000157189.77604,573500,256446.499,465156676.01436,2026-07-17 13:00:00
1784296800000,1824.73,1833.19,1816.19,1821.16,284873.894,1784300399999,519945302.55323,435963,138093.89,252086443.82221,2026-07-17 14:00:00
1784300400000,1821.16,1830.67,1809.38,1830.2,245281.136,1784303999999,446263969.65655,348119,132740.023,241568346.40282,2026-07-17 15:00:00
1784304000000,1830.2,1839.88,1825.7,1835.07,242985.579,1784307599999,445488050.18867,249885,128664.754,235902059.82569,2026-07-17 16:00:00
1784307600000,1835.07,1855.9,1835.07,1842.88,288962.015,1784311199999,533426870.53138,305994,156988.071,289802048.40657,2026-07-17 17:00:00
1784311200000,1842.88,1849.0,1834.0,1846.08,153737.059,1784314799999,283093980.65496,211737,76541.525,140971302.39657,2026-07-17 18:00:00
1784314800000,1846.08,1846.24,1834.85,1842.81,86547.619,1784318399999,159359658.6973,143372,40594.982,74751065.99331,2026-07-17 19:00:00
1784318400000,1842.81,1845.26,1836.11,1842.04,64564.658,1784321999999,118786009.33104,89660,30310.291,55768597.206,2026-07-17 20:00:00
1784322000000,1842.03,1845.75,1839.8,1840.68,40204.686,1784325599999,74069887.47335,53796,18506.101,34096128.14122,2026-07-17 21:00:00
1784325600000,1840.68,1843.03,1836.71,1839.2,39484.849,1784329199999,72614360.90459,52041,16544.965,30428049.40823,2026-07-17 22:00:00
1784329200000,1839.19,1843.61,1834.2,1841.08,49656.652,1784332799999,91316791.42591,62554,22355.824,41121894.15257,2026-07-17 23:00:00
1784332800000,1841.08,1844.2,1839.0,1839.99,36221.295,1784336399999,66687025.09258,58327,18786.146,34589361.97866,2026-07-18 00:00:00
1784336400000,1839.98,1842.7,1838.47,1841.81,29601.95,1784339999999,54475476.1584,49532,14928.402,27472487.09088,2026-07-18 01:00:00
1784340000000,1841.8,1845.99,1840.28,1841.12,49738.457,1784343599999,91669724.00074,60962,28900.042,53267876.37417,2026-07-18 02:00:00
1784343600000,1841.11,1845.64,1840.61,1845.23,32036.111,1784347199999,59042301.3582,48843,20789.474,38317762.97905,2026-07-18 03:00:00
1784347200000,1845.23,1845.44,1841.54,1843.91,25468.491,1784350799999,46946068.89965,38038,14460.697,26654276.2059,2026-07-18 04:00:00
1784350800000,1843.9,1848.93,1842.25,1845.13,57611.201,1784354399999,106318450.15396,58946,32760.349,60458001.14825,2026-07-18 05:00:00
1784354400000,1845.12,1847.11,1842.1,1844.0,31347.789,1784357999999,57811763.02152,40555,14034.734,25883882.44567,2026-07-18 06:00:00
1784358000000,1844.0,1845.1,1842.13,1843.42,26103.756,1784361599999,48124642.53679,33311,12711.629,23434690.34043,2026-07-18 07:00:00
1784361600000,1843.41,1848.67,1841.31,1846.73,55221.422,1784365199999,101928690.13049,52411,29383.494,54241913.83783,2026-07-18 08:00:00
1784365200000,1846.73,1847.23,1842.01,1844.13,33119.955,1784368799999,61084852.47837,37636,14606.648,26935839.51279,2026-07-18 09:00:00
1784368800000,1844.12,1845.94,1842.51,1844.73,28419.458,1784372399999,52412866.99101,28022,14637.699,26997457.74358,2026-07-18 10:00:00
1784372400000,1844.73,1846.0,1843.55,1844.7,18784.264,1784375999999,34647558.61297,22468,9380.561,17302644.68086,2026-07-18 11:00:00
1784376000000,1844.7,1849.71,1839.19,1844.12,104931.052,1784379599999,193461810.8055,91145,50606.652,93335744.32643,2026-07-18 12:00:00
1784379600000,1844.11,1844.12,1836.36,1840.74,71314.817,1784383199999,131206147.23096,80238,32002.728,58883967.92752,2026-07-18 13:00:00
1784383200000,1840.74,1845.55,1839.66,1844.98,60125.023,1784386799999,110850877.687,62449,27973.743,51574380.63692,2026-07-18 14:00:00
1784386800000,1844.98,1845.31,1841.0,1843.15,33267.081,1784390399999,61325547.02541,47137,15710.541,28965447.28328,2026-07-18 15:00:00
1784390400000,1843.14,1846.48,1840.61,1845.21,54644.178,1784393999999,100727707.96017,61028,32953.907,60747127.45914,2026-07-18 16:00:00
1784394000000,1845.22,1852.75,1842.48,1851.77,96418.578,1784397599999,178222322.68332,97755,55794.378,103153743.87829,2026-07-18 17:00:00
1784397600000,1851.78,1867.0,1848.95,1856.7,199959.987,1784401199999,371460193.94064,161346,120856.479,224539314.25642,2026-07-18 18:00:00
1784401200000,1856.69,1860.46,1854.74,1857.4,65729.458,1784404799999,122095116.03107,77515,32506.099,60388379.71142,2026-07-18 19:00:00
1784404800000,1857.4,1862.98,1854.31,1856.32,62915.69,1784408399999,116917827.9362,72067,27434.659,50990159.40819,2026-07-18 20:00:00
1784408400000,1856.32,1862.28,1854.77,1859.99,60222.516,1784411999999,111938746.88484,80550,35115.523,65270515.95584,2026-07-18 21:00:00
1784412000000,1859.98,1864.74,1858.92,1862.57,49278.014,1784415599999,91756875.94126,72804,25579.439,47629527.11837,2026-07-18 22:00:00
1784415600000,1862.56,1863.33,1859.0,1861.75,30195.361,1784419199999,56195608.24112,47800,14982.691,27883303.24679,2026-07-18 23:00:00
1784419200000,1861.75,1862.85,1858.22,1860.5,45484.1,1784422799999,84625651.40334,49605,20700.498,38514612.28733,2026-07-19 00:00:00
1784422800000,1860.5,1860.63,1857.51,1858.39,35309.366,1784426399999,65643058.21858,46305,17445.396,32432457.70266,2026-07-19 01:00:00
1784426400000,1858.39,1876.91,1857.54,1870.78,181518.563,1784429999999,339440871.5127,175233,106769.703,199653398.02665,2026-07-19 02:00:00
1784430000000,1870.77,1872.25,1863.0,1866.33,78469.202,1784433599999,146415100.57743,84328,37299.584,69589514.27445,2026-07-19 03:00:00
1784433600000,1866.33,1869.56,1863.35,1866.46,40113.863,1784437199999,74866688.43494,53471,21267.831,39697067.36205,2026-07-19 04:00:00
1784437200000,1866.47,1869.65,1864.75,1867.72,37186.455,1784440799999,69455419.07496,46406,18550.423,34646487.17636,2026-07-19 05:00:00
1784440800000,1867.72,1870.73,1867.25,1868.4,32653.755,1784444399999,61022596.35484,44955,15323.449,28636823.58795,2026-07-19 06:00:00
1784444400000,1868.41,1871.2,1866.0,1869.35,39292.539,1784447999999,73424947.97007,45677,20354.275,38037192.58927,2026-07-19 07:00:00
1784448000000,1869.35,1874.75,1866.87,1872.99,55717.768,1784451599999,104200211.89378,57594,29993.158,56094754.40405,2026-07-19 08:00:00
1784451600000,1873.0,1873.26,1864.55,1865.45,75153.511,1784455199999,140374514.29755,68796,28932.011,54032624.34889,2026-07-19 09:00:00
1784455200000,1865.45,1878.76,1863.2,1871.65,106454.809,1784458799999,199223320.29548,97737,57555.827,107727715.27348,2026-07-19 10:00:00
1784458800000,1871.64,1878.19,1869.0,1870.49,98161.324,1784462399999,183924826.60276,103843,49755.411,93237020.93782,2026-07-19 11:00:00
1784462400000,1870.49,1873.74,1863.35,1869.58,135647.861,1784465999999,253411242.29211,136872,63553.004,118735827.54382,2026-07-19 12:00:00
1784466000000,1869.59,1872.99,1865.1,1871.05,56571.544,1784469599999,105723683.17141,81806,28498.994,53257761.99641,2026-07-19 13:00:00
1784469600000,1871.04,1878.5,1867.76,1873.93,97351.29,1784473199999,182341409.07924,115933,53557.946,100316814.44555,2026-07-19 14:00:00
1784473200000,1873.93,1875.33,1868.2,1870.12,60772.378,1784476799999,113755348.28322,77864,30575.807,57224733.02637,2026-07-19 15:00:00
1784476800000,1870.12,1872.87,1865.1,1865.9,54790.373,1784480399999,102363715.53948,82868,23964.837,44778619.20363,2026-07-19 16:00:00
1784480400000,1865.9,1873.15,1855.84,1866.35,159412.427,1784483999999,297270313.6307,164128,70128.376,130823393.76482,2026-07-19 17:00:00
1784484000000,1866.35,1866.95,1850.95,1860.31,146162.649,1784487599999,271719159.73545,194541,68372.348,127114063.06251,2026-07-19 18:00:00
1784487600000,1860.32,1862.19,1853.8,1861.46,46934.38,1784491199999,87228129.75061,70249,25815.415,47983474.8757,2026-07-19 19:00:00
1784491200000,1861.47,1866.53,1861.34,1866.48,40569.931,1784494799999,75612528.56839,65099,20946.097,39040896.30249,2026-07-19 20:00:00
1784494800000,1866.48,1867.74,1856.39,1861.2,57378.607,1784498399999,106793529.4127,72637,29691.425,55259588.97968,2026-07-19 21:00:00
1784498400000,1861.21,1876.46,1856.01,1869.61,186366.836,1784501999999,348243436.65902,267742,101289.528,189268515.79614,2026-07-19 22:00:00
1784502000000,1869.61,1874.22,1863.87,1871.49,77304.825,1784505599999,144457922.16269,152737,38706.082,72327284.59507,2026-07-19 23:00:00
1784505600000,1871.49,1891.2,1861.02,1871.29,374283.475,1784509199999,703053257.0751,422421,205581.491,386311878.95799,2026-07-20 00:00:00
1784509200000,1871.29,1889.44,1864.63,1868.48,232925.794,1784512799999,437113267.18176,355038,116217.665,218057712.67183,2026-07-20 01:00:00
1784512800000,1868.47,1882.55,1866.76,1878.12,183332.904,1784516399999,343900526.84908,282890,82576.517,154840918.25927,2026-07-20 02:00:00
1784516400000,1878.13,1881.42,1869.81,1878.88,101703.354,1784519999999,190771889.33567,170887,50724.752,95127764.51979,2026-07-20 03:00:00
1784520000000,1878.88,1879.25,1867.32,1868.0,120030.799,1784523599999,224769654.11934,162255,57529.536,107725037.93878,2026-07-20 04:00:00
1784523600000,1868.0,1869.12,1850.4,1854.51,240986.015,1784527199999,447858069.67581,346758,110756.951,205855526.72343,2026-07-20 05:00:00
1784527200000,1854.51,1859.09,1841.84,1848.71,232618.46,1784530799999,430163434.17213,290594,107095.081,198110950.91215,2026-07-20 06:00:00
1784530800000,1848.71,1864.81,1848.11,1863.11,165906.209,1784534399999,308190144.97343,197285,86058.793,159848941.45217,2026-07-20 07:00:00
1784534400000,1863.11,1867.95,1853.2,1859.96,197568.183,1784537999999,367625655.90313,191513,89888.581,167272484.2132,2026-07-20 08:00:00
1784538000000,1859.95,1866.88,1856.93,1863.43,79003.509,1784541599999,147177036.44745,109300,38516.518,71754735.43985,2026-07-20 09:00:00
1784541600000,1863.44,1871.92,1861.88,1867.98,78014.749,1784545199999,145707257.87291,113281,40009.349,74728673.35732,2026-07-20 10:00:00
1784545200000,1867.97,1896.21,1866.94,1892.43,412630.917,1784548799999,777989826.64757,384665,236695.357,446256528.78568,2026-07-20 11:00:00
1784548800000,1892.43,1892.95,1870.67,1872.43,288142.826,1784552399999,541422433.99439,279722,127115.715,238805464.3697,2026-07-20 12:00:00
1784552400000,1872.43,1879.77,1856.34,1861.58,307243.753,1784555999999,574219825.94478,402659,150034.838,280464746.08443,2026-07-20 13:00:00
1784556000000,1861.59,1871.17,1852.66,1867.41,212801.263,1784559599999,396239360.79177,395806,102369.094,190643110.47274,2026-07-20 14:00:00
1784559600000,1867.42,1905.0,1866.47,1901.58,489810.228,1784563199999,925366735.02067,538076,270480.085,511095696.66335,2026-07-20 15:00:00
1784563200000,1901.58,1906.38,1892.62,1898.55,302096.706,1784566799999,573627156.84084,303141,142298.3,270226292.98932,2026-07-20 16:00:00
1784566800000,1898.55,1909.63,1894.64,1906.94,186655.116,1784570399999,355054187.11027,207912,110376.325,209967891.98639,2026-07-20 17:00:00
1784570400000,1906.94,1917.92,1896.41,1898.53,294320.83,1784573999999,561691186.5299,285406,148926.575,284272477.18132,2026-07-20 18:00:00
1784574000000,1898.53,1900.37,1888.62,1897.69,156052.552,1784577599999,295688620.86276,192122,82519.486,156362842.01849,2026-07-20 19:00:00
1784577600000,1897.68,1906.11,1895.2,1903.96,77529.381,1784581199999,147460742.11765,109293,41495.476,78934815.4572,2026-07-20 20:00:00
1784581200000,1903.97,1906.76,1900.8,1901.41,45377.073,1784584799999,86398399.95205,73034,20593.044,39211272.20337,2026-07-20 21:00:00
1784584800000,1901.42,1901.71,1893.33,1894.75,80741.195,1784588399999,153110995.1591,94025,39656.87,75187567.48166,2026-07-20 22:00:00
1784588400000,1894.75,1904.19,1894.23,1903.5,67965.447,1784591999999,129143557.75166,89503,35467.235,67374990.72209,2026-07-20 23:00:00
1784592000000,1903.51,1917.23,1899.44,1914.05,132413.488,1784595599999,252793156.37295,216305,73735.706,140788631.82979,2026-07-21 00:00:00
1784595600000,1914.04,1917.69,1906.08,1906.55,98756.282,1784599199999,188786994.20515,144374,41323.847,79003178.98072,2026-07-21 01:00:00
1784599200000,1906.55,1924.58,1903.58,1916.45,129590.834,1784602799999,248086062.66367,155532,68257.518,130720627.56227,2026-07-21 02:00:00
1784602800000,1916.45,1927.96,1916.05,1925.81,161963.187,1784606399999,311614858.69584,198620,86386.323,166215516.44406,2026-07-21 03:00:00
1784606400000,1925.81,1931.0,1921.8,1923.7,128102.886,1784609999999,246697392.42835,138857,63186.579,121722061.75124,2026-07-21 04:00:00
1784610000000,1923.7,1935.41,1920.9,1929.64,137594.574,1784613599999,265248988.98611,144368,74480.429,143612610.27286,2026-07-21 05:00:00
1784613600000,1929.63,1939.14,1926.82,1934.07,167682.28,1784617199999,324316259.61507,174384,96652.398,186958636.34397,2026-07-21 06:00:00
1784617200000,1934.07,1939.51,1932.35,1933.29,122300.39,1784620799999,236649331.24802,132424,64423.121,124669239.39524,2026-07-21 07:00:00
1784620800000,1933.29,1953.64,1930.66,1939.0,426659.162,1784624399999,828580736.82433,293890,238546.702,463357552.20758,2026-07-21 08:00:00
1784624400000,1939.01,1942.7,1935.55,1941.1,157498.217,1784627999999,305337375.73712,112185,94203.59,182640399.18102,2026-07-21 09:00:00
1784628000000,1941.09,1945.98,1930.72,1932.99,146983.346,1784631599999,285000196.6313,151303,63731.792,123625737.80118,2026-07-21 10:00:00
1784631600000,1933.0,1936.46,1925.28,1934.85,171426.191,1784635199999,330970715.49212,146797,85836.78,165745729.93415,2026-07-21 11:00:00
1784635200000,1934.86,1944.58,1931.98,1941.75,175280.4,1784638799999,339972233.98395,174564,91904.031,178247982.02556,2026-07-21 12:00:00
1784638800000,1941.75,1943.7,1926.18,1939.53,202586.395,1784642399999,392028317.62764,264360,103855.382,200968123.55697,2026-07-21 13:00:00
1784642400000,1939.53,1943.3,1926.76,1930.9,195637.537,1784645999999,378591879.97096,272723,90355.235,174857792.83851,2026-07-21 14:00:00
1784646000000,1930.9,1931.74,1922.58,1930.89,171443.937,1784649599999,330394504.0277,216686,89763.261,172997915.7874,2026-07-21 15:00:00
1784649600000,1930.89,1934.58,1920.67,1925.57,134570.075,1784653199999,259198968.7093,165078,61294.638,118059402.60896,2026-07-21 16:00:00
1784653200000,1925.57,1927.7,1912.44,1917.94,179072.591,1784656799999,343895736.90943,188644,64857.302,124579051.03966,2026-07-21 17:00:00
1784656800000,1917.94,1922.27,1913.6,1919.24,95478.547,1784660399999,183197836.12683,140651,46106.564,88476296.71189,2026-07-21 18:00:00
1784660400000,1919.23,1925.28,1917.32,1922.4,79256.913,1784663999999,152329688.31645,112317,42888.678,82429890.49382,2026-07-21 19:00:00
1784664000000,1922.39,1925.34,1920.33,1922.26,52919.054,1784667599999,101733072.58414,66430,25778.854,49560283.16589,2026-07-21 20:00:00
1784667600000,1922.26,1925.76,1918.63,1923.1,51587.104,1784671199999,99190112.95649,65508,26370.607,50701456.99838,2026-07-21 21:00:00
1784671200000,1923.1,1923.1,1916.98,1919.75,51787.827,1784674799999,99444510.76277,83999,22741.105,43669264.47086,2026-07-21 22:00:00
1784674800000,1919.75,1931.01,1915.51,1929.29,117155.804,1784678399999,225437960.48085,128389,76417.071,147102107.22696,2026-07-21 23:00:00
1784678400000,1929.29,1943.98,1928.12,1938.55,233883.125,1784681999999,453006446.62486,252833,148263.558,287181257.08545,2026-07-22 00:00:00
1784682000000,1938.55,1939.98,1927.1,1932.8,103188.244,1784685599999,199501754.28106,153386,47927.194,92662777.06667,2026-07-22 01:00:00
1784685600000,1932.81,1935.77,1925.83,1929.35,58917.67,1784689199999,113720135.86943,128534,27637.474,53347373.51102,2026-07-22 02:00:00
1784689200000,1929.34,1935.45,1925.8,1927.65,68640.366,1784692799999,132495066.10973,118606,31368.942,60556221.6773,2026-07-22 03:00:00
1784692800000,1927.66,1938.5,1927.1,1935.79,66674.906,1784696399999,128986456.64343,98451,31751.797,61431027.23481,2026-07-22 04:00:00
1784696400000,1935.79,1935.98,1917.15,1918.49,147320.369,1784699999999,283339882.20607,186948,63276.209,121686622.53387,2026-07-22 05:00:00
1784700000000,1918.48,1920.01,1912.22,1916.49,120884.36,1784703599999,231634497.80937,168049,60608.446,116147564.18087,2026-07-22 06:00:00
1784703600000,1916.49,1918.0,1909.32,1913.26,127126.249,1784707199999,243205305.43973,141823,58144.06,111243694.37188,2026-07-22 07:00:00
1784707200000,1913.27,1924.21,1912.86,1920.26,112779.041,1784710799999,216510305.12006,125429,60918.908,116946574.82952,2026-07-22 08:00:00
1784710800000,1920.27,1925.87,1918.39,1923.57,92175.982,1784714399999,177221892.95884,99001,52998.685,101910886.85629,2026-07-22 09:00:00
1784714400000,1923.57,1932.9,1922.27,1929.88,114102.05,1784717999999,219982555.78347,120423,61140.844,117873379.63302,2026-07-22 10:00:00
1784718000000,1929.89,1930.68,1921.37,1926.42,82281.86,1784721599999,158502074.27425,105128,39534.99,76149991.66574,2026-07-22 11:00:00
1784721600000,1926.42,1926.63,1912.28,1916.09,117310.743,1784725199999,225203260.69108,149447,51126.092,98150064.53998,2026-07-22 12:00:00
1784725200000,1916.1,1942.0,1915.84,1939.05,300318.387,1784728799999,580101086.55359,345684,164480.374,317691394.91442,2026-07-22 13:00:00
1784728800000,1939.05,1958.75,1921.77,1932.4,485295.462,1784732399999,940636826.33157,497109,263890.554,511829661.82874,2026-07-22 14:00:00
1784732400000,1932.39,1951.87,1932.0,1942.06,311191.235,1784735999999,604980981.03878,386227,158411.155,307956073.69574,2026-07-22 15:00:00
1784736000000,1942.07,1955.8,1934.01,1949.0,284437.067,1784739599999,553868935.88465,317761,155033.215,302002638.4949,2026-07-22 16:00:00
1784739600000,1949.0,1949.45,1933.85,1937.7,159697.246,1784743199999,309959730.08985,214594,74555.106,144698194.63902,2026-07-22 17:00:00
1784743200000,1937.7,1939.28,1922.0,1929.61,203816.182,1784746799999,393276112.07007,231761,92359.546,178231586.17869,2026-07-22 18:00:00
1784746800000,1929.62,1931.19,1919.7,1924.01,87858.244,1784750399999,169128632.02588,138199,44118.745,84941021.34561,2026-07-22 19:00:00
1784750400000,1924.01,1929.49,1921.63,1925.79,56998.37,1784753999999,109778325.4791,118780,29056.502,55967647.61695,2026-07-22 20:00:00
1784754000000,1925.78,1938.8,1925.68,1937.7,60794.561,1784757599999,117471593.24926,90356,33545.529,64806881.33154,2026-07-22 21:00:00
1784757600000,1937.7,1938.25,1929.54,1937.34,69388.001,1784761199999,134180313.69119,110546,30722.503,59404282.77737,2026-07-22 22:00:00
1784761200000,1937.33,1937.5,1922.37,1933.31,123005.286,1784764799999,237177537.30331,113253,64884.388,125075483.18591,2026-07-22 23:00:00
1784764800000,1933.31,1940.66,1931.04,1931.04,94676.968,1784768399999,183237820.4139,140182,42577.571,82416551.6445,2026-07-23 00:00:00
1784768400000,1931.04,1935.68,1925.51,1927.27,77968.45,1784771999999,150445538.86988,135963,37204.1,71784015.26831,2026-07-23 01:00:00
1784772000000,1927.28,1928.56,1920.74,1926.5,69644.362,1784775599999,134060443.66377,111657,34705.233,66812868.88331,2026-07-23 02:00:00
1784775600000,1926.51,1926.98,1916.49,1919.46,108828.512,1784779199999,208992962.99372,119265,42659.336,81922776.95899,2026-07-23 03:00:00
1784779200000,1919.46,1925.0,1917.58,1918.78,76524.903,1784782799999,147008344.88885,90417,35809.576,68793185.88397,2026-07-23 04:00:00
1784782800000,1918.79,1927.79,1917.15,1921.92,75585.883,1784786399999,145276416.83646,89766,40631.61,78095857.93937,2026-07-23 05:00:00
1784786400000,1921.92,1925.88,1920.04,1924.4,46138.975,1784789999999,88741164.71092,67199,25877.33,49772026.55327,2026-07-23 06:00:00
1784790000000,1924.4,1924.4,1911.44,1914.61,175062.793,1784793599999,335308928.56126,161588,84506.667,161854644.90573,2026-07-23 07:00:00
1784793600000,1914.62,1926.49,1913.39,1925.53,113682.487,1784797199999,218341010.56199,106906,62292.251,119606280.28691,2026-07-23 08:00:00
1784797200000,1925.53,1930.74,1922.37,1923.1,134516.528,1784800799999,259249679.4891,111491,64134.644,123622420.54933,2026-07-23 09:00:00
1784800800000,1923.1,1929.35,1920.95,1927.04,65954.107,1784804399999,127015177.66953,76923,36186.114,69691719.1018,2026-07-23 10:00:00
1784804400000,1927.05,1928.19,1923.36,1924.65,56010.322,1784807999999,107841913.74162,75353,25558.319,49209336.56236,2026-07-23 11:00:00
1784808000000,1924.64,1926.93,1893.17,1903.5,472351.506,1784811599999,900319470.55108,376422,207576.727,395648677.84133,2026-07-23 12:00:00
1784811600000,1903.5,1908.0,1894.1,1897.69,294884.812,1784815199999,560701500.44293,386053,145917.325,277468477.29684,2026-07-23 13:00:00
1784815200000,1897.69,1906.24,1890.72,1895.42,238750.651,1784818799999,453283120.05788,307148,109934.228,208791741.62859,2026-07-23 14:00:00
1784818800000,1895.42,1897.0,1882.0,1894.49,409921.954,1784822399999,774751180.14447,343350,190330.557,359752458.92006,2026-07-23 15:00:00
1784822400000,1894.49,1894.7,1883.45,1886.98,205689.405,1784825999999,388370872.00871,181451,86197.745,162738376.85747,2026-07-23 16:00:00
1784826000000,1886.98,1891.34,1872.95,1877.73,196154.764,1784829599999,369256479.65053,195143,81471.241,153486761.32787,2026-07-23 17:00:00
1784829600000,1877.73,1883.48,1875.0,1880.3,123244.106,1784833199999,231571464.90299,160057,63462.909,119258019.01468,2026-07-23 18:00:00
1784833200000,1880.3,1882.67,1868.18,1874.74,150662.457,1784836799999,282397367.11184,172496,73015.493,136885497.46726,2026-07-23 19:00:00
1784836800000,1874.74,1887.98,1873.93,1885.0,97113.225,1784840399999,182892092.91821,107576,57661.77,108597563.33951,2026-07-23 20:00:00
1784840400000,1884.99,1887.95,1879.62,1881.64,58397.705,1784843999999,109960589.93515,77352,27008.515,50859690.35367,2026-07-23 21:00:00
1784844000000,1881.64,1883.3,1873.0,1882.43,82866.821,1784847599999,155665523.72721,97924,33826.857,63562939.20174,2026-07-23 22:00:00
1784847600000,1882.43,1883.8,1874.62,1877.42,49203.359,1784851199999,92501627.32587,77954,23954.505,45041985.10153,2026-07-23 23:00:00
1784851200000,1877.42,1878.18,1858.0,1870.66,260220.237,1784854799999,485982879.84775,250212,112412.555,210005214.59129,2026-07-24 00:00:00
1784854800000,1870.66,1876.98,1869.54,1871.96,88964.565,1784858399999,166689344.59995,158346,50037.721,93763223.60285,2026-07-24 01:00:00
1784858400000,1871.96,1877.86,1863.68,1868.84,89259.403,1784861999999,166904041.69391,153537,47726.352,89259413.90904,2026-07-24 02:00:00
1784862000000,1868.83,1881.07,1867.46,1879.71,123597.074,1784865599999,231999126.51065,148998,71903.583,134973167.40468,2026-07-24 03:00:00
1784865600000,1879.7,1881.17,1873.84,1875.05,53960.665,1784869199999,101314629.74664,80564,23398.813,43935298.52786,2026-07-24 04:00:00
1784869200000,1875.04,1881.42,1872.47,1880.15,106749.314,1784872799999,200553083.3634,80577,54929.881,103192847.5758,2026-07-24 05:00:00
1784872800000,1880.14,1887.57,1878.02,1887.28,140240.793,1784876399999,264148587.89975,109825,70373.231,132596277.28699,2026-07-24 06:00:00
1784876400000,1887.28,1909.32,1887.27,1895.0,474376.982,1784879999999,900421104.36282,312350,266226.273,505337867.70178,2026-07-24 07:00:00
1784880000000,1895.0,1895.0,1885.18,1887.07,98241.525,1784883599999,185740165.21714,103608,38759.99,73279558.80514,2026-07-24 08:00:00
1784883600000,1887.06,1887.89,1875.95,1887.07,146349.071,1784887199999,275575680.08428,150158,65418.991,123196957.26203,2026-07-24 09:00:00
1784887200000,1887.08,1887.91,1879.29,1882.8,57188.452,1784890799999,107727301.74724,83013,25614.065,48248800.21155,2026-07-24 10:00:00
1784890800000,1882.8,1883.78,1875.22,1883.03,103864.975,1784894399999,195269619.38838,130597,51699.545,97214551.90168,2026-07-24 11:00:00
1784894400000,1883.02,1885.2,1871.0,1871.89,130121.557,1784897999999,244296591.00419,146251,52663.287,98910104.27763,2026-07-24 12:00:00
1784898000000,1871.9,1874.62,1847.0,1856.83,520370.014,1784901599999,967898368.10938,501975,232604.633,432688882.38172,2026-07-24 13:00:00
1784901600000,1856.82,1862.3,1846.17,1861.92,318953.313,1784905199999,591644079.58988,387179,155099.49,287776972.5375,2026-07-24 14:00:00
1784905200000,1861.91,1868.71,1853.0,1861.28,238297.372,1784908799999,443830367.56645,280810,114299.924,212917748.5532,2026-07-24 15:00:00
1784908800000,1861.28,1865.26,1852.56,1856.74,120332.457,1784912399999,223609867.99784,142263,52414.61,97395281.82655,2026-07-24 16:00:00
1784912400000,1856.75,1865.71,1854.21,1865.69,91106.237,1784915999999,169497680.83393,119206,50908.984,94712895.42314,2026-07-24 17:00:00
1784916000000,1865.68,1865.81,1857.68,1861.76,72744.079,1784919599999,135430649.7203,82816,35105.299,65359357.5218,2026-07-24 18:00:00
1784919600000,1861.75,1863.97,1856.97,1862.74,50166.896,1784923199999,93344203.94504,90374,28794.047,53579633.2536,2026-07-24 19:00:00
1784923200000,1862.75,1864.51,1857.3,1860.05,49085.347,1784926799999,91342642.61419,62011,19960.301,37151308.60816,2026-07-24 20:00:00
1784926800000,1860.04,1860.88,1856.1,1856.69,43307.631,1784930399999,80512803.79629,65165,22128.869,41141293.40398,2026-07-24 21:00:00
1784930400000,1856.69,1860.82,1855.75,1858.75,32029.724,1784933999999,59528771.05439,46236,14711.035,27339819.10516,2026-07-24 22:00:00
1784934000000,1858.75,1860.98,1858.13,1860.57,22767.498,1784937599999,42339997.81304,34684,11056.086,20560772.78949,2026-07-24 23:00:00
1784937600000,1860.58,1863.86,1855.81,1859.36,76506.485,1784941199999,142280465.14603,66959,37401.853,69560183.09806,2026-07-25 00:00:00
1784941200000,1859.35,1862.77,1855.96,1859.27,40202.157,1784944799999,74742290.13914,52063,17983.355,33435424.09195,2026-07-25 01:00:00
1784944800000,1859.27,1860.89,1857.41,1858.58,22995.782,1784948399999,42745875.44636,38875,9624.355,17889797.94865,2026-07-25 02:00:00
1784948400000,1858.58,1859.7,1854.27,1857.83,28826.613,1784951999999,53547017.55654,46980,14019.559,26044065.44439,2026-07-25 03:00:00
1784952000000,1857.84,1861.84,1857.65,1860.44,24169.322,1784955599999,44952435.42019,36145,12210.704,22712035.91291,2026-07-25 04:00:00
1784955600000,1860.43,1862.2,1856.0,1857.57,33686.386,1784959199999,62599599.6587,42582,15930.006,29603406.28563,2026-07-25 05:00:00
1784959200000,1857.57,1859.41,1853.44,1857.64,48543.398,1784962799999,90103189.35669,55998,22165.053,41145520.4572,2026-07-25 06:00:00
1784962800000,1857.65,1857.91,1854.99,1855.11,19484.15,1784966399999,36170391.95878,27741,8406.795,15607105.0548,2026-07-25 07:00:00
1784966400000,1855.1,1855.33,1850.26,1852.89,63650.093,1784969999999,117959098.89528,68783,25243.994,46786090.08253,2026-07-25 08:00:00
1784970000000,1852.89,1858.19,1850.74,1857.5,40409.343,1784973599999,74944199.65145,46936,23018.565,42696100.25637,2026-07-25 09:00:00
1784973600000,1857.5,1858.5,1855.71,1857.72,27332.041,1784977199999,50760616.22681,35445,14052.228,26097899.04679,2026-07-25 10:00:00
1784977200000,1857.72,1859.38,1856.56,1857.05,23986.615,1784980799999,44570048.61736,36323,10512.674,19533668.18329,2026-07-25 11:00:00
1784980800000,1857.04,1859.78,1856.05,1859.51,25204.11,1784984399999,46817363.27393,37572,13731.465,25507739.96288,2026-07-25 12:00:00
1784984400000,1859.5,1871.73,1859.11,1866.38,162079.173,1784987999999,302354573.8105,114332,96219.296,179515743.17417,2026-07-25 13:00:00
1784988000000,1866.37,1868.52,1864.06,1867.88,48403.08,1784991599999,90330348.07964,59478,23628.483,44100358.70387,2026-07-25 14:00:00
1784991600000,1867.88,1870.68,1866.3,1867.03,50418.59,1784995199999,94200057.57731,67484,25374.761,47415454.35081,2026-07-25 15:00:00
1784995200000,1867.04,1870.23,1863.54,1867.19,54148.097,1784998799999,101079056.7242,63355,24033.754,44862595.74058,2026-07-25 16:00:00
1784998800000,1867.19,1874.43,1867.17,1872.29,87663.278,1785002399999,164089791.90121,86523,48450.604,90695468.07163,2026-07-25 17:00:00
1785002400000,1872.29,1876.42,1871.37,1874.39,61782.403,1785005999999,115770768.08716,72950,30312.878,56808565.28961,2026-07-25 18:00:00
1785006000000,1874.38,1875.63,1873.16,1873.8,27548.861,1785009599999,51638517.21063,40823,12574.376,23570377.11554,2026-07-25 19:00:00
1785009600000,1873.8,1873.97,1869.65,1871.26,33903.021,1785013199999,63435085.35431,38056,10919.548,20432276.74094,2026-07-25 20:00:00
1785013200000,1871.26,1875.26,1866.59,1871.7,46425.008,1785016799999,86841469.28565,54623,23968.267,44842379.06176,2026-07-25 21:00:00
1785016800000,1871.69,1876.25,1871.41,1875.01,27029.945,1785020399999,50653667.48152,40087,15457.757,28968366.75819,2026-07-25 22:00:00
1785020400000,1875.01,1875.43,1872.63,1873.92,22227.469,1785023999999,41652606.26181,29623,9825.353,18412797.50049,2026-07-25 23:00:00
1785024000000,1873.93,1880.93,1873.0,1880.18,62423.111,1785027599999,117210086.73406,70550,36332.707,68225961.24239,2026-07-26 00:00:00
1785027600000,1880.17,1880.95,1876.94,1877.8,42294.491,1785031199999,79464753.96453,50320,19806.1,37213219.90793,2026-07-26 01:00:00
1785031200000,1877.79,1880.87,1876.01,1880.1,27992.886,1785034799999,52579739.2805,41422,16174.582,30383602.27706,2026-07-26 02:00:00
1785034800000,1880.09,1883.17,1878.02,1881.4,46665.509,1785038399999,87793882.0977,52269,26537.119,49926713.43933,2026-07-26 03:00:00
1785038400000,1881.4,1888.67,1878.97,1885.38,84159.313,1785041999999,158581809.70335,81731,46997.663,88576830.7723,2026-07-26 04:00:00
1785042000000,1885.38,1886.6,1881.44,1882.52,49568.546,1785045599999,93394402.93455,53636,19249.849,36272461.54215,2026-07-26 05:00:00
1785045600000,1882.53,1884.55,1877.24,1884.07,74298.935,1785049199999,139736731.47501,68656,31277.928,58828039.70691,2026-07-26 06:00:00
1785049200000,1884.07,1885.52,1879.62,1880.85,41692.864,1785052799999,78484049.69291,46235,18495.715,34820486.10191,2026-07-26 07:00:00
1785052800000,1880.85,1881.76,1878.27,1880.57,35731.125,1785056399999,67175112.90711,36894,17545.424,32987119.20396,2026-07-26 08:00:00
1785056400000,1880.57,1884.91,1880.49,1882.99,42399.716,1785059999999,79833459.63934,39701,20775.131,39115764.17998,2026-07-26 09:00:00
1785060000000,1882.99,1887.0,1881.07,1885.24,39404.631,1785063599999,74258701.64627,41693,20671.133,38955393.06772,2026-07-26 10:00:00
1785063600000,1885.23,1887.0,1883.76,1884.99,37741.931,1785067199999,71169052.40123,39533,17269.587,32566649.221,2026-07-26 11:00:00
1785067200000,1885.0,1893.0,1884.71,1885.49,119359.81,1785070799999,225459512.2919,87984,65716.922,124155758.4534,2026-07-26 12:00:00
1785070800000,1885.48,1888.0,1880.66,1885.71,82498.679,1785074399999,155469717.29274,71310,39426.121,74306344.00387,2026-07-26 13:00:00
1785074400000,1885.71,1899.9,1885.7,1897.82,217477.247,1785077999999,412000776.14008,181239,122985.203,232993464.81894,2026-07-26 14:00:00
1785078000000,1897.82,1917.45,1897.03,1913.75,330536.148,1785081599999,630828950.366,283175,176531.472,336866461.38326,2026-07-26 15:00:00
1785081600000,1913.76,1927.9,1907.99,1915.5,275826.396,1785085199999,529174505.60387,239581,147154.748,282339609.01046,2026-07-26 16:00:00
1785085200000,1915.5,1917.16,1909.81,1910.55,90985.814,1785088799999,174081815.14786,102097,39366.509,75325518.02164,2026-07-26 17:00:00
1785088800000,1910.56,1916.14,1910.17,1913.72,42635.218,1785092399999,81553283.88688,55513,26363.84,50431095.45117,2026-07-26 18:00:00
1785092400000,1913.73,1915.19,1911.21,1913.42,30158.006,1785095999999,57700777.5035,44064,14676.556,28080484.54208,2026-07-26 19:00:00
1785096000000,1913.43,1913.93,1910.55,1912.85,27540.734,1785099599999,52659844.74874,36128,11533.593,22053874.4216,2026-07-26 20:00:00
1785099600000,1912.86,1930.44,1912.85,1925.23,117187.261,1785103199999,225345268.4301,126974,74205.844,142711273.66219,2026-07-26 21:00:00
1785103200000,1925.24,1953.61,1925.24,1949.12,396561.731,1785106799999,769886281.89249,361552,234035.912,454356699.32259,2026-07-26 22:00:00
1785106800000,1949.11,1966.97,1945.3,1953.79,362816.737,1785110399999,709608403.90834,341024,189614.466,370904465.07708,2026-07-26 23:00:00
1785110400000,1953.8,1954.83,1938.53,1941.68,174240.675,1785113999999,338966452.85595,210545,81811.199,159157847.87286,2026-07-27 00:00:00
1785114000000,1941.68,1947.89,1935.29,1947.58,144920.972,1785117599999,281550854.21581,185880,71477.682,138911067.07836,2026-07-27 01:00:00
1785117600000,1947.58,1948.58,1940.77,1942.52,97221.912,1785121199999,189124442.27798,129714,44845.8,87255698.87353,2026-07-27 02:00:00
1785121200000,1942.52,1951.65,1941.43,1948.92,71704.218,1785124799999,139535857.08275,94462,45044.051,87677608.73558,2026-07-27 03:00:00
1785124800000,1948.92,1962.5,1947.66,1952.6,208532.305,1785128399999,407448572.73406,197083,109602.88,214161355.25397,2026-07-27 04:00:00
1785128400000,1952.61,1969.99,1951.66,1964.5,147809.652,1785131999999,289745577.65223,159290,82676.517,162131515.31432,2026-07-27 05:00:00
1785132000000,1964.51,1982.0,1962.56,1967.5,279511.749,1785135599999,550824294.46683,288549,148482.836,292709931.95478,2026-07-27 06:00:00
1785135600000,1967.51,1970.75,1958.89,1963.58,135496.385,1785139199999,266389539.62083,166306,59387.506,116782078.89319,2026-07-27 07:00:00
1785139200000,1963.59,1967.99,1961.0,1963.4,111681.615,1785142799999,219424704.8337,144141,58567.767,115073486.95382,2026-07-27 08:00:00
1785142800000,1963.39,1967.81,1955.46,1964.33,144070.698,1785146399999,282469018.40515,162372,75592.472,148212998.59283,2026-07-27 09:00:00
1785146400000,1964.33,1971.62,1962.74,1966.66,86378.349,1785149999999,169928193.46381,106981,47699.702,93843584.92863,2026-07-27 10:00:00
1785150000000,1966.66,1966.66,1957.1,1958.76,82446.354,1785153599999,161673950.74967,110932,36034.832,70660981.62542,2026-07-27 11:00:00
1785153600000,1958.77,1963.64,1941.8,1956.56,272109.453,1785157199999,531049240.72719,258565,132140.463,257917057.63559,2026-07-27 12:00:00
1785157200000,1956.57,1977.58,1949.75,1960.13,392517.662,1785160799999,771309380.29853,515758,200289.222,393598437.55465,2026-07-27 13:00:00
1785160800000,1960.12,1965.81,1917.9,1931.28,727953.955,1785164399999,1409620904.62919,792317,339223.258,657067632.47933,2026-07-27 14:00:00
1785164400000,1931.28,1936.97,1923.25,1926.77,206950.057,1785167999999,399360646.63329,361708,104103.516,200922250.33006,2026-07-27 15:00:00
1785168000000,1926.77,1946.12,1921.43,1939.76,236797.76,1785171599999,458421521.55557,311067,128836.913,249445082.39043,2026-07-27 16:00:00
1785171600000,1939.76,1945.37,1934.12,1942.81,92488.111,1785175199999,179494642.47683,174134,44541.817,86448213.7269,2026-07-27 17:00:00
1785175200000,1942.81,1943.72,1928.1,1938.22,119707.028,1785178799999,231620539.80863,172919,62182.932,120322618.19838,2026-07-27 18:00:00
1785178800000,1938.23,1954.48,1936.87,1947.42,170270.249,1785182399999,331620001.78102,208017,80273.755,156324074.90241,2026-07-27 19:00:00
1785182400000,1947.43,1949.64,1942.57,1945.94,53287.413,1785185999999,103681072.83331,80228,26250.16,51081776.08849,2026-07-27 20:00:00
1785186000000,1945.94,1949.43,1939.27,1941.23,57149.702,1785189599999,111114028.70106,90455,26017.427,50588618.26568,2026-07-27 21:00:00
1785189600000,1941.24,1941.29,1890.72,1892.47,425052.83,1785193199999,813362426.44881,400290,165692.762,317061973.31666,2026-07-27 22:00:00
1785193200000,1892.47,1895.16,1881.16,1891.44,312660.929,1785196799999,590572820.76659,371632,160159.476,302562413.08568,2026-07-27 23:00:00
1785196800000,1891.43,1893.33,1875.25,1877.8,232707.497,1785200399999,438220445.53643,314717,108036.611,203463503.13184,2026-07-28 00:00:00
1785200400000,1877.8,1881.72,1865.0,1874.89,268218.153,1785203999999,502500696.44379,317287,125661.855,235473109.77709,2026-07-28 01:00:00
1785204000000,1874.89,1879.6,1870.41,1874.77,104848.093,1785207599999,196628303.84351,149634,55592.031,104271404.69012,2026-07-28 02:00:00
1785207600000,1874.76,1882.49,1872.05,1880.35,113490.515,1785211199999,213164427.85396,140050,60073.031,112827971.44684,2026-07-28 03:00:00
1785211200000,1880.35,1881.74,1875.43,1878.32,89682.929,1785214799999,168487105.88916,110010,44665.139,83911274.68534,2026-07-28 04:00:00
1785214800000,1878.32,1888.58,1877.26,1882.03,119463.743,1785218399999,225137726.42427,149773,61140.041,115222743.6223,2026-07-28 05:00:00
1785218400000,1882.04,1888.02,1877.46,1887.61,94783.428,1785221999999,178418662.0757,121376,48179.079,90724627.21762,2026-07-28 06:00:00
1785222000000,1887.62,1888.08,1879.74,1882.75,70941.201,1785225599999,133651588.00911,99600,29788.319,56121300.85611,2026-07-28 07:00:00
1785225600000,1882.75,1884.81,1879.01,1883.59,78911.229,1785229199999,148518691.32295,104943,38180.57,71863210.04174,2026-07-28 08:00:00
1785229200000,1883.6,1884.06,1873.35,1875.29,106874.463,1785232799999,200785657.4845,104015,45723.892,85916318.23439,2026-07-28 09:00:00
1785232800000,1875.3,1879.99,1872.58,1877.93,110741.366,1785236399999,207822244.1781,127036,57732.85,108348734.37837,2026-07-28 10:00:00
1785236400000,1877.93,1881.42,1870.66,1875.69,144405.644,1785239999999,270805889.21213,179371,78161.323,146600263.24836,2026-07-28 11:00:00
1785240000000,1875.7,1892.79,1873.57,1891.59,220626.994,1785243599999,415792996.6013,190017,124020.849,233758628.69927,2026-07-28 12:00:00
1785243600000,1891.58,1895.82,1855.82,1872.97,583485.938,1785247199999,1092490391.68055,531594,268728.64,503207503.32549,2026-07-28 13:00:00
1785247200000,1872.97,1892.35,1866.45,1887.84,355161.539,1785250799999,667648776.53881,500987,181494.232,341299320.23489,2026-07-28 14:00:00
1785250800000,1887.84,1923.79,1883.61,1919.28,666936.386,1785254399999,1273286761.32285,657661,375455.808,716874624.46203,2026-07-28 15:00:00
1785254400000,1919.27,1928.31,1913.38,1924.86,230729.052,1785257999999,443027376.33683,293752,121308.609,232989971.57673,2026-07-28 16:00:00
1785258000000,1924.85,1924.86,1890.89,1900.89,389091.253,1785261599999,740899032.92448,356799,166914.71,317777673.47633,2026-07-28 17:00:00
1785261600000,1900.89,1914.51,1900.5,1910.32,149798.208,1785265199999,285939514.58224,217863,83812.899,159971879.29899,2026-07-28 18:00:00
1785265200000,1910.32,1921.36,1910.31,1921.34,119103.342,1785268799999,228291199.7937,168082,67175.981,128767470.36642,2026-07-28 19:00:00
1785268800000,1921.34,1923.0,1915.27,1917.6,95880.766,1785272399999,183975985.47424,125665,44677.577,85733013.6688,2026-07-28 20:00:00
1785272400000,1917.61,1928.9,1917.5,1923.09,78250.115,1785275999999,150485283.90842,100077,47167.507,90723158.6104,2026-07-28 21:00:00
1785276000000,1923.09,1926.43,1909.22,1911.09,122838.842,1785279599999,235404137.315,157380,59845.826,114675057.57123,2026-07-28 22:00:00
1785279600000,1911.09,1922.44,1903.03,1921.13,178376.819,1785283199999,340901498.18742,178586,97663.027,186662463.19222,2026-07-28 23:00:00
1785283200000,1921.13,1927.98,1915.75,1916.33,136341.5,1785286799999,262009040.07202,211894,62985.029,121055124.96837,2026-07-29 00:00:00
1785286800000,1916.33,1917.42,1904.0,1904.6,130008.436,1785290399999,248380469.1196,218386,63745.176,121802220.48044,2026-07-29 01:00:00
1785290400000,1904.59,1919.2,1899.2,1910.12,164913.277,1785293999999,314818931.15627,244993,82816.485,158117421.66807,2026-07-29 02:00:00
1785294000000,1910.12,1912.37,1890.13,1891.95,177259.209,1785297599999,336612913.86702,241500,81864.648,155459795.12803,2026-07-29 03:00:00
1785297600000,1891.96,1905.74,1883.38,1904.62,270085.531,1785301199999,511699528.03299,295349,146316.941,277298990.49679,2026-07-29 04:00:00
1785301200000,1904.63,1914.33,1902.55,1911.81,113802.371,1785304799999,217234730.66536,169571,55509.717,105963071.16536,2026-07-29 05:00:00
1785304800000,1911.82,1921.3,1908.08,1919.47,160496.16,1785308399999,307548018.42634,168853,81276.946,155763543.66008,2026-07-29 06:00:00
1785308400000,1919.48,1926.5,1913.2,1924.14,165652.861,1785311999999,317910608.27472,128553,88980.089,170795347.42185,2026-07-29 07:00:00
1785312000000,1924.13,1924.74,1911.06,1914.43,131190.353,1785315599999,251467154.34751,123103,57044.753,109333363.97528,2026-07-29 08:00:00
1785315600000,1914.43,1924.11,1914.14,1921.47,93391.821,1785319199999,179310258.53257,118335,51310.706,98522489.71886,2026-07-29 09:00:00
1785319200000,1921.47,1921.87,1907.66,1911.19,117244.509,1785322799999,224587205.11645,105160,44543.094,85348116.9304,2026-07-29 10:00:00
1785322800000,1911.2,1916.3,1909.31,1914.32,89627.149,1785326399999,171444904.54078,100032,48476.636,92731745.68517,2026-07-29 11:00:00
1785326400000,1914.31,1914.31,1902.07,1904.44,111777.407,1785329999999,213076906.14601,157262,52148.957,99406255.69194,2026-07-29 12:00:00
1785330000000,1904.43,1910.89,1894.64,1908.41,250336.607,1785333599999,476514632.6365,343968,127353.323,242478577.18621,2026-07-29 13:00:00
1785333600000,1908.4,1910.85,1890.15,1894.29,248041.077,1785337199999,470808407.52956,420531,128139.024,243228880.47935,2026-07-29 14:00:00
1785337200000,1894.3,1897.86,1886.28,1891.13,182942.266,1785340799999,346175168.27139,286657,85528.296,161861033.86122,2026-07-29 15:00:00
1785340800000,1891.13,1898.99,1886.48,1894.42,128888.116,1785344399999,243917297.25571,222818,69631.514,131778037.35398,2026-07-29 16:00:00
1785344400000,1894.42,1917.09,1893.58,1915.53,225590.739,1785347999999,429601081.63409,241896,129307.834,246276044.34005,2026-07-29 17:00:00
1785348000000,1915.53,1935.0,1892.79,1919.59,714242.791,1785351599999,1369905088.4186,804184,360469.191,691592125.75924,2026-07-29 18:00:00
1785351600000,1919.6,1922.0,1880.95,1887.91,474423.705,1785355199999,901073854.06889,607230,195066.359,370544046.25671,2026-07-29 19:00:00
1785355200000,1887.93,1891.13,1876.6,1883.11,238200.342,1785358799999,448902856.9522,354876,116264.683,219160075.6404,2026-07-29 20:00:00
1785358800000,1883.12,1897.88,1870.26,1897.44,188666.869,1785362399999,355433281.21584,201405,90377.099,170418945.85895,2026-07-29 21:00:00
1785362400000,1897.44,1910.87,1897.28,1906.43,175799.455,1785365999999,334954682.21915,191341,89120.269,169775299.3296,2026-07-29 22:00:00
1785366000000,1906.44,1912.5,1901.66,1909.68,92162.965,1785369599999,175752822.91898,133857,42716.342,81467690.90428,2026-07-29 23:00:00
1785369600000,1909.68,1914.21,1892.99,1897.35,147199.532,1785373199999,280136831.16618,197088,63752.952,121343386.47344,2026-07-30 00:00:00
1785373200000,1897.35,1921.91,1896.65,1916.28,253586.176,1785376799999,484515634.7489,303118,143206.182,273655912.04466,2026-07-30 01:00:00
1785376800000,1916.29,1919.43,1909.5,1910.4,106590.571,1785380399999,204096433.85052,137112,48211.044,92319335.17188,2026-07-30 02:00:00
1785380400000,1910.39,1914.7,1906.81,1909.4,79255.027,1785383999999,151450621.68569,110562,35356.434,67564164.80453,2026-07-30 03:00:00
1785384000000,1909.4,1910.34,1900.8,1901.39,79118.82,1785387599999,150757534.25572,103727,38192.911,72779707.49038,2026-07-30 04:00:00
1785387600000,1901.38,1908.95,1899.23,1905.53,103163.299,1785391199999,196414211.1153,138978,58318.542,111059455.45143,2026-07-30 05:00:00
1785391200000,1905.53,1906.16,1898.57,1900.45,53114.824,1785394799999,101034069.05752,89099,27372.343,52070822.32047,2026-07-30 06:00:00
1785394800000,1900.45,1907.51,1899.38,1902.38,86313.035,1785398399999,164341033.4831,120760,44816.297,85329636.63088,2026-07-30 07:00:00
1785398400000,1902.39,1917.49,1899.5,1914.27,137425.669,1785401999999,262617549.05134,166541,69251.94,132340484.11289,2026-07-30 08:00:00
1785402000000,1914.28,1924.42,1913.29,1917.48,129960.226,1785405599999,249349950.4941,135632,66787.544,128164099.274,2026-07-30 09:00:00
1785405600000,1917.49,1921.09,1915.45,1917.5,79566.67,1785409199999,152635722.41821,79405,39884.536,76515341.39967,2026-07-30 10:00:00
1785409200000,1917.5,1925.59,1915.77,1922.3,107194.488,1785412799999,205926056.3201,108528,58457.241,112318279.47495,2026-07-30 11:00:00
1785412800000,1922.3,1926.89,1918.67,1924.16,142693.909,1785416399999,274321101.86573,158019,68002.498,130750263.3656,2026-07-30 12:00:00
1785416400000,1924.16,1936.52,1916.1,1928.73,299284.123,1785419999999,576839620.5533,322867,160992.793,310357286.50534,2026-07-30 13:00:00
1785420000000,1928.73,1929.37,1912.1,1916.47,301185.456,1785423599999,578244006.6788,319644,139820.028,268452733.94409,2026-07-30 14:00:00
1785423600000,1916.48,1923.33,1913.52,1917.96,114688.947,1785427199999,219886834.45137,184850,60797.26,116584070.95058,2026-07-30 15:00:00
1785427200000,1917.96,1925.23,1915.0,1918.46,100848.94,1785430799999,193684296.07805,146875,55968.349,107492422.42804,2026-07-30 16:00:00
1785430800000,1918.47,1924.59,1915.27,1919.89,64767.229,1785434399999,124333733.93307,101439,34682.586,66577177.53988,2026-07-30 17:00:00
1785434400000,1919.89,1921.89,1914.0,1915.36,53537.163,1785437999999,102665406.41857,71654,25303.239,48526207.94101,2026-07-30 18:00:00
1785438000000,1915.36,1928.8,1915.01,1922.95,115328.353,1785441599999,221868120.11783,117042,55148.589,106083059.95921,2026-07-30 19:00:00
1785441600000,1922.96,1926.66,1919.0,1920.77,66433.128,1785445199999,127716444.83162,104308,34959.26,67207305.14805,2026-07-30 20:00:00
1785445200000,1920.78,1923.79,1916.24,1917.68,46779.968,1785448799999,89819914.92066,60637,23163.836,44478407.48653,2026-07-30 21:00:00
1785448800000,1917.68,1932.75,1915.12,1924.92,119192.061,1785452399999,229642802.36447,139242,62254.279,119953373.11373,2026-07-30 22:00:00
1785452400000,1924.91,1936.57,1916.67,1917.31,219896.256,1785455999999,423342547.50099,175168,111125.127,213962840.2876,2026-07-30 23:00:00
1785456000000,1917.31,1921.25,1914.0,1916.09,110161.111,1785459599999,211192892.52637,146032,51163.107,98087898.75311,2026-07-31 00:00:00
1785459600000,1916.09,1936.0,1905.87,1909.39,386519.743,1785463199999,742644683.59244,389793,190890.927,366849302.42847,2026-07-31 01:00:00
1785463200000,1909.38,1911.24,1900.53,1903.14,170134.287,1785466799999,324114686.80858,221582,74222.551,141409574.78969,2026-07-31 02:00:00
1785466800000,1903.13,1910.63,1898.16,1907.82,121095.771,1785470399999,230675493.89704,150990,63750.965,121470458.69303,2026-07-31 03:00:00
1785470400000,1907.82,1908.47,1902.19,1904.82,62456.373,1785473999999,118971588.27976,78057,30363.29,57838297.33022,2026-07-31 04:00:00
1785474000000,1904.82,1908.24,1900.5,1905.35,76663.618,1785477599999,145962347.48798,87175,37965.287,72288700.22999,2026-07-31 05:00:00
1785477600000,1905.34,1910.53,1899.33,1901.75,86698.591,1785481199999,165081944.99393,101997,43376.546,82613047.64745,2026-07-31 06:00:00
1785481200000,1901.75,1901.75,1883.18,1888.92,287364.925,1785484799999,543119715.14017,233909,129640.266,244977354.01259,2026-07-31 07:00:00
1785484800000,1888.93,1892.21,1887.22,1889.48,112626.197,1785488399999,212831323.75456,113978,51240.222,96823481.55615,2026-07-31 08:00:00
1785488400000,1889.48,1890.29,1880.2,1882.69,109178.269,1785491999999,205701078.16092,132592,46750.765,88078336.73397,2026-07-31 09:00:00
1785492000000,1882.69,1889.09,1876.68,1886.24,146933.64,1785495599999,276709888.37822,140490,76197.43,143528745.32112,2026-07-31 10:00:00
1785495600000,1886.24,1888.92,1881.6,1883.55,70063.672,1785499199999,132052727.82159,93606,34345.025,64741990.15712,2026-07-31 11:00:00
1785499200000,1883.55,1883.86,1872.54,1881.85,233149.116,1785502799999,437666463.78282,193139,108051.008,202861240.58567,2026-07-31 12:00:00
1785502800000,1881.85,1889.72,1863.78,1866.22,405650.505,1785506399999,761055642.35234,387246,191413.794,359285993.9025,2026-07-31 13:00:00
1785506400000,1866.22,1869.8,1847.28,1859.21,800020.384,1785509999999,1487845358.51265,714912,372929.928,693629958.61504,2026-07-31 14:00:00
1785510000000,1859.21,1865.65,1853.59,1861.94,214599.914,1785513599999,399131175.64846,278054,124520.954,231663837.67276,2026-07-31 15:00:00
1785513600000,1861.94,1866.5,1860.0,1863.74,104185.235,1785517199999,194137362.92361,167670,52765.674,98326790.01935,2026-07-31 16:00:00
1785517200000,1863.73,1877.4,1862.54,1874.12,137361.763,1785520799999,256990767.04772,180353,75807.703,141827626.9319,2026-07-31 17:00:00
1785520800000,1874.12,1875.88,1864.14,1870.89,85886.6,1785524399999,160626745.4533,117945,36802.074,68835695.53319,2026-07-31 18:00:00
1785524400000,1870.88,1873.14,1864.7,1867.4,56513.608,1785527999999,105572469.01782,99218,24586.134,45924273.06167,2026-07-31 19:00:00
1785528000000,1867.41,1870.0,1860.53,1861.64,78250.258,1785531599999,145941273.36892,109111,33232.696,61986740.048,2026-07-31 20:00:00
1785531600000,1861.63,1864.26,1858.58,1861.17,61961.514,1785535199999,115337886.12396,78667,33229.412,61859223.52815,2026-07-31 21:00:00
1785535200000,1861.16,1864.58,1857.89,1860.62,40740.002,1785538799999,75842076.26656,60040,19618.714,36523756.82548,2026-07-31 22:00:00
1785538800000,1860.62,1864.06,1860.06,1861.68,36692.537,1785542399999,68331713.1091,54393,15433.631,28742454.18153,2026-07-31 23:00:00
1785542400000,1861.68,1866.9,1861.31,1863.93,50280.16,1785545999999,93749731.84092,67723,28902.042,53893145.1863,2026-08-01 00:00:00
1785546000000,1863.92,1866.62,1863.92,1866.0,28969.346,1785549599999,54043314.18808,42748,15098.822,28167378.05262,2026-08-01 01:00:00
1785549600000,1866.0,1869.47,1865.86,1867.48,35508.432,1785553199999,66320796.50929,43725,18875.495,35253262.25274,2026-08-01 02:00:00
1785553200000,1867.48,1869.09,1865.63,1869.0,28493.138,1785556799999,53213341.68538,38352,16550.379,30911057.78763,2026-08-01 03:00:00
1785556800000,1869.01,1869.73,1867.0,1868.84,23351.003,1785560399999,43641194.44855,29860,12259.62,22912156.73074,2026-08-01 04:00:00
1785560400000,1868.84,1870.32,1864.17,1866.6,36342.654,1785563999999,67853460.84558,41378,15270.529,28514030.55099,2026-08-01 05:00:00
1785564000000,1866.59,1870.0,1865.37,1869.47,34485.642,1785567599999,64431327.38239,39494,18852.933,35226218.24568,2026-08-01 06:00:00
1785567600000,1869.47,1871.21,1867.39,1868.9,31346.383,1785571199999,58596008.19612,34346,15735.523,29416208.15971,2026-08-01 07:00:00
1785571200000,1868.9,1869.3,1866.58,1868.45,30071.957,1785574799999,56170701.42792,31330,14031.876,26210290.29436,2026-08-01 08:00:00
1785574800000,1868.45,1869.72,1866.56,1866.99,41007.92,1785578399999,76622978.70329,39179,15393.594,28763167.7423,2026-08-01 09:00:00
1785578400000,1866.98,1868.19,1862.0,1866.45,91811.561,1785581999999,171210240.18245,67706,39769.643,74170769.57146,2026-08-01 10:00:00
1785582000000,1866.45,1866.98,1865.07,1866.17,23774.877,1785585599999,44363531.88729,28502,11157.718,20820907.19116,2026-08-01 11:00:00
1785585600000,1866.18,1869.46,1866.17,1868.35,40291.766,1785589199999,75249634.88064,43560,25864.782,48305896.92809,2026-08-01 12:00:00
1785589200000,1868.36,1868.86,1866.82,1868.36,21296.142,1785592799999,39780930.16308,29286,10434.91,19492771.54656,2026-08-01 13:00:00
1785592800000,1868.36,1874.42,1868.36,1874.32,56569.725,1785596399999,105860753.8656,57195,33272.391,62265282.42085,2026-08-01 14:00:00
1785596400000,1874.32,1874.44,1869.17,1869.2,40288.258,1785599999999,75404081.11823,48994,18252.955,34162919.87192,2026-08-01 15:00:00
1785600000000,1869.19,1872.96,1865.34,1867.93,48721.448,1785603599999,91052963.91313,74490,22829.82,42672659.99592,2026-08-01 16:00:00
1785603600000,1867.92,1869.32,1856.29,1861.19,111438.949,1785607199999,207462512.49842,126454,43288.856,80594445.14828,2026-08-01 17:00:00
1785607200000,1861.18,1862.11,1820.61,1835.75,721214.209,1785610799999,1325866085.50199,536773,292588.858,537437348.53253,2026-08-01 18:00:00
1785610800000,1835.74,1839.7,1832.85,1836.48,138336.668,1785614399999,254055251.03251,154064,70886.126,130205111.883,2026-08-01 19:00:00
1785614400000,1836.47,1839.64,1832.14,1837.48,64338.307,1785617999999,118110996.83532,97563,36032.231,66153469.45078,2026-08-01 20:00:00
1785618000000,1837.48,1845.22,1835.83,1844.9,77440.819,1785621599999,142584297.26086,99681,45846.553,84408847.30209,2026-08-01 21:00:00
1785621600000,1844.9,1848.63,1843.85,1846.46,52004.855,1785625199999,96029143.6869,62664,26108.997,48210265.20902,2026-08-01 22:00:00
1785625200000,1846.47,1848.18,1842.56,1844.17,46228.391,1785628799999,85286074.67903,58522,22987.786,42409957.19432,2026-08-01 23:00:00
1785628800000,1844.17,1848.85,1843.03,1846.06,65918.614,1785632399999,121666541.01402,74804,34219.913,63166732.31316,2026-08-02 00:00:00
1785632400000,1846.06,1858.78,1845.92,1856.29,129182.205,1785635999999,239494304.80274,102632,81841.406,151706276.51838,2026-08-02 01:00:00
1785636000000,1856.3,1885.0,1855.58,1876.2,385737.15,1785639599999,722899222.78126,336813,212203.409,397567160.78232,2026-08-02 02:00:00
1785639600000,1876.2,1879.6,1873.68,1876.61,88372.387,1785643199999,165825539.68178,115435,43570.509,81759009.69096,2026-08-02 03:00:00
1785643200000,1876.61,1881.97,1876.61,1880.23,77100.868,1785646799999,144882160.76936,97554,41064.791,77173152.96175,2026-08-02 04:00:00
1785646800000,1880.22,1882.2,1874.25,1875.67,87745.941,1785650399999,164715274.75019,84118,35163.241,66016642.14729,2026-08-02 05:00:00
1785650400000,1875.67,1878.86,1874.12,1876.72,43703.172,1785653999999,82002566.71972,52900,22418.19,42065473.76947,2026-08-02 06:00:00
1785654000000,1876.71,1878.12,1874.68,1875.32,26780.202,1785657599999,50249400.08675,34405,12263.971,23014221.93263,2026-08-02 07:00:00
1785657600000,1875.31,1878.26,1865.65,1867.34,109050.345,1785661199999,204033860.58624,100250,42106.033,78784390.8523,2026-08-02 08:00:00
1785661200000,1867.35,1872.16,1861.46,1870.21,95656.44,1785664799999,178644608.27697,96239,50291.896,93939909.11704,2026-08-02 09:00:00
1785664800000,1870.22,1870.29,1864.53,1867.76,42910.349,1785668399999,80136916.29786,52056,19697.307,36784975.40065,2026-08-02 10:00:00
1785668400000,1867.76,1868.79,1848.18,1851.75,214464.868,1785671999999,398272634.29847,214757,77045.077,143081626.05717,2026-08-02 11:00:00
1785672000000,1851.74,1859.81,1851.31,1855.98,107250.131,1785675599999,199056203.39762,120930,55076.36,102221944.89013,2026-08-02 12:00:00
1785675600000,1855.99,1857.36,1851.35,1853.96,52441.581,1785679199999,97258912.32057,68877,26083.173,48379457.41545,2026-08-02 13:00:00
1785679200000,1853.96,1858.77,1851.3,1854.0,67834.118,1785682799999,125855303.66508,86355,38413.889,71269978.52635,2026-08-02 14:00:00
1785682800000,1854.01,1862.28,1852.8,1857.77,72931.328,1785686399999,135533294.94246,69328,42406.087,78809780.20562,2026-08-02 15:00:00
1785686400000,1857.77,1864.88,1854.89,1862.37,96866.349,1785689999999,180288840.40706,96090,58296.684,108513422.00305,2026-08-02 16:00:00
1785690000000,1862.38,1869.99,1861.5,1867.79,67284.258,1785693599999,125564562.6342,81726,40864.405,76261192.37258,2026-08-02 17:00:00
1785693600000,1867.79,1887.0,1867.56,1875.16,205963.42,1785697199999,386684266.48164,172860,120188.988,225660169.15257,2026-08-02 18:00:00
1785697200000,1875.15,1883.28,1874.05,1881.39,99175.013,1785700799999,186272170.19992,94162,62568.294,117521670.40203,2026-08-02 19:00:00
1785700800000,1881.39,1885.18,1879.05,1883.04,67983.715,1785704399999,127911125.34898,82729,37199.547,69996143.86219,2026-08-02 20:00:00
1785704400000,1883.04,1898.5,1881.46,1889.74,186760.004,1785707999999,352976323.05661,187902,106717.54,201708647.65375,2026-08-02 21:00:00
1785708000000,1889.74,1897.1,1879.29,1881.3,188934.557,1785711599999,356713552.83569,203934,78586.592,148418456.47645,2026-08-02 22:00:00
1785711600000,1881.3,1884.68,1875.31,1884.37,92149.728,1785715199999,173308854.6666,125163,48913.086,92006381.18685,2026-08-02 23:00:00
1785715200000,1884.38,1885.16,1870.63,1873.02,129388.477,1785718799999,242709579.34623,161105,56829.142,106622762.56147,2026-08-03 00:00:00
1785718800000,1873.01,1874.61,1865.07,1866.38,116763.145,1785722399999,218277680.31501,142579,58841.562,110008354.13837,2026-08-03 01:00:00
1785722400000,1866.37,1871.18,1861.67,1863.41,100528.029,1785725999999,187584709.93955,122775,49179.832,91793161.45669,2026-08-03 02:00:00
1785726000000,1863.4,1864.86,1850.01,1856.18,169586.189,1785729599999,315066546.62962,157538,69009.936,128225811.98618,2026-08-03 03:00:00
1785729600000,1856.19,1862.22,1853.73,1854.01,115925.283,1785733199999,215429451.61729,110066,58323.044,108406824.63757,2026-08-03 04:00:00
1785733200000,1854.01,1859.8,1852.53,1858.87,81061.909,1785736799999,150499962.42739,84074,41855.878,77719409.47297,2026-08-03 05:00:00
1785736800000,1858.87,1860.19,1845.4,1848.24,161004.137,1785740399999,298173036.82235,150758,67519.578,125083047.14884,2026-08-03 06:00:00
1785740400000,1848.24,1848.96,1838.56,1843.0,220237.305,1785743999999,406035268.59355,198969,102329.218,188667837.06115,2026-08-03 07:00:00
1785744000000,1843.0,1844.74,1827.18,1839.42,327847.038,1785747599999,601539638.13115,258002,147986.051,271535125.48574,2026-08-03 08:00:00
1785747600000,1839.42,1853.0,1838.24,1851.8,189619.91,1785751199999,349672737.65949,127823,115478.986,212999617.40292,2026-08-03 09:00:00
1785751200000,1851.8,1853.58,1839.24,1845.38,159026.767,1785754799999,293765491.99485,123917,59285.921,109529957.30125,2026-08-03 10:00:00
1785754800000,1845.39,1847.03,1837.54,1838.97,142335.701,1785758399999,262218313.01932,123787,68752.857,126698483.42461,2026-08-03 11:00:00
1785758400000,1838.97,1844.56,1835.61,1842.69,117177.839,1785761999999,215678922.44063,125913,67142.679,123596156.61994,2026-08-03 12:00:00
1785762000000,1842.69,1859.73,1837.6,1858.27,306417.653,1785765599999,566484460.6732,349023,163693.003,302661561.48341,2026-08-03 13:00:00
1785765600000,1858.27,1873.32,1850.47,1872.82,419892.226,1785769199999,782158320.82212,519561,220226.908,410265789.97937,2026-08-03 14:00:00
1785769200000,1872.82,1873.13,1859.16,1862.54,182739.206,1785772799999,340815611.9328,247050,73057.132,136248069.65421,2026-08-03 15:00:00
1785772800000,1862.54,1871.5,1860.74,1865.51,116855.992,1785776399999,218128802.26333,184752,62400.461,116489743.16232,2026-08-03 16:00:00
1785776400000,1865.51,1874.12,1862.41,1868.09,102204.156,1785779999999,190991911.75136,152586,52556.477,98228949.12698,2026-08-03 17:00:00
1785780000000,1868.08,1873.2,1865.59,1868.11,77614.319,1785783599999,145073271.41895,115889,38529.383,72022512.84536,2026-08-03 18:00:00
1785783600000,1868.1,1875.98,1867.28,1869.26,83871.075,1785787199999,156955744.04063,118262,47296.317,88522871.48316,2026-08-03 19:00:00
1785787200000,1869.27,1875.11,1865.67,1868.26,66570.019,1785790799999,124489466.03069,82722,30271.02,56610140.03073,2026-08-03 20:00:00
1785790800000,1868.25,1868.47,1862.58,1862.89,60555.819,1785794399999,112965717.29161,66487,23953.947,44686125.29546,2026-08-03 21:00:00
1785794400000,1862.89,1865.63,1851.0,1859.63,159222.318,1785797999999,295805936.41054,149261,70326.816,130677738.9505,2026-08-03 22:00:00
1785798000000,1859.63,1859.83,1855.37,1859.78,39670.877,1785801599999,73698014.62341,68897,20379.662,37858332.8358,2026-08-03 23:00:00
1785801600000,1859.78,1862.46,1847.5,1850.55,163582.379,1785805199999,303246502.73242,198996,83652.521,155088061.87286,2026-08-04 00:00:00
1785805200000,1850.54,1868.99,1848.23,1866.8,158854.518,1785808799999,295592616.19253,208939,94218.184,175295483.68853,2026-08-04 01:00:00
1785808800000,1866.8,1871.27,1861.25,1865.51,93892.116,1785812399999,175185671.73604,126886,40372.981,75350448.42334,2026-08-04 02:00:00
1785812400000,1865.5,1866.41,1857.49,1863.56,75403.627,1785815999999,140370777.25458,97583,42075.137,78322811.32049,2026-08-04 03:00:00
1785816000000,1863.55,1874.08,1861.3,1867.37,100011.238,1785819599999,186868922.4463,120128,53478.393,99941076.13409,2026-08-04 04:00:00
1785819600000,1867.36,1869.91,1863.33,1863.57,55677.413,1785823199999,103855984.61655,76959,24719.377,46113970.66783,2026-08-04 05:00:00
1785823200000,1863.56,1867.72,1853.3,1856.22,126906.415,1785826799999,235963033.91559,120117,60226.875,111990460.051,2026-08-04 06:00:00
1785826800000,1856.22,1864.27,1852.55,1863.11,126399.09,1785830399999,234956191.90324,123038,68419.873,127194565.38981,2026-08-04 07:00:00
1785830400000,1863.11,1865.3,1856.05,1857.25,69954.353,1785833999999,130129735.83107,82566,35904.209,66783183.31263,2026-08-04 08:00:00
1785834000000,1857.24,1858.43,1852.78,1857.92,80488.85,1785837599999,149361707.21624,84343,33455.133,62085202.46068,2026-08-04 09:00:00
1785837600000,1857.93,1872.49,1853.22,1866.14,153257.476,1785841199999,285572494.29615,153220,87306.535,162678669.32916,2026-08-04 10:00:00
1785841200000,1866.13,1874.12,1865.39,1871.98,122662.551,1785844799999,229323078.48511,138286,64620.073,120829233.0081,2026-08-04 11:00:00
1785844800000,1871.99,1881.72,1867.18,1874.31,170784.754,1785848399999,320218355.20637,173402,98609.228,184919739.91588,2026-08-04 12:00:00
1785848400000,1874.31,1876.78,1859.1,1861.13,242768.006,1785851999999,453714607.42401,323200,120625.924,225491460.04889,2026-08-04 13:00:00
1785852000000,1861.13,1874.97,1857.38,1872.22,233878.106,1785855599999,436532963.16101,372870,120483.897,224893793.38919,2026-08-04 14:00:00
1785855600000,1872.23,1877.14,1861.0,1872.24,190723.5,1785859199999,356609502.42296,237736,95625.125,178810997.41431,2026-08-04 15:00:00
1785859200000,1872.24,1872.88,1864.52,1868.99,88771.131,1785862799999,165947544.818,144331,47804.704,89358805.37342,2026-08-04 16:00:00
1785862800000,1868.99,1877.14,1866.0,1868.59,144072.918,1785866399999,269763733.22285,194155,65197.095,122071437.89741,2026-08-04 17:00:00
1785866400000,1868.6,1880.43,1868.32,1874.5,131909.857,1785869999999,247477765.38927,156302,68510.931,128533703.11847,2026-08-04 18:00:00
1785870000000,1874.49,1880.95,1873.08,1874.46,81083.298,1785873599999,152166979.97948,105765,44494.298,83504925.96313,2026-08-04 19:00:00
1785873600000,1874.46,1879.11,1865.31,1875.82,122403.712,1785877199999,229190269.39239,127044,61564.382,115267991.79655,2026-08-04 20:00:00
1785877200000,1875.81,1875.85,1870.9,1871.35,30894.69,1785880799999,57861843.85789,60467,16431.793,30772360.79612,2026-08-04 21:00:00
1785880800000,1871.36,1876.0,1867.5,1874.71,44472.334,1785884399999,83268946.8448,74321,22588.313,42287842.73654,2026-08-04 22:00:00
1785884400000,1874.71,1880.8,1868.0,1868.9,98653.037,1785887999999,184850122.48415,113083,52399.101,98167575.96631,2026-08-04 23:00:00
1785888000000,1868.9,1872.88,1862.0,1863.09,128842.495,1785891599999,240497036.21851,146063,53834.476,100503858.04429,2026-08-05 00:00:00
1785891600000,1863.09,1873.78,1860.3,1872.57,82646.702,1785895199999,154335468.1747,113182,44498.741,83091841.38741,2026-08-05 01:00:00
1785895200000,1872.56,1877.45,1871.66,1873.7,90517.991,1785898799999,169671754.39617,124635,42431.817,79537981.47578,2026-08-05 02:00:00
1785898800000,1873.69,1875.49,1862.75,1866.86,137276.952,1785902399999,256278240.44727,124416,64613.679,120603443.33142,2026-08-05 03:00:00
1785902400000,1866.87,1868.85,1864.09,1866.47,39457.699,1785905999999,73647063.51008,50513,19831.756,37015371.89129,2026-08-05 04:00:00
1785906000000,1866.47,1877.0,1866.17,1872.51,83414.374,1785909599999,156193645.52211,79450,40441.572,75722307.90156,2026-08-05 05:00:00
1785909600000,1872.51,1872.91,1867.16,1868.84,57259.038,1785913199999,107037888.35148,66219,29529.468,55197974.60391,2026-08-05 06:00:00
1785913200000,1868.84,1871.86,1862.5,1871.85,150064.215,1785916799999,279931303.30561,111701,77914.508,145372041.34171,2026-08-05 07:00:00
1785916800000,1871.86,1874.0,1867.07,1868.98,85843.383,1785920399999,160591544.7879,77839,35306.32,66050953.26202,2026-08-05 08:00:00
1785920400000,1868.98,1873.99,1867.99,1870.98,64696.912,1785923999999,121106548.41909,59395,23356.574,43720324.81201,2026-08-05 09:00:00
1785924000000,1870.97,1875.38,1865.0,1867.38,113995.737,1785927599999,213169418.26255,95858,59602.789,111483413.58489,2026-08-05 10:00:00
1785927600000,1867.39,1870.26,1866.22,1867.93,45906.476,1785931199999,85764044.84315,62990,23981.888,44804414.71903,2026-08-05 11:00:00
1785931200000,1867.93,1884.68,1866.48,1875.22,272935.151,1785934799999,512521683.70177,222169,154860.836,290792877.1053,2026-08-05 12:00:00
1785934800000,1875.21,1878.82,1854.51,1877.85,484214.62,1785938399999,903744167.51783,433454,230485.83,430305085.79167,2026-08-05 13:00:00
1785938400000,1877.84,1882.0,1868.25,1875.06,232741.15,1785941999999,436496176.54693,349518,114980.984,215664000.95665,2026-08-05 14:00:00
1785942000000,1875.06,1882.07,1872.0,1872.91,166329.745,1785945599999,312236479.76026,206187,88783.719,166694256.1848,2026-08-05 15:00:00
1785945600000,1872.91,1896.7,1872.4,1894.79,374936.837,1785949199999,708149313.10481,317344,210434.218,397393367.01953,2026-08-05 16:00:00
1785949200000,1894.8,1916.88,1890.21,1915.93,354618.966,1785952799999,675512279.04658,316162,203470.629,387644044.06683,2026-08-05 17:00:00
1785952800000,1915.93,1927.19,1913.0,1917.23,324955.506,1785956399999,623534236.55596,305546,168058.468,322554226.28415,2026-08-05 18:00:00
1785956400000,1917.23,1920.18,1914.78,1916.09,82435.279,1785959999999,158097193.74129,122407,34034.742,65277379.428,2026-08-05 19:00:00
1785960000000,1916.09,1923.94,1915.5,1916.19,122045.841,1785963599999,234193508.19309,120095,59194.219,113597577.02071,2026-08-05 20:00:00
1785963600000,1916.2,1916.56,1906.03,1907.75,151418.468,1785967199999,289178197.12949,155647,64813.427,123755572.22885,2026-08-05 21:00:00
1785967200000,1907.76,1912.42,1905.43,1906.0,67915.219,1785970799999,129660279.72847,94801,32592.218,62228250.53167,2026-08-05 22:00:00
1785970800000,1905.99,1911.32,1903.14,1907.95,58660.968,1785974399999,111904731.41836,79732,28434.525,54248558.62142,2026-08-05 23:00:00
1785974400000,1907.95,1912.99,1906.16,1909.39,68301.479,1785977999999,130435204.04644,103369,36614.175,69921973.8296,2026-08-06 00:00:00
1785978000000,1909.39,1910.29,1902.2,1905.93,84272.171,1785981599999,160639540.37417,104498,35822.717,68292278.05842,2026-08-06 01:00:00
1785981600000,1905.93,1910.0,1893.62,1898.17,210698.015,1785985199999,400270351.06115,173180,94656.931,179835253.03302,2026-08-06 02:00:00
1785985200000,1898.18,1898.91,1894.2,1897.94,76944.95,1785988799999,145924747.45779,95051,35710.178,67723433.59068,2026-08-06 03:00:00
1785988800000,1897.94,1907.48,1894.67,1906.84,104071.239,1785992399999,197993713.72062,112117,61081.422,116204880.87351,2026-08-06 04:00:00
1785992400000,1906.85,1917.99,1906.28,1913.49,168887.009,1785995999999,323102244.4459,167859,90864.497,173842603.95445,2026-08-06 05:00:00
1785996000000,1913.5,1913.94,1908.61,1912.8,48758.598,1785999599999,93200358.69952,71422,25971.154,49642857.86011,2026-08-06 06:00:00
1785999600000,1912.79,1914.51,1906.5,1908.52,67175.777,1786003199999,128320160.71931,74345,34684.484,66265576.35898,2026-08-06 07:00:00
1786003200000,1908.53,1920.92,1907.53,1915.44,112256.66,1786006799999,214887209.6999,106718,63602.752,121765321.47326,2026-08-06 08:00:00
1786006800000,1915.43,1916.11,1903.65,1906.68,174549.181,1786010399999,333114793.68176,137525,84985.847,162180810.60311,2026-08-06 09:00:00
1786010400000,1906.68,1906.68,1900.1,1901.78,94884.141,1786013999999,180589407.46472,100316,43953.336,83660371.24301,2026-08-06 10:00:00
1786014000000,1901.78,1908.32,1895.8,1906.89,124238.799,1786017599999,236433150.41292,113534,68821.434,130991229.51616,2026-08-06 11:00:00
1786017600000,1906.88,1907.24,1898.0,1898.19,115611.123,1786021199999,219925682.20476,112298,53751.159,102259832.25936,2026-08-06 12:00:00
1786021200000,1898.19,1910.51,1891.46,1906.47,275844.5,1786024799999,523996748.26303,309463,145001.881,275464755.75055,2026-08-06 13:00:00
1786024800000,1906.47,1918.21,1902.39,1914.06,222586.359,1786028399999,425101467.86486,273860,113681.359,217164250.95203,2026-08-06 14:00:00
1786028400000,1914.06,1919.06,1909.15,1909.88,199955.115,1786031999999,382814183.76408,245427,91091.389,174423658.95615,2026-08-06 15:00:00
1786032000000,1909.88,1916.15,1907.29,1914.72,118274.746,1786035599999,226060840.57368,182307,62130.238,118763005.54948,2026-08-06 16:00:00
1786035600000,1914.72,1917.89,1909.2,1913.1,73296.829,1786039199999,140274090.76355,109406,33300.316,63733140.57431,2026-08-06 17:00:00
1786039200000,1913.11,1913.26,1903.06,1905.21,96482.715,1786042799999,184043288.76281,116749,42125.942,80351242.80659,2026-08-06 18:00:00
1786042800000,1905.22,1910.39,1905.01,1908.77,62775.778,1786046399999,119744681.4301,84340,33502.697,63909553.19234,2026-08-06 19:00:00
1786046400000,1908.77,1909.84,1905.0,1906.16,37251.995,1786049999999,71049280.54374,55101,15177.874,28947442.02358,2026-08-06 20:00:00
1786050000000,1906.16,1908.67,1904.8,1905.25,29518.801,1786053599999,56277043.27227,50820,15572.698,29688132.5537,2026-08-06 21:00:00
1786053600000,1905.25,1906.55,1901.4,1904.18,43366.187,1786057199999,82561808.14131,64505,22422.079,42689106.17535,2026-08-06 22:00:00
1786057200000,1904.17,1905.12,1897.82,1903.12,57176.759,1786060799999,108681929.99444,73861,27959.752,53149654.35181,2026-08-06 23:00:00
1786060800000,1903.11,1904.62,1898.78,1903.0,58323.594,1786064399999,110912596.26895,89237,31549.292,59996767.72153,2026-08-07 00:00:00
1786064400000,1903.0,1906.83,1898.01,1902.45,62891.795,1786067999999,119651716.56728,109555,36227.432,68924137.21106,2026-08-07 01:00:00
1786068000000,1902.45,1907.89,1896.66,1901.75,93402.255,1786071599999,177661576.22115,116753,42576.829,80993596.46215,2026-08-07 02:00:00
1786071600000,1901.74,1902.9,1895.0,1896.53,71949.278,1786075199999,136622885.29232,91570,32086.027,60934715.6069,2026-08-07 03:00:00
1786075200000,1896.52,1899.86,1893.37,1896.48,78327.197,1786078799999,148567597.85461,91791,36777.273,69766952.14309,2026-08-07 04:00:00
1786078800000,1896.49,1901.74,1894.57,1900.79,59384.363,1786082399999,112700661.41494,75190,30744.084,58344447.47251,2026-08-07 05:00:00
1786082400000,1900.78,1906.91,1898.87,1903.81,86858.295,1786085999999,165343168.80467,90459,44959.989,85586758.07724,2026-08-07 06:00:00
1786086000000,1903.81,1906.55,1901.65,1901.66,53866.395,1786089599999,102583044.42273,64192,26571.772,50604460.37411,2026-08-07 07:00:00
1786089600000,1901.65,1914.61,1901.2,1909.9,136276.541,1786093199999,259977772.55751,111832,80149.31,152920119.30239,2026-08-07 08:00:00
1786093200000,1909.89,1917.33,1909.62,1912.41,166504.659,1786096799999,318595927.41399,142909,88003.26,168383794.52054,2026-08-07 09:00:00
1786096800000,1912.41,1915.52,1911.28,1912.13,58826.245,1786100399999,112559886.53878,59342,23612.512,45181134.42213,2026-08-07 10:00:00
1786100400000,1912.13,1920.5,1911.83,1915.51,107479.825,1786103999999,205992828.83972,97072,58404.737,111945177.58337,2026-08-07 11:00:00
1786104000000,1915.51,1943.0,1915.5,1931.26,601609.381,1786107599999,1161404933.69642,476144,343450.532,662979545.45407,2026-08-07 12:00:00
1786107600000,1931.27,1934.39,1920.2,1922.5,186377.027,1786111199999,359266368.44231,280907,78517.734,151377186.77073,2026-08-07 13:00:00
1786111200000,1922.5,1925.5,1909.34,1912.74,367262.388,1786114799999,703878763.27505,421686,165221.104,316705665.00926,2026-08-07 14:00:00
1786114800000,1912.74,1920.5,1912.0,1916.99,111741.133,1786118399999,214156530.33075,178993,58642.511,112398000.59568,2026-08-07 15:00:00
1786118400000,1916.98,1924.41,1908.21,1908.56,140511.717,1786121999999,269260025.49806,186228,62490.884,119754729.30546,2026-08-07 16:00:00
1786122000000,1908.56,1912.08,1903.5,1911.41,169404.217,1786125599999,323168298.8546,196368,76927.86,146788871.20893,2026-08-07 17:00:00
1786125600000,1911.42,1914.46,1905.33,1908.93,65423.13,1786129199999,124960333.05777,87819,32698.26,62454822.46151,2026-08-07 18:00:00
1786129200000,1908.94,1919.38,1908.94,1917.85,72829.821,1786132799999,139503263.82273,98464,33576.961,64307628.65262,2026-08-07 19:00:00
1786132800000,1917.85,1919.38,1913.4,1913.97,35331.941,1786136399999,67690729.52321,49825,15931.79,30521294.54415,2026-08-07 20:00:00
1786136400000,1913.96,1921.47,1911.8,1915.65,65169.903,1786139999999,124903016.57282,64929,38550.799,73892168.53662,2026-08-07 21:00:00
1786140000000,1915.65,1915.69,1913.0,1913.93,27476.411,1786143599999,52595572.28096,36844,13172.555,25214854.67397,2026-08-07 22:00:00
1786143600000,1913.93,1915.53,1912.95,1913.07,23470.073,1786147199999,44927133.62871,22277,10878.807,20825758.34261,2026-08-07 23:00:00
1786147200000,1913.07,1913.91,1911.26,1913.41,24521.154,1786150799999,46907819.12356,30765,11004.958,21052328.26078,2026-08-08 00:00:00
1786150800000,1913.4,1915.72,1913.12,1913.81,35585.34,1786154399999,68115737.71547,38248,21534.607,41219994.08719,2026-08-08 01:00:00
1786154400000,1913.81,1913.82,1911.36,1912.27,19447.451,1786157999999,37190988.86092,25150,7791.278,14899374.95817,2026-08-08 02:00:00
1786158000000,1912.27,1918.31,1912.26,1917.2,33389.902,1786161599999,63970270.62686,39065,19186.248,36755820.9468,2026-08-08 03:00:00
1786161600000,1917.2,1918.62,1915.5,1916.12,20503.737,1786165199999,39301561.49377,30565,9183.275,17602983.69375,2026-08-08 04:00:00
1786165200000,1916.13,1918.1,1914.85,1916.69,19088.228,1786168799999,36578955.84955,26254,10013.038,19188608.05482,2026-08-08 05:00:00
1786168800000,1916.69,1917.12,1915.32,1915.66,15968.244,1786172399999,30597437.54272,25356,7724.852,14801770.37517,2026-08-08 06:00:00
1786172400000,1915.66,1915.94,1913.0,1914.29,18014.255,1786175999999,34485897.89073,21624,7605.003,14558036.01816,2026-08-08 07:00:00
1786176000000,1914.3,1916.81,1913.84,1916.02,21118.661,1786179599999,40453800.119,22023,11829.989,22659290.19198,2026-08-08 08:00:00
1786179600000,1916.03,1923.32,1915.26,1918.05,64838.903,1786183199999,124436207.19301,44283,46341.032,88941035.58752,2026-08-08 09:00:00
1786183200000,1918.05,1922.0,1918.05,1920.36,31235.948,1786186799999,59980092.52967,32726,15965.545,30655702.44817,2026-08-08 10:00:00
1786186800000,1920.36,1922.92,1918.54,1920.05,26617.237,1786190399999,51104375.10459,33273,12508.954,24017817.54518,2026-08-08 11:00:00
1786190400000,1920.04,1921.66,1917.84,1918.39,28862.658,1786193999999,55406556.78205,34454,13724.734,26348842.82377,2026-08-08 12:00:00
1786194000000,1918.38,1919.87,1917.71,1919.24,19997.9,1786197599999,38367636.83585,22632,12193.952,23394846.42311,2026-08-08 13:00:00
1786197600000,1919.24,1925.85,1919.23,1923.0,78405.06,1786201199999,150747567.44049,71513,44718.509,85979378.69511,2026-08-08 14:00:00
1786201200000,1923.0,1923.7,1920.5,1921.85,30204.298,1786204799999,58053699.74904,39343,14170.053,27235261.24878,2026-08-08 15:00:00
1786204800000,1921.84,1924.26,1920.76,1921.68,27475.828,1786208399999,52813606.28212,35632,14317.263,27522930.06768,2026-08-08 16:00:00
1786208400000,1921.68,1925.55,1921.32,1923.05,35781.198,1786211999999,68827670.4372,37906,18514.722,35614856.71066,2026-08-08 17:00:00
1786212000000,1923.05,1923.06,1918.4,1920.49,35742.175,1786215599999,68642428.38992,32047,10874.58,20881873.59321,2026-08-08 18:00:00
1786215600000,1920.49,1920.81,1918.5,1919.61,23488.093,1786219199999,45092386.88845,28402,11466.917,22014583.62825,2026-08-08 19:00:00
1786219200000,1919.61,1920.48,1918.85,1919.41,16130.87,1786222799999,30965541.3958,22072,8467.738,16255175.00894,2026-08-08 20:00:00
1786222800000,1919.41,1921.99,1919.28,1919.89,17271.076,1786226399999,33166190.76428,26358,8911.325,17112978.25375,2026-08-08 21:00:00
1786226400000,1919.88,1920.71,1915.63,1915.93,37300.392,1786229999999,71545106.24958,36541,12163.984,23335378.68343,2026-08-08 22:00:00
1786230000000,1915.93,1918.45,1913.68,1915.98,44118.351,1786233599999,84530101.43215,44763,21793.08,41758970.82424,2026-08-08 23:00:00
1786233600000,1915.98,1918.3,1915.34,1917.15,24128.97,1786237199999,46249355.89887,32434,15047.079,28842718.41419,2026-08-09 00:00:00
1786237200000,1917.14,1919.37,1912.09,1915.31,34766.388,1786240799999,66591408.12752,42470,15702.468,30080456.80408,2026-08-09 01:00:00
1786240800000,1915.3,1915.95,1912.42,1913.86,30499.468,1786244399999,58386698.13574,32360,11345.173,21720024.87425,2026-08-09 02:00:00
1786244400000,1913.86,1914.02,1911.1,1913.07,38735.0,1786247999999,74085459.80508,36679,14649.861,28022093.37473,2026-08-09 03:00:00
1786248000000,1913.06,1915.24,1912.0,1912.43,26421.001,1786251599999,50554103.57014,30011,13180.83,25222332.87774,2026-08-09 04:00:00
1786251600000,1912.43,1914.19,1912.07,1913.63,15738.885,1786255199999,30112781.44895,22755,8912.365,17051475.61162,2026-08-09 05:00:00
1786255200000,1913.62,1919.0,1913.0,1918.5,45557.43,1786258799999,87303142.22664,43593,27817.778,53308389.73674,2026-08-09 06:00:00
1786258800000,1918.51,1918.65,1916.3,1918.28,26433.396,1786262399999,50680823.06346,29034,13722.754,26310346.25903,2026-08-09 07:00:00
1786262400000,1918.29,1924.63,1913.1,1914.89,116765.531,1786265999999,224039916.54898,89986,52483.903,100732691.94078,2026-08-09 08:00:00
1786266000000,1914.88,1920.84,1912.3,1920.83,63440.382,1786269599999,121563095.32249,53069,36613.109,70162476.38101,2026-08-09 09:00:00
1786269600000,1920.84,1922.49,1918.63,1919.3,50800.659,1786273199999,97570992.37071,45507,24464.005,46988329.20929,2026-08-09 10:00:00
1786273200000,1919.3,1920.84,1917.5,1918.35,29700.71,1786276799999,56998569.91456,29811,12358.663,23719408.57734,2026-08-09 11:00:00
1786276800000,1918.34,1918.5,1915.59,1916.63,37628.21,1786280399999,72124820.25735,34619,14270.81,27354088.55204,2026-08-09 12:00:00
1786280400000,1916.62,1925.86,1916.62,1922.64,117717.281,1786283999999,226332364.257,96997,70606.802,135740020.65157,2026-08-09 13:00:00
1786284000000,1922.64,1926.84,1921.71,1924.37,67397.523,1786287599999,129675126.92484,69608,36964.606,71124295.02443,2026-08-09 14:00:00
1786287600000,1924.37,1926.69,1923.47,1925.75,54523.461,1786291199999,104997444.49117,56504,30604.235,58937010.13265,2026-08-09 15:00:00
1786291200000,1925.75,1926.21,1920.57,1923.43,49481.799,1786294799999,95167963.61989,53199,19542.493,37585864.34295,2026-08-09 16:00:00
1786294800000,1923.43,1924.0,1922.17,1922.31,20626.573,1786298399999,39672581.32719,24956,9757.951,18768214.45116,2026-08-09 17:00:00
1786298400000,1922.31,1923.29,1918.0,1920.71,46014.63,1786301999999,88373335.28678,37430,16332.759,31371050.73016,2026-08-09 18:00:00
1786302000000,1920.71,1921.71,1920.42,1921.16,17167.151,1786305599999,32980565.75299,19762,8589.378,16501615.33871,2026-08-09 19:00:00
1786305600000,1921.15,1921.48,1917.1,1919.99,29607.725,1786309199999,56824460.82912,44607,14754.841,28317739.07905,2026-08-09 20:00:00
1786309200000,1919.98,1926.33,1918.79,1923.84,41154.776,1786312799999,79168134.49014,42053,21294.249,40962960.48935,2026-08-09 21:00:00
1786312800000,1923.85,1937.67,1914.05,1918.67,256196.344,1786316399999,493361064.81659,232651,140229.521,270208779.93861,2026-08-09 22:00:00
1786316400000,1918.66,1920.02,1906.41,1909.57,167887.507,1786319999999,320969879.71666,183194,78315.348,149735074.99642,2026-08-09 23:00:00
1786320000000,1909.56,1927.71,1905.0,1911.99,246672.597,1786323599999,472277384.31268,282578,126965.779,243131476.65244,2026-08-10 00:00:00
1786323600000,1911.99,1931.5,1907.0,1924.65,163564.593,1786327199999,314121811.10383,211774,85851.703,164877383.50299,2026-08-10 01:00:00
1786327200000,1924.66,1926.11,1911.82,1922.87,153509.826,1786330799999,294614268.22958,160800,75667.897,145203080.86818,2026-08-10 02:00:00
1786330800000,1922.88,1924.0,1912.52,1916.5,125191.66,1786334399999,240128900.9992,137603,58490.215,112189480.19404,2026-08-10 03:00:00
1786334400000,1916.51,1920.19,1911.47,1914.68,69134.145,1786337999999,132436149.43901,98620,29528.91,56573297.4155,2026-08-10 04:00:00
1786338000000,1914.68,1924.38,1914.27,1922.51,64718.659,1786341599999,124249694.67247,79160,34535.334,66302776.60629,2026-08-10 05:00:00
1786341600000,1922.51,1928.56,1922.3,1927.23,101270.943,1786345199999,195030679.63212,111481,59507.318,114606749.67713,2026-08-10 06:00:00
1786345200000,1927.23,1930.28,1924.0,1924.72,90027.587,1786348799999,173551709.50247,84018,44763.354,86297634.04522,2026-08-10 07:00:00
1786348800000,1924.73,1929.0,1922.35,1926.0,56190.666,1786352399999,108207516.6857,68243,29871.886,57523989.77723,2026-08-10 08:00:00
1786352400000,1926.0,1926.45,1915.2,1915.5,117179.602,1786355999999,224815866.16799,102570,49412.722,94793845.24549,2026-08-10 09:00:00
1786356000000,1915.51,1920.0,1915.0,1916.74,67741.837,1786359599999,129899624.08154,70681,35636.506,68334892.13674,2026-08-10 10:00:00
1786359600000,1916.75,1920.62,1913.62,1919.6,58590.993,1786363199999,112334565.95595,65706,31302.277,60025069.46946,2026-08-10 11:00:00
1786363200000,1919.61,1922.84,1903.77,1905.03,225783.339,1786366799999,431734447.67144,170309,96452.869,184541435.29092,2026-08-10 12:00:00
1786366800000,1905.03,1909.8,1893.37,1896.62,341120.394,1786370399999,648527406.0877,312904,154466.867,293716605.93973,2026-08-10 13:00:00
1786370400000,1896.62,1901.89,1890.19,1892.61,179456.025,1786373999999,340383444.10185,229734,92988.582,176402245.26635,2026-08-10 14:00:00
1786374000000,1892.61,1892.61,1870.15,1876.01,592757.545,1786377599999,1113951751.72734,465344,268682.575,504877780.68488,2026-08-10 15:00:00
1786377600000,1876.0,1877.87,1866.14,1871.38,236360.816,1786381199999,442673519.49592,216772,112602.523,210923974.78873,2026-08-10 16:00:00
1786381200000,1871.38,1876.49,1867.46,1872.71,120582.022,1786384799999,225824152.98569,139988,68560.577,128400336.11639,2026-08-10 17:00:00
1786384800000,1872.7,1874.61,1867.12,1871.92,108926.907,1786388399999,203826952.33455,127002,61895.079,115840928.28655,2026-08-10 18:00:00
1786388400000,1871.92,1879.84,1871.36,1877.7,75527.384,1786391999999,141722306.23577,100932,42231.054,79237546.83476,2026-08-10 19:00:00
1786392000000,1877.69,1880.86,1876.7,1878.76,43816.208,1786395599999,82311605.5791,58421,23842.075,44791393.51452,2026-08-10 20:00:00
1786395600000,1878.76,1878.76,1872.43,1873.42,45139.168,1786399199999,84642331.81386,66546,19641.283,36831016.78391,2026-08-10 21:00:00
1786399200000,1873.41,1877.36,1871.08,1875.4,37846.391,1786402799999,70930083.98846,65194,19301.551,36176420.60821,2026-08-10 22:00:00
1786402800000,1875.41,1875.41,1869.23,1872.31,53000.059,1786406399999,99218933.05563,64662,22768.828,42627461.82813,2026-08-10 23:00:00
1786406400000,1872.3,1875.3,1870.3,1874.28,52081.198,1786409999999,97532060.71279,78936,25265.508,47316817.95744,2026-08-11 00:00:00
1786410000000,1874.28,1878.03,1872.51,1877.23,54988.101,1786413599999,103140939.31621,76932,27753.529,52056681.52054,2026-08-11 01:00:00
1786413600000,1877.23,1879.05,1876.37,1877.84,38427.956,1786417199999,72149206.23683,40253,19523.937,36654804.02065,2026-08-11 02:00:00
1786417200000,1877.84,1881.36,1877.84,1880.14,40642.474,1786420799999,76397549.3951,44371,21045.361,39560692.5119,2026-08-11 03:00:00
1786420800000,1880.14,1881.26,1875.2,1875.2,44811.059,1786424399999,84155042.1002,42754,18236.022,34248747.77031,2026-08-11 04:00:00
1786424400000,1875.2,1876.0,1871.01,1873.27,61910.752,1786427999999,116025832.48832,49504,27746.66,52003730.30811,2026-08-11 05:00:00
1786428000000,1873.26,1874.22,1870.4,1873.47,74603.331,1786431599999,139674922.61299,63551,33183.871,62131243.58505,2026-08-11 06:00:00
1786431600000,1873.46,1878.5,1869.69,1876.84,96061.09,1786435199999,180042768.28493,84425,41816.846,78386288.08102,2026-08-11 07:00:00
1786435200000,1876.85,1879.75,1874.52,1878.56,63303.127,1786438799999,118823022.70783,58593,37497.495,70385907.74751,2026-08-11 08:00:00
1786438800000,1878.56,1884.87,1876.58,1884.78,74071.487,1786442399999,139270022.24618,73967,43223.776,81281191.71934,2026-08-11 09:00:00
1786442400000,1884.79,1888.86,1882.15,1885.37,127274.862,1786445999999,239962009.76145,108086,66790.213,125931960.51539,2026-08-11 10:00:00
1786446000000,1885.37,1895.2,1885.37,1892.12,160315.177,1786449599999,303297070.48673,126862,82887.661,156808201.60027,2026-08-11 11:00:00
1786449600000,1892.12,1897.3,1886.47,1887.01,166353.356,1786453199999,314632323.84886,128324,71864.239,135951673.73024,2026-08-11 12:00:00
1786453200000,1887.0,1892.11,1882.5,1889.26,146200.773,1786456799999,275955399.36072,194577,75323.137,142181147.94209,2026-08-11 13:00:00
1786456800000,1889.25,1890.78,1869.09,1872.67,274416.577,1786460399999,515160242.11224,297210,126496.688,237535420.6653,2026-08-11 14:00:00
1786460400000,1872.68,1877.0,1852.22,1862.0,432900.621,1786463999999,806859689.48649,366116,183994.176,343000459.08387,2026-08-11 15:00:00
1786464000000,1862.01,1866.25,1858.77,1863.99,128972.504,1786467599999,240292290.12012,146575,67162.098,125139282.67075,2026-08-11 16:00:00
1786467600000,1863.98,1867.73,1862.0,1863.76,56316.988,1786471199999,104985179.21988,87589,29815.301,55587249.03866,2026-08-11 17:00:00
1786471200000,1863.76,1866.16,1859.02,1865.32,87611.282,1786474799999,163224830.31547,103843,38822.475,72335072.07572,2026-08-11 18:00:00
1786474800000,1865.31,1884.64,1861.92,1881.17,176113.974,1786478399999,330017699.19234,149971,103275.597,193560222.15901,2026-08-11 19:00:00
1786478400000,1881.18,1884.83,1878.48,1881.56,95198.98,1786481999999,179066424.87795,104487,47361.032,89088373.02814,2026-08-11 20:00:00
1786482000000,1881.56,1884.67,1879.63,1883.81,75000.413,1786485599999,141159030.61412,75472,35449.201,66717407.12122,2026-08-11 21:00:00
1786485600000,1883.8,1886.95,1879.0,1881.63,71553.649,1786489199999,134744772.74143,75880,34612.213,65178303.63558,2026-08-11 22:00:00
1786489200000,1881.64,1883.81,1878.06,1881.8,40052.164,1786492799999,75329859.95104,52107,19298.566,36300652.02692,2026-08-11 23:00:00
1786492800000,1881.79,1882.92,1880.0,1881.73,35894.134,1786496399999,67530202.47906,63687,18365.022,34552578.44523,2026-08-12 00:00:00
1786496400000,1881.72,1885.96,1880.34,1884.13,45465.344,1786499999999,85631556.32834,66748,25302.148,47656232.09833,2026-08-12 01:00:00
1786500000000,1884.13,1887.56,1882.89,1883.85,50346.7,1786503599999,94896480.18116,65001,23701.104,44677955.50335,2026-08-12 02:00:00
1786503600000,1883.85,1886.46,1882.03,1885.77,37928.284,1786507199999,71471299.9837,52882,17648.109,33257890.80122,2026-08-12 03:00:00
1786507200000,1885.76,1892.83,1884.55,1888.61,92364.712,1786510799999,174468836.20801,77986,49996.218,94440476.77529,2026-08-12 04:00:00
1786510800000,1888.6,1891.59,1885.53,1890.7,43987.863,1786514399999,83104098.81498,51913,20691.691,39095108.76046,2026-08-12 05:00:00
1786514400000,1890.69,1890.7,1884.44,1886.83,59893.453,1786517999999,112996948.69229,66530,26423.384,49849885.80811,2026-08-12 06:00:00
1786518000000,1886.83,1890.92,1884.61,1890.82,55947.878,1786521599999,105651277.9833,61602,25769.638,48671342.30112,2026-08-12 07:00:00
1786521600000,1890.82,1895.45,1889.65,1890.1,98463.415,1786525199999,186334714.40563,83558,49834.662,94318170.54603,2026-08-12 08:00:00
1786525200000,1890.09,1909.0,1889.07,1905.11,253390.132,1786528799999,481938667.18194,218926,147077.193,279717384.57847,2026-08-12 09:00:00
1786528800000,1905.1,1915.0,1905.06,1908.31,203134.729,1786532399999,388107704.58745,162664,97326.81,185963509.06257,2026-08-12 10:00:00
1786532400000,1908.31,1915.55,1906.41,1914.87,98921.531,1786535999999,189119787.19186,93175,55027.801,105202539.1236,2026-08-12 11:00:00
1786536000000,1914.87,1924.97,1904.6,1910.59,457888.993,1786539599999,875885699.29333,350616,235807.393,451061758.3699,2026-08-12 12:00:00
1786539600000,1910.58,1911.72,1898.75,1900.38,211875.472,1786543199999,403591566.23388,271395,110739.25,210952156.28595,2026-08-12 13:00:00
1786543200000,1900.38,1902.98,1883.66,1886.76,440826.579,1786546799999,834263610.21164,428500,195952.426,370926711.10736,2026-08-12 14:00:00
1786546800000,1886.76,1895.52,1883.33,1891.64,142492.549,1786550399999,269511061.73983,187879,81329.222,153829424.1397,2026-08-12 15:00:00
1786550400000,1891.64,1894.9,1888.16,1889.84,87205.983,1786553999999,164926161.51301,113876,42404.934,80201909.44809,2026-08-12 16:00:00
1786554000000,1889.85,1891.15,1884.1,1887.3,73766.618,1786557599999,139244631.7257,93119,37837.814,71429277.8431,2026-08-12 17:00:00
1786557600000,1887.3,1890.58,1884.61,1884.71,49047.71,1786561199999,92552225.71436,79122,24725.624,46661227.32814,2026-08-12 18:00:00
1786561200000,1884.7,1886.0,1876.73,1878.61,112346.817,1786564799999,211288604.89171,120884,47522.726,89391387.63048,2026-08-12 19:00:00
1786564800000,1878.6,1887.0,1876.54,1885.92,63038.346,1786568399999,118664324.20274,77711,38231.004,71979714.51589,2026-08-12 20:00:00
1786568400000,1885.92,1888.86,1872.0,1877.19,115383.699,1786571999999,216829242.39694,129523,49876.374,93766407.89902,2026-08-12 21:00:00
1786572000000,1877.19,1880.44,1874.73,1877.55,46434.375,1786575599999,87198250.7093,86858,24556.174,46116936.60085,2026-08-12 22:00:00
1786575600000,1877.54,1879.37,1873.83,1878.8,55401.652,1786579199999,103972911.86496,78824,28459.873,53413408.26,2026-08-12 23:00:00
1786579200000,1878.79,1884.84,1876.49,1879.48,119607.856,1786582799999,224917184.39248,123101,71326.619,134134399.13005,2026-08-13 00:00:00
1786582800000,1879.48,1882.15,1874.29,1877.41,67006.326,1786586399999,125815535.01956,101444,33377.878,62682300.51335,2026-08-13 01:00:00
1786586400000,1877.41,1882.72,1872.29,1881.26,86748.088,1786589999999,162871961.74808,93494,39534.023,74218828.24474,2026-08-13 02:00:00
1786590000000,1881.26,1888.33,1881.0,1886.7,115594.848,1786593599999,217833488.22738,96748,63902.586,120424887.05738,2026-08-13 03:00:00
1786593600000,1886.7,1894.39,1884.69,1891.62,91133.535,1786597199999,172219903.51232,93631,52450.326,99123090.29062,2026-08-13 04:00:00
1786597200000,1891.62,1899.6,1891.02,1895.08,152820.975,1786600799999,289828085.20999,139342,83028.103,157459330.92533,2026-08-13 05:00:00
1786600800000,1895.07,1897.68,1891.03,1897.67,67075.69,1786604399999,127023641.71697,72606,30100.377,57009082.54129,2026-08-13 06:00:00
1786604400000,1897.68,1898.0,1894.37,1894.62,35128.242,1786607999999,66608381.68871,42425,14418.857,27339984.73009,2026-08-13 07:00:00
1786608000000,1894.62,1896.19,1887.38,1889.18,73685.558,1786611599999,139353085.48158,64499,29611.45,56003479.20987,2026-08-13 08:00:00
1786611600000,1889.19,1890.18,1880.4,1889.02,116236.87,1786615199999,219172310.23583,90232,62417.504,117713674.16282,2026-08-13 09:00:00
1786615200000,1889.01,1889.65,1881.01,1882.29,152030.707,1786618799999,286413748.50653,103910,70645.231,133072884.06887,2026-08-13 10:00:00
1786618800000,1882.29,1882.8,1874.43,1879.48,135979.55,1786622399999,255384146.6295,112198,63741.255,119711073.61102,2026-08-13 11:00:00
1786622400000,1879.49,1889.52,1878.13,1888.07,119526.603,1786625999999,225287120.54441,122724,65037.183,122585318.92698,2026-08-13 12:00:00
1786626000000,1888.08,1894.79,1886.0,1889.63,171216.57,1786629599999,323725548.591,204166,89882.719,169948326.40821,2026-08-13 13:00:00
1786629600000,1889.64,1896.86,1887.67,1892.63,132615.728,1786633199999,251068966.45089,174285,70563.742,133598856.47011,2026-08-13 14:00:00
1786633200000,1892.63,1895.32,1877.98,1879.19,190415.371,1786636799999,359242690.94813,181278,87798.122,165679272.18647,2026-08-13 15:00:00
1786636800000,1879.19,1884.0,1862.11,1873.99,458701.122,1786640399999,858735619.8589,340905,209909.434,393032441.62496,2026-08-13 16:00:00
1786640400000,1873.99,1880.41,1872.82,1876.05,108300.293,1786643999999,203234128.083,132097,57805.403,108477004.27758,2026-08-13 17:00:00
1786644000000,1876.04,1886.59,1875.69,1884.64,83886.084,1786647599999,157814311.57111,103150,47462.762,89308325.77555,2026-08-13 18:00:00
1786647600000,1884.65,1891.96,1884.14,1886.62,121037.523,1786651199999,228457960.61744,128409,57533.249,108597310.71747,2026-08-13 19:00:00
1786651200000,1886.62,1888.8,1884.43,1885.27,42385.687,1786654799999,79957581.96101,59415,21104.629,39817807.88537,2026-08-13 20:00:00
1786654800000,1885.27,1888.69,1885.04,1887.87,25918.685,1786658399999,48911438.81701,41422,13501.513,25477432.79648,2026-08-13 21:00:00
1786658400000,1887.88,1892.4,1887.67,1888.44,59400.116,1786661999999,112254149.80151,69050,28891.275,54600666.39435,2026-08-13 22:00:00
1786662000000,1888.45,1888.54,1883.51,1885.39,43666.546,1786665599999,82336958.5252,46781,20067.386,37838963.65711,2026-08-13 23:00:00
1786665600000,1885.38,1889.0,1882.46,1888.73,50217.515,1786669199999,94712348.59778,77707,27992.403,52803120.61457,2026-08-14 00:00:00
1786669200000,1888.73,1889.36,1883.96,1888.59,45389.279,1786672799999,85645083.22909,75503,23913.083,45125664.79922,2026-08-14 01:00:00
1786672800000,1888.58,1890.69,1885.15,1885.75,35147.733,1786676399999,66344189.64824,53327,14835.236,28003649.7908,2026-08-14 02:00:00
1786676400000,1885.74,1888.34,1881.21,1882.25,66006.073,1786679999999,124367252.01782,70921,28844.084,54347011.89914,2026-08-14 03:00:00
1786680000000,1882.24,1887.0,1881.18,1883.91,36612.222,1786683599999,68989782.37842,46272,19798.928,37307661.38138,2026-08-14 04:00:00
1786683600000,1883.91,1884.75,1879.24,1883.08,53146.642,1786687199999,100022481.40064,54236,23070.045,43421661.61462,2026-08-14 05:00:00
1786687200000,1883.08,1883.09,1871.6,1871.76,132520.829,1786690799999,248618523.81698,101833,53700.321,100747233.82925,2026-08-14 06:00:00
1786690800000,1871.76,1877.46,1871.23,1872.34,87469.247,1786694399999,163959295.00076,79769,48420.978,90770871.65237,2026-08-14 07:00:00
1786694400000,1872.34,1877.76,1868.08,1877.76,152760.358,1786697999999,286013434.42762,118229,80475.694,150703469.25354,2026-08-14 08:00:00
1786698000000,1877.77,1877.97,1870.42,1872.3,61895.029,1786701599999,115997778.81923,72421,28296.303,53031751.70468,2026-08-14 09:00:00
1786701600000,1872.3,1877.3,1871.56,1875.2,52491.839,1786705199999,98442737.68103,64247,26707.187,50088182.80955,2026-08-14 10:00:00
1786705200000,1875.2,1880.86,1873.99,1877.33,64259.075,1786708799999,120640066.86186,71358,34612.674,64980181.5228,2026-08-14 11:00:00
1786708800000,1877.34,1878.75,1871.88,1872.53,66211.011,1786712399999,124140839.13233,96814,28193.499,52863587.55528,2026-08-14 12:00:00
1786712400000,1872.53,1873.0,1865.08,1869.07,172298.379,1786715999999,321984216.81798,229827,80182.162,149845596.77096,2026-08-14 13:00:00
1786716000000,1869.08,1872.73,1863.2,1866.0,139432.2,1786719599999,260371961.53207,198850,66992.858,125122715.77939,2026-08-14 14:00:00
1786719600000,1866.01,1884.0,1865.2,1880.72,189195.06,1786723199999,355174945.53151,176949,108848.965,204309267.0054,2026-08-14 15:00:00
1786723200000,1880.73,1887.7,1878.52,1884.74,127468.376,1786726799999,240041219.29824,123738,63724.071,120014101.1275,2026-08-14 16:00:00
1786726800000,1884.75,1887.0,1875.48,1877.9,91656.98,1786730399999,172472259.17151,100083,37515.024,70598481.41476,2026-08-14 17:00:00
1786730400000,1877.9,1878.21,1872.7,1875.05,68811.115,1786733999999,129079390.68227,78994,32784.198,61500760.26169,2026-08-14 18:00:00
1786734000000,1875.04,1881.0,1872.89,1879.91,49044.471,1786737599999,92050285.74514,68371,29414.528,55209577.54282,2026-08-14 19:00:00
1786737600000,1879.91,1880.9,1877.86,1879.49,22356.495,1786741199999,42018420.36765,37816,9614.177,18069705.54289,2026-08-14 20:00:00
1786741200000,1879.49,1880.58,1876.38,1878.53,30049.866,1786744799999,56440854.82126,56476,14252.651,26769309.85613,2026-08-14 21:00:00
1786744800000,1878.52,1880.4,1875.21,1878.8,30510.49,1786748399999,57295374.17301,48294,15463.102,29037184.23958,2026-08-14 22:00:00
1786748400000,1878.81,1881.87,1877.44,1881.39,29902.211,1786751999999,56211293.86221,42804,16287.501,30621011.31639,2026-08-14 23:00:00
1786752000000,1881.38,1882.69,1880.68,1881.7,24331.894,1786755599999,45784338.07628,33198,11054.259,20800265.42139,2026-08-15 00:00:00
1786755600000,1881.7,1883.88,1880.01,1883.35,26272.211,1786759199999,49451001.40921,30779,13373.37,25175156.21907,2026-08-15 01:00:00
1786759200000,1883.35,1885.16,1883.34,1884.23,30726.373,1786762799999,57892822.39226,34133,15149.229,28543173.89183,2026-08-15 02:00:00
1786762800000,1884.23,1886.0,1881.69,1881.95,37484.998,1786766399999,70626403.06558,37918,17504.597,32983744.89997,2026-08-15 03:00:00
1786766400000,1881.95,1884.78,1881.94,1883.62,19705.407,1786769999999,37115776.48421,24661,10482.284,19743104.51933,2026-08-15 04:00:00
1786770000000,1883.63,1884.46,1878.76,1879.84,34299.316,1786773599999,64528531.43611,37444,14016.699,26371570.25587,2026-08-15 05:00:00
1786773600000,1879.84,1882.8,1879.03,1881.38,38880.274,1786777199999,73115638.72622,31707,22268.643,41875268.66134,2026-08-15 06:00:00
1786777200000,1881.37,1881.81,1879.23,1879.6,19699.85,1786780799999,37047093.43466,25857,10635.008,20000738.45917,2026-08-15 07:00:00
1786780800000,1879.59,1880.68,1875.5,1876.16,45298.656,1786784399999,85076101.56197,38435,21096.708,39627283.74776,2026-08-15 08:00:00
1786784400000,1876.16,1880.55,1874.61,1879.55,37729.605,1786787999999,70832050.06959,35848,24142.535,45328526.7803,2026-08-15 09:00:00
1786788000000,1879.55,1880.61,1877.67,1880.24,21872.64,1786791599999,41099679.33483,29770,12546.782,23577150.66496,2026-08-15 10:00:00
1786791600000,1880.24,1880.49,1878.3,1878.56,15148.239,1786795199999,28468809.27976,21146,6781.67,12745414.59986,2026-08-15 11:00:00
1786795200000,1878.56,1883.2,1877.23,1883.0,28363.37,1786798799999,53311854.11537,32177,17715.977,33303001.55474,2026-08-15 12:00:00
1786798800000,1883.01,1884.36,1881.45,1882.79,45111.159,1786802399999,84937414.85196,42229,21738.974,40931165.63465,2026-08-15 13:00:00
1786802400000,1882.78,1883.8,1880.58,1882.68,26848.039,1786805999999,50533340.66778,28799,11586.556,21810132.07839,2026-08-15 14:00:00
1786806000000,1882.67,1885.18,1882.34,1884.09,33354.432,1786809599999,62840433.08892,33121,18939.993,35684559.61118,2026-08-15 15:00:00
1786809600000,1884.08,1884.94,1883.08,1884.05,24672.908,1786813199999,46484710.39743,26886,11408.929,21495511.38811,2026-08-15 16:00:00
1786813200000,1884.04,1885.76,1882.11,1883.62,26346.898,1786816799999,49632746.02323,27246,12793.075,24100995.6824,2026-08-15 17:00:00
1786816800000,1883.62,1885.07,1881.77,1881.97,16555.627,1786820399999,31174884.15633,20317,8008.856,15080352.0942,2026-08-15 18:00:00
1786820400000,1881.96,1884.16,1881.92,1883.67,11659.053,1786823999999,21955955.76444,16050,6706.625,12629087.15795,2026-08-15 19:00:00
1786824000000,1883.66,1883.67,1881.82,1882.44,9039.163,1786827599999,17016853.80863,13879,3351.398,6308727.71511,2026-08-15 20:00:00
1786827600000,1882.43,1884.58,1882.43,1884.14,12404.065,1786831199999,23365934.23339,17972,6557.212,12351182.84477,2026-08-15 21:00:00
1786831200000,1884.14,1884.73,1883.26,1883.71,16887.227,1786834799999,31816711.69572,22773,7482.911,14098553.77901,2026-08-15 22:00:00
1786834800000,1883.72,1883.72,1880.98,1881.73,26883.067,1786838399999,50597293.71198,29939,11263.986,21199778.25038,2026-08-15 23:00:00
1786838400000,1881.73,1882.38,1880.65,1881.54,20881.048,1786841999999,39290083.8523,24281,8699.781,16369491.36934,2026-08-16 00:00:00
1786842000000,1881.54,1881.54,1876.01,1879.7,46843.425,1786845599999,88020741.03845,46207,21376.386,40169113.80171,2026-08-16 01:00:00
1786845600000,1879.7,1884.43,1878.21,1882.77,53824.331,1786849199999,101321408.23442,50947,27597.721,51948808.71058,2026-08-16 02:00:00
1786849200000,1882.77,1883.27,1881.83,1882.15,18346.842,1786852799999,34539501.17215,20462,7482.824,14087437.13669,2026-08-16 03:00:00
1786852800000,1882.14,1883.6,1879.59,1880.76,29845.24,1786856399999,56158074.2352,25038,12859.055,24197564.51639,2026-08-16 04:00:00
1786856400000,1880.76,1881.16,1878.0,1879.01,28965.868,1786859999999,54445093.41825,29012,11763.07,22110406.12946,2026-08-16 05:00:00
1786860000000,1879.01,1880.84,1878.0,1879.8,31435.771,1786863599999,59079020.54214,26286,17495.1,32879989.64621,2026-08-16 06:00:00
1786863600000,1879.81,1880.95,1878.88,1880.73,13956.589,1786867199999,26241015.26644,17211,7771.261,14611352.29501,2026-08-16 07:00:00
1786867200000,1880.72,1880.73,1879.57,1879.88,16217.653,1786870799999,30490263.65475,17260,5810.785,10924279.74166,2026-08-16 08:00:00
1786870800000,1879.88,1881.57,1878.23,1879.32,29706.455,1786874399999,55847750.2351,27256,13224.515,24862414.68337,2026-08-16 09:00:00
1786874400000,1879.32,1880.36,1878.7,1879.94,19530.416,1786877999999,36704996.51835,23591,9590.31,18023689.78206,2026-08-16 10:00:00
1786878000000,1879.93,1880.27,1879.3,1880.14,14027.922,1786881599999,26369188.69691,14292,5612.261,10549576.85588,2026-08-16 11:00:00
1786881600000,1880.14,1880.15,1878.4,1878.95,19296.852,1786885199999,36262146.99094,17911,8599.023,16159224.35258,2026-08-16 12:00:00
1786885200000,1878.95,1881.12,1878.94,1880.94,18892.819,1786888799999,35524370.66424,23367,10735.431,20185406.66244,2026-08-16 13:00:00
1786888800000,1880.95,1883.62,1880.34,1882.51,40273.197,1786892399999,75800456.90796,34654,17022.527,32038740.83615,2026-08-16 14:00:00
1786892400000,1882.52,1884.29,1880.83,1883.22,33222.517,1786895999999,62556434.44241,31712,15306.049,28823437.2292,2026-08-16 15:00:00
1786896000000,1883.23,1891.93,1883.22,1888.6,122345.97,1786899599999,230972989.24253,104651,73828.13,139372591.16739,2026-08-16 16:00:00
1786899600000,1888.6,1890.42,1882.72,1884.2,61306.237,1786903199999,115621516.9754,60013,26363.433,49723285.31669,2026-08-16 17:00:00
1786903200000,1884.19,1885.55,1881.64,1884.54,34534.114,1786906799999,65062353.15822,38820,14702.183,27699545.30141,2026-08-16 18:00:00
1786906800000,1884.55,1887.95,1883.46,1884.88,28151.519,1786910399999,53086741.96058,38875,13394.856,25260614.5227,2026-08-16 19:00:00
1786910400000,1884.88,1886.67,1880.6,1881.08,33537.787,1786913999999,63168878.88759,44374,14153.157,26657837.73892,2026-08-16 20:00:00
1786914000000,1881.08,1881.97,1868.01,1874.59,139613.224,1786917599999,261749959.55034,114264,55529.204,104123760.45585,2026-08-16 21:00:00
1786917600000,1874.59,1877.29,1868.1,1875.32,102222.091,1786921199999,191424537.56564,119238,48599.786,91015388.76937,2026-08-16 22:00:00
1786921200000,1875.32,1876.78,1872.5,1875.22,44689.364,1786924799999,83776213.63197,58957,23082.697,43272689.27612,2026-08-16 23:00:00
1786924800000,1875.21,1879.6,1871.61,1878.12,66201.357,1786928399999,124159983.36155,85556,38379.055,71990297.30717,2026-08-17 00:00:00
1786928400000,1878.12,1897.34,1877.44,1890.71,285068.559,1786931999999,538980249.80775,268955,152221.714,287786555.93138,2026-08-17 01:00:00
1786932000000,1890.72,1907.89,1887.64,1901.76,227919.829,1786935599999,432653051.64788,181552,132378.835,251314586.77361,2026-08-17 02:00:00
1786935600000,1901.76,1903.74,1897.06,1900.19,115212.693,1786939199999,218948106.3725,111691,51427.818,97733560.90047,2026-08-17 03:00:00
1786939200000,1900.2,1904.0,1900.19,1902.6,69388.543,1786942799999,131999166.05419,74627,31391.045,59713775.61496,2026-08-17 04:00:00
1786942800000,1902.6,1903.24,1897.11,1898.85,52978.372,1786946399999,100661250.16653,62198,23289.657,44255180.55224,2026-08-17 05:00:00
1786946400000,1898.85,1911.66,1896.85,1906.19,144422.785,1786949999999,275152660.16105,113201,81310.694,154925756.70676,2026-08-17 06:00:00
1786950000000,1906.18,1907.0,1899.9,1900.09,81975.773,1786953599999,156023110.00948,75036,35943.81,68414957.38855,2026-08-17 07:00:00
1786953600000,1900.09,1900.89,1890.6,1893.31,162427.324,1786957199999,307672796.15943,127019,82156.248,155614121.80504,2026-08-17 08:00:00
1786957200000,1893.32,1896.99,1892.3,1893.02,60727.135,1786960799999,115038025.57016,61073,30599.947,57971154.30689,2026-08-17 09:00:00
1786960800000,1893.02,1908.75,1891.25,1906.27,146062.09,1786964399999,277724946.30701,131931,78982.975,150176247.82643,2026-08-17 10:00:00
1786964400000,1906.27,1907.8,1903.13,1903.75,78938.477,1786967999999,150411999.55977,74981,36224.453,69021884.53043,2026-08-17 11:00:00
1786968000000,1903.75,1905.87,1895.81,1898.1,113361.98,1786971599999,215360668.06452,111785,62096.272,117965979.62086,2026-08-17 12:00:00
1786971600000,1898.11,1908.48,1895.22,1904.02,179264.13,1786975199999,340975682.14962,187322,90883.06,172823111.55409,2026-08-17 13:00:00
1786975200000,1904.02,1909.98,1897.33,1908.77,129393.536,1786978799999,246275531.02003,159476,66524.283,126608001.36539,2026-08-17 14:00:00
1786978800000,1908.77,1914.85,1903.57,1912.45,198946.803,1786982399999,379797744.90085,195147,101150.84,193139927.25961,2026-08-17 15:00:00
1786982400000,1912.44,1913.23,1904.29,1906.21,86743.165,1786985999999,165557442.17641,106675,42699.547,81494616.64507,2026-08-17 16:00:00
1786986000000,1906.21,1913.54,1903.39,1907.96,103183.872,1786989599999,196940264.44753,142041,51969.571,99198146.72389,2026-08-17 17:00:00
1786989600000,1907.95,1912.09,1906.32,1909.12,67868.757,1786993199999,129583400.3575,87753,39121.637,74699237.72866,2026-08-17 18:00:00
1786993200000,1909.12,1909.93,1905.63,1906.28,44045.716,1786996799999,84013318.43461,62234,20494.087,39088702.26455,2026-08-17 19:00:00
1786996800000,1906.27,1909.8,1903.81,1905.76,50569.994,1787000399999,96408378.06324,65866,22785.427,43436079.69783,2026-08-17 20:00:00
1787000400000,1905.75,1907.97,1905.1,1905.58,22257.118,1787003999999,42425858.15857,40593,11964.925,22806732.87929,2026-08-17 21:00:00
1787004000000,1905.57,1907.17,1902.58,1903.59,33927.901,1787007599999,64601314.58218,46450,17250.363,32847303.4755,2026-08-17 22:00:00
1787007600000,1903.59,1918.0,1903.0,1912.7,119768.353,1787011199999,229114100.66204,101734,63042.569,120601279.80375,2026-08-17 23:00:00
1787011200000,1912.7,1913.63,1907.77,1909.4,49778.92,1787014799999,95083780.78076,67946,25416.412,48545363.74443,2026-08-18 00:00:00
1787014800000,1909.4,1909.58,1898.69,1900.46,99088.953,1787018399999,188556222.3725,93281,45543.388,86666378.56723,2026-08-18 01:00:00
1787018400000,1900.45,1902.66,1888.23,1892.13,199807.198,1787021999999,378572601.49399,168494,87031.043,164924742.68043,2026-08-18 02:00:00
1787022000000,1892.13,1894.6,1884.2,1893.68,171567.076,1787025599999,324330608.50103,141393,88840.438,167963797.80782,2026-08-18 03:00:00
1787025600000,1893.67,1896.87,1890.54,1895.77,58689.418,1787029199999,111179254.71418,57918,32440.03,61455310.32384,2026-08-18 04:00:00
1787029200000,1895.77,1897.8,1891.68,1894.57,58739.213,1787032799999,111309276.93272,63524,27366.612,51866532.65509,2026-08-18 05:00:00
1787032800000,1894.56,1906.25,1892.58,1902.02,115939.473,1787036399999,220391211.11851,94454,61960.153,117781413.8138,2026-08-18 06:00:00
1787036400000,1902.02,1902.58,1896.19,1897.69,55202.684,1787039999999,104860028.55899,66421,25821.701,49047156.68943,2026-08-18 07:00:00
1787040000000,1897.69,1901.07,1892.68,1899.36,71444.666,1787043599999,135513605.89834,83483,35918.832,68134879.08719,2026-08-18 08:00:00
1787043600000,1899.35,1899.35,1894.52,1895.83,38517.634,1787047199999,73033468.74683,50394,20667.359,39185778.55106,2026-08-18 09:00:00
1787047200000,1895.84,1898.4,1894.14,1897.09,34069.791,1787050799999,64608912.31214,42455,20124.233,38163555.19921,2026-08-18 10:00:00
1787050800000,1897.09,1904.99,1896.66,1902.31,84610.594,1787054399999,160936111.26081,74972,47045.987,89476825.82919,2026-08-18 11:00:00
1787054400000,1902.31,1903.28,1898.13,1898.47,41569.144,1787057999999,78992069.5258,51531,18451.885,35061666.72994,2026-08-18 12:00:00
1787058000000,1898.46,1899.26,1893.07,1897.05,122499.168,1787061599999,232269273.76006,126609,57545.45,109110433.04266,2026-08-18 13:00:00
1787061600000,1897.05,1922.72,1896.18,1910.18,487922.429,1787065199999,933158949.77805,355533,249140.382,476474242.17309,2026-08-18 14:00:00
1787065200000,1910.17,1918.85,1907.5,1916.88,207934.34,1787068799999,398125437.73195,190725,105272.86,201557118.6109,2026-08-18 15:00:00
1787068800000,1916.88,1921.69,1911.62,1917.65,124108.132,1787072399999,237836026.4859,112847,71668.234,137357395.95343,2026-08-18 16:00:00
1787072400000,1917.65,1917.77,1910.3,1910.37,80518.103,1787075999999,154090297.87137,76783,29464.651,56391122.89495,2026-08-18 17:00:00
1787076000000,1910.38,1916.68,1909.59,1915.65,50499.28,1787079599999,96654506.69024,56058,30683.031,58731702.74152,2026-08-18 18:00:00
1787079600000,1915.64,1916.72,1912.22,1912.57,41568.592,1787083199999,79575159.43767,49524,15936.45,30508860.97117,2026-08-18 19:00:00
1787083200000,1912.57,1915.13,1910.84,1911.96,43448.498,1787086799999,83101698.63006,50928,24647.19,47142885.37338,2026-08-18 20:00:00
1787086800000,1911.96,1914.13,1910.11,1911.21,26104.358,1787090399999,49915992.02173,36516,13458.237,25734260.49137,2026-08-18 21:00:00
1787090400000,1911.22,1914.58,1910.7,1912.43,35668.247,1787093999999,68228408.93115,50086,19385.19,37080422.96812,2026-08-18 22:00:00
1787094000000,1912.43,1919.63,1912.1,1917.1,57102.599,1787097599999,109485788.60709,56446,32265.08,61862295.15273,2026-08-18 23:00:00
1787097600000,1917.09,1918.42,1911.0,1912.63,80406.186,1787101199999,153918049.62907,103411,39322.227,75276632.26285,2026-08-19 00:00:00
1787101200000,1912.62,1917.31,1911.16,1912.82,75667.804,1787104799999,144800151.37871,98545,42344.601,81028785.13584,2026-08-19 01:00:00
1787104800000,1912.82,1912.91,1906.15,1906.83,86795.51,1787108399999,165691135.9696,92614,40681.951,77670001.92534,2026-08-19 02:00:00
1787108400000,1906.84,1914.82,1905.2,1911.21,78683.155,1787111999999,150322148.68,87360,44200.841,84451425.42402,2026-08-19 03:00:00
1787112000000,1911.2,1913.7,1909.14,1909.78,39557.372,1787115599999,75587710.99959,50535,20004.303,38224206.53719,2026-08-19 04:00:00
1787115600000,1909.77,1913.32,1908.85,1909.19,33951.101,1787119199999,64884729.15903,53404,17125.909,32730989.38625,2026-08-19 05:00:00
1787119200000,1909.19,1916.88,1905.27,1916.87,127366.566,1787122799999,243350036.36839,103767,67024.754,128083010.90882,2026-08-19 06:00:00
1787122800000,1916.87,1920.72,1914.61,1915.14,143388.308,1787126399999,275012702.60717,106361,73768.455,141491711.37694,2026-08-19 07:00:00
1787126400000,1915.14,1929.8,1914.36,1920.75,204534.229,1787129999999,393352181.84581,136320,116685.209,224405231.10696,2026-08-19 08:00:00
1787130000000,1920.75,1923.18,1917.23,1918.3,63899.03,1787133599999,122693133.30095,65599,28934.212,55552758.14526,2026-08-19 09:00:00
1787133600000,1918.3,1919.41,1916.45,1919.27,53782.751,1787137199999,103146749.6774,51014,27350.55,52453139.41154,2026-08-19 10:00:00
1787137200000,1919.27,1925.43,1919.0,1922.34,95853.576,1787140799999,184295526.7586,77928,46457.353,89312031.23759,2026-08-19 11:00:00
1787140800000,1922.35,1942.79,1921.6,1936.33,347900.602,1787144399999,672501753.12414,257065,197908.864,382581796.16592,2026-08-19 12:00:00
1787144400000,1936.33,1940.94,1927.12,1931.76,343898.402,1787147999999,664770035.2517,309353,177984.181,344035125.14629,2026-08-19 13:00:00
1787148000000,1931.77,1979.77,1931.72,1969.89,664373.741,1787151599999,1298647909.29094,578097,385512.18,753527268.93318,2026-08-19 14:00:00
1787151600000,1969.9,2132.0,1966.3,2085.16,2195380.032,1787155199999,4491380992.89485,2025362,1212601.332,2478452851.24837,2026-08-19 15:00:00
1787155200000,2085.15,2107.38,2081.53,2088.75,698831.918,1787158799999,1463511828.32955,760169,344877.379,722402434.40593,2026-08-19 16:00:00
1787158800000,2088.75,2092.55,2065.22,2090.09,388524.474,1787162399999,807735746.18141,484292,193402.295,402145902.71146,2026-08-19 17:00:00
1787162400000,2090.09,2091.78,2077.99,2090.81,175439.174,1787165999999,365963444.24838,264487,83721.231,174662802.10709,2026-08-19 18:00:00
1787166000000,2090.82,2104.93,2087.78,2100.97,273921.577,1787169599999,574347949.72227,336732,130849.232,274411262.94173,2026-08-19 19:00:00
1787169600000,2100.97,2248.0,2100.93,2218.06,1170654.261,1787173199999,2540950891.49044,984660,686143.213,1488465103.2107,2026-08-19 20:00:00
1787173200000,2218.06,2336.82,2215.91,2286.12,1515001.066,1787176799999,3450714601.6062,1812014,764667.764,1741368382.99708,2026-08-19 21:00:00
1787176800000,2286.12,2290.23,2239.48,2249.61,625883.318,1787180399999,1415589005.23836,621862,325334.021,735797072.38446,2026-08-19 22:00:00
1787180400000,2249.61,2262.0,2242.67,2252.16,210151.736,1787183999999,472944614.94051,321426,107603.063,242195257.20682,2026-08-19 23:00:00
1787184000000,2252.17,2273.32,2251.2,2261.7,289385.316,1787187599999,654820642.64063,406675,148099.811,335156323.8234,2026-08-20 00:00:00
1787187600000,2261.71,2269.88,2248.73,2265.67,250588.721,1787191199999,566059721.74839,326291,124830.478,282039351.5454,2026-08-20 01:00:00
1787191200000,2265.67,2270.0,2248.86,2251.29,171869.293,1787194799999,388267908.64483,241652,82151.405,185567331.38357,2026-08-20 02:00:00
1787194800000,2251.28,2257.92,2222.0,2250.86,437559.246,1787198399999,979692495.65371,443669,222453.426,498174164.69452,2026-08-20 03:00:00
1787198400000,2250.87,2259.0,2247.56,2249.8,133516.077,1787201999999,300843456.33542,178985,62159.628,140066950.72804,2026-08-20 04:00:00
1787202000000,2249.81,2256.48,2242.93,2247.88,110491.103,1787205599999,248631620.01842,179216,51666.241,116264003.76254,2026-08-20 05:00:00
1787205600000,2247.88,2267.15,2238.23,2262.1,299228.733,1787209199999,674483584.40491,319538,162469.126,366305583.95338,2026-08-20 06:00:00
1787209200000,2262.1,2263.33,2244.01,2251.49,204750.661,1787212799999,461138790.49429,229908,96955.611,218367774.60926,2026-08-20 07:00:00
1787212800000,2251.49,2288.0,2248.84,2281.92,592733.027,1787216399999,1347723602.15041,577989,305762.271,695216818.3086,2026-08-20 08:00:00
1787216400000,2281.92,2298.21,2273.76,2278.3,457471.462,1787219999999,1046154355.30759,489613,227392.146,520218990.4943,2026-08-20 09:00:00
1787220000000,2278.29,2294.91,2275.01,2286.34,208012.923,1787223599999,475304301.51849,309141,112870.399,257917586.12195,2026-08-20 10:00:00
1787223600000,2286.33,2318.78,2281.43,2295.6,498758.455,1787227199999,1148365544.3922,547724,263290.51,606197936.67436,2026-08-20 11:00:00
1787227200000,2295.59,2299.94,2267.03,2289.57,512036.196,1787230799999,1167396087.45858,577433,252293.446,575262480.06382,2026-08-20 12:00:00
1787230800000,2289.57,2297.73,2253.55,2276.03,510213.989,1787234399999,1161363068.38788,650761,233585.913,531824384.33881,2026-08-20 13:00:00
1787234400000,2276.04,2288.46,2270.41,2280.12,246574.526,1787237999999,561877764.4628,462297,121840.299,277662522.41986,2026-08-20 14:00:00
1787238000000,2280.13,2338.08,2280.13,2325.12,885960.045,1787241599999,2045098267.35117,873439,458317.612,1058247588.44411,2026-08-20 15:00:00
1787241600000,2325.12,2359.68,2313.09,2343.94,562846.036,1787245199999,1314262875.89513,677563,297665.247,695440347.56843,2026-08-20 16:00:00
1787245200000,2343.94,2350.62,2331.61,2343.1,236653.655,1787248799999,554180761.32615,391190,115126.068,269615163.33268,2026-08-20 17:00:00
1787248800000,2343.1,2346.99,2308.5,2315.21,377089.25,1787252399999,876613689.80609,451121,158119.083,367490445.21207,2026-08-20 18:00:00
1787252400000,2315.2,2332.02,2310.74,2322.72,173198.72,1787255999999,402556036.09842,278803,91847.553,213489238.88074,2026-08-20 19:00:00
1787256000000,2322.73,2330.51,2312.15,2317.55,110415.994,1787259599999,256320617.20391,195802,53488.24,124170004.20315,2026-08-20 20:00:00
1787259600000,2317.55,2324.94,2312.33,2317.62,68030.891,1787263199999,157705586.6552,134198,33048.896,76623937.85693,2026-08-20 21:00:00
1787263200000,2317.61,2318.46,2306.02,2313.33,129610.775,1787266799999,299684090.9251,194402,67630.917,156386962.32168,2026-08-20 22:00:00
1787266800000,2313.32,2339.38,2312.07,2326.18,163454.81,1787270399999,380547079.87343,236350,87367.682,203442605.30312,2026-08-20 23:00:00
1787270400000,2326.18,2351.0,2323.83,2339.95,320788.055,1787273999999,750382102.75436,501302,175604.167,410819569.57377,2026-08-21 00:00:00
1787274000000,2339.95,2381.52,2337.04,2358.71,597423.164,1787277599999,1409531523.75245,776029,330089.329,779072162.12506,2026-08-21 01:00:00
1787277600000,2358.71,2364.44,2342.0,2344.73,266165.362,1787281199999,625980005.90955,435681,124868.286,293707876.15574,2026-08-21 02:00:00
1787281200000,2344.73,2353.6,2336.14,2339.9,203746.655,1787284799999,477986839.91527,280813,101007.226,237005645.94377,2026-08-21 03:00:00
1787284800000,2339.9,2354.92,2339.9,2353.12,108420.751,1787288399999,254573423.57341,185441,53519.159,125664961.90038,2026-08-21 04:00:00
1787288400000,2353.12,2368.34,2348.44,2367.36,202912.94,1787291999999,478253919.35205,313788,109923.947,259155096.50542,2026-08-21 05:00:00
1787292000000,2367.37,2384.54,2354.0,2371.51,355306.504,1787295599999,841846709.44903,489646,193796.088,459276842.92358,2026-08-21 06:00:00
1787295600000,2371.5,2398.56,2368.0,2371.51,532140.453,1787299199999,1267620565.92815,664641,266193.538,634343312.65294,2026-08-21 07:00:00
1787299200000,2371.5,2449.47,2369.96,2444.89,982613.609,1787302799999,2371161716.35408,947137,544020.575,1312642213.21174,2026-08-21 08:00:00
1787302800000,2444.89,2446.99,2375.04,2403.77,818990.028,1787306399999,1967350969.29727,1041433,375588.833,902040429.38665,2026-08-21 09:00:00
1787306400000,2403.78,2411.64,2390.11,2394.73,226388.577,1787309999999,543227749.20017,365354,108407.578,260164305.16493,2026-08-21 10:00:00
1787310000000,2394.72,2398.95,2356.0,2370.42,487402.148,1787313599999,1157752153.89298,632874,219162.396,520661272.65226,2026-08-21 11:00:00
1787313600000,2370.43,2397.35,2365.0,2387.75,274689.992,1787317199999,654449303.84991,380169,146772.289,349772392.22967,2026-08-21 12:00:00
1787317200000,2387.75,2406.33,2367.13,2386.98,414929.847,1787320799999,990707135.34706,584348,211530.093,505242492.1691,2026-08-21 13:00:00
1787320800000,2386.98,2397.3,2368.44,2393.14,311332.924,1787324399999,741878174.94044,531610,162180.35,386444338.52368,2026-08-21 14:00:00
1787324400000,2393.14,2408.29,2390.58,2393.03,188566.07,1787327999999,452395942.97507,350776,93679.956,224783019.69664,2026-08-21 15:00:00
1787328000000,2393.03,2413.58,2383.0,2405.13,210698.898,1787331599999,505176358.39923,354082,109225.886,261934696.33247,2026-08-21 16:00:00
1787331600000,2405.13,2427.18,2401.21,2422.98,301322.676,1787335199999,728127482.07403,432296,168277.41,406715940.85744,2026-08-21 17:00:00
1787335200000,2422.98,2431.86,2394.44,2419.8,300629.494,1787338799999,725683108.67611,359726,139619.3,337084285.11913,2026-08-21 18:00:00
1787338800000,2419.8,2420.18,2406.31,2412.41,110706.815,1787342399999,267215452.66445,216073,46237.308,111616245.08847,2026-08-21 19:00:00
1787342400000,2412.42,2447.49,2407.54,2440.07,275066.349,1787345999999,669311619.30366,399037,150188.815,365479812.8796,2026-08-21 20:00:00
1787346000000,2440.07,2523.89,2433.12,2513.52,653363.909,1787349599999,1622528089.56867,797706,389433.393,967248738.2982,2026-08-21 21:00:00
1787349600000,2513.5,2549.4,2507.29,2522.0,636191.971,1787353199999,1609608654.3774,863932,303682.488,768440518.18924,2026-08-21 22:00:00
1787353200000,2521.99,2547.22,2509.08,2515.97,362386.346,1787356799999,915240961.57117,569123,171080.157,432195299.75196,2026-08-21 23:00:00
1787356800000,2515.98,2522.93,2488.88,2521.69,312135.346,1787360399999,782249913.11999,526490,153761.985,385524453.64774,2026-08-22 00:00:00
1787360400000,2521.69,2528.23,2506.22,2506.28,184459.612,1787363999999,464742532.92532,336877,89328.339,225118350.36194,2026-08-22 01:00:00
1787364000000,2506.28,2522.52,2494.85,2515.33,218079.11,1787367599999,547016904.56652,367968,104752.584,262809941.40022,2026-08-22 02:00:00
1787367600000,2515.33,2526.44,2510.9,2514.35,152429.655,1787371199999,383874438.61415,286756,73826.66,185933329.99926,2026-08-22 03:00:00
1787371200000,2514.36,2529.98,2505.37,2513.88,216297.891,1787374799999,544738151.83924,346028,102943.455,259290177.96774,2026-08-22 04:00:00
1787374800000,2513.88,2517.84,2384.0,2439.44,962299.705,1787378399999,2351754884.09611,959094,461703.09,1126894331.70934,2026-08-22 05:00:00
1787378400000,2439.44,2443.35,2408.68,2436.94,246526.966,1787381999999,598668758.5986,439183,110680.72,268915717.33387,2026-08-22 06:00:00
1787382000000,2436.95,2447.41,2425.2,2432.54,165303.332,1787385599999,402775841.51947,311623,80513.151,196231996.4516,2026-08-22 07:00:00
1787385600000,2432.55,2440.43,2411.0,2425.34,206452.587,1787389199999,500433433.87942,331322,94931.263,230145032.03334,2026-08-22 08:00:00
1787389200000,2425.34,2429.09,2411.52,2421.49,122343.396,1787392799999,296198361.84232,260623,61460.416,148803515.26302,2026-08-22 09:00:00
1787392800000,2421.5,2422.43,2387.0,2412.14,353030.87,1787396399999,848831543.21221,556154,154247.66,371020852.05534,2026-08-22 10:00:00
1787396400000,2412.14,2426.32,2404.5,2423.41,120222.061,1787399999999,290534045.74174,237833,58453.933,141272076.01854,2026-08-22 11:00:00
1787400000000,2423.4,2437.6,2418.52,2427.31,146210.586,1787403599999,355293176.93364,255437,71360.854,173434528.4071,2026-08-22 12:00:00
1787403600000,2427.3,2432.66,2420.72,2429.35,83188.938,1787407199999,201830819.22462,176459,37588.388,91213989.47769,2026-08-22 13:00:00
1787407200000,2429.35,2430.82,2408.08,2413.02,145121.84,1787410799999,350667965.62011,254280,66118.736,159763632.8745,2026-08-22 14:00:00
1787410800000,2413.01,2416.31,2405.07,2410.37,88099.066,1787414399999,212335460.44578,195710,42340.206,102058888.0212,2026-08-22 15:00:00
1787414400000,2410.36,2429.26,2408.27,2421.89,110686.605,1787417999999,267950324.43034,195243,58507.935,141621455.6267,2026-08-22 16:00:00
1787418000000,2421.9,2431.41,2415.96,2425.9,74094.81,1787421599999,179594093.7121,139465,34397.849,83397339.055,2026-08-22 17:00:00
1787421600000,2425.91,2433.94,2421.05,2426.54,62046.255,1787425199999,150662281.52188,134211,33598.391,81594972.56041,2026-08-22 18:00:00
1787425200000,2426.53,2444.3,2423.42,2438.18,98465.55,1787428799999,239777986.56555,136901,58039.825,141347920.14657,2026-08-22 19:00:00
1787428800000,2438.19,2442.78,2426.85,2431.02,58071.39,1787432399999,141419523.74198,98171,21110.583,51428242.56134,2026-08-22 20:00:00
1787432400000,2431.02,2431.16,2401.64,2406.39,183175.988,1787435999999,442339624.43005,202758,72554.086,175211604.3693,2026-08-22 21:00:00
1787436000000,2406.39,2424.54,2403.37,2413.17,115072.533,1787439599999,277943523.60458,200982,57127.938,138003663.30852,2026-08-22 22:00:00
1787439600000,2413.17,2426.22,2409.54,2421.4,43552.801,1787443199999,105337414.96534,104796,21907.455,52985199.31589,2026-08-22 23:00:00
1787443200000,2421.41,2434.68,2418.35,2429.95,103667.378,1787446799999,251661513.40552,171407,54857.909,133187379.38805,2026-08-23 00:00:00
1787446800000,2429.95,2432.45,2419.04,2422.33,113426.642,1787450399999,275061968.61153,156872,50651.426,122838323.47508,2026-08-23 01:00:00
1787450400000,2422.33,2423.6,2405.01,2415.98,97349.101,1787453999999,235188113.56975,154902,42772.423,103368774.38086,2026-08-23 02:00:00
1787454000000,2415.98,2418.55,2407.2,2413.19,66825.031,1787457599999,161197559.38549,133305,31176.076,75210100.45744,2026-08-23 03:00:00
1787457600000,2413.2,2416.57,2371.2,2378.24,384695.979,1787461199999,919550898.03829,390049,157423.828,376473670.33936,2026-08-23 04:00:00
1787461200000,2378.24,2386.92,2355.38,2372.6,384688.608,1787464799999,913197646.08552,569457,185995.518,441628344.63435,2026-08-23 05:00:00
1787464800000,2372.61,2397.37,2369.14,2389.35,198183.575,1787468399999,472665529.5816,326491,118390.78,282347392.33649,2026-08-23 06:00:00
1787468400000,2389.34,2396.96,2386.0,2388.29,77966.822,1787471999999,186430905.38643,157849,36905.274,88257438.39346,2026-08-23 07:00:00
1787472000000,2388.3,2428.29,2386.0,2412.25,279494.101,1787475599999,673818974.77603,322585,152649.716,368024080.70609,2026-08-23 08:00:00
1787475600000,2412.24,2416.07,2402.85,2410.91,91448.288,1787479199999,220457835.83659,146771,44416.976,107097988.18387,2026-08-23 09:00:00
1787479200000,2410.9,2420.52,2410.19,2414.8,83165.039,1787482799999,200918297.05686,124160,45724.394,110472390.69648,2026-08-23 10:00:00
1787482800000,2414.8,2438.67,2414.08,2433.29,211838.761,1787486399999,514650855.35422,252948,124072.216,301410577.48134,2026-08-23 11:00:00
1787486400000,2433.28,2433.29,2417.24,2426.61,117007.411,1787489999999,283622783.4469,155426,50516.404,122479516.93375,2026-08-23 12:00:00
1787490000000,2426.62,2485.51,2426.61,2458.64,457575.94,1787493599999,1124766588.35742,546676,246063.552,604625683.32041,2026-08-23 13:00:00
1787493600000,2458.63,2469.85,2387.0,2437.94,528421.874,1787497199999,1285708910.10946,626078,240078.473,584431426.56482,2026-08-23 14:00:00
1787497200000,2437.94,2451.82,2420.7,2437.69,227214.758,1787500799999,553515422.93284,365771,114350.689,278701469.8622,2026-08-23 15:00:00
1787500800000,2437.68,2459.43,2437.68,2449.7,98469.289,1787504399999,241100022.33095,187003,57578.547,141001609.45515,2026-08-23 16:00:00
1787504400000,2449.71,2453.42,2431.46,2439.24,144784.713,1787507999999,353461920.93664,240619,62863.481,153496127.2408,2026-08-23 17:00:00
1787508000000,2439.23,2448.84,2433.41,2447.59,76248.611,1787511599999,186284961.69131,141575,34716.651,84837302.24871,2026-08-23 18:00:00
1787511600000,2447.59,2453.92,2436.27,2443.58,72575.25,1787515199999,177529394.48636,107480,33494.28,81946969.12497,2026-08-23 19:00:00
1787515200000,2443.57,2449.69,2435.21,2449.22,53404.628,1787518799999,130496915.79047,110944,27080.593,66178340.66624,2026-08-23 20:00:00
1787518800000,2449.22,2484.66,2449.21,2469.14,273010.583,1787522399999,673800535.2431,383574,146934.915,362637375.15186,2026-08-23 21:00:00
1787522400000,2469.15,2474.0,2450.77,2454.13,124336.612,1787525999999,305824848.21651,292138,58585.437,144130773.50178,2026-08-23 22:00:00
1787526000000,2454.12,2470.7,2440.28,2462.58,171267.065,1787529599999,420813804.78189,296766,93712.098,230340091.02445,2026-08-23 23:00:00
1787529600000,2462.59,2465.62,2441.0,2464.6,162551.508,1787533199999,398743932.4773,311171,74611.509,183018609.62483,2026-08-24 00:00:00
1787533200000,2464.6,2466.36,2425.8,2428.27,279222.551,1787536799999,681991610.5324,375985,119551.948,292066961.64293,2026-08-24 01:00:00
1787536800000,2428.27,2450.79,2423.39,2442.54,149698.246,1787540399999,365186550.26016,270366,71956.507,175554797.12482,2026-08-24 02:00:00
1787540400000,2442.53,2444.5,2423.05,2429.78,128697.509,1787543999999,313239967.84589,207720,61536.547,149796152.9312,2026-08-24 03:00:00
1787544000000,2429.78,2446.09,2427.24,2436.72,107423.954,1787547599999,261793512.08477,179232,53437.004,130234467.54433,2026-08-24 04:00:00
1787547600000,2436.73,2459.26,2432.75,2448.07,231773.945,1787551199999,567593569.68883,291503,122247.596,299396984.75474,2026-08-24 05:00:00
1787551200000,2448.06,2463.56,2443.22,2455.58,145268.507,1787554799999,356394878.16768,238290,80587.773,197709264.17886,2026-08-24 06:00:00
1787554800000,2455.58,2473.83,2451.27,2453.97,179577.165,1787558399999,442012163.49226,226217,95461.193,235043589.18033,2026-08-24 07:00:00
1787558400000,2453.98,2458.53,2435.01,2453.62,180544.032,1787561999999,441566280.4811,245782,84091.751,205650760.3162,2026-08-24 08:00:00
1787562000000,2453.63,2464.49,2452.2,2462.2,119216.72,1787565599999,293248930.56188,161855,54567.263,134233454.4336,2026-08-24 09:00:00
1787565600000,2462.19,2492.84,2460.83,2464.24,368815.799,1787569199999,912732315.03459,376419,206849.104,512013746.23943,2026-08-24 10:00:00
1787569200000,2464.23,2508.69,2453.29,2493.52,439756.868,1787572799999,1093678113.6377,538145,240520.17,598246327.76766,2026-08-24 11:00:00
1787572800000,2493.53,2520.0,2473.05,2511.99,408887.207,1787576399999,1021528164.82927,545419,218186.477,545328950.94415,2026-08-24 12:00:00
1787576400000,2512.0,2519.27,2475.01,2492.76,487731.579,1787579999999,1217742933.68475,766678,235460.281,587915154.97388,2026-08-24 13:00:00
1787580000000,2492.76,2531.7,2490.07,2515.0,533911.101,1787583599999,1342133668.68292,773553,269807.964,678343751.32469,2026-08-24 14:00:00
1787583600000,2514.99,2532.73,2477.74,2486.64,591935.335,1787587199999,1482885837.53248,698167,269234.363,674672517.99963,2026-08-24 15:00:00
1787587200000,2486.63,2505.6,2466.21,2477.03,367977.283,1787590799999,916011525.49512,467402,176632.627,439893542.17823,2026-08-24 16:00:00
1787590800000,2477.03,2483.23,2453.51,2467.92,449975.624,1787594399999,1109646839.42568,600542,216149.707,533070020.29532,2026-08-24 17:00:00
1787594400000,2467.93,2483.28,2466.13,2473.21,181971.526,1787597999999,450580574.74968,289562,95919.871,237506236.03186,2026-08-24 18:00:00
1787598000000,2473.21,2477.07,2460.57,2470.54,144401.783,1787601599999,356374994.09669,254347,59795.349,147598308.3586,2026-08-24 19:00:00
1787601600000,2470.52,2478.31,2464.2,2474.44,72793.167,1787605199999,179875580.28817,143624,38523.375,95209249.61392,2026-08-24 20:00:00
1787605200000,2474.44,2489.0,2474.23,2482.78,82047.324,1787608799999,203636662.80919,101678,48700.564,120906829.66364,2026-08-24 21:00:00
1787608800000,2482.79,2484.5,2471.17,2473.38,58826.878,1787612399999,145804779.77696,133324,28701.947,71148133.89743,2026-08-24 22:00:00
1787612400000,2473.38,2486.53,2468.95,2481.03,72974.169,1787615999999,180913535.68717,139775,32779.259,81267343.31255,2026-08-24 23:00:00
1787616000000,2481.03,2504.66,2471.0,2492.2,204548.585,1787619599999,509144407.74895,329039,101065.133,251574203.56697,2026-08-25 00:00:00
1787619600000,2492.19,2503.82,2483.33,2494.87,139035.621,1787623199999,346816648.18826,263561,73626.322,183687306.11809,2026-08-25 01:00:00
1787623200000,2494.87,2533.47,2491.15,2506.94,436041.45,1787626799999,1096826311.61745,561423,225257.844,566670573.68874,2026-08-25 02:00:00
1787626800000,2506.95,2513.71,2487.14,2497.96,199300.519,1787630399999,498454475.64782,281725,88815.799,222172352.02796,2026-08-25 03:00:00
1787630400000,2497.96,2503.0,2487.46,2493.72,146220.748,1787633999999,364622036.51904,213409,68832.277,171643816.52656,2026-08-25 04:00:00
1787634000000,2493.72,2511.13,2492.49,2507.61,160510.07,1787637599999,402021429.34589,214293,79207.389,198335230.65873,2026-08-25 05:00:00
1787637600000,2507.6,2514.74,2494.26,2499.9,127554.78,1787641199999,319471964.93872,192465,58558.322,146712427.67719,2026-08-25 06:00:00
1787641200000,2499.9,2512.23,2462.92,2477.66,286346.201,1787644799999,711798526.11036,327555,127341.006,316731139.40027,2026-08-25 07:00:00
1787644800000,2477.65,2496.97,2473.27,2484.0,188739.617,1787648399999,469218503.48894,250878,94722.998,235505624.26855,2026-08-25 08:00:00
1787648400000,2484.0,2492.28,2461.61,2473.62,191635.506,1787651999999,474742969.1889,281436,82095.244,203477035.25042,2026-08-25 09:00:00
1787652000000,2473.61,2486.65,2468.61,2480.94,119573.508,1787655599999,296249749.4609,194459,64125.902,158890144.42292,2026-08-25 10:00:00
1787655600000,2480.94,2485.24,2473.4,2477.1,92033.781,1787659199999,228102755.46301,184316,46279.192,114713517.77299,2026-08-25 11:00:00
1787659200000,2477.09,2480.49,2456.56,2472.69,205208.936,1787662799999,506498949.72622,359068,90884.223,224351468.15764,2026-08-25 12:00:00
1787662800000,2472.69,2476.21,2438.3,2459.99,404934.218,1787666399999,995530277.65237,657484,189849.426,466948200.11186,2026-08-25 13:00:00
1787666400000,2460.0,2483.58,2453.0,2475.96,255302.867,1787669999999,630965705.87055,478647,140334.24,346875206.51127,2026-08-25 14:00:00
1787670000000,2475.96,2482.7,2464.85,2481.56,139771.281,1787673599999,345765753.41531,297924,76759.135,189913137.34102,2026-08-25 15:00:00
1787673600000,2481.56,2484.79,2465.84,2469.59,119418.168,1787677199999,295487345.31143,205714,59403.862,146994918.07996,2026-08-25 16:00:00
1787677200000,2469.59,2470.46,2453.28,2469.93,180881.548,1787680799999,445378445.72282,239399,85959.059,211649848.02657,2026-08-25 17:00:00
1787680800000,2469.94,2473.72,2462.69,2466.04,77868.142,1787684399999,192260663.14336,126165,40311.63,99539905.97424,2026-08-25 18:00:00
1787684400000,2466.04,2469.13,2453.67,2462.03,74174.582,1787687999999,182529497.94152,141200,35646.346,87714058.39738,2026-08-25 19:00:00
1787688000000,2462.03,2463.29,2432.49,2435.25,210478.664,1787691599999,514514628.54379,297650,82999.488,202967385.40295,2026-08-25 20:00:00
1787691600000,2435.25,2443.07,2412.69,2440.8,306711.504,1787695199999,744995484.57307,368727,152924.252,371643577.95363,2026-08-25 21:00:00
1787695200000,2440.81,2454.74,2440.81,2452.7,91889.667,1787698799999,224929434.98889,165256,44883.003,109872130.45537,2026-08-25 22:00:00
1787698800000,2452.71,2455.95,2435.64,2441.72,86949.177,1787702399999,212718372.32059,160610,37800.448,92483845.65166,2026-08-25 23:00:00
1787702400000,2441.72,2449.56,2434.63,2445.07,98483.014,1787705999999,240390641.73648,229870,54649.77,133407869.59102,2026-08-26 00:00:00
1787706000000,2445.08,2461.54,2443.96,2454.99,99370.891,1787709599999,243985741.19583,181577,55622.878,136575017.48147,2026-08-26 01:00:00
1787709600000,2455.0,2469.35,2452.88,2464.18,86808.688,1787713199999,213807710.98317,147655,45734.928,112639759.59545,2026-08-26 02:00:00
1787713200000,2464.17,2467.43,2457.25,2464.58,60796.148,1787716799999,149728257.06151,113020,28936.875,71274871.93287,2026-08-26 03:00:00
1787716800000,2464.57,2472.0,2454.21,2455.77,99674.961,1787720399999,245508569.85874,156495,45603.182,112362890.29344,2026-08-26 04:00:00
1787720400000,2455.77,2467.65,2450.22,2463.85,91073.13,1787723999999,223957061.73676,185708,48963.188,120413005.92188,2026-08-26 05:00:00
1787724000000,2463.85,2466.44,2452.19,2459.03,75908.701,1787727599999,186616069.15943,136274,44229.936,108727800.40862,2026-08-26 06:00:00
1787727600000,2459.03,2467.59,2456.0,2460.51,66112.129,1787731199999,162850066.46026,120082,32617.217,80347573.27812,2026-08-26 07:00:00
1787731200000,2460.52,2468.67,2452.01,2455.31,82121.742,1787734799999,202043443.54315,149801,38605.565,94993781.70226,2026-08-26 08:00:00
1787734800000,2455.31,2459.96,2441.51,2446.8,124706.585,1787738399999,305430481.95288,215131,55987.444,137147523.05774,2026-08-26 09:00:00
1787738400000,2446.81,2474.87,2443.52,2467.67,167469.617,1787741999999,412191698.88977,221625,91280.403,224637035.19233,2026-08-26 10:00:00
1787742000000,2467.67,2472.3,2454.49,2462.03,109085.91,1787745599999,268777907.34338,165373,46215.442,113881371.12882,2026-08-26 11:00:00
1787745600000,2462.03,2471.41,2442.92,2454.0,239472.686,1787749199999,588601407.90017,367619,123417.482,303387786.06944,2026-08-26 12:00:00
1787749200000,2454.01,2463.68,2434.05,2456.16,312576.315,1787752799999,765044820.75666,456471,156260.823,382591450.58294,2026-08-26 13:00:00
1787752800000,2456.17,2461.91,2437.38,2438.1,177410.301,1787756399999,434546214.25666,316823,82509.363,202138562.15314,2026-08-26 14:00:00
1787756400000,2438.1,2454.87,2431.0,2448.97,198628.42,1787759999999,485263482.62359,303685,95420.9,233142270.68789,2026-08-26 15:00:00
1787760000000,2448.98,2454.72,2436.19,2443.66,124881.247,1787763599999,305526551.58628,191521,64466.605,157733746.05184,2026-08-26 16:00:00
1787763600000,2443.66,2466.59,2442.79,2459.94,152112.146,1787767199999,373851647.60117,222271,83263.808,204656895.98974,2026-08-26 17:00:00
1787767200000,2459.94,2473.88,2457.83,2471.72,109778.176,1787770799999,270815774.09916,164710,62232.844,153541731.99444,2026-08-26 18:00:00
1787770800000,2471.73,2483.48,2466.81,2469.51,157597.956,1787774399999,389907997.00816,195716,85761.06,212240194.85946,2026-08-26 19:00:00
1787774400000,2469.51,2473.56,2458.62,2471.28,93428.322,1787777999999,230501519.96387,140670,43770.88,107984606.29137,2026-08-26 20:00:00
1787778000000,2471.29,2504.41,2469.26,2495.89,254289.822,1787781599999,633406662.60348,295942,157229.421,391597602.05251,2026-08-26 21:00:00
1787781600000,2495.88,2515.0,2488.47,2492.61,197833.837,1787785199999,495017153.05808,278203,108879.227,272538067.60312,2026-08-26 22:00:00
1787785200000,2492.61,2511.69,2486.95,2505.66,167985.451,1787788799999,419826067.64112,239226,86692.008,216673402.09215,2026-08-26 23:00:00
1787788800000,2505.66,2509.68,2490.51,2490.71,131449.921,1787792399999,328466863.69264,204523,65993.311,164899513.39425,2026-08-27 00:00:00
1787792400000,2490.71,2505.0,2485.06,2496.81,140815.908,1787795999999,351448254.70248,230174,66839.141,166834682.41134,2026-08-27 01:00:00
1787796000000,2496.8,2504.1,2492.08,2493.83,63224.917,1787799599999,157879801.99732,121655,30000.214,74924269.08324,2026-08-27 02:00:00
1787799600000,2493.83,2498.33,2488.0,2491.95,94459.474,1787803199999,235451550.16687,155865,38219.147,95274069.38029,2026-08-27 03:00:00
1787803200000,2491.95,2494.78,2482.39,2486.45,73690.765,1787806799999,183310996.70228,101030,35872.208,89234523.73974,2026-08-27 04:00:00
1787806800000,2486.44,2497.0,2480.56,2495.52,89019.119,1787810399999,221463634.50156,131699,45868.666,114139995.00234,2026-08-27 05:00:00
1787810400000,2495.52,2495.52,2482.77,2492.06,72215.035,1787813999999,179630214.84882,116420,35715.577,88838189.48159,2026-08-27 06:00:00
1787814000000,2492.07,2498.14,2487.42,2496.19,66701.55,1787817599999,166286969.13881,97133,36528.993,91084249.71222,2026-08-27 07:00:00
1787817600000,2496.18,2545.67,2496.18,2529.9,674018.365,1787821199999,1701695503.06875,636736,362395.848,914695972.79379,2026-08-27 08:00:00
1787821200000,2529.91,2566.4,2524.07,2533.57,494160.973,1787824799999,1257906341.53662,546690,258733.873,658900965.29041,2026-08-27 09:00:00
1787824800000,2533.57,2538.79,2483.5,2502.75,514194.093,1787828399999,1290476376.5602,546404,220531.295,553578521.48077,2026-08-27 10:00:00
1787828400000,2502.76,2509.37,2491.0,2500.41,162936.413,1787831999999,407649106.94531,238378,74389.556,186134733.65425,2026-08-27 11:00:00
1787832000000,2500.41,2506.15,2489.94,2493.92,108438.765,1787835599999,270989830.61988,172096,48055.618,120142186.14927,2026-08-27 12:00:00
1787835600000,2493.92,2506.9,2481.19,2495.24,288384.664,1787839199999,718854057.65884,433570,142114.972,354486845.14497,2026-08-27 13:00:00
1787839200000,2495.24,2522.77,2487.35,2516.23,298926.626,1787842799999,749428106.53108,485637,151647.856,380201277.2241,2026-08-27 14:00:00
1787842800000,2516.24,2533.0,2512.41,2520.58,252682.332,1787846399999,637316944.42641,377642,130354.974,328836712.9824,2026-08-27 15:00:00
1787846400000,2520.59,2532.49,2514.76,2521.19,152310.567,1787849999999,384349717.46035,254981,73045.955,184376991.48083,2026-08-27 16:00:00
1787850000000,2521.18,2533.5,2513.62,2517.03,143227.132,1787853599999,361323961.53798,253245,68614.443,173162485.45274,2026-08-27 17:00:00
1787853600000,2517.02,2517.28,2487.4,2505.64,255974.908,1787857199999,639558395.97017,322519,114525.408,286069419.53885,2026-08-27 18:00:00
1787857200000,2505.64,2513.92,2495.72,2496.79,110140.606,1787860799999,276047862.83597,185798,50407.242,126362093.19862,2026-08-27 19:00:00
1787860800000,2496.8,2506.98,2493.6,2506.96,66498.612,1787864399999,166281741.40233,118858,34808.006,87052508.42454,2026-08-27 20:00:00
1787864400000,2506.96,2507.75,2497.82,2503.1,42032.016,1787867999999,105170131.12311,76704,19805.886,49556945.83176,2026-08-27 21:00:00
1787868000000,2503.09,2516.08,2503.09,2513.8,75581.388,1787871599999,189790447.40761,126337,43495.842,109220354.31403,2026-08-27 22:00:00
1787871600000,2513.8,2516.97,2507.68,2509.74,52376.613,1787875199999,131581659.01611,86260,27179.144,68287491.68157,2026-08-27 23:00:00
1787875200000,2509.75,2519.39,2504.68,2514.53,90108.652,1787878799999,226379414.16219,156471,48981.164,123070234.15363,2026-08-28 00:00:00
1787878800000,2514.53,2535.79,2506.22,2511.01,212134.345,1787882399999,534943499.76595,298207,103389.999,260768215.86424,2026-08-28 01:00:00
1787882400000,2511.01,2511.26,2482.85,2490.77,239886.961,1787885999999,598633149.08258,287555,93078.793,232279834.75268,2026-08-28 02:00:00
1787886000000,2490.77,2494.39,2484.81,2488.61,87404.4,1787889599999,217615037.31405,140181,44683.943,111259177.8902,2026-08-28 03:00:00
1787889600000,2488.6,2494.99,2473.68,2484.74,165617.07,1787893199999,411543313.55443,189710,64453.053,160221505.33774,2026-08-28 04:00:00
1787893200000,2484.74,2496.33,2481.0,2492.04,93862.82,1787896799999,233685036.39561,137519,54637.008,136038352.35686,2026-08-28 05:00:00
1787896800000,2492.04,2504.24,2492.04,2501.7,92023.977,1787900399999,230076668.30286,121009,46010.694,115028643.28218,2026-08-28 06:00:00
1787900400000,2501.7,2502.11,2492.69,2495.34,86589.67,1787903999999,216093196.77589,102752,30985.18,77328854.13036,2026-08-28 07:00:00
1787904000000,2495.35,2503.0,2485.06,2487.19,85592.672,1787907599999,213379904.50411,112582,36246.394,90385111.86442,2026-08-28 08:00:00
1787907600000,2487.18,2492.27,2482.0,2488.62,95417.105,1787911199999,237367108.46144,126462,42529.46,105830163.52593,2026-08-28 09:00:00
1787911200000,2488.62,2508.87,2480.51,2505.52,144051.04,1787914799999,359166554.72536,159745,79138.428,197450923.66504,2026-08-28 10:00:00
1787914800000,2505.52,2510.94,2501.1,2504.11,110677.411,1787918399999,277426556.93325,130559,52696.604,132103972.16796,2026-08-28 11:00:00
1787918400000,2504.11,2507.38,2494.22,2497.99,72996.052,1787921999999,182464674.49566,122708,33200.237,82991351.27675,2026-08-28 12:00:00
1787922000000,2498.0,2518.59,2494.5,2508.51,167443.266,1787925599999,419393458.21651,273549,93691.382,234686300.88438,2026-08-28 13:00:00
1787925600000,2508.52,2526.01,2461.71,2512.04,791422.248,1787929199999,1975342951.00369,1009285,398686.807,995622894.20665,2026-08-28 14:00:00
1787929200000,2512.04,2518.4,2467.71,2470.35,339698.257,1787932799999,846528412.29918,467864,144559.102,360466003.64489,2026-08-28 15:00:00
1787932800000,2470.35,2472.85,2403.78,2440.83,930095.45,1787936399999,2266744164.80373,1073953,416758.349,1015515097.95129,2026-08-28 16:00:00
1787936400000,2440.83,2447.0,2436.08,2442.45,140351.404,1787939999999,342562118.8945,284619,67349.728,164395910.04614,2026-08-28 17:00:00
1787940000000,2442.44,2443.9,2416.67,2427.47,237806.094,1787943599999,577289579.4815,309968,117763.149,285832466.69528,2026-08-28 18:00:00
1787943600000,2427.47,2442.65,2427.46,2434.42,100160.079,1787947199999,243833230.56486,176219,54564.387,132843440.59081,2026-08-28 19:00:00
1787947200000,2434.43,2434.89,2423.09,2426.63,58286.325,1787950799999,141572596.73522,121823,25913.139,62942341.42778,2026-08-28 20:00:00
1787950800000,2426.63,2430.96,2420.76,2423.99,47669.536,1787954399999,115663433.7301,100896,22933.38,55649539.45242,2026-08-28 21:00:00
1787954400000,2423.99,2445.68,2421.57,2440.93,99782.896,1787957999999,243049891.99839,136933,64655.415,157501842.05677,2026-08-28 22:00:00
1787958000000,2440.92,2442.11,2435.53,2441.9,44316.469,1787961599999,108079374.52568,72819,22472.255,54810527.17884,2026-08-28 23:00:00
1787961600000,2441.91,2447.0,2439.68,2441.42,53498.055,1787965199999,130699105.91792,82810,27056.289,66102985.32589,2026-08-29 00:00:00
1787965200000,2441.42,2444.7,2438.09,2442.44,34630.841,1787968799999,84563058.38924,53713,16843.628,41133482.00807,2026-08-29 01:00:00
1787968800000,2442.44,2443.8,2433.96,2437.59,40954.179,1787972399999,99861986.44442,61768,15561.44,37945971.84805,2026-08-29 02:00:00
1787972400000,2437.6,2440.5,2433.55,2434.05,36493.431,1787975999999,88933005.9223,57425,15874.829,38690559.11431,2026-08-29 03:00:00
1787976000000,2434.06,2439.87,2433.59,2439.14,26825.945,1787979599999,65373777.79804,46356,13251.243,32292597.21868,2026-08-29 04:00:00
1787979600000,2439.15,2440.88,2437.0,2437.8,28801.969,1787983199999,70256877.29921,42635,13381.789,32642062.95431,2026-08-29 05:00:00
1787983200000,2437.8,2438.01,2429.04,2433.93,59000.932,1787986799999,143509364.41453,68741,22186.041,53969357.72635,2026-08-29 06:00:00
1787986800000,2433.93,2436.98,2432.88,2435.2,30424.739,1787990399999,74083213.55743,44635,15655.62,38123111.77752,2026-08-29 07:00:00
1787990400000,2435.2,2435.2,2430.0,2432.98,31857.215,1787993999999,77481591.56961,48631,16262.012,39551167.21296,2026-08-29 08:00:00
1787994000000,2432.99,2436.4,2432.39,2434.21,27498.473,1787997599999,66943310.62223,44398,14932.626,36353530.0911,2026-08-29 09:00:00
1787997600000,2434.21,2437.24,2430.25,2433.58,28821.313,1788001199999,70158058.37895,45876,15109.413,36782916.16759,2026-08-29 10:00:00
1788001200000,2433.58,2437.54,2432.63,2434.87,21245.26,1788004799999,51745613.86868,32806,11516.06,28049181.69425,2026-08-29 11:00:00
1788004800000,2434.87,2438.1,2432.09,2433.52,26905.479,1788008399999,65512643.86943,39859,12666.604,30844626.33997,2026-08-29 12:00:00
1788008400000,2433.53,2435.59,2431.2,2434.59,26455.534,1788011999999,64378596.10433,44512,13136.309,31968601.89241,2026-08-29 13:00:00
1788012000000,2434.59,2452.0,2434.0,2447.34,127746.63,1788015599999,312182250.03589,129323,76482.416,186903285.90503,2026-08-29 14:00:00
1788015600000,2447.35,2448.02,2439.94,2443.51,63855.629,1788019199999,156015477.11875,97197,28047.2,68532488.89984,2026-08-29 15:00:00
1788019200000,2443.51,2458.64,2443.5,2449.7,107405.117,1788022799999,263137070.54932,123898,58911.272,144361926.08212,2026-08-29 16:00:00
1788022800000,2449.71,2454.29,2444.33,2449.34,49056.874,1788026399999,120153302.99638,81074,22334.41,54701457.29272,2026-08-29 17:00:00
1788026400000,2449.34,2454.4,2444.35,2451.12,41177.125,1788029999999,100880108.64098,67726,22805.812,55872854.85372,2026-08-29 18:00:00
1788030000000,2451.13,2457.87,2450.28,2452.16,55495.717,1788033599999,136234777.31455,75003,26220.187,64367142.1955,2026-08-29 19:00:00
1788033600000,2452.16,2457.23,2450.4,2451.54,28203.391,1788037199999,69186036.26949,48258,11813.136,28979771.2829,2026-08-29 20:00:00
1788037200000,2451.53,2452.75,2447.57,2450.34,24131.214,1788040799999,59123484.53157,43190,10007.512,24520105.20079,2026-08-29 21:00:00
1788040800000,2450.33,2452.19,2448.22,2451.48,15869.175,1788044399999,38882619.12997,33486,8827.554,21630464.7867,2026-08-29 22:00:00
1788044400000,2451.47,2458.75,2451.47,2456.5,37972.844,1788047999999,93215787.49395,62046,22625.146,55539438.87992,2026-08-29 23:00:00
1788048000000,2456.5,2466.95,2453.29,2457.81,81321.026,1788051599999,200159720.56551,108988,47152.776,116081552.82292,2026-08-30 00:00:00
1788051600000,2457.81,2459.6,2451.5,2455.44,49812.488,1788055199999,122296236.49194,76965,20338.787,49939904.49134,2026-08-30 01:00:00
1788055200000,2455.43,2457.79,2452.55,2453.69,42503.646,1788058799999,104343719.37644,65005,17887.165,43911563.32469,2026-08-30 02:00:00
1788058800000,2453.68,2459.44,2452.54,2456.0,29050.037,1788062399999,71347124.34269,51530,13611.847,33432175.64864,2026-08-30 03:00:00
1788062400000,2456.0,2457.8,2450.36,2454.8,40234.535,1788065999999,98714503.82168,60293,17085.205,41921629.59879,2026-08-30 04:00:00
1788066000000,2454.79,2459.05,2454.1,2454.99,24632.809,1788069599999,60498537.38631,39090,11090.365,27237342.52502,2026-08-30 05:00:00
1788069600000,2455.0,2460.53,2453.97,2460.1,30153.696,1788073199999,74106835.60033,45535,17303.057,42528150.97841,2026-08-30 06:00:00
1788073200000,2460.1,2460.12,2453.61,2454.19,29931.222,1788076799999,73523846.97541,43093,13626.944,33472668.86079,2026-08-30 07:00:00
1788076800000,2454.19,2458.8,2453.58,2455.86,29836.529,1788080399999,73269046.055,43149,17016.565,41786978.9825,2026-08-30 08:00:00
1788080400000,2455.86,2457.2,2450.5,2452.61,44906.784,1788083999999,110174886.89367,56537,20942.103,51382005.59619,2026-08-30 09:00:00
1788084000000,2452.61,2459.11,2451.4,2458.65,34598.231,1788087599999,84960453.81523,52575,20030.897,49190097.36242,2026-08-30 10:00:00
1788087600000,2458.65,2460.98,2455.55,2459.11,37332.683,1788091199999,91782520.52226,55333,19682.428,48391356.13904,2026-08-30 11:00:00
1788091200000,2459.11,2472.99,2456.81,2467.99,166621.294,1788094799999,410719207.75152,224121,90769.932,223788715.38576,2026-08-30 12:00:00
1788094800000,2467.98,2477.99,2459.35,2474.16,138599.179,1788098399999,342290212.0871,167504,77371.61,191137886.76081,2026-08-30 13:00:00
1788098400000,2474.17,2478.64,2469.35,2475.76,92133.028,1788101999999,228009804.17721,124138,44157.435,109297366.871,2026-08-30 14:00:00
1788102000000,2475.77,2483.52,2469.72,2479.91,92885.103,1788105599999,230046447.46933,134075,49037.282,121466220.00859,2026-08-30 15:00:00
1788105600000,2479.92,2534.22,2477.87,2528.29,553589.559,1788109199999,1391170785.44727,616769,293641.841,737849423.52727,2026-08-30 16:00:00
1788109200000,2528.28,2528.28,2492.68,2504.62,302046.313,1788112799999,757257023.46617,359699,138820.691,348003473.34241,2026-08-30 17:00:00
1788112800000,2504.62,2516.66,2494.68,2509.86,109037.702,1788116399999,273337037.97327,185961,55777.065,139859090.19883,2026-08-30 18:00:00
1788116400000,2509.87,2512.41,2495.22,2502.76,71663.439,1788119999999,179406412.83741,127385,34119.691,85411445.16228,2026-08-30 19:00:00
1788120000000,2502.76,2507.73,2483.0,2489.59,126882.214,1788123599999,316567460.51413,194293,53996.646,134794473.16865,2026-08-30 20:00:00
1788123600000,2489.59,2489.6,2458.17,2480.64,247579.214,1788127199999,612134662.87092,320483,118876.75,293934903.22431,2026-08-30 21:00:00
1788127200000,2480.63,2488.08,2458.56,2469.51,148103.688,1788130799999,365939283.73613,268794,70517.535,174297603.32813,2026-08-30 22:00:00
1788130800000,2469.52,2469.52,2384.2,2415.55,692106.209,1788134399999,1676010612.72795,939188,298157.952,721761149.86908,2026-08-30 23:00:00
1788134400000,2415.57,2438.97,2403.95,2427.14,265805.887,1788137999999,644133645.69041,409963,127250.554,308511803.47655,2026-08-31 00:00:00
1788138000000,2427.13,2429.56,2406.46,2412.17,160627.767,1788141599999,388381044.35415,322417,69777.09,168742711.79083,2026-08-31 01:00:00
1788141600000,2412.16,2424.31,2400.19,2406.99,163607.057,1788145199999,394607231.13884,274962,82770.123,199699162.43789,2026-08-31 02:00:00
1788145200000,2406.99,2423.77,2403.57,2419.95,103686.794,1788148799999,250566693.70894,161533,59692.907,144244974.5329,2026-08-31 03:00:00
1788148800000,2419.95,2420.38,2410.15,2416.36,92667.558,1788152399999,223674317.93905,157184,40964.18,98871783.03949,2026-08-31 04:00:00
1788152400000,2416.36,2442.0,2413.0,2434.91,211577.867,1788155999999,514301651.54644,272235,117722.37,286157923.99627,2026-08-31 05:00:00
1788156000000,2434.92,2444.63,2430.06,2437.55,145854.115,1788159599999,355698265.78874,191116,72338.739,176419320.13352,2026-08-31 06:00:00
1788159600000,2437.54,2445.96,2434.77,2439.02,72617.637,1788163199999,177179521.56843,139927,36008.939,87860792.96345,2026-08-31 07:00:00
1788163200000,2439.02,2448.87,2432.35,2445.0,107633.363,1788166799999,262597539.20469,179350,55466.254,135363116.93872,2026-08-31 08:00:00
1788166800000,2444.99,2456.37,2442.02,2445.47,113464.354,1788170399999,277811048.73156,191853,59678.08,146148338.8024,2026-08-31 09:00:00
1788170400000,2445.48,2455.92,2439.72,2454.37,93033.446,1788173999999,227721868.81342,154001,45538.631,111495805.85298,2026-08-31 10:00:00
1788174000000,2454.37,2456.98,2443.01,2445.1,75052.794,1788177599999,183914249.34801,131126,35566.539,87174163.50342,2026-08-31 11:00:00
1788177600000,2445.11,2463.48,2442.56,2450.61,240310.043,1788181199999,589346378.6777,330720,135749.087,332961547.58205,2026-08-31 12:00:00
1788181200000,2450.6,2458.55,2436.05,2439.53,174802.7,1788184799999,427711790.2234,382716,82330.818,201482082.48821,2026-08-31 13:00:00
1788184800000,2439.54,2474.78,2436.48,2466.78,271275.707,1788188399999,666709964.41391,485533,150609.636,370187909.47475,2026-08-31 14:00:00
1788188400000,2466.79,2477.68,2456.82,2466.4,158052.142,1788191999999,390038975.0656,318794,82060.789,202542720.34132,2026-08-31 15:00:00
1788192000000,2466.41,2475.99,2460.64,2468.0,122925.204,1788195599999,303269515.58633,249436,63318.345,156225324.89179,2026-08-31 16:00:00
1788195600000,2468.01,2476.66,2459.5,2474.17,114626.238,1788199199999,282906517.48452,205721,59382.987,146588856.56556,2026-08-31 17:00:00
1788199200000,2474.17,2489.18,2467.83,2476.57,158406.258,1788202799999,392516068.0127,225782,87202.169,216129652.97328,2026-08-31 18:00:00
1788202800000,2476.58,2490.24,2476.22,2480.77,97879.098,1788206399999,242996654.04748,164339,51901.486,128873744.33183,2026-08-31 19:00:00
1788206400000,2480.77,2485.93,2468.55,2471.8,72145.388,1788209999999,178576898.09016,127527,31979.523,79177886.80097,2026-08-31 20:00:00
1788210000000,2471.81,2482.46,2466.1,2477.35,64676.362,1788213599999,160062640.42723,111111,32094.844,79426215.32763,2026-08-31 21:00:00
1788213600000,2477.35,2479.88,2466.56,2468.23,48328.089,1788217199999,119415471.83492,90743,19474.553,48117986.5902,2026-08-31 22:00:00
1788217200000,2468.22,2468.23,2460.38,2466.53,50162.051,1788220799999,123614085.26196,87864,22182.905,54667119.56223,2026-08-31 23:00:00
1788220800000,2466.52,2476.44,2464.32,2470.75,63434.825,1788224399999,156778209.2393,113952,31873.661,78774726.78779,2026-09-01 00:00:00
1788224400000,2470.75,2475.19,2454.8,2461.77,84817.204,1788227999999,208929247.09112,152470,37941.164,93486440.74207,2026-09-01 01:00:00
1788228000000,2461.76,2464.59,2453.03,2463.83,85957.26,1788231599999,211338395.22293,133499,44509.087,109452006.84522,2026-09-01 02:00:00
1788231600000,2463.84,2481.95,2462.18,2471.39,102637.881,1788235199999,253804275.51453,152483,55890.916,138216539.606,2026-09-01 03:00:00
1788235200000,2471.4,2477.61,2467.33,2468.94,56462.281,1788238799999,139569940.38208,98366,30069.901,74342819.45057,2026-09-01 04:00:00
1788238800000,2468.94,2484.6,2467.86,2483.51,82963.471,1788242399999,205548089.38063,129062,45566.268,112890724.48802,2026-09-01 05:00:00
1788242400000,2483.51,2483.51,2470.68,2470.69,62444.6,1788245999999,154625255.37601,94691,27038.013,66952934.79716,2026-09-01 06:00:00
1788246000000,2470.68,2476.46,2465.37,2471.44,70382.924,1788249599999,173913300.9275,107322,36980.175,91383704.78399,2026-09-01 07:00:00
1788249600000,2471.44,2472.54,2443.55,2447.09,232405.332,1788253199999,570331121.52483,304794,104725.026,257008939.64265,2026-09-01 08:00:00
1788253200000,2447.08,2454.14,2442.12,2451.1,115022.022,1788256799999,281601774.03619,157820,54961.616,134577267.50558,2026-09-01 09:00:00
1788256800000,2451.1,2462.55,2447.2,2455.78,90403.201,1788260399999,222041501.15974,137952,48982.316,120310924.65975,2026-09-01 10:00:00
1788260400000,2455.79,2462.78,2451.05,2457.87,77649.025,1788263999999,190820902.51676,121808,35743.579,87856988.43547,2026-09-01 11:00:00
1788264000000,2457.88,2458.09,2435.45,2445.22,163104.937,1788267599999,399043555.80694,214587,71041.627,173846293.64783,2026-09-01 12:00:00
1788267600000,2445.21,2448.93,2421.0,2442.99,321908.172,1788271199999,785101850.28548,444836,149632.721,365082494.80621,2026-09-01 13:00:00
1788271200000,2443.0,2456.49,2440.94,2448.24,244743.147,1788274799999,599730319.21513,299438,125010.146,306389303.55723,2026-09-01 14:00:00
1788274800000,2448.23,2453.84,2432.68,2447.9,166703.917,1788278399999,407025935.96872,248569,89051.023,217446613.87686,2026-09-01 15:00:00
1788278400000,2447.9,2448.64,2416.41,2431.68,259565.532,1788281999999,631175714.58701,328394,120189.948,292369507.13577,2026-09-01 16:00:00
1788282000000,2431.68,2438.68,2413.77,2417.3,172967.237,1788285599999,419856928.80649,229799,63089.437,153220650.25738,2026-09-01 17:00:00
1788285600000,2417.3,2421.04,2381.7,2411.8,532324.748,1788289199999,1279827931.8794,598360,231394.695,556358289.10108,2026-09-01 18:00:00
1788289200000,2411.79,2423.62,2411.07,2417.99,175411.714,1788292799999,423843470.32366,241376,100228.763,242205868.53409,2026-09-01 19:00:00
1788292800000,2417.98,2421.83,2411.88,2420.23,74381.715,1788296399999,179836185.71604,123926,42586.825,102976118.75304,2026-09-01 20:00:00
1788296400000,2420.24,2422.46,2398.13,2414.27,145023.113,1788299999999,349432591.93949,184707,69880.522,168413726.23547,2026-09-01 21:00:00
1788300000000,2414.27,2417.69,2404.08,2411.85,80565.049,1788303599999,194170595.60942,130018,38850.984,93647202.69681,2026-09-01 22:00:00
1788303600000,2411.85,2427.0,2409.49,2417.46,98480.464,1788307199999,238236466.60955,123303,52352.511,126662722.713,2026-09-01 23:00:00
1788307200000,2417.45,2421.09,2404.44,2407.68,99140.429,1788310799999,239069905.35949,159018,43127.626,104026345.31921,2026-09-02 00:00:00
1788310800000,2407.68,2413.98,2384.37,2398.01,192336.184,1788314399999,461129026.00782,303801,80442.558,192945158.50656,2026-09-02 01:00:00
1788314400000,2398.0,2410.22,2393.59,2408.96,124968.66,1788317999999,300464811.06643,220204,67741.952,162884999.12889,2026-09-02 02:00:00
1788318000000,2408.96,2423.61,2407.6,2413.34,124375.894,1788321599999,300498884.9272,193407,70180.77,169581206.38773,2026-09-02 03:00:00
1788321600000,2413.34,2415.42,2404.3,2414.15,72913.157,1788325199999,175782269.42283,123261,39377.25,94952573.5907,2026-09-02 04:00:00
1788325200000,2414.15,2424.97,2408.31,2421.31,94162.529,1788328799999,227727492.76402,152009,53869.954,130300556.95593,2026-09-02 05:00:00
1788328800000,2421.31,2424.56,2413.81,2419.55,88468.354,1788332399999,213983176.15846,136464,36966.463,89419351.34035,2026-09-02 06:00:00
1788332400000,2419.56,2429.33,2416.2,2416.65,70681.415,1788335999999,171225169.68899,108577,38118.885,92382455.76438,2026-09-02 07:00:00
1788336000000,2416.65,2419.49,2388.46,2392.11,194149.089,1788339599999,465987398.64198,257565,75263.799,180669998.67039,2026-09-02 08:00:00
1788339600000,2392.11,2399.16,2365.36,2375.43,411114.952,1788343199999,978204027.00859,482632,175448.854,417542781.18776,2026-09-02 09:00:00
1788343200000,2375.44,2375.98,2355.12,2371.5,257076.693,1788346799999,608058845.86789,324630,124734.47,295147009.35903,2026-09-02 10:00:00
1788346800000,2371.51,2382.25,2366.05,2380.58,164621.146,1788350399999,390894719.76866,223575,91816.563,218068824.49346,2026-09-02 11:00:00
1788350400000,2380.59,2389.45,2375.78,2376.55,167364.31,1788353999999,398654923.02678,234408,79788.47,190072156.91957,2026-09-02 12:00:00
1788354000000,2376.55,2419.2,2376.55,2402.3,389619.885,1788357599999,935100479.41593,410178,224549.729,538899142.18657,2026-09-02 13:00:00
1788357600000,2402.3,2410.2,2391.65,2393.39,169579.542,1788361199999,407000486.85276,306442,87230.148,209392850.66622,2026-09-02 14:00:00
1788361200000,2393.4,2398.6,2378.0,2390.15,285664.05,1788364799999,682325751.49396,388728,132283.359,316009152.28439,2026-09-02 15:00:00
1788364800000,2390.16,2404.39,2383.41,2385.27,230257.887,1788368399999,551062440.56716,255798,111984.48,268099133.06611,2026-09-02 16:00:00
1788368400000,2385.28,2393.34,2371.06,2392.58,191137.36,1788371999999,455146779.24106,244777,84895.445,202217571.03223,2026-09-02 17:00:00
1788372000000,2392.59,2398.97,2389.2,2394.05,86656.006,1788375599999,207446393.51232,152203,42651.062,102111321.09244,2026-09-02 18:00:00
1788375600000,2394.04,2395.88,2382.23,2392.15,74769.765,1788379199999,178563013.1994,136183,37536.009,89644074.92214,2026-09-02 19:00:00
1788379200000,2392.15,2399.0,2385.66,2392.65,68821.374,1788382799999,164675127.77051,136078,37049.409,88650480.93602,2026-09-02 20:00:00
1788382800000,2392.64,2394.37,2388.18,2389.18,28377.912,1788386399999,67858110.72774,67271,14536.394,34760499.6461,2026-09-02 21:00:00
1788386400000,2389.18,2389.18,2377.12,2378.79,73415.14,1788389999999,174847637.04319,119328,34858.329,83026525.95453,2026-09-02 22:00:00
1788390000000,2378.79,2392.86,2376.26,2390.91,52011.323,1788393599999,124087591.38549,90920,31305.186,74702815.14826,2026-09-02 23:00:00
1788393600000,2390.91,2394.98,2378.12,2378.66,84627.717,1788397199999,201813327.48957,136099,43817.22,104508924.38463,2026-09-03 00:00:00
1788397200000,2378.66,2393.84,2367.85,2385.72,172132.544,1788400799999,410311101.06874,253045,84716.425,202016538.0395,2026-09-03 01:00:00
1788400800000,2385.71,2408.8,2381.18,2405.0,169248.563,1788404399999,406106089.17529,234346,104846.06,251609808.78336,2026-09-03 02:00:00
1788404400000,2404.99,2410.0,2398.6,2402.39,85440.385,1788407999999,205378685.98325,136233,46407.495,111562814.62607,2026-09-03 03:00:00
1788408000000,2402.39,2407.75,2395.24,2407.55,104994.832,1788411599999,252236123.24478,117891,48250.572,115912751.47516,2026-09-03 04:00:00
1788411600000,2407.56,2409.33,2377.44,2403.87,257106.826,1788415199999,615318677.2587,267943,120774.226,289002756.40442,2026-09-03 05:00:00
1788415200000,2403.86,2409.29,2399.51,2407.33,90238.053,1788418799999,217022386.69826,127512,46718.019,112365035.12487,2026-09-03 06:00:00
1788418800000,2407.32,2418.82,2394.07,2397.33,228587.79,1788422399999,550337823.37817,247154,121240.248,291988472.66851,2026-09-03 07:00:00
1788422400000,2397.33,2412.23,2397.33,2402.65,113686.548,1788425999999,273348975.45711,155549,58650.699,141004155.58791,2026-09-03 08:00:00
1788426000000,2402.65,2406.85,2392.28,2392.65,80359.75,1788429599999,192719911.42674,124252,33537.35,80448959.51214,2026-09-03 09:00:00
1788429600000,2392.65,2397.81,2388.37,2395.74,95813.91,1788433199999,229243087.8618,142398,47741.9,114244086.26725,2026-09-03 10:00:00
1788433200000,2395.73,2410.49,2394.5,2406.12,120475.029,1788436799999,289590925.63137,170428,70256.692,168889678.76149,2026-09-03 11:00:00
1788436800000,2406.12,2426.22,2404.35,2422.35,228364.078,1788440399999,551715005.84577,298617,122906.193,296951378.02082,2026-09-03 12:00:00
1788440400000,2422.35,2435.35,2414.88,2428.75,261880.344,1788443999999,635170689.67538,346423,134614.723,326560444.69894,2026-09-03 13:00:00
1788444000000,2428.75,2489.0,2424.27,2488.32,601790.767,1788447599999,1480208065.92706,716675,328194.367,807284125.45197,2026-09-03 14:00:00
1788447600000,2488.33,2516.64,2478.44,2515.99,574180.008,1788451199999,1432600481.6223,690312,290235.976,724439351.15504,2026-09-03 15:00:00
1788451200000,2516.0,2518.0,2487.3,2493.29,298212.301,1788454799999,744921041.27037,406740,140370.317,350669856.59684,2026-09-03 16:00:00
1788454800000,2493.3,2505.73,2490.8,2499.36,122874.786,1788458399999,307075549.86992,215225,59246.932,148074984.57171,2026-09-03 17:00:00
1788458400000,2499.37,2514.44,2497.31,2511.92,129841.683,1788461999999,325216779.60006,185309,63556.362,159217266.71353,2026-09-03 18:00:00
1788462000000,2511.93,2528.31,2506.22,2517.03,241735.195,1788465599999,608055405.41062,312258,121098.031,304683828.83354,2026-09-03 19:00:00
1788465600000,2517.02,2517.34,2501.11,2503.82,105379.978,1788469199999,264290903.64852,187190,45836.702,114974447.85874,2026-09-03 20:00:00
1788469200000,2503.82,2525.75,2499.09,2510.13,149720.951,1788472799999,376043088.48653,214532,78225.377,196525339.73292,2026-09-03 21:00:00
1788472800000,2510.14,2511.57,2488.55,2495.52,140520.743,1788476399999,350998202.73596,213637,66612.35,166414146.32876,2026-09-03 22:00:00
1788476400000,2495.53,2508.22,2494.14,2506.42,106861.275,1788479999999,267295546.78522,141920,59128.482,147919899.77627,2026-09-03 23:00:00
1788480000000,2506.42,2514.95,2499.69,2500.49,165042.849,1788483599999,413648450.89641,203961,71068.536,178175983.66441,2026-09-04 00:00:00
1788483600000,2500.5,2508.87,2496.05,2505.88,90828.936,1788487199999,227314152.22769,160599,42170.798,105553480.72105,2026-09-04 01:00:00
1788487200000,2505.88,2507.0,2497.14,2506.99,58659.456,1788490799999,146719877.23874,107673,29072.257,72714129.008,2026-09-04 02:00:00
1788490800000,2507.0,2516.52,2503.52,2503.73,106004.4,1788494399999,266044078.91354,133831,53294.29,133775262.06945,2026-09-04 03:00:00
1788494400000,2503.74,2524.63,2501.12,2508.48,205276.818,1788497999999,516307306.94135,206702,109759.283,276075667.5553,2026-09-04 04:00:00
1788498000000,2508.48,2515.61,2503.19,2507.94,106530.402,1788501599999,267305502.52671,150313,50331.788,126303032.47538,2026-09-04 05:00:00
1788501600000,2507.94,2518.0,2498.2,2506.65,138404.964,1788505199999,347102009.221,143533,77225.332,193760997.02778,2026-09-04 06:00:00
1788505200000,2506.66,2515.24,2503.1,2503.53,115995.069,1788508799999,291020829.60497,127433,54221.616,136045321.09163,2026-09-04 07:00:00
1788508800000,2503.53,2536.0,2502.24,2526.43,307202.227,1788512399999,774271499.74209,295211,178545.984,450094846.23875,2026-09-04 08:00:00
1788512400000,2526.44,2547.0,2517.87,2520.0,328614.051,1788515999999,831628979.38821,397346,166325.087,421091488.59996,2026-09-04 09:00:00
1788516000000,2520.01,2527.23,2513.58,2525.0,100613.054,1788519599999,253585693.7621,180023,50369.471,126957539.6981,2026-09-04 10:00:00
1788519600000,2525.0,2526.86,2519.0,2521.89,68574.64,1788523199999,173010869.53745,126442,33983.758,85743761.92231,2026-09-04 11:00:00
1788523200000,2521.88,2531.4,2431.93,2450.12,1027599.514,1788526799999,2531863192.14315,1098094,464758.022,1144918697.03904,2026-09-04 12:00:00
1788526800000,2450.12,2462.97,2434.17,2451.02,383854.054,1788530399999,940427603.96368,566128,190878.797,467714306.14934,2026-09-04 13:00:00
1788530400000,2451.03,2457.52,2430.67,2438.84,236733.252,1788533999999,578794761.01711,418040,108627.061,265667376.07017,2026-09-04 14:00:00
1788534000000,2438.84,2458.24,2436.5,2450.95,141324.332,1788537599999,346185454.32125,204059,70870.719,173587330.75988,2026-09-04 15:00:00
1788537600000,2450.96,2463.9,2448.35,2459.15,128203.929,1788541199999,314890324.14825,181664,68328.699,167857356.47839,2026-09-04 16:00:00
1788541200000,2459.15,2459.64,2442.0,2444.07,97918.603,1788544799999,239838587.47084,154254,45882.831,112364703.46206,2026-09-04 17:00:00
1788544800000,2444.06,2451.0,2443.54,2449.47,50985.418,1788548399999,124797974.07597,87451,30811.329,75419584.85732,2026-09-04 18:00:00
1788548400000,2449.47,2456.82,2449.47,2454.67,60470.513,1788551999999,148398853.91864,90990,30876.99,75774008.21384,2026-09-04 19:00:00
1788552000000,2454.71,2457.68,2449.4,2450.15,43397.821,1788555599999,106452787.58851,79169,19081.259,46810700.4188,2026-09-04 20:00:00
1788555600000,2450.16,2455.8,2448.29,2450.7,38725.727,1788559199999,94975895.08407,64716,18226.364,44704200.03948,2026-09-04 21:00:00
1788559200000,2450.7,2453.26,2449.39,2449.99,24806.804,1788562799999,60807176.01716,47430,12542.697,30744598.88175,2026-09-04 22:00:00
1788562800000,2450.0,2454.72,2448.66,2454.57,22578.529,1788566399999,55356394.87731,37878,12197.649,29905738.3306,2026-09-04 23:00:00
1788566400000,2454.56,2455.36,2450.36,2450.95,27727.028,1788569999999,67999975.60116,48186,13051.99,32009772.56162,2026-09-05 00:00:00
1788570000000,2450.96,2455.0,2450.37,2450.71,30400.168,1788573599999,74567947.3266,51795,14781.819,36257323.75964,2026-09-05 01:00:00
1788573600000,2450.72,2452.3,2448.47,2452.27,23171.29,1788577199999,56782524.66755,42592,11441.729,28039174.08217,2026-09-05 02:00:00
1788577200000,2452.27,2455.2,2450.0,2451.57,27308.046,1788580799999,66976132.39727,41386,15934.591,39085072.90822,2026-09-05 03:00:00
1788580800000,2451.57,2451.99,2447.28,2448.01,31795.865,1788584399999,77898986.84049,40064,12934.232,31688430.5299,2026-09-05 04:00:00
1788584400000,2448.02,2451.3,2443.69,2450.04,47981.528,1788587999999,117438037.39819,58988,24028.572,58816269.04433,2026-09-05 05:00:00
1788588000000,2450.05,2453.89,2449.34,2452.47,26911.67,1788591599999,65976457.8595,38229,14512.621,35578755.87448,2026-09-05 06:00:00
1788591600000,2452.48,2458.31,2452.07,2456.23,51772.578,1788595199999,127141368.57204,61166,30872.335,75818371.14118,2026-09-05 07:00:00
1788595200000,2456.23,2456.5,2452.13,2455.64,32435.814,1788598799999,79610181.68306,47643,15426.39,37861383.35566,2026-09-05 08:00:00
1788598800000,2455.64,2459.27,2455.46,2457.56,40293.38,1788602399999,99029778.47423,44887,19765.073,48578102.49664,2026-09-05 09:00:00
1788602400000,2457.56,2457.64,2452.56,2453.11,34691.83,1788605999999,85156404.20528,42238,12980.857,31862766.76757,2026-09-05 10:00:00
1788606000000,2453.12,2455.2,2451.74,2452.6,28991.072,1788609599999,71117155.99975,32302,14445.604,35437128.2188,2026-09-05 11:00:00
1788609600000,2452.59,2460.99,2452.11,2457.71,57681.574,1788613199999,141725233.30329,60304,32189.771,79092032.3801,2026-09-05 12:00:00
1788613200000,2457.72,2461.01,2447.88,2452.91,85497.608,1788616799999,209889861.29678,87175,37857.727,92948452.58591,2026-09-05 13:00:00
1788616800000,2452.92,2457.7,2452.8,2456.11,28501.501,1788620399999,69972986.33534,40385,15318.495,37607428.57785,2026-09-05 14:00:00
1788620400000,2456.12,2458.92,2454.52,2458.65,36523.574,1788623999999,89746904.02978,48960,18639.063,45804601.19822,2026-09-05 15:00:00
1788624000000,2458.66,2473.67,2457.7,2470.06,146929.588,1788627599999,362517599.44861,137886,84329.501,208058180.61373,2026-09-05 16:00:00
1788627600000,2470.06,2484.98,2469.8,2480.13,183748.71,1788631199999,455173036.16834,188823,102694.539,254402569.62977,2026-09-05 17:00:00
1788631200000,2480.13,2481.39,2475.06,2479.49,50396.011,1788634799999,124866813.18606,74723,24208.126,59984646.03404,2026-09-05 18:00:00
1788634800000,2479.49,2481.66,2471.69,2476.54,82775.776,1788638399999,204956378.87757,92188,45513.635,112703884.68072,2026-09-05 19:00:00
1788638400000,2476.55,2482.88,2474.01,2476.49,67005.008,1788641999999,166012604.93711,85311,35672.257,88382772.88288,2026-09-05 20:00:00
1788642000000,2476.5,2492.58,2475.49,2487.97,62240.329,1788645599999,154721282.48193,82612,39595.623,98427118.02175,2026-09-05 21:00:00
1788645600000,2487.98,2490.0,2477.75,2479.93,57519.29,1788649199999,142810030.81324,85487,30034.361,74567288.87593,2026-09-05 22:00:00
1788649200000,2479.92,2482.77,2476.37,2479.17,47707.199,1788652799999,118297940.23836,69163,23923.306,59322725.9244,2026-09-05 23:00:00
1788652800000,2479.18,2491.64,2478.13,2489.03,54688.149,1788656399999,135949049.94598,82459,29672.69,73761122.42232,2026-09-06 00:00:00
1788656400000,2489.02,2507.2,2488.01,2504.67,163057.854,1788659999999,407422460.6544,199400,86349.786,215733098.51101,2026-09-06 01:00:00
1788660000000,2504.66,2510.41,2499.17,2502.32,99887.563,1788663599999,250100596.21316,141520,43322.429,108487747.50703,2026-09-06 02:00:00
1788663600000,2502.31,2513.64,2499.04,2508.57,103404.963,1788667199999,259208924.32798,132349,49988.492,125320923.54071,2026-09-06 03:00:00
1788667200000,2508.57,2509.0,2496.99,2503.24,63489.646,1788670799999,158897308.08592,89738,28891.482,72310870.41519,2026-09-06 04:00:00
1788670800000,2503.24,2523.52,2500.0,2512.43,154788.11,1788674399999,388980430.27168,202573,78209.191,196545561.35166,2026-09-06 05:00:00
1788674400000,2512.43,2512.59,2502.0,2504.63,71090.753,1788677999999,178171229.13636,102770,28670.223,71866269.1892,2026-09-06 06:00:00
1788678000000,2504.62,2506.5,2477.77,2495.61,201280.104,1788681599999,501613484.21975,194893,79547.776,198316773.2302,2026-09-06 07:00:00
1788681600000,2495.6,2499.2,2490.6,2494.37,57136.751,1788685199999,142546304.19797,72253,30531.12,76183872.80168,2026-09-06 08:00:00
1788685200000,2494.37,2502.86,2492.29,2497.99,76961.238,1788688799999,192272773.89769,99273,40066.947,100103574.12788,2026-09-06 09:00:00
1788688800000,2497.99,2501.85,2496.36,2500.52,47501.637,1788692399999,118696532.85133,62769,23581.905,58927905.11404,2026-09-06 10:00:00
1788692400000,2500.52,2503.46,2498.33,2500.62,44366.578,1788695999999,110943601.76887,70808,23212.125,58044126.35528,2026-09-06 11:00:00
1788696000000,2500.62,2504.4,2496.06,2499.45,53153.187,1788699599999,132912481.06724,85213,24454.246,61155052.3812,2026-09-06 12:00:00
1788699600000,2499.45,2499.76,2482.46,2493.61,127781.011,1788703199999,318357758.34288,137365,46825.711,116673875.90997,2026-09-06 13:00:00
1788703200000,2493.6,2493.94,2459.0,2477.18,309848.683,1788706799999,767782754.48194,329175,133444.405,330759615.9382,2026-09-06 14:00:00
1788706800000,2477.18,2481.51,2468.51,2478.43,91663.42,1788710399999,227015586.54289,138869,47847.829,118514285.48127,2026-09-06 15:00:00
1788710400000,2478.43,2486.88,2473.94,2483.33,70660.834,1788713999999,175298705.02647,108379,37034.297,91894913.71804,2026-09-06 16:00:00
1788714000000,2483.33,2493.96,2479.12,2490.16,90381.327,1788717599999,224912085.95518,121994,50326.631,125237590.1815,2026-09-06 17:00:00
1788717600000,2490.17,2499.5,2490.16,2493.14,59033.074,1788721199999,147272750.66442,85711,27139.307,67712297.91966,2026-09-06 18:00:00
1788721200000,2493.14,2493.45,2488.65,2489.64,32067.83,1788724799999,79859388.23176,53033,12824.054,31934783.83504,2026-09-06 19:00:00
1788724800000,2489.64,2499.32,2487.6,2498.52,55326.661,1788728399999,137988135.80287,79736,33280.954,83017059.39736,2026-09-06 20:00:00
1788728400000,2498.52,2514.9,2498.49,2507.2,120908.914,1788731999999,303195781.52503,157021,64478.592,161685012.72207,2026-09-06 21:00:00
1788732000000,2507.2,2509.81,2485.57,2506.97,110587.095,1788735599999,276386114.06105,161839,51424.257,128543652.45904,2026-09-06 22:00:00
1788735600000,2506.97,2525.77,2505.55,2513.47,166265.727,1788739199999,418374240.05344,222680,91596.973,230517298.43983,2026-09-06 23:00:00
1788739200000,2513.47,2521.63,2508.08,2512.0,99432.974,1788742799999,249904090.22449,188476,49485.287,124371393.9043,2026-09-07 00:00:00
1788742800000,2512.0,2515.4,2498.4,2502.83,102735.338,1788746399999,257278932.27733,181151,44035.05,110270599.8101,2026-09-07 01:00:00
1788746400000,2502.84,2536.0,2497.33,2510.81,223040.883,1788749999999,561990976.90252,275996,114522.977,288556243.60814,2026-09-07 02:00:00
1788750000000,2510.81,2515.51,2494.18,2496.01,154986.352,1788753599999,388049315.9748,213821,63395.503,158798189.57094,2026-09-07 03:00:00
1788753600000,2496.01,2498.56,2490.23,2496.83,88114.123,1788757199999,219882692.58302,124990,41933.311,104648311.75236,2026-09-07 04:00:00
1788757200000,2496.83,2512.96,2495.84,2503.42,109856.233,1788760799999,275306493.40298,147063,59019.996,147889117.56567,2026-09-07 05:00:00
1788760800000,2503.42,2509.16,2496.39,2496.86,58184.715,1788764399999,145587226.90729,99657,26686.008,66786231.52895,2026-09-07 06:00:00
1788764400000,2496.85,2501.09,2472.61,2488.0,218110.159,1788767999999,542332337.6562,260767,98626.613,245231088.37537,2026-09-07 07:00:00
1788768000000,2488.0,2492.7,2487.41,2490.15,75194.45,1788771599999,187212038.78134,107107,35342.282,87993348.44001,2026-09-07 08:00:00
1788771600000,2490.15,2496.3,2482.63,2483.38,89538.164,1788775199999,222996867.06575,102110,44293.805,110328742.32517,2026-09-07 09:00:00
1788775200000,2483.38,2491.26,2483.38,2487.76,63872.388,1788778799999,158889334.79209,83720,35010.443,87085836.7984,2026-09-07 10:00:00
1788778800000,2487.76,2492.37,2485.33,2487.97,52538.495,1788782399999,130741175.78603,77355,23309.309,58014999.02477,2026-09-07 11:00:00
1788782400000,2487.97,2506.77,2487.55,2504.38,89356.92,1788785999999,223136580.78256,124911,56610.082,141366248.45314,2026-09-07 12:00:00
1788786000000,2504.38,2510.76,2494.07,2497.86,129959.912,1788789599999,325205038.98962,179228,56106.844,140417439.31206,2026-09-07 13:00:00
1788789600000,2497.87,2498.64,2475.11,2489.08,220252.909,1788793199999,547251322.01947,284801,102271.387,254135205.17669,2026-09-07 14:00:00
1788793200000,2489.07,2489.08,2464.62,2468.99,222381.877,1788796799999,550129124.06254,293698,97082.538,240129497.45924,2026-09-07 15:00:00
1788796800000,2469.0,2482.01,2468.71,2481.76,107500.308,1788800399999,266146888.36974,138887,59254.576,146714836.41115,2026-09-07 16:00:00
1788800400000,2481.76,2499.24,2480.96,2494.31,114622.713,1788803999999,285314276.64107,151469,61884.712,154046980.21384,2026-09-07 17:00:00
1788804000000,2494.32,2496.36,2486.15,2490.69,89849.752,1788807599999,223806689.68746,106189,37186.43,92619526.47803,2026-09-07 18:00:00
1788807600000,2490.68,2496.73,2488.09,2494.68,35381.203,1788811199999,88213740.16463,68151,20706.944,51631787.05405,2026-09-07 19:00:00
1788811200000,2494.67,2496.15,2486.02,2494.15,54162.936,1788814799999,134914478.51918,82652,24189.151,60256361.38813,2026-09-07 20:00:00
1788814800000,2494.15,2495.89,2489.28,2490.08,35459.278,1788818399999,88370155.34603,59700,16618.017,41414901.66428,2026-09-07 21:00:00
1788818400000,2490.07,2491.0,2474.44,2481.69,97958.87,1788821999999,243230460.30184,147531,39038.414,96947476.42352,2026-09-07 22:00:00
1788822000000,2481.69,2492.72,2481.08,2488.92,58435.68,1788825599999,145328423.23564,100432,33424.596,83129415.99988,2026-09-07 23:00:00
1788825600000,2488.91,2494.79,2482.01,2494.49,93043.099,1788829199999,231604371.27278,122925,55667.563,138608884.75415,2026-09-08 00:00:00
1788829200000,2494.49,2504.53,2492.11,2503.33,82255.242,1788832799999,205520690.19924,125874,42233.033,105532942.69123,2026-09-08 01:00:00
1788832800000,2503.33,2507.3,2483.35,2483.43,107501.008,1788836399999,268197054.1898,141508,51469.818,128464607.02525,2026-09-08 02:00:00
1788836400000,2483.42,2487.37,2476.61,2484.91,103628.207,1788839999999,257302724.778,145226,52146.199,129494325.5846,2026-09-08 03:00:00
1788840000000,2484.91,2485.16,2477.27,2477.81,59272.481,1788843599999,147082015.85111,102145,25616.86,63573014.05739,2026-09-08 04:00:00
1788843600000,2477.8,2483.42,2471.38,2472.23,128899.384,1788847199999,319298745.62874,176676,56662.175,140393013.79873,2026-09-08 05:00:00
1788847200000,2472.24,2476.0,2461.24,2467.28,163483.112,1788850799999,403371557.1784,235117,75390.41,186027643.32496,2026-09-08 06:00:00
1788850800000,2467.28,2483.96,2466.66,2478.32,120873.676,1788854399999,299187463.03418,148261,67545.453,167171540.79504,2026-09-08 07:00:00
1788854400000,2478.33,2482.44,2467.75,2476.76,100783.202,1788857999999,249435303.13556,151453,53508.033,132440540.81714,2026-09-08 08:00:00
1788858000000,2476.75,2494.77,2474.23,2490.82,168098.501,1788861599999,418142104.80805,176883,95084.585,236487390.30612,2026-09-08 09:00:00
1788861600000,2490.82,2499.61,2479.56,2480.13,136267.053,1788865199999,339151978.83371,158082,66481.608,165550578.07817,2026-09-08 10:00:00
1788865200000,2480.14,2481.5,2470.21,2473.35,112967.126,1788868799999,279515640.50986,148979,48050.449,118895989.42956,2026-09-08 11:00:00
1788868800000,2473.36,2474.98,2466.0,2471.72,97399.229,1788872399999,240686247.27932,134154,46497.047,114912026.95796,2026-09-08 12:00:00
1788872400000,2471.72,2474.47,2440.22,2458.37,438700.945,1788875999999,1076599331.36804,458993,194839.303,478060683.27752,2026-09-08 13:00:00
1788876000000,2458.36,2486.06,2455.69,2484.82,366589.811,1788879599999,907268200.92082,415308,218549.139,540782208.16625,2026-09-08 14:00:00
1788879600000,2484.82,2501.41,2479.22,2497.77,257483.076,1788883199999,641174787.0117,280969,130395.626,324759098.1659,2026-09-08 15:00:00
1788883200000,2497.77,2504.71,2485.8,2495.73,178168.942,1788886799999,444456636.45227,227765,85008.13,212083725.85114,2026-09-08 16:00:00
1788886800000,2495.72,2502.85,2486.42,2487.3,104309.865,1788890399999,260082590.66244,145123,48058.647,119868855.1467,2026-09-08 17:00:00
1788890400000,2487.31,2508.61,2473.21,2485.68,234418.305,1788893999999,583667578.73771,239279,114452.549,285093478.20812,2026-09-08 18:00:00
1788894000000,2485.68,2490.65,2475.0,2480.99,120946.419,1788897599999,300265361.42232,190913,56800.573,141018518.57234,2026-09-08 19:00:00
1788897600000,2480.99,2490.73,2479.19,2481.95,58949.874,1788901199999,146464687.37864,110462,26983.922,67040700.21117,2026-09-08 20:00:00
1788901200000,2481.96,2486.31,2477.47,2481.91,47769.944,1788904799999,118557516.43293,85680,24734.98,61387184.60293,2026-09-08 21:00:00
1788904800000,2481.9,2489.28,2480.55,2488.07,40553.483,1788908399999,100761641.28005,79959,22754.32,56538794.2232,2026-09-08 22:00:00
1788908400000,2488.08,2489.53,2481.67,2483.87,35689.613,1788911999999,88682330.70407,52840,17457.186,43372102.23057,2026-09-08 23:00:00
1788912000000,2483.87,2496.74,2483.87,2495.54,54287.946,1788915599999,135268422.58283,90673,29270.306,72928500.27298,2026-09-09 00:00:00
1788915600000,2495.54,2498.94,2488.08,2496.73,71024.655,1788919199999,177172760.76543,119421,33454.156,83456365.92959,2026-09-09 01:00:00
1788919200000,2496.72,2499.5,2488.55,2492.64,53078.98,1788922799999,132398918.72988,97023,24358.154,60758842.19295,2026-09-09 02:00:00
1788922800000,2492.64,2492.82,2485.2,2487.79,59018.632,1788926399999,146846121.58959,98658,26409.264,65716127.47489,2026-09-09 03:00:00
1788926400000,2487.78,2513.2,2487.78,2508.68,194966.931,1788929999999,487982946.3639,237230,118120.702,295673408.51129,2026-09-09 04:00:00
1788930000000,2508.68,2510.68,2490.0,2495.45,151436.174,1788933599999,378445964.70777,195954,67386.933,168426886.71847,2026-09-09 05:00:00
1788933600000,2495.46,2504.73,2491.45,2500.05,63107.837,1788937199999,157694206.55497,110104,31899.657,79713971.5355,2026-09-09 06:00:00
1788937200000,2500.06,2517.03,2498.7,2509.49,163706.114,1788940799999,410992190.75567,193427,88916.235,223243431.27064,2026-09-09 07:00:00
1788940800000,2509.5,2522.75,2509.39,2519.0,155346.54,1788944399999,390999377.01547,180876,84281.396,212138281.20792,2026-09-09 08:00:00
1788944400000,2519.0,2519.55,2489.0,2489.13,205731.296,1788947999999,514449223.67024,225903,86476.053,216241635.54706,2026-09-09 09:00:00
1788948000000,2489.13,2493.08,2480.52,2486.3,179781.928,1788951599999,447370150.70299,193759,80425.619,200161992.22075,2026-09-09 10:00:00
1788951600000,2486.31,2504.68,2480.79,2499.86,148324.716,1788955199999,369729650.71024,171533,81790.203,203864238.66702,2026-09-09 11:00:00
1788955200000,2499.86,2511.9,2497.48,2510.66,135287.129,1788958799999,338949326.50287,160112,67419.933,168914211.70057,2026-09-09 12:00:00
1788958800000,2510.65,2520.58,2498.39,2501.44,285909.782,1788962399999,717384300.92838,350344,138167.067,346769108.03143,2026-09-09 13:00:00
1788962400000,2501.44,2513.43,2493.12,2498.16,255924.979,1788965999999,640336909.2239,394199,125027.629,312913536.45466,2026-09-09 14:00:00
1788966000000,2498.16,2511.98,2469.1,2488.97,478479.378,1788969599999,1189437143.80871,601752,229301.647,570166438.59039,2026-09-09 15:00:00
1788969600000,2488.96,2498.5,2483.65,2494.84,119310.242,1788973199999,297350040.77174,181578,62442.264,155636249.14416,2026-09-09 16:00:00
1788973200000,2494.83,2498.57,2487.03,2492.54,75018.502,1788976799999,187043132.36971,133174,35712.094,89050190.9204,2026-09-09 17:00:00
1788976800000,2492.54,2494.78,2480.0,2480.15,64347.238,1788980399999,159990824.19356,107561,26251.487,65291068.09437,2026-09-09 18:00:00
1788980400000,2480.15,2483.84,2460.5,2464.28,175670.644,1788983999999,434286451.77234,176356,80167.035,198252279.24988,2026-09-09 19:00:00
1788984000000,2464.28,2471.28,2452.51,2470.37,159400.251,1788987599999,392719040.86515,194944,80882.275,199344772.78685,2026-09-09 20:00:00
1788987600000,2470.37,2471.41,2455.15,2460.58,75518.969,1788991199999,186048204.19735,120232,33872.402,83468332.54969,2026-09-09 21:00:00
1788991200000,2460.58,2462.14,2440.09,2449.12,196065.143,1788994799999,480381697.31213,241222,88766.087,217524669.47934,2026-09-09 22:00:00
1788994800000,2449.13,2467.97,2448.87,2466.97,81762.267,1788998399999,201273437.84193,111506,50650.401,124679470.68738,2026-09-09 23:00:00
1788998400000,2466.96,2470.74,2461.55,2463.76,120752.871,1789001999999,297843864.88686,168637,67120.114,165565491.6872,2026-09-10 00:00:00
1789002000000,2463.76,2478.3,2454.32,2463.0,126760.583,1789005599999,312570562.17276,208526,64124.967,158201295.53592,2026-09-10 01:00:00
1789005600000,2463.0,2475.41,2459.0,2473.99,72248.319,1789009199999,178286476.00448,131053,38285.203,94499868.54379,2026-09-10 02:00:00
1789009200000,2473.99,2478.24,2470.38,2474.34,93720.38,1789012799999,231952616.99902,119722,46976.131,116267185.24776,2026-09-10 03:00:00
1789012800000,2474.34,2480.3,2473.81,2477.69,60039.017,1789016399999,148716518.89887,88067,29975.604,74250164.38924,2026-09-10 04:00:00
1789016400000,2477.7,2483.0,2472.79,2481.11,59077.947,1789019999999,146464140.30035,100345,30617.749,75906861.24271,2026-09-10 05:00:00
1789020000000,2481.11,2483.99,2470.56,2479.25,86390.483,1789023599999,213901505.93719,115685,35602.239,88169463.7684,2026-09-10 06:00:00
1789023600000,2479.26,2479.26,2462.59,2471.5,99047.463,1789027199999,244564236.46746,126375,41654.627,102838551.6704,2026-09-10 07:00:00
1789027200000,2471.49,2473.66,2467.85,2470.18,62174.768,1789030799999,153622537.84474,87577,33139.673,81880485.88352,2026-09-10 08:00:00
1789030800000,2470.19,2476.94,2463.33,2467.65,80726.312,1789034399999,199393705.36283,97113,42258.443,104413323.36554,2026-09-10 09:00:00
1789034400000,2467.65,2470.91,2461.61,2463.08,54184.811,1789037999999,133668567.86946,93290,22929.1,56570236.58774,2026-09-10 10:00:00
1789038000000,2463.08,2468.83,2457.15,2461.03,92596.416,1789041599999,228057356.22395,126625,47885.681,117946306.47532,2026-09-10 11:00:00
1789041600000,2461.04,2465.82,2406.21,2413.44,741129.454,1789045199999,1803723805.16155,676286,323311.729,786836519.14368,2026-09-10 12:00:00
1789045200000,2413.44,2435.51,2403.33,2433.87,473253.142,1789048799999,1144101233.47934,597448,248990.96,602060131.05839,2026-09-10 13:00:00
1789048800000,2433.86,2442.97,2424.11,2442.29,238246.724,1789052399999,580225645.33939,327362,108574.814,264517404.06639,2026-09-10 14:00:00
1789052400000,2442.29,2443.75,2430.66,2440.01,116536.697,1789055999999,284067728.58233,194870,54508.124,132868497.29934,2026-09-10 15:00:00
1789056000000,2440.01,2449.93,2430.56,2447.62,148229.25,1789059599999,361620950.9444,218008,73152.08,178505466.13433,2026-09-10 16:00:00
1789059600000,2447.62,2474.18,2445.88,2464.85,276096.329,1789063199999,679647961.90533,287691,151680.36,373373491.38426,2026-09-10 17:00:00
1789063200000,2464.85,2468.74,2453.51,2467.37,134476.77,1789066799999,330826506.88371,173856,70542.298,173546701.56059,2026-09-10 18:00:00
1789066800000,2467.37,2471.41,2459.11,2461.46,127441.127,1789070399999,313997416.09157,160941,62069.278,152925644.05327,2026-09-10 19:00:00
1789070400000,2461.47,2468.09,2460.0,2460.53,41018.173,1789073999999,101045103.76702,85558,16925.56,41701766.12209,2026-09-10 20:00:00
1789074000000,2460.53,2462.12,2456.8,2459.27,36915.951,1789077599999,90787026.76132,66315,15626.611,38435224.97924,2026-09-10 21:00:00
1789077600000,2459.28,2461.0,2442.5,2443.84,88149.961,1789081199999,215962650.05857,116996,35929.23,88041001.65752,2026-09-10 22:00:00
1789081200000,2443.85,2446.15,2433.35,2437.04,126668.058,1789084799999,309109582.12829,184551,68344.08,166797264.47143,2026-09-10 23:00:00
1789084800000,2437.03,2457.36,2436.25,2455.46,128113.548,1789088399999,313668464.18554,169079,80982.396,198275703.63488,2026-09-11 00:00:00
1789088400000,2455.45,2459.52,2444.89,2453.25,89357.563,1789091999999,219078232.86445,143212,51430.094,126082215.51971,2026-09-11 01:00:00
1789092000000,2453.25,2453.96,2443.09,2445.86,63763.507,1789095599999,156084081.6591,102228,30660.819,75052964.63376,2026-09-11 02:00:00
1789095600000,2445.86,2447.83,2439.01,2446.2,63722.573,1789099199999,155692997.53491,118620,31917.355,77986567.4012,2026-09-11 03:00:00
1789099200000,2446.2,2464.0,2445.22,2457.96,128127.019,1789102799999,314696606.74198,149155,77935.493,191424546.00854,2026-09-11 04:00:00
1789102800000,2457.95,2467.79,2456.4,2467.78,71496.526,1789106399999,175992759.06131,99436,41816.57,102940338.48562,2026-09-11 05:00:00
1789106400000,2467.78,2470.27,2462.2,2465.9,87999.73,1789109999999,217056062.7059,88876,39109.648,96478161.0102,2026-09-11 06:00:00
1789110000000,2465.9,2472.74,2465.21,2466.51,70878.709,1789113599999,174926822.98635,80003,36349.846,89714084.19978,2026-09-11 07:00:00
1789113600000,2466.5,2483.73,2462.56,2475.8,139589.401,1789117199999,345420431.11065,136933,75407.131,186630272.59126,2026-09-11 08:00:00
1789117200000,2475.81,2476.79,2460.54,2468.39,91413.345,1789120799999,225621392.52261,100882,40663.228,100358454.05249,2026-09-11 09:00:00
1789120800000,2468.39,2474.36,2461.05,2461.09,55292.599,1789124399999,136377121.33993,94974,25037.175,61766034.44701,2026-09-11 10:00:00
1789124400000,2461.09,2461.1,2450.75,2457.19,117448.854,1789127999999,288393277.37159,148211,57509.724,141211481.1416,2026-09-11 11:00:00
1789128000000,2457.19,2514.49,2433.04,2509.74,1047227.442,1789131599999,2593907926.23486,960149,544134.171,1347897074.07859,2026-09-11 12:00:00
1789131600000,2509.74,2647.66,2488.76,2628.21,1201055.671,1789135199999,3069900943.63936,1222745,671090.68,1716329942.83207,2026-09-11 13:00:00
1789135200000,2628.22,2666.0,2590.85,2606.52,945424.212,1789138799999,2477182527.5919,1287324,454516.67,1191492540.81327,2026-09-11 14:00:00
1789138800000,2606.53,2616.42,2541.39,2558.01,535211.108,1789142399999,1381785964.87393,706792,240385.303,620748166.37873,2026-09-11 15:00:00
1789142400000,2558.01,2582.53,2542.55,2576.38,445804.718,1789145999999,1143748573.41453,638490,227197.502,583072560.25356,2026-09-11 16:00:00
1789146000000,2576.38,2580.93,2562.11,2565.31,125368.716,1789149599999,322441979.39168,247188,55512.578,142799821.40595,2026-09-11 17:00:00
1789149600000,2565.32,2567.24,2527.2,2536.23,365168.61,1789153199999,928283412.89622,487709,185049.863,470514283.60167,2026-09-11 18:00:00
1789153200000,2536.24,2547.25,2531.6,2538.3,122447.237,1789156799999,311164451.35613,224770,64902.541,164925133.06165,2026-09-11 19:00:00
1789156800000,2538.3,2546.6,2521.57,2529.4,143455.183,1789160399999,363378399.58219,209287,69271.786,175471927.46687,2026-09-11 20:00:00
1789160400000,2529.4,2539.69,2512.12,2515.07,95626.492,1789163999999,241562700.68314,151412,42866.499,108382390.98938,2026-09-11 21:00:00
1789164000000,2515.07,2522.65,2504.57,2510.64,168533.481,1789167599999,423632605.11913,233962,84828.055,213258947.72265,2026-09-11 22:00:00
1789167600000,2510.64,2515.63,2507.4,2515.47,65879.538,1789171199999,165466304.9291,108974,34960.343,87812689.56538,2026-09-11 23:00:00
1789171200000,2515.47,2516.73,2509.49,2509.5,69899.202,1789174799999,175669252.36834,112344,37630.056,94569792.84667,2026-09-12 00:00:00
1789174800000,2509.49,2516.13,2508.3,2512.46,58979.891,1789178399999,148222254.83861,91038,31206.651,78425163.91669,2026-09-12 01:00:00
1789178400000,2512.47,2514.82,2511.02,2513.11,40047.128,1789181999999,100633675.39894,69575,21117.981,53067786.04191,2026-09-12 02:00:00
1789182000000,2513.1,2514.99,2508.1,2511.98,48504.771,1789185599999,121823052.66189,61651,26924.84,67619574.23042,2026-09-12 03:00:00
1789185600000,2511.99,2513.97,2508.58,2511.5,34187.312,1789189199999,85860354.10528,51577,16755.581,42082838.81076,2026-09-12 04:00:00
1789189200000,2511.51,2512.0,2507.6,2510.61,46644.532,1789192799999,117090434.3903,58267,22040.252,55327024.49796,2026-09-12 05:00:00
1789192800000,2510.61,2521.62,2509.21,2518.21,74779.766,1789196399999,188129705.36007,74235,43021.439,108232958.1222,2026-09-12 06:00:00
1789196400000,2518.21,2523.74,2518.2,2522.99,51798.96,1789199999999,130637450.42302,64656,30109.614,75935820.76461,2026-09-12 07:00:00
1789200000000,2523.0,2535.8,2522.01,2532.29,106567.754,1789203599999,269527080.19643,109399,60783.681,153710377.39004,2026-09-12 08:00:00
1789203600000,2532.29,2536.35,2528.17,2529.99,79943.034,1789207199999,202436134.80338,92596,39809.509,100812887.45882,2026-09-12 09:00:00
1789207200000,2530.0,2535.37,2529.99,2532.52,33671.21,1789210799999,85257764.9374,47423,17932.812,45406748.57848,2026-09-12 10:00:00
1789210800000,2532.52,2536.11,2529.51,2535.21,36678.389,1789214399999,92914794.74532,46444,19650.46,49780534.46479,2026-09-12 11:00:00
1789214400000,2535.21,2535.21,2530.72,2534.39,40293.212,1789217999999,102066574.57216,51834,19587.578,49617718.24692,2026-09-12 12:00:00
1789218000000,2534.39,2546.11,2532.34,2543.62,131545.966,1789221599999,334098542.79474,139773,78586.521,199613473.46973,2026-09-12 13:00:00
1789221600000,2543.63,2544.4,2538.05,2538.99,54947.53,1789225199999,139624201.89845,74755,26341.372,66937124.4068,2026-09-12 14:00:00
1789225200000,2539.0,2541.56,2530.4,2534.0,92460.15,1789228799999,234427772.28646,87731,40810.455,103473261.65436,2026-09-12 15:00:00
1789228800000,2533.99,2535.32,2529.18,2530.69,48392.956,1789232399999,122516936.21736,58231,18626.757,47155706.67311,2026-09-12 16:00:00
1789232400000,2530.68,2533.92,2523.51,2524.93,66340.844,1789235999999,167696797.00653,77151,28108.946,71068837.89389,2026-09-12 17:00:00
1789236000000,2524.94,2526.89,2518.48,2521.58,71536.105,1789239599999,180477014.17981,85090,32508.152,82021633.40496,2026-09-12 18:00:00
1789239600000,2521.57,2522.1,2513.51,2518.15,69482.712,1789243199999,174961364.01674,76988,30801.865,77556074.22809,2026-09-12 19:00:00
1789243200000,2518.15,2523.77,2518.14,2519.44,42668.407,1789246799999,107564059.08573,51786,22951.171,57860609.73466,2026-09-12 20:00:00
1789246800000,2519.44,2527.64,2518.81,2523.01,41509.192,1789250399999,104757725.39346,54060,25024.414,63152186.82043,2026-09-12 21:00:00
1789250400000,2523.01,2525.12,2519.04,2521.78,31901.827,1789253999999,80449076.31097,48461,16311.809,41133945.74871,2026-09-12 22:00:00
1789254000000,2521.79,2525.76,2521.33,2524.76,18990.195,1789257599999,47928215.22506,28662,9986.188,25203848.96078,2026-09-12 23:00:00
1789257600000,2524.77,2526.41,2522.11,2524.22,19240.99,1789261199999,48573819.72719,32131,8876.175,22407979.3659,2026-09-13 00:00:00
1789261200000,2524.22,2526.71,2521.29,2524.81,37005.836,1789264799999,93405053.64974,48822,18155.752,45826921.63697,2026-09-13 01:00:00
1789264800000,2524.81,2524.81,2520.01,2520.48,30141.929,1789268399999,76006729.80831,40971,12851.627,32405287.43612,2026-09-13 02:00:00
1789268400000,2520.49,2521.96,2518.23,2519.76,36088.108,1789271999999,90938438.14499,49150,18281.756,46069020.95364,2026-09-13 03:00:00
1789272000000,2519.76,2522.43,2517.44,2519.23,28174.13,1789275599999,71002835.25861,37053,11997.446,30238727.96865,2026-09-13 04:00:00
1789275600000,2519.23,2523.28,2519.22,2521.59,20975.913,1789279199999,52896294.67627,32098,12030.811,30339210.67961,2026-09-13 05:00:00
1789279200000,2521.59,2521.98,2508.38,2511.73,70752.599,1789282799999,177873902.85811,67531,23433.521,58915506.08923,2026-09-13 06:00:00
1789282800000,2511.72,2519.18,2510.65,2516.62,65640.103,1789286399999,165101209.31242,71056,34605.856,87043499.7507,2026-09-13 07:00:00
1789286400000,2516.61,2518.5,2486.49,2493.25,231626.048,1789289999999,578739030.13271,223006,95065.562,237494025.84681,2026-09-13 08:00:00
1789290000000,2493.25,2496.43,2468.0,2483.69,304321.639,1789293599999,754906264.60724,282422,134574.678,333896042.57083,2026-09-13 09:00:00
1789293600000,2483.68,2484.97,2466.37,2471.09,122884.572,1789297199999,304405744.23069,129251,53642.723,132922710.83632,2026-09-13 10:00:00
1789297200000,2471.09,2481.37,2466.5,2480.13,100266.771,1789300799999,248164034.1781,125395,57916.455,143365008.49934,2026-09-13 11:00:00
1789300800000,2480.13,2482.52,2473.62,2476.21,75081.451,1789304399999,186043682.84903,89467,35140.255,87077454.09773,2026-09-13 12:00:00
1789304400000,2476.21,2482.63,2460.3,2477.84,187166.723,1789307999999,462513952.6644,179806,94971.185,234723833.50393,2026-09-13 13:00:00
1789308000000,2477.83,2494.44,2477.49,2491.3,164909.253,1789311599999,410193507.64791,179045,95986.158,238730327.23655,2026-09-13 14:00:00
1789311600000,2491.3,2492.33,2480.58,2489.55,79270.469,1789315199999,197132973.19767,114897,40517.61,100779643.90278,2026-09-13 15:00:00
1789315200000,2489.56,2504.96,2489.16,2503.44,122156.259,1789318799999,305300963.8357,149147,66493.925,166178978.73312,2026-09-13 16:00:00
1789318800000,2503.45,2512.0,2501.65,2503.99,78403.708,1789322399999,196503321.87503,94354,40810.568,102302423.68926,2026-09-13 17:00:00
1789322400000,2503.98,2508.6,2503.3,2508.35,32970.675,1789325999999,82637711.19533,48433,16926.821,42426343.13237,2026-09-13 18:00:00
1789326000000,2508.35,2515.78,2502.31,2505.09,78297.838,1789329599999,196375165.64091,94640,38364.991,96251686.1222,2026-09-13 19:00:00
1789329600000,2505.09,2514.29,2505.09,2511.98,35228.641,1789333199999,88427376.66976,52113,19591.776,49179416.67199,2026-09-13 20:00:00
1789333200000,2511.98,2515.68,2507.34,2507.94,39114.789,1789336799999,98242011.08112,62925,17982.076,45171055.09981,2026-09-13 21:00:00
1789336800000,2507.94,2507.94,2470.11,2474.41,280375.445,1789340399999,697080748.88637,361039,127926.829,317981580.53053,2026-09-13 22:00:00
1789340400000,2474.4,2481.0,2468.97,2475.48,97519.123,1789343999999,241410367.1786,170218,56110.475,138920711.99852,2026-09-13 23:00:00
1789344000000,2475.49,2491.32,2461.1,2483.28,201885.944,1789347599999,500446107.37557,275400,108567.388,269283593.0386,2026-09-14 00:00:00
1789347600000,2483.27,2495.76,2472.23,2492.22,124216.787,1789351199999,308452044.713,204145,59996.717,149029893.723,2026-09-14 01:00:00
1789351200000,2492.22,2512.6,2489.52,2510.0,206413.446,1789354799999,516620357.29019,259716,104487.455,261541655.38079,2026-09-14 02:00:00
1789354800000,2509.99,2519.27,2506.66,2511.98,144318.358,1789358399999,362720295.59487,187080,76445.439,192164819.89986,2026-09-14 03:00:00
1789358400000,2511.99,2517.34,2510.03,2513.72,69009.237,1789361999999,173460594.64974,104313,32737.945,82289966.41259,2026-09-14 04:00:00
1789362000000,2513.73,2515.49,2509.26,2515.48,56163.514,1789365599999,141089304.9376,84963,27480.165,69036613.23454,2026-09-14 05:00:00
1789365600000,2515.49,2525.99,2506.14,2513.41,156634.253,1789369199999,394414676.58902,180408,78619.383,197982385.77381,2026-09-14 06:00:00
1789369200000,2513.42,2525.32,2510.09,2521.97,76289.242,1789372799999,192253296.00445,115149,45258.346,114053007.24446,2026-09-14 07:00:00
1789372800000,2521.98,2534.76,2515.11,2517.67,157211.774,1789376399999,396594911.66785,191769,89775.19,226508586.85433,2026-09-14 08:00:00
1789376400000,2517.67,2534.26,2510.09,2522.82,187417.832,1789379999999,472753300.77192,226184,96624.124,243776946.94932,2026-09-14 09:00:00
1789380000000,2522.82,2524.41,2512.14,2512.25,75985.189,1789383599999,191292161.24702,111043,36228.895,91214874.11628,2026-09-14 10:00:00
1789383600000,2512.26,2515.64,2504.3,2508.4,88546.711,1789387199999,222258678.88252,127307,40568.783,101848824.34492,2026-09-14 11:00:00
1789387200000,2508.39,2517.5,2502.0,2504.49,123335.505,1789390799999,309416688.66696,178369,62362.266,156462976.11016,2026-09-14 12:00:00
1789390800000,2504.49,2517.4,2485.77,2499.52,418692.006,1789394399999,1047705288.54139,525325,196249.623,491281048.04439,2026-09-14 13:00:00
1789394400000,2499.51,2515.72,2493.36,2500.38,300768.977,1789397999999,753365608.75325,398210,154086.127,386010724.92097,2026-09-14 14:00:00
1789398000000,2500.37,2512.45,2494.82,2507.28,184526.643,1789401599999,462117033.61688,278358,90120.173,225681993.31375,2026-09-14 15:00:00
1789401600000,2507.28,2538.0,2502.91,2528.14,290107.304,1789405199999,732343621.43519,314986,171586.122,433257023.35209,2026-09-14 16:00:00
1789405200000,2528.14,2534.71,2521.36,2532.44,119672.76,1789408799999,302569628.34706,185412,58814.318,148697404.30233,2026-09-14 17:00:00
1789408800000,2532.43,2543.27,2528.49,2537.48,168500.828,1789412399999,427497360.71989,232851,90219.037,228921044.34951,2026-09-14 18:00:00
1789412400000,2537.49,2548.67,2533.08,2538.48,158754.763,1789415999999,403275118.9141,203485,73697.838,187251545.4603,2026-09-14 19:00:00
1789416000000,2538.49,2614.99,2538.46,2569.67,642591.782,1789419599999,1659599055.21937,668759,357066.866,921928341.24115,2026-09-14 20:00:00
1789419600000,2569.67,2570.66,2537.52,2545.54,310428.216,1789423199999,792154818.74929,347392,149233.505,380869659.58804,2026-09-14 21:00:00
1789423200000,2545.54,2555.33,2530.51,2532.2,152411.909,1789426799999,387373530.31633,210684,76993.709,195754878.16453,2026-09-14 22:00:00
1789426800000,2532.2,2533.67,2511.53,2513.93,144747.184,1789430399999,365059356.27902,190551,65689.248,165648800.74108,2026-09-14 23:00:00
1789430400000,2513.92,2516.32,2505.74,2514.7,137453.406,1789433999999,345197197.16713,168034,63164.006,158653542.77136,2026-09-15 00:00:00
1789434000000,2514.7,2518.34,2506.61,2514.11,121865.33,1789437599999,306225341.34736,170591,68012.222,170905573.27419,2026-09-15 01:00:00
1789437600000,2514.1,2518.6,2507.78,2511.01,67733.431,1789441199999,170240137.50338,104517,31591.503,79408199.06115,2026-09-15 02:00:00
1789441200000,2511.01,2511.01,2493.79,2497.64,146645.699,1789444799999,366740696.82391,169706,64667.054,161722382.75279,2026-09-15 03:00:00
1789444800000,2497.63,2499.32,2488.08,2489.43,127017.718,1789448399999,316708413.52673,168813,51290.686,127898485.93285,2026-09-15 04:00:00
1789448400000,2489.42,2496.55,2476.6,2495.0,199915.06,1789451999999,497022391.47576,223193,96634.152,240312360.46593,2026-09-15 05:00:00
1789452000000,2495.0,2499.36,2480.14,2484.63,119010.048,1789455599999,296375812.85239,142982,43931.355,109409485.38746,2026-09-15 06:00:00
1789455600000,2484.63,2484.77,2469.0,2472.77,179108.166,1789459199999,443645272.25133,200965,78768.894,195130567.88258,2026-09-15 07:00:00
1789459200000,2472.77,2476.4,2463.0,2475.77,156224.286,1789462799999,385864292.54829,168405,77137.236,190541582.76174,2026-09-15 08:00:00
1789462800000,2475.77,2479.2,2471.52,2472.87,93075.134,1789466399999,230315002.54599,101734,40909.188,101237039.96102,2026-09-15 09:00:00
1789466400000,2472.87,2485.94,2470.26,2482.24,121057.751,1789469999999,299946120.55325,145300,69431.516,172053584.83127,2026-09-15 10:00:00
1789470000000,2482.25,2487.05,2471.57,2475.15,100362.674,1789473599999,248771110.86711,121559,47075.48,116696360.40332,2026-09-15 11:00:00
1789473600000,2475.15,2484.89,2473.44,2477.88,91652.655,1789477199999,227160402.43875,147867,47075.076,116673116.14972,2026-09-15 12:00:00
1789477200000,2477.88,2485.55,2431.05,2452.58,536695.164,1789480799999,1316250146.67083,575358,238024.547,583793380.24082,2026-09-15 13:00:00
1789480800000,2452.58,2457.42,2388.0,2406.73,719402.136,1789484399999,1738556953.31961,796099,340052.343,821643528.76807,2026-09-15 14:00:00
1789484400000,2406.74,2431.57,2396.23,2423.27,354912.647,1789487999999,858227918.79931,449557,185062.485,447522468.12306,2026-09-15 15:00:00
1789488000000,2423.28,2424.76,2411.34,2421.14,162634.893,1789491599999,393492671.72683,229460,78991.92,191131289.11062,2026-09-15 16:00:00
1789491600000,2421.14,2448.1,2411.44,2439.91,304188.378,1789495199999,739985882.65175,348978,165207.742,402006115.94088,2026-09-15 17:00:00
1789495200000,2439.91,2445.99,2357.0,2401.7,1242325.133,1789498799999,2978747598.17007,1283155,575422.665,1380069064.67648,2026-09-15 18:00:00
1789498800000,2401.7,2419.64,2396.31,2415.49,300484.37,1789502399999,723193013.45674,532386,160982.727,387489466.0462,2026-09-15 19:00:00
1789502400000,2415.5,2417.38,2393.22,2407.0,171343.507,1789505999999,411988789.1378,246263,84639.414,203519565.04659,2026-09-15 20:00:00
1789506000000,2407.01,2407.01,2388.13,2389.24,110775.275,1789509599999,265665041.06419,147665,48997.461,117532513.14844,2026-09-15 21:00:00
1789509600000,2389.24,2401.53,2380.3,2395.77,172266.53,1789513199999,412057587.4518,235723,93074.49,222680539.05706,2026-09-15 22:00:00
1789513200000,2395.76,2412.0,2395.39,2397.15,144463.371,1789516799999,347338749.95368,183803,78498.049,188784012.7203,2026-09-15 23:00:00
1789516800000,2397.15,2404.78,2396.29,2397.64,76909.576,1789520399999,184668672.70839,138529,36101.494,86688813.37303,2026-09-16 00:00:00
1789520400000,2397.64,2406.7,2389.25,2389.65,97626.554,1789523999999,233998347.07227,179813,47183.77,113112297.82336,2026-09-16 01:00:00
1789524000000,2389.66,2410.23,2386.92,2401.81,95824.524,1789527599999,229999073.1446,173738,48153.671,115591451.9605,2026-09-16 02:00:00
1789527600000,2401.82,2410.79,2399.0,2400.77,67939.43,1789531199999,163353872.50566,127654,33098.699,79588942.07057,2026-09-16 03:00:00
1789531200000,2400.77,2409.32,2400.67,2402.5,74391.713,1789534799999,178917673.88923,104112,34994.646,84156769.90071,2026-09-16 04:00:00
1789534800000,2402.51,2406.2,2391.75,2406.12,105280.49,1789538399999,252571734.9878,127401,54268.269,130195150.49447,2026-09-16 05:00:00
1789538400000,2406.12,2408.0,2392.05,2405.54,82925.421,1789541999999,199045222.60439,102548,35611.24,85470653.23307,2026-09-16 06:00:00
1789542000000,2405.53,2410.92,2395.01,2395.53,131407.434,1789545599999,315639410.96426,150458,70651.898,169747406.88523,2026-09-16 07:00:00
1789545600000,2395.52,2402.28,2381.0,2401.7,179323.934,1789549199999,428568661.92909,203617,79549.136,190143121.63404,2026-09-16 08:00:00
1789549200000,2401.69,2406.11,2397.83,2404.73,85676.332,1789552799999,205827994.45589,119736,39677.597,95331833.87174,2026-09-16 09:00:00
1789552800000,2404.72,2406.0,2396.88,2405.42,58884.145,1789556399999,141452899.08547,89381,29444.482,70734995.07924,2026-09-16 10:00:00
1789556400000,2405.42,2429.0,2401.46,2421.33,211118.157,1789559999999,510137057.756,227586,128694.614,310958753.81199,2026-09-16 11:00:00
1789560000000,2421.32,2422.67,2401.78,2405.66,154142.757,1789563599999,371508082.90176,200891,67599.201,162913775.47377,2026-09-16 12:00:00
1789563600000,2405.65,2405.78,2388.61,2393.0,225261.234,1789567199999,540008821.99755,366508,101589.876,243549421.24008,2026-09-16 13:00:00
1789567200000,2393.0,2397.78,2375.08,2389.47,276211.93,1789570799999,659630926.72519,409323,125872.44,300668843.37633,2026-09-16 14:00:00
1789570800000,2389.47,2401.35,2382.73,2391.66,165513.218,1789574399999,395831078.76436,317763,88664.878,212051962.98197,2026-09-16 15:00:00
1789574400000,2391.67,2398.84,2386.08,2390.71,98467.927,1789577999999,235605802.46503,199976,49009.691,117276292.65125,2026-09-16 16:00:00
1789578000000,2390.71,2396.0,2368.03,2389.49,256146.822,1789581599999,609901818.00714,363845,120512.638,286990507.09455,2026-09-16 17:00:00
1789581600000,2389.47,2429.9,2365.0,2397.23,1164348.297,1789585199999,2794408414.56623,1619901,580116.769,1392757068.47517,2026-09-16 18:00:00
1789585200000,2397.24,2417.77,2375.51,2407.4,377817.845,1789588799999,906619329.92196,694317,189614.612,455080035.63932,2026-09-16 19:00:00
1789588800000,2407.4,2419.09,2403.64,2410.03,132047.474,1789592399999,318398790.71046,232413,66908.291,161350643.69268,2026-09-16 20:00:00
1789592400000,2410.02,2412.37,2398.67,2403.61,41081.023,1789595999999,98816403.01578,94473,18036.873,43389076.24148,2026-09-16 21:00:00
1789596000000,2403.61,2404.7,2386.78,2391.22,117648.405,1789599599999,281548872.75904,153617,55986.317,133934320.98389,2026-09-16 22:00:00
1789599600000,2391.22,2422.1,2388.64,2417.49,159029.372,1789603199999,383692934.87635,208819,87253.219,210494411.10894,2026-09-16 23:00:00
1789603200000,2417.5,2427.48,2414.79,2417.58,110198.882,1789606799999,266850178.60072,185544,52654.55,127521049.4761,2026-09-17 00:00:00
1789606800000,2417.58,2444.39,2412.55,2426.53,194402.706,1789610399999,472746871.45923,305093,108612.793,264174386.83429,2026-09-17 01:00:00
1789610400000,2426.53,2432.48,2414.99,2427.87,114808.659,1789613999999,278297200.08972,198980,57853.001,140233830.75577,2026-09-17 02:00:00
1789614000000,2427.88,2438.43,2427.87,2434.77,68693.924,1789617599999,167230821.69192,120636,34384.051,83704907.40464,2026-09-17 03:00:00
1789617600000,2434.77,2443.41,2423.63,2441.0,83501.272,1789621199999,203184190.52489,139670,43343.44,105492949.71047,2026-09-17 04:00:00
1789621200000,2441.0,2445.99,2434.64,2435.98,77847.167,1789624799999,189976723.96328,130390,36822.371,89876490.33177,2026-09-17 05:00:00
1789624800000,2435.98,2445.6,2434.61,2440.37,54462.531,1789628399999,132918435.93326,108991,25780.94,62922669.17328,2026-09-17 06:00:00
1789628400000,2440.37,2453.33,2439.93,2443.38,139290.764,1789631999999,340964479.96088,171682,74492.16,182359015.4833,2026-09-17 07:00:00
1789632000000,2443.38,2445.94,2435.9,2444.49,96758.429,1789635599999,236184223.95108,129637,47108.333,114997939.80379,2026-09-17 08:00:00
1789635600000,2444.49,2448.55,2436.56,2437.24,75896.495,1789639199999,185433932.94427,120955,39126.344,95599389.24514,2026-09-17 09:00:00
1789639200000,2437.23,2438.0,2428.88,2434.37,81817.306,1789642799999,199034412.26145,124992,35233.026,85719686.92932,2026-09-17 10:00:00
1789642800000,2434.36,2442.38,2426.52,2441.39,78491.959,1789646399999,191017285.44225,125469,38631.037,94026664.40411,2026-09-17 11:00:00
1789646400000,2441.39,2479.44,2437.85,2458.83,385991.024,1789649999999,949807319.78866,493114,205968.86,506771989.93859,2026-09-17 12:00:00
1789650000000,2458.82,2463.98,2431.12,2461.26,285666.286,1789653599999,699460820.10887,431356,143624.749,351694350.05351,2026-09-17 13:00:00
1789653600000,2461.25,2484.0,2449.08,2460.5,366704.639,1789657199999,905938646.1291,536374,186833.549,461691095.44971,2026-09-17 14:00:00
1789657200000,2460.51,2477.26,2447.09,2469.46,217867.902,1789660799999,535929971.10884,357395,113723.733,279753798.28882,2026-09-17 15:00:00
1789660800000,2469.47,2472.8,2453.68,2469.59,135249.484,1789664399999,333270559.32713,239669,68908.25,169804115.31606,2026-09-17 16:00:00
1789664400000,2469.59,2476.4,2459.0,2461.9,118635.22,1789667999999,292781121.42156,195879,57980.483,143099756.99969,2026-09-17 17:00:00
1789668000000,2461.9,2462.33,2448.48,2450.76,79438.48,1789671599999,195087315.6996,139810,33935.328,83346125.4666,2026-09-17 18:00:00
1789671600000,2450.76,2454.41,2443.62,2447.95,67979.389,1789675199999,166528624.37378,129534,32309.569,79156894.07793,2026-09-17 19:00:00
1789675200000,2447.94,2457.92,2446.11,2452.5,46109.008,1789678799999,113085445.72993,86982,25010.959,61341849.43073,2026-09-17 20:00:00
1789678800000,2452.51,2455.0,2446.31,2446.31,34448.222,1789682399999,84416224.62403,61137,14451.424,35416003.38613,2026-09-17 21:00:00
1789682400000,2446.32,2448.91,2436.09,2444.89,93039.557,1789685999999,227246368.89701,133912,41265.488,100802643.32965,2026-09-17 22:00:00
1789686000000,2444.88,2449.73,2443.24,2446.32,46259.477,1789689599999,113203573.32247,87555,22450.335,54939322.46183,2026-09-17 23:00:00
1789689600000,2446.33,2447.72,2435.39,2447.2,58103.747,1789693199999,141882538.23601,108356,29819.194,72821179.29898,2026-09-18 00:00:00
1789693200000,2447.19,2459.14,2444.7,2456.23,86953.297,1789696799999,213271629.26184,155101,48747.905,119577173.00181,2026-09-18 01:00:00
1789696800000,2456.24,2465.89,2451.37,2461.79,90983.032,1789700399999,223799529.82415,152086,46798.424,115113830.22925,2026-09-18 02:00:00
1789700400000,2461.8,2484.99,2460.52,2478.19,209939.52,1789703999999,519493663.18282,290607,112000.811,277148905.93015,2026-09-18 03:00:00
1789704000000,2478.19,2482.2,2469.0,2481.75,118204.205,1789707599999,292591909.16057,169769,57252.654,141757036.82939,2026-09-18 04:00:00
1789707600000,2481.74,2492.55,2476.13,2479.46,172264.697,1789711199999,428065783.28613,249581,84644.468,210360352.73546,2026-09-18 05:00:00
1789711200000,2479.45,2486.88,2479.45,2486.11,84981.561,1789714799999,211103698.13862,146544,41290.297,102571565.77872,2026-09-18 06:00:00
1789714800000,2486.12,2497.77,2484.51,2488.99,154839.187,1789718399999,385804656.43112,218541,76616.842,190900796.8497,2026-09-18 07:00:00
1789718400000,2488.99,2507.36,2484.35,2504.37,205963.053,1789721999999,514481691.10848,283344,118583.74,296310786.01991,2026-09-18 08:00:00
1789722000000,2504.36,2521.83,2501.25,2507.21,397098.43,1789725599999,997115921.54307,423017,239652.113,601910354.14261,2026-09-18 09:00:00
1789725600000,2507.2,2520.47,2506.87,2512.9,127061.566,1789729199999,319456910.33541,196052,70001.443,176009060.23737,2026-09-18 10:00:00
1789729200000,2512.89,2517.64,2498.58,2507.31,157842.548,1789732799999,395501147.66704,252428,78051.398,195582092.42492,2026-09-18 11:00:00
1789732800000,2507.32,2510.12,2498.77,2501.47,120412.592,1789736399999,301421603.08497,205822,58716.722,146994684.79957,2026-09-18 12:00:00
1789736400000,2501.47,2578.55,2492.3,2553.89,746041.286,1789739999999,1894789453.67005,850870,402212.543,1021322563.08747,2026-09-18 13:00:00
1789740000000,2553.88,2586.62,2553.8,2581.86,577407.628,1789743599999,1483600931.35254,886394,300108.448,771337384.28466,2026-09-18 14:00:00
1789743600000,2581.86,2598.25,2564.91,2583.25,383811.385,1789747199999,990674080.50876,578025,192954.091,498205948.17095,2026-09-18 15:00:00
1789747200000,2583.24,2609.63,2577.75,2596.47,381174.72,1789750799999,989798304.45474,559118,197763.225,513680912.0159,2026-09-18 16:00:00
1789750800000,2596.47,2609.0,2584.04,2606.24,213202.961,1789754399999,553371901.03219,341390,109839.56,285205137.09779,2026-09-18 17:00:00
1789754400000,2606.24,2626.68,2600.22,2611.92,300217.735,1789757999999,784457299.25105,388067,156563.255,409194843.86504,2026-09-18 18:00:00
1789758000000,2611.93,2646.94,2610.79,2635.36,324883.489,1789761599999,855043121.93822,469222,172490.841,454040178.3381,2026-09-18 19:00:00
1789761600000,2635.37,2639.0,2623.33,2630.76,124482.953,1789765199999,327567094.43536,239958,56837.446,149566394.76857,2026-09-18 20:00:00
1789765200000,2630.77,2639.31,2623.9,2625.85,97199.153,1789768799999,255710939.532,156194,42014.532,110535367.73671,2026-09-18 21:00:00
1789768800000,2625.85,2633.67,2616.36,2619.18,105506.852,1789772399999,276850509.33594,153343,47933.922,125818288.48801,2026-09-18 22:00:00
1789772400000,2619.18,2621.45,2607.07,2611.15,104031.977,1789775999999,271842938.00714,149981,46666.053,121957486.39891,2026-09-18 23:00:00
1789776000000,2611.14,2625.7,2605.5,2625.69,116909.468,1789779599999,305872667.44911,178155,63873.725,167122065.85442,2026-09-19 00:00:00
1789779600000,2625.69,2626.91,2600.72,2612.0,151011.611,1789783199999,394591126.61581,223984,70374.038,183933091.12347,2026-09-19 01:00:00
1789783200000,2612.0,2623.0,2611.0,2622.54,66706.104,1789786799999,174646680.41106,116461,38157.351,99905434.13599,2026-09-19 02:00:00
1789786800000,2622.53,2631.89,2618.32,2619.08,74065.276,1789790399999,194329746.09004,114169,35316.162,92688896.43756,2026-09-19 03:00:00
1789790400000,2619.08,2628.47,2610.84,2619.0,102703.325,1789793999999,268946973.008,125230,53301.707,139627996.36722,2026-09-19 04:00:00
1789794000000,2619.0,2633.35,2618.73,2627.96,99782.125,1789797599999,262240391.50495,143180,55263.967,145243392.10543,2026-09-19 05:00:00
1789797600000,2627.96,2629.76,2619.24,2626.68,52989.137,1789801199999,139103498.59044,111907,25717.36,67519156.8005,2026-09-19 06:00:00
1789801200000,2626.67,2635.33,2622.4,2626.24,67678.446,1789804799999,177854211.23108,104619,35975.487,94553922.48784,2026-09-19 07:00:00
1789804800000,2626.24,2662.0,2623.14,2644.38,287971.709,1789808399999,761959302.01697,331268,169057.343,447271228.44434,2026-09-19 08:00:00
1789808400000,2644.37,2659.87,2631.1,2640.01,190193.155,1789811999999,502810546.03646,236593,92552.995,244795556.40502,2026-09-19 09:00:00
1789812000000,2640.0,2645.0,2636.61,2637.25,50458.868,1789815599999,133273484.58826,109112,22807.981,60244844.83997,2026-09-19 10:00:00
1789815600000,2637.25,2642.01,2635.09,2638.49,44985.416,1789819199999,118697759.78574,90209,21895.011,57771684.38032,2026-09-19 11:00:00
1789819200000,2638.5,2643.11,2632.5,2641.01,62346.335,1789822799999,164554954.7851,101093,29934.89,79021314.56152,2026-09-19 12:00:00
1789822800000,2641.01,2642.01,2626.3,2637.28,85560.216,1789826399999,225420774.16524,144685,38529.375,101526064.16069,2026-09-19 13:00:00
1789826400000,2637.27,2642.98,2634.21,2637.49,63976.544,1789829999999,168835396.38909,111726,32299.505,85243636.27931,2026-09-19 14:00:00
1789830000000,2637.48,2652.2,2635.76,2639.99,96882.705,1789833599999,256072392.37307,163163,51393.129,135866058.20994,2026-09-19 15:00:00
1789833600000,2639.99,2651.46,2634.65,2649.14,93944.258,1789837199999,248520659.91857,142018,39051.839,103307081.69345,2026-09-19 16:00:00
1789837200000,2649.14,2669.0,2640.76,2644.31,202647.643,1789840799999,537729575.97086,244850,107523.045,285459465.35354,2026-09-19 17:00:00
1789840800000,2644.31,2646.45,2633.67,2637.77,79436.871,1789844399999,209635845.70988,155172,36129.735,95345871.78234,2026-09-19 18:00:00
1789844400000,2637.77,2639.5,2631.0,2633.95,58065.245,1789847999999,153012549.52304,93281,22411.516,59056835.14954,2026-09-19 19:00:00
1789848000000,2633.95,2639.69,2630.63,2634.95,61408.771,1789851599999,161799212.68858,112574,25746.138,67844291.99717,2026-09-19 20:00:00
1789851600000,2634.96,2638.05,2615.0,2626.71,136151.066,1789855199999,357244017.17046,167791,58134.128,152563385.68637,2026-09-19 21:00:00
1789855200000,2626.71,2630.55,2618.03,2629.85,67741.05,1789858799999,177712530.86583,109052,35669.862,93590248.62678,2026-09-19 22:00:00
1789858800000,2629.85,2636.8,2628.18,2631.59,62341.363,1789862399999,164150332.72973,84573,33600.503,88475668.07285,2026-09-19 23:00:00
1789862400000,2631.58,2631.88,2624.63,2626.05,46043.283,1789865999999,120996224.44502,88725,20306.897,53360605.31019,2026-09-20 00:00:00
1789866000000,2626.04,2626.23,2612.02,2618.67,97278.519,1789869599999,254768757.02262,137163,47156.164,123511081.67765,2026-09-20 01:00:00
1789869600000,2618.67,2623.63,2565.01,2572.92,376380.243,1789873199999,975846809.51122,398356,155813.233,403920777.57651,2026-09-20 02:00:00
1789873200000,2572.93,2590.24,2562.31,2586.59,233760.529,1789876799999,602786780.27696,324857,111612.116,287896573.82745,2026-09-20 03:00:00
1789876800000,2586.58,2587.63,2575.02,2578.75,80271.5,1789880399999,207233044.16509,162735,37526.982,96886397.89534,2026-09-20 04:00:00
1789880400000,2578.75,2584.95,2572.42,2577.05,73751.582,1789883999999,190109680.53458,137586,41419.848,106783875.64749,2026-09-20 05:00:00
1789884000000,2577.06,2584.67,2568.38,2573.16,88172.293,1789887599999,227087694.83116,162397,44247.909,113981936.78516,2026-09-20 06:00:00
1789887600000,2573.17,2577.37,2570.01,2575.52,70474.117,1789891199999,181431475.65966,107492,33890.012,87248891.11725,2026-09-20 07:00:00
1789891200000,2575.52,2582.99,2568.68,2573.8,80181.013,1789894799999,206523964.53926,110869,38085.35,98120365.05232,2026-09-20 08:00:00
1789894800000,2573.8,2586.78,2573.48,2578.85,75889.764,1789898399999,195813872.76736,99427,42672.998,110104957.18311,2026-09-20 09:00:00
1789898400000,2578.84,2580.63,2569.78,2570.15,63951.932,1789901999999,164608790.64105,109094,26054.638,67067506.78869,2026-09-20 10:00:00
1789902000000,2570.15,2579.84,2565.66,2577.9,79337.885,1789905599999,204096947.44308,118184,41411.455,106562384.22833,2026-09-20 11:00:00
1789905600000,2577.9,2581.97,2570.56,2579.03,61554.391,1789909199999,158595309.58795,102115,32358.612,83375408.58373,2026-09-20 12:00:00
1789909200000,2579.04,2585.33,2575.17,2579.57,68884.009,1789912799999,177762792.86371,102318,37749.594,97426008.64597,2026-09-20 13:00:00
1789912800000,2579.56,2587.76,2572.03,2584.39,93461.684,1789916399999,241272159.72681,149607,47457.454,122528444.86642,2026-09-20 14:00:00
1789916400000,2584.39,2615.0,2584.38,2611.68,295139.365,1789919999999,767702514.97445,351849,169350.905,440477407.56033,2026-09-20 15:00:00
1789920000000,2611.68,2647.72,2605.36,2638.88,325407.121,1789923599999,855122792.2013,491456,167530.428,440221613.73219,2026-09-20 16:00:00
1789923600000,2638.88,2649.8,2617.16,2625.25,219101.623,1789927199999,576730206.63333,363022,109225.398,287603948.47364,2026-09-20 17:00:00
1789927200000,2625.24,2639.37,2620.61,2625.16,77978.055,1789930799999,205009538.92828,178067,39088.207,102776001.15788,2026-09-20 18:00:00
1789930800000,2625.17,2637.94,2624.54,2632.18,56930.005,1789934399999,149784085.52173,111565,28723.244,75575534.89481,2026-09-20 19:00:00
1789934400000,2632.19,2642.39,2628.69,2633.69,57947.696,1789937999999,152677809.04063,113525,31480.32,82960088.7998,2026-09-20 20:00:00
1789938000000,2633.69,2634.89,2607.13,2630.0,172072.642,1789941599999,450741450.39091,228367,67134.603,175861108.55063,2026-09-20 21:00:00
1789941600000,2629.99,2647.0,2622.82,2638.27,125926.364,1789945199999,332198919.1464,255549,70385.864,185677848.54764,2026-09-20 22:00:00
1789945200000,2638.27,2647.62,2630.55,2643.71,94235.095,1789948799999,248789930.66529,188152,48586.532,128297214.12481,2026-09-20 23:00:00
1789948800000,2643.71,2708.0,2642.66,2688.1,640407.803,1789952399999,1715741582.79246,868253,354850.234,950408808.88007,2026-09-21 00:00:00
1789952400000,2688.1,2700.73,2642.37,2648.1,370647.153,1789955999999,989845763.57462,627708,166674.936,445325543.26429,2026-09-21 01:00:00
1789956000000,2648.1,2668.46,2642.6,2660.76,165888.085,1789959599999,440786794.9694,305601,89575.75,238063249.1906,2026-09-21 02:00:00
1789959600000,2660.76,2673.53,2656.81,2664.99,89848.203,1789963199999,239539158.60094,195129,51360.142,136943533.15109,2026-09-21 03:00:00
1789963200000,2665.0,2669.36,2652.55,2662.7,83343.231,1789966799999,221734836.17234,160304,40441.143,107609828.5835,2026-09-21 04:00:00
1789966800000,2662.71,2674.95,2657.49,2664.27,91973.727,1789970399999,245321845.16417,166349,47458.046,126593075.21654,2026-09-21 05:00:00
1789970400000,2664.27,2677.64,2653.0,2661.89,107926.278,1789973999999,287677039.63894,196539,55904.368,149010890.00001,2026-09-21 06:00:00
1789974000000,2661.89,2664.67,2645.38,2660.81,115417.53,1789977599999,306216330.0854,217222,54334.825,144168347.53971,2026-09-21 07:00:00
1789977600000,2660.8,2716.15,2660.04,2695.38,503411.239,1789981199999,1355478377.72628,686023,276401.97,744402875.79802,2026-09-21 08:00:00
1789981200000,2695.38,2748.6,2691.1,2719.63,674733.373,1789984799999,1838024695.63456,851756,373031.474,1016207091.86307,2026-09-21 09:00:00
1789984800000,2719.64,2726.44,2706.0,2714.74,223280.736,1789988399999,606431561.57042,334779,104566.559,284068418.7155,2026-09-21 10:00:00
1789988400000,2714.74,2729.0,2712.19,2724.23,173296.827,1789991999999,471575872.12969,258394,87330.199,237659829.26823,2026-09-21 11:00:00
1789992000000,2724.23,2740.01,2717.1,2733.92,251497.342,1789995599999,685838603.75204,386484,129408.918,353026583.70014,2026-09-21 12:00:00
1789995600000,2733.92,2744.51,2717.06,2731.22,348244.486,1789999199999,951512378.40373,586743,175986.308,480870088.5349,2026-09-21 13:00:00
1789999200000,2731.23,2758.0,2710.71,2735.14,471533.602,1790002799999,1289299680.89775,678056,241027.932,659150469.9573,2026-09-21 14:00:00
1790002800000,2735.13,2764.27,2726.85,2753.99,403747.008,1790006399999,1108865088.06216,599593,191917.537,527221199.23981,2026-09-21 15:00:00
1790006400000,2753.99,2768.0,2741.03,2753.25,343609.535,1790009999999,947054000.56281,493481,164523.072,453539973.23707,2026-09-21 16:00:00
1790010000000,2753.25,2757.11,2733.53,2741.79,203826.902,1790013599999,559523867.67909,370266,87896.104,241316612.89827,2026-09-21 17:00:00
1790013600000,2741.78,2756.9,2736.67,2756.64,125190.303,1790017199999,344053991.86175,244120,65576.03,180239910.40557,2026-09-21 18:00:00
1790017200000,2756.65,2775.52,2753.26,2760.51,206994.154,1790020799999,572259767.37238,353245,102334.064,282965034.20919,2026-09-21 19:00:00
1790020800000,2760.51,2806.76,2760.46,2782.8,411146.504,1790024399999,1147109928.8462,497175,229719.798,640869043.90087,2026-09-21 20:00:00
1790024400000,2782.81,2782.81,2762.56,2767.24,115824.465,1790027999999,320982836.72609,182017,56297.925,156014507.54496,2026-09-21 21:00:00
1790028000000,2767.24,2783.1,2766.19,2777.66,123063.519,1790031599999,341449993.25671,242985,56514.592,156804368.94445,2026-09-21 22:00:00
1790031600000,2777.67,2787.44,2765.5,2774.5,106490.09,1790035199999,295679332.66794,199679,53224.901,147814614.92397,2026-09-21 23:00:00
1790035200000,2774.5,2776.64,2751.28,2753.54,190351.042,1790038799999,526624120.1137,320841,81319.662,225037904.91303,2026-09-22 00:00:00
1790038800000,2753.54,2755.97,2735.17,2747.61,252114.556,1790042399999,692481250.77524,375667,112406.603,308778088.47989,2026-09-22 01:00:00
1790042400000,2747.61,2749.57,2734.62,2738.77,119829.107,1790045999999,328614534.12186,247198,56768.399,155694583.59591,2026-09-22 02:00:00
1790046000000,2738.77,2742.7,2723.23,2738.41,165845.142,1790049599999,453144477.91949,275183,74455.579,203454271.65292,2026-09-22 03:00:00
1790049600000,2738.4,2742.61,2725.0,2728.45,108117.72,1790053199999,295480819.47928,200936,53271.0,145603997.59342,2026-09-22 04:00:00
1790053200000,2728.45,2738.26,2714.77,2732.15,162166.239,1790056799999,442017044.67862,261782,77559.003,211461706.51711,2026-09-22 05:00:00
1790056800000,2732.15,2735.34,2723.65,2729.48,88566.57,1790060399999,241801450.81293,155174,44669.752,121962379.68414,2026-09-22 06:00:00
1790060400000,2729.49,2733.72,2721.42,2725.48,96080.478,1790063999999,261911218.21313,153730,46052.735,125529547.05875,2026-09-22 07:00:00
1790064000000,2725.48,2754.65,2720.2,2747.81,260022.132,1790067599999,712403556.21677,286623,138444.255,379267924.26796,2026-09-22 08:00:00
1790067600000,2747.8,2753.44,2729.01,2749.85,194364.626,1790071199999,532501827.92777,268730,95905.702,262772006.88575,2026-09-22 09:00:00
1790071200000,2749.86,2751.12,2734.58,2741.08,86499.709,1790074799999,237197098.13669,150186,37006.586,101475638.88289,2026-09-22 10:00:00
1790074800000,2741.11,2746.7,2733.01,2741.21,75642.191,1790078399999,207348689.79081,137990,36725.065,100681739.49011,2026-09-22 11:00:00
1790078400000,2741.2,2755.92,2735.0,2755.64,124869.707,1790081999999,343050553.60624,181616,66006.773,181350022.90263,2026-09-22 12:00:00
1790082000000,2755.64,2764.09,2737.26,2758.06,247571.612,1790085599999,681348995.46243,395433,128798.807,354523143.02902,2026-09-22 13:00:00
1790085600000,2758.06,2758.8,2714.41,2741.26,380925.667,1790089199999,1041710472.89437,479592,173779.823,475294646.16957,2026-09-22 14:00:00
1790089200000,2741.27,2754.94,2735.52,2742.88,201593.833,1790092799999,553258073.3977,305636,103918.198,285229651.72524,2026-09-22 15:00:00
1790092800000,2742.89,2749.97,2727.82,2744.69,163536.907,1790096399999,447799761.31713,266583,77164.808,211321562.028,2026-09-22 16:00:00
1790096400000,2744.68,2759.0,2742.36,2752.49,154704.704,1790099999999,425484511.70872,226971,74428.496,204696770.59327,2026-09-22 17:00:00
1790100000000,2752.48,2755.9,2741.63,2751.26,105900.34,1790103599999,291119966.2709,178107,51887.38,142647852.30489,2026-09-22 18:00:00
1790103600000,2751.27,2762.85,2743.64,2750.26,122121.137,1790107199999,336353926.33194,191731,56437.865,155450862.1632,2026-09-22 19:00:00
1790107200000,2750.26,2757.74,2746.0,2750.44,65172.105,1790110799999,179284398.98576,103371,34715.097,95500959.05789,2026-09-22 20:00:00
1790110800000,2750.44,2753.33,2745.55,2745.88,42405.105,1790114399999,116545063.00348,70588,19486.781,53557633.01748,2026-09-22 21:00:00
1790114400000,2745.87,2759.56,2735.25,2751.89,109059.461,1790117999999,299721210.23926,164707,49196.137,135226908.60877,2026-09-22 22:00:00
1790118000000,2751.89,2774.08,2747.8,2752.69,171408.145,1790121599999,473210952.50757,212954,99451.838,274640747.18456,2026-09-22 23:00:00
1790121600000,2752.7,2766.0,2748.42,2759.16,91955.211,1790125199999,253684784.06047,171447,53492.156,147567254.68906,2026-09-23 00:00:00
1790125200000,2759.16,2774.65,2744.63,2752.68,149264.213,1790128799999,412011286.96665,225957,67815.294,187239701.31261,2026-09-23 01:00:00
1790128800000,2752.69,2762.0,2744.41,2761.27,72778.816,1790132399999,200481622.09345,145855,37981.31,104656462.11263,2026-09-23 02:00:00
1790132400000,2761.28,2784.15,2757.03,2772.99,177231.81,1790135999999,491467827.82612,220504,101496.528,281549514.27596,2026-09-23 03:00:00
1790136000000,2773.0,2787.82,2766.3,2778.26,140605.623,1790139599999,390901098.96929,207402,74814.108,208019405.80501,2026-09-23 04:00:00
1790139600000,2778.27,2778.88,2753.75,2756.27,154875.591,1790143199999,428329113.15007,208310,64937.426,179612089.71097,2026-09-23 05:00:00
1790143200000,2756.27,2760.95,2750.4,2753.0,104183.574,1790146799999,287122763.14225,126344,48513.894,133724692.6749,2026-09-23 06:00:00
1790146800000,2753.01,2753.01,2733.95,2741.99,191922.106,1790150399999,526674383.7371,215011,88987.787,244210424.49724,2026-09-23 07:00:00
1790150400000,2741.99,2749.25,2725.1,2733.89,164891.044,1790153999999,451278254.47028,204374,75116.046,205663532.10081,2026-09-23 08:00:00
1790154000000,2733.88,2742.51,2729.64,2732.45,114571.155,1790157599999,313500627.72897,155542,57839.591,158275217.76054,2026-09-23 09:00:00
1790157600000,2732.44,2737.8,2724.38,2736.95,129599.056,1790161199999,353943065.64754,176736,63882.213,174505464.77629,2026-09-23 10:00:00
1790161200000,2736.95,2738.72,2715.88,2726.81,221324.389,1790164799999,602649110.29562,229636,89723.614,244358588.62656,2026-09-23 11:00:00
1790164800000,2726.8,2728.99,2708.0,2720.98,185818.506,1790168399999,505339966.6061,215124,75424.206,205171133.20412,2026-09-23 12:00:00
1790168400000,2720.98,2722.93,2706.0,2714.97,251274.955,1790171999999,681973564.70814,335044,133539.422,362509119.02642,2026-09-23 13:00:00
1790172000000,2714.96,2722.7,2645.99,2674.9,1005204.146,1790175599999,2685668662.66259,954640,465294.393,1242364974.33489,2026-09-23 14:00:00
1790175600000,2674.9,2683.81,2653.16,2654.63,300154.769,1790179199999,801048877.56992,395848,141135.386,376719423.54121,2026-09-23 15:00:00
1790179200000,2654.62,2666.66,2633.7,2659.79,326833.942,1790182799999,866998365.6316,423012,152802.33,405479043.62632,2026-09-23 16:00:00
1790182800000,2659.78,2669.85,2646.53,2667.01,158344.979,1790186399999,421148651.26679,282312,84503.71,224833753.99065,2026-09-23 17:00:00
1790186400000,2667.01,2671.32,2658.09,2667.83,79103.629,1790189999999,210739389.02309,161617,41784.725,111329978.9367,2026-09-23 18:00:00
1790190000000,2667.83,2679.48,2663.07,2677.53,109012.999,1790193599999,291420473.12471,163937,60427.87,161545937.60503,2026-09-23 19:00:00
1790193600000,2677.53,2678.75,2667.72,2669.99,60399.206,1790197199999,161404453.46433,102106,31871.503,85177681.46569,2026-09-23 20:00:00
1790197200000,2669.99,2678.4,2667.12,2676.29,50003.243,1790200799999,133687287.2676,78986,27772.907,74253524.64683,2026-09-23 21:00:00
1790200800000,2676.29,2697.83,2675.0,2688.87,129173.247,1790204399999,347334080.75688,178127,70346.574,189117157.44178,2026-09-23 22:00:00
1790204400000,2688.87,2689.52,2679.76,2683.41,42369.439,1790207999999,113722325.73963,88574,17892.328,48024532.42697,2026-09-23 23:00:00
1790208000000,2683.41,2691.91,2677.89,2681.28,68524.438,1790211599999,183942520.89896,131064,32438.655,87094577.71474,2026-09-24 00:00:00
1790211600000,2681.28,2691.28,2673.14,2674.07,94078.955,1790215199999,252158328.38838,169441,45493.165,121947372.3104,2026-09-24 01:00:00
1790215200000,2674.07,2687.13,2662.76,2684.74,129154.243,1790218799999,345571004.57487,191033,62523.497,167359974.07103,2026-09-24 02:00:00
1790218800000,2684.75,2689.85,2670.05,2675.48,85551.217,1790222399999,229194723.38696,135692,41072.974,110020864.87282,2026-09-24 03:00:00
1790222400000,2675.48,2682.57,2668.24,2680.62,79186.119,1790225999999,211744218.3995,113456,40616.08,108621406.44637,2026-09-24 04:00:00
1790226000000,2680.61,2703.26,2680.3,2681.39,154307.842,1790229599999,415443853.59418,196820,84861.818,228499816.89049,2026-09-24 05:00:00
1790229600000,2681.38,2689.48,2677.78,2684.77,57030.004,1790233199999,153134501.5372,142278,30160.712,80996471.47509,2026-09-24 06:00:00
1790233200000,2684.76,2698.8,2678.24,2692.03,124454.086,1790236799999,334932765.89645,164305,69383.779,186723200.48142,2026-09-24 07:00:00
1790236800000,2692.02,2694.69,2653.0,2668.36,246934.9,1790240399999,659622084.71425,304676,101817.721,271970856.03163,2026-09-24 08:00:00
1790240400000,2668.36,2672.92,2626.01,2641.3,334044.92,1790243999999,883658631.84758,414507,144941.914,383584434.45813,2026-09-24 09:00:00
1790244000000,2641.31,2649.08,2632.44,2647.25,151359.179,1790247599999,399643917.91814,218957,80110.511,211576033.88409,2026-09-24 10:00:00
1790247600000,2647.24,2651.67,2641.85,2646.45,94092.254,1790251199999,249083553.54516,147718,47585.296,125981854.2658,2026-09-24 11:00:00
1790251200000,2646.45,2653.55,2638.2,2647.6,86161.226,1790254799999,227861156.82416,173667,42958.61,113626549.99518,2026-09-24 12:00:00
1790254800000,2647.6,2678.03,2647.6,2668.79,253276.725,1790258399999,674778719.31436,346013,143020.35,381018236.36824,2026-09-24 13:00:00
1790258400000,2668.79,2698.53,2642.0,2656.24,464251.292,1790261999999,1241395613.49985,537679,226860.617,607054110.56261,2026-09-24 14:00:00
1790262000000,2656.24,2684.89,2651.06,2682.25,195493.71,1790265599999,521975223.19736,314675,109515.31,292467970.51181,2026-09-24 15:00:00
1790265600000,2682.25,2705.98,2664.46,2686.18,365844.176,1790269199999,984090351.3481,476147,184485.062,496381156.44117,2026-09-24 16:00:00
1790269200000,2686.18,2689.26,2664.75,2668.37,145990.107,1790272799999,390845455.05906,261443,68801.198,184254449.46654,2026-09-24 17:00:00
1790272800000,2668.36,2693.75,2658.09,2688.94,143310.727,1790276399999,383793104.22132,235867,77665.052,207976947.12142,2026-09-24 18:00:00
1790276400000,2688.95,2700.0,2681.28,2695.19,118443.999,1790279999999,318819548.08183,166029,45407.277,122264526.03664,2026-09-24 19:00:00
1790280000000,2695.18,2695.95,2680.18,2686.77,96034.63,1790283599999,258130727.82939,141897,40994.939,110194952.4804,2026-09-24 20:00:00
1790283600000,2686.78,2691.87,2684.0,2685.42,41809.891,1790287199999,112376069.80235,67764,24859.349,66813518.62802,2026-09-24 21:00:00
1790287200000,2685.42,2687.41,2673.91,2684.14,51485.467,1790290799999,138026410.53355,104588,22320.848,59846270.35595,2026-09-24 22:00:00
1790290800000,2684.14,2691.81,2683.65,2686.65,40013.914,1790294399999,107558259.07586,65732,17373.918,46697916.91767,2026-09-24 23:00:00
1790294400000,2686.65,2696.21,2686.64,2689.44,49096.056,1790297999999,132105328.37614,112273,26050.426,70097607.91802,2026-09-25 00:00:00
1790298000000,2689.44,2696.99,2681.12,2688.46,74163.788,1790301599999,199462356.4304,124492,36824.439,99046015.71342,2026-09-25 01:00:00
1790301600000,2688.46,2699.64,2673.22,2675.69,120944.797,1790305199999,325062308.40316,170956,61503.689,165344561.60623,2026-09-25 02:00:00
1790305200000,2675.69,2680.62,2671.53,2677.66,73361.656,1790308799999,196304024.24181,119492,36113.972,96643458.64121,2026-09-25 03:00:00
1790308800000,2677.67,2684.73,2670.71,2679.0,55314.488,1790312399999,148095593.36479,93057,26467.103,70882881.85874,2026-09-25 04:00:00
1790312400000,2679.0,2683.95,2674.0,2678.76,45970.826,1790315999999,123148335.71934,88073,21951.777,58806377.61525,2026-09-25 05:00:00
1790316000000,2678.76,2682.03,2668.34,2673.14,71858.966,1790319599999,192135218.53873,125477,30658.204,81988286.87657,2026-09-25 06:00:00
1790319600000,2673.14,2679.8,2666.0,2671.18,81008.448,1790323199999,216390308.2744,125825,31272.808,83542406.96356,2026-09-25 07:00:00
1790323200000,2671.17,2696.33,2671.17,2689.55,126551.453,1790326799999,339937839.61132,158139,67839.434,182202618.99553,2026-09-25 08:00:00
1790326800000,2689.54,2719.91,2689.48,2703.33,238153.474,1790330399999,643893619.95549,239172,144267.433,390081387.17031,2026-09-25 09:00:00
1790330400000,2703.33,2718.66,2691.35,2713.0,164417.748,1790333999999,445044208.46707,184073,82362.961,223010436.35538,2026-09-25 10:00:00
1790334000000,2712.99,2742.66,2711.83,2716.0,311174.426,1790337599999,848882821.41459,323813,165778.287,452371902.13602,2026-09-25 11:00:00
1790337600000,2716.0,2722.78,2685.0,2716.34,319197.622,1790341199999,863839135.65358,394221,148073.474,400826496.29154,2026-09-25 12:00:00
1790341200000,2716.33,2721.36,2678.49,2694.18,338976.37,1790344799999,914573134.38092,436404,167577.545,452212142.72903,2026-09-25 13:00:00
1790344800000,2694.18,2697.1,2670.26,2694.46,295012.811,1790348399999,791840316.95971,455152,143796.398,386052096.11189,2026-09-25 14:00:00
1790348400000,2694.46,2697.99,2667.3,2685.71,212665.92,1790351999999,570371596.04308,325082,105488.692,282930222.43827,2026-09-25 15:00:00
1790352000000,2685.71,2698.0,2680.33,2682.5,176266.571,1790355599999,474133604.33219,265828,79078.195,212736575.72221,2026-09-25 16:00:00
1790355600000,2682.49,2692.6,2676.39,2684.55,91162.112,1790359199999,244722941.41715,146041,42318.503,113601967.19309,2026-09-25 17:00:00
1790359200000,2684.55,2698.55,2684.55,2692.37,87137.884,1790362799999,234650265.43234,127405,44793.304,120619074.18974,2026-09-25 18:00:00
1790362800000,2692.37,2695.48,2689.14,2691.99,50649.103,1790366399999,136361600.1045,100820,26112.776,70303940.74862,2026-09-25 19:00:00
1790366400000,2691.99,2695.37,2682.47,2683.33,47073.68,1790369999999,126613105.48619,84190,24440.258,65743786.94595,2026-09-25 20:00:00
1790370000000,2683.33,2684.52,2675.45,2680.11,54166.179,1790373599999,145116454.67284,75382,26638.452,71368837.98616,2026-09-25 21:00:00
1790373600000,2680.11,2693.48,2678.81,2690.87,39458.3,1790377199999,106116696.83101,51076,19061.134,51253532.64693,2026-09-25 22:00:00
1790377200000,2690.88,2693.6,2689.49,2690.56,19818.421,1790380799999,53345300.71631,34394,8126.923,21874421.04492,2026-09-25 23:00:00
1790380800000,2690.56,2693.69,2679.71,2685.95,53536.829,1790384399999,143817793.79633,77780,28060.316,75382495.37258,2026-09-26 00:00:00
1790384400000,2685.95,2695.17,2685.65,2691.65,42722.905,1790387999999,114963425.36014,74318,24520.047,65983520.36997,2026-09-26 01:00:00
1790388000000,2691.66,2694.69,2687.75,2689.98,35442.704,1790391599999,95395674.54979,61387,18300.056,49261803.73601,2026-09-26 02:00:00
1790391600000,2689.98,2690.31,2684.67,2686.87,25743.822,1790395199999,69189774.86752,46172,11384.908,30599119.15698,2026-09-26 03:00:00
1790395200000,2686.87,2690.38,2683.5,2688.33,26403.118,1790398799999,70947601.93964,39755,14643.219,39347723.11315,2026-09-26 04:00:00
1790398800000,2688.34,2689.23,2684.1,2685.11,26110.332,1790402399999,70141945.87143,40065,13456.829,36149213.94854,2026-09-26 05:00:00
1790402400000,2685.1,2686.36,2681.98,2684.36,36653.624,1790405999999,98380496.27718,49291,18325.242,49185414.60199,2026-09-26 06:00:00
1790406000000,2684.36,2690.25,2684.36,2689.71,30820.294,1790409599999,82867571.33519,39927,15629.215,42020750.88798,2026-09-26 07:00:00
1790409600000,2689.72,2696.77,2685.78,2689.72,54393.023,1790413199999,146438453.96986,61394,27275.446,73445025.59786,2026-09-26 08:00:00
1790413200000,2689.72,2689.84,2678.0,2681.36,78114.104,1790416799999,209459361.66439,87648,35025.883,93911384.94617,2026-09-26 09:00:00
1790416800000,2681.37,2689.03,2681.2,2686.14,40298.357,1790420399999,108239314.71812,60613,21503.424,57752838.70917,2026-09-26 10:00:00
1790420400000,2686.14,2689.66,2684.16,2688.1,23823.245,1790423999999,64024356.1521,40631,11079.05,29774557.44982,2026-09-26 11:00:00
1790424000000,2688.1,2691.72,2685.07,2687.77,30472.74,1790427599999,81923086.63646,46365,14487.186,38949293.58241,2026-09-26 12:00:00
1790427600000,2687.78,2690.49,2680.84,2685.52,49318.444,1790431199999,132402009.638,68881,22898.6,61474767.5323,2026-09-26 13:00:00
1790431200000,2685.52,2688.43,2684.18,2687.52,21073.965,1790434799999,56620726.63936,38835,9305.235,25001051.71067,2026-09-26 14:00:00
1790434800000,2687.53,2695.0,2687.36,2691.99,58197.49,1790438399999,156626619.2556,62379,29981.146,80689796.71502,2026-09-26 15:00:00
1790438400000,2691.99,2693.0,2687.92,2690.36,25515.79,1790441999999,68651376.43518,38712,11213.494,30170445.49331,2026-09-26 16:00:00
1790442000000,2690.36,2690.93,2685.3,2689.43,25573.096,1790445599999,68728028.12808,44194,12382.832,33278852.62363,2026-09-26 17:00:00
1790445600000,2689.42,2689.98,2682.3,2683.84,27393.039,1790449199999,73557912.6853,38501,14396.338,38658096.21628,2026-09-26 18:00:00
1790449200000,2683.83,2685.26,2680.88,2683.22,20261.418,1790452799999,54354038.65535,28190,10593.074,28417475.93168,2026-09-26 19:00:00
1790452800000,2683.22,2684.24,2662.01,2675.51,155946.888,1790456399999,416661877.50538,134932,55838.262,149245803.41838,2026-09-26 20:00:00
1790456400000,2675.5,2695.0,2674.59,2685.0,92706.861,1790459999999,248947666.63995,81491,56448.753,151592828.28503,2026-09-26 21:00:00
1790460000000,2684.99,2692.0,2683.29,2687.81,29108.752,1790463599999,78243492.54645,57614,16221.253,43604554.20215,2026-09-26 22:00:00
1790463600000,2687.81,2695.81,2687.81,2694.97,64411.611,1790467199999,173507252.91541,58985,41795.306,112592135.17355,2026-09-26 23:00:00
1790467200000,2694.97,2695.54,2688.81,2692.45,33353.028,1790470799999,89797943.42406,47668,13755.184,37033171.17397,2026-09-27 00:00:00
1790470800000,2692.45,2706.7,2690.08,2700.46,73030.426,1790474399999,197035479.10846,76442,46788.973,126265582.04988,2026-09-27 01:00:00
1790474400000,2700.45,2705.27,2695.87,2697.0,39036.705,1790477999999,105422182.02799,64771,17970.342,48535712.35748,2026-09-27 02:00:00
1790478000000,2696.99,2699.85,2694.44,2695.55,24859.606,1790481599999,67043870.49909,42666,10145.515,27364996.03199,2026-09-27 03:00:00
1790481600000,2695.56,2699.2,2690.09,2691.13,40051.689,1790485199999,107893763.04989,58483,16776.524,45203599.07539,2026-09-27 04:00:00
1790485200000,2691.14,2712.86,2690.69,2703.82,81322.672,1790488799999,219819818.14633,97579,48976.938,132377491.66631,2026-09-27 05:00:00
1790488800000,2703.82,2710.81,2703.66,2706.04,42102.921,1790492399999,113990522.22026,71342,20907.643,56606558.33675,2026-09-27 06:00:00
1790492400000,2706.04,2717.63,2704.21,2717.14,67442.932,1790495999999,182870946.80446,97906,41272.617,111927126.03871,2026-09-27 07:00:00
1790496000000,2717.15,2722.32,2712.64,2713.21,86924.003,1790499599999,236145999.12122,113909,42251.177,114794410.64766,2026-09-27 08:00:00
1790499600000,2713.21,2715.92,2705.06,2715.13,75879.447,1790503199999,205655129.73052,94417,38131.685,103348397.87905,2026-09-27 09:00:00
1790503200000,2715.13,2718.14,2707.36,2709.17,62457.034,1790506799999,169427999.71916,77090,27218.501,73841148.6517,2026-09-27 10:00:00
1790506800000,2709.17,2710.78,2706.15,2708.84,35523.417,1790510399999,96202184.38077,55174,16084.495,43560207.6555,2026-09-27 11:00:00
1790510400000,2708.84,2716.38,2706.26,2706.26,36327.29,1790513999999,98522435.2331,57448,16711.456,45329829.69021,2026-09-27 12:00:00
1790514000000,2706.27,2714.65,2696.76,2708.5,121837.562,1790517599999,329420802.49911,179045,59029.08,159619409.835,2026-09-27 13:00:00
1790517600000,2708.5,2709.0,2681.03,2686.71,156304.678,1790521199999,420775226.52691,216044,67266.829,181101560.29743,2026-09-27 14:00:00
1790521200000,2686.7,2692.64,2680.47,2688.83,84589.621,1790524799999,227315518.38091,154447,43346.234,116493021.97929,2026-09-27 15:00:00
1790524800000,2688.84,2695.5,2683.37,2685.5,52450.713,1790528399999,141037537.01072,100325,25095.088,67485721.44664,2026-09-27 16:00:00
1790528400000,2685.5,2690.78,2684.54,2690.0,35344.31,1790531999999,94984552.33249,66312,15325.982,41190678.40473,2026-09-27 17:00:00
1790532000000,2690.0,2698.77,2688.66,2697.11,49693.238,1790535599999,133881313.76428,76364,26263.674,70750116.85273,2026-09-27 18:00:00
1790535600000,2697.11,2697.97,2688.88,2690.43,29241.021,1790539199999,78739914.76354,50712,11873.205,31973273.48696,2026-09-27 19:00:00
1790539200000,2690.44,2695.2,2683.88,2684.84,36669.964,1790542799999,98611594.38396,63354,15748.718,42360657.55589,2026-09-27 20:00:00
1790542800000,2684.85,2692.29,2672.0,2682.99,67913.719,1790546399999,182095407.35359,92120,28311.205,75930656.56238,2026-09-27 21:00:00
1790546400000,2683.0,2685.15,2668.06,2674.24,134348.722,1790549999999,359174914.64018,198956,56756.873,151773177.00305,2026-09-27 22:00:00
1790550000000,2674.23,2689.91,2672.0,2687.36,63863.091,1790553599999,171264726.36151,132061,35383.099,94880854.68731,2026-09-27 23:00:00
1790553600000,2687.36,2702.98,2670.23,2672.29,191014.752,1790557199999,512815606.31781,282364,93822.043,251932617.10669,2026-09-28 00:00:00
1790557200000,2672.29,2678.2,2646.41,2655.8,259362.907,1790560799999,691007641.37033,375667,93017.723,247889065.9235,2026-09-28 01:00:00
1790560800000,2655.8,2661.57,2646.88,2651.7,121449.858,1790564399999,322198766.03531,257012,57476.215,152511640.94105,2026-09-28 02:00:00
1790564400000,2651.71,2656.6,2638.0,2650.73,119819.295,1790567999999,317342194.41061,213679,50839.159,134708802.27533,2026-09-28 03:00:00
1790568000000,2650.73,2659.32,2645.31,2657.21,55781.16,1790571599999,148042186.02131,134125,31852.415,84540471.7714,2026-09-28 04:00:00
1790571600000,2657.21,2659.5,2634.0,2650.1,178239.413,1790575199999,471329084.63112,233385,71892.296,190186476.02908,2026-09-28 05:00:00
1790575200000,2650.1,2655.62,2644.65,2648.34,71934.767,1790578799999,190595949.26065,136816,35505.5,94079810.13247,2026-09-28 06:00:00
1790578800000,2648.35,2655.0,2641.0,2642.57,92845.137,1790582399999,245612990.85476,167752,46835.207,123896030.52191,2026-09-28 07:00:00
1790582400000,2642.56,2651.23,2638.24,2649.49,97966.844,1790585999999,259220285.47901,172629,42240.312,111767580.39952,2026-09-28 08:00:00
1790586000000,2649.49,2653.36,2635.01,2639.99,143531.479,1790589599999,379373415.23385,201016,73757.901,194944852.13914,2026-09-28 09:00:00
1790589600000,2639.99,2658.27,2639.99,2655.17,93197.703,1790593199999,247049224.33262,145402,47561.321,126089817.22794,2026-09-28 10:00:00
1790593200000,2655.17,2668.47,2655.16,2667.87,120349.714,1790596799999,320457784.2319,191797,65510.314,174431239.91327,2026-09-28 11:00:00
1790596800000,2667.87,2693.23,2663.52,2689.99,291528.807,1790600399999,782034733.17563,347780,154265.958,413814655.63055,2026-09-28 12:00:00
1790600400000,2689.98,2697.89,2678.96,2689.61,232067.103,1790603999999,624340674.85047,322206,125690.136,338287761.39517,2026-09-28 13:00:00
1790604000000,2689.61,2689.61,2648.27,2666.18,355907.889,1790607599999,950016543.23318,518897,140392.806,374890827.249,2026-09-28 14:00:00
1790607600000,2666.18,2679.68,2652.4,2676.54,220162.276,1790611199999,587448474.33462,389832,96441.138,257385198.32198,2026-09-28 15:00:00
1790611200000,2676.53,2697.73,2669.62,2686.19,260683.841,1790614799999,700774114.94313,358375,148148.885,398440571.32036,2026-09-28 16:00:00
1790614800000,2686.2,2720.0,2680.58,2694.56,307686.618,1790618399999,832132888.75676,412556,174569.902,472198651.10679,2026-09-28 17:00:00
1790618400000,2694.56,2699.1,2686.53,2698.51,70036.864,1790621999999,188639895.36679,169014,36730.466,98939369.79006,2026-09-28 18:00:00
1790622000000,2698.51,2699.23,2663.27,2672.04,135233.939,1790625599999,361982991.74091,228505,61135.542,163585487.14168,2026-09-28 19:00:00
1790625600000,2672.05,2685.54,2669.6,2681.95,59037.322,1790629199999,158201631.94,122624,32153.859,86155529.05391,2026-09-28 20:00:00
1790629200000,2681.96,2688.62,2672.83,2672.98,47394.553,1790632799999,127062425.03612,98096,23172.81,62132134.38933,2026-09-28 21:00:00
1790632800000,2672.99,2686.53,2666.58,2686.51,63840.373,1790636399999,170790155.74013,104928,34993.674,93603810.73785,2026-09-28 22:00:00
1790636400000,2686.51,2693.86,2684.44,2687.55,50068.441,1790639999999,134650378.93681,79081,23733.491,63827085.72743,2026-09-28 23:00:00
1790640000000,2687.56,2694.64,2675.56,2675.56,62834.567,1790643599999,168766161.3541,124440,30555.409,82074345.05251,2026-09-29 00:00:00
1790643600000,2675.56,2680.14,2655.0,2664.18,187240.011,1790647199999,498977163.66977,276771,87576.477,233380629.82634,2026-09-29 01:00:00
1790647200000,2664.19,2666.94,2650.5,2656.41,93558.651,1790650799999,248567184.3352,205107,43937.514,116745787.90932,2026-09-29 02:00:00
1790650800000,2656.4,2668.51,2654.21,2664.11,84015.586,1790654399999,223646997.23183,141467,36338.328,96767271.784,2026-09-29 03:00:00
1790654400000,2664.11,2672.62,2660.48,2666.93,46261.72,1790657999999,123357867.40166,110960,25187.564,67172231.47589,2026-09-29 04:00:00
1790658000000,2666.92,2676.93,2654.34,2675.4,99630.937,1790661599999,265710155.84654,172786,53610.888,143014717.68019,2026-09-29 05:00:00
1790661600000,2675.39,2708.32,2675.01,2705.69,292687.867,1790665199999,788576642.89936,251210,183937.286,495616341.72478,2026-09-29 06:00:00
1790665200000,2705.69,2718.93,2699.15,2711.49,225104.811,1790668799999,610231120.22037,272041,112627.605,305350238.10705,2026-09-29 07:00:00
1790668800000,2711.49,2734.58,2705.05,2707.58,233713.988,1790672399999,635397811.37242,287859,121515.33,330471642.34718,2026-09-29 08:00:00
1790672400000,2707.58,2721.67,2701.66,2716.82,131391.014,1790675999999,355963808.80819,170701,70738.024,191635406.35668,2026-09-29 09:00:00
1790676000000,2716.82,2719.5,2708.45,2713.74,72824.942,1790679599999,197597387.61858,109641,31496.552,85465413.55886,2026-09-29 10:00:00
1790679600000,2713.74,2738.0,2713.74,2731.13,190747.971,1790683199999,520073078.26981,251301,106056.816,289193413.96226,2026-09-29 11:00:00
1790683200000,2731.13,2749.17,2727.97,2735.82,213807.569,1790686799999,585281172.40928,318459,111904.95,306393889.68047,2026-09-29 12:00:00
1790686800000,2735.82,2739.5,2719.52,2725.66,192722.428,1790690399999,525932909.23203,332471,87582.191,239054410.89526,2026-09-29 13:00:00
1790690400000,2725.66,2731.06,2705.86,2709.72,200867.766,1790693999999,545521004.14746,356800,95873.704,260433845.35835,2026-09-29 14:00:00
1790694000000,2709.72,2710.66,2666.83,2672.82,500302.643,1790697599999,1343439035.21354,550033,232375.54,623912574.35764,2026-09-29 15:00:00
1790697600000,2672.83,2683.21,2666.0,2674.36,165358.089,1790701199999,442283741.29846,256006,86604.338,231684586.86442,2026-09-29 16:00:00
1790701200000,2674.36,2679.31,2668.14,2672.4,90614.697,1790704799999,242363447.19231,167635,44452.928,118894219.57608,2026-09-29 17:00:00
1790704800000,2672.4,2696.9,2672.4,2694.52,142101.917,1790708399999,381880657.85461,226115,77137.317,207287709.12497,2026-09-29 18:00:00
1790708400000,2694.51,2698.88,2684.81,2688.69,96374.771,1790711999999,259517923.81317,154824,46455.577,125083464.81351,2026-09-29 19:00:00
1790712000000,2688.69,2693.21,2685.27,2688.18,30356.855,1790715599999,81643533.81048,79923,13875.652,37320319.41454,2026-09-29 20:00:00
1790715600000,2688.18,2689.08,2675.37,2678.28,67941.282,1790719199999,182139432.01076,85517,24360.447,65302589.41142,2026-09-29 21:00:00
1790719200000,2678.27,2685.25,2672.24,2680.66,60644.191,1790722799999,162476695.60932,107107,27988.62,75015072.04459,2026-09-29 22:00:00
1790722800000,2680.66,2687.4,2674.43,2676.94,56200.802,1790726399999,150690760.80378,93209,30864.03,82755854.45309,2026-09-29 23:00:00
1790726400000,2676.94,2678.79,2666.67,2671.43,88892.492,1790729999999,237391359.62498,136865,40174.083,107284332.32615,2026-09-30 00:00:00
1790730000000,2671.43,2675.82,2667.2,2671.1,56507.989,1790733599999,150925051.3055,123968,27974.901,74722695.37534,2026-09-30 01:00:00
1790733600000,2671.09,2677.3,2665.0,2673.39,114046.267,1790737199999,304430058.18893,141632,43798.009,116992909.45315,2026-09-30 02:00:00
1790737200000,2673.39,2675.47,2666.7,2670.36,41872.173,1790740799999,111837874.2116,105627,19910.287,53178187.90261,2026-09-30 03:00:00
1790740800000,2670.35,2675.83,2668.59,2668.68,32313.353,1790744399999,86351843.93832,73769,16476.273,44028519.55774,2026-09-30 04:00:00
1790744400000,2668.68,2679.56,2666.58,2674.03,88610.776,1790747999999,236743309.32521,124645,38800.289,103721509.27596,2026-09-30 05:00:00
1790748000000,2674.03,2675.69,2656.23,2660.77,127767.279,1790751599999,340306344.4368,182053,52439.92,139671920.41467,2026-09-30 06:00:00
1790751600000,2660.76,2676.83,2659.08,2673.53,82696.852,1790755199999,220765216.27932,138431,42769.521,114169742.54382,2026-09-30 07:00:00
1790755200000,2673.54,2673.54,2663.32,2670.15,57259.228,1790758799999,152784139.85979,111856,27010.206,72067696.93693,2026-09-30 08:00:00
1790758800000,2670.15,2699.99,2669.27,2687.43,198336.097,1790762399999,532884921.38477,205201,114082.309,306541165.92642,2026-09-30 09:00:00
1790762400000,2687.43,2696.64,2686.65,2694.27,77522.43,1790765999999,208668683.01728,117331,41027.886,110426263.34929,2026-09-30 10:00:00
1790766000000,2694.26,2699.0,2683.6,2696.42,86096.171,1790769599999,231807659.21588,133042,37946.623,102181176.48591,2026-09-30 11:00:00
1790769600000,2696.42,2738.0,2690.84,2730.01,505224.128,1790773199999,1375372626.32492,485613,283849.54,772810128.13024,2026-09-30 12:00:00
1790773200000,2730.01,2737.0,2688.0,2708.94,504432.04,1790776799999,1368604452.8673,582001,246179.95,668135707.51886,2026-09-30 13:00:00
1790776800000,2708.94,2712.73,2666.12,2676.61,444444.105,1790780399999,1192499360.94262,596292,203542.891,546264844.69309,2026-09-30 14:00:00
1790780400000,2676.62,2688.33,2670.06,2682.31,194591.338,1790783999999,521691718.98637,274787,93279.989,250105040.57688,2026-09-30 15:00:00
1790784000000,2682.3,2695.0,2680.53,2694.74,98388.616,1790787599999,264454892.26341,157417,49459.016,132960706.23989,2026-09-30 16:00:00
1790787600000,2694.74,2697.31,2675.16,2681.61,105758.962,1790791199999,283983401.17979,178907,48115.481,129190486.02583,2026-09-30 17:00:00
1790791200000,2681.62,2683.65,2672.04,2678.01,82357.773,1790794799999,220472449.2678,140756,45968.127,123060191.85958,2026-09-30 18:00:00
1790794800000,2678.0,2679.71,2666.66,2668.5,97917.132,1790798399999,261552384.44877,140839,39650.575,105944267.95011,2026-09-30 19:00:00
1790798400000,2668.5,2681.37,2667.31,2681.29,55331.949,1790801999999,147985239.46247,97147,29911.256,79993083.82408,2026-09-30 20:00:00
1790802000000,2681.29,2684.78,2680.62,2682.97,27861.035,1790805599999,74746637.13254,52023,13461.144,36113322.89456,2026-09-30 21:00:00
1790805600000,2682.97,2691.32,2677.14,2685.68,48936.618,1790809199999,131409005.48378,78060,22306.586,59903527.05663,2026-09-30 22:00:00
1790809200000,2685.68,2693.55,2682.83,2684.68,52789.328,1790812799999,141882901.39016,99644,26899.298,72302586.6306,2026-09-30 23:00:00
1790812800000,2684.68,2686.49,2677.02,2683.33,42024.038,1790816399999,112714161.82753,87684,20196.638,54173643.41264,2026-10-01 00:00:00
1790816400000,2683.33,2692.0,2682.99,2688.41,35936.741,1790819999999,96599070.96562,90628,16906.996,45445070.21926,2026-10-01 01:00:00
1790820000000,2688.41,2693.31,2682.2,2685.69,50476.415,1790823599999,135615497.74276,94940,21907.856,58867687.3426,2026-10-01 02:00:00
1790823600000,2685.7,2695.95,2683.55,2695.15,47244.808,1790827199999,127079156.00628,77998,24212.974,65139885.32332,2026-10-01 03:00:00
1790827200000,2695.15,2711.11,2692.22,2706.5,162900.406,1790830799999,440033456.40397,147703,98956.488,267308147.26544,2026-10-01 04:00:00
1790830800000,2706.49,2719.28,2704.0,2717.05,114910.486,1790834399999,311806396.6964,120566,64266.102,174390229.09576,2026-10-01 05:00:00
1790834400000,2717.04,2721.39,2711.0,2714.21,126949.812,1790837999999,344826695.09124,130459,54213.092,147261158.88115,2026-10-01 06:00:00
1790838000000,2714.21,2719.99,2672.54,2675.92,360853.515,1790841599999,970484781.55056,343998,164821.434,443182674.88042,2026-10-01 07:00:00
1790841600000,2675.91,2687.18,2671.1,2685.66,173060.754,1790845199999,463541198.43814,206793,84655.941,226792174.17114,2026-10-01 08:00:00
1790845200000,2685.65,2698.0,2684.79,2690.31,115244.921,1790848799999,310219279.02964,135435,58496.861,157465214.82281,2026-10-01 09:00:00
1790848800000,2690.31,2705.42,2675.1,2700.89,150236.835,1790852399999,404084914.29266,183116,85133.335,229060637.45186,2026-10-01 10:00:00
1790852400000,2700.9,2707.78,2693.73,2705.63,105938.927,1790855999999,286091240.5703,131894,56562.794,152775759.53477,2026-10-01 11:00:00
1790856000000,2705.64,2710.7,2686.3,2691.63,163878.697,1790859599999,442492285.26336,197743,70212.124,189637064.51941,2026-10-01 12:00:00
1790859600000,2691.63,2701.27,2681.06,2696.42,246700.803,1790863199999,663727806.26332,352551,120473.861,324178908.73484,2026-10-01 13:00:00
1790863200000,2696.4,2704.44,2679.48,2688.62,251324.752,1790866799999,676194737.12945,390199,124449.591,334874791.32049,2026-10-01 14:00:00
1790866800000,2688.63,2694.41,2671.2,2681.18,281591.632,1790870399999,755066406.17064,313413,127505.752,341908839.55533,2026-10-01 15:00:00
1790870400000,2681.18,2693.27,2674.54,2678.99,139644.688,1790873999999,374730394.19057,202512,65748.056,176440407.54469,2026-10-01 16:00:00
1790874000000,2678.99,2712.0,2678.81,2699.87,258634.942,1790877599999,698231150.03299,272543,127231.756,343488859.67925,2026-10-01 17:00:00
1790877600000,2699.88,2714.77,2692.07,2699.46,133143.648,1790881199999,359938067.15748,178721,75615.481,204504624.28385,2026-10-01 18:00:00
1790881200000,2699.46,2705.48,2691.45,2699.39,76505.615,1790884799999,206388516.86182,133681,40488.372,109221715.2769,2026-10-01 19:00:00
1790884800000,2699.38,2705.48,2694.31,2697.38,41673.889,1790888399999,112520649.93247,72828,17601.228,47527506.30266,2026-10-01 20:00:00
1790888400000,2697.39,2698.0,2688.05,2692.01,51493.055,1790891999999,138647564.49767,67525,24845.685,66892737.56634,2026-10-01 21:00:00
1790892000000,2692.01,2702.8,2691.47,2701.78,37819.262,1790895599999,102063192.83497,82335,20765.23,56032854.92913,2026-10-01 22:00:00
1790895600000,2701.79,2706.0,2697.23,2705.06,28633.388,1790899199999,77390270.08379,56984,14497.178,39185658.85702,2026-10-01 23:00:00
1790899200000,2705.05,2708.18,2700.0,2707.19,55507.11,1790902799999,150121259.07892,92240,27799.132,75195324.77038,2026-10-02 00:00:00
1790902800000,2707.19,2718.18,2695.07,2714.82,90797.978,1790906399999,245895777.50475,131858,49375.289,133743467.28581,2026-10-02 01:00:00
1790906400000,2714.82,2723.79,2708.0,2720.2,131674.767,1790909999999,357631137.43515,166222,73152.513,198698849.65051,2026-10-02 02:00:00
1790910000000,2720.19,2727.29,2713.48,2718.43,116799.894,1790913599999,317658104.40102,158116,62144.93,169057709.84767,2026-10-02 03:00:00
1790913600000,2718.44,2748.0,2713.26,2741.82,333570.686,1790917199999,912694185.7666,342024,197359.686,540053832.61065,2026-10-02 04:00:00
1790917200000,2741.81,2741.92,2710.63,2719.17,209316.96,1790920799999,570283166.3838,238538,96456.089,262778955.92969,2026-10-02 05:00:00
1790920800000,2719.16,2732.42,2718.77,2728.34,124499.18,1790924399999,339519002.66167,158991,64156.015,174947541.18731,2026-10-02 06:00:00
1790924400000,2728.34,2740.17,2722.46,2736.93,118319.613,1790927999999,322908678.58074,155918,61564.606,168061147.13754,2026-10-02 07:00:00
1790928000000,2736.92,2779.0,2736.25,2752.64,414830.742,1790931599999,1144304931.82988,359056,236179.843,651360479.78137,2026-10-02 08:00:00
1790931600000,2752.65,2753.53,2742.18,2745.96,149794.419,1790935199999,411615867.41186,181481,72757.764,199941705.04135,2026-10-02 09:00:00
1790935200000,2745.96,2752.75,2734.41,2742.15,124377.642,1790938799999,341251480.34831,150121,61732.539,169409420.96386,2026-10-02 10:00:00
1790938800000,2742.15,2750.89,2740.37,2745.35,70528.836,1790942399999,193769062.30551,98013,37290.591,102452745.66808,2026-10-02 11:00:00
1790942400000,2745.35,2766.31,2736.77,2753.7,359130.494,1790945999999,988353614.88491,388526,184697.035,508416140.23913,2026-10-02 12:00:00
1790946000000,2753.7,2769.0,2740.37,2743.2,248637.12,1790949599999,684988339.33833,357723,119944.563,330519043.45826,2026-10-02 13:00:00
1790949600000,2743.2,2749.78,2696.29,2708.2,500544.733,1790953199999,1362469369.79346,532879,205608.464,559952047.84441,2026-10-02 14:00:00
1790953200000,2708.2,2711.0,2690.22,2695.88,321665.212,1790956799999,868312518.56732,367150,147110.752,397161283.98528,2026-10-02 15:00:00
1790956800000,2695.88,2702.7,2685.01,2688.62,190048.476,1790960399999,511820416.62813,246855,87381.606,235359879.24935,2026-10-02 16:00:00
1790960400000,2688.61,2690.95,2675.04,2683.1,209469.262,1790963999999,561733495.18994,232384,91102.82,244352839.40024,2026-10-02 17:00:00
1790964000000,2683.1,2687.8,2647.9,2663.64,442288.41,1790967599999,1179063916.18009,372568,189854.076,505943496.29317,2026-10-02 18:00:00
1790967600000,2663.64,2670.89,2655.83,2666.69,149694.477,1790971199999,398910999.92903,206818,77845.312,207473134.70956,2026-10-02 19:00:00
1790971200000,2666.69,2670.11,2658.02,2660.32,82825.976,1790974799999,220708698.22488,128775,40420.577,107709132.81573,2026-10-02 20:00:00
1790974800000,2660.32,2665.34,2655.86,2664.54,62925.832,1790978399999,167456165.03651,86547,31356.942,83453813.24567,2026-10-02 21:00:00
1790978400000,2664.53,2667.45,2660.0,2666.6,60146.918,1790981999999,160208237.46202,85206,29669.325,79028434.17319,2026-10-02 22:00:00
1790982000000,2666.59,2668.76,2664.54,2667.28,37739.274,1790985599999,100644345.71004,46594,17540.356,46778077.92624,2026-10-02 23:00:00
1790985600000,2667.29,2677.0,2664.28,2675.31,74059.056,1790989199999,197840785.82068,88158,38686.962,103353558.71084,2026-10-03 00:00:00
1790989200000,2675.31,2683.76,2673.27,2678.36,64137.608,1790992799999,171790378.89294,83053,29167.446,78129709.42777,2026-10-03 01:00:00
1790992800000,2678.36,2683.39,2674.6,2675.83,31973.62,1790996399999,85646336.33419,49802,16504.712,44221403.82331,2026-10-03 02:00:00
1790996400000,2675.82,2680.74,2674.92,2680.74,29117.665,1790999999999,77987658.12947,41743,15126.789,40517873.63239,2026-10-03 03:00:00
1791000000000,2680.73,2681.64,2670.99,2674.62,53063.771,1791003599999,141952621.46692,58911,22632.658,60545506.46049,2026-10-03 04:00:00
1791003600000,2674.61,2677.18,2672.7,2676.44,20288.914,1791007199999,54281471.25814,34138,10387.595,27791799.92092,2026-10-03 05:00:00
1791007200000,2676.44,2679.13,2674.45,2676.47,19517.244,1791010799999,52238508.08897,29179,9509.543,25453076.18404,2026-10-03 06:00:00
