timestamp,open,high,low,close,volume,close_time,quote_volume,trades,taker_buy_base,taker_buy_quote,datetime
1782802800000,399.14,400.3,398.31,399.55,17495.726,1782806399999,6986239.12769,40470,10048.939,4012792.54952,2026-06-30 07:00:00
1782806400000,399.55,400.07,394.54,396.69,42816.547,1782809999999,17016537.57682,68735,18069.119,7185749.50073,2026-06-30 08:00:00
1782810000000,396.7,396.7,391.0,393.98,58175.659,1782813599999,22888867.36484,82985,26746.055,10527780.91752,2026-06-30 09:00:00
1782813600000,393.99,394.35,391.41,392.32,25474.79,1782817199999,10011948.7486,58574,13176.202,5179183.77194,2026-06-30 10:00:00
1782817200000,392.33,393.33,388.64,391.71,48230.45,1782820799999,18855594.14236,89209,24762.437,9682971.65275,2026-06-30 11:00:00
1782820800000,391.71,392.82,388.45,388.87,60789.412,1782824399999,23735044.5271,116686,30581.736,11940824.69497,2026-06-30 12:00:00
1782824400000,388.88,397.64,388.88,396.37,80583.936,1782827999999,31708291.14047,161811,44499.757,17513665.02033,2026-06-30 13:00:00
1782828000000,396.35,404.18,395.75,398.14,98370.257,1782831599999,39328958.84449,177955,48807.606,19513134.67802,2026-06-30 14:00:00
1782831600000,398.16,403.6,395.47,401.1,75855.168,1782835199999,30308830.63627,132369,35659.532,14246386.10182,2026-06-30 15:00:00
1782835200000,401.11,403.11,394.13,398.85,62778.45,1782838799999,24988472.01414,115520,30140.561,11997368.55143,2026-06-30 16:00:00
1782838800000,398.85,402.5,397.22,397.39,38481.558,1782842399999,15375909.99228,83994,17985.837,7186305.94607,2026-06-30 17:00:00
1782842400000,397.4,401.96,395.95,400.34,27500.191,1782845999999,10969249.21448,79753,14761.654,5889234.44162,2026-06-30 18:00:00
1782846000000,400.33,402.92,398.58,399.42,27039.385,1782849599999,10835525.16452,75252,14223.034,5701014.2417,2026-06-30 19:00:00
1782849600000,399.41,399.41,395.53,397.63,32076.702,1782853199999,12756232.03044,73359,17193.174,6839726.06203,2026-06-30 20:00:00
1782853200000,397.63,398.4,394.12,394.91,14891.22,1782856799999,5897132.86716,43107,6945.233,2751032.79165,2026-06-30 21:00:00
1782856800000,394.92,396.53,391.68,392.17,24450.095,1782860399999,9619465.17243,65385,10850.053,4271013.53236,2026-06-30 22:00:00
1782860400000,392.18,400.2,391.71,399.17,36013.634,1782863999999,14319534.98752,76547,18501.341,7349620.64779,2026-06-30 23:00:00
1782864000000,399.16,400.0,394.3,394.61,28373.313,1782867599999,11265420.79958,70035,13446.091,5338179.71878,2026-07-01 00:00:00
1782867600000,394.61,399.95,385.07,396.02,95819.503,1782871199999,37666012.74855,173437,46296.235,18219779.05263,2026-07-01 01:00:00
1782871200000,396.03,402.61,394.72,400.49,47702.08,1782874799999,19060339.066,94724,25175.493,10064287.2373,2026-07-01 02:00:00
1782874800000,400.5,402.91,397.38,401.59,36220.829,1782878399999,14501220.20767,86934,18121.409,7255536.62107,2026-07-01 03:00:00
1782878400000,401.59,410.47,399.73,409.2,67974.923,1782881999999,27599488.29909,117421,39692.944,16112499.92551,2026-07-01 04:00:00
1782882000000,409.23,411.4,404.7,405.36,55210.348,1782885599999,22535592.55429,95611,29376.709,11995683.29077,2026-07-01 05:00:00
1782885600000,405.36,405.4,396.31,399.08,71783.254,1782889199999,28741581.64176,105370,39030.553,15618730.83457,2026-07-01 06:00:00
1782889200000,399.09,400.65,396.11,398.34,35581.728,1782892799999,14184991.98121,79308,18148.195,7236171.49784,2026-07-01 07:00:00
1782892800000,398.34,402.37,396.15,402.14,47816.317,1782896399999,19075557.60263,92795,25896.041,10328777.56284,2026-07-01 08:00:00
1782896400000,402.13,403.64,400.52,401.45,34357.114,1782899999999,13800887.63383,66039,16804.805,6751572.46244,2026-07-01 09:00:00
1782900000000,401.46,401.55,394.87,395.28,47203.033,1782903599999,18795687.82085,67618,21183.824,8435094.06828,2026-07-01 10:00:00
1782903600000,395.31,397.0,393.01,393.92,39421.641,1782907199999,15574640.40114,81741,20502.201,8102487.91913,2026-07-01 11:00:00
1782907200000,393.93,396.84,392.84,396.73,38402.187,1782910799999,15165980.512,94118,18915.8,7472634.29986,2026-07-01 12:00:00
1782910800000,396.73,410.0,396.61,409.08,103001.892,1782914399999,41597599.40936,179584,51263.715,20715130.16928,2026-07-01 13:00:00
1782914400000,409.16,416.14,406.88,413.36,135006.441,1782917999999,55625146.80162,195565,68198.024,28112312.58404,2026-07-01 14:00:00
1782918000000,413.36,418.44,412.62,414.93,79764.771,1782921599999,33118272.52265,141908,43283.778,17976223.28504,2026-07-01 15:00:00
1782921600000,414.94,416.65,411.44,412.56,48611.553,1782925199999,20139825.83942,93010,21339.221,8841438.58893,2026-07-01 16:00:00
1782925200000,412.57,416.74,410.64,412.94,42318.298,1782928799999,17508916.44084,91644,22678.848,9384481.45365,2026-07-01 17:00:00
1782928800000,412.95,414.65,408.52,410.94,35382.074,1782932399999,14553975.2992,80690,18900.412,7778397.69123,2026-07-01 18:00:00
1782932400000,410.94,412.96,410.0,410.79,20452.129,1782935999999,8415602.17285,60166,10385.724,4274284.59165,2026-07-01 19:00:00
1782936000000,410.8,411.92,409.58,411.12,16718.348,1782939599999,6864131.55506,48263,9471.397,3889078.76376,2026-07-01 20:00:00
1782939600000,411.11,418.14,410.51,417.19,46310.277,1782943199999,19242262.83542,76146,24437.127,10155248.37723,2026-07-01 21:00:00
1782943200000,417.18,424.64,415.62,421.3,75827.808,1782946799999,31946165.67763,151832,42585.978,17939907.61792,2026-07-01 22:00:00
1782946800000,421.31,421.5,414.62,417.0,48066.123,1782950399999,20079631.34753,102263,24982.377,10439271.62279,2026-07-01 23:00:00
1782950400000,417.0,417.35,410.57,411.7,40805.532,1782953999999,16854192.0489,93702,20767.919,8577995.36026,2026-07-02 00:00:00
1782954000000,411.72,416.47,411.35,414.56,27117.609,1782957599999,11225466.3381,73299,15736.29,6513227.5297,2026-07-02 01:00:00
1782957600000,414.56,421.81,413.66,421.31,41554.87,1782961199999,17389846.75669,85537,21136.048,8847485.16271,2026-07-02 02:00:00
1782961200000,421.32,428.0,417.78,425.93,63209.371,1782964799999,26710798.40539,109442,36657.941,15500194.26026,2026-07-02 03:00:00
1782964800000,425.92,426.49,420.06,420.98,44155.056,1782968399999,18677086.17644,82193,17762.037,7509863.24765,2026-07-02 04:00:00
1782968400000,420.98,424.69,418.8,420.27,35840.667,1782971999999,15095867.4852,76136,19215.875,8094956.72384,2026-07-02 05:00:00
1782972000000,420.27,425.24,419.56,420.63,42624.145,1782975599999,17988068.72492,88240,24118.226,10176983.8194,2026-07-02 06:00:00
1782975600000,420.62,424.35,418.2,423.09,40446.494,1782979199999,17022917.72657,82003,23564.655,9917295.16077,2026-07-02 07:00:00
1782979200000,423.08,424.22,421.0,423.09,29500.833,1782982799999,12469030.68293,66646,15054.466,6363724.95856,2026-07-02 08:00:00
1782982800000,423.09,425.1,418.02,424.4,70645.681,1782986399999,29819299.75219,107938,34680.083,14641694.85535,2026-07-02 09:00:00
1782986400000,424.39,429.72,423.0,429.59,75040.69,1782989999999,32002151.20448,109175,43796.039,18689723.26839,2026-07-02 10:00:00
1782990000000,429.58,457.0,428.6,449.59,290292.642,1782993599999,128219267.95997,334948,160938.276,71046729.9347,2026-07-02 11:00:00
1782993600000,449.59,450.78,444.81,448.54,101109.606,1782997199999,45245880.62187,181690,50219.54,22486460.30263,2026-07-02 12:00:00
1782997200000,448.54,453.35,445.18,446.92,86009.138,1783000799999,38584929.08241,168233,46635.086,20928346.15087,2026-07-02 13:00:00
1783000800000,446.92,449.16,436.16,437.77,126998.969,1783004399999,56081615.49331,189546,56853.091,25123621.58689,2026-07-02 14:00:00
1783004400000,437.77,440.15,434.68,437.68,68458.658,1783007999999,29932932.00618,124727,38628.345,16897133.66897,2026-07-02 15:00:00
1783008000000,437.69,439.25,433.1,438.46,50531.991,1783011599999,22072446.7169,106879,24662.654,10778017.94951,2026-07-02 16:00:00
1783011600000,438.47,442.2,436.43,440.45,41149.686,1783015199999,18089632.47167,89084,23934.588,10524936.88905,2026-07-02 17:00:00
1783015200000,440.45,443.57,440.34,441.45,28070.354,1783018799999,12409470.42845,67746,16673.792,7371518.63169,2026-07-02 18:00:00
1783018800000,441.45,441.71,430.74,432.8,51304.164,1783022399999,22319551.72214,102598,20794.048,9043026.55773,2026-07-02 19:00:00
1783022400000,432.82,434.68,431.03,433.06,23424.078,1783025999999,10143629.38109,56092,12475.816,5404184.13587,2026-07-02 20:00:00
1783026000000,433.07,433.88,428.38,433.0,22108.907,1783029599999,9546918.63327,45105,10589.292,4574901.66942,2026-07-02 21:00:00
1783029600000,432.99,433.3,430.5,431.92,17899.315,1783033199999,7732618.18874,45201,9049.353,3908356.55053,2026-07-02 22:00:00
1783033200000,431.91,435.44,430.98,434.35,27488.264,1783036799999,11923563.14237,50684,16314.408,7077855.11726,2026-07-02 23:00:00
1783036800000,434.35,434.66,431.11,432.68,20921.678,1783040399999,9051708.48567,61865,9999.526,4327017.87859,2026-07-03 00:00:00
1783040400000,432.67,437.31,432.01,435.81,31423.528,1783043999999,13661367.87959,66568,18609.46,8092792.59199,2026-07-03 01:00:00
1783044000000,435.81,436.15,428.05,431.08,48462.112,1783047599999,20915706.12819,78265,20421.17,8815287.35848,2026-07-03 02:00:00
1783047600000,431.08,431.7,426.01,427.2,51789.441,1783051199999,22141248.64945,81585,23957.143,10243614.85588,2026-07-03 03:00:00
1783051200000,427.2,428.7,425.08,427.42,31411.0,1783054799999,13407849.72793,59953,17530.614,7484596.83477,2026-07-03 04:00:00
1783054800000,427.42,436.74,427.15,434.87,70786.584,1783058399999,30621975.5826,83843,39580.222,17116842.10492,2026-07-03 05:00:00
1783058400000,434.88,441.3,434.5,435.73,66353.42,1783061999999,28987713.81714,89594,33485.972,14638343.07754,2026-07-03 06:00:00
1783062000000,435.73,441.0,435.31,439.46,45417.122,1783065599999,19911311.16129,71625,26240.618,11508594.29435,2026-07-03 07:00:00
1783065600000,439.47,453.23,439.28,446.7,134040.746,1783069199999,59875490.40803,168578,74489.326,33276493.30777,2026-07-03 08:00:00
1783069200000,446.7,448.89,443.68,447.36,54287.529,1783072799999,24218615.84602,102134,25159.007,11225317.26375,2026-07-03 09:00:00
1783072800000,447.35,462.72,446.33,460.52,140948.58,1783076399999,64276090.18897,179044,78480.018,35762408.29255,2026-07-03 10:00:00
1783076400000,460.51,466.0,455.88,463.94,94744.791,1783079999999,43696870.8194,168871,47237.001,21793715.68047,2026-07-03 11:00:00
1783080000000,463.94,468.86,452.66,456.78,118197.486,1783083599999,54300284.45704,162482,54673.194,25126764.24563,2026-07-03 12:00:00
1783083600000,456.78,466.0,456.78,463.4,91768.58,1783087199999,42441241.53943,135072,47731.08,22074944.41509,2026-07-03 13:00:00
1783087200000,463.4,463.86,456.83,461.95,83408.245,1783090799999,38350684.5429,132114,37818.967,17395025.55918,2026-07-03 14:00:00
1783090800000,461.96,468.46,459.49,459.74,106988.139,1783094399999,49625116.17884,151643,51881.521,24074362.3517,2026-07-03 15:00:00
1783094400000,459.74,461.58,454.05,456.77,68654.501,1783097999999,31448825.60367,109676,32655.988,14968879.97532,2026-07-03 16:00:00
1783098000000,456.77,459.61,454.16,455.12,42585.749,1783101599999,19471935.84071,77395,20787.364,9507996.40257,2026-07-03 17:00:00
1783101600000,455.12,462.99,453.74,461.41,62708.392,1783105199999,28752278.2292,86729,34758.306,15942030.434,2026-07-03 18:00:00
1783105200000,461.41,463.44,459.6,460.23,31750.593,1783108799999,14639190.8154,68153,16112.721,7431907.65387,2026-07-03 19:00:00
1783108800000,460.24,466.12,457.34,464.87,64440.952,1783112399999,29807354.03197,108552,34556.541,15992755.60396,2026-07-03 20:00:00
1783112400000,464.86,472.7,462.77,464.81,54604.09,1783115999999,25458435.14383,89118,27872.231,13010859.84331,2026-07-03 21:00:00
1783116000000,464.82,465.84,459.39,464.24,42296.968,1783119599999,19554138.94844,96456,21595.743,9986371.40023,2026-07-03 22:00:00
1783119600000,464.25,464.58,459.27,460.86,23769.505,1783123199999,10967118.41802,67192,10603.249,4892271.40265,2026-07-03 23:00:00
1783123200000,460.86,464.4,460.37,463.58,21665.45,1783126799999,10021678.38583,63743,12660.75,5856789.23019,2026-07-04 00:00:00
1783126800000,463.57,463.57,456.8,461.3,36483.491,1783130399999,16763308.99541,80070,16885.993,7760549.50618,2026-07-04 01:00:00
1783130400000,461.3,462.1,457.25,459.12,19858.707,1783133999999,9128922.90374,57464,9354.228,4299878.16617,2026-07-04 02:00:00
1783134000000,459.12,462.27,458.22,461.0,16493.984,1783137599999,7595729.36081,53478,9297.916,4282817.82957,2026-07-04 03:00:00
1783137600000,461.01,465.68,458.66,462.24,39669.468,1783141199999,18350371.71517,77760,22157.92,10254328.74494,2026-07-04 04:00:00
1783141200000,462.23,464.5,459.0,461.81,37220.747,1783144799999,17179375.21678,75410,17560.432,8107201.52696,2026-07-04 05:00:00
1783144800000,461.81,465.0,459.6,460.58,24688.421,1783148399999,11396802.78808,65409,12925.461,5965818.75103,2026-07-04 06:00:00
1783148400000,460.57,463.4,459.96,462.07,20230.112,1783151999999,9340631.84874,57778,9827.919,4538101.13851,2026-07-04 07:00:00
1783152000000,462.06,462.89,460.28,461.26,19154.166,1783155599999,8835363.41058,51792,9986.122,4606935.00874,2026-07-04 08:00:00
1783155600000,461.27,461.46,455.44,457.88,55044.417,1783159199999,25208562.68562,88079,24294.452,11129061.32212,2026-07-04 09:00:00
1783159200000,457.88,462.68,456.5,461.75,31886.623,1783162799999,14656769.61582,65790,17058.695,7841762.64901,2026-07-04 10:00:00
1783162800000,461.74,463.69,459.7,461.65,27742.009,1783166399999,12810439.08362,64660,12133.625,5602484.58866,2026-07-04 11:00:00
1783166400000,461.65,465.83,461.64,462.48,31052.285,1783169999999,14384204.44998,65860,18018.866,8348352.2163,2026-07-04 12:00:00
1783170000000,462.47,467.8,461.55,462.4,39381.843,1783173599999,18277833.67676,75528,21270.318,9877303.07037,2026-07-04 13:00:00
1783173600000,462.39,466.45,462.12,466.04,26583.388,1783177199999,12349456.9319,63603,14007.285,6508578.46125,2026-07-04 14:00:00
1783177200000,466.05,476.74,464.4,465.3,101438.23,1783180799999,47575903.55389,142858,52626.891,24710157.84764,2026-07-04 15:00:00
1783180800000,465.31,466.09,462.72,464.26,39266.479,1783184399999,18235579.36909,79281,18200.058,8454351.05023,2026-07-04 16:00:00
1783184400000,464.25,469.87,461.48,469.04,42490.107,1783187999999,19806847.74264,86031,23193.354,10816061.34121,2026-07-04 17:00:00
1783188000000,469.05,471.33,465.72,469.94,30843.542,1783191599999,14453767.30757,63849,13895.266,6513754.86707,2026-07-04 18:00:00
1783191600000,469.95,474.87,467.66,467.91,36014.217,1783195199999,16970691.03536,79126,17900.12,8437102.51444,2026-07-04 19:00:00
1783195200000,467.91,469.74,465.31,467.07,24846.349,1783198799999,11617874.77738,57666,12718.167,5947518.95991,2026-07-04 20:00:00
1783198800000,467.07,473.13,466.81,469.45,20334.135,1783202399999,9570130.73037,45480,9338.001,4392581.43412,2026-07-04 21:00:00
1783202400000,469.44,471.08,465.5,466.53,17243.812,1783205999999,8060308.84823,51394,9215.866,4307814.24454,2026-07-04 22:00:00
1783206000000,466.54,467.03,462.22,463.18,27439.777,1783209599999,12741905.37215,65459,12072.221,5606581.69008,2026-07-04 23:00:00
1783209600000,463.19,463.36,457.98,459.2,38060.575,1783213199999,17534659.0583,79913,15917.031,7338240.97526,2026-07-05 00:00:00
1783213200000,459.2,460.49,456.65,458.19,29831.305,1783216799999,13681686.28781,74097,13283.001,6094162.85728,2026-07-05 01:00:00
1783216800000,458.19,458.2,453.0,454.34,50326.572,1783220399999,22898575.21979,93760,21057.388,9582597.86429,2026-07-05 02:00:00
1783220400000,454.33,455.68,451.22,453.23,36683.509,1783223999999,16634606.84805,66547,20131.712,9130240.07024,2026-07-05 03:00:00
1783224000000,453.23,457.78,452.51,456.07,32077.512,1783227599999,14617344.54312,57999,18680.554,8513230.32772,2026-07-05 04:00:00
1783227600000,456.06,456.55,453.25,455.76,21522.86,1783231199999,9789303.50799,48468,10950.679,4982504.82022,2026-07-05 05:00:00
1783231200000,455.76,457.29,454.31,456.94,16209.084,1783234799999,7388829.12567,42911,8489.055,3871127.18076,2026-07-05 06:00:00
1783234800000,456.94,459.18,455.0,458.94,24168.673,1783238399999,11052529.59928,52466,14627.095,6691145.61376,2026-07-05 07:00:00
1783238400000,458.94,460.04,457.3,458.06,27747.228,1783241999999,12722619.64678,48613,14450.128,6627577.44567,2026-07-05 08:00:00
1783242000000,458.06,458.38,451.39,452.92,46909.593,1783245599999,21297982.64296,74377,18919.674,8591344.88217,2026-07-05 09:00:00
1783245600000,452.91,456.46,451.89,455.89,24758.71,1783249199999,11257030.60688,51968,15123.844,6876913.16641,2026-07-05 10:00:00
1783249200000,455.89,457.74,454.22,456.83,22402.828,1783252799999,10217539.62643,52160,11599.577,5291632.68011,2026-07-05 11:00:00
1783252800000,456.83,464.89,455.29,462.19,57560.013,1783256399999,26527719.34118,94365,30313.344,13970871.63739,2026-07-05 12:00:00
1783256400000,462.19,464.78,460.7,463.96,31946.756,1783259999999,14786252.51359,71762,16677.097,7719556.67632,2026-07-05 13:00:00
1783260000000,463.96,464.85,460.12,464.64,34541.678,1783263599999,15973823.42969,72220,18187.495,8413389.23283,2026-07-05 14:00:00
1783263600000,464.64,466.77,461.4,462.88,46675.772,1783267199999,21653686.77324,84856,24884.62,11545511.64452,2026-07-05 15:00:00
1783267200000,462.87,463.52,460.63,462.77,18644.868,1783270799999,8614639.35172,51337,10261.154,4741221.25887,2026-07-05 16:00:00
1783270800000,462.76,463.89,460.92,461.73,21948.769,1783274399999,10149174.24708,46658,11419.093,5282461.6299,2026-07-05 17:00:00
1783274400000,461.74,462.25,458.45,458.68,21463.251,1783277999999,9884224.29699,51374,10172.382,4686583.44335,2026-07-05 18:00:00
1783278000000,458.67,462.69,457.23,461.85,22015.409,1783281599999,10129662.96226,53999,12029.121,5535206.0317,2026-07-05 19:00:00
1783281600000,461.84,463.95,461.45,463.34,12588.749,1783285199999,5826264.50921,42983,7392.032,3421822.8478,2026-07-05 20:00:00
1783285200000,463.34,464.66,462.0,462.71,21748.397,1783288799999,10075582.69954,51671,11821.724,5477995.8848,2026-07-05 21:00:00
1783288800000,462.72,466.72,462.01,463.4,43652.038,1783292399999,20270559.12126,91879,24190.324,11233115.15122,2026-07-05 22:00:00
1783292400000,463.39,466.56,461.04,462.2,32572.176,1783295999999,15105312.28255,75660,14851.658,6885499.68443,2026-07-05 23:00:00
1783296000000,462.2,465.2,458.79,465.17,35298.025,1783299599999,16316761.76686,83515,17025.118,7870937.24312,2026-07-06 00:00:00
1783299600000,465.17,465.66,459.09,459.33,26939.409,1783303199999,12467918.95178,67681,13385.085,6196795.04183,2026-07-06 01:00:00
1783303200000,459.37,460.56,455.58,457.55,35471.309,1783306799999,16232147.10902,80491,18618.806,8520904.19948,2026-07-06 02:00:00
1783306800000,457.54,458.46,453.8,456.53,32948.242,1783310399999,15028651.68185,75944,15221.143,6946172.29698,2026-07-06 03:00:00
1783310400000,456.52,456.76,452.5,455.0,30794.755,1783313999999,13997250.52059,72177,14798.38,6728167.14771,2026-07-06 04:00:00
1783314000000,454.99,456.97,452.76,455.21,21669.121,1783317599999,9856888.99551,61589,13143.757,5980949.92134,2026-07-06 05:00:00
1783317600000,455.2,456.92,454.0,456.4,21170.62,1783321199999,9647906.66133,53281,12228.32,5572825.28768,2026-07-06 06:00:00
1783321200000,456.4,457.44,455.2,455.97,20060.137,1783324799999,9155576.66361,51352,10233.846,4671606.59755,2026-07-06 07:00:00
1783324800000,455.97,457.2,445.56,447.71,77469.774,1783328399999,34885174.0332,111613,30669.301,13818054.17135,2026-07-06 08:00:00
1783328400000,447.71,448.76,442.0,444.88,63658.872,1783331999999,28341654.69318,97356,27939.736,12439981.95994,2026-07-06 09:00:00
1783332000000,444.88,447.64,443.93,446.06,41956.384,1783335599999,18706559.6749,76457,22345.269,9963452.36541,2026-07-06 10:00:00
1783335600000,446.06,447.7,442.56,442.72,29583.442,1783339199999,13182976.23461,61413,16130.736,7192612.78784,2026-07-06 11:00:00
1783339200000,442.72,446.98,437.44,444.61,95546.818,1783342799999,42315819.66411,154853,47409.962,21012590.62965,2026-07-06 12:00:00
1783342800000,444.61,447.18,440.76,444.58,64650.817,1783346399999,28667018.47383,117084,33411.102,14819795.81254,2026-07-06 13:00:00
1783346400000,444.57,451.55,444.08,446.32,66422.773,1783349999999,29755389.80197,115664,36419.47,16322507.44519,2026-07-06 14:00:00
1783350000000,446.32,453.75,445.75,452.1,71984.022,1783353599999,32367574.12474,113400,44372.013,19951567.56152,2026-07-06 15:00:00
1783353600000,452.1,454.62,448.72,450.41,70172.108,1783357199999,31716051.99053,117334,31985.763,14463097.53422,2026-07-06 16:00:00
1783357200000,450.41,450.79,446.19,446.92,37991.827,1783360799999,17036964.06784,79169,20383.678,9142946.93791,2026-07-06 17:00:00
1783360800000,446.92,449.88,446.51,449.18,14050.847,1783364399999,6299314.43665,49155,7541.647,3380547.99477,2026-07-06 18:00:00
1783364400000,449.18,451.41,448.74,450.35,15798.675,1783367999999,7113514.08587,44190,8334.162,3752687.82943,2026-07-06 19:00:00
1783368000000,450.34,455.85,448.13,452.35,30877.1,1783371599999,13968554.51296,53200,19441.867,8801567.43758,2026-07-06 20:00:00
1783371600000,452.35,459.99,451.79,456.59,51725.623,1783375199999,23636799.32964,79587,27445.201,12545036.95121,2026-07-06 21:00:00
1783375200000,456.59,457.08,453.01,454.32,21570.223,1783378799999,9813256.02321,51572,9503.99,4322957.17746,2026-07-06 22:00:00
1783378800000,454.32,457.89,451.63,452.79,27427.337,1783382399999,12481116.52237,62706,12185.862,5549164.0154,2026-07-06 23:00:00
1783382400000,452.79,456.0,451.67,455.68,18655.9,1783385999999,8466495.33199,59267,10995.744,4989914.06706,2026-07-07 00:00:00
1783386000000,455.68,456.85,451.8,453.97,26798.436,1783389599999,12188110.44964,68497,12168.554,5533787.1411,2026-07-07 01:00:00
1783389600000,453.98,454.75,446.13,447.43,39572.174,1783393199999,17807056.90082,74776,17596.278,7921878.36443,2026-07-07 02:00:00
1783393200000,447.43,448.99,446.22,448.77,21556.888,1783396799999,9654477.05805,58138,12637.45,5660944.36951,2026-07-07 03:00:00
1783396800000,448.76,449.5,443.89,447.12,29012.783,1783400399999,12956439.6401,58759,15276.939,6826556.7474,2026-07-07 04:00:00
1783400400000,447.12,449.1,443.82,447.4,25245.531,1783403999999,11276556.23166,60806,13487.028,6026204.95054,2026-07-07 05:00:00
1783404000000,447.39,452.5,446.24,451.38,34301.161,1783407599999,15433888.97914,67480,19938.609,8974280.23491,2026-07-07 06:00:00
1783407600000,451.37,456.92,451.19,454.83,46389.056,1783411199999,21061423.63434,75327,22970.991,10431963.17811,2026-07-07 07:00:00
1783411200000,454.84,455.99,450.53,451.32,26182.091,1783414799999,11852945.66476,53310,13089.352,5926233.98633,2026-07-07 08:00:00
1783414800000,451.31,457.66,450.39,457.04,31627.97,1783418399999,14388274.83624,58550,17406.791,7918118.77486,2026-07-07 09:00:00
1783418400000,457.05,458.74,453.4,454.34,33022.631,1783421999999,15056918.10293,58658,16149.988,7364206.73579,2026-07-07 10:00:00
1783422000000,454.35,459.0,451.94,458.79,40994.475,1783425599999,18672925.61309,62954,20686.224,9432155.14149,2026-07-07 11:00:00
1783425600000,458.79,464.5,457.8,459.85,105244.676,1783429199999,48493247.98725,118092,54188.701,24966218.59533,2026-07-07 12:00:00
1783429200000,459.86,461.18,454.24,458.26,59769.937,1783432799999,27373715.65024,103113,25644.17,11746886.08284,2026-07-07 13:00:00
1783432800000,458.28,471.99,456.74,470.06,103596.28,1783436399999,48029041.89616,182692,51956.739,24120295.20641,2026-07-07 14:00:00
1783436400000,470.06,496.5,466.58,494.35,236779.867,1783439999999,113980260.09064,327586,130583.503,62902636.31742,2026-07-07 15:00:00
1783440000000,494.34,511.99,494.01,505.7,239703.268,1783443599999,120892288.51857,393426,123328.69,62203789.74355,2026-07-07 16:00:00
1783443600000,505.69,509.99,500.86,504.92,80709.746,1783447199999,40782046.83036,176621,39210.464,19822761.36842,2026-07-07 17:00:00
1783447200000,504.91,504.92,493.0,495.32,83101.409,1783450799999,41515155.27109,163410,34738.151,17371484.95337,2026-07-07 18:00:00
1783450800000,495.31,500.83,487.21,495.95,128463.351,1783454399999,63399785.83351,203832,64521.225,31852011.89697,2026-07-07 19:00:00
1783454400000,495.95,497.32,485.08,489.24,101117.052,1783457999999,49468163.71218,159759,47111.436,23040337.30857,2026-07-07 20:00:00
1783458000000,489.24,490.95,482.14,484.94,42781.281,1783461599999,20763849.91923,92782,23781.414,11544382.23261,2026-07-07 21:00:00
1783461600000,484.93,486.93,476.51,485.28,87438.035,1783465199999,42088559.51696,160573,47357.817,22819142.9502,2026-07-07 22:00:00
1783465200000,485.28,489.78,482.34,483.48,35062.393,1783468799999,17046427.59573,77558,17120.558,8330346.75548,2026-07-07 23:00:00
1783468800000,483.49,490.67,481.88,487.27,41277.837,1783472399999,20066860.78421,89230,24093.313,11718146.75936,2026-07-08 00:00:00
1783472400000,487.28,487.79,476.1,477.96,48692.717,1783475999999,23406992.67365,107944,21125.272,10159002.2514,2026-07-08 01:00:00
1783476000000,477.96,484.99,475.56,482.11,58156.733,1783479599999,27917494.15991,129767,29537.361,14189352.75866,2026-07-08 02:00:00
1783479600000,482.11,487.57,479.2,479.74,47227.944,1783483199999,22836775.48772,99016,22564.131,10921217.15372,2026-07-08 03:00:00
1783483200000,479.73,482.84,478.41,482.64,29198.231,1783486799999,14033426.27874,69760,14487.695,6963771.72162,2026-07-08 04:00:00
1783486800000,482.64,485.35,480.57,481.93,36622.197,1783490399999,17689160.92352,70040,18852.868,9109485.12537,2026-07-08 05:00:00
1783490400000,481.93,483.19,472.0,476.62,65874.361,1783493999999,31397415.55067,102480,28054.513,13379803.25225,2026-07-08 06:00:00
1783494000000,476.62,478.9,473.54,476.03,40033.32,1783497599999,19064885.98751,79415,20006.437,9533690.01475,2026-07-08 07:00:00
1783497600000,476.03,478.61,466.26,471.27,118239.002,1783501199999,55717890.99848,186556,59159.5,27886358.35387,2026-07-08 08:00:00
1783501200000,471.27,472.83,462.52,463.79,91298.529,1783504799999,42496761.45814,145103,40199.549,18707934.35237,2026-07-08 09:00:00
1783504800000,463.79,467.66,460.98,466.82,63819.579,1783508399999,29632793.5886,104588,35220.422,16361295.14028,2026-07-08 10:00:00
1783508400000,466.81,468.58,463.16,466.14,42201.52,1783511999999,19661117.36566,85994,21318.871,9936306.33737,2026-07-08 11:00:00
1783512000000,466.13,466.9,461.7,461.85,33751.408,1783515599999,15675660.37097,72635,15659.623,7274536.305,2026-07-08 12:00:00
1783515600000,461.85,466.17,457.19,463.91,86169.359,1783519199999,39825548.90405,141970,38130.836,17627431.05633,2026-07-08 13:00:00
1783519200000,463.91,465.91,456.38,459.72,67667.842,1783522799999,31219566.74283,138103,33872.147,15637678.91343,2026-07-08 14:00:00
1783522800000,459.72,460.01,451.6,454.02,64245.447,1783526399999,29232081.72714,121642,28519.281,12977929.73255,2026-07-08 15:00:00
1783526400000,454.02,461.69,453.82,460.74,52616.275,1783529999999,24101751.00582,103247,29012.455,13292958.64053,2026-07-08 16:00:00
1783530000000,460.74,468.0,459.95,464.13,76624.292,1783533599999,35605540.24961,107374,39353.915,18290335.00036,2026-07-08 17:00:00
1783533600000,464.12,469.32,462.0,467.68,50711.097,1783537199999,23618727.46593,108011,25613.012,11929590.9031,2026-07-08 18:00:00
1783537200000,467.68,469.06,465.02,466.4,23385.54,1783540799999,10923526.70002,67729,11805.293,5515510.49713,2026-07-08 19:00:00
1783540800000,466.42,467.2,462.62,463.73,23395.944,1783544399999,10872523.8429,59894,10809.007,5024743.22414,2026-07-08 20:00:00
1783544400000,463.73,465.27,458.86,464.4,28360.514,1783547999999,13096461.9289,51692,12152.923,5617432.5415,2026-07-08 21:00:00
1783548000000,464.4,465.54,461.65,464.03,15698.993,1783551599999,7281713.51818,46848,8241.616,3824311.68396,2026-07-08 22:00:00
1783551600000,464.04,466.68,463.22,465.72,16855.656,1783555199999,7838360.77447,44466,8066.244,3751322.26085,2026-07-08 23:00:00
1783555200000,465.72,466.65,462.42,463.81,19929.447,1783558799999,9257131.8588,63012,9587.461,4452980.04917,2026-07-09 00:00:00
1783558800000,463.81,469.8,458.51,458.89,49703.077,1783562399999,23106862.66627,105439,24783.721,11530704.38758,2026-07-09 01:00:00
1783562400000,458.88,462.71,455.8,457.17,35099.347,1783565999999,16121509.81921,83070,17379.667,7988365.19765,2026-07-09 02:00:00
1783566000000,457.18,459.02,455.03,457.55,30339.955,1783569599999,13872898.94646,73536,15475.251,7077409.83697,2026-07-09 03:00:00
1783569600000,457.55,462.0,456.99,461.58,28073.537,1783573199999,12904116.54095,61938,16227.326,7459543.56859,2026-07-09 04:00:00
1783573200000,461.58,464.9,456.37,464.66,46629.817,1783576799999,21502285.43151,81838,25945.344,11971612.69741,2026-07-09 05:00:00
1783576800000,464.66,468.68,463.65,466.3,47552.456,1783580399999,22168956.28135,83270,25886.839,12069740.69575,2026-07-09 06:00:00
1783580400000,466.29,473.54,465.87,467.61,72916.442,1783583999999,34223880.34122,116725,38544.992,18096228.97863,2026-07-09 07:00:00
1783584000000,467.61,470.79,466.32,466.92,46581.05,1783587599999,21809663.05916,75902,24105.626,11288146.13649,2026-07-09 08:00:00
1783587600000,466.93,468.33,464.27,466.48,31342.055,1783591199999,14620309.30125,55186,14478.06,6754522.74472,2026-07-09 09:00:00
1783591200000,466.48,470.83,465.57,466.71,32471.802,1783594799999,15200588.07012,61285,15883.541,7438443.23034,2026-07-09 10:00:00
1783594800000,466.73,468.28,464.7,467.49,26134.026,1783598399999,12188015.13726,55830,11898.474,5549316.25712,2026-07-09 11:00:00
1783598400000,467.5,468.12,462.6,463.97,47503.609,1783601999999,22116914.93186,84372,22603.179,10527764.02408,2026-07-09 12:00:00
1783602000000,463.96,472.22,463.82,468.13,51659.814,1783605599999,24211995.21484,98558,25784.216,12083963.33388,2026-07-09 13:00:00
1783605600000,468.14,468.56,461.01,466.22,60555.157,1783609199999,28126617.67491,112208,28477.932,13232271.84196,2026-07-09 14:00:00
1783609200000,466.22,469.62,464.13,465.91,33762.447,1783612799999,15785358.30427,81993,16009.716,7487925.40159,2026-07-09 15:00:00
1783612800000,465.91,468.19,463.91,467.88,25421.358,1783616399999,11848318.96999,66399,12583.225,5866405.33211,2026-07-09 16:00:00
1783616400000,467.88,475.71,467.88,474.9,58407.182,1783619999999,27538918.65842,103197,31852.056,15021744.96538,2026-07-09 17:00:00
1783620000000,474.9,496.49,472.73,495.68,194971.66,1783623599999,94843861.32464,282003,113254.027,55048323.77188,2026-07-09 18:00:00
1783623600000,495.69,496.33,484.26,485.15,82374.133,1783627199999,40306982.31771,158051,36430.492,17828426.5248,2026-07-09 19:00:00
1783627200000,485.16,490.0,482.92,486.78,44617.473,1783630799999,21720053.27544,88027,22574.501,10992811.27471,2026-07-09 20:00:00
1783630800000,486.78,490.0,483.84,488.79,29484.563,1783634399999,14362630.07445,69902,16375.97,7975203.70043,2026-07-09 21:00:00
1783634400000,488.8,489.55,481.11,481.52,32187.103,1783637999999,15613395.2727,86094,13137.518,6377676.08847,2026-07-09 22:00:00
1783638000000,481.52,482.75,478.08,481.3,28945.505,1783641599999,13912221.85251,66698,12950.184,6226625.67018,2026-07-09 23:00:00
1783641600000,481.3,483.65,477.04,480.43,34633.409,1783645199999,16629845.92349,87222,16902.305,8117049.83428,2026-07-10 00:00:00
1783645200000,480.43,492.2,478.74,484.72,74430.786,1783648799999,36175821.96853,135720,40781.828,19825305.23755,2026-07-10 01:00:00
1783648800000,484.72,493.96,484.03,491.9,52893.982,1783652399999,25904358.99169,123766,29550.83,14474243.37812,2026-07-10 02:00:00
1783652400000,491.91,494.46,489.26,491.27,34773.478,1783655999999,17093207.3086,77462,16612.937,8166867.09221,2026-07-10 03:00:00
1783656000000,491.26,492.37,488.54,491.77,29495.51,1783659599999,14463198.4293,69260,14900.888,7308518.6933,2026-07-10 04:00:00
1783659600000,491.76,499.27,489.58,497.47,53214.141,1783663199999,26312658.29025,92899,28051.997,13881693.46297,2026-07-10 05:00:00
1783663200000,497.47,505.97,495.69,499.83,128158.292,1783666799999,64228568.89614,205944,68950.956,34561341.2897,2026-07-10 06:00:00
1783666800000,499.84,504.9,498.86,500.23,51167.814,1783670399999,25657546.4853,101330,28561.155,14321346.17167,2026-07-10 07:00:00
1783670400000,500.24,504.0,498.22,500.71,43396.6,1783673999999,21745854.33578,92749,20982.078,10515621.49825,2026-07-10 08:00:00
1783674000000,500.7,509.6,498.25,502.11,76397.049,1783677599999,38514400.4678,132830,40055.034,20202165.07662,2026-07-10 09:00:00
1783677600000,502.13,504.94,499.61,500.51,37635.137,1783681199999,18892606.85034,78871,18187.765,9132919.94555,2026-07-10 10:00:00
1783681200000,500.51,502.44,498.24,500.21,45961.982,1783684799999,22984704.62928,87378,22704.312,11355901.26647,2026-07-10 11:00:00
1783684800000,500.21,505.84,498.45,501.2,51608.032,1783688399999,25944663.99345,96278,28203.286,14181498.23385,2026-07-10 12:00:00
1783688400000,501.2,516.32,501.13,506.81,113483.248,1783691999999,57797080.6943,173387,61999.847,31578976.33198,2026-07-10 13:00:00
1783692000000,506.81,508.72,500.91,504.08,90331.816,1783695599999,45568821.59466,173862,45328.526,22871553.87788,2026-07-10 14:00:00
1783695600000,504.07,508.48,494.53,500.65,78944.105,1783699199999,39570011.85929,155013,37106.709,18597208.93798,2026-07-10 15:00:00
1783699200000,500.64,506.54,499.42,505.13,58631.619,1783702799999,29542943.92332,122364,29490.548,14861233.60052,2026-07-10 16:00:00
1783702800000,505.12,505.22,498.35,500.28,39288.103,1783706399999,19698935.90889,81048,19493.631,9769729.69159,2026-07-10 17:00:00
1783706400000,500.29,503.42,498.42,500.45,35269.256,1783709999999,17667926.54587,84336,20093.186,10069117.50227,2026-07-10 18:00:00
1783710000000,500.44,506.18,498.89,505.22,35794.088,1783713599999,18040273.30217,82895,18543.04,9346598.62374,2026-07-10 19:00:00
1783713600000,505.22,505.83,502.6,503.96,19646.153,1783717199999,9907564.09045,52502,9617.205,4850071.89945,2026-07-10 20:00:00
1783717200000,503.96,505.51,496.0,498.76,28556.886,1783720799999,14308575.61567,54459,12782.057,6404816.19374,2026-07-10 21:00:00
1783720800000,498.76,501.53,498.55,500.19,12899.005,1783724399999,6446499.90661,38574,7521.834,3759295.96808,2026-07-10 22:00:00
1783724400000,500.18,500.69,497.89,498.84,13933.77,1783727999999,6955599.5752,45667,7420.904,3704837.30638,2026-07-10 23:00:00
1783728000000,498.84,499.8,494.24,498.87,35219.16,1783731599999,17507330.53976,71976,17131.247,8518085.18646,2026-07-11 00:00:00
1783731600000,498.87,503.59,497.38,502.56,32622.277,1783735199999,16336643.13366,74361,17477.597,8754252.44539,2026-07-11 01:00:00
1783735200000,502.56,509.56,501.37,507.19,43361.176,1783738799999,21913428.10847,86808,24478.595,12377646.65385,2026-07-11 02:00:00
1783738800000,507.18,507.26,501.2,502.27,27870.543,1783742399999,14031714.31837,64458,11554.037,5813710.68797,2026-07-11 03:00:00
1783742400000,502.26,503.24,500.25,500.66,16801.344,1783745999999,8429133.00866,47709,7624.049,3825804.3813,2026-07-11 04:00:00
1783746000000,500.67,503.22,500.15,501.57,15988.711,1783749599999,8020977.5082,40744,8966.516,4498552.13167,2026-07-11 05:00:00
1783749600000,501.58,502.9,498.37,499.05,19638.761,1783753199999,9828554.54804,43444,8499.499,4254665.43307,2026-07-11 06:00:00
1783753200000,499.05,500.57,498.41,498.88,16473.317,1783756799999,8224829.67555,38154,8559.017,4274111.58736,2026-07-11 07:00:00
1783756800000,498.87,501.77,498.56,501.04,15964.366,1783760399999,7985245.3936,36061,8921.022,4461662.83991,2026-07-11 08:00:00
1783760400000,501.03,502.77,498.41,498.91,19942.497,1783763999999,9990877.03443,43881,10510.378,5267179.14363,2026-07-11 09:00:00
1783764000000,498.92,504.44,495.02,503.95,51671.479,1783767599999,25840951.11416,80256,24688.841,12351389.42461,2026-07-11 10:00:00
1783767600000,503.94,507.68,502.71,505.75,28201.787,1783771199999,14232391.55819,49950,16305.928,8231286.24309,2026-07-11 11:00:00
1783771200000,505.75,505.75,502.02,503.98,15259.037,1783774799999,7688310.34647,37012,6394.385,3221975.03001,2026-07-11 12:00:00
1783774800000,503.98,504.46,501.56,501.92,19671.108,1783778399999,9888610.16295,41677,9762.401,4907753.74501,2026-07-11 13:00:00
1783778400000,501.92,508.77,501.92,505.1,36369.124,1783781999999,18376986.68704,74860,20572.145,10395991.59992,2026-07-11 14:00:00
1783782000000,505.1,511.41,502.17,504.3,65573.724,1783785599999,33195130.87018,108809,32858.337,16642763.81836,2026-07-11 15:00:00
1783785600000,504.31,505.07,500.74,504.96,29593.047,1783789199999,14891931.68958,63861,14982.545,7541983.6688,2026-07-11 16:00:00
1783789200000,504.96,509.4,504.35,506.51,30088.39,1783792799999,15259251.03676,62841,14794.165,7503550.82189,2026-07-11 17:00:00
1783792800000,506.52,522.0,506.31,517.37,93026.756,1783796399999,47806926.68255,141428,58417.867,30039578.11558,2026-07-11 18:00:00
1783796400000,517.37,520.67,513.01,515.19,57145.485,1783799999999,29489347.65895,111649,27267.501,14071050.99478,2026-07-11 19:00:00
1783800000000,515.18,525.25,513.12,521.16,56988.329,1783803599999,29620418.01864,117850,30966.65,16097286.85635,2026-07-11 20:00:00
1783803600000,521.17,535.0,521.17,525.39,103762.022,1783807199999,54847630.89891,178524,54324.282,28718370.8212,2026-07-11 21:00:00
1783807200000,525.39,528.7,519.01,519.91,51069.976,1783810799999,26693924.30839,118683,21574.074,11276548.06571,2026-07-11 22:00:00
1783810800000,519.91,521.56,507.08,508.56,87386.946,1783814399999,44858212.13367,145935,41959.304,21537639.8219,2026-07-11 23:00:00
1783814400000,508.55,510.75,504.51,506.06,68079.71,1783817999999,34556454.7252,134351,36248.637,18407606.02658,2026-07-12 00:00:00
1783818000000,506.05,513.63,502.98,511.93,67839.075,1783821599999,34499061.65773,121994,38132.783,19402391.03971,2026-07-12 01:00:00
1783821600000,511.93,516.23,508.65,513.71,40166.546,1783825199999,20580750.27576,85357,21446.513,10989900.89696,2026-07-12 02:00:00
1783825200000,513.69,515.91,512.04,514.77,28174.959,1783828799999,14474180.90531,61611,12637.064,6493708.65384,2026-07-12 03:00:00
1783828800000,514.77,517.88,514.05,515.37,37333.148,1783832399999,19255531.87713,80684,16972.218,8756780.12083,2026-07-12 04:00:00
1783832400000,515.36,516.57,513.29,515.38,22186.648,1783835999999,11423798.51721,50671,11091.722,5713069.00376,2026-07-12 05:00:00
1783836000000,515.38,515.73,508.01,512.8,53524.145,1783839599999,27425443.97667,93910,25741.662,13200387.83431,2026-07-12 06:00:00
1783839600000,512.8,521.5,512.22,517.56,50221.718,1783843199999,26029114.52476,99372,27246.442,14120857.61351,2026-07-12 07:00:00
1783843200000,517.55,527.98,517.55,525.02,62452.244,1783846799999,32693549.31774,117264,35008.0,18327151.36485,2026-07-12 08:00:00
1783846800000,525.03,526.48,518.59,524.36,61166.592,1783850399999,31994943.5984,103306,28484.237,14904990.48622,2026-07-12 09:00:00
1783850400000,524.37,525.48,519.85,520.51,31983.058,1783853999999,16726618.3752,70639,12536.263,6558364.87743,2026-07-12 10:00:00
1783854000000,520.51,523.87,519.38,521.93,23538.607,1783857599999,12278173.03889,59671,13458.307,7020981.86369,2026-07-12 11:00:00
1783857600000,521.93,525.15,519.88,523.35,30147.62,1783861199999,15764325.39774,73710,17260.42,9026328.68525,2026-07-12 12:00:00
1783861200000,523.35,532.86,522.65,525.93,93631.351,1783864799999,49473452.93891,157495,49802.536,26324255.64052,2026-07-12 13:00:00
1783864800000,525.94,537.0,525.72,533.61,76868.55,1783868399999,40840237.05084,127651,45736.041,24313380.98348,2026-07-12 14:00:00
1783868400000,533.61,534.59,529.28,531.15,40970.537,1783871999999,21787760.62635,92461,19608.188,10426980.7581,2026-07-12 15:00:00
1783872000000,531.15,549.65,530.79,542.16,180240.037,1783875599999,97820710.79331,334025,100946.086,54767894.4291,2026-07-12 16:00:00
1783875600000,542.16,548.99,541.63,544.89,49958.001,1783879199999,27229621.0808,129413,25977.141,14161734.86432,2026-07-12 17:00:00
1783879200000,544.89,545.13,538.23,543.39,52358.957,1783882799999,28408612.69025,107522,25991.501,14104666.66156,2026-07-12 18:00:00
1783882800000,543.39,543.9,536.44,538.71,36770.157,1783886399999,19850859.89607,79476,16493.951,8905463.31672,2026-07-12 19:00:00
1783886400000,538.72,540.73,534.61,540.39,39162.043,1783889999999,21054778.85869,81556,20946.664,11266106.55483,2026-07-12 20:00:00
1783890000000,540.39,542.23,535.06,538.68,32964.226,1783893599999,17755251.70909,76607,18625.446,10031728.29318,2026-07-12 21:00:00
1783893600000,538.68,538.69,532.58,535.54,46259.196,1783897199999,24746469.69738,100013,21079.766,11277771.98635,2026-07-12 22:00:00
1783897200000,535.55,535.55,531.58,533.15,23160.606,1783900799999,12357096.00813,61890,12320.185,6574932.06086,2026-07-12 23:00:00
1783900800000,533.15,541.58,527.04,534.38,89317.471,1783904399999,47793817.6823,185015,43835.716,23479735.48765,2026-07-13 00:00:00
1783904400000,534.39,535.29,525.01,526.96,60867.959,1783907999999,32266559.85132,146915,28802.132,15273420.8342,2026-07-13 01:00:00
1783908000000,526.97,531.19,522.51,524.27,61303.658,1783911599999,32314227.31083,118161,30348.369,16004331.14278,2026-07-13 02:00:00
1783911600000,524.27,524.82,516.4,520.29,115739.474,1783915199999,60268602.62989,183817,50245.261,26177978.74416,2026-07-13 03:00:00
1783915200000,520.29,520.32,516.43,517.58,38666.264,1783918799999,20050934.14193,88302,18697.731,9698118.34309,2026-07-13 04:00:00
1783918800000,517.59,519.0,511.53,513.76,75957.987,1783922399999,39120828.55,128004,35959.114,18521989.44834,2026-07-13 05:00:00
1783922400000,513.77,518.41,513.63,517.77,44590.315,1783925999999,23025574.63352,98634,26841.826,13859636.21335,2026-07-13 06:00:00
1783926000000,517.77,523.43,516.04,521.76,55810.929,1783929599999,29048687.6904,116331,33967.716,17679556.37778,2026-07-13 07:00:00
1783929600000,521.76,522.82,519.81,522.03,26724.36,1783933199999,13938342.38009,82254,14650.138,7641505.06968,2026-07-13 08:00:00
1783933200000,522.03,522.19,514.2,515.21,42939.799,1783936799999,22196442.85142,84182,18410.095,9515580.59266,2026-07-13 09:00:00
1783936800000,515.21,515.64,510.11,513.77,53679.929,1783940399999,27544512.89951,85822,22578.888,11592148.25945,2026-07-13 10:00:00
1783940400000,513.77,516.82,510.39,511.6,49795.714,1783943999999,25604114.92584,75951,22517.236,11586230.05416,2026-07-13 11:00:00
1783944000000,511.61,512.85,509.05,512.45,40017.01,1783947599999,20457288.25152,79918,18716.677,9569338.91548,2026-07-13 12:00:00
1783947600000,512.44,512.8,502.64,505.28,86181.584,1783951199999,43640185.62905,131598,36695.344,18585657.93512,2026-07-13 13:00:00
1783951200000,505.28,516.74,501.53,515.46,120399.631,1783954799999,61455616.00176,179553,69762.012,35653263.93005,2026-07-13 14:00:00
1783954800000,515.47,516.36,507.63,508.9,49602.604,1783958399999,25376996.66836,93964,22563.403,11547504.29821,2026-07-13 15:00:00
1783958400000,508.91,513.93,504.99,509.29,71877.795,1783961999999,36568979.66873,119548,35857.799,18253557.75808,2026-07-13 16:00:00
1783962000000,509.29,511.87,507.6,509.54,36541.307,1783965599999,18638427.21316,86172,18349.317,9362252.80567,2026-07-13 17:00:00
1783965600000,509.53,514.13,508.74,510.61,38661.68,1783969199999,19796058.53408,90436,22739.979,11646816.56301,2026-07-13 18:00:00
1783969200000,510.61,510.83,502.7,503.56,59692.833,1783972799999,30209819.41534,97283,27381.513,13861713.77191,2026-07-13 19:00:00
1783972800000,503.56,504.95,491.37,495.03,83284.813,1783976399999,41430382.40718,124056,34566.519,17193245.12238,2026-07-13 20:00:00
1783976400000,495.03,497.98,491.54,491.89,40153.634,1783979999999,19867589.53118,75777,19914.702,9853102.45991,2026-07-13 21:00:00
1783980000000,491.89,494.04,490.2,492.81,41554.524,1783983599999,20460057.87781,81676,22245.305,10954082.8433,2026-07-13 22:00:00
1783983600000,492.81,496.76,491.02,495.4,30235.917,1783987199999,14924804.65387,73486,16707.844,8249504.21752,2026-07-13 23:00:00
1783987200000,495.41,502.74,495.41,500.62,57051.552,1783990799999,28472052.8431,117576,35834.779,17885259.63836,2026-07-14 00:00:00
1783990800000,500.62,506.32,498.78,500.91,46655.194,1783994399999,23411468.09521,100460,25931.949,13013511.77317,2026-07-14 01:00:00
1783994400000,500.92,501.58,496.2,498.25,28926.269,1783997999999,14425507.65093,72134,13502.122,6735291.00452,2026-07-14 02:00:00
1783998000000,498.26,504.54,496.98,502.43,31788.281,1784001599999,15939659.36315,71405,17238.432,8644191.10888,2026-07-14 03:00:00
1784001600000,502.42,506.88,502.42,504.9,34995.177,1784005199999,17679391.47417,91760,19709.971,9957492.84715,2026-07-14 04:00:00
1784005200000,504.91,510.98,504.88,508.3,44481.596,1784008799999,22600070.97065,105319,26393.47,13411814.26005,2026-07-14 05:00:00
1784008800000,508.3,509.21,505.45,506.14,20452.28,1784012399999,10374399.23245,65897,9380.669,4759658.16826,2026-07-14 06:00:00
1784012400000,506.14,507.97,504.25,505.35,22239.748,1784015999999,11253425.03195,58219,10295.793,5210593.97627,2026-07-14 07:00:00
1784016000000,505.36,508.66,504.83,505.65,25860.496,1784019599999,13101050.71974,55623,13640.036,6912892.98974,2026-07-14 08:00:00
1784019600000,505.65,506.38,501.49,504.49,36230.771,1784023199999,18249041.86761,60140,15625.481,7871476.88082,2026-07-14 09:00:00
1784023200000,504.48,509.59,504.23,509.28,30813.38,1784026799999,15632069.92735,67610,16284.779,8261562.36312,2026-07-14 10:00:00
1784026800000,509.29,510.9,507.87,509.01,33195.179,1784030399999,16913506.35325,70555,18375.172,9364228.3966,2026-07-14 11:00:00
1784030400000,509.01,523.32,503.15,522.4,158084.308,1784033999999,81586942.41217,219545,85399.417,44104317.23816,2026-07-14 12:00:00
1784034000000,522.41,536.42,518.62,524.85,177375.674,1784037599999,93308619.35685,244836,86717.813,45663721.11224,2026-07-14 13:00:00
1784037600000,524.86,534.7,522.06,531.76,95951.26,1784041199999,50828305.73289,183055,46324.53,24548978.3854,2026-07-14 14:00:00
1784041200000,531.72,541.44,530.17,539.39,110139.42,1784044799999,59091970.63521,187445,55634.017,29854315.12587,2026-07-14 15:00:00
1784044800000,539.39,557.0,535.65,549.72,152290.705,1784048399999,83208137.34224,246192,82627.018,45148703.25513,2026-07-14 16:00:00
1784048400000,549.72,551.61,542.38,546.06,102622.481,1784051999999,56133205.96373,182191,46941.415,25683536.02706,2026-07-14 17:00:00
1784052000000,546.07,546.13,540.42,542.5,60225.762,1784055599999,32690080.84041,107955,28911.546,15694567.93447,2026-07-14 18:00:00
1784055600000,542.5,544.41,537.06,538.99,47340.249,1784059199999,25562208.30411,95934,21194.042,11444683.91858,2026-07-14 19:00:00
1784059200000,538.99,540.15,535.51,537.44,43322.403,1784062799999,23281630.10094,81195,20783.614,11170330.58948,2026-07-14 20:00:00
1784062800000,537.45,544.56,536.41,543.56,41914.33,1784066399999,22669546.36534,79399,25322.904,13695974.50438,2026-07-14 21:00:00
1784066400000,543.57,564.0,542.0,556.38,114115.776,1784069999999,63398230.43985,202950,66048.14,36681243.08983,2026-07-14 22:00:00
1784070000000,556.4,570.0,551.34,563.89,102188.286,1784073599999,57362174.99694,193347,56267.486,31600512.02414,2026-07-14 23:00:00
1784073600000,563.9,564.99,554.65,554.82,52603.485,1784077199999,29435685.63611,151979,25819.572,14452645.06068,2026-07-15 00:00:00
1784077200000,554.83,557.35,551.73,555.56,35159.923,1784080799999,19507073.289,98927,17262.772,9582255.94436,2026-07-15 01:00:00
1784080800000,555.56,556.49,551.59,555.3,32875.443,1784084399999,18206193.17226,94180,16105.085,8921837.2281,2026-07-15 02:00:00
1784084400000,555.3,559.27,554.49,557.04,33253.448,1784087999999,18515002.54794,73949,19792.441,11019462.27735,2026-07-15 03:00:00
1784088000000,557.05,558.13,552.03,552.9,29800.243,1784091599999,16530218.14212,70808,13392.018,7431678.09124,2026-07-15 04:00:00
1784091600000,552.93,556.84,551.18,555.92,27703.303,1784095199999,15337957.1785,71907,14122.384,7821847.80586,2026-07-15 05:00:00
1784095200000,555.91,559.71,553.9,554.95,43560.735,1784098799999,24273238.47262,99741,22346.721,12453118.11015,2026-07-15 06:00:00
1784098800000,554.96,555.14,549.51,551.99,39152.499,1784102399999,21612647.91732,86180,18393.451,10155850.13498,2026-07-15 07:00:00
1784102400000,552.0,556.35,551.24,555.73,26918.594,1784105999999,14910337.29662,70222,15164.174,8399171.5398,2026-07-15 08:00:00
1784106000000,555.73,561.45,555.58,558.07,39218.99,1784109599999,21897888.45081,94114,21801.905,12175561.32723,2026-07-15 09:00:00
1784109600000,558.05,572.79,557.52,568.58,105941.344,1784113199999,59983012.52978,178572,60063.884,34017539.68371,2026-07-15 10:00:00
1784113200000,568.59,578.94,567.92,575.52,102244.615,1784116799999,58572193.51279,204651,54040.311,30973326.63093,2026-07-15 11:00:00
1784116800000,575.52,588.8,571.14,585.15,148164.485,1784120399999,85830454.54504,279133,80607.946,46728301.47605,2026-07-15 12:00:00
1784120400000,585.08,585.84,573.0,579.68,134061.352,1784123999999,77795604.50013,274789,64764.617,37600813.348,2026-07-15 13:00:00
1784124000000,579.69,583.44,573.53,578.31,77515.423,1784127599999,44883492.83565,181054,36417.774,21092516.86038,2026-07-15 14:00:00
1784127600000,578.31,578.39,570.05,575.66,65991.882,1784131199999,37867535.56634,132023,31022.821,17805480.43156,2026-07-15 15:00:00
1784131200000,575.65,577.69,567.61,571.86,69012.663,1784134799999,39509968.80834,152809,33254.112,19045568.14303,2026-07-15 16:00:00
1784134800000,571.86,576.1,570.8,574.28,39701.716,1784138399999,22774297.6072,103577,22462.704,12885868.48559,2026-07-15 17:00:00
1784138400000,574.28,575.38,568.13,570.88,32464.485,1784141999999,18574221.55566,77385,13575.761,7770404.83573,2026-07-15 18:00:00
1784142000000,570.89,572.85,563.6,567.21,44913.624,1784145599999,25452812.97144,93573,21157.162,11989720.23057,2026-07-15 19:00:00
1784145600000,567.2,578.79,565.84,576.1,48298.575,1784149199999,27687162.40622,102697,26088.139,14958666.27615,2026-07-15 20:00:00
1784149200000,576.1,581.42,574.55,577.62,40054.104,1784152799999,23156917.55564,96738,20530.668,11873008.51358,2026-07-15 21:00:00
1784152800000,577.62,580.8,575.1,575.74,27342.388,1784156399999,15811423.29494,78676,12706.015,7348823.20786,2026-07-15 22:00:00
1784156400000,575.75,577.75,569.57,570.36,29368.258,1784159999999,16836699.94749,65315,12946.145,7424531.5725,2026-07-15 23:00:00
1784160000000,570.35,572.66,563.86,567.33,49796.079,1784163599999,28287806.58194,105134,24035.478,13659883.82879,2026-07-16 00:00:00
1784163600000,567.33,568.97,560.87,567.92,49157.458,1784167199999,27769456.37027,105883,26608.978,15039254.48631,2026-07-16 01:00:00
1784167200000,567.93,574.0,565.05,571.79,36522.135,1784170799999,20779422.15734,73899,20132.745,11457654.4346,2026-07-16 02:00:00
1784170800000,571.78,573.61,567.3,567.99,31360.332,1784174399999,17902832.10583,73579,15449.31,8823795.93019,2026-07-16 03:00:00
1784174400000,567.99,568.0,563.07,566.71,33691.956,1784177999999,19047588.84712,77978,16252.869,9190045.76786,2026-07-16 04:00:00
1784178000000,566.72,572.39,565.07,570.02,34785.341,1784181599999,19785641.6774,93945,20898.397,11886941.68964,2026-07-16 05:00:00
1784181600000,570.01,572.91,566.08,566.75,21664.581,1784185199999,12317363.93932,63841,10260.072,5836871.77295,2026-07-16 06:00:00
1784185200000,566.74,570.33,564.49,568.44,27938.719,1784188799999,15838412.86146,72832,12624.297,7159158.44865,2026-07-16 07:00:00
1784188800000,568.45,569.8,544.68,549.77,162469.833,1784192399999,90436224.64028,242408,74490.004,41474449.51854,2026-07-16 08:00:00
1784192400000,549.76,550.82,542.26,547.35,99007.525,1784195999999,54098884.04159,172519,51238.72,27999842.62728,2026-07-16 09:00:00
1784196000000,547.34,548.62,541.97,548.09,42641.081,1784199599999,23276350.11294,96684,20481.103,11185831.78799,2026-07-16 10:00:00
1784199600000,548.09,548.34,545.4,547.44,17328.135,1784203199999,9479084.62052,65946,8847.867,4840407.35209,2026-07-16 11:00:00
1784203200000,547.44,553.87,545.58,551.18,58375.765,1784206799999,32135569.91647,134675,33004.548,18170800.15235,2026-07-16 12:00:00
1784206800000,551.2,558.49,550.53,554.85,66937.946,1784210399999,37143736.95111,145916,36154.133,20065664.25927,2026-07-16 13:00:00
1784210400000,554.84,561.59,552.72,554.56,56459.669,1784213999999,31453868.99184,132392,30971.509,17260559.77192,2026-07-16 14:00:00
1784214000000,554.56,559.6,550.03,555.38,55121.899,1784217599999,30565545.26433,124071,26861.297,14900863.69173,2026-07-16 15:00:00
1784217600000,555.39,557.19,552.05,555.7,29155.835,1784221199999,16157657.81748,90936,15463.631,8571794.07739,2026-07-16 16:00:00
1784221200000,555.69,555.82,539.2,544.09,84265.227,1784224799999,46036101.647,142533,36248.418,19798425.30105,2026-07-16 17:00:00
1784224800000,544.1,546.14,538.19,543.01,54291.583,1784228399999,29455631.34443,124140,23391.937,12694331.74305,2026-07-16 18:00:00
1784228400000,543.01,547.39,542.39,546.75,27406.148,1784231999999,14932676.37861,80014,16551.455,9018993.15466,2026-07-16 19:00:00
1784232000000,546.75,546.87,539.15,540.07,33226.361,1784235599999,18038819.44427,69816,13138.181,7139172.63863,2026-07-16 20:00:00
1784235600000,540.06,542.21,538.1,540.67,26148.214,1784239199999,14118276.85472,57440,13955.804,7535909.06701,2026-07-16 21:00:00
1784239200000,540.67,547.18,536.6,537.39,53822.605,1784242799999,29157093.30972,117497,27496.374,14910123.12143,2026-07-16 22:00:00
1784242800000,537.4,538.25,523.24,523.52,100553.341,1784246399999,53287854.28688,174360,39858.269,21115017.2673,2026-07-16 23:00:00
1784246400000,523.53,533.74,523.34,533.36,57231.436,1784249999999,30251008.65882,141072,32167.488,17005916.37398,2026-07-17 00:00:00
1784250000000,533.35,537.92,527.04,529.21,46966.345,1784253599999,24992315.03712,113039,22654.287,12067178.08837,2026-07-17 01:00:00
1784253600000,529.22,530.26,524.76,529.84,38928.363,1784257199999,20534938.48624,104755,18789.541,9913492.45853,2026-07-17 02:00:00
1784257200000,529.84,544.7,528.39,537.77,116463.733,1784260799999,62733632.20759,179615,63032.063,33939877.47197,2026-07-17 03:00:00
1784260800000,537.76,539.89,533.89,539.68,38277.204,1784264399999,20559307.98229,98094,20554.402,11045106.67331,2026-07-17 04:00:00
1784264400000,539.67,541.44,529.05,532.16,98683.985,1784267999999,52740117.65973,170216,48801.203,26078401.03952,2026-07-17 05:00:00
1784268000000,532.17,537.32,529.45,532.43,42539.332,1784271599999,22701458.66648,101724,22566.932,12045781.12439,2026-07-17 06:00:00
1784271600000,532.42,534.31,527.07,532.16,41391.34,1784275199999,21963664.90655,98726,23172.825,12296003.48561,2026-07-17 07:00:00
1784275200000,532.16,533.49,527.02,529.23,31437.872,1784278799999,16674418.71335,90780,15005.737,7960451.51538,2026-07-17 08:00:00
1784278800000,529.23,535.37,528.01,532.06,30428.408,1784282399999,16186752.48426,81961,17800.847,9470452.16239,2026-07-17 09:00:00
1784282400000,532.06,536.79,531.82,534.66,34152.697,1784285999999,18266805.69298,89994,19479.766,10418431.80514,2026-07-17 10:00:00
1784286000000,534.67,536.94,532.4,536.12,29266.695,1784289599999,15641598.51939,67072,16160.05,8638361.99647,2026-07-17 11:00:00
1784289600000,536.11,536.64,529.67,530.86,36318.629,1784293199999,19333821.00658,81732,18008.995,9588419.199,2026-07-17 12:00:00
1784293200000,530.86,542.12,523.41,539.94,114136.297,1784296799999,60594129.09822,198132,57929.023,30796850.16824,2026-07-17 13:00:00
1784296800000,539.9,548.59,536.46,538.39,103769.164,1784300399999,56295773.28707,214743,56172.503,30479366.20032,2026-07-17 14:00:00
1784300400000,538.39,546.44,534.07,543.59,66679.955,1784303999999,36041186.07245,158759,36856.079,19922819.4555,2026-07-17 15:00:00
1784304000000,543.59,551.82,540.02,548.52,71895.205,1784307599999,39250814.52045,167065,40938.251,22360746.53787,2026-07-17 16:00:00
1784307600000,548.52,556.48,547.77,548.39,80183.332,1784311199999,44272833.3913,169546,41682.379,23016569.57997,2026-07-17 17:00:00
1784311200000,548.39,550.58,544.62,548.55,40925.522,1784314799999,22401637.88759,106077,20944.198,11469013.21094,2026-07-17 18:00:00
1784314800000,548.54,549.26,541.32,545.84,36159.772,1784318399999,19709379.39656,88112,17097.779,9321219.64058,2026-07-17 19:00:00
1784318400000,545.84,545.97,540.47,542.43,21633.638,1784321999999,11750858.84612,66903,11304.359,6140517.42881,2026-07-17 20:00:00
1784322000000,542.44,545.83,542.33,543.1,12018.017,1784325599999,6536304.1143,39907,6346.211,3451886.30172,2026-07-17 21:00:00
1784325600000,543.11,545.0,541.86,542.7,11312.065,1784329199999,6144447.25476,42721,5416.321,2942914.55468,2026-07-17 22:00:00
1784329200000,542.7,547.68,538.01,547.17,32885.603,1784332799999,17847506.77196,73068,17427.593,9461798.18721,2026-07-17 23:00:00
1784332800000,547.16,547.91,544.65,546.52,20269.932,1784336399999,11065059.49567,55096,10907.303,5954295.6179,2026-07-18 00:00:00
1784336400000,546.53,549.37,545.18,547.66,16399.151,1784339999999,8975263.66042,49378,8745.127,4786776.2462,2026-07-18 01:00:00
1784340000000,547.67,550.87,545.64,545.72,19036.179,1784343599999,10435643.17293,57800,9233.753,5062868.40972,2026-07-18 02:00:00
1784343600000,545.71,548.23,543.79,546.64,16538.167,1784347199999,9030930.82469,47278,7368.206,4023827.35649,2026-07-18 03:00:00
1784347200000,546.63,546.85,542.58,544.14,19261.041,1784350799999,10480639.25289,51767,8121.162,4419932.02881,2026-07-18 04:00:00
1784350800000,544.13,544.15,538.88,540.48,21789.158,1784354399999,11801785.56884,50584,9711.288,5260899.9957,2026-07-18 05:00:00
1784354400000,540.47,542.15,538.31,538.52,26561.706,1784357999999,14345833.81733,52447,14216.395,7679561.56885,2026-07-18 06:00:00
1784358000000,538.53,541.2,534.79,540.97,43341.845,1784361599999,23291598.86408,72265,21229.814,11411198.85501,2026-07-18 07:00:00
1784361600000,540.96,542.72,538.3,538.87,19965.585,1784365199999,10781390.852,54129,8655.711,4674871.48976,2026-07-18 08:00:00
1784365200000,538.87,540.5,536.51,538.29,22627.448,1784368799999,12180506.05688,49973,11103.408,5977766.26451,2026-07-18 09:00:00
1784368800000,538.28,540.14,537.55,539.62,14932.709,1784372399999,8046866.80978,38045,8131.876,4383259.52797,2026-07-18 10:00:00
1784372400000,539.62,542.56,538.01,542.39,15470.891,1784375999999,8357610.3535,43013,8500.931,4593466.81424,2026-07-18 11:00:00
1784376000000,542.39,549.52,542.38,546.42,54707.999,1784379599999,29865216.83254,112702,30226.334,16502229.69524,2026-07-18 12:00:00
1784379600000,546.41,546.44,539.05,544.21,34584.693,1784383199999,18776223.01378,81614,16309.602,8854535.70039,2026-07-18 13:00:00
1784383200000,544.22,563.68,543.24,558.0,114776.978,1784386799999,63613353.40803,176763,67997.57,37683627.05068,2026-07-18 14:00:00
1784386800000,557.99,559.7,552.4,556.91,68450.252,1784390399999,38078891.31448,146576,35294.157,19638082.42402,2026-07-18 15:00:00
1784390400000,556.91,559.0,553.6,556.43,30282.096,1784393999999,16836589.95521,81336,16952.322,9427178.70664,2026-07-18 16:00:00
1784394000000,556.43,562.0,550.88,559.21,46074.695,1784397599999,25623948.81749,97823,24049.876,13387658.60513,2026-07-18 17:00:00
1784397600000,559.21,562.09,556.39,557.94,30449.018,1784401199999,17010289.37595,88911,14526.253,8116949.35472,2026-07-18 18:00:00
1784401200000,557.94,559.88,554.01,556.87,21678.711,1784404799999,12073807.98592,58474,9730.606,5420281.39458,2026-07-18 19:00:00
1784404800000,556.88,559.36,554.03,558.54,24405.265,1784408399999,13577155.94944,59528,12960.888,7212569.32158,2026-07-18 20:00:00
1784408400000,558.54,559.27,555.28,558.51,16705.228,1784411999999,9320301.74943,41471,8445.876,4711598.73188,2026-07-18 21:00:00
1784412000000,558.52,561.66,556.4,560.8,23858.527,1784415599999,13343311.87177,63197,12651.066,7076932.10565,2026-07-18 22:00:00
1784415600000,560.81,562.7,558.23,558.34,21030.739,1784419199999,11788877.50447,59558,11337.91,6356672.8118,2026-07-18 23:00:00
1784419200000,558.33,559.35,555.35,555.46,14589.956,1784422799999,8124304.78306,50517,7453.484,4150811.5257,2026-07-19 00:00:00
1784422800000,555.46,557.37,550.6,555.35,27737.137,1784426399999,15372058.58615,56009,12594.936,6982935.62337,2026-07-19 01:00:00
1784426400000,555.35,561.58,554.66,559.11,33838.062,1784429999999,18911824.01342,79960,16943.494,9467299.67448,2026-07-19 02:00:00
1784430000000,559.1,559.48,554.61,555.42,19985.551,1784433599999,11120485.36154,51110,10138.623,5641315.72174,2026-07-19 03:00:00
1784433600000,555.42,559.51,553.76,558.32,19542.986,1784437199999,10877688.91419,48124,10412.683,5794346.0768,2026-07-19 04:00:00
1784437200000,558.33,560.59,556.57,559.92,17286.123,1784440799999,9661264.83221,50795,8367.139,4676796.64815,2026-07-19 05:00:00
1784440800000,559.92,560.3,557.5,558.76,15273.115,1784444399999,8534095.43387,46501,7621.012,4258147.26323,2026-07-19 06:00:00
1784444400000,558.76,560.79,557.89,559.46,15133.967,1784447999999,8465584.60916,43819,7778.399,4350960.39042,2026-07-19 07:00:00
1784448000000,559.45,568.0,557.4,563.76,56378.368,1784451599999,31755078.76393,93418,34143.855,19231694.1257,2026-07-19 08:00:00
1784451600000,563.77,564.04,557.64,559.68,38812.127,1784455199999,21745369.25126,78025,18022.793,10097836.34843,2026-07-19 09:00:00
1784455200000,559.69,561.66,558.3,558.7,17188.527,1784458799999,9627495.97214,53188,8937.928,5006430.71578,2026-07-19 10:00:00
1784458800000,558.7,558.85,555.04,555.34,30055.53,1784462399999,16732358.49942,72187,14478.761,8060196.56939,2026-07-19 11:00:00
1784462400000,555.33,557.19,551.67,555.88,38065.37,1784465999999,21119625.47503,82034,18742.609,10401875.83549,2026-07-19 12:00:00
1784466000000,555.88,557.68,553.24,557.2,23398.087,1784469599999,13002566.89772,68700,12316.944,6846142.35802,2026-07-19 13:00:00
1784469600000,557.2,560.5,553.49,555.71,34779.578,1784473199999,19364205.63491,87729,17726.253,9867777.95715,2026-07-19 14:00:00
1784473200000,555.71,556.24,552.34,552.9,23046.644,1784476799999,12764439.68491,69823,10696.964,5925863.05055,2026-07-19 15:00:00
1784476800000,552.89,553.88,548.28,551.2,44355.749,1784480399999,24408597.3489,89648,18681.58,10281182.77629,2026-07-19 16:00:00
1784480400000,551.2,555.12,548.48,551.2,27687.018,1784483999999,15305187.98223,77131,12782.139,7068978.37117,2026-07-19 17:00:00
1784484000000,551.2,552.27,546.83,549.39,28106.931,1784487599999,15431723.22223,85449,12145.635,6671320.53909,2026-07-19 18:00:00
1784487600000,549.4,550.24,547.95,549.71,10749.588,1784491199999,5904966.72625,35223,5105.791,2805103.15923,2026-07-19 19:00:00
1784491200000,549.71,553.82,548.22,551.44,15689.755,1784494799999,8644878.91011,47216,7785.282,4290298.05793,2026-07-19 20:00:00
1784494800000,551.44,551.56,545.15,547.55,15700.205,1784498399999,8606938.15439,39171,6085.239,3337767.96729,2026-07-19 21:00:00
1784498400000,547.55,553.01,543.12,545.25,45167.823,1784501999999,24748311.87697,102425,21356.324,11710256.91051,2026-07-19 22:00:00
1784502000000,545.26,548.63,541.67,547.86,33745.353,1784505599999,18411098.56558,88790,16673.144,9098707.28596,2026-07-19 23:00:00
1784505600000,547.86,554.86,544.37,545.71,59514.368,1784509199999,32724445.5575,135706,30884.882,16987932.59955,2026-07-20 00:00:00
1784509200000,545.72,553.5,537.45,538.9,62312.856,1784512799999,33908907.16765,139358,29711.971,16176427.38297,2026-07-20 01:00:00
1784512800000,538.91,543.58,535.75,537.67,56129.381,1784516399999,30244535.38054,141476,25401.582,13688100.25058,2026-07-20 02:00:00
1784516400000,537.68,539.82,532.2,536.73,35690.577,1784519999999,19125922.08382,103558,15562.483,8341583.64412,2026-07-20 03:00:00
1784520000000,536.73,538.12,531.2,531.95,33635.239,1784523599999,17982653.46189,91079,15115.744,8084285.1236,2026-07-20 04:00:00
1784523600000,531.95,533.54,527.44,532.12,54709.055,1784527199999,29033777.92709,112407,26087.734,13851774.11063,2026-07-20 05:00:00
1784527200000,532.12,533.72,527.18,529.65,34125.838,1784530799999,18104743.40485,87467,15143.208,8038132.48186,2026-07-20 06:00:00
1784530800000,529.66,533.57,529.11,531.66,27295.104,1784534399999,14505837.94648,68515,15846.715,8423931.23312,2026-07-20 07:00:00
1784534400000,531.66,532.02,525.33,528.25,34429.601,1784537999999,18198445.5798,68709,13030.791,6885994.35071,2026-07-20 08:00:00
1784538000000,528.24,531.88,526.61,530.18,21891.206,1784541599999,11594852.25412,63284,12979.465,6876042.1093,2026-07-20 09:00:00
1784541600000,530.19,534.45,529.38,531.32,27707.451,1784545199999,14738295.26762,65180,16121.902,8575929.14083,2026-07-20 10:00:00
1784545200000,531.33,539.95,530.56,538.51,64104.179,1784548799999,34388813.78178,118184,36467.203,19567651.89531,2026-07-20 11:00:00
1784548800000,538.5,538.65,534.15,537.25,37049.931,1784552399999,19877124.90127,94894,17437.305,9356464.27413,2026-07-20 12:00:00
1784552400000,537.24,537.55,527.03,529.14,53921.629,1784555999999,28745650.97756,116077,23004.145,12273448.29609,2026-07-20 13:00:00
1784556000000,529.15,532.19,525.83,529.32,49527.615,1784559599999,26204684.27798,133633,25253.21,13364678.54961,2026-07-20 14:00:00
1784559600000,529.33,548.86,528.76,547.0,102326.984,1784563199999,55242462.38542,184849,55558.407,30002045.7095,2026-07-20 15:00:00
1784563200000,546.99,556.51,544.68,556.07,107890.263,1784566799999,59417564.26199,210061,55325.967,30481869.62478,2026-07-20 16:00:00
1784566800000,556.06,557.66,550.13,550.56,47484.898,1784570399999,26263803.01809,114309,23329.453,12907556.44901,2026-07-20 17:00:00
1784570400000,550.56,556.72,545.64,547.44,48461.043,1784573999999,26703945.65914,115102,23702.771,13064751.23264,2026-07-20 18:00:00
1784574000000,547.44,550.79,545.0,547.22,32476.054,1784577599999,17772116.25758,88988,16783.658,9190130.16036,2026-07-20 19:00:00
1784577600000,547.22,549.42,545.6,548.46,16537.111,1784581199999,9051381.73406,54009,8977.403,4915519.21822,2026-07-20 20:00:00
1784581200000,548.46,552.5,546.48,547.09,16465.354,1784584799999,9039924.96198,43045,8475.292,4654700.16125,2026-07-20 21:00:00
1784584800000,547.09,549.18,545.23,546.28,14140.835,1784588399999,7739913.03965,53006,6319.932,3459928.47106,2026-07-20 22:00:00
1784588400000,546.27,548.36,540.99,543.52,24116.178,1784591999999,13121033.93419,58232,10126.345,5512523.22688,2026-07-20 23:00:00
1784592000000,543.51,550.65,540.22,548.49,39559.069,1784595599999,21572718.55172,102256,21618.912,11794335.7008,2026-07-21 00:00:00
1784595600000,548.48,549.56,539.13,540.71,25595.052,1784599199999,13939401.36939,76732,11032.87,6011813.99169,2026-07-21 01:00:00
1784599200000,540.72,545.0,539.0,543.68,23985.47,1784602799999,12988603.41526,74485,13147.11,7121651.76399,2026-07-21 02:00:00
1784602800000,543.69,553.6,543.6,550.31,44281.532,1784606399999,24338998.69276,104269,22531.314,12384577.92775,2026-07-21 03:00:00
1784606400000,550.31,552.16,546.31,547.44,24856.09,1784609999999,13645134.67284,74465,13786.635,7568535.24353,2026-07-21 04:00:00
1784610000000,547.44,551.05,545.02,549.81,34880.899,1784613599999,19126668.48022,85065,18007.858,9877306.39651,2026-07-21 05:00:00
1784613600000,549.91,555.98,548.73,549.29,40339.697,1784617199999,22277910.11707,110745,22194.187,12259955.37752,2026-07-21 06:00:00
1784617200000,549.29,550.93,546.73,550.25,35229.694,1784620799999,19327580.32606,87719,18220.347,9997015.63938,2026-07-21 07:00:00
1784620800000,550.25,550.57,541.25,541.43,47253.238,1784624399999,25777666.12857,104817,21431.958,11695761.36417,2026-07-21 08:00:00
1784624400000,541.44,542.36,535.63,537.94,74347.199,1784627999999,40072411.61402,136189,37067.494,19983948.33661,2026-07-21 09:00:00
1784628000000,537.93,539.74,533.06,536.44,51662.318,1784631599999,27724361.56009,111998,23242.327,12479454.09387,2026-07-21 10:00:00
1784631600000,536.43,544.99,535.6,544.77,46128.741,1784635199999,24959244.11205,110474,25310.677,13693552.40288,2026-07-21 11:00:00
1784635200000,544.77,544.99,540.41,543.12,28118.953,1784638799999,15263747.15347,87031,13210.975,7172556.35076,2026-07-21 12:00:00
1784638800000,543.12,549.89,540.36,549.08,65790.817,1784642399999,35861231.77453,140371,31869.277,17372055.70666,2026-07-21 13:00:00
1784642400000,549.11,550.22,541.18,542.26,44702.907,1784645999999,24393538.20681,118135,21865.429,11937667.23668,2026-07-21 14:00:00
1784646000000,542.25,543.54,537.41,541.58,45995.402,1784649599999,24855539.86011,104429,19153.62,10354042.61719,2026-07-21 15:00:00
1784649600000,541.58,543.16,536.19,539.31,35280.883,1784653199999,19021192.56065,79934,18169.188,9794022.41,2026-07-21 16:00:00
1784653200000,539.3,539.67,530.01,536.76,72806.508,1784656799999,38859634.81421,131089,27682.807,14783426.34221,2026-07-21 17:00:00
1784656800000,536.75,537.73,533.05,533.75,20613.986,1784660399999,11034379.73022,58115,9574.189,5125889.76267,2026-07-21 18:00:00
1784660400000,533.74,534.92,526.53,532.35,49314.157,1784663999999,26195048.98489,94001,25115.793,13355779.8733,2026-07-21 19:00:00
1784664000000,532.34,533.53,529.46,529.69,15082.071,1784667599999,8015104.70355,48665,8233.224,4376233.88077,2026-07-21 20:00:00
1784667600000,529.7,535.55,528.86,533.71,18242.419,1784671199999,9713781.79313,44666,10798.995,5751901.24884,2026-07-21 21:00:00
1784671200000,533.7,534.22,531.23,533.85,12324.915,1784674799999,6567831.51007,44314,6270.348,3341490.93208,2026-07-21 22:00:00
1784674800000,533.86,533.99,530.72,532.55,15726.82,1784678399999,8368611.50478,46117,8113.555,4317312.94212,2026-07-21 23:00:00
1784678400000,532.55,537.98,531.74,533.99,37420.712,1784681999999,20045459.23402,73888,19627.085,10509324.49586,2026-07-22 00:00:00
1784682000000,533.99,535.06,530.19,530.91,21655.517,1784685599999,11525703.19488,57978,12135.618,6459429.04267,2026-07-22 01:00:00
1784685600000,530.92,533.2,529.24,530.17,17721.341,1784689199999,9411641.42237,60521,9595.125,5096331.81346,2026-07-22 02:00:00
1784689200000,530.17,531.6,517.0,520.48,80408.176,1784692799999,42139678.26408,98880,28964.131,15201404.16046,2026-07-22 03:00:00
1784692800000,520.45,523.49,518.43,523.22,46249.01,1784696399999,24113645.86119,93090,22137.237,11544839.30298,2026-07-22 04:00:00
1784696400000,523.22,523.35,517.22,517.99,41400.851,1784699999999,21526907.66547,83399,14261.143,7417388.54967,2026-07-22 05:00:00
1784700000000,518.0,519.9,513.36,513.82,60080.891,1784703599999,31067500.61737,102812,21421.997,11084747.54923,2026-07-22 06:00:00
1784703600000,513.82,515.28,510.59,514.13,61194.409,1784707199999,31393032.74329,119783,27491.239,14105489.30268,2026-07-22 07:00:00
1784707200000,514.12,519.13,514.0,516.4,40357.622,1784710799999,20843039.4545,78963,24680.586,12747597.8372,2026-07-22 08:00:00
1784710800000,516.39,516.95,513.18,515.66,29947.463,1784714399999,15416556.29822,59498,13803.657,7106990.93612,2026-07-22 09:00:00
1784714400000,515.66,518.19,515.07,516.14,23741.298,1784717999999,12268355.37528,51089,13608.329,7033422.28631,2026-07-22 10:00:00
1784718000000,516.13,516.74,511.45,513.28,28705.763,1784721599999,14755916.03677,55851,12916.14,6638779.211,2026-07-22 11:00:00
1784721600000,513.28,514.76,511.01,513.11,26593.389,1784725199999,13642108.71005,59964,13965.317,7165620.24714,2026-07-22 12:00:00
1784725200000,513.11,518.5,512.38,516.6,39372.875,1784728799999,20313270.07092,88472,22230.121,11469035.28118,2026-07-22 13:00:00
1784728800000,516.61,518.83,509.07,511.22,63540.642,1784732399999,32614061.38999,110748,30726.464,15781921.56482,2026-07-22 14:00:00
1784732400000,511.22,517.54,505.94,507.89,73568.108,1784735999999,37660116.58262,121669,31729.973,16257333.33918,2026-07-22 15:00:00
1784736000000,507.89,515.99,505.61,512.86,64479.704,1784739599999,32960492.00866,114409,34538.777,17654778.32906,2026-07-22 16:00:00
1784739600000,512.85,517.2,510.33,515.57,49669.744,1784743199999,25528473.04002,97197,30859.856,15861428.23524,2026-07-22 17:00:00
1784743200000,515.56,517.29,509.3,512.28,44375.113,1784746799999,22773567.50301,112432,25561.263,13120266.60829,2026-07-22 18:00:00
1784746800000,512.28,513.69,508.47,509.37,21332.284,1784750399999,10898374.12353,67028,11295.012,5771173.27147,2026-07-22 19:00:00
1784750400000,509.4,513.54,507.9,513.21,18459.037,1784753999999,9431497.69442,59210,9919.434,5067597.58904,2026-07-22 20:00:00
1784754000000,513.2,514.21,509.85,513.72,19806.063,1784757599999,10141272.25854,51700,10674.21,5465981.00465,2026-07-22 21:00:00
1784757600000,513.72,514.19,510.62,513.83,14762.568,1784761199999,7567789.28349,45719,7974.641,4087962.50632,2026-07-22 22:00:00
1784761200000,513.84,515.95,508.78,515.22,25001.009,1784764799999,12802936.88255,54215,14252.713,7299401.56723,2026-07-22 23:00:00
1784764800000,515.22,521.35,513.9,515.43,48221.328,1784768399999,24968820.00052,90533,27187.783,14085307.73165,2026-07-23 00:00:00
1784768400000,515.42,517.51,513.03,516.35,31166.339,1784771999999,16050362.15135,84454,17916.316,9227242.52738,2026-07-23 01:00:00
1784772000000,516.35,518.59,515.18,516.47,23042.385,1784775599999,11905943.70752,62017,11644.166,6016914.39522,2026-07-23 02:00:00
1784775600000,516.47,516.94,512.2,513.85,23539.714,1784779199999,12108936.85061,66855,10804.988,5558036.92385,2026-07-23 03:00:00
1784779200000,513.85,515.3,511.08,511.93,19921.67,1784782799999,10219463.85127,54425,9795.716,5024841.92656,2026-07-23 04:00:00
1784782800000,511.92,517.44,511.77,514.41,19515.478,1784786399999,10040009.42159,57152,9857.213,5070846.07249,2026-07-23 05:00:00
1784786400000,514.41,518.16,513.51,516.57,16698.582,1784789999999,8610199.41321,49588,9010.833,4646433.02132,2026-07-23 06:00:00
1784790000000,516.56,516.72,512.81,514.16,23345.14,1784793599999,12011093.07027,59635,11371.207,5849889.65513,2026-07-23 07:00:00
1784793600000,514.16,517.54,513.41,515.27,19174.767,1784797199999,9886936.23606,53531,10048.999,5182591.17588,2026-07-23 08:00:00
1784797200000,515.26,518.0,514.61,515.73,31095.772,1784800799999,16061129.75527,59406,13672.7,7062051.88223,2026-07-23 09:00:00
1784800800000,515.73,516.68,514.26,514.49,13108.647,1784804399999,6751792.30311,40537,7031.51,3621498.15205,2026-07-23 10:00:00
1784804400000,514.49,517.56,514.31,517.37,15706.039,1784807999999,8104483.779,42910,7803.216,4026552.86733,2026-07-23 11:00:00
1784808000000,517.36,517.82,509.04,513.35,58765.165,1784811599999,30128918.19217,100076,28433.694,14581948.19311,2026-07-23 12:00:00
1784811600000,513.35,519.79,510.9,514.96,72504.776,1784815199999,37396061.79229,139471,35925.826,18527313.52842,2026-07-23 13:00:00
1784815200000,514.96,523.09,512.18,514.08,63064.94,1784818799999,32608097.51294,138013,36164.109,18710749.80541,2026-07-23 14:00:00
1784818800000,514.08,516.32,510.15,514.73,40292.624,1784822399999,20694685.90024,99275,19648.156,10090576.96288,2026-07-23 15:00:00
1784822400000,514.73,516.2,510.68,513.9,38568.779,1784825999999,19822978.81816,83402,17741.372,9118615.54728,2026-07-23 16:00:00
1784826000000,513.89,514.64,503.22,504.96,56739.954,1784829599999,28864591.78574,90053,23126.373,11775166.77233,2026-07-23 17:00:00
1784829600000,504.93,510.93,502.55,509.53,54084.517,1784833199999,27442374.12532,105864,27788.737,14104016.93854,2026-07-23 18:00:00
1784833200000,509.52,509.63,495.0,499.81,70884.978,1784836799999,35540253.70211,108008,29287.566,14695311.69725,2026-07-23 19:00:00
1784836800000,499.8,505.12,499.35,503.79,28947.236,1784840399999,14556943.47062,66960,17434.966,8767736.567,2026-07-23 20:00:00
1784840400000,503.79,507.02,501.87,502.78,17753.114,1784843999999,8949555.31204,44609,9758.75,4920553.14051,2026-07-23 21:00:00
1784844000000,502.78,502.98,498.09,502.42,22105.721,1784847599999,11069653.02813,55686,9766.596,4893524.3099,2026-07-23 22:00:00
1784847600000,502.41,506.39,502.13,504.65,18228.717,1784851199999,9191548.46525,55057,11347.492,5722262.68907,2026-07-23 23:00:00
1784851200000,504.66,507.92,502.05,507.23,22134.291,1784854799999,11178129.05428,66722,10689.521,5400158.66717,2026-07-24 00:00:00
1784854800000,507.23,510.0,506.04,507.16,23486.05,1784858399999,11935043.89214,66939,12642.6,6425424.75481,2026-07-24 01:00:00
1784858400000,507.17,507.64,503.65,505.63,16347.136,1784861999999,8263091.79437,53466,8596.959,4345570.55609,2026-07-24 02:00:00
1784862000000,505.64,511.65,505.26,509.59,22166.495,1784865599999,11289368.39428,55996,11503.863,5858134.03813,2026-07-24 03:00:00
1784865600000,509.56,510.46,507.88,509.1,20449.526,1784869199999,10409226.46326,39646,11322.94,5763671.62217,2026-07-24 04:00:00
1784869200000,509.1,510.67,507.54,508.23,13440.822,1784872799999,6839889.00677,37309,6745.822,3433315.38153,2026-07-24 05:00:00
1784872800000,508.23,510.53,506.11,506.38,17171.923,1784876399999,8729268.4477,41773,8834.966,4492377.27415,2026-07-24 06:00:00
1784876400000,506.38,510.99,506.06,510.7,28845.386,1784879999999,14686515.87283,63124,15591.596,7938369.06804,2026-07-24 07:00:00
1784880000000,510.69,514.13,508.43,508.62,24008.765,1784883599999,12268106.11816,52847,12901.16,6593117.0943,2026-07-24 08:00:00
1784883600000,508.61,509.08,505.3,506.17,23047.598,1784887199999,11688433.069,56275,11918.506,6044559.89154,2026-07-24 09:00:00
1784887200000,506.17,506.27,498.79,500.17,51108.882,1784890799999,25641623.35831,109715,24473.58,12281484.10946,2026-07-24 10:00:00
1784890800000,500.17,503.37,499.02,502.13,39009.653,1784894399999,19547571.93583,81182,20240.712,10144138.77322,2026-07-24 11:00:00
1784894400000,502.13,503.89,496.99,498.52,32602.84,1784897999999,16298056.9315,67169,15289.793,7649379.32541,2026-07-24 12:00:00
1784898000000,498.52,501.42,491.5,499.9,75221.359,1784901599999,37384605.82223,141530,34137.635,16983392.48061,2026-07-24 13:00:00
1784901600000,499.89,500.0,493.58,498.84,50842.087,1784905199999,25247493.78577,112550,25766.378,12800078.86181,2026-07-24 14:00:00
1784905200000,498.84,498.98,493.75,495.01,33651.223,1784908799999,16696599.94319,84516,19635.226,9743292.54613,2026-07-24 15:00:00
1784908800000,495.01,495.47,490.28,491.86,46144.759,1784912399999,22722542.98065,92417,21566.854,10624785.23906,2026-07-24 16:00:00
1784912400000,491.86,494.69,487.02,494.04,43942.875,1784915999999,21569554.98109,79279,22126.531,10870184.0778,2026-07-24 17:00:00
1784916000000,494.03,497.09,493.03,495.36,24209.292,1784919599999,11984255.47371,54648,11336.054,5612780.36699,2026-07-24 18:00:00
1784919600000,495.36,496.74,493.86,495.38,15485.948,1784923199999,7671118.01065,42976,8408.646,4164829.84002,2026-07-24 19:00:00
1784923200000,495.38,496.24,493.84,495.57,9938.35,1784926799999,4919082.40646,32048,5418.28,2682207.32587,2026-07-24 20:00:00
1784926800000,495.57,495.77,487.02,487.87,27075.497,1784930399999,13301704.4606,56072,11919.526,5855529.23933,2026-07-24 21:00:00
1784930400000,487.87,489.49,483.26,486.53,50484.806,1784933999999,24548813.31662,82634,21711.332,10562810.43476,2026-07-24 22:00:00
1784934000000,486.53,489.19,486.05,488.33,16018.044,1784937599999,7811386.68688,40214,8881.4,4331313.60164,2026-07-24 23:00:00
1784937600000,488.33,489.45,486.05,488.03,19328.534,1784941199999,9423593.43607,45386,8529.222,4159500.12347,2026-07-25 00:00:00
1784941200000,488.04,490.27,486.2,486.66,17082.689,1784944799999,8344482.53291,41226,8654.754,4228643.61991,2026-07-25 01:00:00
1784944800000,486.66,488.77,484.12,488.12,17177.818,1784948399999,8360615.82406,45296,8533.702,4154145.32172,2026-07-25 02:00:00
1784948400000,488.12,490.27,487.3,487.85,15140.55,1784951999999,7399101.01333,37044,8974.107,4386414.44878,2026-07-25 03:00:00
1784952000000,487.84,488.62,486.82,487.26,9199.669,1784955599999,4486717.3317,29178,4569.246,2228244.36323,2026-07-25 04:00:00
1784955600000,487.26,488.1,476.38,476.69,58792.803,1784959199999,28280471.73743,99403,21535.876,10367093.44381,2026-07-25 05:00:00
1784959200000,476.69,478.7,475.44,477.41,34897.37,1784962799999,16649285.99555,65545,17346.282,8277860.079,2026-07-25 06:00:00
1784962800000,477.4,478.36,473.62,475.19,30229.626,1784966399999,14402069.44552,49823,13673.222,6517697.41516,2026-07-25 07:00:00
1784966400000,475.2,476.14,473.05,474.13,27529.547,1784969999999,13067107.43833,51025,10912.116,5180293.7377,2026-07-25 08:00:00
1784970000000,474.12,478.99,473.25,477.38,31051.34,1784973599999,14790045.02379,55474,17475.718,8322673.52884,2026-07-25 09:00:00
1784973600000,477.39,478.49,476.87,477.56,11695.727,1784977199999,5585207.97357,31839,6716.941,3207826.48912,2026-07-25 10:00:00
1784977200000,477.56,479.35,476.5,478.13,12472.808,1784980799999,5960762.99113,34063,6722.348,3213183.06266,2026-07-25 11:00:00
1784980800000,478.13,478.84,476.93,478.06,10036.942,1784984399999,4795754.39408,30643,4827.678,2306914.87268,2026-07-25 12:00:00
1784984400000,478.06,479.0,476.29,476.61,20300.076,1784987999999,9706925.02009,45723,10852.176,5190290.34915,2026-07-25 13:00:00
1784988000000,476.61,476.64,474.2,476.13,25229.452,1784991599999,11996764.22656,48872,13233.791,6293251.41457,2026-07-25 14:00:00
1784991600000,476.16,483.98,476.03,480.03,53628.579,1784995199999,25768802.53531,92696,33305.649,16002651.69358,2026-07-25 15:00:00
1784995200000,480.03,481.32,477.43,479.61,23482.032,1784998799999,11253335.27072,58833,12390.615,5937870.77515,2026-07-25 16:00:00
1784998800000,479.61,485.7,479.16,484.28,29694.298,1785002399999,14343964.48331,62141,18441.399,8907005.67153,2026-07-25 17:00:00
1785002400000,484.28,488.82,484.21,486.27,33761.372,1785005999999,16435061.44464,67439,20512.083,9984170.30738,2026-07-25 18:00:00
1785006000000,486.26,487.72,482.37,482.69,18049.401,1785009599999,8747313.93758,47723,7615.357,3690020.20162,2026-07-25 19:00:00
1785009600000,482.69,484.75,479.63,483.92,29747.187,1785013199999,14364885.86356,64155,14112.032,6815949.97494,2026-07-25 20:00:00
1785013200000,483.91,485.98,482.85,484.99,14530.487,1785016799999,7039979.57053,39716,8558.599,4146967.49672,2026-07-25 21:00:00
1785016800000,484.99,485.77,483.0,483.81,12400.851,1785020399999,6000915.24041,36463,6274.131,3036572.3981,2026-07-25 22:00:00
1785020400000,483.81,485.78,483.27,485.15,11987.456,1785023999999,5808699.95734,33730,6407.968,3104490.84337,2026-07-25 23:00:00
1785024000000,485.16,488.45,484.67,487.09,17729.939,1785027599999,8629505.15626,48715,10099.757,4915709.64389,2026-07-26 00:00:00
1785027600000,487.08,489.7,485.73,486.57,15086.447,1785031199999,7353639.594,40519,8755.162,4268839.42883,2026-07-26 01:00:00
1785031200000,486.56,487.36,484.91,487.19,14296.757,1785034799999,6949666.42108,36717,7429.3,3611842.63144,2026-07-26 02:00:00
1785034800000,487.18,488.3,486.17,487.77,12262.742,1785038399999,5976821.70496,34290,6383.855,3111421.29398,2026-07-26 03:00:00
1785038400000,487.77,494.78,486.96,488.54,36488.798,1785041999999,17885059.0424,54970,20719.881,10160329.80814,2026-07-26 04:00:00
1785042000000,488.53,490.09,487.34,488.27,18004.609,1785045599999,8798398.18134,39380,8358.965,4086056.4876,2026-07-26 05:00:00
1785045600000,488.27,492.45,486.07,491.97,26612.803,1785049199999,13017849.82983,54161,13221.277,6472757.13337,2026-07-26 06:00:00
1785049200000,491.97,493.26,490.76,491.3,15798.496,1785052799999,7771864.17297,43486,7724.515,3800623.72687,2026-07-26 07:00:00
1785052800000,491.3,492.6,489.53,491.77,15760.213,1785056399999,7736589.24226,43949,8713.35,4277963.13767,2026-07-26 08:00:00
1785056400000,491.77,495.98,491.19,491.77,23921.696,1785059999999,11796639.71936,54477,12344.08,6088860.44607,2026-07-26 09:00:00
1785060000000,491.78,493.68,491.66,492.47,11848.97,1785063599999,5838824.59143,35450,5895.917,2905650.06345,2026-07-26 10:00:00
1785063600000,492.47,494.27,492.18,492.91,11306.368,1785067199999,5575359.82902,31318,6345.389,3129127.45206,2026-07-26 11:00:00
1785067200000,492.91,494.92,491.99,492.53,23414.413,1785070799999,11550983.04805,47087,10053.782,4959846.53196,2026-07-26 12:00:00
1785070800000,492.54,492.69,488.19,488.3,29010.588,1785074399999,14217219.28688,55831,10714.946,5251835.12696,2026-07-26 13:00:00
1785074400000,488.31,490.31,487.78,488.52,24521.493,1785077999999,11989708.78707,58759,11713.64,5728959.07617,2026-07-26 14:00:00
1785078000000,488.53,495.83,487.17,494.51,44283.769,1785081599999,21826964.81487,94191,23647.702,11656056.4802,2026-07-26 15:00:00
1785081600000,494.51,501.7,491.62,494.74,57404.606,1785085199999,28469850.08433,100802,32415.488,16088892.72842,2026-07-26 16:00:00
1785085200000,494.74,494.74,491.31,492.42,22620.371,1785088799999,11147232.00951,50749,10549.833,5198647.77597,2026-07-26 17:00:00
1785088800000,492.42,493.24,491.3,491.79,8848.878,1785092399999,4355314.04267,28955,4544.765,2236838.11637,2026-07-26 18:00:00
1785092400000,491.8,492.44,490.58,491.7,8566.82,1785095999999,4210336.94735,26182,4886.618,2401909.58366,2026-07-26 19:00:00
1785096000000,491.71,493.14,491.0,492.48,6525.977,1785099599999,3210692.98601,21675,4021.164,1978577.60957,2026-07-26 20:00:00
1785099600000,492.48,496.63,492.3,494.97,14953.303,1785103199999,7395764.27353,38507,7247.727,3584218.0706,2026-07-26 21:00:00
1785103200000,494.98,508.2,494.98,507.42,71072.355,1785106799999,35789853.28604,132764,38963.895,19613978.83486,2026-07-26 22:00:00
1785106800000,507.43,509.88,504.04,508.07,45623.634,1785110399999,23141343.94091,93542,21956.202,11139024.12528,2026-07-26 23:00:00
1785110400000,508.07,509.48,504.69,506.18,35966.214,1785113999999,18253421.37974,88120,16496.015,8373999.90695,2026-07-27 00:00:00
1785114000000,506.19,507.18,500.65,502.74,34339.387,1785117599999,17295037.81309,80152,17613.81,8872941.62189,2026-07-27 01:00:00
1785117600000,502.74,507.97,500.29,507.13,38211.079,1785121199999,19250635.02471,78093,21869.713,11022050.17633,2026-07-27 02:00:00
1785121200000,507.14,508.2,502.97,503.78,17443.078,1785124799999,8810438.22409,44907,8654.693,4369090.94478,2026-07-27 03:00:00
1785124800000,503.78,505.71,502.01,503.17,13933.113,1785128399999,7018658.53094,44965,7987.206,4023752.4705,2026-07-27 04:00:00
1785128400000,503.18,506.49,502.0,503.53,17749.725,1785131999999,8944147.87304,45310,9361.057,4718401.1694,2026-07-27 05:00:00
1785132000000,503.53,506.86,503.13,504.02,22269.394,1785135599999,11246956.72519,58397,11677.836,5898312.39911,2026-07-27 06:00:00
1785135600000,504.02,504.99,498.26,498.27,33047.082,1785139199999,16562368.17358,60531,11403.098,5716453.17355,2026-07-27 07:00:00
1785139200000,498.27,499.46,496.26,497.63,33318.195,1785142799999,16586388.8879,60112,17696.835,8811120.88296,2026-07-27 08:00:00
1785142800000,497.63,502.88,496.79,501.11,32042.909,1785146399999,16024413.43948,57637,15193.387,7598005.35427,2026-07-27 09:00:00
1785146400000,501.11,503.33,499.61,502.6,17693.02,1785149999999,8868935.27772,42527,8637.309,4330421.23279,2026-07-27 10:00:00
1785150000000,502.61,504.37,500.73,502.61,19007.305,1785153599999,9550996.78025,45059,9618.01,4833576.81469,2026-07-27 11:00:00
1785153600000,502.62,504.28,497.63,502.14,36697.767,1785157199999,18390523.76479,72025,16103.183,8071591.54416,2026-07-27 12:00:00
1785157200000,502.15,508.57,500.35,501.42,49105.75,1785160799999,24769395.8665,103742,25169.414,12700655.9408,2026-07-27 13:00:00
1785160800000,501.41,502.21,486.32,490.85,100286.812,1785164399999,49477942.51531,191968,45438.423,22425584.63272,2026-07-27 14:00:00
1785164400000,490.84,492.06,480.78,483.41,68509.324,1785167999999,33300924.86207,131705,27806.102,13527181.74829,2026-07-27 15:00:00
1785168000000,483.41,489.39,481.86,487.57,47514.42,1785171599999,23069817.1658,96444,23568.5,11448152.12456,2026-07-27 16:00:00
1785171600000,487.6,491.58,485.54,490.67,22361.05,1785175199999,10946141.14578,68701,12606.378,6172501.56917,2026-07-27 17:00:00
1785175200000,490.66,490.99,482.0,484.71,33396.267,1785178799999,16192166.64527,75958,13609.821,6597873.97766,2026-07-27 18:00:00
1785178800000,484.71,489.6,484.12,488.85,20722.974,1785182399999,10105841.11137,59083,11136.665,5431480.33522,2026-07-27 19:00:00
1785182400000,488.86,490.76,486.62,489.59,17139.984,1785185999999,8373788.02595,39468,10178.694,4973787.9255,2026-07-27 20:00:00
1785186000000,489.59,489.92,485.03,485.71,10531.31,1785189599999,5128478.74439,30057,4112.374,2002852.85347,2026-07-27 21:00:00
1785189600000,485.71,486.41,477.0,477.81,45977.921,1785193199999,22125340.50753,87737,18125.722,8727278.61062,2026-07-27 22:00:00
1785193200000,477.88,479.03,473.78,476.42,53705.833,1785196799999,25596062.96415,121194,26535.189,12650592.90418,2026-07-27 23:00:00
1785196800000,476.42,479.92,474.71,477.09,30783.741,1785200399999,14703794.72681,87726,14800.033,7070274.69666,2026-07-28 00:00:00
1785200400000,477.09,477.54,470.87,473.74,42038.686,1785203999999,19907349.9093,94095,19285.398,9135048.54745,2026-07-28 01:00:00
1785204000000,473.75,474.73,472.01,473.87,15882.158,1785207599999,7520416.89963,52550,8772.241,4153951.54971,2026-07-28 02:00:00
1785207600000,473.87,476.22,472.3,475.12,16667.961,1785211199999,7906229.64789,46097,9667.342,4585480.25327,2026-07-28 03:00:00
1785211200000,475.12,477.74,472.69,476.87,22963.875,1785214799999,10914389.8881,52586,13684.318,6503628.32532,2026-07-28 04:00:00
1785214800000,476.88,479.43,467.68,468.29,52109.942,1785218399999,24650313.49012,96317,21678.37,10263302.00602,2026-07-28 05:00:00
1785218400000,468.29,473.55,466.62,473.38,33668.346,1785221999999,15809511.3481,74389,18134.088,8520480.4841,2026-07-28 06:00:00
1785222000000,473.39,474.22,467.06,469.04,27887.521,1785225599999,13118278.1014,60596,12248.007,5761385.38787,2026-07-28 07:00:00
1785225600000,469.04,469.83,467.28,468.68,17613.793,1785229199999,8251625.0678,45754,9029.38,4230156.96195,2026-07-28 08:00:00
1785229200000,468.69,470.32,467.16,468.79,22663.09,1785232799999,10624830.39466,48041,10732.749,5032591.06334,2026-07-28 09:00:00
1785232800000,468.79,470.9,467.85,468.02,16737.852,1785236399999,7848421.51918,43863,7707.926,3614665.87286,2026-07-28 10:00:00
1785236400000,468.02,468.3,463.57,464.89,44001.903,1785239999999,20473313.82562,82640,19483.386,9065669.11843,2026-07-28 11:00:00
1785240000000,464.9,467.74,462.54,464.1,41647.487,1785243599999,19362561.91019,76863,21617.746,10052497.93053,2026-07-28 12:00:00
1785243600000,464.1,465.88,457.0,459.69,74339.201,1785247199999,34240579.06803,116330,29758.227,13718864.10072,2026-07-28 13:00:00
1785247200000,459.7,469.94,459.63,468.54,61422.378,1785250799999,28551875.65997,128491,36628.206,17031112.09938,2026-07-28 14:00:00
1785250800000,468.55,478.93,467.2,478.44,73071.021,1785254399999,34553753.58044,144874,40467.815,19138409.08484,2026-07-28 15:00:00
1785254400000,478.45,478.72,473.67,473.96,38791.337,1785257999999,18462688.30886,97343,17516.542,8338957.84426,2026-07-28 16:00:00
1785258000000,473.96,474.05,461.98,465.73,60131.901,1785261599999,28122487.72383,108236,26072.481,12190259.22574,2026-07-28 17:00:00
1785261600000,465.73,468.64,465.34,466.07,21118.217,1785265199999,9861520.89732,64798,10825.011,5054979.81494,2026-07-28 18:00:00
1785265200000,466.07,473.58,466.07,470.26,26106.005,1785268799999,12283154.58771,69242,14760.761,6943782.23822,2026-07-28 19:00:00
1785268800000,470.26,471.31,467.65,469.75,14520.498,1785272399999,6813217.92649,46039,7122.417,3342060.89222,2026-07-28 20:00:00
1785272400000,469.75,471.31,468.28,469.45,9011.571,1785275999999,4233157.91537,28675,5633.042,2645886.82586,2026-07-28 21:00:00
1785276000000,469.45,471.0,462.21,462.65,24499.426,1785279599999,11412697.89631,57168,10545.188,4912357.98644,2026-07-28 22:00:00
1785279600000,462.65,466.3,460.62,465.5,30126.749,1785283199999,13948753.33689,65107,15245.644,7060214.61728,2026-07-28 23:00:00
1785283200000,465.5,470.44,465.25,465.88,34277.932,1785286799999,16040236.54344,81583,17112.459,8009660.18868,2026-07-29 00:00:00
1785286800000,465.88,467.19,458.0,458.16,45828.456,1785290399999,21193108.3462,90348,22170.634,10258443.53456,2026-07-29 01:00:00
1785290400000,458.15,465.47,457.45,461.77,46231.007,1785293999999,21319628.17902,93953,23524.374,10849515.09566,2026-07-29 02:00:00
1785294000000,461.77,462.13,453.28,454.03,43436.35,1785297599999,19862837.89477,84236,18861.107,8630637.69634,2026-07-29 03:00:00
1785297600000,454.03,461.5,451.54,460.74,56831.017,1785301199999,25944761.46812,99001,29426.765,13439220.52368,2026-07-29 04:00:00
1785301200000,460.74,466.63,460.39,465.0,36346.44,1785304799999,16852547.24054,71199,19626.919,9101659.4935,2026-07-29 05:00:00
1785304800000,465.01,468.95,462.77,467.2,30814.999,1785308399999,14378681.99125,67175,15276.777,7130093.72579,2026-07-29 06:00:00
1785308400000,467.2,468.8,463.84,466.9,34455.103,1785311999999,16068317.06208,60690,18701.897,8724642.37545,2026-07-29 07:00:00
1785312000000,466.9,466.92,460.67,460.99,26241.905,1785315599999,12145068.27639,55935,11523.972,5334160.4582,2026-07-29 08:00:00
1785315600000,461.0,462.8,458.94,461.66,24995.444,1785319199999,11519939.7248,54140,12489.118,5758561.14148,2026-07-29 09:00:00
1785319200000,461.66,462.85,456.08,458.23,28467.954,1785322799999,13061340.95934,58170,12379.102,5678911.39906,2026-07-29 10:00:00
1785322800000,458.23,461.0,457.16,459.83,16351.04,1785326399999,7504521.33147,42709,9023.001,4142106.82997,2026-07-29 11:00:00
1785326400000,459.83,462.17,457.0,459.59,39859.307,1785329999999,18315589.30897,64513,19985.099,9189543.56004,2026-07-29 12:00:00
1785330000000,459.58,468.33,458.91,466.0,45823.825,1785333599999,21288199.61388,106127,24893.768,11560129.70993,2026-07-29 13:00:00
1785333600000,466.0,467.41,460.06,460.68,34256.814,1785337199999,15875851.30385,100208,16245.495,7529590.85298,2026-07-29 14:00:00
1785337200000,460.68,464.75,460.29,463.68,24309.463,1785340799999,11240480.4677,72705,12955.131,5991015.00897,2026-07-29 15:00:00
1785340800000,463.68,466.4,461.3,463.32,25720.65,1785344399999,11920567.03275,69261,12759.956,5914273.02466,2026-07-29 16:00:00
1785344400000,463.33,468.36,462.68,467.55,28575.421,1785347999999,13301559.5748,67228,15573.94,7249121.16229,2026-07-29 17:00:00
1785348000000,467.54,474.63,462.43,468.09,85393.18,1785351599999,40053525.11636,152844,47668.512,22363857.22478,2026-07-29 18:00:00
1785351600000,468.1,468.31,458.26,459.06,40100.782,1785355199999,18532263.44404,106387,18666.412,8631552.5858,2026-07-29 19:00:00
1785355200000,459.1,464.23,458.0,458.34,32161.729,1785358799999,14822931.1707,81715,17457.085,8045046.03428,2026-07-29 20:00:00
1785358800000,458.34,462.38,456.37,461.9,20991.329,1785362399999,9633146.97635,46240,11184.147,5135881.54734,2026-07-29 21:00:00
1785362400000,461.91,470.85,461.78,467.3,36422.886,1785365999999,17014854.84753,72447,17459.37,8158561.15518,2026-07-29 22:00:00
1785366000000,467.3,469.74,466.26,467.39,19262.26,1785369599999,9014380.72643,44964,11370.17,5321350.54931,2026-07-29 23:00:00
1785369600000,467.4,468.88,463.42,465.52,27409.76,1785373199999,12766513.28207,61425,16084.07,7492662.9505,2026-07-30 00:00:00
1785373200000,465.54,471.06,465.0,468.77,34074.983,1785376799999,15951266.75013,64168,21677.251,10151016.37409,2026-07-30 01:00:00
1785376800000,468.77,473.31,468.77,470.44,26585.941,1785380399999,12527390.14285,69665,12833.53,6047972.58706,2026-07-30 02:00:00
1785380400000,470.44,474.44,467.42,472.16,28478.238,1785383999999,13430441.15601,66627,13911.206,6563151.72977,2026-07-30 03:00:00
1785384000000,472.16,473.11,469.97,470.82,16657.75,1785387599999,7851570.56879,52370,7036.987,3317240.51429,2026-07-30 04:00:00
1785387600000,470.82,477.97,470.5,476.76,33187.369,1785391199999,15762623.78505,76828,18969.528,9011138.05854,2026-07-30 05:00:00
1785391200000,476.77,477.57,472.77,472.87,21568.344,1785394799999,10236395.13805,57416,9957.576,4727141.8842,2026-07-30 06:00:00
1785394800000,472.86,476.03,471.27,473.29,24290.516,1785398399999,11505667.47194,69295,13145.415,6228377.63737,2026-07-30 07:00:00
1785398400000,473.28,477.16,473.25,475.93,19331.723,1785401999999,9192712.29286,48767,10011.937,4761501.61685,2026-07-30 08:00:00
1785402000000,475.91,477.6,475.43,476.26,18882.352,1785405599999,8997866.76991,50266,9336.639,4449227.87558,2026-07-30 09:00:00
1785405600000,476.26,478.93,472.37,473.24,29529.024,1785409199999,14051159.6807,63043,12403.154,5904612.56465,2026-07-30 10:00:00
1785409200000,473.24,477.62,472.72,476.54,24862.309,1785412799999,11812151.91623,53818,14983.947,7118658.89791,2026-07-30 11:00:00
1785412800000,476.55,478.59,474.69,474.98,24607.525,1785416399999,11729746.3886,62971,12621.965,6017649.79972,2026-07-30 12:00:00
1785416400000,474.98,479.83,472.53,475.01,41736.644,1785419999999,19866267.68633,85573,22146.013,10546355.05533,2026-07-30 13:00:00
1785420000000,475.01,476.1,471.0,474.11,32840.014,1785423599999,15558546.52655,84250,16379.934,7763483.84568,2026-07-30 14:00:00
1785423600000,474.12,477.38,473.2,476.36,23087.076,1785427199999,10971462.18907,64355,12956.001,6156608.56108,2026-07-30 15:00:00
1785427200000,476.36,477.41,472.77,473.87,19642.755,1785430799999,9328274.44089,52302,9494.172,4508363.98042,2026-07-30 16:00:00
1785430800000,473.86,475.75,471.22,474.79,20683.409,1785434399999,9785580.74363,52834,10040.999,4750897.47396,2026-07-30 17:00:00
1785434400000,474.81,474.98,471.66,472.34,10420.209,1785437999999,4927278.53064,30725,5216.664,2466841.12708,2026-07-30 18:00:00
1785438000000,472.33,475.06,471.9,474.16,11596.886,1785441599999,5489892.91782,34630,5547.175,2626502.74287,2026-07-30 19:00:00
1785441600000,474.16,475.98,472.35,472.38,11090.031,1785445199999,5256650.59192,38262,5952.324,2821639.30307,2026-07-30 20:00:00
1785445200000,472.38,473.06,470.77,471.95,10547.716,1785448799999,4977728.29809,28105,5349.669,2525011.5794,2026-07-30 21:00:00
1785448800000,471.94,474.42,470.8,473.15,15118.9,1785452399999,7148291.05663,42566,7565.366,3577758.99241,2026-07-30 22:00:00
1785452400000,473.14,475.15,469.81,469.86,20661.153,1785455999999,9756099.37536,49161,9493.205,4484075.28259,2026-07-30 23:00:00
1785456000000,469.87,472.1,467.67,471.77,25804.025,1785459599999,12134394.70914,62124,12350.01,5810137.38779,2026-07-31 00:00:00
1785459600000,471.78,477.64,466.11,466.46,47959.597,1785463199999,22643746.09362,103859,21103.271,9970349.80267,2026-07-31 01:00:00
1785463200000,466.45,468.12,460.1,462.25,51088.203,1785466799999,23687309.45998,97955,24310.676,11280215.51917,2026-07-31 02:00:00
1785466800000,462.25,463.27,460.02,460.17,22935.104,1785470399999,10581882.61311,55272,12906.791,5956185.71567,2026-07-31 03:00:00
1785470400000,460.17,461.04,455.67,458.69,37718.519,1785473999999,17282151.40294,71045,18821.625,8626679.55046,2026-07-31 04:00:00
1785474000000,458.7,464.14,458.44,461.89,34605.572,1785477599999,15961278.01532,67249,21452.896,9895656.97371,2026-07-31 05:00:00
1785477600000,461.9,463.39,459.13,460.6,21634.528,1785481199999,9978501.8839,53976,10688.357,4929823.33473,2026-07-31 06:00:00
1785481200000,460.59,460.59,456.8,458.73,34166.616,1785484799999,15641333.59369,67997,13883.905,6358148.43839,2026-07-31 07:00:00
1785484800000,458.73,460.48,457.28,459.67,20965.121,1785488399999,9622646.9498,51463,10101.584,4636359.25297,2026-07-31 08:00:00
1785488400000,459.68,460.27,455.43,456.41,29140.515,1785491999999,13320253.71955,57681,11617.713,5311042.05741,2026-07-31 09:00:00
1785492000000,456.41,461.3,456.02,459.55,19675.329,1785495599999,9040427.62794,51961,11432.956,5252592.73013,2026-07-31 10:00:00
1785495600000,459.54,462.12,459.33,460.28,13084.698,1785499199999,6027604.78563,38233,6169.403,2842762.03247,2026-07-31 11:00:00
1785499200000,460.27,460.36,457.15,458.22,14586.833,1785502799999,6685297.07367,50974,7112.738,3259720.99948,2026-07-31 12:00:00
1785502800000,458.21,461.42,457.01,457.69,28723.034,1785506399999,13188444.72194,84896,13463.635,6182429.57219,2026-07-31 13:00:00
1785506400000,457.68,459.92,452.0,454.0,86064.473,1785509999999,39222626.48287,161183,43413.708,19790746.81973,2026-07-31 14:00:00
1785510000000,453.99,457.57,452.28,454.31,46997.482,1785513599999,21409712.53864,102643,24285.173,11062853.34774,2026-07-31 15:00:00
1785513600000,454.3,460.84,453.8,458.8,38944.694,1785517199999,17836935.09873,95030,22470.525,10287749.83568,2026-07-31 16:00:00
1785517200000,458.79,462.18,458.7,461.87,19204.571,1785520799999,8851325.17044,61058,9649.173,4447389.02498,2026-07-31 17:00:00
1785520800000,461.86,463.38,457.16,458.53,17238.241,1785524399999,7928232.77776,54755,8611.569,3962327.89305,2026-07-31 18:00:00
1785524400000,458.54,459.81,456.38,457.0,11047.432,1785527999999,5057825.03824,48804,5924.579,2712838.90545,2026-07-31 19:00:00
1785528000000,456.95,458.9,456.29,456.54,10971.331,1785531599999,5018462.39616,44727,5788.232,2647818.08502,2026-07-31 20:00:00
1785531600000,456.54,457.04,453.35,454.78,19443.097,1785535199999,8851645.10061,42867,10209.228,4649055.69596,2026-07-31 21:00:00
1785535200000,454.77,456.95,454.03,455.57,10614.395,1785538799999,4838927.13989,37501,5631.314,2567238.49347,2026-07-31 22:00:00
1785538800000,455.58,459.08,455.58,457.57,10840.45,1785542399999,4960139.95442,36111,4700.018,2150476.11952,2026-07-31 23:00:00
1785542400000,457.58,461.14,457.58,459.41,19549.592,1785545999999,8991193.66302,47652,9665.233,4444508.50586,2026-08-01 00:00:00
1785546000000,459.41,461.13,458.24,460.99,13835.849,1785549599999,6354718.18642,37995,7677.405,3525888.16668,2026-08-01 01:00:00
1785549600000,461.0,462.15,459.81,460.76,10962.916,1785553199999,5051731.91247,37688,5330.319,2456390.12773,2026-08-01 02:00:00
1785553200000,460.77,464.95,459.19,464.03,17554.664,1785556799999,8113009.80979,50772,10699.917,4946746.15856,2026-08-01 03:00:00
1785556800000,464.04,468.8,462.86,464.55,38220.365,1785560399999,17794335.98441,77542,16500.757,7683270.07516,2026-08-01 04:00:00
1785560400000,464.57,466.4,462.2,463.36,17275.063,1785563999999,8014723.77052,45686,9351.626,4339642.87978,2026-08-01 05:00:00
1785564000000,463.36,464.65,462.78,463.93,8681.112,1785567599999,4026384.93945,32302,4574.542,2121927.27469,2026-08-01 06:00:00
1785567600000,463.93,465.65,463.58,465.05,10690.963,1785571199999,4966293.72266,34959,5711.194,2653392.98697,2026-08-01 07:00:00
1785571200000,465.05,467.79,464.31,465.81,14336.101,1785574799999,6679918.3633,39893,7798.564,3634092.67776,2026-08-01 08:00:00
1785574800000,465.8,467.5,463.66,463.77,14872.853,1785578399999,6925569.36854,43370,7588.24,3534486.84623,2026-08-01 09:00:00
1785578400000,463.77,464.73,461.84,463.73,17212.308,1785581999999,7977389.31309,44187,8415.015,3900612.48386,2026-08-01 10:00:00
1785582000000,463.73,465.18,462.78,464.82,8966.652,1785585599999,4161058.50991,27155,4583.766,2127047.77632,2026-08-01 11:00:00
1785585600000,464.82,466.96,464.51,464.78,17303.599,1785589199999,8059686.40594,40987,7604.022,3541968.77195,2026-08-01 12:00:00
1785589200000,464.79,468.0,464.34,467.09,17219.654,1785592799999,8035454.45034,40363,8451.933,3943475.78739,2026-08-01 13:00:00
1785592800000,467.1,471.88,466.07,470.49,30735.781,1785596399999,14424140.58775,62942,18979.353,8908986.81551,2026-08-01 14:00:00
1785596400000,470.49,471.99,468.21,469.99,23136.896,1785599999999,10881477.03962,60637,9721.078,4572653.88097,2026-08-01 15:00:00
1785600000000,470.0,473.58,468.88,471.96,26498.898,1785603599999,12487420.99624,66381,14225.146,6703459.77324,2026-08-01 16:00:00
1785603600000,471.96,472.28,466.0,466.4,32058.863,1785607199999,15029306.10934,88586,13127.338,6150032.56803,2026-08-01 17:00:00
1785607200000,466.39,466.4,457.95,463.4,75410.134,1785610799999,34813015.98052,136169,36865.824,17018546.46504,2026-08-01 18:00:00
1785610800000,463.4,465.99,462.26,463.23,43232.583,1785614399999,20067673.85393,70161,22717.103,10544266.71189,2026-08-01 19:00:00
1785614400000,463.22,464.97,461.18,462.16,11921.203,1785617999999,5514108.22593,38359,6014.089,2782538.33997,2026-08-01 20:00:00
1785618000000,462.15,464.92,460.15,463.4,15279.511,1785621599999,7064633.28898,41611,8259.669,3819492.31084,2026-08-01 21:00:00
1785621600000,463.4,463.79,461.34,461.41,9744.705,1785625199999,4507208.80076,30018,4594.925,2125185.11199,2026-08-01 22:00:00
1785625200000,461.41,462.77,461.18,461.51,6588.38,1785628799999,3042397.03063,21891,3925.875,1812952.44351,2026-08-01 23:00:00
1785628800000,461.51,465.95,461.48,463.71,21834.14,1785632399999,10136058.53009,45518,10486.742,4868038.83383,2026-08-02 00:00:00
1785632400000,463.71,469.81,463.45,467.53,27852.837,1785635999999,13019199.41247,54321,15528.191,7257337.31237,2026-08-02 01:00:00
1785636000000,467.53,476.0,466.86,473.36,64451.754,1785639599999,30481057.45104,109773,33536.688,15860965.42403,2026-08-02 02:00:00
1785639600000,473.36,474.67,471.4,473.1,23128.239,1785643199999,10945120.83466,57812,11691.036,5533457.86216,2026-08-02 03:00:00
1785643200000,473.1,478.0,472.04,474.99,38810.522,1785646799999,18447183.89768,63691,22825.039,10851657.16598,2026-08-02 04:00:00
1785646800000,475.0,476.27,473.08,473.99,17471.936,1785650399999,8293503.56027,38897,6668.991,3165699.95268,2026-08-02 05:00:00
1785650400000,474.0,474.75,472.37,472.91,10504.86,1785653999999,4975793.42773,29981,4911.15,2326875.63634,2026-08-02 06:00:00
1785654000000,472.91,475.76,471.13,471.72,23989.859,1785657599999,11353084.31977,47915,12309.536,5826157.2423,2026-08-02 07:00:00
1785657600000,471.72,474.98,471.33,473.51,19844.263,1785661199999,9396982.71467,44314,8013.232,3793709.42095,2026-08-02 08:00:00
1785661200000,473.51,475.93,472.39,474.44,18161.593,1785664799999,8619287.65062,44435,10609.013,5036460.64151,2026-08-02 09:00:00
1785664800000,474.43,476.52,473.04,474.0,15905.214,1785668399999,7551400.57863,38046,7955.963,3778649.00517,2026-08-02 10:00:00
1785668400000,473.99,474.45,469.5,470.45,30789.689,1785671999999,14517297.76107,62292,13332.903,6288223.52128,2026-08-02 11:00:00
1785672000000,470.46,474.95,470.31,474.23,20232.579,1785675599999,9561219.74393,45709,11427.525,5399730.73144,2026-08-02 12:00:00
1785675600000,474.23,474.99,471.62,472.2,13460.261,1785679199999,6368182.10988,32328,4892.064,2314435.64454,2026-08-02 13:00:00
1785679200000,472.19,473.0,470.86,471.51,12178.879,1785682799999,5749034.38699,31398,5972.345,2820018.63858,2026-08-02 14:00:00
1785682800000,471.51,473.48,471.0,471.69,10931.66,1785686399999,5159577.65493,29004,5269.593,2487562.03452,2026-08-02 15:00:00
1785686400000,471.67,473.94,469.61,470.92,18566.028,1785689999999,8749369.68869,40890,8838.973,4167247.00848,2026-08-02 16:00:00
1785690000000,470.92,472.33,470.3,471.02,8196.168,1785693599999,3862998.09275,26400,4983.861,2348958.70653,2026-08-02 17:00:00
1785693600000,471.02,477.72,471.01,474.65,26576.154,1785697199999,12608744.17402,50637,15023.076,7130638.50813,2026-08-02 18:00:00
1785697200000,474.64,487.97,474.09,485.18,73109.576,1785700799999,35276496.08061,97126,45902.906,22156229.92644,2026-08-02 19:00:00
1785700800000,485.19,493.0,485.18,490.75,77743.422,1785704399999,38033972.24056,121985,43693.756,21375337.61522,2026-08-02 20:00:00
1785704400000,490.75,495.7,489.6,491.74,43991.404,1785707999999,21658276.65853,87153,21376.098,10527827.84288,2026-08-02 21:00:00
1785708000000,491.74,494.68,486.19,488.54,36876.684,1785711599999,18075443.65704,84713,17755.788,8706468.10567,2026-08-02 22:00:00
1785711600000,488.55,490.27,486.8,489.63,23808.242,1785715199999,11634230.22342,62025,9942.428,4857722.69696,2026-08-02 23:00:00
1785715200000,489.62,489.86,482.06,485.27,37163.392,1785718799999,18004183.34459,78008,16588.41,8032303.35211,2026-08-03 00:00:00
1785718800000,485.26,485.26,478.04,479.53,34411.857,1785722399999,16534610.21914,68172,14482.511,6955895.45168,2026-08-03 01:00:00
1785722400000,479.53,479.93,475.33,477.09,28753.753,1785725999999,13733524.79425,55923,13360.497,6382334.45765,2026-08-03 02:00:00
1785726000000,477.09,478.0,474.4,475.55,24599.881,1785729599999,11721032.32423,57018,13084.001,6235956.26194,2026-08-03 03:00:00
1785729600000,475.54,477.99,474.65,476.02,21844.421,1785733199999,10414575.60543,54921,11603.446,5531543.59974,2026-08-03 04:00:00
1785733200000,476.03,478.33,475.29,476.81,14338.221,1785736799999,6834753.92002,49761,7998.527,3812441.97707,2026-08-03 05:00:00
1785736800000,476.81,476.87,471.62,472.9,29650.332,1785740399999,14043582.00392,64645,13715.69,6496935.53852,2026-08-03 06:00:00
1785740400000,472.91,474.11,470.62,471.51,23279.751,1785743999999,10990200.25389,55606,11534.033,5445939.81037,2026-08-03 07:00:00
1785744000000,471.48,474.54,470.94,473.68,34088.176,1785747599999,16115447.57244,63185,19991.138,9451449.91686,2026-08-03 08:00:00
1785747600000,473.68,476.83,473.24,476.47,20721.334,1785751199999,9846335.69764,41595,13099.649,6224810.2837,2026-08-03 09:00:00
1785751200000,476.46,481.7,475.31,481.18,53688.67,1785754799999,25717077.44735,81115,32127.517,15390631.43949,2026-08-03 10:00:00
1785754800000,481.18,483.38,477.49,481.88,37652.782,1785758399999,18121423.13264,70246,20140.874,9697431.57547,2026-08-03 11:00:00
1785758400000,481.89,485.73,481.58,483.78,40258.628,1785761999999,19473596.91508,71969,24720.86,11958919.3766,2026-08-03 12:00:00
1785762000000,483.77,494.53,481.86,492.95,81921.557,1785765599999,39953679.0514,143091,45406.894,22155188.47862,2026-08-03 13:00:00
1785765600000,492.93,494.92,487.75,491.58,72988.068,1785769199999,35855180.10861,144623,38002.662,18674882.61884,2026-08-03 14:00:00
1785769200000,491.57,491.68,487.68,488.5,36277.403,1785772799999,17743675.75895,90131,16189.299,7918163.38832,2026-08-03 15:00:00
1785772800000,488.5,493.17,487.61,491.16,27193.06,1785776399999,13330295.03165,71744,14459.548,7089757.9833,2026-08-03 16:00:00
1785776400000,491.17,492.76,489.16,490.9,19644.285,1785779999999,9644533.95461,50292,9920.406,4870396.54224,2026-08-03 17:00:00
1785780000000,490.9,491.43,487.31,487.51,18613.962,1785783599999,9111302.04321,44376,7184.072,3517754.9895,2026-08-03 18:00:00
1785783600000,487.51,488.48,485.53,485.83,23873.745,1785787199999,11621722.08184,56086,11451.861,5575978.49371,2026-08-03 19:00:00
1785787200000,485.82,488.78,484.28,485.01,21439.947,1785790799999,10425227.23041,47148,11070.44,5383959.06593,2026-08-03 20:00:00
1785790800000,485.0,485.45,483.5,483.73,14885.358,1785794399999,7205891.8748,30319,5887.725,2850486.9779,2026-08-03 21:00:00
1785794400000,483.72,485.1,479.59,481.26,24443.325,1785797999999,11780048.34405,47119,11358.612,5474761.5223,2026-08-03 22:00:00
1785798000000,481.25,483.68,479.1,482.97,25868.948,1785801599999,12445294.5691,49272,15272.903,7348336.25449,2026-08-03 23:00:00
1785801600000,482.96,484.52,478.49,479.53,31857.984,1785805199999,15341770.32238,69465,16617.861,8003664.83875,2026-08-04 00:00:00
1785805200000,479.53,483.93,477.66,483.45,28723.968,1785808799999,13806701.25285,76787,16619.043,7990116.53698,2026-08-04 01:00:00
1785808800000,483.46,486.51,481.16,484.87,27443.043,1785812399999,13288116.927,67172,14258.916,6908824.88312,2026-08-04 02:00:00
1785812400000,484.86,486.8,480.94,484.81,23378.835,1785815999999,11308636.30858,56755,11908.275,5760443.49862,2026-08-04 03:00:00
1785816000000,484.8,489.94,483.98,486.7,25630.1,1785819599999,12477063.05772,54202,14746.197,7179996.80028,2026-08-04 04:00:00
1785819600000,486.7,489.64,486.02,488.88,14430.396,1785823199999,7042813.66225,40415,6805.03,3321581.75887,2026-08-04 05:00:00
1785823200000,488.87,489.56,484.55,485.61,19971.667,1785826799999,9717151.71283,47451,8732.56,4246993.4972,2026-08-04 06:00:00
1785826800000,485.62,489.28,484.03,487.39,20009.019,1785830399999,9744219.54251,48102,10741.933,5230898.58417,2026-08-04 07:00:00
1785830400000,487.39,488.68,485.46,486.81,13812.654,1785833999999,6721462.64804,31558,5711.532,2779573.10547,2026-08-04 08:00:00
1785834000000,486.8,487.85,485.0,485.88,12781.482,1785837599999,6216120.26569,32194,6064.628,2949856.18594,2026-08-04 09:00:00
1785837600000,485.88,489.8,484.09,488.91,18734.632,1785841199999,9115830.44838,39409,9853.075,4796663.21899,2026-08-04 10:00:00
1785841200000,488.9,489.68,485.97,488.55,19541.649,1785844799999,9541399.80702,42932,9438.297,4610676.94568,2026-08-04 11:00:00
1785844800000,488.54,488.54,485.68,486.79,15390.995,1785848399999,7497988.39402,41131,7777.176,3788978.00032,2026-08-04 12:00:00
1785848400000,486.78,488.6,484.14,486.51,25926.395,1785851999999,12604091.61163,73435,13355.73,6493129.21004,2026-08-04 13:00:00
1785852000000,486.52,492.77,485.25,492.21,48760.715,1785855599999,23873838.20632,91524,29336.572,14362999.41274,2026-08-04 14:00:00
1785855600000,492.21,499.6,489.08,498.39,71829.752,1785859199999,35534108.26628,108924,42275.817,20923041.93324,2026-08-04 15:00:00
1785859200000,498.38,499.7,493.05,494.13,36864.408,1785862799999,18289288.1596,77316,16276.284,8072965.84574,2026-08-04 16:00:00
1785862800000,494.12,503.2,493.85,499.92,57018.643,1785866399999,28492997.98128,98791,31351.062,15668809.32968,2026-08-04 17:00:00
1785866400000,499.91,508.95,499.6,505.51,69339.829,1785869999999,34988004.31051,112015,39629.692,19999082.97933,2026-08-04 18:00:00
1785870000000,505.51,508.83,504.64,507.33,29174.96,1785873599999,14783533.79969,75557,13093.284,6634893.17925,2026-08-04 19:00:00
1785873600000,507.33,507.72,502.25,505.73,33296.492,1785877199999,16809851.25999,75908,15409.709,7780645.46719,2026-08-04 20:00:00
1785877200000,505.74,506.97,502.7,502.74,16844.59,1785880799999,8498585.17535,46156,7365.301,3716693.34687,2026-08-04 21:00:00
1785880800000,502.74,513.44,501.76,509.43,48009.56,1785884399999,24372351.40296,87495,26342.955,13383180.64752,2026-08-04 22:00:00
1785884400000,509.42,509.77,505.21,506.32,24595.619,1785887999999,12472618.92741,64676,10474.746,5312657.40923,2026-08-04 23:00:00
1785888000000,506.32,506.55,502.8,504.01,26676.22,1785891599999,13447650.01769,60231,13101.84,6603911.20518,2026-08-05 00:00:00
1785891600000,504.0,511.96,503.33,511.68,29061.165,1785895199999,14764259.79897,69439,16439.878,8354977.94759,2026-08-05 01:00:00
1785895200000,511.67,518.91,511.2,514.54,76531.165,1785898799999,39435986.53692,119381,43042.315,22179608.87664,2026-08-05 02:00:00
1785898800000,514.54,515.73,508.94,512.76,46818.32,1785902399999,23960821.40395,87302,23617.097,12086113.98871,2026-08-05 03:00:00
1785902400000,512.76,514.37,511.25,512.83,18974.15,1785905999999,9728048.3944,48437,9299.476,4768555.00701,2026-08-05 04:00:00
1785906000000,512.83,519.8,512.44,518.52,38852.846,1785909599999,20100094.49257,78031,21989.249,11375403.49621,2026-08-05 05:00:00
1785909600000,518.52,521.33,516.2,519.55,39201.24,1785913199999,20342578.08508,79680,22454.888,11657351.63469,2026-08-05 06:00:00
1785913200000,519.55,520.19,515.02,517.44,33155.409,1785916799999,17142019.83065,72134,15327.67,7926394.40485,2026-08-05 07:00:00
1785916800000,517.44,520.32,516.31,517.55,26929.628,1785920399999,13951532.71727,55602,12406.061,6427335.38155,2026-08-05 08:00:00
1785920400000,517.55,518.76,516.0,516.16,19689.107,1785923999999,10180401.00714,44326,9076.828,4694495.52139,2026-08-05 09:00:00
1785924000000,516.16,519.24,515.42,515.64,24565.865,1785927599999,12702279.93928,55413,11160.427,5772973.55094,2026-08-05 10:00:00
1785927600000,515.65,517.53,513.46,517.43,27743.994,1785931199999,14295943.07705,57634,14696.345,7574407.81823,2026-08-05 11:00:00
1785931200000,517.43,525.7,516.32,522.22,75398.159,1785934799999,39367971.19714,120658,40382.866,21085463.80703,2026-08-05 12:00:00
1785934800000,522.22,522.99,513.81,519.45,75559.839,1785938399999,39143266.70406,126018,40355.542,20907454.58703,2026-08-05 13:00:00
1785938400000,519.45,523.99,515.81,518.13,53585.246,1785941999999,27841638.89905,120113,27062.061,14063426.30141,2026-08-05 14:00:00
1785942000000,518.13,521.45,515.56,515.87,31548.104,1785945599999,16362830.13433,84119,15171.903,7870217.09581,2026-08-05 15:00:00
1785945600000,515.86,523.35,515.83,521.24,36610.789,1785949199999,19046240.98864,79789,18066.939,9401135.44059,2026-08-05 16:00:00
1785949200000,521.24,523.9,518.2,518.22,32884.95,1785952799999,17147339.9628,74833,16626.765,8670983.37217,2026-08-05 17:00:00
1785952800000,518.22,520.97,518.16,519.97,18036.099,1785956399999,9368128.92766,59470,10947.611,5686555.43523,2026-08-05 18:00:00
1785956400000,519.98,522.51,516.1,517.26,28279.694,1785959999999,14673890.02775,65460,13528.733,7019912.94349,2026-08-05 19:00:00
1785960000000,517.25,522.09,516.25,518.17,23015.433,1785963599999,11949443.83575,57984,11832.974,6143753.79884,2026-08-05 20:00:00
1785963600000,518.17,518.71,515.83,517.95,18671.052,1785967199999,9652640.85174,42456,9364.334,4841461.19473,2026-08-05 21:00:00
1785967200000,517.94,518.81,515.0,515.39,15405.977,1785970799999,7955953.88279,41692,7383.303,3813081.56681,2026-08-05 22:00:00
1785970800000,515.39,516.71,511.04,512.02,31851.698,1785974399999,16364964.02779,52358,14081.207,7239063.4942,2026-08-05 23:00:00
1785974400000,512.01,512.56,506.86,510.28,42914.925,1785977999999,21890752.36133,79877,20960.698,10695675.97918,2026-08-06 00:00:00
1785978000000,510.27,510.44,505.53,507.59,37749.705,1785981599999,19176421.80413,70832,17349.077,8816364.51024,2026-08-06 01:00:00
1785981600000,507.59,508.99,505.98,508.04,25539.628,1785985199999,12959694.21738,58377,14318.082,7266474.20396,2026-08-06 02:00:00
1785985200000,508.04,509.58,506.25,509.14,19106.023,1785988799999,9705018.10175,44390,10218.164,5190997.70873,2026-08-06 03:00:00
1785988800000,509.13,514.73,508.1,512.04,35557.76,1785992399999,18174989.05044,61428,19951.555,10202323.1915,2026-08-06 04:00:00
1785992400000,512.03,513.69,508.42,509.37,25218.216,1785995999999,12878893.82895,56912,11302.692,5774015.00265,2026-08-06 05:00:00
1785996000000,509.37,509.49,506.36,508.19,21757.755,1785999599999,11053293.68774,47224,10539.478,5354549.83699,2026-08-06 06:00:00
1785999600000,508.18,510.12,507.0,507.96,18043.52,1786003199999,9177088.60624,41704,10121.805,5149242.5051,2026-08-06 07:00:00
1786003200000,507.95,508.03,503.27,506.49,34579.17,1786006799999,17485276.61155,60174,16993.046,8593125.67942,2026-08-06 08:00:00
1786006800000,506.48,507.06,500.79,503.45,40633.016,1786010399999,20451850.76788,62428,20231.74,10182490.26507,2026-08-06 09:00:00
1786010400000,503.44,503.8,494.31,495.23,57296.733,1786013999999,28583717.75293,79128,19357.307,9663606.48116,2026-08-06 10:00:00
1786014000000,495.26,495.86,491.51,494.61,55931.644,1786017599999,27641132.76599,90500,30268.0,14960120.572,2026-08-06 11:00:00
1786017600000,494.6,494.79,489.64,492.02,46858.269,1786021199999,23050987.41698,85217,19397.657,9544988.07351,2026-08-06 12:00:00
1786021200000,492.01,495.19,488.24,492.85,58818.362,1786024799999,28916594.8313,114146,31395.679,15440112.99425,2026-08-06 13:00:00
1786024800000,492.85,495.85,490.3,494.73,57821.116,1786028399999,28528782.63516,100669,33194.743,16381435.57284,2026-08-06 14:00:00
1786028400000,494.73,498.48,491.91,492.21,54576.622,1786031999999,27063976.29078,96650,24756.438,12279533.71493,2026-08-06 15:00:00
1786032000000,492.2,495.67,492.01,495.56,33911.41,1786035599999,16736390.92934,75359,17389.102,8582467.00233,2026-08-06 16:00:00
1786035600000,495.55,497.92,494.96,496.87,23352.521,1786039199999,11591034.2656,53510,12423.95,6166845.03627,2026-08-06 17:00:00
1786039200000,496.87,497.39,494.02,495.11,18744.977,1786042799999,9289433.9614,47261,9100.819,4509994.3243,2026-08-06 18:00:00
1786042800000,495.1,496.92,491.69,492.73,24964.993,1786046399999,12328872.26761,50484,12224.782,6037041.90496,2026-08-06 19:00:00
1786046400000,492.74,495.25,492.54,493.12,11307.47,1786049999999,5586549.47013,32780,5526.09,2730524.36562,2026-08-06 20:00:00
1786050000000,493.12,496.19,493.12,495.12,10925.187,1786053599999,5406803.92104,28176,5793.36,2866929.26327,2026-08-06 21:00:00
1786053600000,495.12,496.88,494.25,495.28,12828.739,1786057199999,6353897.15635,34137,6593.279,3264967.16748,2026-08-06 22:00:00
1786057200000,495.28,503.71,493.79,502.36,41974.132,1786060799999,20957423.63433,56756,24477.93,12226587.85595,2026-08-06 23:00:00
1786060800000,502.36,506.79,499.42,505.68,45792.408,1786064399999,23052647.05521,98180,24614.666,12393881.05071,2026-08-07 00:00:00
1786064400000,505.68,507.51,502.97,505.9,23051.784,1786067999999,11642909.55683,68730,10978.346,5545901.40064,2026-08-07 01:00:00
1786068000000,505.9,507.93,500.61,504.96,35714.165,1786071599999,18024209.76288,67506,16105.159,8135517.23668,2026-08-07 02:00:00
1786071600000,504.95,506.31,503.23,504.12,15563.793,1786075199999,7850031.04698,45644,7422.356,3743630.416,2026-08-07 03:00:00
1786075200000,504.12,505.55,501.8,503.61,17459.657,1786078799999,8796351.79598,51596,8488.422,4277279.8713,2026-08-07 04:00:00
1786078800000,503.62,505.0,498.06,503.8,35403.015,1786082399999,17740525.88567,73309,16756.475,8398963.16848,2026-08-07 05:00:00
1786082400000,503.8,505.9,500.86,501.48,21933.455,1786085999999,11038765.05638,63250,10981.772,5528039.68588,2026-08-07 06:00:00
1786086000000,501.47,504.0,500.35,502.23,13774.658,1786089599999,6916917.86003,38503,7186.797,3609914.70376,2026-08-07 07:00:00
1786089600000,502.24,505.68,502.22,505.19,20623.767,1786093199999,10405376.64014,46700,10862.474,5480640.37863,2026-08-07 08:00:00
1786093200000,505.19,511.97,503.9,511.32,49664.511,1786096799999,25228137.73612,85771,28127.1,14292095.10163,2026-08-07 09:00:00
1786096800000,511.32,513.14,507.65,508.57,26456.014,1786100399999,13492275.13759,55333,12622.837,6437163.35262,2026-08-07 10:00:00
1786100400000,508.55,513.13,508.27,511.71,36267.727,1786103999999,18536169.52299,73457,20022.56,10234711.22487,2026-08-07 11:00:00
1786104000000,511.71,515.0,507.33,511.47,64025.713,1786107599999,32726306.56299,126289,32775.08,16766132.96627,2026-08-07 12:00:00
1786107600000,511.46,513.57,509.51,510.45,26743.521,1786111199999,13671987.23947,77307,12936.989,6615744.95302,2026-08-07 13:00:00
1786111200000,510.45,511.29,506.53,509.19,45126.738,1786114799999,22966468.75473,98840,22275.246,11337534.46207,2026-08-07 14:00:00
1786114800000,509.2,512.7,507.21,512.03,27727.823,1786118399999,14149725.52891,63529,13494.187,6887705.30287,2026-08-07 15:00:00
1786118400000,512.03,517.86,511.88,514.16,42909.051,1786121999999,22070988.30164,92611,20985.987,10795600.93109,2026-08-07 16:00:00
1786122000000,514.15,514.68,509.0,511.74,29271.674,1786125599999,14963074.98941,73150,13721.023,7013867.75708,2026-08-07 17:00:00
1786125600000,511.74,513.4,508.68,509.68,17519.765,1786129199999,8947361.25342,42545,7610.912,3887224.07234,2026-08-07 18:00:00
1786129200000,509.68,515.0,509.41,513.86,17941.492,1786132799999,9209637.65371,48683,8260.472,4238913.95201,2026-08-07 19:00:00
1786132800000,513.87,513.97,510.55,511.31,10112.938,1786136399999,5177510.94717,36595,4834.383,2474378.18051,2026-08-07 20:00:00
1786136400000,511.31,512.59,509.0,510.26,11214.895,1786139999999,5728397.36576,30721,5239.372,2677246.10704,2026-08-07 21:00:00
1786140000000,510.25,511.09,507.38,509.27,20310.106,1786143599999,10341973.20715,39608,11917.352,6070681.06516,2026-08-07 22:00:00
1786143600000,509.28,512.7,508.66,511.16,14702.185,1786147199999,7507639.93969,34073,8871.038,4529131.4027,2026-08-07 23:00:00
1786147200000,511.15,511.46,506.59,506.95,14955.471,1786150799999,7604734.96673,34819,6254.596,3181238.35581,2026-08-08 00:00:00
1786150800000,506.94,508.9,505.72,506.97,16227.193,1786154399999,8235428.28719,37709,8178.411,4151801.71042,2026-08-08 01:00:00
1786154400000,506.96,507.7,504.67,506.66,14867.339,1786157999999,7520212.8954,37684,6947.341,3514987.95843,2026-08-08 02:00:00
1786158000000,506.67,510.2,506.5,509.66,16327.781,1786161599999,8304582.8445,43684,9281.506,4720688.3239,2026-08-08 03:00:00
1786161600000,509.65,510.5,507.3,507.85,12907.207,1786165199999,6564242.31751,32069,6263.416,3185721.2404,2026-08-08 04:00:00
1786165200000,507.85,508.35,506.08,506.97,8430.15,1786168799999,4276993.29119,27926,4147.413,2104410.65834,2026-08-08 05:00:00
1786168800000,506.97,507.46,504.69,505.42,15214.987,1786172399999,7694659.74251,35845,7489.567,3787598.53479,2026-08-08 06:00:00
1786172400000,505.41,506.65,503.03,504.38,17179.704,1786175999999,8673279.22378,35343,7975.72,4027520.13528,2026-08-08 07:00:00
1786176000000,504.38,506.54,503.85,506.36,14315.744,1786179599999,7234043.43042,31839,8569.845,4330421.97442,2026-08-08 08:00:00
1786179600000,506.36,507.69,505.23,505.71,13405.682,1786183199999,6789268.97482,35608,7220.861,3657329.1618,2026-08-08 09:00:00
1786183200000,505.71,508.58,505.07,505.09,19054.003,1786186799999,9659650.49966,41282,10071.79,5106436.52665,2026-08-08 10:00:00
1786186800000,505.08,505.64,497.53,498.04,61546.337,1786190399999,30795904.79909,108230,27034.393,13527931.26619,2026-08-08 11:00:00
1786190400000,498.04,501.69,497.32,500.06,38129.519,1786193999999,19057306.66104,66247,19502.609,9747019.96986,2026-08-08 12:00:00
1786194000000,500.05,503.12,499.9,502.23,24217.081,1786197599999,12151263.97972,43647,12316.014,6179335.66163,2026-08-08 13:00:00
1786197600000,502.22,505.0,501.4,504.88,24206.177,1786201199999,12181759.67161,53328,13111.144,6599735.67219,2026-08-08 14:00:00
1786201200000,504.86,506.65,503.62,505.02,19250.59,1786204799999,9723641.74643,49699,9560.017,4829679.87152,2026-08-08 15:00:00
1786204800000,505.02,507.75,503.6,507.52,17478.612,1786208399999,8842723.6215,45302,9914.821,5017677.80811,2026-08-08 16:00:00
1786208400000,507.52,507.98,505.69,506.82,14246.742,1786211999999,7220017.88032,37768,6842.867,3468507.7549,2026-08-08 17:00:00
1786212000000,506.81,506.81,503.61,505.29,11113.658,1786215599999,5613441.71743,27228,3661.703,1848656.50612,2026-08-08 18:00:00
1786215600000,505.29,511.4,504.91,510.03,23118.168,1786219199999,11776044.67527,41857,12557.201,6396138.06477,2026-08-08 19:00:00
1786219200000,510.02,511.88,509.33,510.03,12654.467,1786222799999,6459351.04052,33189,6640.884,3390076.26176,2026-08-08 20:00:00
1786222800000,510.02,510.73,507.51,510.39,11530.67,1786226399999,5873220.85916,27586,5013.6,2554226.53623,2026-08-08 21:00:00
1786226400000,510.39,511.41,506.58,506.91,12360.782,1786229999999,6288478.14091,31649,4274.663,2175478.21304,2026-08-08 22:00:00
1786230000000,506.91,508.46,506.47,507.85,8652.287,1786233599999,4389982.51023,24463,4737.409,2403747.50253,2026-08-08 23:00:00
1786233600000,507.84,509.0,504.62,508.27,14797.747,1786237199999,7504030.99441,32035,7622.655,3865888.37878,2026-08-09 00:00:00
1786237200000,508.26,514.8,507.51,512.81,31166.666,1786240799999,15937039.33584,67594,18220.714,9317630.42075,2026-08-09 01:00:00
1786240800000,512.81,514.99,511.49,511.95,21908.303,1786244399999,11242521.29414,59873,10078.4,5172768.04428,2026-08-09 02:00:00
1786244400000,511.94,512.8,509.48,510.75,15059.478,1786247999999,7701288.55399,45428,7237.06,3702432.8367,2026-08-09 03:00:00
1786248000000,510.74,513.51,510.54,512.36,11739.024,1786251599999,6013748.19011,34210,5440.379,2786485.28401,2026-08-09 04:00:00
1786251600000,512.36,512.62,508.62,509.91,18009.648,1786255199999,9186347.37577,44457,9864.127,5030787.15008,2026-08-09 05:00:00
1786255200000,509.9,510.99,508.27,509.58,14830.1,1786258799999,7557478.70469,38279,8852.939,4511898.72877,2026-08-09 06:00:00
1786258800000,509.57,513.41,509.38,512.41,20104.827,1786262399999,10295168.05277,51789,10124.528,5183279.78029,2026-08-09 07:00:00
1786262400000,512.4,514.24,510.8,512.37,25855.564,1786265999999,13252835.31709,48444,13865.423,7108514.61857,2026-08-09 08:00:00
1786266000000,512.36,524.04,512.27,521.01,80069.092,1786269599999,41500403.94024,129054,47622.93,24682400.13956,2026-08-09 09:00:00
1786269600000,521.01,531.91,521.01,524.79,105313.374,1786273199999,55352205.20595,170980,58933.612,30982435.21752,2026-08-09 10:00:00
1786273200000,524.78,525.89,522.42,524.09,24242.451,1786276799999,12700864.70495,64410,11407.353,5976691.33333,2026-08-09 11:00:00
1786276800000,524.09,524.45,520.02,521.96,25471.905,1786280399999,13298122.25378,64302,12188.06,6363451.57124,2026-08-09 12:00:00
1786280400000,521.96,526.99,521.56,523.01,34405.832,1786283999999,18057832.73052,78318,15905.769,8349448.63909,2026-08-09 13:00:00
1786284000000,523.0,524.5,522.48,523.54,16514.098,1786287599999,8642833.82866,46721,8231.554,4308435.87786,2026-08-09 14:00:00
1786287600000,523.53,523.65,521.1,522.85,17639.79,1786291199999,9213985.47673,44542,8238.224,4303274.45837,2026-08-09 15:00:00
1786291200000,522.85,523.44,515.3,518.03,46769.631,1786294799999,24246647.80096,81274,19557.956,10137699.73182,2026-08-09 16:00:00
1786294800000,518.04,518.4,513.01,514.57,48378.923,1786298399999,24941918.99914,64284,18404.432,9490589.22642,2026-08-09 17:00:00
1786298400000,514.57,515.88,513.88,514.72,17781.583,1786301999999,9155564.27315,41436,10986.156,5656946.32013,2026-08-09 18:00:00
1786302000000,514.71,515.87,514.4,515.01,11635.232,1786305599999,5993319.70736,25507,6904.429,3556641.91372,2026-08-09 19:00:00
1786305600000,515.0,516.3,514.16,515.98,13007.941,1786309199999,6701019.50841,33516,6760.191,3482961.12906,2026-08-09 20:00:00
1786309200000,515.97,519.7,515.65,518.74,16174.459,1786312799999,8366379.81818,34281,9764.91,5051347.23226,2026-08-09 21:00:00
1786312800000,518.73,520.45,511.86,513.2,31530.843,1786316399999,16267100.38366,59785,14659.393,7567630.90529,2026-08-09 22:00:00
1786316400000,513.2,514.37,509.39,509.6,30643.684,1786319999999,15669793.03867,61009,14095.719,7210672.54133,2026-08-09 23:00:00
1786320000000,509.6,516.24,507.75,508.08,54143.058,1786323599999,27706550.14104,107542,25602.423,13106855.58975,2026-08-10 00:00:00
1786323600000,508.09,513.66,505.8,511.98,33476.725,1786327199999,17052615.36305,75597,18297.586,9322188.77176,2026-08-10 01:00:00
1786327200000,511.98,512.26,507.02,510.81,22181.043,1786330799999,11298341.13629,56336,10655.404,5428183.26987,2026-08-10 02:00:00
1786330800000,510.81,511.26,507.3,508.06,16985.035,1786334399999,8640912.62674,50382,8445.818,4296076.07928,2026-08-10 03:00:00
1786334400000,508.05,509.25,505.35,506.14,18612.033,1786337999999,9444873.96015,55438,8951.516,4543951.68971,2026-08-10 04:00:00
1786338000000,506.13,510.71,505.44,509.71,20863.116,1786341599999,10606023.49112,54132,10589.776,5384084.41449,2026-08-10 05:00:00
1786341600000,509.71,511.34,509.0,510.95,15479.112,1786345199999,7897767.03571,49646,8701.351,4439739.73071,2026-08-10 06:00:00
1786345200000,510.95,511.17,508.13,508.71,20817.232,1786348799999,10601839.47996,46857,8919.419,4542737.83676,2026-08-10 07:00:00
1786348800000,508.71,513.51,508.13,510.96,24082.708,1786352399999,12300419.31973,52997,13993.948,7147266.96449,2026-08-10 08:00:00
1786352400000,510.95,511.06,503.5,504.33,32207.197,1786355999999,16322079.77879,66967,13998.522,7096693.99348,2026-08-10 09:00:00
1786356000000,504.32,507.65,504.13,507.09,18980.755,1786359599999,9611476.65718,50534,10984.012,5561571.11828,2026-08-10 10:00:00
1786359600000,507.08,508.46,506.08,508.41,16634.222,1786363199999,8439529.61121,39144,7456.254,3783570.77259,2026-08-10 11:00:00
1786363200000,508.41,509.25,500.04,502.8,63237.272,1786366799999,31824218.76698,94711,27528.931,13857773.47688,2026-08-10 12:00:00
1786366800000,502.79,506.78,502.55,506.46,36445.635,1786370399999,18391807.19477,85659,18400.097,9286707.34421,2026-08-10 13:00:00
1786370400000,506.46,508.29,501.9,502.8,32198.189,1786373999999,16255230.33321,65124,16255.026,8207399.30466,2026-08-10 14:00:00
1786374000000,502.79,504.08,497.67,501.42,68802.305,1786377599999,34445746.4319,101097,30411.019,15234837.17371,2026-08-10 15:00:00
1786377600000,501.41,504.06,493.78,497.22,61190.707,1786381199999,30536622.73123,98259,27879.667,13924113.19916,2026-08-10 16:00:00
1786381200000,497.22,497.56,492.58,497.08,44120.277,1786384799999,21868312.63357,81417,19463.803,9653686.35604,2026-08-10 17:00:00
1786384800000,497.07,498.69,496.03,496.37,19999.223,1786388399999,9949751.95192,51011,11114.432,5530212.70891,2026-08-10 18:00:00
1786388400000,496.37,501.29,496.37,498.16,30883.861,1786391999999,15419028.15034,52213,15586.03,7781900.77044,2026-08-10 19:00:00
1786392000000,498.17,500.7,497.43,498.17,18627.02,1786395599999,9295321.41469,40338,11657.405,5817363.79626,2026-08-10 20:00:00
1786395600000,498.16,498.68,495.6,498.25,19152.484,1786399199999,9518875.98011,33003,11131.435,5532063.32647,2026-08-10 21:00:00
1786399200000,498.25,499.2,495.84,495.87,10989.313,1786402799999,5464635.37739,36594,5809.834,2889468.41538,2026-08-10 22:00:00
1786402800000,495.86,498.36,494.93,496.18,21113.344,1786406399999,10476426.21849,44170,11349.881,5634581.72113,2026-08-10 23:00:00
1786406400000,496.18,497.03,494.31,495.47,18107.112,1786409999999,8973940.83606,42082,9738.53,4827328.33133,2026-08-11 00:00:00
1786410000000,495.47,495.49,489.6,492.41,59900.338,1786413599999,29446821.12873,79684,24149.785,11874460.27771,2026-08-11 01:00:00
1786413600000,492.4,494.59,491.3,493.75,21061.843,1786417199999,10376500.25749,51495,13517.048,6660012.72925,2026-08-11 02:00:00
1786417200000,493.75,495.12,492.72,493.85,20015.67,1786420799999,9885401.13722,46515,11443.639,5652874.78517,2026-08-11 03:00:00
1786420800000,493.84,494.47,491.83,493.58,14016.835,1786424399999,6912601.32228,42552,7523.933,3710620.41349,2026-08-11 04:00:00
1786424400000,493.57,493.98,490.87,491.84,14736.078,1786427999999,7254601.95008,38145,6990.049,3441854.27778,2026-08-11 05:00:00
1786428000000,491.84,492.25,489.02,490.78,21190.449,1786431599999,10395303.74604,43644,8774.833,4305715.86812,2026-08-11 06:00:00
1786431600000,490.79,490.98,485.28,487.65,41706.031,1786435199999,20340051.24379,63548,16787.985,8190927.26784,2026-08-11 07:00:00
1786435200000,487.66,488.19,484.02,486.76,30084.265,1786438799999,14623163.12155,49800,14229.243,6917672.82072,2026-08-11 08:00:00
1786438800000,486.75,487.11,484.7,486.87,22718.182,1786442399999,11038145.72221,45376,12625.093,6134472.21045,2026-08-11 09:00:00
1786442400000,486.86,486.86,483.55,483.82,24362.527,1786445999999,11813334.85932,51897,9782.494,4744353.89277,2026-08-11 10:00:00
1786446000000,483.82,490.46,483.82,489.36,58622.592,1786449599999,28612350.71784,82080,38384.204,18729702.01838,2026-08-11 11:00:00
1786449600000,489.35,489.63,485.1,485.54,32973.164,1786453199999,16055731.67991,63622,14528.03,7075167.32973,2026-08-11 12:00:00
1786453200000,485.54,488.08,484.39,485.53,16324.91,1786456799999,7935456.73924,62473,8486.149,4126476.89771,2026-08-11 13:00:00
1786456800000,485.53,485.88,474.12,477.24,97602.255,1786460399999,46755114.29094,140987,44301.985,21220674.02281,2026-08-11 14:00:00
1786460400000,477.24,477.39,469.64,470.9,103868.853,1786463999999,49107909.67048,140840,40559.004,19181061.14462,2026-08-11 15:00:00
1786464000000,470.9,472.49,466.28,467.56,75423.846,1786467599999,35351028.0868,127208,34368.913,16116592.8947,2026-08-11 16:00:00
1786467600000,467.56,473.81,466.68,470.41,51442.607,1786471199999,24227501.53177,104899,30420.558,14327568.47701,2026-08-11 17:00:00
1786471200000,470.42,473.4,470.42,472.26,27862.393,1786474799999,13147822.23849,60719,16761.012,7908925.70477,2026-08-11 18:00:00
1786474800000,472.27,476.85,471.44,476.36,30854.236,1786478399999,14633314.45518,67604,16376.93,7766239.8576,2026-08-11 19:00:00
1786478400000,476.37,478.53,475.46,478.21,28147.789,1786481999999,13422044.56898,60812,15748.399,7510568.00041,2026-08-11 20:00:00
1786482000000,478.21,482.49,478.0,480.99,31067.882,1786485599999,14917764.45118,51714,16700.258,8019696.05066,2026-08-11 21:00:00
1786485600000,480.99,484.94,479.34,480.1,38383.917,1786489199999,18487969.90596,58761,18126.835,8734789.4984,2026-08-11 22:00:00
1786489200000,480.1,481.9,478.31,481.41,21336.367,1786492799999,10236172.58497,47796,10785.987,5176914.09012,2026-08-11 23:00:00
1786492800000,481.4,483.12,480.36,482.4,19273.799,1786496399999,9287893.37129,52479,9696.808,4672887.75714,2026-08-12 00:00:00
1786496400000,482.4,484.79,479.79,479.91,18124.545,1786499999999,8736976.61438,49502,8727.894,4210664.54324,2026-08-12 01:00:00
1786500000000,479.92,481.88,479.24,481.47,16083.739,1786503599999,7731258.79377,43288,8467.42,4070610.76898,2026-08-12 02:00:00
1786503600000,481.46,483.11,480.68,482.36,13812.258,1786507199999,6658844.82902,39257,7071.677,3409445.28806,2026-08-12 03:00:00
1786507200000,482.37,483.47,481.06,482.33,14641.804,1786510799999,7060856.12819,41198,7187.494,3466395.6366,2026-08-12 04:00:00
1786510800000,482.34,484.52,481.59,483.22,11196.583,1786514399999,5406014.9419,31106,6385.283,3083515.75188,2026-08-12 05:00:00
1786514400000,483.22,486.14,476.08,477.51,50018.881,1786517999999,24026736.11936,70781,18957.576,9126285.50856,2026-08-12 06:00:00
1786518000000,477.52,479.72,477.05,479.17,14270.942,1786521599999,6832034.42693,38751,7620.272,3648395.29018,2026-08-12 07:00:00
1786521600000,479.17,479.46,474.28,474.79,25608.886,1786525199999,12199465.90778,43564,9930.013,4730388.62033,2026-08-12 08:00:00
1786525200000,474.79,481.56,474.28,479.54,42887.314,1786528799999,20517798.2138,76314,24524.429,11730311.86936,2026-08-12 09:00:00
1786528800000,479.54,485.99,478.79,485.33,46022.786,1786532399999,22223785.1366,85552,26243.763,12674101.58022,2026-08-12 10:00:00
1786532400000,485.33,492.67,484.52,490.63,69101.275,1786535999999,33795654.09791,103453,43879.479,21460244.14876,2026-08-12 11:00:00
1786536000000,490.62,495.67,488.8,493.14,86739.742,1786539599999,42669563.48135,140607,46198.391,22735460.74094,2026-08-12 12:00:00
1786539600000,493.13,495.06,488.41,488.9,50033.928,1786543199999,24606261.46728,124052,25094.296,12344481.75172,2026-08-12 13:00:00
1786543200000,488.89,490.42,484.54,486.57,51156.003,1786546799999,24925934.55939,116383,23244.98,11329311.7025,2026-08-12 14:00:00
1786546800000,486.56,488.99,483.56,485.59,35318.1,1786550399999,17164078.34036,81794,16971.042,8248582.505,2026-08-12 15:00:00
1786550400000,485.59,486.43,483.01,485.85,23740.125,1786553999999,11514008.23457,60589,11603.293,5628308.85764,2026-08-12 16:00:00
1786554000000,485.84,499.59,485.65,496.62,106401.649,1786557599999,52668964.65188,170147,56922.603,28149974.45412,2026-08-12 17:00:00
1786557600000,496.63,499.15,494.61,496.75,28633.84,1786561199999,14235412.16211,67752,13005.829,6465047.83129,2026-08-12 18:00:00
1786561200000,496.75,496.96,490.17,491.11,36367.152,1786564799999,17910407.33721,75197,15219.103,7492779.38104,2026-08-12 19:00:00
1786564800000,491.1,493.69,489.49,493.22,22716.395,1786568399999,11164701.96835,45541,13791.863,6780414.46989,2026-08-12 20:00:00
1786568400000,493.21,493.35,488.26,489.44,21201.626,1786571999999,10404913.94947,45617,9218.968,4525539.05157,2026-08-12 21:00:00
1786572000000,489.44,491.77,488.51,490.2,13776.906,1786575599999,6751226.49026,36649,7272.47,3564307.11161,2026-08-12 22:00:00
1786575600000,490.21,490.72,488.75,489.84,13980.1,1786579199999,6847838.05289,33924,6663.123,3263468.96046,2026-08-12 23:00:00
1786579200000,489.83,496.24,489.52,493.67,33720.012,1786582799999,16639079.3324,64176,18551.901,9151944.22357,2026-08-13 00:00:00
1786582800000,493.67,494.22,487.31,487.85,33223.264,1786586399999,16274734.84332,64992,13665.011,6690553.59408,2026-08-13 01:00:00
1786586400000,487.85,489.69,484.12,489.48,37836.223,1786589999999,18388735.60376,69678,19355.152,9408834.69445,2026-08-13 02:00:00
1786590000000,489.49,495.0,488.51,493.61,55527.1,1786593599999,27335192.09021,80116,32145.491,15836084.47236,2026-08-13 03:00:00
1786593600000,493.61,494.9,492.55,494.53,21520.876,1786597199999,10627339.47788,51183,13167.861,6503454.75606,2026-08-13 04:00:00
1786597200000,494.53,499.0,494.35,496.28,48745.771,1786600799999,24236791.8025,86133,27137.04,13495093.66172,2026-08-13 05:00:00
1786600800000,496.28,497.33,493.97,497.0,19488.257,1786604399999,9657017.5018,43723,9075.029,4496787.91678,2026-08-13 06:00:00
1786604400000,497.0,497.08,494.59,495.33,13703.301,1786607999999,6793743.82886,39398,6541.705,3242755.5667,2026-08-13 07:00:00
1786608000000,495.33,496.93,495.16,496.7,12431.218,1786611599999,6167655.25133,30519,5475.976,2716949.32573,2026-08-13 08:00:00
1786611600000,496.7,497.55,493.75,496.33,18240.952,1786615199999,9042606.04319,41864,8335.491,4133827.267,2026-08-13 09:00:00
1786615200000,496.33,496.47,492.23,493.94,33450.346,1786618799999,16522841.43585,50547,17352.215,8568755.83494,2026-08-13 10:00:00
1786618800000,493.94,494.39,489.33,489.34,32932.98,1786622399999,16184409.47762,55945,14285.023,7021500.90256,2026-08-13 11:00:00
1786622400000,489.34,492.35,489.02,490.1,24789.665,1786625999999,12161141.72626,49192,13933.02,6835434.00477,2026-08-13 12:00:00
1786626000000,490.1,493.38,487.3,489.99,37396.357,1786629599999,18349384.75981,74107,15317.25,7516091.43836,2026-08-13 13:00:00
1786629600000,490.0,496.32,489.53,493.97,38817.769,1786633199999,19153097.88085,79801,20765.256,10241982.81981,2026-08-13 14:00:00
1786633200000,493.97,495.8,487.4,487.77,34273.579,1786636799999,16866314.83396,75933,15062.677,7413612.27753,2026-08-13 15:00:00
1786636800000,487.78,489.45,482.38,486.05,67828.181,1786640399999,32960428.59405,120645,34398.89,16720104.44866,2026-08-13 16:00:00
1786640400000,486.06,488.02,485.38,485.39,20094.46,1786643999999,9785260.08721,56397,10306.301,5019363.06829,2026-08-13 17:00:00
1786644000000,485.39,486.26,482.38,484.22,24046.116,1786647599999,11634792.45687,61803,11715.022,5668181.45342,2026-08-13 18:00:00
1786647600000,484.21,486.06,483.57,484.87,18283.149,1786651199999,8866015.62988,49333,9891.878,4797323.93821,2026-08-13 19:00:00
1786651200000,484.87,487.28,484.27,484.93,19078.631,1786654799999,9265658.38815,39667,9434.256,4583565.51015,2026-08-13 20:00:00
1786654800000,484.92,486.71,484.88,485.56,8863.049,1786658399999,4307539.352,27057,4884.658,2374002.50274,2026-08-13 21:00:00
1786658400000,485.56,491.41,485.4,489.15,28148.846,1786661999999,13771502.81853,54245,14982.016,7328611.72418,2026-08-13 22:00:00
1786662000000,489.15,491.66,487.45,490.74,20924.661,1786665599999,10248441.75008,46931,9921.172,4859693.47813,2026-08-13 23:00:00
1786665600000,490.74,492.55,489.18,491.61,20435.033,1786669199999,10032144.47655,55237,11741.486,5765441.16042,2026-08-14 00:00:00
1786669200000,491.62,493.08,488.65,492.06,20453.072,1786672799999,10044278.00284,47628,10300.495,5058798.44571,2026-08-14 01:00:00
1786672800000,492.07,494.2,491.93,492.29,18038.137,1786676399999,8894831.12774,43419,8349.67,4117847.16992,2026-08-14 02:00:00
1786676400000,492.3,494.6,491.7,492.05,21501.226,1786679999999,10602853.90595,42387,9167.765,4521668.97865,2026-08-14 03:00:00
1786680000000,492.05,493.63,490.79,491.06,16721.62,1786683599999,8227731.02353,33613,9350.769,4600401.3639,2026-08-14 04:00:00
1786683600000,491.06,491.75,488.95,491.45,19050.803,1786687199999,9337388.11449,42123,9539.02,4676674.27417,2026-08-14 05:00:00
1786687200000,491.44,495.64,487.05,487.28,43281.092,1786690799999,21266931.2681,70766,20349.643,10005211.4307,2026-08-14 06:00:00
1786690800000,487.27,489.07,484.79,485.74,24477.314,1786694399999,11913679.66593,53581,14006.144,6817482.2847,2026-08-14 07:00:00
1786694400000,485.74,490.19,485.55,488.48,22891.424,1786697999999,11159904.64388,55687,12037.826,5868458.09235,2026-08-14 08:00:00
1786698000000,488.49,491.35,485.75,487.43,30912.712,1786701599999,15096871.85821,57927,15151.11,7397061.94351,2026-08-14 09:00:00
1786701600000,487.43,490.34,486.57,486.69,17084.934,1786705199999,8346631.60711,40916,8255.465,4033440.17017,2026-08-14 10:00:00
1786705200000,486.7,487.66,484.64,485.26,19792.336,1786708799999,9622112.73804,41194,10723.071,5214408.89928,2026-08-14 11:00:00
1786708800000,485.27,486.73,482.84,483.76,33219.593,1786712399999,16096782.92783,60308,14968.089,7256565.75552,2026-08-14 12:00:00
1786712400000,483.77,486.94,482.5,483.71,31276.494,1786715999999,15159071.33457,70697,17848.025,8652155.73794,2026-08-14 13:00:00
1786716000000,483.72,484.62,480.27,483.15,35531.611,1786719599999,17137557.74002,70475,18207.068,8781850.77401,2026-08-14 14:00:00
1786719600000,483.14,489.26,482.21,487.64,32766.938,1786723199999,15938710.92512,81376,15708.632,7637579.35686,2026-08-14 15:00:00
1786723200000,487.64,490.91,486.85,489.23,22219.818,1786726799999,10858894.13841,58827,11086.817,5418438.37678,2026-08-14 16:00:00
1786726800000,489.24,493.5,488.82,490.14,28329.074,1786730399999,13911455.61254,63721,14085.124,6916729.16613,2026-08-14 17:00:00
1786730400000,490.14,490.3,486.03,487.8,31658.753,1786733999999,15454668.68049,57068,14752.284,7199758.69615,2026-08-14 18:00:00
1786734000000,487.81,492.81,486.21,491.76,18330.697,1786737599999,8975724.41589,47868,9656.472,4726314.04063,2026-08-14 19:00:00
1786737600000,491.75,493.11,491.24,492.81,15920.7,1786741199999,7835625.72737,45472,8320.5,4095782.06225,2026-08-14 20:00:00
1786741200000,492.78,494.0,489.66,490.56,19071.738,1786744799999,9375494.0398,41055,8052.272,3957668.59488,2026-08-14 21:00:00
1786744800000,490.56,492.14,489.36,490.89,9174.612,1786748399999,4500204.01779,29310,5169.062,2535835.69275,2026-08-14 22:00:00
1786748400000,490.89,493.6,489.19,493.12,13427.717,1786751999999,6600841.90925,39076,7325.003,3601099.70774,2026-08-14 23:00:00
1786752000000,493.11,495.59,491.74,492.06,21499.187,1786755599999,10619815.30839,46418,12324.55,6088829.22819,2026-08-15 00:00:00
1786755600000,492.06,499.0,490.64,496.76,38372.026,1786759199999,19027414.2407,60519,23645.495,11722433.31658,2026-08-15 01:00:00
1786759200000,496.76,498.0,493.07,494.11,21695.924,1786762799999,10749945.12717,45758,8298.127,4111761.47901,2026-08-15 02:00:00
1786762800000,494.11,495.71,492.55,493.29,15782.429,1786766399999,7799822.08239,40506,7728.474,3820190.25158,2026-08-15 03:00:00
1786766400000,493.3,495.44,492.2,493.38,13684.121,1786769999999,6757645.53833,37408,6864.787,3390373.05988,2026-08-15 04:00:00
1786770000000,493.38,494.78,490.01,491.24,17599.375,1786773599999,8654738.80847,40724,8541.665,4201424.2395,2026-08-15 05:00:00
1786773600000,491.23,492.32,490.93,491.72,8989.885,1786777199999,4420211.33121,23618,5536.06,2722086.74988,2026-08-15 06:00:00
1786777200000,491.72,492.01,488.9,489.74,15071.24,1786780799999,7388525.96662,31718,5872.799,2879656.53308,2026-08-15 07:00:00
1786780800000,489.74,490.33,488.01,488.31,12648.338,1786784399999,6189839.52101,27740,5962.163,2918294.25236,2026-08-15 08:00:00
1786784400000,488.3,489.56,487.57,489.54,9407.474,1786787999999,4596768.82995,31161,5128.499,2506467.41206,2026-08-15 09:00:00
1786788000000,489.54,490.61,487.3,488.89,15799.632,1786791599999,7722326.62013,31176,9628.163,4706386.28679,2026-08-15 10:00:00
1786791600000,488.88,492.53,487.76,491.12,15314.465,1786795199999,7507036.64036,31416,8616.097,4222717.7871,2026-08-15 11:00:00
1786795200000,491.13,492.09,489.04,490.03,10456.677,1786798799999,5130635.87506,27371,4524.98,2219805.7262,2026-08-15 12:00:00
1786798800000,490.03,491.48,488.59,489.39,11892.659,1786802399999,5828502.34474,30502,5562.298,2726631.90757,2026-08-15 13:00:00
1786802400000,489.4,489.62,487.36,489.23,11681.326,1786805999999,5707834.30415,28919,5604.886,2738851.09065,2026-08-15 14:00:00
1786806000000,489.22,491.31,488.36,489.51,8733.34,1786809599999,4275747.98968,28149,4522.729,2214645.77587,2026-08-15 15:00:00
1786809600000,489.52,492.49,489.1,491.32,15854.799,1786813199999,7782832.81736,40062,7112.825,3491405.8395,2026-08-15 16:00:00
1786813200000,491.31,491.43,487.86,488.49,12440.819,1786816799999,6082758.64992,30263,4824.966,2358710.66537,2026-08-15 17:00:00
1786816800000,488.48,489.7,485.62,488.73,23024.735,1786820399999,11226053.57962,39938,12063.762,5883732.09221,2026-08-15 18:00:00
1786820400000,488.72,490.33,488.36,490.03,6274.084,1786823999999,3070689.08308,23767,2645.45,1294943.73594,2026-08-15 19:00:00
1786824000000,490.03,490.04,487.92,489.02,5950.36,1786827599999,2908306.1251,18801,3139.982,1534587.0957,2026-08-15 20:00:00
1786827600000,489.01,490.49,488.78,489.61,4410.409,1786831199999,2159538.81467,15719,2043.079,1000259.57271,2026-08-15 21:00:00
1786831200000,489.62,490.06,488.3,488.38,6720.53,1786834799999,3288698.35848,19931,3330.662,1630100.02996,2026-08-15 22:00:00
1786834800000,488.38,488.55,486.3,487.68,11085.709,1786838399999,5403241.90016,25212,6275.0,3058290.74134,2026-08-15 23:00:00
1786838400000,487.68,487.89,486.53,487.63,13861.995,1786841999999,6750804.10144,27759,6164.311,3002059.01979,2026-08-16 00:00:00
1786842000000,487.62,487.62,484.51,485.7,22490.922,1786845599999,10918990.26489,38445,11499.835,5582418.89075,2026-08-16 01:00:00
1786845600000,485.69,487.69,484.3,486.02,14121.306,1786849199999,6863585.80007,36751,6962.848,3384817.71352,2026-08-16 02:00:00
1786849200000,486.02,487.29,485.47,486.64,7819.734,1786852799999,3804713.27506,22374,4909.958,2388861.50707,2026-08-16 03:00:00
1786852800000,486.65,487.73,485.74,487.13,8521.02,1786856399999,4149095.95903,23064,4947.67,2408937.37031,2026-08-16 04:00:00
1786856400000,487.12,489.0,486.22,486.52,12872.007,1786859999999,6276773.11024,27021,6712.573,3272794.74111,2026-08-16 05:00:00
1786860000000,486.52,488.76,483.45,486.86,20035.409,1786863599999,9737185.49,41013,9403.076,4571448.06859,2026-08-16 06:00:00
1786863600000,486.86,487.91,486.35,487.76,4906.291,1786867199999,2389841.60104,21802,2685.885,1308276.87545,2026-08-16 07:00:00
1786867200000,487.76,488.04,486.86,487.44,6815.796,1786870799999,3322732.00791,18730,2816.69,1373161.55579,2026-08-16 08:00:00
1786870800000,487.43,489.31,486.64,487.3,12940.498,1786874399999,6314851.72448,34770,7756.288,3784770.22849,2026-08-16 09:00:00
1786874400000,487.31,487.4,485.09,486.01,12685.33,1786877999999,6162628.03923,30154,6736.173,3272330.74369,2026-08-16 10:00:00
1786878000000,486.01,486.63,485.16,485.82,7914.331,1786881599999,3844989.81779,21110,3277.188,1592302.28769,2026-08-16 11:00:00
1786881600000,485.83,485.85,484.13,484.93,7991.639,1786885199999,3874947.15022,24098,4151.642,2013119.29228,2026-08-16 12:00:00
1786885200000,484.93,490.5,484.93,489.96,29127.823,1786888799999,14218812.97422,42150,15939.81,7778842.7596,2026-08-16 13:00:00
1786888800000,489.97,493.88,489.96,493.54,39144.658,1786892399999,19260060.93128,67968,18337.829,9023037.39006,2026-08-16 14:00:00
1786892400000,493.56,495.56,492.34,493.86,34706.107,1786895999999,17144002.49814,65958,18168.937,8977398.42233,2026-08-16 15:00:00
1786896000000,493.87,494.25,492.38,492.9,14301.156,1786899599999,7057016.10663,43762,6531.246,3223248.67989,2026-08-16 16:00:00
1786899600000,492.9,493.69,489.09,490.71,22930.264,1786903199999,11267743.15028,44555,8590.272,4222901.67566,2026-08-16 17:00:00
1786903200000,490.71,491.99,490.22,490.48,7081.019,1786906799999,3476285.03912,26345,4488.648,2203740.32733,2026-08-16 18:00:00
1786906800000,490.48,492.47,490.43,490.94,8029.133,1786910399999,3946950.92569,30650,4128.079,2029191.29915,2026-08-16 19:00:00
1786910400000,490.94,492.15,488.13,488.33,11115.859,1786913999999,5445005.582,33878,5153.674,2524975.40334,2026-08-16 20:00:00
1786914000000,488.33,489.3,485.0,486.39,28488.834,1786917599999,13870248.88617,47666,14900.039,7255280.59018,2026-08-16 21:00:00
1786917600000,486.39,487.32,485.14,486.98,13986.06,1786921199999,6800460.37001,40292,9228.36,4487039.2497,2026-08-16 22:00:00
1786921200000,486.98,487.5,485.99,486.02,11100.764,1786924799999,5403028.20091,24488,6506.881,3166905.17266,2026-08-16 23:00:00
1786924800000,486.02,487.03,484.81,485.87,15759.555,1786928399999,7656858.8893,44573,8087.812,3930149.13351,2026-08-17 00:00:00
1786928400000,485.86,492.69,485.74,490.41,34384.246,1786931999999,16869071.08479,65726,17807.14,8732711.58563,2026-08-17 01:00:00
1786932000000,490.42,494.31,489.04,493.38,21645.883,1786935599999,10653548.11425,59139,10102.621,4973033.75123,2026-08-17 02:00:00
1786935600000,493.38,494.12,491.33,492.84,18764.114,1786939199999,9245585.86515,51586,9022.754,4445027.86555,2026-08-17 03:00:00
1786939200000,492.85,494.23,491.3,491.84,20476.885,1786942799999,10088005.11864,44861,10050.008,4951124.38757,2026-08-17 04:00:00
1786942800000,491.85,498.64,491.24,494.11,40747.254,1786946399999,20171784.37938,65146,22167.911,10973113.97407,2026-08-17 05:00:00
1786946400000,494.11,519.43,493.78,514.97,256178.462,1786949999999,130256214.85214,297797,141291.253,71810586.86495,2026-08-17 06:00:00
1786950000000,514.96,516.2,512.0,513.88,48022.981,1786953599999,24678971.27008,106347,23119.265,11885221.61598,2026-08-17 07:00:00
1786953600000,513.89,514.49,507.52,508.76,55389.778,1786957199999,28264376.52354,104855,27536.682,14049827.54523,2026-08-17 08:00:00
1786957200000,508.75,512.49,508.45,508.91,34160.291,1786960799999,17425830.81896,75776,16943.227,8645113.82429,2026-08-17 09:00:00
1786960800000,508.91,514.77,507.93,513.17,46102.235,1786964399999,23556612.18521,83009,28770.862,14703190.81631,2026-08-17 10:00:00
1786964400000,513.17,513.69,511.47,512.39,24476.298,1786967999999,12547940.52829,52151,11354.073,5821021.72513,2026-08-17 11:00:00
1786968000000,512.4,512.62,509.42,510.65,24660.313,1786971599999,12598868.35478,60925,10691.715,5461758.69172,2026-08-17 12:00:00
1786971600000,510.66,514.33,508.26,513.02,37724.972,1786975199999,19295094.24186,77282,20246.701,10359072.11639,2026-08-17 13:00:00
1786975200000,513.01,515.88,511.02,514.37,38439.283,1786978799999,19727939.43579,76810,22126.565,11361208.20331,2026-08-17 14:00:00
1786978800000,514.38,515.43,512.14,513.6,28880.41,1786982399999,14833446.74468,64512,14905.853,7656722.48758,2026-08-17 15:00:00
1786982400000,513.59,513.93,510.06,510.73,21319.635,1786985999999,10904625.64018,53752,10858.459,5553535.35565,2026-08-17 16:00:00
1786986000000,510.73,512.3,508.14,510.6,32892.156,1786989599999,16761079.4146,67722,17440.891,8888512.48118,2026-08-17 17:00:00
1786989600000,510.59,519.2,510.48,516.16,46714.476,1786993199999,24061314.44606,76197,31540.439,16247125.96939,2026-08-17 18:00:00
1786993200000,516.15,517.3,513.7,514.87,17524.905,1786996799999,9032438.20314,50061,7580.644,3907714.72607,2026-08-17 19:00:00
1786996800000,514.87,522.0,513.29,517.92,48689.246,1787000399999,25254277.75983,86923,27348.819,14190086.71075,2026-08-17 20:00:00
1787000400000,517.93,519.38,515.25,515.63,21771.669,1787003999999,11257237.77118,45450,11350.801,5868703.66284,2026-08-17 21:00:00
1787004000000,515.64,516.3,511.14,511.67,19574.057,1787007599999,10042725.75918,52047,9375.799,4809763.3949,2026-08-17 22:00:00
1787007600000,511.67,517.27,511.16,513.78,24286.308,1787011199999,12489192.59488,47502,13575.904,6980527.0433,2026-08-17 23:00:00
1787011200000,513.78,518.62,511.22,518.19,33394.55,1787014799999,17187179.86861,64092,19455.004,10017240.84706,2026-08-18 00:00:00
1787014800000,518.19,518.36,510.65,512.63,30513.527,1787018399999,15697452.75196,61388,14194.576,7298455.7289,2026-08-18 01:00:00
1787018400000,512.64,513.79,509.2,510.3,25854.2,1787021999999,13218486.0113,61464,10841.358,5543548.6005,2026-08-18 02:00:00
1787022000000,510.3,511.98,508.59,510.33,18654.859,1787025599999,9516582.74006,50903,8389.085,4280622.04347,2026-08-18 03:00:00
1787025600000,510.33,512.19,506.98,509.79,27197.275,1787029199999,13855922.17613,53514,13057.117,6655931.10031,2026-08-18 04:00:00
1787029200000,509.79,512.75,506.58,508.25,28188.809,1787032799999,14358059.985,59134,15888.407,8093115.12388,2026-08-18 05:00:00
1787032800000,508.24,511.88,507.3,510.0,19788.779,1787036399999,10087277.35235,47271,9285.085,4734470.46202,2026-08-18 06:00:00
1787036400000,510.0,511.35,505.18,506.29,27859.397,1787039999999,14153147.06826,59851,12206.256,6203211.71899,2026-08-18 07:00:00
1787040000000,506.28,507.78,503.18,506.0,39068.262,1787043599999,19743016.0291,70072,18754.478,9479143.02975,2026-08-18 08:00:00
1787043600000,506.0,506.92,504.85,506.33,16151.74,1787047199999,8168122.69546,38835,7688.338,3888129.10513,2026-08-18 09:00:00
1787047200000,506.34,506.89,504.33,505.31,13969.265,1787050799999,7060472.48511,36607,6808.155,3441265.45026,2026-08-18 10:00:00
1787050800000,505.3,507.33,504.9,505.48,17260.695,1787054399999,8735633.78026,47071,8534.374,4319019.50727,2026-08-18 11:00:00
1787054400000,505.49,505.78,503.37,504.6,26160.989,1787057999999,13197207.02648,43261,11816.464,5961141.74668,2026-08-18 12:00:00
1787058000000,504.6,505.34,500.3,500.96,43937.842,1787061599999,22096463.77059,67008,17917.494,9017772.51029,2026-08-18 13:00:00
1787061600000,500.97,510.76,500.36,506.32,64892.38,1787065199999,32876521.12338,111725,34634.201,17545474.65492,2026-08-18 14:00:00
1787065200000,506.32,514.41,505.83,509.72,61433.597,1787068799999,31380543.99779,108570,30793.451,15730934.07304,2026-08-18 15:00:00
1787068800000,509.73,513.79,506.57,509.26,39237.587,1787072399999,19997436.06569,79109,16084.435,8200384.08844,2026-08-18 16:00:00
1787072400000,509.26,509.83,500.91,504.63,69172.37,1787075999999,34970132.31008,94746,31874.644,16123783.30318,2026-08-18 17:00:00
1787076000000,504.62,507.35,504.11,507.17,19762.587,1787079599999,10002640.06236,40066,11209.305,5673714.12285,2026-08-18 18:00:00
1787079600000,507.16,511.0,506.99,509.38,20865.001,1787083199999,10623194.78644,38977,10744.054,5469627.38026,2026-08-18 19:00:00
1787083200000,509.38,511.82,507.07,507.45,18873.726,1787086799999,9610623.12751,43123,8824.544,4494328.20576,2026-08-18 20:00:00
1787086800000,507.45,510.55,507.44,508.32,11116.239,1787090399999,5660921.51028,33125,5667.148,2885918.15722,2026-08-18 21:00:00
1787090400000,508.31,511.53,506.1,507.66,17436.432,1787093999999,8868451.29039,47462,8322.388,4231208.43091,2026-08-18 22:00:00
1787094000000,507.66,510.45,507.48,508.75,12450.793,1787097599999,6339744.52788,33699,6483.099,3300413.21001,2026-08-18 23:00:00
1787097600000,508.75,508.94,503.35,504.01,29712.508,1787101199999,15020598.3617,56570,13378.991,6765853.32581,2026-08-19 00:00:00
1787101200000,504.01,507.79,503.28,506.31,20811.697,1787104799999,10527877.75785,53970,11738.153,5938389.12247,2026-08-19 01:00:00
1787104800000,506.3,506.92,504.79,505.71,11418.929,1787108399999,5774970.35092,35525,5617.497,2841366.4394,2026-08-19 02:00:00
1787108400000,505.71,506.83,504.31,504.7,13368.692,1787111999999,6755232.90418,38440,7258.502,3668026.95293,2026-08-19 03:00:00
1787112000000,504.71,505.5,503.09,504.08,13344.083,1787115599999,6728333.34725,37172,7109.589,3585097.73716,2026-08-19 04:00:00
1787115600000,504.09,504.69,501.63,502.86,26350.092,1787119199999,13252561.99084,52973,12628.93,6352930.63942,2026-08-19 05:00:00
1787119200000,502.86,505.0,501.1,504.29,28900.473,1787122799999,14532283.87488,56558,14632.649,7357537.00012,2026-08-19 06:00:00
1787122800000,504.28,504.57,502.07,502.39,14462.206,1787126399999,7275526.06244,39692,7547.717,3797074.90054,2026-08-19 07:00:00
1787126400000,502.38,510.0,502.11,507.68,45807.934,1787129999999,23234556.75853,66964,23276.78,11802519.09688,2026-08-19 08:00:00
1787130000000,507.67,509.31,506.61,507.18,17220.875,1787133599999,8743565.6365,39664,8824.566,4480715.94264,2026-08-19 09:00:00
1787133600000,507.17,507.39,504.33,506.26,17829.254,1787137199999,9014731.66462,39111,8336.515,4215275.03637,2026-08-19 10:00:00
1787137200000,506.25,508.7,505.68,506.57,17326.182,1787140799999,8791839.25359,40464,9602.286,4872313.63648,2026-08-19 11:00:00
1787140800000,506.56,514.25,505.92,513.37,45954.54,1787144399999,23472624.93655,83353,24582.629,12550872.0974,2026-08-19 12:00:00
1787144400000,513.37,514.7,508.84,513.26,68054.672,1787147999999,34838991.16102,122586,32936.474,16864330.93139,2026-08-19 13:00:00
1787148000000,513.26,543.67,513.26,540.34,240283.572,1787151599999,126678483.82428,294797,147634.022,77746684.921,2026-08-19 14:00:00
1787151600000,540.34,554.94,538.55,550.46,338805.628,1787155199999,185538255.97971,478273,179160.528,98146755.73165,2026-08-19 15:00:00
1787155200000,550.46,564.12,548.88,555.61,209205.84,1787158799999,115916207.12234,383129,120973.733,67026933.80018,2026-08-19 16:00:00
1787158800000,555.62,557.94,544.65,553.25,121682.112,1787162399999,66987258.15268,222246,58457.506,32185877.02905,2026-08-19 17:00:00
1787162400000,553.24,553.49,547.12,551.22,33840.115,1787165999999,18627320.94112,103408,16422.84,9042270.06636,2026-08-19 18:00:00
1787166000000,551.21,555.41,547.46,551.84,63233.973,1787169599999,34890237.92879,171528,36433.156,20111400.60242,2026-08-19 19:00:00
1787169600000,551.84,567.99,550.06,559.76,78382.801,1787173199999,43764631.12529,163077,43157.689,24105918.58284,2026-08-19 20:00:00
1787173200000,559.77,581.38,558.98,574.84,163145.913,1787176799999,93326592.48,304449,89426.32,51183328.48785,2026-08-19 21:00:00
1787176800000,574.84,576.88,558.16,561.32,71803.387,1787180399999,40596342.64948,160065,33281.507,18822507.8478,2026-08-19 22:00:00
1787180400000,561.31,567.9,560.11,565.15,35292.668,1787183999999,19900987.4563,91008,18214.064,10267617.04265,2026-08-19 23:00:00
1787184000000,565.15,566.46,560.69,562.75,31726.112,1787187599999,17891745.96607,94179,15910.04,8972961.66026,2026-08-20 00:00:00
1787187600000,562.75,565.16,556.78,563.64,41866.609,1787191199999,23496329.11546,102266,19644.166,11027341.16016,2026-08-20 01:00:00
1787191200000,563.65,563.79,556.12,556.91,19551.863,1787194799999,10950628.11615,61579,9586.098,5371356.5887,2026-08-20 02:00:00
1787194800000,556.91,556.91,551.63,553.87,40099.945,1787198399999,22215905.61305,94027,17063.693,9454413.40025,2026-08-20 03:00:00
1787198400000,553.87,555.89,549.79,552.79,36948.444,1787201999999,20398736.19075,79089,17641.37,9742239.72231,2026-08-20 04:00:00
1787202000000,552.78,555.5,551.57,551.94,19609.839,1787205599999,10851587.18375,54526,10153.144,5619977.43988,2026-08-20 05:00:00
1787205600000,551.93,557.43,550.48,556.18,35625.034,1787209199999,19739534.95003,97438,19845.773,10997809.44519,2026-08-20 06:00:00
1787209200000,556.16,560.58,556.05,558.58,30613.826,1787212799999,17088804.17127,84050,18330.658,10233817.09261,2026-08-20 07:00:00
1787212800000,558.59,565.84,557.64,562.51,70815.068,1787216399999,39824102.64076,139347,42440.829,23869406.14124,2026-08-20 08:00:00
1787216400000,562.51,563.63,553.66,557.94,66883.588,1787219999999,37363195.05051,127077,31992.361,17873512.55731,2026-08-20 09:00:00
1787220000000,557.93,575.75,557.19,563.65,100765.167,1787223599999,57098709.94044,191029,54700.753,30988265.29294,2026-08-20 10:00:00
1787223600000,563.62,570.25,560.5,565.6,45753.41,1787227199999,25862581.60356,114180,24231.904,13701939.56833,2026-08-20 11:00:00
1787227200000,565.6,571.96,561.29,571.34,50558.768,1787230799999,28574311.67783,126474,25588.991,14474679.39703,2026-08-20 12:00:00
1787230800000,571.34,572.86,560.5,569.14,62636.383,1787234399999,35489612.87266,156375,27252.739,15448129.76901,2026-08-20 13:00:00
1787234400000,569.14,569.67,557.6,560.44,43388.805,1787237999999,24423801.8918,127287,18872.725,10625335.64003,2026-08-20 14:00:00
1787238000000,560.43,571.66,558.03,570.64,72106.872,1787241599999,40689055.60077,181464,36062.407,20364378.1027,2026-08-20 15:00:00
1787241600000,570.57,595.92,569.1,587.88,176617.928,1787245199999,103215799.98358,319868,101549.714,59340088.11289,2026-08-20 16:00:00
1787245200000,587.89,590.44,573.5,574.95,71580.203,1787248799999,41660326.60807,175771,31975.911,18630023.69418,2026-08-20 17:00:00
1787248800000,574.95,577.32,560.81,561.72,77385.807,1787252399999,43865155.40772,181361,35204.476,19952378.72361,2026-08-20 18:00:00
1787252400000,561.72,574.35,561.12,570.12,54088.012,1787255999999,30764031.44845,127749,31835.78,18100569.91648,2026-08-20 19:00:00
1787256000000,570.08,578.21,569.75,577.37,34293.131,1787259599999,19743234.69472,101805,19493.351,11222763.7648,2026-08-20 20:00:00
1787259600000,577.36,579.68,569.27,570.96,32920.515,1787263199999,18900841.41136,80935,14424.692,8287831.05697,2026-08-20 21:00:00
1787263200000,570.95,575.23,565.55,570.99,45293.737,1787266799999,25812366.77675,115270,22309.323,12716109.42164,2026-08-20 22:00:00
1787266800000,570.98,578.5,565.94,568.64,54747.708,1787270399999,31299781.48349,133111,23875.781,13657280.42827,2026-08-20 23:00:00
1787270400000,568.65,573.64,565.63,570.85,46150.739,1787273999999,26284461.67769,140465,25170.957,14335310.13736,2026-08-21 00:00:00
1787274000000,570.84,582.74,569.24,571.73,67332.674,1787277599999,38782655.00961,189981,34316.704,19766580.89311,2026-08-21 01:00:00
1787277600000,571.75,576.66,568.24,569.26,52452.673,1787281199999,30042746.75674,149972,26343.18,15097181.65988,2026-08-21 02:00:00
1787281200000,569.25,572.29,567.14,570.29,37098.021,1787284799999,21136396.42335,101549,18421.306,10498803.41712,2026-08-21 03:00:00
1787284800000,570.29,593.0,570.18,588.25,90527.728,1787288399999,52856165.6148,172590,48937.077,28567768.56884,2026-08-21 04:00:00
1787288400000,588.24,611.98,587.41,596.98,167955.452,1787291999999,101153850.13398,322527,87243.321,52521809.87216,2026-08-21 05:00:00
1787292000000,596.98,605.8,594.48,600.55,63952.8,1787295599999,38391036.18517,158934,35404.643,21257015.0422,2026-08-21 06:00:00
1787295600000,600.55,647.1,600.14,637.6,265801.227,1787299199999,166928121.44996,503431,144370.136,90582554.48291,2026-08-21 07:00:00
1787299200000,637.56,643.93,631.35,640.62,147237.089,1787302799999,93841877.90988,363572,71625.357,45669551.556,2026-08-21 08:00:00
1787302800000,640.61,659.44,622.0,646.68,283219.636,1787306399999,181702914.62362,581037,135442.482,86985936.10908,2026-08-21 09:00:00
1787306400000,646.68,665.97,635.11,657.42,163102.18,1787309999999,105993788.30324,361997,84803.404,55134200.30724,2026-08-21 10:00:00
1787310000000,657.4,660.79,632.01,639.35,137231.203,1787313599999,88316130.30008,332882,65096.211,41922354.83549,2026-08-21 11:00:00
1787313600000,639.35,651.79,627.2,646.28,93100.507,1787317199999,59478486.98641,249154,48766.656,31186895.81977,2026-08-21 12:00:00
1787317200000,646.26,657.13,639.29,650.3,104733.04,1787320799999,67965537.12879,263143,53900.627,34973576.886,2026-08-21 13:00:00
1787320800000,650.29,660.66,645.59,656.59,72170.318,1787324399999,47131114.6189,233189,39981.842,26117096.79072,2026-08-21 14:00:00
1787324400000,656.6,662.71,650.51,654.41,64514.701,1787327999999,42310041.03709,213453,32955.789,21613962.1412,2026-08-21 15:00:00
1787328000000,654.41,679.85,650.62,674.62,177056.342,1787331599999,118142448.86442,394883,95478.47,63715377.37047,2026-08-21 16:00:00
1787331600000,674.61,683.82,663.15,669.4,112289.872,1787335199999,75624254.20733,308715,60446.056,40718366.54572,2026-08-21 17:00:00
1787335200000,669.41,676.99,660.49,674.49,72351.317,1787338799999,48425394.59224,218170,37852.468,25348320.15682,2026-08-21 18:00:00
1787338800000,674.49,688.0,668.61,680.49,95799.926,1787342399999,65047254.92986,255231,51659.153,35091798.37407,2026-08-21 19:00:00
1787342400000,680.48,721.6,677.31,709.16,278094.51,1787345999999,195441952.13215,539421,150041.813,105435924.8666,2026-08-21 20:00:00
1787346000000,709.16,728.0,706.76,725.12,152074.077,1787349599999,109400375.02206,295389,83382.247,59996559.65755,2026-08-21 21:00:00
1787349600000,725.13,740.99,717.79,734.81,170627.626,1787353199999,124800008.36923,426411,87948.467,64358329.19136,2026-08-21 22:00:00
1787353200000,734.78,744.58,724.88,734.34,102596.979,1787356799999,75331236.71319,278468,52811.648,38810261.57968,2026-08-21 23:00:00
1787356800000,734.34,744.0,728.01,734.55,137460.675,1787360399999,101381744.13274,331529,71227.857,52542378.9675,2026-08-22 00:00:00
1787360400000,734.55,817.27,730.31,806.54,374286.821,1787363999999,287622594.8616,658530,211786.246,162715141.6805,2026-08-22 01:00:00
1787364000000,806.54,836.55,801.75,818.04,363758.464,1787367599999,297206111.51874,845812,182895.178,149476470.43685,2026-08-22 02:00:00
1787367600000,818.13,860.28,815.09,836.4,296751.443,1787371199999,248324343.17823,657511,154128.071,129028086.01577,2026-08-22 03:00:00
1787371200000,836.43,840.28,805.19,822.87,250596.352,1787374799999,205593408.42163,544378,119855.385,98352065.58034,2026-08-22 04:00:00
1787374800000,822.86,826.3,677.4,793.14,527046.505,1787378399999,411935071.43325,884807,252383.245,197857091.88358,2026-08-22 05:00:00
1787378400000,793.08,803.99,773.95,796.99,173991.155,1787381999999,137484843.24907,493947,88147.761,69698401.54437,2026-08-22 06:00:00
1787382000000,796.99,827.81,794.75,810.91,194805.589,1787385599999,158480314.44504,492422,103886.739,84535993.27363,2026-08-22 07:00:00
1787385600000,810.91,823.96,774.03,792.41,257337.125,1787389199999,204634035.71616,549795,127151.527,101170725.53429,2026-08-22 08:00:00
1787389200000,792.4,797.92,783.51,796.38,90379.877,1787392799999,71553842.8285,326799,47376.918,37520012.58791,2026-08-22 09:00:00
1787392800000,796.39,803.0,767.61,790.18,161067.586,1787396399999,126528007.56597,453552,81435.448,64024049.68991,2026-08-22 10:00:00
1787396400000,790.19,797.99,777.26,794.86,91367.124,1787399999999,71996645.36002,299199,46045.275,36299708.72878,2026-08-22 11:00:00
1787400000000,794.86,809.86,793.56,797.77,112636.612,1787403599999,90347512.66041,335715,58478.016,46922402.86109,2026-08-22 12:00:00
1787403600000,797.78,799.68,785.74,795.92,90637.325,1787407199999,71857900.46023,279820,47225.66,37452745.55488,2026-08-22 13:00:00
1787407200000,795.94,799.28,782.08,790.29,85361.911,1787410799999,67424055.49898,291375,42545.787,33609945.10687,2026-08-22 14:00:00
1787410800000,790.26,803.0,785.3,789.52,102153.547,1787414399999,81032835.27021,304967,52926.497,41995126.23366,2026-08-22 15:00:00
1787414400000,789.52,822.88,785.2,814.89,162724.842,1787417999999,131668446.35631,395916,85177.954,68917901.28752,2026-08-22 16:00:00
1787418000000,814.9,837.74,813.21,823.87,135927.925,1787421599999,112181515.06167,365049,69645.831,57483394.8646,2026-08-22 17:00:00
1787421600000,823.9,839.88,823.89,836.47,113978.141,1787425199999,94960887.66072,352700,58500.614,48749961.58375,2026-08-22 18:00:00
1787425200000,836.47,853.7,827.58,848.0,122218.396,1787428799999,102749681.14497,338304,66072.749,55588772.53049,2026-08-22 19:00:00
1787428800000,848.01,856.44,829.72,834.26,115552.574,1787432399999,97324563.39316,325281,57076.491,48085472.86869,2026-08-22 20:00:00
1787432400000,834.26,836.9,789.79,799.04,167538.016,1787435999999,135981902.42772,375406,76817.11,62327444.57624,2026-08-22 21:00:00
1787436000000,799.03,812.0,794.37,797.16,96372.582,1787439599999,77420405.52828,323969,49312.056,39634402.3109,2026-08-22 22:00:00
1787439600000,797.17,809.22,790.21,801.91,83955.87,1787443199999,67026805.72824,274049,41695.21,33306456.5963,2026-08-22 23:00:00
1787443200000,801.92,806.78,783.21,803.44,96874.46,1787446799999,77210650.85652,316204,48358.784,38580576.81816,2026-08-23 00:00:00
1787446800000,803.44,806.95,792.0,794.41,59891.608,1787450399999,47927369.3829,211654,29991.776,24010052.89942,2026-08-23 01:00:00
1787450400000,794.47,797.48,786.28,795.06,55940.553,1787453999999,44288485.30852,210795,27133.758,21492570.53025,2026-08-23 02:00:00
1787454000000,795.1,795.75,775.14,782.35,90003.932,1787457599999,70521712.95789,266132,43688.161,34233584.26454,2026-08-23 03:00:00
1787457600000,782.35,787.52,766.37,776.71,103277.225,1787461199999,80265369.93873,320842,49792.522,38728119.1573,2026-08-23 04:00:00
1787461200000,776.72,796.5,773.8,779.99,154673.077,1787464799999,121393889.4809,399241,79132.268,62129686.31532,2026-08-23 05:00:00
1787464800000,779.99,792.36,775.51,786.26,76003.971,1787468399999,59667798.0786,249777,38183.272,29985676.25489,2026-08-23 06:00:00
1787468400000,786.25,805.6,785.35,802.22,86665.576,1787471999999,69224110.87639,253315,50518.971,40348895.35611,2026-08-23 07:00:00
1787472000000,802.22,824.79,801.51,809.23,146288.961,1787475599999,118842710.66667,457156,77974.085,63354928.74732,2026-08-23 08:00:00
1787475600000,809.24,815.43,801.01,802.84,55507.457,1787479199999,44840338.83771,205849,25641.371,20714605.51337,2026-08-23 09:00:00
1787479200000,802.85,828.11,802.0,811.18,92495.546,1787482799999,75275185.06947,234716,47771.965,38910835.8699,2026-08-23 10:00:00
1787482800000,811.18,828.48,810.41,824.07,87113.458,1787486399999,71522048.20637,241064,44447.356,36501807.39537,2026-08-23 11:00:00
1787486400000,824.06,828.29,812.34,813.95,61637.975,1787489999999,50385676.65269,200731,30117.518,24623401.62865,2026-08-23 12:00:00
1787490000000,813.94,867.6,813.54,849.73,315586.654,1787493599999,266628434.31948,715743,167590.544,141630449.29638,2026-08-23 13:00:00
1787493600000,849.74,877.6,831.6,853.86,324417.274,1787497199999,277920255.08544,764371,165969.728,142307865.92659,2026-08-23 14:00:00
1787497200000,853.87,857.7,835.2,835.91,125586.551,1787500799999,106200155.91572,352613,59737.301,50536373.56279,2026-08-23 15:00:00
1787500800000,835.91,862.5,833.04,859.6,109254.687,1787504399999,92437095.26528,341717,59474.746,50342437.26114,2026-08-23 16:00:00
1787504400000,859.66,867.0,850.81,855.8,111514.096,1787507999999,95664156.31721,340353,52591.157,45121919.68837,2026-08-23 17:00:00
1787508000000,855.8,889.99,853.02,871.05,206470.929,1787511599999,180690930.69019,469357,111877.014,97941044.94113,2026-08-23 18:00:00
1787511600000,871.05,874.13,855.46,856.25,78832.201,1787515199999,68176095.11384,246538,37749.131,32645907.1772,2026-08-23 19:00:00
1787515200000,856.25,856.9,838.44,850.58,100461.307,1787518799999,84983934.92646,303155,49960.475,42266428.81685,2026-08-23 20:00:00
1787518800000,850.58,873.89,850.47,860.36,92454.187,1787522399999,79920603.55843,271071,45788.649,39589741.73605,2026-08-23 21:00:00
1787522400000,860.36,864.52,853.11,855.3,48916.724,1787525999999,41960551.17144,225740,24784.083,21266382.3692,2026-08-23 22:00:00
1787526000000,855.24,860.09,835.9,853.69,94727.355,1787529599999,80486178.66622,301254,50356.389,42815183.17221,2026-08-23 23:00:00
1787529600000,853.69,853.8,820.0,838.47,123512.556,1787533199999,103189074.01498,379645,54742.044,45760565.80819,2026-08-24 00:00:00
1787533200000,838.44,839.12,823.4,827.56,62558.139,1787536799999,51958653.62938,267447,30274.287,25148416.92896,2026-08-24 01:00:00
1787536800000,827.55,849.49,820.01,841.37,79282.782,1787540399999,66394831.04069,267359,41902.476,35102829.19393,2026-08-24 02:00:00
1787540400000,841.36,843.72,828.52,829.6,45682.611,1787543999999,38088332.73125,196053,21680.526,18079054.18473,2026-08-24 03:00:00
1787544000000,829.61,836.72,825.05,834.66,43237.875,1787547599999,35956279.00046,171627,22394.267,18626146.16756,2026-08-24 04:00:00
1787547600000,834.67,844.76,828.0,842.75,55159.024,1787551199999,46196508.98698,213183,29827.582,24990573.88704,2026-08-24 05:00:00
1787551200000,842.76,848.31,834.36,843.77,54759.11,1787554799999,46093899.00827,214198,29610.882,24926454.00167,2026-08-24 06:00:00
1787554800000,843.77,853.72,832.14,836.27,68756.635,1787558399999,58046114.5862,241413,35522.278,30002467.22598,2026-08-24 07:00:00
1787558400000,836.28,836.95,825.0,828.54,77016.724,1787561999999,63971703.72714,263930,35313.383,29343281.49168,2026-08-24 08:00:00
1787562000000,828.54,834.6,824.19,832.28,39882.77,1787565599999,33080267.01356,172286,20113.272,16689927.40903,2026-08-24 09:00:00
1787565600000,832.28,845.96,830.77,839.03,63116.289,1787569199999,52941292.62777,251235,33400.854,28016438.81763,2026-08-24 10:00:00
1787569200000,838.99,849.35,828.6,844.98,104091.974,1787572799999,87425750.35551,335764,49829.612,41835162.04289,2026-08-24 11:00:00
1787572800000,844.96,859.89,834.79,855.62,129431.249,1787576399999,110011309.9405,384263,69971.374,59493977.85619,2026-08-24 12:00:00
1787576400000,855.62,859.67,832.41,841.09,135744.104,1787579999999,114678776.29845,394367,65229.004,55137592.84287,2026-08-24 13:00:00
1787580000000,841.1,871.61,836.9,860.15,161353.159,1787583599999,138361158.10316,431701,81169.04,69594944.62678,2026-08-24 14:00:00
1787583600000,860.16,861.99,830.47,834.29,143002.016,1787587199999,121000973.45016,406055,65968.135,55822739.99043,2026-08-24 15:00:00
1787587200000,834.22,846.33,826.41,827.87,100278.672,1787590799999,84140325.8757,290979,49534.317,41593643.4993,2026-08-24 16:00:00
1787590800000,827.88,836.03,806.13,813.07,192560.737,1787594399999,157437200.78746,496741,88759.555,72598679.53338,2026-08-24 17:00:00
1787594400000,813.08,822.97,801.0,806.94,85898.673,1787597999999,69927174.97327,264191,42535.52,34647852.38246,2026-08-24 18:00:00
1787598000000,806.94,810.88,796.61,809.87,89209.87,1787601599999,71729480.10238,259329,40366.234,32478178.79715,2026-08-24 19:00:00
1787601600000,809.88,822.73,809.28,819.88,43119.405,1787605199999,35189066.37208,154931,22231.109,18142810.89384,2026-08-24 20:00:00
1787605200000,819.89,827.97,819.45,827.0,27791.197,1787608799999,22882122.30416,103733,14527.805,11965511.32923,2026-08-24 21:00:00
1787608800000,827.0,836.35,824.0,824.07,47227.291,1787612399999,39240870.84893,148955,23837.062,19809137.80668,2026-08-24 22:00:00
1787612400000,824.06,830.75,819.83,830.38,36025.534,1787615999999,29734298.09372,146230,18573.874,15334758.5687,2026-08-24 23:00:00
1787616000000,830.38,849.83,823.1,836.38,81005.422,1787619599999,67787577.93611,259169,42148.664,35269097.62601,2026-08-25 00:00:00
1787619600000,836.39,846.66,829.2,834.63,37350.429,1787623199999,31241133.23883,162091,16712.318,13985434.80521,2026-08-25 01:00:00
1787623200000,834.63,864.99,831.31,853.99,134022.32,1787626799999,114534797.60996,363754,74091.8,63337833.13014,2026-08-25 02:00:00
1787626800000,853.97,865.86,848.22,849.75,76503.088,1787630399999,65592843.34675,243545,39377.436,33776696.85091,2026-08-25 03:00:00
1787630400000,849.75,853.77,838.78,848.07,68349.345,1787633999999,57843451.29559,203108,35908.849,30392358.29396,2026-08-25 04:00:00
1787634000000,848.07,858.21,847.31,852.29,48073.613,1787637599999,41004207.24143,160338,24375.987,20795486.69798,2026-08-25 05:00:00
1787637600000,852.3,856.85,844.44,851.4,46440.978,1787641199999,39505424.43689,156300,22877.3,19467314.69384,2026-08-25 06:00:00
1787641200000,851.4,867.5,847.0,852.52,107577.915,1787644799999,92249354.19421,287294,58013.615,49769552.41798,2026-08-25 07:00:00
1787644800000,852.53,856.0,840.52,842.24,76985.152,1787648399999,65305892.97826,240647,37310.43,31655510.28433,2026-08-25 08:00:00
1787648400000,842.24,855.0,837.05,839.67,78343.525,1787651999999,66246128.46344,244684,40555.204,34307329.20872,2026-08-25 09:00:00
1787652000000,839.67,846.72,835.57,842.43,54346.052,1787655599999,45654378.79667,180508,26839.481,22557442.51325,2026-08-25 10:00:00
1787655600000,842.43,843.87,831.43,836.72,52423.682,1787659199999,43881033.05128,182009,24228.384,20282411.19763,2026-08-25 11:00:00
1787659200000,836.71,848.65,828.15,842.94,88084.746,1787662799999,73729579.99603,286096,45650.633,38219674.00868,2026-08-25 12:00:00
1787662800000,842.95,844.73,806.52,818.17,196926.383,1787666399999,161822867.47954,520144,92720.31,76189592.54901,2026-08-25 13:00:00
1787666400000,818.19,831.2,813.4,818.52,106886.244,1787669999999,87839048.15412,335572,57355.195,47141675.07529,2026-08-25 14:00:00
1787670000000,818.53,818.75,802.5,816.73,114459.243,1787673599999,92721989.46283,319225,56619.622,45890809.73516,2026-08-25 15:00:00
1787673600000,816.73,817.28,795.0,799.81,129971.293,1787677199999,104573137.60119,329660,56059.976,45123286.58035,2026-08-25 16:00:00
1787677200000,799.8,805.45,793.12,799.44,72848.681,1787680799999,58197866.62497,227340,35235.193,28158285.69157,2026-08-25 17:00:00
1787680800000,799.39,802.28,792.03,796.52,49915.528,1787684399999,39809937.27658,185333,25253.616,20144976.90508,2026-08-25 18:00:00
1787684400000,796.53,798.48,775.2,786.76,98386.784,1787687999999,77414481.65208,283672,41078.628,32350727.37791,2026-08-25 19:00:00
1787688000000,786.76,787.97,771.64,772.56,79205.07,1787691599999,61739660.83082,228375,33067.762,25784159.76863,2026-08-25 20:00:00
1787691600000,772.56,781.95,751.36,777.03,198285.174,1787695199999,151911784.99495,371805,95314.842,73120598.13957,2026-08-25 21:00:00
1787695200000,777.02,787.2,768.56,783.43,82273.454,1787698799999,64061507.61038,219221,45298.194,35303955.37322,2026-08-25 22:00:00
1787698800000,783.43,788.68,767.01,767.81,74285.973,1787702399999,57798098.9821,225653,34693.135,27016079.96773,2026-08-25 23:00:00
1787702400000,767.81,782.05,763.03,777.16,92997.56,1787705999999,71767832.81872,269448,52969.72,40899327.99823,2026-08-26 00:00:00
1787706000000,777.15,784.78,773.33,780.36,44700.872,1787709599999,34873391.85298,178407,21627.698,16875910.68365,2026-08-26 01:00:00
1787709600000,780.29,787.87,777.75,783.7,45970.662,1787713199999,36031853.94877,157119,23377.329,18326333.71502,2026-08-26 02:00:00
1787713200000,783.69,787.0,780.33,783.15,31962.492,1787716799999,25035010.8202,128698,16261.557,12738193.61279,2026-08-26 03:00:00
1787716800000,783.15,792.0,779.33,783.16,51158.814,1787720399999,40211788.57627,153100,24709.78,19431716.64111,2026-08-26 04:00:00
1787720400000,783.16,793.92,781.04,789.25,56680.172,1787723999999,44723282.75728,180452,29687.36,23426215.21728,2026-08-26 05:00:00
1787724000000,789.24,793.24,782.5,786.5,39513.458,1787727599999,31128664.70259,132843,17913.208,14117513.74599,2026-08-26 06:00:00
1787727600000,786.51,795.79,785.35,786.77,42841.479,1787731199999,33853974.47754,138655,23413.547,18502376.18484,2026-08-26 07:00:00
1787731200000,786.77,791.48,777.75,782.05,54709.097,1787734799999,42950015.37793,153729,23262.331,18272167.52199,2026-08-26 08:00:00
1787734800000,782.08,791.32,779.75,784.86,64302.252,1787738399999,50449260.51061,183248,32794.134,25732348.73805,2026-08-26 09:00:00
1787738400000,784.85,795.4,783.4,792.1,48250.608,1787741999999,38157861.12961,143964,25809.159,20416764.39481,2026-08-26 10:00:00
1787742000000,792.11,795.22,781.01,783.25,53353.477,1787745599999,42023440.84266,149027,26903.448,21202792.38592,2026-08-26 11:00:00
1787745600000,783.25,791.81,779.13,780.71,55825.235,1787749199999,43761609.69479,178953,28296.491,22185886.68688,2026-08-26 12:00:00
1787749200000,780.7,783.61,759.17,773.27,137551.68,1787752799999,106072160.46937,328442,64248.43,49558387.72279,2026-08-26 13:00:00
1787752800000,773.31,778.46,762.55,766.01,75072.97,1787756399999,57787866.08917,260417,38260.149,29449834.43168,2026-08-26 14:00:00
1787756400000,766.01,780.0,760.25,770.52,88467.36,1787759999999,68227570.83055,273583,44290.662,34177205.92365,2026-08-26 15:00:00
1787760000000,770.52,776.96,757.72,769.93,92118.054,1787763599999,70678441.0106,242834,46965.397,36028964.57633,2026-08-26 16:00:00
1787763600000,769.94,780.65,767.09,777.43,67414.775,1787767199999,52291639.68181,183695,32771.089,25422424.9464,2026-08-26 17:00:00
1787767200000,777.43,787.86,774.36,785.23,46956.072,1787770799999,36617525.50087,150685,26483.263,20658286.52934,2026-08-26 18:00:00
1787770800000,785.23,789.85,780.59,782.5,33532.69,1787774399999,26278557.51824,128003,15813.283,12397497.2036,2026-08-26 19:00:00
1787774400000,782.5,785.45,776.62,783.57,25533.987,1787777999999,19963208.23108,102776,11567.817,9044939.29896,2026-08-26 20:00:00
1787778000000,783.57,793.67,782.0,789.64,51633.149,1787781599999,40702569.32525,129069,29461.672,23221790.95166,2026-08-26 21:00:00
1787781600000,789.65,816.0,788.46,810.64,102801.166,1787785199999,82833690.36524,240005,58764.913,47337018.35931,2026-08-26 22:00:00
1787785200000,810.64,818.51,810.25,816.07,52396.959,1787788799999,42708125.09164,163477,28260.03,23038289.63394,2026-08-26 23:00:00
1787788800000,816.06,816.76,801.71,802.52,54231.607,1787792399999,43882907.76669,167033,25494.18,20640697.08914,2026-08-27 00:00:00
1787792400000,802.58,808.8,791.42,795.81,61803.92,1787795999999,49469202.6928,169316,29694.053,23780973.86398,2026-08-27 01:00:00
1787796000000,795.82,799.5,778.32,781.53,68497.198,1787799599999,53978588.92691,186547,30159.256,23783506.40082,2026-08-27 02:00:00
1787799600000,781.52,789.33,776.68,780.25,48728.575,1787803199999,38145066.96817,147566,22100.335,17305826.15946,2026-08-27 03:00:00
1787803200000,780.24,782.71,772.57,777.71,29053.665,1787806799999,22587048.34204,130261,14065.975,10939946.92683,2026-08-27 04:00:00
1787806800000,777.71,783.74,773.76,782.3,40965.966,1787810399999,31905383.86421,133784,21427.961,16690013.1219,2026-08-27 05:00:00
1787810400000,782.29,786.96,775.77,786.24,40270.254,1787813999999,31475733.12929,136052,22864.969,17869897.30218,2026-08-27 06:00:00
1787814000000,786.24,786.71,782.42,785.78,23483.694,1787817599999,18425921.83692,92396,11438.123,8976724.34164,2026-08-27 07:00:00
1787817600000,785.78,798.88,783.84,792.87,103000.008,1787821199999,81646445.39645,239846,51618.457,40914423.41812,2026-08-27 08:00:00
1787821200000,792.87,805.5,790.58,794.18,79059.792,1787824799999,63028915.39333,220546,41283.591,32921144.07645,2026-08-27 09:00:00
1787824800000,794.18,799.0,776.3,780.42,95276.469,1787828399999,74751460.7391,241117,42492.043,33339261.87116,2026-08-27 10:00:00
1787828400000,780.42,785.88,777.82,783.44,41971.641,1787831999999,32813035.97494,140872,22095.306,17277242.96606,2026-08-27 11:00:00
1787832000000,783.44,789.3,778.77,780.27,41117.096,1787835599999,32207872.40165,120993,19394.839,15197301.74697,2026-08-27 12:00:00
1787835600000,780.27,796.17,780.12,792.7,70055.687,1787839199999,55304370.42248,211518,34921.294,27574126.06269,2026-08-27 13:00:00
1787839200000,792.7,802.32,788.07,794.76,74930.643,1787842799999,59633674.77103,220306,39042.001,31077125.61246,2026-08-27 14:00:00
1787842800000,794.76,809.29,791.62,803.34,100648.605,1787846399999,80453585.93958,265060,51357.109,41065621.08702,2026-08-27 15:00:00
1787846400000,803.34,817.45,798.34,811.79,86666.031,1787849999999,70233562.44063,245308,41835.871,33916252.27207,2026-08-27 16:00:00
1787850000000,811.8,834.49,810.34,822.78,141646.132,1787853599999,116723795.39915,324428,73984.775,60960227.70712,2026-08-27 17:00:00
1787853600000,822.79,823.72,803.86,815.68,99471.89,1787857199999,80740616.71073,252614,45535.179,36968033.65843,2026-08-27 18:00:00
1787857200000,815.68,823.49,813.1,815.52,52962.45,1787860799999,43303169.23733,170273,25068.203,20502126.42448,2026-08-27 19:00:00
1787860800000,815.51,824.1,813.37,816.66,30864.216,1787864399999,25231711.00812,128477,14533.409,11884215.39776,2026-08-27 20:00:00
1787864400000,816.67,817.45,805.7,808.75,26224.983,1787867999999,21256127.39364,115434,12165.316,9864922.59044,2026-08-27 21:00:00
1787868000000,808.75,816.4,808.74,812.69,24219.705,1787871599999,19703278.87463,104495,12169.465,9899033.00787,2026-08-27 22:00:00
1787871600000,812.69,817.26,808.16,809.6,22875.815,1787875199999,18582011.43817,94591,11859.467,9634284.98794,2026-08-27 23:00:00
1787875200000,809.6,816.52,806.37,809.86,27819.639,1787878799999,22553631.63301,105197,13957.028,11316054.49123,2026-08-28 00:00:00
1787878800000,809.87,823.92,800.57,802.18,68643.31,1787882399999,55749384.04219,207701,33899.876,27551749.9709,2026-08-28 01:00:00
1787882400000,802.18,802.49,779.24,785.43,118271.153,1787885999999,93222677.6867,287546,54630.145,43036242.93306,2026-08-28 02:00:00
1787886000000,785.44,791.68,778.47,788.17,57616.247,1787889599999,45250759.46762,171897,30391.658,23878504.07525,2026-08-28 03:00:00
1787889600000,788.16,791.5,783.51,786.05,32112.733,1787893199999,25282206.0462,126568,16101.902,12680042.39039,2026-08-28 04:00:00
1787893200000,786.05,791.28,783.9,788.1,23346.905,1787896799999,18386512.29083,89453,13666.767,10764940.44294,2026-08-28 05:00:00
1787896800000,788.11,795.9,788.07,793.24,22094.538,1787900399999,17520297.22035,85409,12488.17,9902202.05034,2026-08-28 06:00:00
1787900400000,793.23,793.49,787.15,789.58,20865.142,1787903999999,16478283.24009,76803,8693.585,6866027.56493,2026-08-28 07:00:00
1787904000000,789.58,793.29,785.26,786.19,19812.386,1787907599999,15647141.9717,77200,8995.268,7107804.76578,2026-08-28 08:00:00
1787907600000,786.18,792.05,785.0,789.58,34434.306,1787911199999,27176137.31937,116556,19206.744,15160693.64158,2026-08-28 09:00:00
1787911200000,789.58,797.0,785.05,797.0,32830.675,1787914799999,25979864.24355,121008,18428.168,14594190.41752,2026-08-28 10:00:00
1787914800000,797.0,803.83,796.9,799.5,40438.57,1787918399999,32363545.04306,124766,19783.612,15835097.74778,2026-08-28 11:00:00
1787918400000,799.49,808.44,790.93,796.81,55102.919,1787921999999,44052971.20427,163158,26857.344,21480352.60817,2026-08-28 12:00:00
1787922000000,796.8,799.57,790.91,795.59,38863.873,1787925599999,30915632.01244,154756,17919.921,14257386.83858,2026-08-28 13:00:00
1787925600000,795.59,817.22,775.14,811.27,209766.687,1787929199999,167203449.74228,571962,103169.071,82306863.41672,2026-08-28 14:00:00
1787929200000,811.27,815.87,801.96,805.86,112058.198,1787932799999,90494857.10264,335540,55058.222,44470393.20872,2026-08-28 15:00:00
1787932800000,805.89,812.58,776.37,798.19,263607.844,1787936399999,209499094.63299,616586,128703.596,102296508.15031,2026-08-28 16:00:00
1787936400000,798.17,804.91,786.5,792.9,82958.327,1787939999999,65977649.83632,240194,43552.973,34637618.54859,2026-08-28 17:00:00
1787940000000,792.89,794.43,780.47,789.68,61463.189,1787943599999,48272919.28607,204297,28051.203,22035229.56859,2026-08-28 18:00:00
1787943600000,789.69,800.44,788.04,796.73,56882.91,1787947199999,45245937.32457,168650,30327.77,24125808.99608,2026-08-28 19:00:00
1787947200000,796.73,802.85,790.06,796.55,48233.658,1787950799999,38363145.1164,136302,26786.123,21308609.85552,2026-08-28 20:00:00
1787950800000,796.55,800.84,790.68,794.18,24404.03,1787954399999,19406722.54552,91727,13574.596,10794132.14325,2026-08-28 21:00:00
1787954400000,794.17,801.99,790.55,801.47,30301.421,1787957999999,24168110.15217,97374,14695.286,11723603.59823,2026-08-28 22:00:00
1787958000000,801.47,806.9,798.72,800.37,30611.516,1787961599999,24553060.74551,107694,15181.025,12177985.4187,2026-08-28 23:00:00
1787961600000,800.37,807.29,799.04,799.24,28944.297,1787965199999,23266116.80391,101285,14834.311,11925993.50384,2026-08-29 00:00:00
1787965200000,799.23,807.48,795.33,804.62,39746.748,1787968799999,31877785.87395,105443,20248.051,16232619.85295,2026-08-29 01:00:00
1787968800000,804.62,810.9,798.96,807.84,31430.432,1787972399999,25272382.84266,108915,15650.277,12587377.47645,2026-08-29 02:00:00
1787972400000,807.84,809.22,798.14,798.57,31032.97,1787975999999,24969241.35011,91940,14921.365,12004642.21692,2026-08-29 03:00:00
1787976000000,798.56,801.29,793.71,800.27,39879.193,1787979599999,31807289.86362,113316,19569.941,15612160.13863,2026-08-29 04:00:00
1787979600000,800.27,802.94,796.66,800.29,24149.248,1787983199999,19319458.34372,93445,11971.14,9576758.77545,2026-08-29 05:00:00
1787983200000,800.29,800.46,791.98,793.93,31644.872,1787986799999,25154786.42517,99690,17261.426,13721829.48779,2026-08-29 06:00:00
1787986800000,793.96,797.86,790.01,792.37,31583.534,1787990399999,25070750.21808,101154,15590.276,12377263.81057,2026-08-29 07:00:00
1787990400000,792.37,794.2,788.96,792.54,27114.497,1787993999999,21450500.89594,93704,14185.712,11224053.59237,2026-08-29 08:00:00
1787994000000,792.54,799.53,789.72,797.45,30372.265,1787997599999,24151177.75572,112626,15685.5,12471946.58042,2026-08-29 09:00:00
1787997600000,797.45,809.64,793.97,804.52,66636.44,1788001199999,53555065.45893,147464,34350.567,27605196.64618,2026-08-29 10:00:00
1788001200000,804.52,810.81,803.27,804.43,40593.588,1788004799999,32742805.50513,133398,19745.322,15933249.20461,2026-08-29 11:00:00
1788004800000,804.44,815.0,803.5,806.57,52151.686,1788008399999,42234772.93637,148214,28926.389,23436879.78152,2026-08-29 12:00:00
1788008400000,806.58,812.62,805.3,810.33,33797.618,1788011999999,27369296.49935,114188,18726.428,15165619.34348,2026-08-29 13:00:00
1788012000000,810.32,852.72,809.95,839.41,183330.931,1788015599999,152011799.2824,382507,109298.473,90651998.64724,2026-08-29 14:00:00
1788015600000,839.41,840.15,831.04,834.42,78113.867,1788019199999,65314489.23157,297632,37958.152,31744948.0492,2026-08-29 15:00:00
1788019200000,834.42,843.6,831.46,834.82,74858.171,1788022799999,62605681.95053,227799,36301.568,30371529.39691,2026-08-29 16:00:00
1788022800000,834.82,837.6,824.13,836.17,48549.508,1788026399999,40419365.4439,174114,23938.554,19933429.5573,2026-08-29 17:00:00
1788026400000,836.21,842.69,829.05,833.89,47360.213,1788029999999,39620839.06754,182212,21215.449,17756060.42014,2026-08-29 18:00:00
1788030000000,833.88,837.28,828.55,832.97,32190.238,1788033599999,26817224.97043,125280,16022.922,13351910.22055,2026-08-29 19:00:00
1788033600000,832.96,838.26,831.57,837.65,23968.101,1788037199999,20010555.14536,103743,12159.893,10154041.28636,2026-08-29 20:00:00
1788037200000,837.65,842.7,836.27,837.75,26390.443,1788040799999,22147980.48291,101230,15004.423,12596100.26923,2026-08-29 21:00:00
1788040800000,837.72,841.2,834.65,839.87,21886.752,1788044399999,18351070.3971,92987,11612.345,9737010.59518,2026-08-29 22:00:00
1788044400000,839.87,844.99,837.54,841.24,34872.987,1788047999999,29338709.15157,133097,19417.415,16341633.74863,2026-08-29 23:00:00
1788048000000,841.23,843.57,834.16,836.47,32326.552,1788051599999,27118581.37878,126935,16242.993,13629553.39925,2026-08-30 00:00:00
1788051600000,836.47,838.97,829.99,831.8,39129.949,1788055199999,32628231.1092,138950,19215.404,16027365.28394,2026-08-30 01:00:00
1788055200000,831.74,835.4,829.34,831.36,29845.647,1788058799999,24833336.89005,118424,15802.343,13148865.22499,2026-08-30 02:00:00
1788058800000,831.35,834.55,830.42,831.03,19442.513,1788062399999,16180916.69694,84204,9682.008,8057909.6945,2026-08-30 03:00:00
1788062400000,831.03,832.46,824.12,830.07,45470.749,1788065999999,37625056.06908,123462,22215.199,18384919.59354,2026-08-30 04:00:00
1788066000000,830.07,831.69,827.6,831.46,17750.596,1788069599999,14722677.66749,63818,10556.572,8757118.37992,2026-08-30 05:00:00
1788069600000,831.45,839.5,830.16,837.51,29409.399,1788073199999,24572307.6623,98120,14782.125,12349871.927,2026-08-30 06:00:00
1788073200000,837.52,839.24,832.12,835.64,30613.993,1788076799999,25600352.4838,95544,13433.166,11233630.08757,2026-08-30 07:00:00
1788076800000,835.64,836.7,832.0,835.65,18234.812,1788080399999,15210673.46604,72587,8921.555,7442666.12525,2026-08-30 08:00:00
1788080400000,835.65,838.77,833.12,834.99,24245.67,1788083999999,20270734.46201,88294,11471.419,9591812.54504,2026-08-30 09:00:00
1788084000000,834.98,842.0,833.66,840.86,30244.963,1788087599999,25347801.49258,95117,17748.045,14877824.39039,2026-08-30 10:00:00
1788087600000,840.87,843.49,836.32,840.12,35772.231,1788091199999,30045154.80328,117482,19379.768,16280752.10014,2026-08-30 11:00:00
1788091200000,840.11,849.97,838.38,848.29,68025.212,1788094799999,57475879.77163,228389,35701.247,30169837.42617,2026-08-30 12:00:00
1788094800000,848.27,854.99,842.19,850.38,84629.958,1788098399999,71778969.7675,212560,46770.662,39695743.94681,2026-08-30 13:00:00
1788098400000,850.38,854.37,846.51,849.71,56198.278,1788101999999,47791417.73202,200043,26490.698,22533118.76121,2026-08-30 14:00:00
1788102000000,849.72,875.0,848.22,866.15,171790.102,1788105599999,148293437.88621,448862,97342.457,84047428.8455,2026-08-30 15:00:00
1788105600000,866.15,888.65,862.55,887.25,178570.614,1788109199999,156223663.16175,489322,106990.847,93672894.0056,2026-08-30 16:00:00
1788109200000,887.24,888.43,864.64,873.21,116078.049,1788112799999,101447035.64172,342389,52300.908,45691237.48929,2026-08-30 17:00:00
1788112800000,873.21,874.28,865.4,869.3,47242.779,1788116399999,41076146.2904,182148,22580.692,19636126.67807,2026-08-30 18:00:00
1788116400000,869.31,871.41,860.36,864.28,46799.276,1788119999999,40480953.97834,171519,21822.209,18879344.2552,2026-08-30 19:00:00
1788120000000,864.28,868.33,850.57,853.02,63215.759,1788123599999,54289536.53535,210566,29309.88,25185764.80738,2026-08-30 20:00:00
1788123600000,853.03,877.16,843.43,873.06,114603.649,1788127199999,98823949.89512,309192,65368.856,56446909.95008,2026-08-30 21:00:00
1788127200000,873.08,879.99,856.81,861.44,85093.505,1788130799999,73692079.53795,291710,42086.915,36476287.47598,2026-08-30 22:00:00
1788130800000,861.44,863.0,818.0,834.63,204799.253,1788134399999,171539572.39501,588349,99026.689,82970067.25717,2026-08-30 23:00:00
1788134400000,834.63,841.79,828.16,834.7,81370.141,1788137999999,67998583.67535,304577,44819.016,37475383.13394,2026-08-31 00:00:00
1788138000000,834.69,838.79,820.09,822.48,68784.213,1788141599999,57144011.70977,245664,33362.22,27733427.72197,2026-08-31 01:00:00
1788141600000,822.42,833.21,805.36,809.45,107363.358,1788145199999,87768063.3602,313950,48932.698,40033313.55643,2026-08-31 02:00:00
1788145200000,809.45,821.92,807.0,819.8,63191.485,1788148799999,51546238.12218,205545,36083.721,29439341.33577,2026-08-31 03:00:00
1788148800000,819.81,820.49,813.5,819.24,42565.955,1788152399999,34765162.68449,162404,19866.997,16230205.56024,2026-08-31 04:00:00
1788152400000,819.24,832.52,816.66,828.89,62592.459,1788155999999,51731239.41722,194733,37232.911,30770185.51569,2026-08-31 05:00:00
1788156000000,828.9,834.4,822.08,824.18,57534.342,1788159599999,47612449.8129,194944,27231.12,22546528.90023,2026-08-31 06:00:00
1788159600000,824.17,829.22,822.49,825.31,27927.78,1788163199999,23055268.63242,113844,15176.24,12529114.9161,2026-08-31 07:00:00
1788163200000,825.32,834.69,820.33,831.87,53148.467,1788166799999,44068143.06081,155681,29611.295,24558891.13871,2026-08-31 08:00:00
1788166800000,831.87,834.74,826.0,826.81,38793.828,1788170399999,32177845.99793,146132,19095.504,15843184.75845,2026-08-31 09:00:00
1788170400000,826.82,840.85,822.24,834.81,60271.74,1788173999999,50088487.78527,172038,35343.359,29383115.64715,2026-08-31 10:00:00
1788174000000,834.8,842.84,833.77,837.49,54663.956,1788177599999,45792863.74093,204274,28605.199,23964085.12067,2026-08-31 11:00:00
1788177600000,837.5,846.4,819.89,821.64,107705.701,1788181199999,89522228.91997,269011,49853.543,41478200.69297,2026-08-31 12:00:00
1788181200000,821.65,828.02,816.52,818.64,77723.731,1788184799999,63948041.68016,250041,40799.418,33586665.24579,2026-08-31 13:00:00
1788184800000,818.65,838.6,817.61,833.37,96345.223,1788188399999,79882815.61602,281473,52871.517,43851799.33585,2026-08-31 14:00:00
1788188400000,833.38,844.99,829.38,842.07,75017.013,1788191999999,62857183.14803,232002,38883.532,32589389.49909,2026-08-31 15:00:00
1788192000000,842.06,845.0,836.49,838.4,58037.163,1788195599999,48798527.77211,214749,28776.094,24201854.70868,2026-08-31 16:00:00
1788195600000,838.4,852.08,829.66,849.79,85551.739,1788199199999,72014729.84375,234930,45990.524,38739963.60765,2026-08-31 17:00:00
1788199200000,849.83,870.76,847.05,863.3,146563.0,1788202799999,126172975.8829,352079,74371.691,64021112.30056,2026-08-31 18:00:00
1788202800000,863.31,870.43,855.84,856.91,74402.088,1788206399999,64258855.74538,252700,36310.369,31369271.34652,2026-08-31 19:00:00
1788206400000,856.92,861.77,850.38,855.45,51867.58,1788209999999,44393539.09378,175991,25483.365,21817524.24841,2026-08-31 20:00:00
1788210000000,855.45,861.71,849.39,854.3,46365.566,1788213599999,39677263.2455,177545,22774.288,19496593.48025,2026-08-31 21:00:00
1788213600000,854.3,855.17,845.65,848.47,33756.598,1788217199999,28654289.96225,139587,14899.077,12645697.36561,2026-08-31 22:00:00
1788217200000,848.46,849.37,843.82,847.71,20627.794,1788220799999,17468368.74243,83259,11278.124,9553643.80696,2026-08-31 23:00:00
1788220800000,847.71,860.0,846.78,856.46,45616.805,1788224399999,39020910.96599,158977,22834.269,19521593.67444,2026-09-01 00:00:00
1788224400000,856.46,860.0,850.2,853.51,33978.752,1788227999999,29038465.9658,125100,16956.258,14495516.0872,2026-09-01 01:00:00
1788228000000,853.51,853.77,846.01,850.8,28328.124,1788231599999,24068294.1913,109202,15048.146,12785199.25197,2026-09-01 02:00:00
1788231600000,850.8,862.96,850.16,856.54,41132.407,1788235199999,35245078.157,129633,22274.293,19086081.81725,2026-09-01 03:00:00
1788235200000,856.54,858.36,847.49,852.14,30390.861,1788238799999,25910246.63091,112315,15810.327,13479011.19227,2026-09-01 04:00:00
1788238800000,852.13,871.0,852.09,864.2,74481.563,1788242399999,64225994.49815,179137,41125.865,35485510.96437,2026-09-01 05:00:00
1788242400000,864.18,864.9,858.2,858.55,31632.279,1788245999999,27239688.26726,116197,14363.244,12369321.36642,2026-09-01 06:00:00
1788246000000,858.55,860.47,850.88,851.76,52444.43,1788249599999,44832461.12206,125369,28832.467,24648389.11551,2026-09-01 07:00:00
1788249600000,851.77,855.62,835.86,844.11,103802.401,1788253199999,87684050.22646,256386,53042.691,44810896.21017,2026-09-01 08:00:00
1788253200000,844.12,845.13,838.0,840.51,42047.639,1788256799999,35380543.56688,136688,21490.785,18085328.69812,2026-09-01 09:00:00
1788256800000,840.51,849.16,837.57,843.86,50689.203,1788260399999,42761282.38441,153033,26130.977,22052935.39228,2026-09-01 10:00:00
1788260400000,843.86,865.1,840.0,857.82,108222.125,1788263999999,92509052.22184,275583,56457.743,48252929.26467,2026-09-01 11:00:00
1788264000000,857.83,862.18,842.39,846.83,86541.739,1788267599999,73793558.78765,263746,42001.985,35813870.13162,2026-09-01 12:00:00
1788267600000,846.8,860.13,840.5,852.67,89132.644,1788271199999,75634873.73677,314407,45509.784,38619166.94009,2026-09-01 13:00:00
1788271200000,852.67,864.44,851.73,853.57,73709.755,1788274799999,63201290.91123,266174,39848.935,34177555.82552,2026-09-01 14:00:00
1788274800000,853.57,858.84,844.56,853.44,69701.417,1788278399999,59323025.7169,235600,34120.126,29022136.32742,2026-09-01 15:00:00
1788278400000,853.44,855.53,831.75,837.84,126599.08,1788281999999,106373563.91109,342584,62744.214,52749943.30905,2026-09-01 16:00:00
1788282000000,837.85,840.23,827.52,828.55,54932.154,1788285599999,45882478.3045,200210,24362.498,20364816.91401,2026-09-01 17:00:00
1788285600000,828.55,831.96,817.46,828.89,126557.436,1788289199999,104322481.47129,345623,60294.551,49728630.51139,2026-09-01 18:00:00
1788289200000,828.88,834.47,825.24,830.95,50448.952,1788292799999,41854934.44836,157676,27239.321,22601967.50632,2026-09-01 19:00:00
1788292800000,830.96,831.5,821.3,826.47,44601.889,1788296399999,36831524.53426,151814,22796.275,18823287.47214,2026-09-01 20:00:00
1788296400000,826.47,827.04,817.02,822.52,36605.617,1788299999999,30087426.34164,133927,19132.948,15731630.60385,2026-09-01 21:00:00
1788300000000,822.53,829.35,821.61,827.15,27240.197,1788303599999,22480356.10679,115065,14823.146,12235755.1552,2026-09-01 22:00:00
1788303600000,827.15,832.32,824.8,829.6,23699.208,1788307199999,19649878.14292,93495,12657.854,10495571.04407,2026-09-01 23:00:00
1788307200000,829.61,833.83,825.19,829.9,27809.975,1788310799999,23076642.85285,114873,15707.311,13037574.90783,2026-09-02 00:00:00
1788310800000,829.89,832.09,818.5,821.18,41694.593,1788314399999,34362584.02874,146872,20724.67,17081815.48206,2026-09-02 01:00:00
1788314400000,821.17,834.04,818.11,832.35,52274.512,1788317999999,43299269.19191,151260,27340.462,22635220.22107,2026-09-02 02:00:00
1788318000000,832.36,842.0,832.17,839.52,44213.832,1788321599999,37053418.88106,145237,23048.187,19314818.60889,2026-09-02 03:00:00
1788321600000,839.53,839.61,831.78,837.62,30031.81,1788325199999,25095826.63458,111688,14103.618,11787680.99599,2026-09-02 04:00:00
1788325200000,837.63,841.67,834.44,835.27,27113.44,1788328799999,22708311.90145,93101,13210.481,11064685.04066,2026-09-02 05:00:00
1788328800000,835.28,838.84,828.44,835.49,40326.861,1788332399999,33617527.12529,112161,21737.332,18123695.10193,2026-09-02 06:00:00
1788332400000,835.5,839.59,832.62,833.7,21252.869,1788335999999,17772371.91861,72679,9113.949,7620758.18858,2026-09-02 07:00:00
1788336000000,833.7,834.42,817.51,820.74,52451.404,1788339599999,43274185.99905,141040,26872.873,22174585.24371,2026-09-02 08:00:00
1788339600000,820.73,828.33,802.37,809.87,124196.949,1788343199999,101062234.25828,279854,57266.534,46644600.65357,2026-09-02 09:00:00
1788343200000,809.88,810.32,791.59,801.32,97210.276,1788346799999,77842901.41919,278442,39935.932,31985405.30867,2026-09-02 10:00:00
1788346800000,801.32,801.38,787.96,798.64,91583.534,1788350399999,72691758.30526,339556,44636.449,35448882.29652,2026-09-02 11:00:00
1788350400000,798.63,804.75,792.29,794.64,72496.196,1788353999999,57931545.2149,249944,37823.02,30242939.87052,2026-09-02 12:00:00
1788354000000,794.65,818.72,794.65,809.58,88642.311,1788357599999,71571740.02086,266837,50541.222,40795549.12143,2026-09-02 13:00:00
1788357600000,809.58,818.63,807.6,812.06,93014.092,1788361199999,75669460.03905,237991,41624.418,33862634.2589,2026-09-02 14:00:00
1788361200000,812.06,817.5,805.0,814.68,56797.857,1788364799999,46100651.51383,199849,28034.261,22764042.64198,2026-09-02 15:00:00
1788364800000,814.69,821.48,810.73,812.79,51422.914,1788368399999,41970854.77007,167687,26196.587,21388866.58877,2026-09-02 16:00:00
1788368400000,812.8,814.11,805.0,812.87,45604.626,1788371999999,36898687.0442,156467,21688.221,17550829.16884,2026-09-02 17:00:00
1788372000000,812.88,815.2,809.3,812.52,24592.095,1788375599999,19967510.93295,109891,10699.69,8689783.98723,2026-09-02 18:00:00
1788375600000,812.51,813.29,805.44,812.21,25372.883,1788379199999,20535648.16411,118496,12083.136,9782521.29171,2026-09-02 19:00:00
1788379200000,812.21,818.48,808.58,813.55,32972.117,1788382799999,26827887.64982,144695,15866.854,12910875.3137,2026-09-02 20:00:00
1788382800000,813.54,818.88,810.0,813.68,21593.454,1788386399999,17574493.82528,84751,12205.175,9938273.72102,2026-09-02 21:00:00
1788386400000,813.68,814.12,809.06,809.12,17163.212,1788389999999,13919881.18621,84490,8715.362,7068536.11972,2026-09-02 22:00:00
1788390000000,809.12,816.95,808.75,815.31,22107.379,1788393599999,17984216.82695,85324,10490.611,8533120.62672,2026-09-02 23:00:00
1788393600000,815.31,817.28,806.0,808.29,34738.761,1788397199999,28166952.17586,111997,17910.663,14520414.05814,2026-09-03 00:00:00
1788397200000,808.3,823.27,805.0,814.14,53246.84,1788400799999,43450878.47568,173942,26873.911,21937352.68902,2026-09-03 01:00:00
1788400800000,814.14,827.88,813.67,824.04,46840.614,1788404399999,38532126.28295,152320,26715.889,21969729.04925,2026-09-03 02:00:00
1788404400000,824.04,824.21,816.82,818.86,28115.539,1788407999999,23056760.15766,107410,13964.36,11449379.46477,2026-09-03 03:00:00
1788408000000,818.86,825.67,815.09,823.38,34761.702,1788411599999,28491264.9737,110296,19318.54,15838364.91499,2026-09-03 04:00:00
1788411600000,823.39,828.88,812.49,826.21,57278.081,1788415199999,47019715.46267,159832,30267.913,24847111.9654,2026-09-03 05:00:00
1788415200000,826.21,834.11,825.26,830.75,49574.361,1788418799999,41152489.00822,166732,26756.355,22211920.32467,2026-09-03 06:00:00
1788418800000,830.74,837.72,825.16,827.16,62204.586,1788422399999,51703927.49643,195560,33614.561,27949818.96696,2026-09-03 07:00:00
1788422400000,827.15,832.62,826.06,828.38,27444.819,1788425999999,22752356.64884,94215,13701.373,11361287.55033,2026-09-03 08:00:00
1788426000000,828.37,832.08,827.24,828.74,27777.731,1788429599999,23037700.44608,115051,13971.871,11589301.70573,2026-09-03 09:00:00
1788429600000,828.7,833.61,827.01,832.64,31905.414,1788433199999,26487919.99662,101334,14393.587,11950631.4876,2026-09-03 10:00:00
1788433200000,832.65,847.37,831.03,844.98,77602.665,1788436799999,65264910.2873,220224,42652.181,35870147.44553,2026-09-03 11:00:00
1788436800000,844.99,849.6,841.28,846.27,62681.134,1788440399999,52960319.17342,198136,33410.2,28237251.18297,2026-09-03 12:00:00
1788440400000,846.32,860.0,843.4,855.91,108394.514,1788443999999,92413234.19288,273766,62887.249,53618250.5051,2026-09-03 13:00:00
1788444000000,855.92,874.84,854.0,872.05,158774.76,1788447599999,137022159.63409,381693,84826.445,73261231.18944,2026-09-03 14:00:00
1788447600000,872.05,969.5,864.32,954.84,613412.727,1788451199999,560239806.98492,1109335,342529.132,312810822.48228,2026-09-03 15:00:00
1788451200000,954.84,958.43,932.79,941.29,255908.758,1788454799999,241336255.37368,696858,117747.737,111072606.92341,2026-09-03 16:00:00
1788454800000,941.3,953.77,937.0,947.97,112863.853,1788458399999,106841980.34085,341827,53391.643,50551941.08899,2026-09-03 17:00:00
1788458400000,947.98,968.2,946.05,964.05,134692.214,1788461999999,129109879.50963,385792,74158.155,71110597.22275,2026-09-03 18:00:00
1788462000000,964.09,979.44,959.1,966.23,183825.237,1788465599999,178137179.00399,498386,95752.005,92831334.07306,2026-09-03 19:00:00
1788465600000,966.24,971.53,954.0,955.69,86102.484,1788469199999,82800322.30924,304930,36117.132,34751696.23514,2026-09-03 20:00:00
1788469200000,955.7,969.61,946.86,949.95,66850.175,1788472799999,64004179.01791,250515,32221.848,30878358.53869,2026-09-03 21:00:00
1788472800000,949.95,952.67,937.1,952.14,84606.489,1788476399999,79933595.61553,286749,41048.857,38795979.21303,2026-09-03 22:00:00
1788476400000,952.14,954.8,943.83,952.06,44783.968,1788479999999,42528888.57531,184671,24225.07,23010734.9459,2026-09-03 23:00:00
1788480000000,952.06,953.4,937.97,938.71,62424.123,1788483599999,59005595.47997,197916,30588.944,28932930.75076,2026-09-04 00:00:00
1788483600000,938.71,943.55,932.0,940.1,64724.028,1788487199999,60725892.46723,207084,31357.513,29431429.3512,2026-09-04 01:00:00
1788487200000,940.11,942.76,934.0,939.01,36217.001,1788490799999,33982994.34421,134586,17539.544,16461573.01564,2026-09-04 02:00:00
1788490800000,939.0,951.73,938.89,944.95,60959.189,1788494399999,57713058.05654,214088,35874.253,33970818.41838,2026-09-04 03:00:00
1788494400000,944.96,955.96,944.88,946.95,47328.989,1788497999999,44986888.62985,183787,24076.998,22886348.82156,2026-09-04 04:00:00
1788498000000,946.96,962.2,944.71,956.55,57828.922,1788501599999,55153014.0602,202653,31205.756,29772996.53102,2026-09-04 05:00:00
1788501600000,956.54,959.89,947.86,958.02,43446.417,1788505199999,41436496.72975,180133,21737.465,20734494.28327,2026-09-04 06:00:00
1788505200000,958.01,977.7,957.49,967.2,153515.429,1788508799999,148766944.62968,383179,82624.477,80069785.5119,2026-09-04 07:00:00
1788508800000,967.21,1029.0,964.78,1022.82,291394.837,1788512399999,291095950.70559,640868,168913.426,168853709.20471,2026-09-04 08:00:00
1788512400000,1022.83,1026.0,995.22,1003.36,230727.565,1788515999999,232692259.32039,599229,109423.302,110361496.64831,2026-09-04 09:00:00
1788516000000,1003.35,1006.12,987.05,1002.88,116122.967,1788519599999,115817483.29789,334387,58318.582,58195436.84695,2026-09-04 10:00:00
1788519600000,1002.88,1014.5,996.59,1009.66,93288.256,1788523199999,93828037.18546,259756,51607.189,51923419.68749,2026-09-04 11:00:00
1788523200000,1009.65,1022.0,968.43,986.16,338243.854,1788526799999,334535033.40678,695480,146145.388,144708356.28668,2026-09-04 12:00:00
1788526800000,986.16,1004.4,960.0,986.72,261203.059,1788530399999,256321357.64764,669803,127468.909,125234974.48986,2026-09-04 13:00:00
1788530400000,986.68,991.73,965.0,973.92,156405.386,1788533999999,152889147.89649,473863,72064.919,70468436.37388,2026-09-04 14:00:00
1788534000000,973.92,988.0,970.14,986.3,86697.684,1788537599999,85156439.29145,278653,45754.53,44958428.04788,2026-09-04 15:00:00
1788537600000,986.29,1047.6,984.7,1033.12,269598.018,1788541199999,274520470.64067,612751,156859.091,159683862.14992,2026-09-04 16:00:00
1788541200000,1033.13,1050.0,994.26,1007.09,246362.524,1788544799999,252270063.23221,621459,123684.175,126824361.15106,2026-09-04 17:00:00
1788544800000,1007.08,1030.91,1006.9,1024.62,102225.632,1788548399999,104281720.49863,300873,57201.13,58359414.25354,2026-09-04 18:00:00
1788548400000,1024.63,1040.65,1019.2,1038.49,79631.855,1788551999999,82208713.15027,253174,42365.308,43760126.73985,2026-09-04 19:00:00
1788552000000,1038.49,1042.35,1016.35,1022.84,78542.788,1788555599999,81116153.81012,243789,34287.429,35446848.82406,2026-09-04 20:00:00
1788555600000,1022.83,1031.53,1012.26,1016.6,52373.437,1788559199999,53520400.1001,191926,26198.553,26795832.91609,2026-09-04 21:00:00
1788559200000,1016.61,1027.6,1011.42,1021.9,45264.443,1788562799999,46181980.55468,169237,27470.761,28032077.86235,2026-09-04 22:00:00
1788562800000,1021.9,1033.45,1016.1,1022.34,52792.801,1788566399999,54174525.45331,163338,24477.532,25123280.89838,2026-09-04 23:00:00
1788566400000,1022.33,1025.64,1014.33,1018.04,45923.419,1788569999999,46843084.57273,157934,23838.071,24316185.52714,2026-09-05 00:00:00
1788570000000,1018.04,1022.34,1011.82,1011.98,37061.932,1788573599999,37681833.92104,134743,18036.898,18340364.3574,2026-09-05 01:00:00
1788573600000,1011.98,1029.89,1009.24,1029.34,48129.242,1788577199999,49115498.54515,157215,24890.129,25409539.70565,2026-09-05 02:00:00
1788577200000,1029.35,1036.28,1022.38,1024.09,53885.627,1788580799999,55378593.19487,165995,27734.97,28510270.90616,2026-09-05 03:00:00
1788580800000,1024.1,1027.67,1013.55,1015.39,37668.277,1788584399999,38433120.53266,130360,17202.529,17555978.60116,2026-09-05 04:00:00
1788584400000,1015.4,1026.0,1008.04,1015.24,52502.098,1788587999999,53464261.92665,146527,25600.673,26088705.0124,2026-09-05 05:00:00
1788588000000,1015.23,1020.79,1011.0,1015.31,44329.214,1788591599999,44999940.49023,121690,22529.1,22875445.89897,2026-09-05 06:00:00
1788591600000,1015.31,1017.92,1000.02,1001.51,69177.508,1788595199999,69717209.32342,196769,30636.843,30884450.49372,2026-09-05 07:00:00
1788595200000,1001.51,1008.7,996.65,1004.57,58870.242,1788598799999,59052253.19378,214452,24627.801,24719027.69937,2026-09-05 08:00:00
1788598800000,1004.57,1011.99,1004.4,1009.14,44720.238,1788602399999,45107822.48841,153598,23496.577,23701528.20631,2026-09-05 09:00:00
1788602400000,1009.15,1014.68,1006.87,1009.71,27199.932,1788605999999,27495792.54736,107255,14189.334,14343980.16206,2026-09-05 10:00:00
1788606000000,1009.71,1014.23,1003.01,1013.85,36064.599,1788609599999,36367495.35395,123735,17123.687,17271796.93322,2026-09-05 11:00:00
1788609600000,1013.84,1019.6,1007.16,1013.44,52816.29,1788613199999,53521009.68805,173683,28876.965,29265578.91659,2026-09-05 12:00:00
1788613200000,1013.44,1022.58,1010.0,1013.01,55035.911,1788616799999,55919008.01065,213830,28349.072,28813093.82034,2026-09-05 13:00:00
1788616800000,1013.01,1017.77,1008.5,1012.86,42443.03,1788620399999,43013976.32331,153362,20483.663,20751363.8811,2026-09-05 14:00:00
1788620400000,1012.86,1022.0,1012.84,1014.97,39967.225,1788623999999,40651786.24993,139384,21222.751,21585726.90619,2026-09-05 15:00:00
1788624000000,1014.98,1044.15,1014.24,1034.53,104606.016,1788627599999,107557483.64342,275593,60643.093,62368797.16187,2026-09-05 16:00:00
1788627600000,1034.52,1039.04,1021.74,1028.54,69655.563,1788631199999,71784126.04629,247322,35888.536,36997720.1033,2026-09-05 17:00:00
1788631200000,1028.56,1034.97,1022.0,1023.97,42930.857,1788634799999,44111981.98977,186210,20768.421,21341356.34284,2026-09-05 18:00:00
1788634800000,1023.97,1027.32,1010.1,1014.48,64969.498,1788638399999,66113082.68284,243147,28628.483,29138009.28582,2026-09-05 19:00:00
1788638400000,1014.49,1014.94,1003.35,1008.06,62171.324,1788641999999,62750198.72512,211113,31266.897,31565227.90544,2026-09-05 20:00:00
1788642000000,1008.05,1017.49,1007.08,1015.08,29035.809,1788645599999,29416223.00678,109728,17497.498,17729721.80977,2026-09-05 21:00:00
1788645600000,1015.09,1021.37,1013.19,1018.64,22933.086,1788649199999,23334743.64538,99511,11176.923,11374402.92508,2026-09-05 22:00:00
1788649200000,1018.63,1027.31,1016.85,1025.42,31437.233,1788652799999,32136267.1671,106123,13443.016,13743360.5719,2026-09-05 23:00:00
1788652800000,1025.42,1037.99,1022.85,1029.4,49449.437,1788656399999,50981897.66924,164287,24393.129,25147963.52674,2026-09-06 00:00:00
1788656400000,1029.41,1086.08,1029.41,1061.86,220306.411,1788659999999,235375922.35804,641524,124164.666,132479884.16592,2026-09-06 01:00:00
1788660000000,1061.86,1072.08,1061.74,1064.64,45812.947,1788663599999,48815496.24256,198010,26013.682,27720743.96534,2026-09-06 02:00:00
1788663600000,1064.64,1078.87,1062.09,1072.82,52849.305,1788667199999,56491321.46003,177147,29520.17,31557587.14659,2026-09-06 03:00:00
1788667200000,1072.83,1176.95,1064.8,1139.36,293714.251,1788670799999,329510499.95685,709583,158299.452,177552323.19473,2026-09-06 04:00:00
1788670800000,1139.38,1196.5,1133.23,1167.66,288605.656,1788674399999,336322625.45504,814620,151776.416,177023655.3967,2026-09-06 05:00:00
1788674400000,1167.68,1183.99,1155.3,1178.41,128962.807,1788677999999,150926607.29372,484313,70452.664,82487146.88748,2026-09-06 06:00:00
1788678000000,1178.4,1180.0,1150.29,1162.72,136758.221,1788681599999,159061118.02668,423360,63107.257,73404447.33921,2026-09-06 07:00:00
1788681600000,1162.71,1178.0,1160.0,1171.78,104033.111,1788685199999,121571384.70688,305281,51377.383,60067060.09359,2026-09-06 08:00:00
1788685200000,1171.77,1223.24,1166.56,1182.59,314620.611,1788688799999,375448778.48799,802415,165672.869,197820288.58732,2026-09-06 09:00:00
1788688800000,1182.59,1191.74,1179.06,1185.92,73108.389,1788692399999,86626883.83682,249214,37285.527,44186777.5675,2026-09-06 10:00:00
1788692400000,1185.92,1193.46,1155.75,1183.99,123636.367,1788695999999,145339263.66145,354303,58948.87,69372575.16821,2026-09-06 11:00:00
1788696000000,1183.99,1184.83,1165.22,1171.02,75734.878,1788699599999,88857838.46789,285420,34957.183,41019107.33618,2026-09-06 12:00:00
1788699600000,1171.02,1210.0,1168.58,1182.24,135034.775,1788703199999,160171442.02931,399575,72111.908,85585592.0283,2026-09-06 13:00:00
1788703200000,1182.24,1185.54,1125.0,1161.99,253630.149,1788706799999,293500306.0132,625613,120150.275,139144502.28145,2026-09-06 14:00:00
1788706800000,1161.98,1174.41,1152.11,1167.47,77294.703,1788710399999,89821323.85073,293665,39609.436,46058593.26871,2026-09-06 15:00:00
1788710400000,1167.48,1185.42,1165.0,1181.86,92287.229,1788713999999,108553650.75836,279497,45481.846,53511341.9958,2026-09-06 16:00:00
1788714000000,1181.85,1242.0,1179.89,1206.7,304703.089,1788717599999,368340392.16999,812134,166862.79,201792824.6705,2026-09-06 17:00:00
1788717600000,1206.74,1236.54,1202.29,1225.35,167938.219,1788721199999,205421903.20557,550235,89531.51,109524930.68663,2026-09-06 18:00:00
1788721200000,1225.35,1227.98,1207.05,1213.91,76477.989,1788724799999,93115924.79747,297529,37308.103,45438571.27528,2026-09-06 19:00:00
1788724800000,1213.91,1228.9,1210.83,1222.96,59665.372,1788728399999,72649047.73784,249968,30215.7,36804409.45302,2026-09-06 20:00:00
1788728400000,1222.96,1257.06,1215.89,1245.39,143012.98,1788731999999,176838821.97557,405019,80037.712,99062605.24549,2026-09-06 21:00:00
1788732000000,1245.39,1245.89,1211.09,1229.45,107897.435,1788735599999,132052876.40832,366844,53883.482,65951726.12916,2026-09-06 22:00:00
1788735600000,1229.45,1244.44,1222.0,1226.76,78754.821,1788739199999,96927382.10776,298783,40606.966,49976077.45647,2026-09-06 23:00:00
1788739200000,1226.76,1229.77,1185.2,1196.23,123919.543,1788742799999,149584381.25126,376986,52408.661,63316455.18026,2026-09-07 00:00:00
1788742800000,1196.24,1196.29,1170.96,1183.08,106525.966,1788746399999,126109591.62938,338473,49727.794,58885889.2558,2026-09-07 01:00:00
1788746400000,1183.08,1198.71,1178.5,1190.1,80571.764,1788749999999,95819030.04722,241686,48515.343,57703865.85636,2026-09-07 02:00:00
1788750000000,1190.11,1194.8,1182.24,1190.77,54436.556,1788753599999,64749135.84301,212927,25740.915,30619990.84637,2026-09-07 03:00:00
1788753600000,1190.77,1198.65,1183.26,1193.18,45998.847,1788757199999,54800585.16938,193307,23783.648,28338950.97167,2026-09-07 04:00:00
1788757200000,1193.17,1223.76,1188.24,1198.27,117842.36,1788760799999,142263948.81816,326175,61523.161,74321636.89685,2026-09-07 05:00:00
1788760800000,1198.27,1217.73,1195.2,1208.68,64234.822,1788764399999,77702417.08716,210454,31993.978,38701952.70184,2026-09-07 06:00:00
1788764400000,1208.67,1210.0,1168.0,1186.22,126361.534,1788767999999,150116454.53523,352138,56777.808,67382114.38507,2026-09-07 07:00:00
1788768000000,1186.23,1186.92,1173.76,1182.17,59156.676,1788771599999,69841908.89691,217646,28610.229,33789006.87874,2026-09-07 08:00:00
1788771600000,1182.16,1191.42,1178.34,1187.17,48524.132,1788775199999,57610251.31442,189280,23415.833,27805053.21922,2026-09-07 09:00:00
1788775200000,1187.16,1211.28,1185.93,1204.89,74347.232,1788778799999,89302267.5126,249494,40211.233,48308878.85892,2026-09-07 10:00:00
1788778800000,1204.89,1207.15,1188.02,1192.92,58056.051,1788782399999,69520863.15872,190665,24697.419,29579637.16735,2026-09-07 11:00:00
1788782400000,1192.93,1202.0,1187.4,1196.89,46983.541,1788785999999,56131555.80135,199252,25920.829,30980239.84303,2026-09-07 12:00:00
1788786000000,1196.89,1197.98,1178.0,1184.22,84554.446,1788789599999,100253451.81451,271004,38758.391,45952303.03752,2026-09-07 13:00:00
1788789600000,1184.23,1184.33,1161.16,1173.69,121008.95,1788793199999,141945642.41333,376860,59232.545,69491774.6146,2026-09-07 14:00:00
1788793200000,1173.7,1173.7,1141.07,1146.27,163193.872,1788796799999,188754726.28476,463806,68415.742,79156872.91285,2026-09-07 15:00:00
1788796800000,1146.26,1163.52,1145.68,1159.07,99283.61,1788800399999,114599766.28263,315165,55938.534,64587116.60342,2026-09-07 16:00:00
1788800400000,1159.07,1172.84,1156.79,1167.86,74016.989,1788803999999,86396429.49808,225640,42875.378,50048623.71354,2026-09-07 17:00:00
1788804000000,1167.86,1169.68,1151.56,1156.69,55659.623,1788807599999,64513799.1491,185534,21045.406,24388647.04656,2026-09-07 18:00:00
1788807600000,1156.69,1166.62,1150.6,1163.9,41458.749,1788811199999,48036480.81796,156868,20815.03,24130441.96931,2026-09-07 19:00:00
1788811200000,1163.89,1164.35,1151.06,1154.83,36915.958,1788814799999,42679867.78886,147572,17859.699,20648029.13062,2026-09-07 20:00:00
1788814800000,1154.84,1159.31,1146.77,1151.78,24992.333,1788818399999,28832804.80824,97194,11745.443,13553904.96956,2026-09-07 21:00:00
1788818400000,1151.78,1158.16,1104.08,1129.19,140551.171,1788821999999,158986875.92978,366591,57930.754,65543303.69267,2026-09-07 22:00:00
1788822000000,1129.18,1143.74,1128.34,1139.53,56886.44,1788825599999,64656573.55635,240684,31719.205,36058480.30196,2026-09-07 23:00:00
1788825600000,1139.54,1143.79,1131.06,1137.85,49175.631,1788829199999,55943695.64445,200060,22912.7,26067951.54571,2026-09-08 00:00:00
1788829200000,1137.85,1170.3,1133.17,1154.16,65258.376,1788832799999,74873053.66552,213284,40838.543,46895086.66902,2026-09-08 01:00:00
1788832800000,1154.15,1154.63,1126.93,1130.06,72606.059,1788836399999,82820659.76867,243708,33498.255,38252423.43813,2026-09-08 02:00:00
1788836400000,1130.06,1135.19,1122.5,1133.98,54450.402,1788839999999,61514393.2106,209275,28304.696,31986773.20676,2026-09-08 03:00:00
1788840000000,1133.98,1134.66,1110.97,1123.2,54222.658,1788843599999,61032643.31288,210810,23728.326,26718827.86659,2026-09-08 04:00:00
1788843600000,1123.2,1143.17,1120.93,1127.6,71370.479,1788847199999,80777805.7579,227704,40241.071,45565768.86097,2026-09-08 05:00:00
1788847200000,1127.6,1139.47,1123.4,1128.81,47545.486,1788850799999,53758358.41261,188574,22376.531,25305330.06124,2026-09-08 06:00:00
1788850800000,1128.81,1130.75,1114.49,1123.74,58375.42,1788854399999,65559629.43341,207124,29218.088,32828235.1929,2026-09-08 07:00:00
1788854400000,1123.74,1136.94,1119.03,1130.77,54415.548,1788857999999,61420550.56011,184801,28762.403,32483411.92234,2026-09-08 08:00:00
1788858000000,1130.77,1165.0,1125.25,1150.06,87359.67,1788861599999,99886351.21794,251949,53305.288,60975704.56595,2026-09-08 09:00:00
1788861600000,1150.05,1162.01,1140.1,1147.01,83583.823,1788865199999,96123285.70305,283596,43881.219,50484522.66793,2026-09-08 10:00:00
1788865200000,1147.01,1173.5,1145.39,1157.54,101349.646,1788868799999,117370491.37975,331860,55643.214,64461922.48855,2026-09-08 11:00:00
1788868800000,1157.53,1163.89,1148.58,1159.97,50484.24,1788872399999,58391967.20232,232432,23293.596,26946892.22083,2026-09-08 12:00:00
1788872400000,1159.97,1161.38,1126.75,1153.39,121757.808,1788875999999,139423130.13694,381473,54970.236,63013921.43064,2026-09-08 13:00:00
1788876000000,1153.38,1192.58,1151.0,1173.55,163223.586,1788879599999,191213872.119,505559,88501.358,103771534.93623,2026-09-08 14:00:00
1788879600000,1173.55,1189.05,1170.45,1182.48,98174.25,1788883199999,115768826.94804,381880,52035.959,61377707.69051,2026-09-08 15:00:00
1788883200000,1182.48,1211.68,1174.36,1193.17,145649.465,1788886799999,173941593.38953,489835,80207.841,95786917.24686,2026-09-08 16:00:00
1788886800000,1193.18,1193.65,1173.53,1175.29,81789.828,1788890399999,96708139.10623,302041,40026.657,47342669.2098,2026-09-08 17:00:00
1788890400000,1175.29,1182.77,1156.92,1159.94,78031.857,1788893999999,91225771.10258,268476,35193.361,41178868.6486,2026-09-08 18:00:00
1788894000000,1159.95,1162.29,1145.07,1147.54,68089.132,1788897599999,78551698.05839,242634,31896.802,36811903.03543,2026-09-08 19:00:00
1788897600000,1147.54,1159.08,1143.0,1155.72,54163.567,1788901199999,62340862.95874,204955,29759.175,34258605.02169,2026-09-08 20:00:00
1788901200000,1155.72,1173.14,1155.72,1163.58,45488.315,1788904799999,53088420.24437,159002,23820.623,27791665.14072,2026-09-08 21:00:00
1788904800000,1163.59,1183.0,1163.59,1178.48,40480.419,1788908399999,47543983.55994,166372,21070.906,24750487.2181,2026-09-08 22:00:00
1788908400000,1178.47,1183.68,1175.35,1177.14,29570.008,1788911999999,34866904.04462,120090,12724.272,15007681.27963,2026-09-08 23:00:00
1788912000000,1177.13,1189.99,1176.31,1187.13,37374.806,1788915599999,44251436.95997,154784,21591.737,25569231.95791,2026-09-09 00:00:00
1788915600000,1187.12,1188.37,1178.0,1184.21,33246.473,1788919199999,39351363.25475,144609,16032.576,18982215.67462,2026-09-09 01:00:00
1788919200000,1184.22,1186.61,1178.77,1180.41,25062.692,1788922799999,29633901.90213,136458,10861.406,12843868.55091,2026-09-09 02:00:00
1788922800000,1180.41,1192.0,1172.57,1185.93,45133.549,1788926399999,53363817.41614,206973,24655.768,29171951.51781,2026-09-09 03:00:00
1788926400000,1185.98,1265.27,1185.98,1243.32,262215.654,1788929999999,321700025.60958,776494,154220.542,189256486.83746,2026-09-09 04:00:00
1788930000000,1243.33,1247.59,1200.01,1212.57,188828.621,1788933599999,231228379.51791,639979,85120.391,104253273.88994,2026-09-09 05:00:00
1788933600000,1212.58,1235.0,1211.03,1224.56,90400.387,1788937199999,110837715.80046,292641,48477.631,59428696.66634,2026-09-09 06:00:00
1788937200000,1224.56,1245.0,1223.0,1237.92,87240.767,1788940799999,107861366.14354,282506,48795.8,60348005.51423,2026-09-09 07:00:00
1788940800000,1237.92,1247.36,1230.17,1244.65,61020.373,1788944399999,75656305.39705,260515,34061.501,42250560.32319,2026-09-09 08:00:00
1788944400000,1244.65,1259.98,1232.02,1235.95,118713.096,1788947999999,147707528.47496,437244,60414.836,75236442.20809,2026-09-09 09:00:00
1788948000000,1235.95,1251.04,1233.35,1242.06,78128.366,1788951599999,96977209.37989,328283,39866.74,49500127.64792,2026-09-09 10:00:00
1788951600000,1242.06,1278.04,1236.02,1267.16,193225.095,1788955199999,244127180.67738,626173,102778.144,129886517.89789,2026-09-09 11:00:00
1788955200000,1267.15,1274.99,1260.1,1264.68,82179.644,1788958799999,104155606.90243,358027,43373.706,54989114.42602,2026-09-09 12:00:00
1788958800000,1264.67,1294.33,1258.01,1269.99,150532.998,1788962399999,191847836.76329,474346,79513.869,101392533.17453,2026-09-09 13:00:00
1788962400000,1269.9,1297.5,1262.56,1284.69,174494.839,1788965999999,223745385.12198,581976,93930.67,120491605.56343,2026-09-09 14:00:00
1788966000000,1284.68,1295.0,1246.0,1269.0,197795.899,1788969599999,250487201.94061,650589,96480.979,122241896.06998,2026-09-09 15:00:00
1788969600000,1269.01,1293.3,1266.42,1272.48,99433.277,1788973199999,127171778.36223,372666,50550.909,64662410.42187,2026-09-09 16:00:00
1788973200000,1272.48,1282.97,1265.03,1265.93,63287.416,1788976799999,80593225.6586,259697,31660.673,40332261.64234,2026-09-09 17:00:00
1788976800000,1265.93,1278.28,1257.41,1271.33,68587.258,1788980399999,86946314.83944,269310,34547.984,43787685.17999,2026-09-09 18:00:00
1788980400000,1271.33,1275.25,1247.09,1250.56,74901.921,1788983999999,94227194.03625,303923,35849.097,45110950.97871,2026-09-09 19:00:00
1788984000000,1250.53,1261.04,1232.32,1249.21,89733.758,1788987599999,111823388.92217,325834,44246.668,55161542.73713,2026-09-09 20:00:00
1788987600000,1249.2,1249.66,1233.86,1235.28,49196.587,1788991199999,61050664.95127,218195,25379.601,31497494.77081,2026-09-09 21:00:00
1788991200000,1235.27,1246.92,1221.0,1228.12,86964.149,1788994799999,107303836.35792,320392,40744.952,50318964.20398,2026-09-09 22:00:00
1788994800000,1228.11,1248.37,1228.11,1243.68,46993.084,1788998399999,58290303.06292,202734,28081.076,34836068.27524,2026-09-09 23:00:00
1788998400000,1243.67,1257.5,1227.4,1230.63,60052.176,1789001999999,74378372.94576,241010,30923.275,38324019.19488,2026-09-10 00:00:00
1789002000000,1230.64,1245.36,1204.78,1212.86,112602.105,1789005599999,137729386.76983,414131,45485.939,55719039.79226,2026-09-10 01:00:00
1789005600000,1212.86,1246.98,1205.71,1246.82,92372.504,1789009199999,113404304.86193,363417,50811.363,62466067.48859,2026-09-10 02:00:00
1789009200000,1246.67,1248.15,1236.05,1241.76,50985.938,1789012799999,63353187.90444,252467,26296.349,32687645.65682,2026-09-10 03:00:00
1789012800000,1241.77,1251.92,1240.83,1243.78,34283.231,1789016399999,42738946.9386,189257,18150.868,22632619.53072,2026-09-10 04:00:00
1789016400000,1243.77,1249.0,1230.66,1235.89,50706.077,1789019999999,62827637.31956,228556,22176.087,27485447.38969,2026-09-10 05:00:00
1789020000000,1235.89,1236.48,1211.75,1230.13,78595.791,1789023599999,96211350.88176,288458,35951.266,44017667.73547,2026-09-10 06:00:00
1789023600000,1230.13,1230.18,1208.55,1215.27,69655.223,1789027199999,84653128.51175,265355,30936.716,37603989.31955,2026-09-10 07:00:00
1789027200000,1215.26,1225.0,1212.6,1224.23,40011.707,1789030799999,48791105.97695,160576,20316.53,24781422.97485,2026-09-10 08:00:00
1789030800000,1224.22,1227.26,1214.58,1222.35,46491.256,1789034399999,56797829.09612,197929,21721.595,26533968.75224,2026-09-10 09:00:00
1789034400000,1222.33,1231.01,1215.9,1219.7,40529.729,1789037999999,49616972.34312,203351,20342.536,24909679.40702,2026-09-10 10:00:00
1789038000000,1219.69,1238.32,1216.45,1221.07,51793.991,1789041599999,63598495.28203,211684,27578.898,33872024.15332,2026-09-10 11:00:00
1789041600000,1221.05,1223.5,1175.1,1189.05,231344.371,1789045199999,278211221.95714,619757,107943.674,129883501.97983,2026-09-10 12:00:00
1789045200000,1189.05,1195.54,1161.1,1169.8,208616.302,1789048799999,244476893.0775,882714,96292.556,112892572.56746,2026-09-10 13:00:00
1789048800000,1169.8,1185.75,1156.28,1179.21,147902.895,1789052399999,173386806.0127,497750,70425.674,82612236.25774,2026-09-10 14:00:00
1789052400000,1179.2,1179.21,1164.35,1168.17,51282.35,1789055999999,59979852.17325,257393,26342.461,30813163.88589,2026-09-10 15:00:00
1789056000000,1168.17,1171.0,1112.15,1131.28,274955.357,1789059599999,312170091.16355,751369,124711.659,141531529.436,2026-09-10 16:00:00
1789059600000,1131.27,1163.41,1128.85,1142.63,150336.372,1789063199999,172501381.31853,473338,78038.721,89553925.68843,2026-09-10 17:00:00
1789063200000,1142.63,1146.0,1116.87,1139.51,121181.031,1789066799999,136974904.67823,429241,59438.91,67219551.9347,2026-09-10 18:00:00
1789066800000,1139.52,1139.77,1119.85,1124.54,68664.595,1789070399999,77455872.86237,301806,30435.108,34334707.65681,2026-09-10 19:00:00
1789070400000,1124.54,1135.48,1120.0,1130.92,42313.155,1789073999999,47798951.00775,211819,21931.771,24779402.56514,2026-09-10 20:00:00
1789074000000,1130.91,1139.13,1125.8,1133.27,27017.587,1789077599999,30595890.78687,154311,14582.851,16511512.36211,2026-09-10 21:00:00
1789077600000,1133.27,1143.1,1089.01,1093.25,159624.606,1789081199999,178101862.81939,399660,69597.608,77745142.71499,2026-09-10 22:00:00
1789081200000,1093.25,1103.75,1066.19,1079.65,158613.736,1789084799999,171381491.521,632467,75078.028,81125555.90087,2026-09-10 23:00:00
1789084800000,1079.66,1092.0,1078.49,1084.37,62328.957,1789088399999,67668375.85225,295225,31512.172,34221635.77102,2026-09-11 00:00:00
1789088400000,1084.37,1102.38,1072.25,1081.2,91896.914,1789091999999,99845259.60545,357086,46200.962,50216285.43743,2026-09-11 01:00:00
1789092000000,1081.21,1088.13,1055.1,1069.92,108263.703,1789095599999,115634252.71777,373354,49414.35,52780690.35546,2026-09-11 02:00:00
1789095600000,1069.93,1072.72,1053.79,1066.89,81367.28,1789099199999,86551452.79711,341656,39396.282,41920863.02032,2026-09-11 03:00:00
1789099200000,1066.88,1093.39,1064.46,1086.66,87926.915,1789102799999,94979042.50308,308774,48424.628,52305940.74953,2026-09-11 04:00:00
1789102800000,1086.65,1101.37,1082.45,1097.09,72070.074,1789106399999,78626599.37317,250352,40512.293,44219560.72602,2026-09-11 05:00:00
1789106400000,1097.09,1108.94,1094.02,1102.46,75241.527,1789109999999,82842201.10307,310656,40658.618,44777543.57167,2026-09-11 06:00:00
1789110000000,1102.39,1118.39,1101.67,1111.23,92798.168,1789113599999,103220617.19861,289785,50319.918,55972605.24613,2026-09-11 07:00:00
1789113600000,1111.24,1122.0,1104.43,1114.66,60080.181,1789117199999,66883285.84534,220316,30852.293,34369880.97764,2026-09-11 08:00:00
1789117200000,1114.64,1115.2,1092.06,1103.54,77733.564,1789120799999,85727563.4282,273210,34093.696,37607175.75546,2026-09-11 09:00:00
1789120800000,1103.53,1114.0,1097.6,1098.68,58452.762,1789124399999,64635773.5916,240169,28584.775,31627853.89185,2026-09-11 10:00:00
1789124400000,1098.68,1102.81,1086.06,1101.11,69492.617,1789127999999,75996890.49115,273240,32855.173,35950006.56202,2026-09-11 11:00:00
1789128000000,1101.11,1172.13,1090.34,1151.41,353679.896,1789131599999,402885114.13443,1050746,186181.38,212033451.6467,2026-09-11 12:00:00
1789131600000,1151.41,1209.6,1137.6,1207.63,279590.398,1789135199999,326757936.09073,1020850,151220.248,176987626.38663,2026-09-11 13:00:00
1789135200000,1207.64,1217.78,1171.0,1187.6,271800.614,1789138799999,325102955.31417,961738,130745.001,156501426.88963,2026-09-11 14:00:00
1789138800000,1187.61,1209.6,1148.6,1163.63,217347.219,1789142399999,257093545.6374,669969,106725.92,126345903.8487,2026-09-11 15:00:00
1789142400000,1163.63,1189.0,1152.0,1186.42,163175.73,1789145999999,191012828.61047,542921,80172.805,93939907.62628,2026-09-11 16:00:00
1789146000000,1186.42,1188.96,1170.01,1176.96,79843.106,1789149599999,94143262.28955,307624,34465.583,40641190.23939,2026-09-11 17:00:00
1789149600000,1176.97,1180.0,1158.75,1165.54,89602.889,1789153199999,104856423.2022,364749,46941.713,54944188.47369,2026-09-11 18:00:00
1789153200000,1165.53,1180.0,1150.34,1174.5,89501.68,1789156799999,104243585.56199,347577,46077.299,53707791.87184,2026-09-11 19:00:00
1789156800000,1174.51,1193.94,1168.76,1182.08,61193.729,1789160399999,72269579.17775,256543,31381.001,37075615.23482,2026-09-11 20:00:00
1789160400000,1182.09,1189.83,1153.71,1157.8,42683.821,1789163999999,50091139.65078,188332,20708.195,24318112.96151,2026-09-11 21:00:00
1789164000000,1157.8,1169.0,1151.0,1158.71,70177.953,1789167599999,81409290.90453,321315,36641.002,42520982.7651,2026-09-11 22:00:00
1789167600000,1158.71,1168.42,1149.0,1164.19,43601.256,1789171199999,50572187.50218,211487,20670.655,23982690.42945,2026-09-11 23:00:00
1789171200000,1164.18,1165.23,1153.85,1155.41,33957.014,1789174799999,39383578.94056,184601,17353.313,20126939.27003,2026-09-12 00:00:00
1789174800000,1155.42,1161.62,1132.0,1139.67,75705.555,1789178399999,86632723.9982,283679,32285.429,36962849.1598,2026-09-12 01:00:00
1789178400000,1139.67,1145.0,1131.25,1140.24,36281.965,1789181999999,41335047.67582,182109,17365.99,19788019.23551,2026-09-12 02:00:00
1789182000000,1140.24,1141.85,1125.24,1134.2,44149.06,1789185599999,50012509.85894,196542,20358.415,23067203.54911,2026-09-12 03:00:00
1789185600000,1134.19,1143.06,1129.41,1134.73,41131.64,1789189199999,46763294.13631,187364,22342.683,25404709.52377,2026-09-12 04:00:00
1789189200000,1134.72,1137.36,1125.64,1126.32,30978.85,1789192799999,35022549.30163,181330,14785.667,16716682.7494,2026-09-12 05:00:00
1789192800000,1126.32,1134.81,1120.82,1130.59,41572.752,1789196399999,46882235.54056,175815,23007.646,25958070.85488,2026-09-12 06:00:00
1789196400000,1130.58,1152.0,1129.6,1149.17,70244.371,1789199999999,80375846.37353,233760,44291.475,50676144.65422,2026-09-12 07:00:00
1789200000000,1149.16,1155.76,1142.54,1151.2,42910.807,1789203599999,49291293.13361,161231,23606.471,27128317.22977,2026-09-12 08:00:00
1789203600000,1151.19,1155.5,1146.22,1151.44,31076.796,1789207199999,35753104.94416,158235,15981.118,18390463.10496,2026-09-12 09:00:00
1789207200000,1151.44,1157.43,1148.31,1152.48,28355.849,1789210799999,32676399.09717,115103,13581.422,15653591.35577,2026-09-12 10:00:00
1789210800000,1152.48,1156.11,1148.5,1151.07,23355.829,1789214399999,26897251.6854,109367,11392.593,13121254.42395,2026-09-12 11:00:00
1789214400000,1151.07,1165.69,1146.42,1159.21,43984.908,1789217999999,50889708.75711,184703,24572.836,28440788.63768,2026-09-12 12:00:00
1789218000000,1159.2,1162.3,1147.09,1151.2,36288.851,1789221599999,41860721.09509,180856,18387.148,21214871.78411,2026-09-12 13:00:00
1789221600000,1151.21,1152.97,1139.79,1142.92,37137.01,1789225199999,42580498.75654,190601,14710.848,16877045.11262,2026-09-12 14:00:00
1789225200000,1142.93,1146.83,1136.37,1138.38,36175.707,1789228799999,41291428.06634,179298,15688.513,17911722.29304,2026-09-12 15:00:00
1789228800000,1138.38,1143.94,1135.56,1141.07,21904.746,1789232399999,24973643.04174,147698,10780.463,12294252.93555,2026-09-12 16:00:00
1789232400000,1141.06,1142.6,1136.5,1137.64,18052.5,1789235999999,20559829.19162,116494,8353.078,9513492.57173,2026-09-12 17:00:00
1789236000000,1137.64,1139.16,1121.88,1124.61,43701.984,1789239599999,49383814.21713,170314,17552.892,19835444.36775,2026-09-12 18:00:00
1789239600000,1124.62,1129.0,1110.53,1119.24,54952.104,1789243199999,61513628.48548,215797,24695.226,27658367.97427,2026-09-12 19:00:00
1789243200000,1119.23,1128.36,1118.01,1122.53,28160.29,1789246799999,31631825.03545,138950,14997.651,16850931.97732,2026-09-12 20:00:00
1789246800000,1122.53,1128.24,1117.54,1121.54,20369.274,1789250399999,22877507.76011,114795,10849.393,12187458.78627,2026-09-12 21:00:00
1789250400000,1121.57,1126.99,1118.64,1123.28,18594.49,1789253999999,20873936.57121,107321,9690.83,10880160.79435,2026-09-12 22:00:00
1789254000000,1123.29,1125.95,1119.22,1122.61,17410.795,1789257599999,19551357.384,92082,9612.51,10794829.56276,2026-09-12 23:00:00
1789257600000,1122.61,1127.85,1117.09,1126.31,28272.965,1789261199999,31742129.00971,128086,14588.07,16381987.83164,2026-09-13 00:00:00
1789261200000,1126.3,1134.58,1124.25,1127.14,34650.541,1789264799999,39115228.15794,147183,19648.506,22189506.87119,2026-09-13 01:00:00
1789264800000,1127.14,1130.05,1124.15,1125.51,21028.4,1789268399999,23693307.99538,125561,9959.258,11223586.12931,2026-09-13 02:00:00
1789268400000,1125.5,1138.96,1125.03,1132.92,34077.076,1789271999999,38621609.05798,175674,19401.493,21991118.81314,2026-09-13 03:00:00
1789272000000,1132.92,1142.97,1132.87,1142.09,26966.813,1789275599999,30731339.53683,152845,15666.758,17854526.30569,2026-09-13 04:00:00
1789275600000,1142.09,1156.44,1142.08,1147.86,38168.392,1789279199999,43853683.78807,177725,22153.749,25457902.54453,2026-09-13 05:00:00
1789279200000,1147.86,1150.8,1132.07,1134.93,52707.126,1789282799999,60095076.2156,204496,20337.22,23193287.89128,2026-09-13 06:00:00
1789282800000,1134.94,1146.53,1129.21,1129.93,35134.241,1789286399999,39931784.19527,157377,18444.677,20973023.48095,2026-09-13 07:00:00
1789286400000,1129.93,1133.55,1105.0,1109.02,86531.584,1789289999999,96567694.01428,274389,38494.732,42980046.6294,2026-09-13 08:00:00
1789290000000,1109.03,1113.01,1071.63,1085.7,157283.881,1789293599999,171331728.25402,558896,66828.909,72751217.33684,2026-09-13 09:00:00
1789293600000,1085.74,1096.8,1082.65,1092.14,59493.313,1789297199999,64931741.10954,250521,33110.277,36137872.85568,2026-09-13 10:00:00
1789297200000,1092.15,1102.0,1090.37,1093.61,42421.01,1789300799999,46457637.98696,168276,24268.091,26584431.13591,2026-09-13 11:00:00
1789300800000,1093.61,1094.11,1082.0,1093.21,40909.977,1789304399999,44588912.31921,157903,17063.609,18608708.92018,2026-09-13 12:00:00
1789304400000,1093.2,1099.5,1073.21,1097.08,95724.364,1789307999999,104042593.09565,276455,49509.946,53869691.07999,2026-09-13 13:00:00
1789308000000,1097.09,1105.0,1094.46,1095.66,65066.92,1789311599999,71510176.10905,240552,35396.369,38917790.27621,2026-09-13 14:00:00
1789311600000,1095.66,1096.2,1077.86,1086.89,75998.86,1789315199999,82635868.1963,244272,37900.19,41219988.02638,2026-09-13 15:00:00
1789315200000,1086.89,1103.0,1086.06,1102.51,47007.859,1789318799999,51611798.88163,182599,30969.153,34001467.29125,2026-09-13 16:00:00
1789318800000,1102.51,1118.29,1101.62,1107.11,62185.973,1789322399999,69109545.88289,238106,32143.582,35729367.18516,2026-09-13 17:00:00
1789322400000,1107.1,1111.99,1102.56,1107.34,26333.632,1789325999999,29141254.65825,126486,13602.735,15057124.62876,2026-09-13 18:00:00
1789326000000,1107.35,1110.5,1082.0,1085.53,51038.866,1789329599999,55764426.17646,195302,20382.021,22260685.85259,2026-09-13 19:00:00
1789329600000,1085.53,1106.28,1085.52,1105.01,31431.591,1789333199999,34495684.96652,143569,17781.355,19511012.69035,2026-09-13 20:00:00
1789333200000,1105.0,1110.24,1094.04,1095.45,32917.422,1789336799999,36298832.9902,126514,14268.822,15746613.04752,2026-09-13 21:00:00
1789336800000,1095.44,1095.44,1067.33,1071.1,100720.348,1789340399999,108459417.34901,419736,46975.182,50575814.83367,2026-09-13 22:00:00
1789340400000,1071.14,1075.44,1060.07,1062.13,68739.981,1789343999999,73258017.90059,259534,31673.999,33752328.4318,2026-09-13 23:00:00
1789344000000,1062.13,1070.14,1041.0,1061.31,97085.654,1789347599999,102605294.40909,341137,45998.122,48659948.34612,2026-09-14 00:00:00
1789347600000,1061.3,1077.56,1054.41,1074.79,60209.116,1789351199999,64153615.40779,300323,33709.212,35931328.30891,2026-09-14 01:00:00
1789351200000,1074.79,1109.0,1071.74,1107.07,95464.435,1789354799999,104224293.51059,357468,49021.006,53542496.15139,2026-09-14 02:00:00
1789354800000,1107.06,1117.98,1103.44,1113.51,75164.383,1789358399999,83408441.86219,269564,39461.613,43800991.23447,2026-09-14 03:00:00
1789358400000,1113.6,1130.0,1109.45,1115.78,95053.23,1789361999999,106454012.3707,310943,51272.386,57465346.62785,2026-09-14 04:00:00
1789362000000,1115.77,1149.7,1112.0,1131.84,99858.177,1789365599999,112979527.18958,291272,56171.382,63605828.43141,2026-09-14 05:00:00
1789365600000,1131.85,1140.95,1120.52,1135.28,57995.689,1789369199999,65737841.26911,257786,29321.452,33249824.59842,2026-09-14 06:00:00
1789369200000,1135.29,1157.9,1131.95,1140.45,75621.626,1789372799999,86414686.2659,282038,42137.647,48173142.34935,2026-09-14 07:00:00
1789372800000,1140.45,1146.97,1133.45,1139.04,39828.9,1789376399999,45325763.46724,182232,20445.881,23272487.45423,2026-09-14 08:00:00
1789376400000,1139.05,1154.77,1127.5,1143.59,68302.317,1789379999999,77837932.394,240534,36846.259,42024321.21156,2026-09-14 09:00:00
1789380000000,1143.59,1145.26,1134.58,1135.92,34903.487,1789383599999,39747951.17551,156782,16943.12,19296385.0191,2026-09-14 10:00:00
1789383600000,1135.91,1140.0,1128.73,1132.29,38030.344,1789387199999,43154869.61387,176245,17049.186,19355149.80044,2026-09-14 11:00:00
1789387200000,1132.29,1142.97,1117.95,1118.79,65671.654,1789390799999,74222737.08404,226079,30409.082,34409745.78246,2026-09-14 12:00:00
1789390800000,1118.8,1153.16,1113.19,1140.83,165797.002,1789394399999,188439440.81758,481075,89326.984,101599334.37066,2026-09-14 13:00:00
1789394400000,1140.82,1161.98,1137.27,1141.19,133092.849,1789397999999,152724197.85443,393048,68645.941,78834758.83019,2026-09-14 14:00:00
1789398000000,1141.19,1142.13,1132.01,1137.57,69720.76,1789401599999,79284035.35505,274261,32217.609,36642660.22038,2026-09-14 15:00:00
1789401600000,1137.58,1150.81,1131.9,1138.58,80120.906,1789405199999,91378334.95184,269699,38169.372,43539204.00941,2026-09-14 16:00:00
1789405200000,1138.57,1154.0,1135.06,1150.21,51399.266,1789408799999,58836623.53328,214940,29123.036,33334642.46959,2026-09-14 17:00:00
1789408800000,1150.21,1205.4,1146.76,1201.3,165812.347,1789412399999,195573771.33197,501841,99561.375,117433287.92782,2026-09-14 18:00:00
1789412400000,1201.31,1203.04,1183.11,1192.58,81339.415,1789415999999,96896539.19822,284121,37984.557,45258046.40624,2026-09-14 19:00:00
1789416000000,1192.59,1224.53,1192.14,1199.13,128425.654,1789419599999,155416373.58211,404956,66643.756,80684143.13494,2026-09-14 20:00:00
1789419600000,1199.13,1200.0,1171.01,1175.14,88136.377,1789423199999,104224804.00329,312854,41333.133,48893839.71762,2026-09-14 21:00:00
1789423200000,1175.13,1186.78,1167.18,1169.72,52998.541,1789426799999,62344358.23927,227977,26524.399,31228262.89518,2026-09-14 22:00:00
1789426800000,1169.72,1171.65,1162.07,1163.04,35573.889,1789430399999,41487126.04737,158168,14933.622,17421154.33695,2026-09-14 23:00:00
1789430400000,1163.02,1168.39,1160.1,1163.86,29813.081,1789433999999,34672744.31842,139037,16111.956,18740328.15194,2026-09-15 00:00:00
1789434000000,1163.8,1167.78,1151.24,1162.96,52134.787,1789437599999,60406312.76646,213162,26202.495,30373608.7702,2026-09-15 01:00:00
1789437600000,1162.95,1167.12,1153.38,1156.69,29741.82,1789441199999,34461933.88143,144024,15206.922,17625802.74315,2026-09-15 02:00:00
1789441200000,1156.69,1157.31,1137.64,1140.37,57820.342,1789444799999,66178746.97662,191963,24378.653,27901826.43006,2026-09-15 03:00:00
1789444800000,1140.36,1155.71,1139.99,1144.3,39651.356,1789448399999,45494073.50328,186401,22509.955,25837199.02936,2026-09-15 04:00:00
1789448400000,1144.31,1148.66,1138.3,1146.41,37089.809,1789451999999,42412476.44986,146015,18836.738,21553158.46577,2026-09-15 05:00:00
1789452000000,1146.41,1159.06,1139.3,1144.91,48697.579,1789455599999,55936741.49267,158788,25028.897,28776525.08347,2026-09-15 06:00:00
1789455600000,1144.91,1149.55,1132.88,1138.23,46172.752,1789459199999,52688858.82273,167340,21528.205,24572789.05362,2026-09-15 07:00:00
1789459200000,1138.23,1146.48,1126.25,1145.24,68635.998,1789462799999,77936126.25388,215135,35946.749,40845132.20223,2026-09-15 08:00:00
1789462800000,1145.24,1145.5,1137.55,1139.46,26466.587,1789466399999,30209385.35989,120384,14740.369,16825687.69327,2026-09-15 09:00:00
1789466400000,1139.46,1148.17,1136.95,1142.57,31178.07,1789469999999,35646937.18325,148158,18960.809,21682672.83657,2026-09-15 10:00:00
1789470000000,1142.57,1147.08,1123.33,1133.1,58164.428,1789473599999,65835109.31092,196289,28844.981,32658612.48866,2026-09-15 11:00:00
1789473600000,1133.14,1137.59,1125.23,1130.4,55912.187,1789477199999,63258514.85142,216436,29997.58,33945461.20862,2026-09-15 12:00:00
1789477200000,1130.41,1141.81,1118.02,1135.63,97546.234,1789480799999,110356537.90226,350347,47913.424,54233458.95249,2026-09-15 13:00:00
1789480800000,1135.62,1141.96,1096.94,1113.93,155477.917,1789484399999,173660738.73215,546616,74144.026,82846976.62719,2026-09-15 14:00:00
1789484400000,1113.9,1132.61,1109.03,1123.08,77697.033,1789487999999,87159110.10131,364379,41234.332,46267684.61489,2026-09-15 15:00:00
1789488000000,1123.08,1125.79,1110.53,1116.27,50032.277,1789491599999,55936721.49869,252582,25737.156,28784086.63686,2026-09-15 16:00:00
1789491600000,1116.27,1156.88,1108.59,1134.8,118773.542,1789495199999,134757559.09334,427857,67083.645,76119232.72843,2026-09-15 17:00:00
1789495200000,1134.79,1141.99,1085.26,1136.52,204542.739,1789498799999,228587817.96576,824049,96898.826,108386414.41497,2026-09-15 18:00:00
1789498800000,1136.52,1158.77,1119.6,1131.53,152980.661,1789502399999,174340418.3524,620449,75448.601,86024468.28347,2026-09-15 19:00:00
1789502400000,1131.54,1133.41,1110.72,1122.98,60614.711,1789505999999,68034439.28758,315729,30344.281,34066212.21512,2026-09-15 20:00:00
1789506000000,1122.99,1125.61,1107.18,1107.54,41679.649,1789509599999,46507176.59844,209946,20082.888,22417096.08411,2026-09-15 21:00:00
1789509600000,1107.54,1124.37,1099.19,1120.07,62036.634,1789513199999,68912215.1977,295991,33809.096,37585136.7929,2026-09-15 22:00:00
1789513200000,1120.08,1127.04,1105.04,1110.03,41915.982,1789516799999,46806682.52085,194219,18953.879,21165603.5705,2026-09-15 23:00:00
1789516800000,1110.04,1119.9,1106.06,1117.27,25893.324,1789520399999,28824343.06711,175637,14168.826,15773513.96579,2026-09-16 00:00:00
1789520400000,1117.27,1125.58,1102.69,1102.83,47433.053,1789523999999,52863561.01064,255229,22837.486,25469887.3929,2026-09-16 01:00:00
1789524000000,1102.89,1130.43,1101.36,1120.02,47731.259,1789527599999,53351352.99193,228936,25760.684,28801969.00335,2026-09-16 02:00:00
1789527600000,1120.02,1133.16,1119.22,1131.18,33706.202,1789531199999,38042998.72752,183311,19416.415,21920577.95101,2026-09-16 03:00:00
1789531200000,1131.19,1151.67,1130.69,1148.88,58124.858,1789534799999,66410150.83078,282616,34068.979,38932712.21833,2026-09-16 04:00:00
1789534800000,1148.87,1180.91,1138.59,1155.92,130024.233,1789538399999,150608440.55922,437790,70587.126,81793938.95049,2026-09-16 05:00:00
1789538400000,1155.92,1190.66,1155.56,1187.81,105843.112,1789541999999,124240110.52122,367145,61514.967,72226514.0481,2026-09-16 06:00:00
1789542000000,1187.81,1198.49,1176.34,1178.95,93979.178,1789545599999,111391005.02223,343946,49009.534,58109441.27515,2026-09-16 07:00:00
1789545600000,1178.95,1192.99,1168.0,1188.0,85303.718,1789549199999,100580061.29374,298785,42122.726,49696397.29353,2026-09-16 08:00:00
1789549200000,1187.99,1213.67,1182.33,1205.69,99243.973,1789552799999,118877270.15346,331392,55230.531,66153104.74077,2026-09-16 09:00:00
1789552800000,1205.7,1218.98,1199.14,1216.21,84879.631,1789556399999,102466312.56073,315108,43948.199,53085501.60491,2026-09-16 10:00:00
1789556400000,1216.32,1242.54,1202.64,1229.28,144667.646,1789559999999,177139526.78752,486344,75996.893,93091795.24443,2026-09-16 11:00:00
1789560000000,1229.27,1230.98,1205.0,1224.48,106495.394,1789563599999,129786447.91082,425492,51910.377,63298352.47975,2026-09-16 12:00:00
1789563600000,1224.48,1274.99,1207.31,1250.06,229603.853,1789567199999,285840539.94076,840436,124627.342,155273794.39556,2026-09-16 13:00:00
1789567200000,1250.05,1258.93,1235.01,1244.68,151545.149,1789570799999,189025408.88936,714666,73967.567,92299423.96066,2026-09-16 14:00:00
1789570800000,1244.68,1257.97,1237.08,1246.79,88030.306,1789574399999,109924020.28805,423096,48449.002,60516189.35828,2026-09-16 15:00:00
1789574400000,1246.79,1274.84,1246.5,1267.71,112402.32,1789577999999,142072908.84134,496577,57675.771,72891683.29256,2026-09-16 16:00:00
1789578000000,1267.71,1269.32,1233.99,1249.63,128577.957,1789581599999,160578401.96092,507601,61986.012,77445580.85535,2026-09-16 17:00:00
1789581600000,1249.44,1388.0,1233.92,1335.15,675905.979,1789585199999,896734438.09219,2159679,360249.951,477825158.82073,2026-09-16 18:00:00
1789585200000,1335.15,1362.94,1272.0,1289.74,307830.914,1789588799999,401815811.20497,1220676,155389.794,202859403.68022,2026-09-16 19:00:00
1789588800000,1289.73,1328.58,1278.9,1319.32,125043.952,1789592399999,163510273.42651,553857,66370.682,86800783.07893,2026-09-16 20:00:00
1789592400000,1319.32,1329.68,1304.14,1321.62,53311.68,1789595999999,70236459.66003,283206,27375.381,36083411.93302,2026-09-16 21:00:00
1789596000000,1321.62,1326.63,1284.32,1286.74,70480.5,1789599599999,92086772.34112,351960,33274.338,43508113.71239,2026-09-16 22:00:00
1789599600000,1286.75,1351.74,1286.74,1336.76,108836.894,1789603199999,144659890.52059,456089,59076.053,78466421.00046,2026-09-16 23:00:00
1789603200000,1336.76,1350.82,1329.02,1347.47,46253.369,1789606799999,62022884.29157,303993,24758.968,33208615.41625,2026-09-17 00:00:00
1789606800000,1347.41,1379.8,1339.17,1365.0,123880.946,1789610399999,168540121.0209,515508,68495.994,93215962.91346,2026-09-17 01:00:00
1789610400000,1364.99,1383.45,1352.98,1376.49,132469.715,1789613999999,181421567.89242,483123,70547.991,96681274.78964,2026-09-17 02:00:00
1789614000000,1376.5,1396.0,1373.5,1378.7,144531.971,1789617599999,199737684.39941,427711,85524.383,118275052.63502,2026-09-17 03:00:00
1789617600000,1378.71,1378.86,1348.42,1362.75,106474.625,1789621199999,145032693.64965,371041,50858.914,69283664.66774,2026-09-17 04:00:00
1789621200000,1362.76,1364.67,1347.3,1357.68,57111.965,1789624799999,77484363.6514,263605,25649.672,34812658.3945,2026-09-17 05:00:00
1789624800000,1357.68,1367.92,1344.0,1354.0,62595.392,1789628399999,84934798.30724,256206,30131.746,40900089.84167,2026-09-17 06:00:00
1789628400000,1354.0,1371.76,1352.11,1370.45,65509.977,1789631999999,89273480.48753,265251,33759.912,46025687.73635,2026-09-17 07:00:00
1789632000000,1370.45,1392.56,1363.49,1384.54,145105.989,1789635599999,200368554.01606,398699,86144.307,118994883.97975,2026-09-17 08:00:00
1789635600000,1384.54,1386.98,1350.44,1353.0,83889.75,1789639199999,114724987.01181,309792,36181.731,49495861.29233,2026-09-17 09:00:00
1789639200000,1353.0,1355.61,1325.31,1345.73,143299.513,1789642799999,191653525.61068,509614,66567.137,89068696.5036,2026-09-17 10:00:00
1789642800000,1345.73,1367.01,1341.55,1366.0,70899.051,1789646399999,95860056.13179,287767,37299.62,50462482.86337,2026-09-17 11:00:00
1789646400000,1365.92,1376.45,1354.0,1355.38,96607.4,1789649999999,132108817.78894,405365,47301.556,64703324.43106,2026-09-17 12:00:00
1789650000000,1355.38,1379.34,1340.0,1373.35,117550.194,1789653599999,159722052.48014,483242,64054.588,87071004.64078,2026-09-17 13:00:00
1789653600000,1373.35,1442.0,1367.41,1422.97,397045.457,1789657199999,562788515.78254,997555,222688.267,315529818.35502,2026-09-17 14:00:00
1789657200000,1422.98,1493.47,1420.0,1481.26,354934.868,1789660799999,516738361.58586,920688,207821.303,302824520.14747,2026-09-17 15:00:00
1789660800000,1481.16,1487.5,1451.63,1468.32,219829.039,1789664399999,323008613.10289,607099,105650.944,155206807.73494,2026-09-17 16:00:00
1789664400000,1468.32,1516.52,1465.73,1472.92,195637.682,1789667999999,290660048.38591,613997,108364.082,161158565.49301,2026-09-17 17:00:00
1789668000000,1472.93,1480.78,1453.13,1458.44,96926.434,1789671599999,141974825.03971,375329,43413.828,63606622.94681,2026-09-17 18:00:00
1789671600000,1458.65,1506.83,1453.22,1490.13,132457.364,1789675199999,196783017.88925,409205,71958.924,106953176.038,2026-09-17 19:00:00
1789675200000,1490.12,1508.99,1479.07,1481.22,85082.891,1789678799999,127073400.77735,340357,40999.302,61266091.52242,2026-09-17 20:00:00
1789678800000,1481.23,1484.92,1460.46,1462.31,54020.977,1789682399999,79495816.29692,215924,26348.414,38799765.37467,2026-09-17 21:00:00
1789682400000,1462.31,1481.41,1460.06,1477.05,54173.657,1789685999999,79585284.92002,222365,27965.851,41098229.52227,2026-09-17 22:00:00
1789686000000,1477.05,1479.69,1465.78,1466.21,31043.026,1789689599999,45664940.58585,146453,14844.367,21838134.19016,2026-09-17 23:00:00
1789689600000,1466.13,1472.05,1442.56,1462.79,97722.564,1789693199999,142215275.48853,325682,45250.591,65903355.45386,2026-09-18 00:00:00
1789693200000,1462.79,1494.93,1460.44,1481.89,64957.732,1789696799999,95822187.18685,255678,39093.465,57687459.51394,2026-09-18 01:00:00
1789696800000,1481.9,1496.88,1477.39,1485.31,62238.177,1789700399999,92541463.27305,250659,27321.769,40633059.69185,2026-09-18 02:00:00
1789700400000,1485.32,1524.32,1482.61,1517.49,185247.816,1789703999999,278708142.0554,468045,109082.587,164216243.69301,2026-09-18 03:00:00
1789704000000,1517.49,1524.99,1475.71,1520.91,177902.958,1789707599999,267726588.8224,464187,98455.317,148207472.50316,2026-09-18 04:00:00
1789707600000,1520.91,1537.15,1507.25,1512.16,110297.357,1789711199999,167360239.82,339430,61937.037,94026226.41381,2026-09-18 05:00:00
1789711200000,1512.16,1515.0,1491.4,1492.35,62133.249,1789714799999,93298498.0879,218040,27164.792,40813671.76287,2026-09-18 06:00:00
1789714800000,1492.36,1497.92,1480.0,1483.33,69084.353,1789718399999,102853459.47031,221734,33571.819,50007642.95218,2026-09-18 07:00:00
1789718400000,1483.33,1496.78,1461.0,1484.13,114918.424,1789721999999,170114233.13782,351728,60164.177,89118513.50821,2026-09-18 08:00:00
1789722000000,1484.14,1484.43,1463.77,1480.54,74048.407,1789725599999,109190489.4093,302027,37798.003,55754147.62901,2026-09-18 09:00:00
1789725600000,1480.54,1492.56,1473.0,1476.1,50046.715,1789729199999,74202905.77596,243063,27404.743,40650277.81658,2026-09-18 10:00:00
1789729200000,1476.1,1477.7,1452.0,1456.06,94580.466,1789732799999,138460283.27301,332013,40004.899,58593832.31722,2026-09-18 11:00:00
1789732800000,1456.07,1465.99,1447.76,1461.57,72685.048,1789736399999,105917210.61444,287067,33724.185,49161888.03241,2026-09-18 12:00:00
1789736400000,1461.57,1485.98,1420.42,1453.53,145462.472,1789739999999,212298018.0403,478381,74983.968,109652147.21183,2026-09-18 13:00:00
1789740000000,1453.52,1488.54,1452.87,1482.05,147838.75,1789743599999,217923352.49163,503001,78799.02,116169273.84515,2026-09-18 14:00:00
1789743600000,1482.05,1510.72,1464.45,1482.39,135236.975,1789747199999,200734664.9483,470815,67438.947,100154090.73882,2026-09-18 15:00:00
1789747200000,1482.39,1483.64,1444.37,1444.9,83460.321,1789750799999,122103190.52188,334329,33839.744,49573906.99122,2026-09-18 16:00:00
1789750800000,1444.91,1456.75,1435.81,1451.63,91668.133,1789754399999,132552434.95637,350649,46532.275,67330628.87659,2026-09-18 17:00:00
1789754400000,1451.61,1459.78,1445.01,1456.81,37103.74,1789757999999,53880699.71823,199966,20319.355,29512781.96617,2026-09-18 18:00:00
1789758000000,1456.84,1487.0,1456.84,1470.41,65896.393,1789761599999,97046984.8887,273132,36965.594,54420540.32946,2026-09-18 19:00:00
1789761600000,1470.41,1506.6,1463.07,1501.54,63378.408,1789765199999,94396674.05256,274006,34690.035,51707871.6087,2026-09-18 20:00:00
1789765200000,1501.54,1508.0,1486.81,1492.15,43186.857,1789768799999,64624647.78617,203116,20293.331,30378787.52432,2026-09-18 21:00:00
1789768800000,1492.17,1550.12,1490.67,1549.39,102452.428,1789772399999,155640625.31275,357216,55883.773,85035766.00908,2026-09-18 22:00:00
1789772400000,1549.38,1582.94,1548.56,1561.02,207912.716,1789775999999,326431613.18802,657224,101591.154,159529491.65317,2026-09-18 23:00:00
1789776000000,1560.99,1588.0,1545.95,1575.45,109597.621,1789779599999,171713256.19506,451778,60849.406,95370702.25673,2026-09-19 00:00:00
1789779600000,1575.54,1588.0,1550.03,1553.29,85637.022,1789783199999,134553434.26796,363971,41026.414,64502557.00249,2026-09-19 01:00:00
1789783200000,1553.29,1567.04,1546.09,1548.69,53946.506,1789786799999,83891230.24018,270308,27555.646,42871853.76588,2026-09-19 02:00:00
1789786800000,1548.68,1556.18,1525.39,1531.74,72524.36,1789790399999,111596514.06956,282396,31366.936,48288280.00633,2026-09-19 03:00:00
1789790400000,1531.74,1538.3,1515.01,1526.98,49613.91,1789793999999,75816099.94525,234786,23200.397,35484516.68808,2026-09-19 04:00:00
1789794000000,1526.97,1554.44,1524.03,1547.35,83967.418,1789797599999,129527145.74717,244557,55692.544,85895837.77536,2026-09-19 05:00:00
1789797600000,1547.35,1565.89,1545.04,1563.75,50443.081,1789801199999,78490568.0888,208427,26836.143,41769098.98103,2026-09-19 06:00:00
1789801200000,1563.74,1580.22,1555.1,1566.25,67463.746,1789804799999,105777023.62693,242205,30888.235,48467688.91299,2026-09-19 07:00:00
1789804800000,1566.25,1572.0,1547.7,1551.8,48400.435,1789808399999,75579163.22564,198115,21101.935,32972768.1344,2026-09-19 08:00:00
1789808400000,1551.8,1595.3,1549.46,1565.41,112218.914,1789811999999,176443866.46708,352667,62736.121,98726972.28872,2026-09-19 09:00:00
1789812000000,1565.41,1586.71,1528.0,1532.15,102424.95,1789815599999,159660799.07992,331418,48339.647,75434749.5363,2026-09-19 10:00:00
1789815600000,1532.05,1552.7,1530.35,1542.58,71335.681,1789819199999,109923783.41887,240670,40512.482,62444633.07941,2026-09-19 11:00:00
1789819200000,1542.58,1549.36,1528.18,1534.24,47666.872,1789822799999,73302231.53688,246021,21783.438,33522256.73727,2026-09-19 12:00:00
1789822800000,1534.23,1540.58,1522.34,1531.59,38118.49,1789826399999,58405035.41427,185325,17552.429,26906244.3166,2026-09-19 13:00:00
1789826400000,1531.58,1532.75,1523.0,1527.5,41917.492,1789829999999,64059957.74626,183953,19030.356,29086532.63631,2026-09-19 14:00:00
1789830000000,1527.49,1530.52,1516.0,1520.89,60297.49,1789833599999,91855551.52858,239846,29798.657,45407519.54429,2026-09-19 15:00:00
1789833600000,1520.9,1521.72,1503.68,1504.39,89321.462,1789837199999,134945921.53016,236001,36130.036,54597606.71544,2026-09-19 16:00:00
1789837200000,1504.38,1507.32,1473.17,1490.73,162936.372,1789840799999,242692960.05283,353296,73876.279,110052311.96124,2026-09-19 17:00:00
1789840800000,1490.72,1495.26,1469.02,1479.41,77377.418,1789844399999,114586839.13924,244323,33889.814,50203027.24181,2026-09-19 18:00:00
1789844400000,1479.41,1489.49,1471.19,1477.55,50765.891,1789847999999,75168088.91653,184320,26809.427,39728633.80207,2026-09-19 19:00:00
1789848000000,1477.55,1481.97,1470.36,1479.12,34770.925,1789851599999,51325526.49549,150706,14225.312,21004412.58297,2026-09-19 20:00:00
1789851600000,1479.12,1483.41,1461.22,1470.3,49842.417,1789855199999,73387711.93351,158120,18850.57,27765796.02843,2026-09-19 21:00:00
1789855200000,1470.3,1482.18,1467.91,1477.37,37427.57,1789858799999,55216558.07826,162266,22037.457,32522125.58255,2026-09-19 22:00:00
1789858800000,1477.38,1485.86,1465.4,1470.71,40058.87,1789862399999,59097022.2219,135924,22320.78,32955210.41167,2026-09-19 23:00:00
1789862400000,1470.71,1477.36,1464.35,1473.66,34518.675,1789865999999,50770379.75316,169203,17203.655,25313161.94155,2026-09-20 00:00:00
1789866000000,1473.67,1479.06,1453.15,1474.19,64711.186,1789869599999,94884721.58359,231118,28644.809,42028479.02605,2026-09-20 01:00:00
1789869600000,1474.18,1474.55,1450.11,1451.25,72393.513,1789873199999,105652077.16766,231261,26858.903,39217997.65971,2026-09-20 02:00:00
1789873200000,1451.25,1472.93,1440.65,1456.97,89583.23,1789876799999,130495105.97933,258061,44124.817,64322550.30074,2026-09-20 03:00:00
1789876800000,1456.98,1458.91,1445.01,1454.16,33183.845,1789880399999,48141675.39913,134050,15343.422,22263236.02396,2026-09-20 04:00:00
1789880400000,1454.15,1459.99,1443.2,1451.06,37738.866,1789883999999,54811830.70385,173089,19834.778,28814129.60657,2026-09-20 05:00:00
1789884000000,1451.05,1454.73,1434.79,1448.77,51886.308,1789887599999,75052753.80628,189167,25931.897,37529242.56479,2026-09-20 06:00:00
1789887600000,1448.77,1458.25,1441.07,1445.61,36683.506,1789891199999,53203215.17102,140987,18897.769,27417679.52369,2026-09-20 07:00:00
1789891200000,1445.62,1451.61,1435.37,1440.15,32594.424,1789894799999,46998997.92157,138262,14307.09,20638074.77722,2026-09-20 08:00:00
1789894800000,1440.14,1452.99,1435.0,1441.49,39174.071,1789898399999,56539281.35601,151845,19973.06,28838905.49741,2026-09-20 09:00:00
1789898400000,1441.49,1447.59,1436.0,1438.12,30619.855,1789901999999,44095510.16416,182407,15504.172,22331253.98745,2026-09-20 10:00:00
1789902000000,1438.11,1447.88,1428.0,1444.94,52188.555,1789905599999,75111856.65572,211099,24998.548,36006372.7087,2026-09-20 11:00:00
1789905600000,1444.94,1465.96,1434.29,1454.1,113920.435,1789909199999,165323706.13641,291293,67361.963,97822276.31295,2026-09-20 12:00:00
1789909200000,1454.07,1459.56,1440.05,1441.56,47344.735,1789912799999,68667316.03722,188458,26610.627,38602492.72193,2026-09-20 13:00:00
1789912800000,1441.56,1448.86,1430.0,1435.36,57530.88,1789916399999,82750667.59448,233921,29028.912,41766155.71765,2026-09-20 14:00:00
1789916400000,1435.37,1448.96,1433.38,1443.01,51722.275,1789919999999,74482806.04246,214243,28705.595,41338453.45503,2026-09-20 15:00:00
1789920000000,1443.0,1457.99,1438.66,1443.15,93241.987,1789923599999,135049238.61839,335374,47657.35,69041380.05377,2026-09-20 16:00:00
1789923600000,1443.16,1464.71,1439.2,1451.23,63023.799,1789927199999,91502568.6245,260453,33851.153,49154218.07355,2026-09-20 17:00:00
1789927200000,1451.28,1483.45,1449.81,1468.0,90296.97,1789930799999,132860681.79768,295777,51070.341,75149165.6968,2026-09-20 18:00:00
1789930800000,1468.0,1517.0,1467.19,1514.92,140263.413,1789934399999,209963722.63628,427662,78439.944,117407450.08047,2026-09-20 19:00:00
1789934400000,1514.92,1533.75,1485.0,1490.25,137096.375,1789937999999,207690274.05241,439398,63039.138,95610378.55463,2026-09-20 20:00:00
1789938000000,1490.28,1491.01,1468.69,1480.79,67077.529,1789941599999,99365497.66954,257694,32584.189,48284776.93051,2026-09-20 21:00:00
1789941600000,1480.79,1529.28,1477.82,1514.85,79950.021,1789945199999,120739112.81646,320587,43456.378,65577498.28033,2026-09-20 22:00:00
1789945200000,1514.85,1519.41,1501.49,1508.75,40898.722,1789948799999,61781315.68211,228239,19981.734,30194014.18455,2026-09-20 23:00:00
1789948800000,1508.75,1545.0,1508.31,1535.54,103514.114,1789952399999,158423216.59331,410634,56434.577,86360403.73666,2026-09-21 00:00:00
1789952400000,1535.55,1547.99,1502.95,1506.35,100972.97,1789955999999,154070354.16195,367040,41409.731,63227149.8453,2026-09-21 01:00:00
1789956000000,1506.44,1523.57,1485.0,1516.5,84740.095,1789959599999,127855222.33246,282040,42388.305,64045408.64513,2026-09-21 02:00:00
1789959600000,1516.51,1527.28,1511.36,1516.08,34944.724,1789963199999,53056547.73892,206080,17177.771,26083669.69142,2026-09-21 03:00:00
1789963200000,1516.08,1537.81,1506.19,1526.8,55894.177,1789966799999,85053268.503,211666,26274.749,40010154.07018,2026-09-21 04:00:00
1789966800000,1526.81,1527.79,1511.39,1517.55,35120.365,1789970399999,53331525.56122,159803,17259.585,26210125.42811,2026-09-21 05:00:00
1789970400000,1517.56,1519.87,1500.04,1508.23,41939.153,1789973999999,63271605.8371,176707,21484.387,32423852.16173,2026-09-21 06:00:00
1789974000000,1508.15,1509.36,1480.89,1487.33,58605.644,1789977599999,87425287.96098,217859,23930.918,35697640.76506,2026-09-21 07:00:00
1789977600000,1487.33,1524.96,1486.88,1522.5,93009.786,1789981199999,140321209.12942,307386,47423.394,71518765.77848,2026-09-21 08:00:00
1789981200000,1522.51,1525.92,1497.06,1516.86,82632.159,1789984799999,124742151.29327,337785,40621.94,61339888.82926,2026-09-21 09:00:00
1789984800000,1516.86,1541.33,1509.53,1535.82,88975.786,1789988399999,135738745.47358,300940,46222.987,70546645.91683,2026-09-21 10:00:00
1789988400000,1535.83,1573.0,1521.11,1563.64,106829.891,1789991999999,165562866.83749,403912,58241.652,90242444.57786,2026-09-21 11:00:00
1789992000000,1563.6,1566.0,1535.21,1536.71,77245.451,1789995599999,119451311.28583,319234,38681.924,59804227.79099,2026-09-21 12:00:00
1789995600000,1536.7,1553.19,1527.14,1533.43,65372.164,1789999199999,100694855.81675,343709,33116.45,51030381.40428,2026-09-21 13:00:00
1789999200000,1533.42,1538.09,1514.93,1519.49,73176.076,1790002799999,111485123.98324,321119,34648.924,52805135.92814,2026-09-21 14:00:00
1790002800000,1519.49,1526.39,1488.0,1499.41,107167.051,1790006399999,161120698.81778,423524,47263.715,71057587.9325,2026-09-21 15:00:00
1790006400000,1499.41,1503.9,1491.07,1497.63,42793.584,1790009999999,64074308.42135,219089,20974.733,31411015.73077,2026-09-21 16:00:00
1790010000000,1497.64,1499.29,1463.27,1469.05,94234.535,1790013599999,139236522.02607,345720,35086.472,51853225.65142,2026-09-21 17:00:00
1790013600000,1469.06,1489.97,1465.0,1480.32,45730.083,1790017199999,67726821.4028,202973,24669.503,36548964.98069,2026-09-21 18:00:00
1790017200000,1480.32,1480.64,1468.73,1471.39,33749.575,1790020799999,49765117.36684,192349,15458.371,22793105.64308,2026-09-21 19:00:00
1790020800000,1471.4,1483.65,1451.27,1454.49,76090.757,1790024399999,111498458.25996,292840,35832.905,52534064.71913,2026-09-21 20:00:00
1790024400000,1454.5,1462.59,1443.73,1462.58,52420.591,1790027999999,76159195.09951,193922,23106.299,33594931.67961,2026-09-21 21:00:00
1790028000000,1462.59,1473.2,1456.66,1471.06,38464.167,1790031599999,56374231.39294,177428,22262.063,32634424.1777,2026-09-21 22:00:00
1790031600000,1471.07,1475.47,1466.04,1470.95,30440.233,1790035199999,44793316.94462,138716,15483.822,22791406.27675,2026-09-21 23:00:00
1790035200000,1470.95,1478.93,1463.3,1469.68,35413.326,1790038799999,52056568.908,179960,16501.68,24262952.41568,2026-09-22 00:00:00
1790038800000,1469.7,1481.31,1463.73,1470.09,43207.092,1790042399999,63588744.97796,201070,21940.209,32296404.67387,2026-09-22 01:00:00
1790042400000,1470.08,1470.47,1447.02,1452.68,60321.589,1790045999999,87842744.56309,260697,25572.459,37250595.71495,2026-09-22 02:00:00
1790046000000,1452.68,1462.94,1445.58,1459.06,33063.283,1790049599999,48057558.60893,164279,15215.342,22125493.62687,2026-09-22 03:00:00
1790049600000,1459.07,1466.99,1449.9,1466.38,29646.642,1790053199999,43233611.92932,148629,15828.243,23088813.64586,2026-09-22 04:00:00
1790053200000,1466.39,1521.93,1461.08,1487.76,112762.176,1790056799999,168472255.61117,396958,61959.699,92561823.81896,2026-09-22 05:00:00
1790056800000,1487.76,1505.96,1474.01,1488.49,65818.277,1790060399999,98014862.70972,335407,33825.775,50381653.35615,2026-09-22 06:00:00
1790060400000,1488.5,1524.71,1487.77,1515.08,69547.506,1790063999999,104782561.18884,314544,37623.536,56695611.34314,2026-09-22 07:00:00
1790064000000,1515.09,1519.89,1492.93,1497.48,54110.857,1790067599999,81529673.22824,263114,27641.824,41651187.92502,2026-09-22 08:00:00
1790067600000,1497.49,1509.94,1490.08,1504.21,37348.912,1790071199999,55972923.9113,231218,18912.172,28349503.46566,2026-09-22 09:00:00
1790071200000,1504.2,1514.13,1495.55,1503.38,31449.502,1790074799999,47319511.2422,185092,14134.786,21275777.7065,2026-09-22 10:00:00
1790074800000,1503.38,1537.2,1493.02,1533.82,98602.585,1790078399999,149908267.00398,357539,53332.703,81105820.28635,2026-09-22 11:00:00
1790078400000,1533.82,1544.81,1523.4,1528.45,72172.273,1790081999999,110610697.696,308612,34903.784,53518297.84699,2026-09-22 12:00:00
1790082000000,1528.46,1536.96,1506.46,1519.34,89393.142,1790085599999,135887109.12613,389895,50238.318,76393455.47969,2026-09-22 13:00:00
1790085600000,1519.34,1538.36,1503.0,1532.18,83448.941,1790089199999,126994216.43854,392499,44192.555,67285081.98708,2026-09-22 14:00:00
1790089200000,1532.18,1561.0,1529.41,1543.31,108070.084,1790092799999,167029238.00556,473830,59836.167,92511519.838,2026-09-22 15:00:00
1790092800000,1543.31,1562.98,1533.23,1547.0,90933.45,1790096399999,140861197.24454,445688,45199.321,70015567.10627,2026-09-22 16:00:00
1790096400000,1546.99,1562.99,1540.0,1545.24,70758.315,1790099999999,109835155.66753,316416,34923.311,54219523.77399,2026-09-22 17:00:00
1790100000000,1545.24,1546.21,1510.0,1520.42,66347.965,1790103599999,101255706.15709,285979,30864.049,47110385.20128,2026-09-22 18:00:00
1790103600000,1520.42,1529.57,1512.6,1518.48,27500.337,1790107199999,41843041.63882,189774,13510.594,20559628.40709,2026-09-22 19:00:00
1790107200000,1518.49,1520.92,1496.0,1514.13,47847.174,1790110799999,72143761.23731,175352,23172.528,34949494.71651,2026-09-22 20:00:00
1790110800000,1514.13,1526.83,1512.41,1515.46,24197.729,1790114399999,36782424.47716,138451,12016.185,18270823.4743,2026-09-22 21:00:00
1790114400000,1515.45,1553.9,1514.8,1553.15,49084.071,1790117999999,75567881.84699,257748,27009.016,41577880.14614,2026-09-22 22:00:00
1790118000000,1553.14,1653.67,1550.92,1629.94,270100.659,1790121599999,437806644.88505,1071601,148822.862,240888491.44748,2026-09-22 23:00:00
1790121600000,1629.93,1632.28,1606.5,1614.33,83443.538,1790125199999,134964835.19033,392186,41573.693,67234765.61811,2026-09-23 00:00:00
1790125200000,1614.34,1620.0,1586.18,1614.07,84422.698,1790128799999,135309772.70079,373152,40714.859,65249862.34148,2026-09-23 01:00:00
1790128800000,1614.13,1622.77,1606.7,1617.9,60675.599,1790132399999,97967084.92999,275555,33691.347,54410069.64778,2026-09-23 02:00:00
1790132400000,1617.91,1619.69,1598.58,1604.45,40436.103,1790135999999,65151714.10205,189732,17851.157,28784202.16921,2026-09-23 03:00:00
1790136000000,1604.45,1608.59,1596.07,1600.64,42646.936,1790139599999,68339484.81745,210109,22679.631,36353948.05821,2026-09-23 04:00:00
1790139600000,1600.65,1627.77,1600.65,1619.82,65014.659,1790143199999,105176736.34884,271273,33874.191,54800083.85859,2026-09-23 05:00:00
1790143200000,1619.81,1626.47,1608.57,1625.15,33303.937,1790146799999,53838389.465,186600,17502.4,28296547.9328,2026-09-23 06:00:00
1790146800000,1625.02,1635.98,1620.32,1627.0,52174.369,1790150399999,84876643.97367,242197,27714.856,45102943.90518,2026-09-23 07:00:00
1790150400000,1627.0,1633.45,1608.0,1613.55,48264.51,1790153999999,78158616.57816,240462,24091.465,39014586.26124,2026-09-23 08:00:00
1790154000000,1613.55,1626.99,1603.04,1625.48,47297.337,1790157599999,76379471.96083,221857,22594.015,36487925.6143,2026-09-23 09:00:00
1790157600000,1625.47,1679.98,1606.53,1651.98,109548.962,1790161199999,179750628.53325,405578,63115.449,103693827.91417,2026-09-23 10:00:00
1790161200000,1651.99,1656.0,1610.0,1617.1,97740.121,1790164799999,159371778.83394,434859,48209.082,78627498.8091,2026-09-23 11:00:00
1790164800000,1617.11,1649.99,1607.75,1625.75,86275.749,1790168399999,140560141.46791,380640,43767.673,71329789.56568,2026-09-23 12:00:00
1790168400000,1625.75,1643.59,1618.25,1630.33,58807.537,1790171999999,95985493.45154,318284,31696.053,51739360.55966,2026-09-23 13:00:00
1790172000000,1630.34,1640.0,1546.98,1606.96,303184.548,1790175599999,480544116.21493,1075807,148345.755,235407993.62944,2026-09-23 14:00:00
1790175600000,1606.96,1612.6,1548.83,1552.84,154214.66,1790179199999,243072920.24553,617275,63066.347,99559236.38456,2026-09-23 15:00:00
1790179200000,1552.84,1570.49,1520.55,1534.8,175434.587,1790182799999,271410903.49138,646719,77825.218,120498727.48485,2026-09-23 16:00:00
1790182800000,1534.81,1542.34,1506.5,1526.12,108088.295,1790186399999,164378431.34551,421190,51112.109,77767698.16036,2026-09-23 17:00:00
1790186400000,1526.11,1531.83,1513.07,1521.05,47146.311,1790189999999,71687268.48454,246205,25298.556,38471869.58025,2026-09-23 18:00:00
1790190000000,1521.04,1528.08,1507.0,1517.33,49761.937,1790193599999,75533823.6721,191684,22590.888,34299263.26649,2026-09-23 19:00:00
1790193600000,1517.37,1522.92,1501.0,1503.93,53585.469,1790197199999,80957711.34571,211941,24432.447,36926316.21668,2026-09-23 20:00:00
1790197200000,1503.92,1523.43,1491.01,1513.04,64178.056,1790200799999,96660578.34941,224413,28980.814,43686737.63718,2026-09-23 21:00:00
1790200800000,1513.04,1529.49,1478.0,1496.69,75441.681,1790204399999,112987791.37249,292873,34063.437,51074060.50351,2026-09-23 22:00:00
1790204400000,1496.74,1502.52,1490.07,1498.0,35455.105,1790207999999,53073916.91426,167726,18172.327,27211637.20327,2026-09-23 23:00:00
1790208000000,1497.99,1519.53,1497.04,1506.04,44598.299,1790211599999,67386755.78332,188712,23272.554,35161139.70609,2026-09-24 00:00:00
1790211600000,1506.04,1510.3,1481.59,1493.91,54275.013,1790215199999,81108480.57932,232323,24221.812,36191630.76316,2026-09-24 01:00:00
1790215200000,1493.9,1524.16,1486.8,1517.05,69284.632,1790218799999,104643504.25633,229966,40030.829,60500100.53168,2026-09-24 02:00:00
1790218800000,1517.05,1519.8,1495.18,1503.92,42568.453,1790222399999,64058055.1729,160486,20361.578,30635759.54823,2026-09-24 03:00:00
1790222400000,1503.91,1522.24,1497.21,1520.08,33520.03,1790225999999,50588466.63631,142429,19646.203,29664441.52266,2026-09-24 04:00:00
1790226000000,1520.06,1540.35,1513.15,1514.58,54923.881,1790229599999,83919974.7102,220637,29668.611,45353029.94321,2026-09-24 05:00:00
1790229600000,1514.58,1527.43,1512.14,1517.4,27571.128,1790233199999,41955430.42522,129817,13401.992,20394913.58522,2026-09-24 06:00:00
1790233200000,1517.4,1532.95,1507.51,1525.55,42178.88,1790236799999,64124909.94621,168387,23181.376,35247495.13506,2026-09-24 07:00:00
1790236800000,1525.56,1529.7,1500.58,1515.55,60231.732,1790240399999,91176131.15414,238108,29382.732,44487066.89944,2026-09-24 08:00:00
1790240400000,1515.55,1517.28,1455.0,1478.31,146789.804,1790243999999,217084247.78428,460374,61036.646,90292070.40125,2026-09-24 09:00:00
1790244000000,1478.3,1480.83,1460.71,1468.24,66200.097,1790247599999,97234087.12775,225593,31326.546,46018562.77745,2026-09-24 10:00:00
1790247600000,1468.24,1498.72,1468.02,1485.51,76828.705,1790251199999,114147472.70627,279887,40798.008,60607077.60206,2026-09-24 11:00:00
1790251200000,1485.65,1495.49,1476.0,1491.0,37597.982,1790254799999,55841228.87229,175565,19761.489,29368499.51775,2026-09-24 12:00:00
1790254800000,1490.99,1524.99,1488.38,1517.68,81877.015,1790258399999,123559869.91307,304494,46503.822,70183197.65767,2026-09-24 13:00:00
1790258400000,1517.68,1534.49,1488.37,1491.6,107571.423,1790261999999,162804636.00267,397287,52130.041,78963499.23884,2026-09-24 14:00:00
1790262000000,1491.61,1524.38,1489.22,1515.84,64841.736,1790265599999,97838353.31648,262920,34495.827,52024961.44087,2026-09-24 15:00:00
1790265600000,1515.84,1549.47,1500.16,1542.36,108167.255,1790269199999,165365585.56215,479424,57650.19,88214583.15133,2026-09-24 16:00:00
1790269200000,1542.35,1562.59,1538.02,1548.95,82612.296,1790272799999,128052885.91501,472917,41521.88,64385250.8583,2026-09-24 17:00:00
1790272800000,1548.96,1574.99,1544.2,1557.29,93881.783,1790276399999,146695678.67233,438718,52341.086,81811865.82178,2026-09-24 18:00:00
1790276400000,1557.3,1572.27,1547.8,1555.39,47317.147,1790279999999,73712595.7416,259981,23550.497,36699317.614,2026-09-24 19:00:00
1790280000000,1555.39,1555.89,1533.33,1545.64,47374.368,1790283599999,73153699.62433,177094,19686.007,30410430.43857,2026-09-24 20:00:00
1790283600000,1545.64,1553.9,1537.57,1538.91,25943.257,1790287199999,40125648.74081,103363,12797.616,19802231.58281,2026-09-24 21:00:00
1790287200000,1538.91,1547.31,1521.65,1545.93,45113.363,1790290799999,69216754.18364,170047,21069.097,32347843.71552,2026-09-24 22:00:00
1790290800000,1545.92,1551.08,1539.49,1545.73,22654.467,1790294399999,35017057.95138,105216,11110.176,17175008.20389,2026-09-24 23:00:00
1790294400000,1545.73,1564.4,1542.54,1544.99,33836.082,1790297999999,52496945.07342,160737,18899.238,29331286.73473,2026-09-25 00:00:00
1790298000000,1544.99,1556.87,1536.09,1543.79,27909.476,1790301599999,43101243.02114,150039,14588.058,22534143.36901,2026-09-25 01:00:00
1790301600000,1543.79,1562.69,1532.06,1537.36,46962.324,1790305199999,72676076.87995,199035,24314.347,37616741.99135,2026-09-25 02:00:00
1790305200000,1537.41,1559.68,1535.16,1556.63,39666.544,1790308799999,61419516.14068,179922,19899.894,30797178.23107,2026-09-25 03:00:00
1790308800000,1556.63,1563.34,1546.16,1546.85,27463.658,1790312399999,42704227.08565,147685,13846.939,21538708.65858,2026-09-25 04:00:00
1790312400000,1546.85,1555.8,1542.01,1543.13,22937.167,1790315999999,35486647.56927,122117,12467.188,19290290.53637,2026-09-25 05:00:00
1790316000000,1543.13,1551.15,1535.0,1544.56,32829.205,1790319599999,50610374.46203,148456,16870.316,26011103.38818,2026-09-25 06:00:00
1790319600000,1544.55,1562.5,1534.3,1560.57,47012.841,1790323199999,73002648.25543,199241,21467.013,33351538.58777,2026-09-25 07:00:00
1790323200000,1560.57,1595.0,1557.21,1586.27,94388.056,1790326799999,149019876.08974,388789,52938.363,83582134.01706,2026-09-25 08:00:00
1790326800000,1586.27,1598.72,1578.03,1584.84,53723.912,1790330399999,85212420.03808,268303,28070.151,44534859.23475,2026-09-25 09:00:00
1790330400000,1584.84,1618.14,1571.61,1598.95,79460.897,1790333999999,126596727.57798,303813,43230.194,68942458.28573,2026-09-25 10:00:00
1790334000000,1598.95,1617.18,1595.9,1597.12,67413.025,1790337599999,108330569.98342,296047,32111.019,51611934.91336,2026-09-25 11:00:00
1790337600000,1597.11,1606.15,1565.3,1605.19,98722.674,1790341199999,156439082.34458,362675,50215.821,79571739.27398,2026-09-25 12:00:00
1790341200000,1605.19,1625.91,1583.01,1591.77,129547.147,1790344799999,208158449.12076,509111,67205.835,108067505.92639,2026-09-25 13:00:00
1790344800000,1591.77,1599.0,1552.03,1572.61,124269.214,1790348399999,195642884.28553,547323,59421.718,93578712.2885,2026-09-25 14:00:00
1790348400000,1572.64,1576.0,1530.49,1544.5,115148.877,1790351999999,178502082.53226,407834,52891.646,81982738.49713,2026-09-25 15:00:00
1790352000000,1544.51,1554.89,1543.12,1546.67,58166.874,1790355599999,90132992.82328,274014,28442.217,44076971.64068,2026-09-25 16:00:00
1790355600000,1546.67,1552.54,1512.45,1533.56,88216.577,1790359199999,135096837.61158,320684,38463.682,58948712.10391,2026-09-25 17:00:00
1790359200000,1533.57,1557.72,1531.18,1553.27,53208.366,1790362799999,82260750.56464,198091,32839.189,50787062.32663,2026-09-25 18:00:00
1790362800000,1553.28,1564.97,1539.16,1543.36,55360.356,1790366399999,86048202.51511,183886,26023.603,40488689.01945,2026-09-25 19:00:00
1790366400000,1543.37,1553.9,1536.2,1538.85,42306.091,1790369999999,65483240.54599,158584,19221.473,29762661.11845,2026-09-25 20:00:00
1790370000000,1538.85,1540.8,1525.01,1529.81,32356.215,1790373599999,49548362.42131,121986,15091.399,23107804.50799,2026-09-25 21:00:00
1790373600000,1529.81,1553.52,1529.31,1550.34,25130.92,1790377199999,38772883.03695,103936,15274.814,23558540.74672,2026-09-25 22:00:00
1790377200000,1550.34,1559.9,1548.97,1555.2,22365.286,1790380799999,34769770.41715,84492,10508.587,16337196.27855,2026-09-25 23:00:00
1790380800000,1555.2,1558.17,1534.36,1538.94,33327.453,1790384399999,51493817.61237,138563,15226.042,23530975.4688,2026-09-26 00:00:00
1790384400000,1538.95,1550.26,1537.24,1542.99,18924.789,1790387999999,29210795.07924,100081,9616.176,14843444.07244,2026-09-26 01:00:00
1790388000000,1543.0,1547.41,1535.51,1537.98,20068.562,1790391599999,30909151.61803,101265,9546.694,14705004.8771,2026-09-26 02:00:00
1790391600000,1537.98,1538.88,1530.03,1533.49,22162.026,1790395199999,33987768.39368,99299,9231.194,14158010.25436,2026-09-26 03:00:00
1790395200000,1533.49,1539.31,1528.38,1536.93,20061.799,1790398799999,30779003.46893,91812,10446.54,16033149.89754,2026-09-26 04:00:00
1790398800000,1536.93,1539.3,1530.26,1534.62,14908.782,1790402399999,22878669.10208,75711,7407.079,11366629.24799,2026-09-26 05:00:00
1790402400000,1534.62,1535.98,1525.91,1531.61,18401.501,1790405999999,28169177.66426,87387,9210.752,14101048.07234,2026-09-26 06:00:00
1790406000000,1531.62,1538.85,1530.56,1533.16,16679.131,1790409599999,25607279.39494,82019,8951.404,13743193.07378,2026-09-26 07:00:00
1790409600000,1533.17,1539.18,1528.16,1529.95,20073.586,1790413199999,30782085.95599,78785,10023.49,15369592.50968,2026-09-26 08:00:00
1790413200000,1529.94,1530.02,1516.75,1524.47,37573.056,1790416799999,57229906.78727,138329,16068.549,24478327.43027,2026-09-26 09:00:00
1790416800000,1524.46,1536.86,1523.15,1534.23,26098.403,1790420399999,39962580.52066,106756,12571.77,19251110.9325,2026-09-26 10:00:00
1790420400000,1534.22,1544.02,1532.24,1541.83,18924.61,1790423999999,29116774.57924,92635,10114.073,15561435.61982,2026-09-26 11:00:00
1790424000000,1541.82,1553.0,1536.33,1541.92,34972.175,1790427599999,53966237.75989,134765,17766.055,27423550.89662,2026-09-26 12:00:00
1790427600000,1541.92,1545.93,1531.63,1537.13,25279.312,1790431199999,38875546.96224,121450,11527.562,17729591.0691,2026-09-26 13:00:00
1790431200000,1537.13,1549.26,1535.27,1548.54,32396.283,1790434799999,49961487.48379,106337,21287.769,32839925.95532,2026-09-26 14:00:00
1790434800000,1548.55,1554.0,1545.96,1551.01,36717.146,1790438399999,56887522.0832,117296,16533.346,25622445.22723,2026-09-26 15:00:00
1790438400000,1551.0,1568.99,1548.02,1568.6,59912.066,1790441999999,93495068.14107,152230,31954.681,49864769.11312,2026-09-26 16:00:00
1790442000000,1568.61,1575.97,1555.53,1564.59,69267.7,1790445599999,108518423.48902,221558,32518.978,50965250.80089,2026-09-26 17:00:00
1790445600000,1564.58,1584.88,1558.28,1560.93,59505.747,1790449199999,93449457.9927,229799,30108.856,47308527.55552,2026-09-26 18:00:00
1790449200000,1560.9,1570.37,1550.05,1569.1,33255.957,1790452799999,51853239.63642,133131,17101.287,26673146.68631,2026-09-26 19:00:00
1790452800000,1569.1,1584.92,1558.45,1581.71,56449.848,1790456399999,88834627.35186,225392,27536.203,43350910.84076,2026-09-26 20:00:00
1790456400000,1581.72,1699.0,1577.04,1683.65,262695.344,1790459999999,433074194.17485,883544,142680.906,235184061.26335,2026-09-26 21:00:00
1790460000000,1683.64,1684.63,1654.08,1656.1,91396.696,1790463599999,152176464.859,413552,40833.278,67972137.77719,2026-09-26 22:00:00
1790463600000,1656.1,1665.92,1647.41,1652.73,42531.17,1790467199999,70412945.716,204127,20654.718,34201078.74049,2026-09-26 23:00:00
1790467200000,1652.72,1657.92,1642.56,1645.11,38799.567,1790470799999,64000395.27501,170390,19662.866,32441721.17866,2026-09-27 00:00:00
1790470800000,1645.11,1653.0,1636.9,1646.75,35360.353,1790474399999,58185499.09234,118468,18258.263,30056345.73531,2026-09-27 01:00:00
1790474400000,1646.74,1656.18,1637.8,1640.54,50575.893,1790477999999,83196530.75057,158586,25021.175,41176548.96139,2026-09-27 02:00:00
1790478000000,1640.54,1648.0,1635.37,1637.67,22952.893,1790481599999,37675205.5567,102183,11197.368,18383770.22972,2026-09-27 03:00:00
1790481600000,1637.68,1640.42,1632.21,1633.41,36802.422,1790485199999,60205129.91457,132813,19036.544,31147209.02261,2026-09-27 04:00:00
1790485200000,1633.41,1658.77,1631.1,1655.28,46558.339,1790488799999,76723735.53689,159829,28287.88,46635254.60016,2026-09-27 05:00:00
1790488800000,1655.26,1663.94,1648.13,1652.89,44267.992,1790492399999,73332738.23849,156219,21270.27,35256809.16152,2026-09-27 06:00:00
1790492400000,1652.89,1667.54,1652.72,1664.41,38119.97,1790495999999,63361674.5183,130416,21784.566,36214793.89669,2026-09-27 07:00:00
1790496000000,1664.41,1665.64,1658.33,1661.24,25989.511,1790499599999,43181323.73118,105343,11566.722,19219401.89951,2026-09-27 08:00:00
1790499600000,1661.24,1665.73,1646.0,1662.57,37329.031,1790503199999,61817968.56985,143358,18454.983,30576552.72921,2026-09-27 09:00:00
1790503200000,1662.57,1669.44,1658.0,1659.5,42611.269,1790506799999,70975808.12526,153004,22521.081,37522570.84965,2026-09-27 10:00:00
1790506800000,1659.5,1667.0,1656.18,1660.35,23957.36,1790510399999,39803534.76822,113178,12511.258,20789543.06164,2026-09-27 11:00:00
1790510400000,1660.34,1681.99,1655.0,1655.24,53167.886,1790513999999,88569640.16208,175782,26377.114,43981033.8246,2026-09-27 12:00:00
1790514000000,1655.24,1663.21,1641.06,1652.2,79485.383,1790517599999,131119434.89507,237208,40412.679,66681476.57162,2026-09-27 13:00:00
1790517600000,1652.2,1656.17,1604.3,1606.38,134760.288,1790521199999,219200510.61875,325543,56638.258,92150854.72278,2026-09-27 14:00:00
1790521200000,1606.39,1607.09,1575.53,1581.0,163104.671,1790524799999,258658081.62942,521022,81107.846,128626726.83545,2026-09-27 15:00:00
1790524800000,1581.0,1595.77,1578.41,1581.99,59388.672,1790528399999,94185822.88582,213198,31222.474,49528230.45894,2026-09-27 16:00:00
1790528400000,1581.99,1589.57,1579.36,1587.09,21056.163,1790531999999,33358478.45937,115513,12135.375,19228178.38773,2026-09-27 17:00:00
1790532000000,1587.09,1614.42,1586.0,1611.76,54377.391,1790535599999,87131995.04498,184767,29210.573,46765956.84042,2026-09-27 18:00:00
1790535600000,1611.77,1612.47,1601.27,1607.19,27514.753,1790539199999,44204304.74507,135748,13123.761,21086438.62353,2026-09-27 19:00:00
1790539200000,1607.19,1612.01,1600.48,1602.06,16981.696,1790542799999,27270953.75341,92090,8041.578,12916395.01263,2026-09-27 20:00:00
1790542800000,1602.07,1609.97,1577.82,1599.44,33988.503,1790546399999,54236646.54976,107896,12981.311,20739654.34396,2026-09-27 21:00:00
1790546400000,1599.43,1602.83,1581.48,1590.0,37829.261,1790549999999,60102442.89285,184112,18213.724,28940160.15443,2026-09-27 22:00:00
1790550000000,1590.0,1596.72,1584.0,1587.22,23448.742,1790553599999,37295377.7555,120265,12241.86,19474635.11137,2026-09-27 23:00:00
1790553600000,1587.23,1600.25,1566.85,1573.0,80954.047,1790557199999,127925821.29762,285057,38838.723,61408253.12521,2026-09-28 00:00:00
1790557200000,1573.0,1583.0,1566.85,1570.21,43514.161,1790560799999,68473527.71388,241548,21730.071,34202404.59784,2026-09-28 01:00:00
1790560800000,1570.2,1586.67,1563.3,1569.32,49128.693,1790564399999,77301918.64102,215380,24911.515,39209028.95704,2026-09-28 02:00:00
1790564400000,1569.33,1574.34,1554.57,1556.41,39303.292,1790567999999,61437030.15446,173712,15921.58,24900493.79993,2026-09-28 03:00:00
1790568000000,1556.41,1568.73,1551.0,1561.07,35460.564,1790571599999,55343376.78772,161349,17856.474,27874975.12877,2026-09-28 04:00:00
1790571600000,1561.08,1564.47,1545.89,1551.55,48350.469,1790575199999,75105625.06694,195639,21378.667,33222033.46357,2026-09-28 05:00:00
1790575200000,1551.54,1558.4,1541.38,1548.45,32977.462,1790578799999,51080288.47293,143398,15738.314,24385237.48427,2026-09-28 06:00:00
1790578800000,1548.45,1558.38,1534.16,1540.8,39730.403,1790582399999,61372646.84995,188254,19327.884,29865747.54911,2026-09-28 07:00:00
1790582400000,1540.79,1558.8,1540.23,1552.2,33660.008,1790585999999,52272705.78065,157775,18437.348,28631679.18898,2026-09-28 08:00:00
1790586000000,1552.2,1555.83,1539.69,1544.47,34047.973,1790589599999,52633707.42239,180232,17280.9,26717087.66117,2026-09-28 09:00:00
1790589600000,1544.48,1563.0,1544.48,1555.2,43881.227,1790593199999,68203990.38281,172679,23657.306,36778772.9189,2026-09-28 10:00:00
1790593200000,1555.21,1568.33,1554.26,1567.68,38837.93,1790596799999,60725766.48289,164862,22500.074,35178375.32389,2026-09-28 11:00:00
1790596800000,1567.67,1599.24,1567.03,1592.51,88358.786,1790600399999,140122258.208,361571,49982.893,79244861.11693,2026-09-28 12:00:00
1790600400000,1592.49,1598.62,1578.01,1582.47,57656.36,1790603999999,91620845.60494,313552,27745.822,44101532.06223,2026-09-28 13:00:00
1790604000000,1582.48,1586.77,1520.05,1534.58,165281.176,1790607599999,256546150.73005,585933,69667.48,108204253.49009,2026-09-28 14:00:00
1790607600000,1534.58,1547.72,1522.0,1530.04,92878.299,1790611199999,142245052.14063,425371,46015.863,70493509.61909,2026-09-28 15:00:00
1790611200000,1530.05,1546.29,1508.0,1528.42,114224.969,1790614799999,174492142.23622,466406,53574.132,81883767.76342,2026-09-28 16:00:00
1790614800000,1528.4,1546.93,1514.0,1528.68,68990.458,1790618399999,105554179.42451,324923,33389.606,51077160.82995,2026-09-28 17:00:00
1790618400000,1528.67,1530.48,1510.12,1513.2,40107.945,1790621999999,60956599.78645,216505,18876.856,28704962.8302,2026-09-28 18:00:00
1790622000000,1513.2,1514.46,1446.6,1451.19,197005.709,1790625599999,290609587.65522,614773,83554.534,123214546.16739,2026-09-28 19:00:00
1790625600000,1451.2,1475.39,1446.55,1457.77,84868.908,1790629199999,124316594.63371,323096,41780.44,61224666.66183,2026-09-28 20:00:00
1790629200000,1457.77,1468.08,1442.0,1467.76,54979.402,1790632799999,80102147.23199,212721,29494.792,43009452.43784,2026-09-28 21:00:00
1790632800000,1467.77,1478.88,1453.41,1476.15,39173.111,1790636399999,57458477.35202,161136,22014.775,32293630.46986,2026-09-28 22:00:00
1790636400000,1476.16,1487.62,1474.78,1482.85,38773.35,1790639999999,57483020.01204,150727,21090.859,31268413.98745,2026-09-28 23:00:00
1790640000000,1482.85,1488.45,1449.43,1449.43,61099.207,1790643599999,89872805.3547,231142,23824.343,35074276.96929,2026-09-29 00:00:00
1790643600000,1449.42,1459.76,1382.0,1400.7,261691.542,1790647199999,368689633.57161,775070,114362.086,160991883.70108,2026-09-29 01:00:00
1790647200000,1400.7,1404.0,1366.43,1376.17,136076.256,1790650799999,188082673.5312,542138,62197.262,85992997.87107,2026-09-29 02:00:00
1790650800000,1376.16,1385.51,1370.04,1377.99,53552.848,1790654399999,73781732.59965,289213,27037.785,37260227.94515,2026-09-29 03:00:00
1790654400000,1377.99,1388.65,1357.01,1364.99,77887.632,1790657999999,106920860.99673,288560,34020.365,46720885.57717,2026-09-29 04:00:00
1790658000000,1364.97,1393.0,1357.44,1387.5,85194.015,1790661599999,117462858.67053,336349,47879.881,66048773.18977,2026-09-29 05:00:00
1790661600000,1387.49,1411.91,1386.42,1410.27,85894.533,1790665199999,120243676.87172,311484,48402.282,67770522.95329,2026-09-29 06:00:00
1790665200000,1410.27,1426.99,1404.0,1423.32,90555.983,1790668799999,128571739.25958,277451,51050.304,72492199.26866,2026-09-29 07:00:00
1790668800000,1423.33,1434.0,1402.82,1406.46,84233.528,1790672399999,119204804.46472,260972,36066.15,51103964.58309,2026-09-29 08:00:00
1790672400000,1406.45,1426.95,1403.54,1422.87,46321.355,1790675999999,65602315.33995,190578,27155.112,38458915.28675,2026-09-29 09:00:00
1790676000000,1422.88,1427.79,1415.0,1418.57,34739.123,1790679599999,49375287.99564,156523,16085.204,22868176.94007,2026-09-29 10:00:00
1790679600000,1418.56,1455.99,1415.53,1448.99,84472.785,1790683199999,121321435.68541,352437,48412.349,69541142.22271,2026-09-29 11:00:00
1790683200000,1448.99,1459.6,1435.04,1441.27,75918.414,1790686799999,109702373.64303,343000,36536.469,52826660.6302,2026-09-29 12:00:00
1790686800000,1441.26,1457.18,1431.66,1455.01,61563.42,1790690399999,88958647.87385,344980,29608.283,42803687.30434,2026-09-29 13:00:00
1790690400000,1455.0,1457.69,1430.17,1434.6,58427.611,1790693999999,84179415.78405,340182,24897.244,35890266.2465,2026-09-29 14:00:00
1790694000000,1434.59,1434.88,1376.89,1390.7,178699.326,1790697599999,250679609.09815,668710,76148.139,106806611.44644,2026-09-29 15:00:00
1790697600000,1390.7,1399.73,1382.68,1392.5,58792.957,1790701199999,81816442.04999,349836,29455.687,41002920.29849,2026-09-29 16:00:00
1790701200000,1392.5,1401.99,1388.26,1398.25,32073.185,1790704799999,44728238.78002,171885,16234.029,22645616.78911,2026-09-29 17:00:00
1790704800000,1398.24,1435.0,1398.24,1426.47,75092.647,1790708399999,106501090.39076,303288,42968.191,60915050.03074,2026-09-29 18:00:00
1790708400000,1426.48,1433.99,1390.03,1393.4,67653.386,1790711999999,95403984.51221,248620,27764.595,39165121.38116,2026-09-29 19:00:00
1790712000000,1393.4,1408.47,1380.36,1404.36,45870.577,1790715599999,63982063.7163,195639,22118.484,30869862.08172,2026-09-29 20:00:00
1790715600000,1404.36,1421.35,1393.17,1410.27,40249.555,1790719199999,56593400.98431,144589,22676.549,31927162.43609,2026-09-29 21:00:00
1790719200000,1410.27,1423.35,1405.33,1422.74,31957.418,1790722799999,45205504.66757,173012,19883.008,28136523.62537,2026-09-29 22:00:00
1790722800000,1422.75,1430.76,1411.2,1416.79,41579.773,1790726399999,59064668.72075,155453,21611.396,30711006.65897,2026-09-29 23:00:00
1790726400000,1416.78,1433.65,1413.41,1423.92,40604.298,1790729999999,57771627.37541,197344,21151.349,30108613.09364,2026-09-30 00:00:00
1790730000000,1423.91,1426.82,1417.38,1421.76,24246.38,1790733599999,34487671.43052,147084,13262.213,18865845.37257,2026-09-30 01:00:00
1790733600000,1421.77,1425.84,1412.06,1415.33,28447.767,1790737199999,40295744.93819,151412,13839.47,19606977.22121,2026-09-30 02:00:00
1790737200000,1415.33,1416.89,1400.01,1402.78,36368.178,1790740799999,51176064.17778,159068,14941.293,21029769.76886,2026-09-30 03:00:00
1790740800000,1402.79,1415.56,1402.76,1406.74,23768.941,1790744399999,33496899.96264,129325,13094.641,18452683.21679,2026-09-30 04:00:00
1790744400000,1406.75,1413.47,1400.96,1405.54,31994.216,1790747999999,45011401.92427,155774,15684.147,22069188.22,2026-09-30 05:00:00
1790748000000,1405.54,1409.36,1391.12,1396.38,51891.707,1790751599999,72483367.81696,205932,24195.065,33798985.39717,2026-09-30 06:00:00
1790751600000,1396.38,1415.08,1390.18,1413.35,45120.426,1790755199999,63302940.10679,187105,23201.12,32561591.50479,2026-09-30 07:00:00
1790755200000,1413.34,1414.38,1394.24,1401.75,42716.187,1790758799999,59940410.62308,170001,18727.396,26274028.32893,2026-09-30 08:00:00
1790758800000,1401.74,1418.83,1400.35,1409.29,44746.736,1790762399999,63097851.84288,182892,24373.221,34370383.99314,2026-09-30 09:00:00
1790762400000,1409.29,1433.25,1406.58,1431.73,64935.95,1790765999999,92247597.67981,230619,37178.869,52833078.95041,2026-09-30 10:00:00
1790766000000,1431.72,1433.96,1420.33,1424.55,41580.181,1790769599999,59295075.04665,205807,21364.392,30470386.71273,2026-09-30 11:00:00
1790769600000,1424.54,1465.98,1423.4,1458.18,129991.203,1790773199999,188495353.14692,464543,72854.03,105605410.59191,2026-09-30 12:00:00
1790773200000,1458.18,1494.19,1443.56,1465.99,220508.121,1790776799999,324026140.49272,735709,114107.614,167810395.92646,2026-09-30 13:00:00
1790776800000,1465.69,1490.27,1423.66,1429.19,185134.591,1790780399999,268093521.39812,759277,89457.951,129683499.44222,2026-09-30 14:00:00
1790780400000,1429.2,1450.77,1408.49,1442.29,120477.183,1790783999999,172255949.17504,479495,59865.64,85674620.95934,2026-09-30 15:00:00
1790784000000,1442.31,1480.95,1438.29,1468.39,91167.12,1790787599999,132939682.67905,358927,44030.951,64232584.57437,2026-09-30 16:00:00
1790787600000,1468.39,1475.95,1439.02,1447.52,87617.552,1790791199999,127517542.26216,340396,41761.268,60785584.99068,2026-09-30 17:00:00
1790791200000,1447.52,1450.27,1411.01,1419.6,77338.104,1790794799999,110432146.40844,328596,34056.626,48640667.83739,2026-09-30 18:00:00
1790794800000,1419.61,1429.56,1410.04,1418.0,65949.267,1790798399999,93637525.67954,284544,34002.038,48270915.71354,2026-09-30 19:00:00
1790798400000,1418.01,1429.58,1414.0,1423.17,27589.001,1790801999999,39238421.75475,184737,13249.533,18843473.8541,2026-09-30 20:00:00
1790802000000,1423.17,1426.54,1412.21,1417.18,21243.488,1790805599999,30142954.54184,103105,11324.008,16071894.40254,2026-09-30 21:00:00
1790805600000,1417.18,1436.61,1397.16,1430.92,53389.329,1790809199999,75697594.12808,179596,22932.849,32583221.20704,2026-09-30 22:00:00
1790809200000,1430.91,1446.97,1429.24,1438.11,31228.524,1790812799999,44917300.62825,170914,15635.819,22494759.04156,2026-09-30 23:00:00
1790812800000,1438.1,1439.26,1415.25,1421.76,35489.812,1790816399999,50623333.61014,163631,14159.363,20198036.99561,2026-10-01 00:00:00
1790816400000,1421.76,1427.82,1416.6,1417.97,23817.924,1790819999999,33851195.61199,132423,11891.175,16904946.96208,2026-10-01 01:00:00
1790820000000,1417.98,1422.56,1405.32,1413.8,37790.689,1790823599999,53430818.13139,152235,17861.701,25264250.48909,2026-10-01 02:00:00
1790823600000,1413.8,1425.8,1410.61,1424.49,26205.088,1790827199999,37178560.16044,134346,15089.887,21410928.86711,2026-10-01 03:00:00
1790827200000,1424.49,1441.83,1420.05,1437.74,35682.389,1790830799999,51073639.18587,159522,18193.593,26052608.00232,2026-10-01 04:00:00
1790830800000,1437.73,1443.54,1432.55,1436.95,28334.28,1790834399999,40718718.1676,141365,13041.363,18746064.31741,2026-10-01 05:00:00
1790834400000,1436.95,1449.77,1431.01,1439.21,33811.291,1790837999999,48692830.84012,146489,17365.501,25016943.37812,2026-10-01 06:00:00
1790838000000,1439.21,1445.46,1399.26,1407.56,88806.915,1790841599999,125639212.62132,311488,42753.605,60444161.16637,2026-10-01 07:00:00
1790841600000,1407.56,1414.92,1401.63,1410.3,41792.001,1790845199999,58834714.47917,189778,19930.387,28060340.70739,2026-10-01 08:00:00
1790845200000,1410.3,1417.7,1395.01,1401.17,41059.124,1790848799999,57716439.29333,164607,18089.333,25445783.1958,2026-10-01 09:00:00
1790848800000,1401.1,1401.88,1372.22,1394.47,91515.924,1790852399999,126884893.05976,306344,42509.88,58953483.68847,2026-10-01 10:00:00
1790852400000,1394.48,1402.15,1376.51,1401.61,57719.6,1790855999999,80193073.72661,220844,27945.514,38849390.45305,2026-10-01 11:00:00
1790856000000,1401.61,1413.45,1390.36,1394.15,61582.602,1790859599999,86500588.63029,243591,27582.06,38754034.38673,2026-10-01 12:00:00
1790859600000,1394.15,1406.16,1379.1,1400.02,76661.1,1790863199999,106806748.46292,386293,38984.914,54324896.18113,2026-10-01 13:00:00
1790863200000,1400.0,1401.78,1361.13,1381.19,92740.565,1790866799999,128194113.45567,446901,43023.971,59518845.22658,2026-10-01 14:00:00
1790866800000,1381.19,1389.07,1365.0,1378.05,72691.461,1790870399999,100126049.60692,371850,32908.818,45337146.09528,2026-10-01 15:00:00
1790870400000,1378.04,1387.08,1332.0,1343.27,142922.101,1790873999999,193604215.24691,553198,62140.89,84232810.82755,2026-10-01 16:00:00
1790874000000,1343.28,1373.5,1339.23,1357.1,86918.426,1790877599999,118047558.62667,399091,40182.307,54569709.21049,2026-10-01 17:00:00
1790877600000,1357.1,1362.71,1332.63,1339.6,80823.263,1790881199999,108887506.92478,343814,36056.699,48608573.03049,2026-10-01 18:00:00
1790881200000,1339.61,1340.21,1305.05,1325.79,142104.575,1790884799999,187583837.14793,510243,60861.999,80326247.53903,2026-10-01 19:00:00
1790884800000,1325.78,1337.56,1324.6,1335.34,44905.661,1790888399999,59832232.20362,204801,22509.956,29992243.58506,2026-10-01 20:00:00
1790888400000,1335.35,1338.82,1315.0,1320.19,33188.598,1790891999999,43985279.40577,166298,15489.651,20535702.20513,2026-10-01 21:00:00
1790892000000,1320.19,1336.94,1319.75,1334.89,36274.156,1790895599999,48269840.25293,177582,20702.992,27560107.50928,2026-10-01 22:00:00
1790895600000,1334.9,1344.0,1333.0,1335.45,32171.527,1790899199999,43038434.56419,131324,19481.921,26069443.52307,2026-10-01 23:00:00
1790899200000,1335.45,1344.73,1333.06,1340.4,21125.381,1790902799999,28295165.08845,132924,11090.154,14855839.41983,2026-10-02 00:00:00
1790902800000,1340.39,1340.39,1316.98,1335.05,45507.85,1790906399999,60436813.05729,175541,20333.123,26992299.93151,2026-10-02 01:00:00
1790906400000,1335.04,1344.5,1326.9,1338.76,36363.025,1790909999999,48583555.53746,213631,18389.063,24573204.24962,2026-10-02 02:00:00
1790910000000,1338.76,1346.82,1327.0,1336.79,38483.484,1790913599999,51408614.85999,224924,18997.625,25379642.69544,2026-10-02 03:00:00
1790913600000,1336.79,1400.0,1329.0,1397.41,213155.99,1790917199999,293263819.69253,671391,127329.452,175218805.72817,2026-10-02 04:00:00
1790917200000,1397.4,1398.29,1374.36,1381.39,89830.284,1790920799999,124662957.34426,313320,43587.366,60508701.46088,2026-10-02 05:00:00
1790920800000,1381.39,1389.46,1377.37,1379.56,36573.142,1790924399999,50594423.87576,179504,17869.31,24725407.45234,2026-10-02 06:00:00
1790924400000,1379.56,1386.65,1372.0,1385.99,38812.382,1790927999999,53494142.58031,188844,17672.478,24368881.49837,2026-10-02 07:00:00
1790928000000,1385.99,1399.38,1377.82,1382.58,56944.35,1790931599999,79019116.40384,240294,27446.161,38094057.59913,2026-10-02 08:00:00
1790931600000,1382.58,1395.26,1377.08,1387.0,34922.83,1790935199999,48464979.35058,164650,16791.703,23303790.11377,2026-10-02 09:00:00
1790935200000,1386.99,1407.08,1380.69,1382.28,54787.411,1790938799999,76299929.4164,195959,29457.631,41046968.80263,2026-10-02 10:00:00
1790938800000,1382.28,1392.39,1377.1,1377.81,32829.21,1790942399999,45471227.49537,139679,14579.907,20204085.43629,2026-10-02 11:00:00
1790942400000,1377.82,1403.72,1362.34,1387.86,133454.999,1790945999999,184596830.92163,384477,60788.131,84080120.54694,2026-10-02 12:00:00
1790946000000,1387.86,1413.0,1377.27,1379.26,105576.563,1790949599999,147020272.33663,404250,49557.97,69014765.46764,2026-10-02 13:00:00
1790949600000,1379.27,1399.54,1356.0,1373.39,120720.742,1790953199999,166685846.41268,397872,58514.104,80864444.49905,2026-10-02 14:00:00
1790953200000,1373.39,1379.5,1359.09,1371.87,87373.506,1790956799999,119539041.38434,336257,42067.982,57579887.62113,2026-10-02 15:00:00
1790956800000,1371.87,1378.71,1361.18,1367.11,44462.128,1790960399999,60892867.15979,229752,20089.586,27522712.28283,2026-10-02 16:00:00
1790960400000,1367.11,1369.67,1351.73,1364.94,53989.195,1790963999999,73529548.01184,203565,24548.183,33445434.23153,2026-10-02 17:00:00
1790964000000,1364.93,1369.86,1270.0,1304.01,228804.925,1790967599999,299802580.67636,545590,88995.574,116718023.92566,2026-10-02 18:00:00
1790967600000,1304.01,1306.85,1278.16,1279.64,91152.581,1790971199999,117942108.12296,308886,41064.234,53145999.29899,2026-10-02 19:00:00
1790971200000,1279.64,1292.76,1276.66,1278.1,56070.854,1790974799999,72077837.22522,216875,29062.247,37361850.40042,2026-10-02 20:00:00
1790974800000,1278.1,1292.54,1277.04,1289.23,25916.353,1790978399999,33293417.5606,133273,13930.287,17897170.79332,2026-10-02 21:00:00
1790978400000,1289.23,1292.0,1278.65,1291.36,28498.705,1790981999999,36655463.27896,113922,13140.092,16903582.08247,2026-10-02 22:00:00
1790982000000,1291.35,1305.2,1289.11,1301.27,31516.953,1790985599999,40885004.77282,106709,19905.484,25823018.02981,2026-10-02 23:00:00
1790985600000,1301.27,1329.99,1299.69,1320.66,54112.322,1790989199999,71358664.38217,189083,29214.693,38512541.54138,2026-10-03 00:00:00
1790989200000,1320.7,1327.16,1317.38,1320.6,24036.421,1790992799999,31748709.99487,100820,11660.648,15402275.05159,2026-10-03 01:00:00
1790992800000,1320.61,1327.9,1319.04,1320.15,24968.656,1790996399999,33025719.32804,101943,11954.165,15813638.57255,2026-10-03 02:00:00
1790996400000,1320.15,1326.0,1320.0,1323.19,15329.905,1790999999999,20287290.03747,74002,7072.375,9359350.56093,2026-10-03 03:00:00
1791000000000,1323.19,1324.18,1311.73,1315.8,32488.525,1791003599999,42775656.97456,96161,13252.872,17453736.77797,2026-10-03 04:00:00
1791003600000,1315.8,1324.35,1314.34,1319.65,13905.52,1791007199999,18353420.77868,71507,7398.318,9766438.3718,2026-10-03 05:00:00
1791007200000,1319.65,1321.41,1314.0,1315.01,9909.544,1791010799999,13049230.17762,41575,4629.194,6096008.00243,2026-10-03 06:00:00
