timestamp,datetime,equity_scenario_a,equity_scenario_b
1782801900000,2026-06-30 06:45:00,20.0,20.0
1782802800000,2026-06-30 07:00:00,20.0,20.0
1782803700000,2026-06-30 07:15:00,20.0,20.0
1782804600000,2026-06-30 07:30:00,20.0,20.0
1782805500000,2026-06-30 07:45:00,20.0,20.0
1782806400000,2026-06-30 08:00:00,20.0,20.0
1782807300000,2026-06-30 08:15:00,20.0,20.0
1782808200000,2026-06-30 08:30:00,20.0,20.0
1782809100000,2026-06-30 08:45:00,20.0,20.0
1782810000000,2026-06-30 09:00:00,20.0,20.0
1782810900000,2026-06-30 09:15:00,20.0,20.0
1782811800000,2026-06-30 09:30:00,20.0,20.0
1782812700000,2026-06-30 09:45:00,20.0,20.0
1782813600000,2026-06-30 10:00:00,20.0,20.0
1782814500000,2026-06-30 10:15:00,20.0,20.0
1782815400000,2026-06-30 10:30:00,20.0,20.0
1782816300000,2026-06-30 10:45:00,20.0,20.0
1782817200000,2026-06-30 11:00:00,20.0,20.0
1782818100000,2026-06-30 11:15:00,20.0,20.0
1782819000000,2026-06-30 11:30:00,20.0,20.0
1782819900000,2026-06-30 11:45:00,20.0,20.0
1782820800000,2026-06-30 12:00:00,20.0,20.0
1782821700000,2026-06-30 12:15:00,20.0,20.0
1782822600000,2026-06-30 12:30:00,20.0,20.0
1782823500000,2026-06-30 12:45:00,20.0,20.0
1782824400000,2026-06-30 13:00:00,20.0,20.0
1782825300000,2026-06-30 13:15:00,20.0241,20.0241
1782826200000,2026-06-30 13:30:00,19.9945,19.9945
1782827100000,2026-06-30 13:45:00,20.2854,20.2854
1782828000000,2026-06-30 14:00:00,20.5169,20.5169
1782828900000,2026-06-30 14:15:00,20.5569,20.5569
1782829800000,2026-06-30 14:30:00,20.5261,20.5261
1782830700000,2026-06-30 14:45:00,20.3471,20.3471
1782831600000,2026-06-30 15:00:00,20.3879,20.3879
1782832500000,2026-06-30 15:15:00,20.3943,20.3943
1782833400000,2026-06-30 15:30:00,20.3945,20.3945
1782834300000,2026-06-30 15:45:00,20.3813,20.3813
1782835200000,2026-06-30 16:00:00,20.4073,20.4073
1782836100000,2026-06-30 16:15:00,20.3481,20.3481
1782837000000,2026-06-30 16:30:00,20.4063,20.4063
1782837900000,2026-06-30 16:45:00,20.5249,20.5249
1782838800000,2026-06-30 17:00:00,20.4863,20.4863
1782839700000,2026-06-30 17:15:00,20.4977,20.4977
1782840600000,2026-06-30 17:30:00,20.4863,20.4863
1782841500000,2026-06-30 17:45:00,20.4953,20.4953
1782842400000,2026-06-30 18:00:00,20.5393,20.5393
1782843300000,2026-06-30 18:15:00,20.6159,20.6159
1782844200000,2026-06-30 18:30:00,20.5681,20.5681
1782845100000,2026-06-30 18:45:00,20.6591,20.6591
1782846000000,2026-06-30 19:00:00,20.6471,20.6471
1782846900000,2026-06-30 19:15:00,20.6355,20.6355
1782847800000,2026-06-30 19:30:00,20.6725,20.6725
1782848700000,2026-06-30 19:45:00,20.6857,20.6857
1782849600000,2026-06-30 20:00:00,20.7073,20.7073
1782850500000,2026-06-30 20:15:00,20.6225,20.6225
1782851400000,2026-06-30 20:30:00,20.5607,20.5607
1782852300000,2026-06-30 20:45:00,20.5975,20.5975
1782853200000,2026-06-30 21:00:00,20.5345,20.5345
1782854100000,2026-06-30 21:15:00,20.5103,20.5103
1782855000000,2026-06-30 21:30:00,20.4911,20.4911
1782855900000,2026-06-30 21:45:00,20.5121,20.5121
1782856800000,2026-06-30 22:00:00,20.5289,20.5289
1782857700000,2026-06-30 22:15:00,20.4977,20.4977
1782858600000,2026-06-30 22:30:00,20.4441,20.4441
1782859500000,2026-06-30 22:45:00,20.4223,20.4223
1782860400000,2026-06-30 23:00:00,20.4575,20.4575
1782861300000,2026-06-30 23:15:00,20.4791,20.4791
1782862200000,2026-06-30 23:30:00,20.4929,20.4929
1782863100000,2026-06-30 23:45:00,20.5195,20.5195
1782864000000,2026-07-01 00:00:00,20.5597,20.5597
1782864900000,2026-07-01 00:15:00,20.4471,20.4471
1782865800000,2026-07-01 00:30:00,20.5167,20.5167
1782866700000,2026-07-01 00:45:00,20.5771,20.5771
1782867600000,2026-07-01 01:00:00,20.3503,20.3503
1782868500000,2026-07-01 01:15:00,20.4727,20.4727
1782869400000,2026-07-01 01:30:00,20.7015,20.7015
1782870300000,2026-07-01 01:45:00,20.6345,20.6345
1782871200000,2026-07-01 02:00:00,20.6555,20.6555
1782872100000,2026-07-01 02:15:00,20.7327,20.7327
1782873000000,2026-07-01 02:30:00,20.8563,20.8563
1782873900000,2026-07-01 02:45:00,20.8043,20.8043
1782874800000,2026-07-01 03:00:00,20.7849,20.7849
1782875700000,2026-07-01 03:15:00,20.7667,20.7667
1782876600000,2026-07-01 03:30:00,20.8611,20.8611
1782877500000,2026-07-01 03:45:00,21.0326,21.0326
1782878400000,2026-07-01 04:00:00,21.0326,21.0326
1782879300000,2026-07-01 04:15:00,21.0326,21.0326
1782880200000,2026-07-01 04:30:00,21.0326,21.0326
1782881100000,2026-07-01 04:45:00,21.0326,21.0326
1782882000000,2026-07-01 05:00:00,21.0326,21.0326
1782882900000,2026-07-01 05:15:00,21.0326,21.0326
1782883800000,2026-07-01 05:30:00,21.0326,21.0326
1782884700000,2026-07-01 05:45:00,21.0326,21.0326
1782885600000,2026-07-01 06:00:00,21.0326,21.0326
1782886500000,2026-07-01 06:15:00,21.0326,21.0326
1782887400000,2026-07-01 06:30:00,21.0326,21.0326
1782888300000,2026-07-01 06:45:00,21.0326,21.0326
1782889200000,2026-07-01 07:00:00,21.0326,21.0326
1782890100000,2026-07-01 07:15:00,21.0326,21.0326
1782891000000,2026-07-01 07:30:00,21.0326,21.0326
1782891900000,2026-07-01 07:45:00,21.0326,21.0326
1782892800000,2026-07-01 08:00:00,21.0326,21.0326
1782893700000,2026-07-01 08:15:00,21.0326,21.0326
1782894600000,2026-07-01 08:30:00,21.0326,21.0326
1782895500000,2026-07-01 08:45:00,21.0326,21.0326
1782896400000,2026-07-01 09:00:00,21.0326,21.0326
1782897300000,2026-07-01 09:15:00,21.0326,21.0326
1782898200000,2026-07-01 09:30:00,21.0326,21.0326
1782899100000,2026-07-01 09:45:00,21.0326,21.0326
1782900000000,2026-07-01 10:00:00,21.0326,21.0326
1782900900000,2026-07-01 10:15:00,21.0326,21.0326
1782901800000,2026-07-01 10:30:00,21.0326,21.0326
1782902700000,2026-07-01 10:45:00,21.0326,21.0326
1782903600000,2026-07-01 11:00:00,21.0326,21.0326
1782904500000,2026-07-01 11:15:00,21.0326,21.0326
1782905400000,2026-07-01 11:30:00,21.0326,21.0326
1782906300000,2026-07-01 11:45:00,21.0326,21.0326
1782907200000,2026-07-01 12:00:00,21.0326,21.0326
1782908100000,2026-07-01 12:15:00,21.0326,21.0326
1782909000000,2026-07-01 12:30:00,21.0326,21.0326
1782909900000,2026-07-01 12:45:00,21.0326,21.0326
1782910800000,2026-07-01 13:00:00,21.0326,21.0326
1782911700000,2026-07-01 13:15:00,21.0326,21.0326
1782912600000,2026-07-01 13:30:00,21.0326,21.0326
1782913500000,2026-07-01 13:45:00,21.0326,21.0326
1782914400000,2026-07-01 14:00:00,21.0326,21.0326
1782915300000,2026-07-01 14:15:00,21.0326,21.0326
1782916200000,2026-07-01 14:30:00,21.2026,21.2026
1782917100000,2026-07-01 14:45:00,20.8675,20.8675
1782918000000,2026-07-01 15:00:00,20.6105,20.6105
1782918900000,2026-07-01 15:15:00,20.6839,20.6839
1782919800000,2026-07-01 15:30:00,20.4238,20.4238
1782920700000,2026-07-01 15:45:00,20.6837,20.6837
1782921600000,2026-07-01 16:00:00,20.762,20.762
1782922500000,2026-07-01 16:15:00,20.5348,20.5348
1782923400000,2026-07-01 16:30:00,20.8647,20.8647
1782924300000,2026-07-01 16:45:00,21.2569,21.2569
1782925200000,2026-07-01 17:00:00,21.341,21.341
1782926100000,2026-07-01 17:15:00,20.4844,20.4844
1782927000000,2026-07-01 17:30:00,20.8625,20.8625
1782927900000,2026-07-01 17:45:00,20.8774,20.8774
1782928800000,2026-07-01 18:00:00,20.9839,20.9839
1782929700000,2026-07-01 18:15:00,21.3551,21.3551
1782930600000,2026-07-01 18:30:00,21.2707,21.2707
1782931500000,2026-07-01 18:45:00,21.433,21.433
1782932400000,2026-07-01 19:00:00,20.9749,20.9749
1782933300000,2026-07-01 19:15:00,21.426,21.426
1782934200000,2026-07-01 19:30:00,21.3141,21.3141
1782935100000,2026-07-01 19:45:00,21.3998,21.3998
1782936000000,2026-07-01 20:00:00,21.4903,21.4903
1782936900000,2026-07-01 20:15:00,21.5483,21.5483
1782937800000,2026-07-01 20:30:00,21.4423,21.4423
1782938700000,2026-07-01 20:45:00,21.3505,21.3505
1782939600000,2026-07-01 21:00:00,20.4887,20.4887
1782940500000,2026-07-01 21:15:00,20.4609,20.4609
1782941400000,2026-07-01 21:30:00,20.0074,20.0074
1782942300000,2026-07-01 21:45:00,19.8726,19.8726
1782943200000,2026-07-01 22:00:00,19.3431,19.5172
1782944100000,2026-07-01 22:15:00,19.5608,19.6817
1782945000000,2026-07-01 22:30:00,19.5747,19.7023
1782945900000,2026-07-01 22:45:00,19.642,19.7732
1782946800000,2026-07-01 23:00:00,20.3554,20.4528
1782947700000,2026-07-01 23:15:00,20.5883,20.6648
1782948600000,2026-07-01 23:30:00,20.7745,20.7602
1782949500000,2026-07-01 23:45:00,20.7722,20.8535
1782950400000,2026-07-02 00:00:00,21.1732,21.1071
1782951300000,2026-07-02 00:15:00,21.7179,21.4031
1782952200000,2026-07-02 00:30:00,21.97,21.5963
1782953100000,2026-07-02 00:45:00,21.768,21.4907
1782954000000,2026-07-02 01:00:00,21.4089,21.3703
1782954900000,2026-07-02 01:15:00,21.0613,21.3271
1782955800000,2026-07-02 01:30:00,20.8883,21.1251
1782956700000,2026-07-02 01:45:00,20.987,21.1473
1782957600000,2026-07-02 02:00:00,21.1427,21.2081
1782958500000,2026-07-02 02:15:00,20.5779,21.1819
1782959400000,2026-07-02 02:30:00,19.9779,21.1067
1782960300000,2026-07-02 02:45:00,19.9519,21.1449
1782961200000,2026-07-02 03:00:00,20.1476,21.0775
1782962100000,2026-07-02 03:15:00,19.9039,20.9745
1782963000000,2026-07-02 03:30:00,19.6818,20.8611
1782963900000,2026-07-02 03:45:00,18.8354,20.7679
1782964800000,2026-07-02 04:00:00,18.9064,20.8389
1782965700000,2026-07-02 04:15:00,18.9404,20.8729
1782966600000,2026-07-02 04:30:00,18.9828,20.9153
1782967500000,2026-07-02 04:45:00,18.9696,20.9021
1782968400000,2026-07-02 05:00:00,18.9494,20.8819
1782969300000,2026-07-02 05:15:00,18.982,20.9145
1782970200000,2026-07-02 05:30:00,19.0832,21.0157
1782971100000,2026-07-02 05:45:00,19.093,21.0255
1782972000000,2026-07-02 06:00:00,19.1674,21.0999
1782972900000,2026-07-02 06:15:00,19.134,21.0665
1782973800000,2026-07-02 06:30:00,19.0992,21.0317
1782974700000,2026-07-02 06:45:00,19.2478,21.1803
1782975600000,2026-07-02 07:00:00,19.272,21.2045
1782976500000,2026-07-02 07:15:00,19.2922,21.2247
1782977400000,2026-07-02 07:30:00,19.274,21.2065
1782978300000,2026-07-02 07:45:00,19.3012,21.2337
1782979200000,2026-07-02 08:00:00,19.2592,21.1917
1782980100000,2026-07-02 08:15:00,19.234,21.1665
1782981000000,2026-07-02 08:30:00,19.1596,21.0921
1782981900000,2026-07-02 08:45:00,19.1276,21.0601
1782982800000,2026-07-02 09:00:00,19.1592,21.0917
1782983700000,2026-07-02 09:15:00,19.0338,20.9663
1782984600000,2026-07-02 09:30:00,18.7636,20.5143
1782985500000,2026-07-02 09:45:00,18.7598,20.4778
1782986400000,2026-07-02 10:00:00,18.689,20.6123
1782987300000,2026-07-02 10:15:00,18.7086,20.5751
1782988200000,2026-07-02 10:30:00,18.7356,20.5238
1782989100000,2026-07-02 10:45:00,18.7042,20.5835
1782990000000,2026-07-02 11:00:00,18.621,20.7415
1782990900000,2026-07-02 11:15:00,18.6708,20.6469
1782991800000,2026-07-02 11:30:00,18.7146,20.5637
1782992700000,2026-07-02 11:45:00,18.6242,20.7355
1782993600000,2026-07-02 12:00:00,18.6942,21.1166
1782994500000,2026-07-02 12:15:00,18.7444,21.603
1782995400000,2026-07-02 12:30:00,18.9392,21.6363
1782996300000,2026-07-02 12:45:00,18.6884,21.4888
1782997200000,2026-07-02 13:00:00,18.4343,21.4661
1782998100000,2026-07-02 13:15:00,18.3942,22.0055
1782999000000,2026-07-02 13:30:00,17.6993,22.732
1782999900000,2026-07-02 13:45:00,17.7747,22.8517
1783000800000,2026-07-02 14:00:00,17.9684,23.1442
1783001700000,2026-07-02 14:15:00,17.8292,22.8271
1783002600000,2026-07-02 14:30:00,17.8531,22.8023
1783003500000,2026-07-02 14:45:00,18.0468,23.0586
1783004400000,2026-07-02 15:00:00,17.8208,22.7597
1783005300000,2026-07-02 15:15:00,17.9913,22.9852
1783006200000,2026-07-02 15:30:00,18.0527,23.0664
1783007100000,2026-07-02 15:45:00,17.9027,22.8679
1783008000000,2026-07-02 16:00:00,17.9873,22.9799
1783008900000,2026-07-02 16:15:00,17.6767,22.3792
1783009800000,2026-07-02 16:30:00,17.9095,22.3792
1783010700000,2026-07-02 16:45:00,17.983,22.3792
1783011600000,2026-07-02 17:00:00,17.9638,22.3792
1783012500000,2026-07-02 17:15:00,18.1315,22.3792
1783013400000,2026-07-02 17:30:00,18.0115,22.3792
1783014300000,2026-07-02 17:45:00,17.8608,22.3792
1783015200000,2026-07-02 18:00:00,18.0707,22.3792
1783016100000,2026-07-02 18:15:00,18.1141,22.3792
1783017000000,2026-07-02 18:30:00,18.129,22.3792
1783017900000,2026-07-02 18:45:00,18.0586,22.3792
1783018800000,2026-07-02 19:00:00,18.0735,22.3792
1783019700000,2026-07-02 19:15:00,17.9737,22.3792
1783020600000,2026-07-02 19:30:00,18.0431,22.3792
1783021500000,2026-07-02 19:45:00,17.9988,22.3792
1783022400000,2026-07-02 20:00:00,18.0068,22.3792
1783023300000,2026-07-02 20:15:00,17.8878,22.3792
1783024200000,2026-07-02 20:30:00,17.9275,22.3792
1783025100000,2026-07-02 20:45:00,18.1668,22.3792
1783026000000,2026-07-02 21:00:00,18.1098,22.3792
1783026900000,2026-07-02 21:15:00,18.12,22.3792
1783027800000,2026-07-02 21:30:00,17.952,22.3792
1783028700000,2026-07-02 21:45:00,17.9975,22.3792
1783029600000,2026-07-02 22:00:00,17.9076,22.3792
1783030500000,2026-07-02 22:15:00,17.8825,22.3792
1783031400000,2026-07-02 22:30:00,17.867,22.3792
1783032300000,2026-07-02 22:45:00,17.8931,22.3792
1783033200000,2026-07-02 23:00:00,17.7709,22.3792
1783034100000,2026-07-02 23:15:00,17.9448,22.3792
1783035000000,2026-07-02 23:30:00,17.8881,22.3792
1783035900000,2026-07-02 23:45:00,18.0137,22.3792
1783036800000,2026-07-03 00:00:00,18.0112,22.3792
1783037700000,2026-07-03 00:15:00,17.9098,22.3792
1783038600000,2026-07-03 00:30:00,17.9607,22.3792
1783039500000,2026-07-03 00:45:00,17.8931,22.3792
1783040400000,2026-07-03 01:00:00,18.4346,22.3792
1783041300000,2026-07-03 01:15:00,18.261,22.1076
1783042200000,2026-07-03 01:30:00,18.5041,22.4212
1783043100000,2026-07-03 01:45:00,18.3742,22.2536
1783044000000,2026-07-03 02:00:00,18.2502,22.0936
1783044900000,2026-07-03 02:15:00,18.0549,21.8416
1783045800000,2026-07-03 02:30:00,18.0431,21.8264
1783046700000,2026-07-03 02:45:00,18.1426,21.9548
1783047600000,2026-07-03 03:00:00,18.0109,21.7848
1783048500000,2026-07-03 03:15:00,18.3382,22.2072
1783049400000,2026-07-03 03:30:00,18.1188,21.924
1783050300000,2026-07-03 03:45:00,18.1907,22.0168
1783051200000,2026-07-03 04:00:00,18.1972,22.0252
1783052100000,2026-07-03 04:15:00,18.1513,21.966
1783053000000,2026-07-03 04:30:00,18.2108,22.0428
1783053900000,2026-07-03 04:45:00,18.0961,21.8948
1783054800000,2026-07-03 05:00:00,18.2071,22.038
1783055700000,2026-07-03 05:15:00,18.3063,22.166
1783056600000,2026-07-03 05:30:00,18.4796,22.3896
1783057500000,2026-07-03 05:45:00,18.456,22.3592
1783058400000,2026-07-03 06:00:00,18.532,22.4572
1783059300000,2026-07-03 06:15:00,18.5131,22.4328
1783060200000,2026-07-03 06:30:00,18.4532,22.3556
1783061100000,2026-07-03 06:45:00,18.4917,22.4052
1783062000000,2026-07-03 07:00:00,18.4867,22.3988
1783062900000,2026-07-03 07:15:00,18.5422,22.4704
1783063800000,2026-07-03 07:30:00,18.5605,22.494
1783064700000,2026-07-03 07:45:00,18.5438,22.4724
1783065600000,2026-07-03 08:00:00,18.545,22.474
1783066500000,2026-07-03 08:15:00,18.6143,22.5634
1783067400000,2026-07-03 08:30:00,17.7036,21.736
1783068300000,2026-07-03 08:45:00,17.9905,21.504
1783069200000,2026-07-03 09:00:00,18.2081,21.7235
1783070100000,2026-07-03 09:15:00,18.2755,21.7971
1783071000000,2026-07-03 09:30:00,17.9941,21.4683
1783071900000,2026-07-03 09:45:00,18.0125,21.4945
1783072800000,2026-07-03 10:00:00,17.9218,21.4022
1783073700000,2026-07-03 10:15:00,18.0612,21.5668
1783074600000,2026-07-03 10:30:00,16.8034,20.8335
1783075500000,2026-07-03 10:45:00,16.7203,20.7297
1783076400000,2026-07-03 11:00:00,16.9807,21.0539
1783077300000,2026-07-03 11:15:00,16.838,20.8762
1783078200000,2026-07-03 11:30:00,16.4041,20.3357
1783079100000,2026-07-03 11:45:00,16.325,20.2374
1783080000000,2026-07-03 12:00:00,16.407,19.5394
1783080900000,2026-07-03 12:15:00,17.0213,20.0638
1783081800000,2026-07-03 12:30:00,17.0983,20.1529
1783082700000,2026-07-03 12:45:00,17.0343,20.0818
1783083600000,2026-07-03 13:00:00,16.8282,19.8429
1783084500000,2026-07-03 13:15:00,16.7863,19.8025
1783085400000,2026-07-03 13:30:00,16.9085,19.8606
1783086300000,2026-07-03 13:45:00,16.9599,19.9061
1783087200000,2026-07-03 14:00:00,17.245,19.9625
1783088100000,2026-07-03 14:15:00,17.2392,19.9475
1783089000000,2026-07-03 14:30:00,17.1989,19.9628
1783089900000,2026-07-03 14:45:00,17.0367,19.7782
1783090800000,2026-07-03 15:00:00,16.7839,19.5503
1783091700000,2026-07-03 15:15:00,16.891,19.5305
1783092600000,2026-07-03 15:30:00,16.9689,19.6167
1783093500000,2026-07-03 15:45:00,17.1538,19.7925
1783094400000,2026-07-03 16:00:00,17.2254,19.8186
1783095300000,2026-07-03 16:15:00,17.1273,19.8183
1783096200000,2026-07-03 16:30:00,17.281,19.9741
1783097100000,2026-07-03 16:45:00,17.3113,20.0266
1783098000000,2026-07-03 17:00:00,17.2291,19.9687
1783098900000,2026-07-03 17:15:00,17.2323,19.9898
1783099800000,2026-07-03 17:30:00,17.3531,20.2196
1783100700000,2026-07-03 17:45:00,17.3987,20.2221
1783101600000,2026-07-03 18:00:00,17.3632,20.155
1783102500000,2026-07-03 18:15:00,17.2826,20.0869
1783103400000,2026-07-03 18:30:00,17.1104,19.906
1783104300000,2026-07-03 18:45:00,17.0653,19.8433
1783105200000,2026-07-03 19:00:00,17.148,19.9134
1783106100000,2026-07-03 19:15:00,17.0812,20.0255
1783107000000,2026-07-03 19:30:00,17.0683,20.0376
1783107900000,2026-07-03 19:45:00,17.0465,20.0503
1783108800000,2026-07-03 20:00:00,16.9657,19.9156
1783109700000,2026-07-03 20:15:00,17.1152,20.0632
1783110600000,2026-07-03 20:30:00,17.456,20.5392
1783111500000,2026-07-03 20:45:00,17.3946,20.4673
1783112400000,2026-07-03 21:00:00,17.3778,20.4478
1783113300000,2026-07-03 21:15:00,17.3971,20.4692
1783114200000,2026-07-03 21:30:00,17.2804,20.331
1783115100000,2026-07-03 21:45:00,17.3594,20.0199
1783116000000,2026-07-03 22:00:00,17.5012,19.9311
1783116900000,2026-07-03 22:15:00,17.4666,19.9628
1783117800000,2026-07-03 22:30:00,17.3856,19.9349
1783118700000,2026-07-03 22:45:00,17.2996,19.9119
1783119600000,2026-07-03 23:00:00,17.471,19.9191
1783120500000,2026-07-03 23:15:00,17.4804,19.9272
1783121400000,2026-07-03 23:30:00,17.4854,19.9599
1783122300000,2026-07-03 23:45:00,17.4868,19.9216
1783123200000,2026-07-04 00:00:00,17.4401,19.9806
1783124100000,2026-07-04 00:15:00,17.3816,19.9346
1783125000000,2026-07-04 00:30:00,17.4245,19.9218
1783125900000,2026-07-04 00:45:00,17.3517,19.9324
1783126800000,2026-07-04 01:00:00,17.4396,19.7454
1783127700000,2026-07-04 01:15:00,17.4313,19.7646
1783128600000,2026-07-04 01:30:00,17.3941,19.7263
1783129500000,2026-07-04 01:45:00,17.3093,19.7366
1783130400000,2026-07-04 02:00:00,17.3062,19.7544
1783131300000,2026-07-04 02:15:00,17.3892,19.7376
1783132200000,2026-07-04 02:30:00,17.4457,19.7438
1783133100000,2026-07-04 02:45:00,17.4475,19.7637
1783134000000,2026-07-04 03:00:00,17.4074,19.7754
1783134900000,2026-07-04 03:15:00,17.3886,19.7585
1783135800000,2026-07-04 03:30:00,17.4055,19.8602
1783136700000,2026-07-04 03:45:00,17.4154,19.8447
1783137600000,2026-07-04 04:00:00,17.5019,19.8532
1783138500000,2026-07-04 04:15:00,17.3685,19.8464
1783139400000,2026-07-04 04:30:00,17.3331,19.9184
1783140300000,2026-07-04 04:45:00,17.4674,19.986
1783141200000,2026-07-04 05:00:00,17.4423,19.8942
1783142100000,2026-07-04 05:15:00,17.4817,19.8671
1783143000000,2026-07-04 05:30:00,17.3468,19.9239
1783143900000,2026-07-04 05:45:00,17.4051,19.884
1783144800000,2026-07-04 06:00:00,17.3894,19.8779
1783145700000,2026-07-04 06:15:00,17.4779,19.8518
1783146600000,2026-07-04 06:30:00,17.4425,19.8512
1783147500000,2026-07-04 06:45:00,17.4502,19.8599
1783148400000,2026-07-04 07:00:00,17.3604,19.8595
1783149300000,2026-07-04 07:15:00,17.3884,19.8753
1783150200000,2026-07-04 07:30:00,17.435,19.8849
1783151100000,2026-07-04 07:45:00,17.4229,19.9218
1783152000000,2026-07-04 08:00:00,17.4191,19.9522
1783152900000,2026-07-04 08:15:00,17.4725,19.9108
1783153800000,2026-07-04 08:30:00,17.5436,19.9713
1783154700000,2026-07-04 08:45:00,17.5286,19.9972
1783155600000,2026-07-04 09:00:00,17.6511,19.9706
1783156500000,2026-07-04 09:15:00,17.6719,19.9497
1783157400000,2026-07-04 09:30:00,17.651,19.8865
1783158300000,2026-07-04 09:45:00,17.6436,19.9202
1783159200000,2026-07-04 10:00:00,17.6843,19.9556
1783160100000,2026-07-04 10:15:00,17.5941,19.9403
1783161000000,2026-07-04 10:30:00,17.571,19.9322
1783161900000,2026-07-04 10:45:00,17.453,19.9376
1783162800000,2026-07-04 11:00:00,17.4913,19.9225
1783163700000,2026-07-04 11:15:00,17.4688,19.9196
1783164600000,2026-07-04 11:30:00,17.4226,19.9214
1783165500000,2026-07-04 11:45:00,17.4429,19.9191
1783166400000,2026-07-04 12:00:00,17.4725,19.9788
1783167300000,2026-07-04 12:15:00,17.416,20.0102
1783168200000,2026-07-04 12:30:00,17.4435,20.0292
1783169100000,2026-07-04 12:45:00,17.4935,20.0327
1783170000000,2026-07-04 13:00:00,17.4001,20.0001
1783170900000,2026-07-04 13:15:00,17.4462,20.1126
1783171800000,2026-07-04 13:30:00,17.4514,20.0222
1783172700000,2026-07-04 13:45:00,17.4916,20.0253
1783173600000,2026-07-04 14:00:00,17.5478,20.1551
1783174500000,2026-07-04 14:15:00,17.4973,20.1516
1783175400000,2026-07-04 14:30:00,17.4529,20.1378
1783176300000,2026-07-04 14:45:00,17.4238,20.1754
1783177200000,2026-07-04 15:00:00,17.5029,20.6359
1783178100000,2026-07-04 15:15:00,17.869,21.1898
1783179000000,2026-07-04 15:30:00,17.8577,21.2702
1783179900000,2026-07-04 15:45:00,17.8934,21.3708
1783180800000,2026-07-04 16:00:00,17.7732,21.2436
1783181700000,2026-07-04 16:15:00,17.8757,21.3625
1783182600000,2026-07-04 16:30:00,17.8108,21.28
1783183500000,2026-07-04 16:45:00,17.8208,21.2953
1783184400000,2026-07-04 17:00:00,17.5883,21.0294
1783185300000,2026-07-04 17:15:00,17.7372,21.1904
1783186200000,2026-07-04 17:30:00,17.7817,21.2302
1783187100000,2026-07-04 17:45:00,18.0039,21.4728
1783188000000,2026-07-04 18:00:00,18.0824,21.5606
1783188900000,2026-07-04 18:15:00,18.0765,21.5688
1783189800000,2026-07-04 18:30:00,17.9706,21.4422
1783190700000,2026-07-04 18:45:00,17.8631,21.3086
1783191600000,2026-07-04 19:00:00,17.8359,21.2813
1783192500000,2026-07-04 19:15:00,17.7609,21.1788
1783193400000,2026-07-04 19:30:00,17.8474,21.2838
1783194300000,2026-07-04 19:45:00,17.9545,21.4244
1783195200000,2026-07-04 20:00:00,17.9675,21.437
1783196100000,2026-07-04 20:15:00,17.9561,21.4418
1783197000000,2026-07-04 20:30:00,17.8665,21.3206
1783197900000,2026-07-04 20:45:00,17.9069,21.3762
1783198800000,2026-07-04 21:00:00,17.8106,21.2502
1783199700000,2026-07-04 21:15:00,17.768,21.1927
1783200600000,2026-07-04 21:30:00,17.8121,21.2533
1783201500000,2026-07-04 21:45:00,17.815,21.2576
1783202400000,2026-07-04 22:00:00,17.8226,21.2716
1783203300000,2026-07-04 22:15:00,17.922,21.398
1783204200000,2026-07-04 22:30:00,17.9479,21.4307
1783205100000,2026-07-04 22:45:00,17.8996,21.3715
1783206000000,2026-07-04 23:00:00,17.8648,21.362
1783206900000,2026-07-04 23:15:00,17.9267,21.4574
1783207800000,2026-07-04 23:30:00,17.9814,21.4133
1783208700000,2026-07-04 23:45:00,17.9544,21.5195
1783209600000,2026-07-05 00:00:00,17.8819,21.4875
1783210500000,2026-07-05 00:15:00,17.8689,21.5554
1783211400000,2026-07-05 00:30:00,17.878,21.5531
1783212300000,2026-07-05 00:45:00,17.8272,21.6391
1783213200000,2026-07-05 01:00:00,17.8142,21.6747
1783214100000,2026-07-05 01:15:00,17.7627,21.6447
1783215000000,2026-07-05 01:30:00,17.7128,21.5885
1783215900000,2026-07-05 01:45:00,17.7286,21.6064
1783216800000,2026-07-05 02:00:00,17.6195,21.4836
1783217700000,2026-07-05 02:15:00,17.6931,21.5664
1783218600000,2026-07-05 02:30:00,17.5936,21.4544
1783219500000,2026-07-05 02:45:00,17.6353,21.5014
1783220400000,2026-07-05 03:00:00,17.6734,21.5443
1783221300000,2026-07-05 03:15:00,17.5993,21.4609
1783222200000,2026-07-05 03:30:00,17.6374,21.5038
1783223100000,2026-07-05 03:45:00,17.6457,21.5131
1783224000000,2026-07-05 04:00:00,17.6969,21.5707
1783224900000,2026-07-05 04:15:00,17.7385,21.6175
1783225800000,2026-07-05 04:30:00,17.7953,21.6814
1783226700000,2026-07-05 04:45:00,17.743,21.6226
1783227600000,2026-07-05 05:00:00,17.7105,21.586
1783228500000,2026-07-05 05:15:00,17.6995,21.5736
1783229400000,2026-07-05 05:30:00,17.6566,21.5254
1783230300000,2026-07-05 05:45:00,17.7184,21.5948
1783231200000,2026-07-05 06:00:00,17.691,21.5641
1783232100000,2026-07-05 06:15:00,17.7038,21.5785
1783233000000,2026-07-05 06:30:00,17.7096,21.5849
1783233900000,2026-07-05 06:45:00,17.6977,21.5716
1783234800000,2026-07-05 07:00:00,17.6742,21.5452
1783235700000,2026-07-05 07:15:00,17.6713,21.5419
1783236600000,2026-07-05 07:30:00,17.743,21.6226
1783237500000,2026-07-05 07:45:00,17.782,21.6665
1783238400000,2026-07-05 08:00:00,17.7678,21.6505
1783239300000,2026-07-05 08:15:00,17.7406,21.6199
1783240200000,2026-07-05 08:30:00,17.7475,21.6276
1783241100000,2026-07-05 08:45:00,17.7444,21.6242
1783242000000,2026-07-05 09:00:00,17.723,21.6001
1783242900000,2026-07-05 09:15:00,17.6419,21.5088
1783243800000,2026-07-05 09:30:00,17.502,21.3497
1783244700000,2026-07-05 09:45:00,17.5932,21.3497
1783245600000,2026-07-05 10:00:00,17.6094,21.3497
1783246500000,2026-07-05 10:15:00,17.6056,21.3497
1783247400000,2026-07-05 10:30:00,17.6139,21.3497
1783248300000,2026-07-05 10:45:00,17.6473,21.3497
1783249200000,2026-07-05 11:00:00,17.6851,21.3497
1783250100000,2026-07-05 11:15:00,17.6116,21.3497
1783251000000,2026-07-05 11:30:00,17.6502,21.3497
1783251900000,2026-07-05 11:45:00,17.6256,21.3497
1783252800000,2026-07-05 12:00:00,17.6243,21.3497
1783253700000,2026-07-05 12:15:00,17.7232,21.3497
1783254600000,2026-07-05 12:30:00,17.6958,21.3497
1783255500000,2026-07-05 12:45:00,17.7035,21.3497
1783256400000,2026-07-05 13:00:00,17.7078,21.3497
1783257300000,2026-07-05 13:15:00,17.6793,21.3497
1783258200000,2026-07-05 13:30:00,17.7064,21.3497
1783259100000,2026-07-05 13:45:00,17.7232,21.3497
1783260000000,2026-07-05 14:00:00,17.742,21.3497
1783260900000,2026-07-05 14:15:00,17.7401,21.3497
1783261800000,2026-07-05 14:30:00,17.7633,21.3497
1783262700000,2026-07-05 14:45:00,17.822,21.3497
1783263600000,2026-07-05 15:00:00,17.8552,21.3804
1783264500000,2026-07-05 15:15:00,17.856,21.3822
1783265400000,2026-07-05 15:30:00,17.8036,21.2612
1783266300000,2026-07-05 15:45:00,17.8576,21.3859
1783267200000,2026-07-05 16:00:00,17.8465,21.3604
1783268100000,2026-07-05 16:15:00,17.8046,21.2634
1783269000000,2026-07-05 16:30:00,17.7963,21.2442
1783269900000,2026-07-05 16:45:00,17.8289,21.3197
1783270800000,2026-07-05 17:00:00,17.8899,21.4606
1783271700000,2026-07-05 17:15:00,17.9235,21.5383
1783272600000,2026-07-05 17:30:00,17.8888,21.4581
1783273500000,2026-07-05 17:45:00,17.9318,21.5576
1783274400000,2026-07-05 18:00:00,17.9203,21.5309
1783275300000,2026-07-05 18:15:00,17.9364,21.5683
1783276200000,2026-07-05 18:30:00,17.9566,21.6149
1783277100000,2026-07-05 18:45:00,17.9604,21.6238
1783278000000,2026-07-05 19:00:00,17.999,21.713
1783278900000,2026-07-05 19:15:00,17.9467,21.592
1783279800000,2026-07-05 19:30:00,17.9785,21.6656
1783280700000,2026-07-05 19:45:00,17.966,21.6368
1783281600000,2026-07-05 20:00:00,17.9614,21.626
1783282500000,2026-07-05 20:15:00,17.9043,21.4939
1783283400000,2026-07-05 20:30:00,17.9073,21.501
1783284300000,2026-07-05 20:45:00,17.8982,21.4799
1783285200000,2026-07-05 21:00:00,17.8363,21.3367
1783286100000,2026-07-05 21:15:00,17.9566,21.6149
1783287000000,2026-07-05 21:30:00,17.9899,21.6919
1783287900000,2026-07-05 21:45:00,18.0531,21.897
1783288800000,2026-07-05 22:00:00,18.1462,22.0076
1783289700000,2026-07-05 22:15:00,18.2939,22.183
1783290600000,2026-07-05 22:30:00,18.1012,21.9542
1783291500000,2026-07-05 22:45:00,18.1041,21.9576
1783292400000,2026-07-05 23:00:00,18.2817,22.1685
1783293300000,2026-07-05 23:15:00,18.1348,21.9941
1783294200000,2026-07-05 23:30:00,18.0977,21.95
1783295100000,2026-07-05 23:45:00,18.0364,21.8773
1783296000000,2026-07-06 00:00:00,18.05,21.8934
1783296900000,2026-07-06 00:15:00,17.9084,21.7253
1783297800000,2026-07-06 00:30:00,18.0747,21.9227
1783298700000,2026-07-06 00:45:00,18.158,22.0217
1783299600000,2026-07-06 01:00:00,18.1489,22.0108
1783300500000,2026-07-06 01:15:00,18.0984,21.9508
1783301400000,2026-07-06 01:30:00,18.1376,21.9973
1783302300000,2026-07-06 01:45:00,18.0422,21.8841
1783303200000,2026-07-06 02:00:00,17.9726,21.8015
1783304100000,2026-07-06 02:15:00,18.0252,21.864
1783305000000,2026-07-06 02:30:00,17.9604,21.787
1783305900000,2026-07-06 02:45:00,18.0014,21.8357
1783306800000,2026-07-06 03:00:00,17.982,21.8127
1783307700000,2026-07-06 03:15:00,17.8917,21.7222
1783308600000,2026-07-06 03:30:00,17.8917,21.6971
1783309500000,2026-07-06 03:45:00,17.8917,21.7604
1783310400000,2026-07-06 04:00:00,17.8917,21.7859
1783311300000,2026-07-06 04:15:00,17.8917,21.7256
1783312200000,2026-07-06 04:30:00,17.8917,21.8115
1783313100000,2026-07-06 04:45:00,17.8917,21.7245
1783314000000,2026-07-06 05:00:00,17.8917,21.6816
1783314900000,2026-07-06 05:15:00,17.8917,21.532
1783315800000,2026-07-06 05:30:00,17.8917,21.6253
1783316700000,2026-07-06 05:45:00,17.8917,21.6559
1783317600000,2026-07-06 06:00:00,17.8917,21.643
1783318500000,2026-07-06 06:15:00,17.8917,21.6263
1783319400000,2026-07-06 06:30:00,17.8917,21.6624
1783320300000,2026-07-06 06:45:00,17.8917,21.5672
1783321200000,2026-07-06 07:00:00,17.8917,21.5932
1783322100000,2026-07-06 07:15:00,17.8917,21.5917
1783323000000,2026-07-06 07:30:00,17.8917,21.6732
1783323900000,2026-07-06 07:45:00,17.8917,21.6179
1783324800000,2026-07-06 08:00:00,17.8917,21.636
1783325700000,2026-07-06 08:15:00,17.8917,21.6143
1783326600000,2026-07-06 08:30:00,17.8917,21.507
1783327500000,2026-07-06 08:45:00,17.8917,21.4954
1783328400000,2026-07-06 09:00:00,17.8917,21.4496
1783329300000,2026-07-06 09:15:00,17.8917,21.4363
1783330200000,2026-07-06 09:30:00,17.8917,21.3356
1783331100000,2026-07-06 09:45:00,17.8917,21.3616
1783332000000,2026-07-06 10:00:00,17.8917,21.5016
1783332900000,2026-07-06 10:15:00,17.8917,21.5197
1783333800000,2026-07-06 10:30:00,17.8917,21.6263
1783334700000,2026-07-06 10:45:00,17.8917,21.5951
1783335600000,2026-07-06 11:00:00,17.8917,21.5478
1783336500000,2026-07-06 11:15:00,17.8917,21.5607
1783337400000,2026-07-06 11:30:00,17.8917,21.6301
1783338300000,2026-07-06 11:45:00,17.8917,21.3726
1783339200000,2026-07-06 12:00:00,17.8917,21.0068
1783340100000,2026-07-06 12:15:00,17.8917,21.0068
1783341000000,2026-07-06 12:30:00,17.8917,21.0068
1783341900000,2026-07-06 12:45:00,17.8917,21.0068
1783342800000,2026-07-06 13:00:00,17.6803,20.7546
1783343700000,2026-07-06 13:15:00,17.6818,20.7564
1783344600000,2026-07-06 13:30:00,17.9711,21.1016
1783345500000,2026-07-06 13:45:00,17.9998,21.1354
1783346400000,2026-07-06 14:00:00,18.2435,21.4233
1783347300000,2026-07-06 14:15:00,18.743,22.0142
1783348200000,2026-07-06 14:30:00,18.7184,21.9853
1783349100000,2026-07-06 14:45:00,18.6565,21.9121
1783350000000,2026-07-06 15:00:00,18.9371,22.2446
1783350900000,2026-07-06 15:15:00,18.9505,22.2607
1783351800000,2026-07-06 15:30:00,19.3061,22.6818
1783352700000,2026-07-06 15:45:00,19.5296,22.9464
1783353600000,2026-07-06 16:00:00,19.9205,23.4103
1783354500000,2026-07-06 16:15:00,19.4544,22.8572
1783355400000,2026-07-06 16:30:00,19.7391,23.1949
1783356300000,2026-07-06 16:45:00,19.5202,22.936
1783357200000,2026-07-06 17:00:00,19.4799,22.8886
1783358100000,2026-07-06 17:15:00,19.5893,23.0183
1783359000000,2026-07-06 17:30:00,19.191,22.5467
1783359900000,2026-07-06 17:45:00,19.1656,22.5164
1783360800000,2026-07-06 18:00:00,19.2305,22.5932
1783361700000,2026-07-06 18:15:00,19.3634,22.7508
1783362600000,2026-07-06 18:30:00,19.4913,22.9022
1783363500000,2026-07-06 18:45:00,19.4455,22.8478
1783364400000,2026-07-06 19:00:00,19.601,23.032
1783365300000,2026-07-06 19:15:00,19.6704,23.1142
1783366200000,2026-07-06 19:30:00,19.5966,23.0269
1783367100000,2026-07-06 19:45:00,19.5137,22.9282
1783368000000,2026-07-06 20:00:00,19.3574,22.7428
1783368900000,2026-07-06 20:15:00,19.4879,22.8976
1783369800000,2026-07-06 20:30:00,19.8296,23.3012
1783370700000,2026-07-06 20:45:00,19.8235,23.294
1783371600000,2026-07-06 21:00:00,20.678,24.3088
1783372500000,2026-07-06 21:15:00,20.4074,23.9918
1783373400000,2026-07-06 21:30:00,20.4483,24.0397
1783374300000,2026-07-06 21:45:00,20.4728,24.0684
1783375200000,2026-07-06 22:00:00,20.4392,24.0291
1783376100000,2026-07-06 22:15:00,20.2719,23.8331
1783377000000,2026-07-06 22:30:00,20.2268,23.7802
1783377900000,2026-07-06 22:45:00,20.1662,23.7093
1783378800000,2026-07-06 23:00:00,20.2418,23.7978
1783379700000,2026-07-06 23:15:00,20.0672,23.5932
1783380600000,2026-07-06 23:30:00,19.9622,23.4702
1783381500000,2026-07-06 23:45:00,19.9317,23.4346
1783382400000,2026-07-07 00:00:00,19.8754,23.3686
1783383300000,2026-07-07 00:15:00,20.1501,23.6904
1783384200000,2026-07-07 00:30:00,19.9989,23.5133
1783385100000,2026-07-07 00:45:00,20.0703,23.5969
1783386000000,2026-07-07 01:00:00,19.7802,23.257
1783386900000,2026-07-07 01:15:00,19.6563,23.1119
1783387800000,2026-07-07 01:30:00,19.77,23.2451
1783388700000,2026-07-07 01:45:00,19.6857,23.1463
1783389600000,2026-07-07 02:00:00,19.6542,23.1094
1783390500000,2026-07-07 02:15:00,19.2352,22.8923
1783391400000,2026-07-07 02:30:00,19.3808,22.8923
1783392300000,2026-07-07 02:45:00,19.1915,22.8923
1783393200000,2026-07-07 03:00:00,19.1936,22.8923
1783394100000,2026-07-07 03:15:00,19.0333,22.8923
1783395000000,2026-07-07 03:30:00,18.9552,22.8923
1783395900000,2026-07-07 03:45:00,18.9158,22.8923
1783396800000,2026-07-07 04:00:00,18.9158,22.8923
1783397700000,2026-07-07 04:15:00,18.9158,22.8923
1783398600000,2026-07-07 04:30:00,18.9158,22.8923
1783399500000,2026-07-07 04:45:00,18.9158,22.8923
1783400400000,2026-07-07 05:00:00,18.9158,22.8923
1783401300000,2026-07-07 05:15:00,18.9158,22.8923
1783402200000,2026-07-07 05:30:00,18.9158,22.8923
1783403100000,2026-07-07 05:45:00,18.9158,22.8923
1783404000000,2026-07-07 06:00:00,18.9158,22.8923
1783404900000,2026-07-07 06:15:00,18.9158,22.8923
1783405800000,2026-07-07 06:30:00,18.9158,22.8923
1783406700000,2026-07-07 06:45:00,18.9158,22.8923
1783407600000,2026-07-07 07:00:00,18.9158,22.8923
1783408500000,2026-07-07 07:15:00,18.9158,22.8923
1783409400000,2026-07-07 07:30:00,18.9158,22.8923
1783410300000,2026-07-07 07:45:00,18.9158,22.8923
1783411200000,2026-07-07 08:00:00,18.9158,22.8923
1783412100000,2026-07-07 08:15:00,18.9158,22.8923
1783413000000,2026-07-07 08:30:00,18.9158,22.8923
1783413900000,2026-07-07 08:45:00,18.9158,22.8923
1783414800000,2026-07-07 09:00:00,18.9158,22.8923
1783415700000,2026-07-07 09:15:00,18.9158,22.8923
1783416600000,2026-07-07 09:30:00,18.9158,22.8923
1783417500000,2026-07-07 09:45:00,18.9158,22.8923
1783418400000,2026-07-07 10:00:00,18.9158,22.8923
1783419300000,2026-07-07 10:15:00,18.9158,22.8923
1783420200000,2026-07-07 10:30:00,18.9158,22.8923
1783421100000,2026-07-07 10:45:00,18.9158,22.8923
1783422000000,2026-07-07 11:00:00,18.9158,22.8923
1783422900000,2026-07-07 11:15:00,18.9158,22.8923
1783423800000,2026-07-07 11:30:00,18.9158,22.8923
1783424700000,2026-07-07 11:45:00,18.9158,22.8923
1783425600000,2026-07-07 12:00:00,18.9158,22.8923
1783426500000,2026-07-07 12:15:00,18.5465,22.4478
1783427400000,2026-07-07 12:30:00,18.4613,22.3426
1783428300000,2026-07-07 12:45:00,18.6292,22.5422
1783429200000,2026-07-07 13:00:00,18.7415,22.6743
1783430100000,2026-07-07 13:15:00,18.5333,22.4213
1783431000000,2026-07-07 13:30:00,18.698,22.6186
1783431900000,2026-07-07 13:45:00,18.5468,22.4348
1783432800000,2026-07-07 14:00:00,18.4044,22.262
1783433700000,2026-07-07 14:15:00,18.3857,22.2409
1783434600000,2026-07-07 14:30:00,18.4207,22.2827
1783435500000,2026-07-07 14:45:00,18.478,22.44
1783436400000,2026-07-07 15:00:00,18.3549,22.3066
1783437300000,2026-07-07 15:15:00,18.6362,22.5663
1783438200000,2026-07-07 15:30:00,17.6439,21.3791
1783439100000,2026-07-07 15:45:00,17.7063,21.4551
1783440000000,2026-07-07 16:00:00,17.6378,21.3716
1783440900000,2026-07-07 16:15:00,16.7011,20.4378
1783441800000,2026-07-07 16:30:00,16.7672,20.5493
1783442700000,2026-07-07 16:45:00,17.3061,20.5555
1783443600000,2026-07-07 17:00:00,17.2881,20.6019
1783444500000,2026-07-07 17:15:00,17.5563,20.6337
1783445400000,2026-07-07 17:30:00,17.3762,20.6789
1783446300000,2026-07-07 17:45:00,17.521,20.7207
1783447200000,2026-07-07 18:00:00,17.9683,20.5869
1783448100000,2026-07-07 18:15:00,17.9906,20.5247
1783449000000,2026-07-07 18:30:00,17.6376,20.6055
1783449900000,2026-07-07 18:45:00,18.1809,20.2393
1783450800000,2026-07-07 19:00:00,18.3503,20.1025
1783451700000,2026-07-07 19:15:00,18.3345,20.1723
1783452600000,2026-07-07 19:30:00,18.0675,20.3029
1783453500000,2026-07-07 19:45:00,18.2114,20.3191
1783454400000,2026-07-07 20:00:00,18.6516,20.2967
1783455300000,2026-07-07 20:15:00,18.623,20.2609
1783456200000,2026-07-07 20:30:00,18.5619,20.1845
1783457100000,2026-07-07 20:45:00,18.5692,20.1937
1783458000000,2026-07-07 21:00:00,18.6022,20.2349
1783458900000,2026-07-07 21:15:00,18.4788,20.0807
1783459800000,2026-07-07 21:30:00,18.4294,20.0189
1783460700000,2026-07-07 21:45:00,18.4015,19.9841
1783461600000,2026-07-07 22:00:00,18.4294,20.0189
1783462500000,2026-07-07 22:15:00,18.3868,19.9657
1783463400000,2026-07-07 22:30:00,18.4598,20.0569
1783464300000,2026-07-07 22:45:00,18.4268,20.0157
1783465200000,2026-07-07 23:00:00,18.4796,20.0817
1783466100000,2026-07-07 23:15:00,18.4999,20.1071
1783467000000,2026-07-07 23:30:00,18.3822,19.9599
1783467900000,2026-07-07 23:45:00,18.3668,19.9407
1783468800000,2026-07-08 00:00:00,18.4167,20.0031
1783469700000,2026-07-08 00:15:00,18.4993,20.1063
1783470600000,2026-07-08 00:30:00,18.5494,20.1689
1783471500000,2026-07-08 00:45:00,18.5116,20.1217
1783472400000,2026-07-08 01:00:00,18.4995,20.1065
1783473300000,2026-07-08 01:15:00,18.3883,19.9675
1783474200000,2026-07-08 01:30:00,18.1694,19.6802
1783475100000,2026-07-08 01:45:00,18.1179,19.6802
1783476000000,2026-07-08 02:00:00,18.0443,19.6802
1783476900000,2026-07-08 02:15:00,18.0551,19.6802
1783477800000,2026-07-08 02:30:00,18.1041,19.7429
1783478700000,2026-07-08 02:45:00,18.1463,19.8327
1783479600000,2026-07-08 03:00:00,18.2172,19.9833
1783480500000,2026-07-08 03:15:00,18.2367,20.0248
1783481400000,2026-07-08 03:30:00,18.1447,19.8293
1783482300000,2026-07-08 03:45:00,18.0486,19.6249
1783483200000,2026-07-08 04:00:00,18.0835,19.699
1783484100000,2026-07-08 04:15:00,18.139,19.817
1783485000000,2026-07-08 04:30:00,18.0875,19.7075
1783485900000,2026-07-08 04:45:00,18.1255,19.7885
1783486800000,2026-07-08 05:00:00,18.1249,19.7871
1783487700000,2026-07-08 05:15:00,18.1171,19.7704
1783488600000,2026-07-08 05:30:00,18.0639,19.6576
1783489500000,2026-07-08 05:45:00,18.0895,19.712
1783490400000,2026-07-08 06:00:00,18.0603,19.6497
1783491300000,2026-07-08 06:15:00,18.047,19.6215
1783492200000,2026-07-08 06:30:00,17.9894,19.4991
1783493100000,2026-07-08 06:45:00,18.0523,19.6327
1783494000000,2026-07-08 07:00:00,18.0409,19.6086
1783494900000,2026-07-08 07:15:00,18.0726,19.6759
1783495800000,2026-07-08 07:30:00,18.1044,19.7436
1783496700000,2026-07-08 07:45:00,18.1279,19.7936
1783497600000,2026-07-08 08:00:00,18.1414,19.8221
1783498500000,2026-07-08 08:15:00,17.7204,18.9276
1783499400000,2026-07-08 08:30:00,17.7606,19.0129
1783500300000,2026-07-08 08:45:00,17.7923,19.0802
1783501200000,2026-07-08 09:00:00,17.7563,19.0037
1783502100000,2026-07-08 09:15:00,17.7847,19.0643
1783503000000,2026-07-08 09:30:00,17.8761,19.2584
1783503900000,2026-07-08 09:45:00,17.8009,19.0986
1783504800000,2026-07-08 10:00:00,17.8003,19.0972
1783505700000,2026-07-08 10:15:00,17.863,19.2305
1783506600000,2026-07-08 10:30:00,17.8759,19.2581
1783507500000,2026-07-08 10:45:00,17.8032,19.159
1783508400000,2026-07-08 11:00:00,17.4717,18.785
1783509300000,2026-07-08 11:15:00,17.505,18.8324
1783510200000,2026-07-08 11:30:00,17.944,19.4231
1783511100000,2026-07-08 11:45:00,17.8599,19.3681
1783512000000,2026-07-08 12:00:00,17.8167,19.3165
1783512900000,2026-07-08 12:15:00,17.8651,19.3621
1783513800000,2026-07-08 12:30:00,17.5184,18.9417
1783514700000,2026-07-08 12:45:00,17.1877,18.4979
1783515600000,2026-07-08 13:00:00,17.4109,18.7548
1783516500000,2026-07-08 13:15:00,16.8235,17.9926
1783517400000,2026-07-08 13:30:00,17.4594,18.0814
1783518300000,2026-07-08 13:45:00,17.424,17.9784
1783519200000,2026-07-08 14:00:00,17.3215,17.8359
1783520100000,2026-07-08 14:15:00,17.0544,17.5194
1783521000000,2026-07-08 14:30:00,16.5974,17.0102
1783521900000,2026-07-08 14:45:00,16.7874,17.2002
1783522800000,2026-07-08 15:00:00,16.2207,16.3652
1783523700000,2026-07-08 15:15:00,15.8649,16.3376
1783524600000,2026-07-08 15:30:00,15.9024,16.2698
1783525500000,2026-07-08 15:45:00,15.9542,16.1758
1783526400000,2026-07-08 16:00:00,16.015,16.0656
1783527300000,2026-07-08 16:15:00,16.0865,15.936
1783528200000,2026-07-08 16:30:00,16.1611,15.8008
1783529100000,2026-07-08 16:45:00,16.1707,15.7834
1783530000000,2026-07-08 17:00:00,16.1313,15.8548
1783530900000,2026-07-08 17:15:00,16.2788,15.5874
1783531800000,2026-07-08 17:30:00,16.2416,15.655
1783532700000,2026-07-08 17:45:00,16.1174,15.88
1783533600000,2026-07-08 18:00:00,16.2292,15.6773
1783534500000,2026-07-08 18:15:00,16.1801,15.7663
1783535400000,2026-07-08 18:30:00,16.1073,15.8983
1783536300000,2026-07-08 18:45:00,16.188,15.7521
1783537200000,2026-07-08 19:00:00,16.1376,15.8435
1783538100000,2026-07-08 19:15:00,16.2016,15.7275
1783539000000,2026-07-08 19:30:00,16.2368,15.6637
1783539900000,2026-07-08 19:45:00,16.2464,15.6463
1783540800000,2026-07-08 20:00:00,16.1974,15.735
1783541700000,2026-07-08 20:15:00,16.2164,15.7005
1783542600000,2026-07-08 20:30:00,16.1923,15.7443
1783543500000,2026-07-08 20:45:00,16.1724,15.7803
1783544400000,2026-07-08 21:00:00,16.1163,15.882
1783545300000,2026-07-08 21:15:00,16.1528,15.8159
1783546200000,2026-07-08 21:30:00,16.1507,15.8197
1783547100000,2026-07-08 21:45:00,16.1992,15.7318
1783548000000,2026-07-08 22:00:00,16.2016,15.7275
1783548900000,2026-07-08 22:15:00,16.2236,15.6875
1783549800000,2026-07-08 22:30:00,16.2315,15.6732
1783550700000,2026-07-08 22:45:00,16.2489,15.6416
1783551600000,2026-07-08 23:00:00,16.2592,15.6231
1783552500000,2026-07-08 23:15:00,16.2387,15.6602
1783553400000,2026-07-08 23:30:00,16.2616,15.6187
1783554300000,2026-07-08 23:45:00,16.2838,15.5784
1783555200000,2026-07-09 00:00:00,16.2769,15.5909
1783556100000,2026-07-09 00:15:00,16.243,15.6271
1783557000000,2026-07-09 00:30:00,16.243,15.6721
1783557900000,2026-07-09 00:45:00,16.243,15.7315
1783558800000,2026-07-09 01:00:00,16.243,15.419
1783559700000,2026-07-09 01:15:00,16.243,15.419
1783560600000,2026-07-09 01:30:00,16.243,15.419
1783561500000,2026-07-09 01:45:00,16.243,15.419
1783562400000,2026-07-09 02:00:00,16.243,15.419
1783563300000,2026-07-09 02:15:00,16.243,15.419
1783564200000,2026-07-09 02:30:00,16.243,15.419
1783565100000,2026-07-09 02:45:00,16.1862,15.3662
1783566000000,2026-07-09 03:00:00,16.1709,15.3519
1783566900000,2026-07-09 03:15:00,16.1274,15.3114
1783567800000,2026-07-09 03:30:00,16.0876,15.2744
1783568700000,2026-07-09 03:45:00,16.0879,15.2746
1783569600000,2026-07-09 04:00:00,16.072,15.2598
1783570500000,2026-07-09 04:15:00,16.0027,15.1953
1783571400000,2026-07-09 04:30:00,15.8075,15.0136
1783572300000,2026-07-09 04:45:00,15.746,14.9563
1783573200000,2026-07-09 05:00:00,15.688,14.9023
1783574100000,2026-07-09 05:15:00,15.833,15.0373
1783575000000,2026-07-09 05:30:00,15.7373,14.9482
1783575900000,2026-07-09 05:45:00,15.543,14.7673
1783576800000,2026-07-09 06:00:00,15.592,14.8129
1783577700000,2026-07-09 06:15:00,15.4401,14.6715
1783578600000,2026-07-09 06:30:00,15.3783,14.614
1783579500000,2026-07-09 06:45:00,15.3742,14.6102
1783580400000,2026-07-09 07:00:00,15.4148,14.5335
1783581300000,2026-07-09 07:15:00,15.4531,14.5335
1783582200000,2026-07-09 07:30:00,15.351,14.5335
1783583100000,2026-07-09 07:45:00,15.4334,14.5335
1783584000000,2026-07-09 08:00:00,15.3983,14.5335
1783584900000,2026-07-09 08:15:00,15.2919,14.5335
1783585800000,2026-07-09 08:30:00,15.2962,14.5335
1783586700000,2026-07-09 08:45:00,15.4018,14.5335
1783587600000,2026-07-09 09:00:00,15.4508,14.5335
1783588500000,2026-07-09 09:15:00,15.4192,14.5335
1783589400000,2026-07-09 09:30:00,15.5265,14.5335
1783590300000,2026-07-09 09:45:00,15.36,14.5335
1783591200000,2026-07-09 10:00:00,15.3681,14.5335
1783592100000,2026-07-09 10:15:00,15.4496,14.5335
1783593000000,2026-07-09 10:30:00,15.4499,14.5335
1783593900000,2026-07-09 10:45:00,15.6367,14.5335
1783594800000,2026-07-09 11:00:00,15.5766,14.5335
1783595700000,2026-07-09 11:15:00,15.7472,14.5335
1783596600000,2026-07-09 11:30:00,15.7533,14.5072
1783597500000,2026-07-09 11:45:00,15.7031,14.4623
1783598400000,2026-07-09 12:00:00,15.7999,14.5491
1783599300000,2026-07-09 12:15:00,15.7872,14.5377
1783600200000,2026-07-09 12:30:00,15.8556,14.599
1783601100000,2026-07-09 12:45:00,15.7721,14.5241
1783602000000,2026-07-09 13:00:00,15.5627,14.3364
1783602900000,2026-07-09 13:15:00,15.7028,14.462
1783603800000,2026-07-09 13:30:00,15.6416,14.4071
1783604700000,2026-07-09 13:45:00,15.6114,14.3801
1783605600000,2026-07-09 14:00:00,15.7483,14.5028
1783606500000,2026-07-09 14:15:00,15.8081,14.5564
1783607400000,2026-07-09 14:30:00,15.7872,14.5377
1783608300000,2026-07-09 14:45:00,15.7248,14.4818
1783609200000,2026-07-09 15:00:00,15.6625,14.4259
1783610100000,2026-07-09 15:15:00,15.7408,14.4961
1783611000000,2026-07-09 15:30:00,15.7878,14.5382
1783611900000,2026-07-09 15:45:00,15.8353,14.5808
1783612800000,2026-07-09 16:00:00,15.8579,14.6011
1783613700000,2026-07-09 16:15:00,15.9307,14.6664
1783614600000,2026-07-09 16:30:00,15.8623,14.605
1783615500000,2026-07-09 16:45:00,15.8472,14.5915
1783616400000,2026-07-09 17:00:00,15.8307,14.5767
1783617300000,2026-07-09 17:15:00,15.7379,14.4935
1783618200000,2026-07-09 17:30:00,15.5346,14.3112
1783619100000,2026-07-09 17:45:00,15.57,14.3429
1783620000000,2026-07-09 18:00:00,15.342,14.1386
1783620900000,2026-07-09 18:15:00,15.3896,14.1812
1783621800000,2026-07-09 18:30:00,15.1853,13.993
1783622700000,2026-07-09 18:45:00,14.9644,13.7878
1783623600000,2026-07-09 19:00:00,15.7332,14.4935
1783624500000,2026-07-09 19:15:00,15.4386,14.223
1783625400000,2026-07-09 19:30:00,15.5032,14.284
1783626300000,2026-07-09 19:45:00,16.0631,14.7966
1783627200000,2026-07-09 20:00:00,16.1208,14.8481
1783628100000,2026-07-09 20:15:00,16.0539,14.7877
1783629000000,2026-07-09 20:30:00,15.7983,14.554
1783629900000,2026-07-09 20:45:00,15.9778,14.7183
1783630800000,2026-07-09 21:00:00,15.9501,14.6923
1783631700000,2026-07-09 21:15:00,16.1233,14.8506
1783632600000,2026-07-09 21:30:00,16.0263,14.761
1783633500000,2026-07-09 21:45:00,15.8927,14.6396
1783634400000,2026-07-09 22:00:00,16.0442,14.7789
1783635300000,2026-07-09 22:15:00,16.0566,14.791
1783636200000,2026-07-09 22:30:00,16.0213,14.7591
1783637100000,2026-07-09 22:45:00,16.2797,14.9951
1783638000000,2026-07-09 23:00:00,16.3237,15.0347
1783638900000,2026-07-09 23:15:00,16.4627,15.1626
1783639800000,2026-07-09 23:30:00,16.4433,15.1452
1783640700000,2026-07-09 23:45:00,16.4963,15.1928
1783641600000,2026-07-10 00:00:00,16.4952,15.1918
1783642500000,2026-07-10 00:15:00,16.5848,15.2721
1783643400000,2026-07-10 00:30:00,16.6173,15.3012
1783644300000,2026-07-10 00:45:00,16.5543,15.2448
1783645200000,2026-07-10 01:00:00,16.5613,15.251
1783646100000,2026-07-10 01:15:00,16.3345,15.0477
1783647000000,2026-07-10 01:30:00,16.367,15.0768
1783647900000,2026-07-10 01:45:00,15.8366,14.4315
1783648800000,2026-07-10 02:00:00,15.809,14.4315
1783649700000,2026-07-10 02:15:00,15.8653,14.4315
1783650600000,2026-07-10 02:30:00,15.7963,14.3372
1783651500000,2026-07-10 02:45:00,15.6627,14.2405
1783652400000,2026-07-10 03:00:00,15.6627,14.254
1783653300000,2026-07-10 03:15:00,15.6627,14.2993
1783654200000,2026-07-10 03:30:00,15.6627,14.1612
1783655100000,2026-07-10 03:45:00,15.6627,14.1547
1783656000000,2026-07-10 04:00:00,15.6627,14.0725
1783656900000,2026-07-10 04:15:00,15.6627,14.2145
1783657800000,2026-07-10 04:30:00,15.6627,14.1654
1783658700000,2026-07-10 04:45:00,15.6627,14.194
1783659600000,2026-07-10 05:00:00,15.6627,14.2522
1783660500000,2026-07-10 05:15:00,15.6627,14.2215
1783661400000,2026-07-10 05:30:00,15.6627,14.0814
1783662300000,2026-07-10 05:45:00,15.6627,14.0832
1783663200000,2026-07-10 06:00:00,15.6627,14.1108
1783664100000,2026-07-10 06:15:00,16.0865,14.7128
1783665000000,2026-07-10 06:30:00,16.0489,14.6051
1783665900000,2026-07-10 06:45:00,15.9671,14.5795
1783666800000,2026-07-10 07:00:00,15.8059,14.3519
1783667700000,2026-07-10 07:15:00,15.914,14.3977
1783668600000,2026-07-10 07:30:00,15.8581,14.4442
1783669500000,2026-07-10 07:45:00,15.9483,14.5038
1783670400000,2026-07-10 08:00:00,15.9178,14.3997
1783671300000,2026-07-10 08:15:00,15.9295,14.1556
1783672200000,2026-07-10 08:30:00,15.8281,14.1152
1783673100000,2026-07-10 08:45:00,15.8383,14.2038
1783674000000,2026-07-10 09:00:00,15.8407,14.2548
1783674900000,2026-07-10 09:15:00,15.844,13.9862
1783675800000,2026-07-10 09:30:00,15.8885,13.7935
1783676700000,2026-07-10 09:45:00,16.0058,13.9161
1783677600000,2026-07-10 10:00:00,15.9859,14.0147
1783678500000,2026-07-10 10:15:00,16.1075,13.6438
1783679400000,2026-07-10 10:30:00,16.1793,13.6799
1783680300000,2026-07-10 10:45:00,16.1949,13.6944
1783681200000,2026-07-10 11:00:00,16.2103,13.7095
1783682100000,2026-07-10 11:15:00,16.1862,13.6861
1783683000000,2026-07-10 11:30:00,16.2961,13.7914
1783683900000,2026-07-10 11:45:00,16.3324,13.8267
1783684800000,2026-07-10 12:00:00,16.2467,13.7539
1783685700000,2026-07-10 12:15:00,16.1599,13.6236
1783686600000,2026-07-10 12:30:00,16.1534,13.5388
1783687500000,2026-07-10 12:45:00,16.2127,13.588
1783688400000,2026-07-10 13:00:00,16.1026,13.4877
1783689300000,2026-07-10 13:15:00,16.1384,13.5371
1783690200000,2026-07-10 13:30:00,15.9414,13.3352
1783691100000,2026-07-10 13:45:00,16.0875,13.396
1783692000000,2026-07-10 14:00:00,16.0628,13.1233
1783692900000,2026-07-10 14:15:00,15.8715,13.0081
1783693800000,2026-07-10 14:30:00,15.9066,12.9834
1783694700000,2026-07-10 14:45:00,15.9526,12.9072
1783695600000,2026-07-10 15:00:00,15.8819,12.9829
1783696500000,2026-07-10 15:15:00,16.0138,13.1379
1783697400000,2026-07-10 15:30:00,16.1968,12.9863
1783698300000,2026-07-10 15:45:00,16.201,13.0692
1783699200000,2026-07-10 16:00:00,16.1408,13.1267
1783700100000,2026-07-10 16:15:00,16.0121,13.0736
1783701000000,2026-07-10 16:30:00,15.9631,13.043
1783701900000,2026-07-10 16:45:00,16.0768,13.2296
1783702800000,2026-07-10 17:00:00,16.1373,13.0872
1783703700000,2026-07-10 17:15:00,16.1743,13.1269
1783704600000,2026-07-10 17:30:00,16.2047,13.0193
1783705500000,2026-07-10 17:45:00,16.1757,12.9899
1783706400000,2026-07-10 18:00:00,16.2399,13.0175
1783707300000,2026-07-10 18:15:00,16.203,13.0424
1783708200000,2026-07-10 18:30:00,16.112,13.0027
1783709100000,2026-07-10 18:45:00,16.1219,12.9049
1783710000000,2026-07-10 19:00:00,16.0049,12.98
1783710900000,2026-07-10 19:15:00,16.0437,12.9884
1783711800000,2026-07-10 19:30:00,16.0582,13.1906
1783712700000,2026-07-10 19:45:00,16.0052,13.1046
1783713600000,2026-07-10 20:00:00,16.0755,13.1103
1783714500000,2026-07-10 20:15:00,16.0818,13.0731
1783715400000,2026-07-10 20:30:00,16.0128,13.0872
1783716300000,2026-07-10 20:45:00,16.0285,13.0378
1783717200000,2026-07-10 21:00:00,16.0367,13.0924
1783718100000,2026-07-10 21:15:00,16.1385,13.1259
1783719000000,2026-07-10 21:30:00,16.2772,13.181
1783719900000,2026-07-10 21:45:00,16.3321,13.1477
1783720800000,2026-07-10 22:00:00,16.2905,13.1909
1783721700000,2026-07-10 22:15:00,16.2974,13.168
1783722600000,2026-07-10 22:30:00,16.3178,13.1316
1783723500000,2026-07-10 22:45:00,16.2757,13.1678
1783724400000,2026-07-10 23:00:00,16.3397,13.1984
1783725300000,2026-07-10 23:15:00,16.3367,13.1904
1783726200000,2026-07-10 23:30:00,16.3407,13.1951
1783727100000,2026-07-10 23:45:00,16.3636,13.2133
1783728000000,2026-07-11 00:00:00,16.4006,13.1308
1783728900000,2026-07-11 00:15:00,16.4755,13.1303
1783729800000,2026-07-11 00:30:00,16.2858,13.1324
1783730700000,2026-07-11 00:45:00,16.3138,13.1233
1783731600000,2026-07-11 01:00:00,16.3511,13.1306
1783732500000,2026-07-11 01:15:00,16.408,13.1865
1783733400000,2026-07-11 01:30:00,16.2278,13.0248
1783734300000,2026-07-11 01:45:00,16.0794,13.0102
1783735200000,2026-07-11 02:00:00,16.0991,13.0388
1783736100000,2026-07-11 02:15:00,16.0512,13.0791
1783737000000,2026-07-11 02:30:00,16.0667,13.162
1783737900000,2026-07-11 02:45:00,15.9558,13.1847
1783738800000,2026-07-11 03:00:00,16.0801,13.2156
1783739700000,2026-07-11 03:15:00,16.2138,13.168
1783740600000,2026-07-11 03:30:00,16.1965,13.2179
1783741500000,2026-07-11 03:45:00,16.1971,13.2034
1783742400000,2026-07-11 04:00:00,16.2097,13.2172
1783743300000,2026-07-11 04:15:00,16.2316,13.2099
1783744200000,2026-07-11 04:30:00,16.238,13.2348
1783745100000,2026-07-11 04:45:00,16.2754,13.2083
1783746000000,2026-07-11 05:00:00,16.245,13.2382
1783746900000,2026-07-11 05:15:00,16.2302,13.2762
1783747800000,2026-07-11 05:30:00,16.2705,13.2481
1783748700000,2026-07-11 05:45:00,16.2713,13.2801
1783749600000,2026-07-11 06:00:00,16.2875,13.2499
1783750500000,2026-07-11 06:15:00,16.3237,13.2962
1783751400000,2026-07-11 06:30:00,16.375,13.298
1783752300000,2026-07-11 06:45:00,16.3869,13.2749
1783753200000,2026-07-11 07:00:00,16.3833,13.2944
1783754100000,2026-07-11 07:15:00,16.3952,13.3191
1783755000000,2026-07-11 07:30:00,16.3719,13.3071
1783755900000,2026-07-11 07:45:00,16.4043,13.2923
1783756800000,2026-07-11 08:00:00,16.4037,13.3391
1783757700000,2026-07-11 08:15:00,16.3501,13.3269
1783758600000,2026-07-11 08:30:00,16.3851,13.3596
1783759500000,2026-07-11 08:45:00,16.3259,13.3352
1783760400000,2026-07-11 09:00:00,16.253,13.2593
1783761300000,2026-07-11 09:15:00,16.2448,13.2902
1783762200000,2026-07-11 09:30:00,16.3695,13.2775
1783763100000,2026-07-11 09:45:00,16.3424,13.18
1783764000000,2026-07-11 10:00:00,16.3978,13.2278
1783764900000,2026-07-11 10:15:00,16.2261,13.2642
1783765800000,2026-07-11 10:30:00,16.2098,13.2426
1783766700000,2026-07-11 10:45:00,16.1459,13.2549
1783767600000,2026-07-11 11:00:00,16.1524,13.2731
1783768500000,2026-07-11 11:15:00,16.1664,13.272
1783769400000,2026-07-11 11:30:00,16.2153,13.2939
1783770300000,2026-07-11 11:45:00,16.0888,13.3061
1783771200000,2026-07-11 12:00:00,16.1709,13.3066
1783772100000,2026-07-11 12:15:00,16.1995,13.2978
1783773000000,2026-07-11 12:30:00,16.2096,13.2772
1783773900000,2026-07-11 12:45:00,16.1698,13.3019
1783774800000,2026-07-11 13:00:00,16.1975,13.3019
1783775700000,2026-07-11 13:15:00,16.2264,13.3373
1783776600000,2026-07-11 13:30:00,16.3142,13.3877
1783777500000,2026-07-11 13:45:00,16.302,13.3677
1783778400000,2026-07-11 14:00:00,16.2407,13.3664
1783779300000,2026-07-11 14:15:00,16.1736,13.4548
1783780200000,2026-07-11 14:30:00,16.347,13.7251
1783781100000,2026-07-11 14:45:00,16.2623,13.6731
1783782000000,2026-07-11 15:00:00,16.3713,13.8145
1783782900000,2026-07-11 15:15:00,16.3738,13.8522
1783783800000,2026-07-11 15:30:00,16.3835,13.6932
1783784700000,2026-07-11 15:45:00,16.3603,13.7292
1783785600000,2026-07-11 16:00:00,16.3996,13.729
1783786500000,2026-07-11 16:15:00,16.4456,13.7896
1783787400000,2026-07-11 16:30:00,16.4695,13.7708
1783788300000,2026-07-11 16:45:00,16.4459,13.8375
1783789200000,2026-07-11 17:00:00,16.3846,13.802
1783790100000,2026-07-11 17:15:00,16.3462,13.8282
1783791000000,2026-07-11 17:30:00,16.357,13.8793
1783791900000,2026-07-11 17:45:00,16.3914,13.8545
1783792800000,2026-07-11 18:00:00,16.2811,13.8507
1783793700000,2026-07-11 18:15:00,16.1829,13.8724
1783794600000,2026-07-11 18:30:00,16.2165,13.9036
1783795500000,2026-07-11 18:45:00,16.1856,13.8749
1783796400000,2026-07-11 19:00:00,16.3854,14.0664
1783797300000,2026-07-11 19:15:00,16.397,14.0794
1783798200000,2026-07-11 19:30:00,16.3061,13.9919
1783799100000,2026-07-11 19:45:00,16.3285,14.0121
1783800000000,2026-07-11 20:00:00,16.3512,14.0336
1783800900000,2026-07-11 20:15:00,16.1912,13.8803
1783801800000,2026-07-11 20:30:00,15.6993,13.4216
1783802700000,2026-07-11 20:45:00,15.8176,13.5135
1783803600000,2026-07-11 21:00:00,15.0569,13.0258
1783804500000,2026-07-11 21:15:00,15.1324,13.0133
1783805400000,2026-07-11 21:30:00,15.4172,13.2189
1783806300000,2026-07-11 21:45:00,15.4327,13.2415
1783807200000,2026-07-11 22:00:00,15.45,13.2392
1783808100000,2026-07-11 22:15:00,15.7094,13.3251
1783809000000,2026-07-11 22:30:00,15.7321,13.3616
1783809900000,2026-07-11 22:45:00,15.9314,13.4342
1783810800000,2026-07-11 23:00:00,15.9996,13.3973
1783811700000,2026-07-11 23:15:00,16.3664,13.3944
1783812600000,2026-07-11 23:30:00,16.6819,13.3385
1783813500000,2026-07-11 23:45:00,16.8006,13.2891
1783814400000,2026-07-12 00:00:00,16.9032,13.2446
1783815300000,2026-07-12 00:15:00,16.7661,13.293
1783816200000,2026-07-12 00:30:00,16.8639,13.2785
1783817100000,2026-07-12 00:45:00,16.9147,13.3089
1783818000000,2026-07-12 01:00:00,17.1099,13.3648
1783818900000,2026-07-12 01:15:00,17.319,13.462
1783819800000,2026-07-12 01:30:00,17.4723,13.5409
1783820700000,2026-07-12 01:45:00,17.4692,13.538
1783821600000,2026-07-12 02:00:00,17.4278,13.4995
1783822500000,2026-07-12 02:15:00,17.4527,13.5227
1783823400000,2026-07-12 02:30:00,17.4526,13.5225
1783824300000,2026-07-12 02:45:00,17.446,13.5164
1783825200000,2026-07-12 03:00:00,17.4579,13.5275
1783826100000,2026-07-12 03:15:00,17.4783,13.5465
1783827000000,2026-07-12 03:30:00,17.5184,13.5836
1783827900000,2026-07-12 03:45:00,17.539,13.6027
1783828800000,2026-07-12 04:00:00,17.522,13.587
1783829700000,2026-07-12 04:15:00,17.5125,13.5782
1783830600000,2026-07-12 04:30:00,17.493,13.5601
1783831500000,2026-07-12 04:45:00,17.4582,13.5277
1783832400000,2026-07-12 05:00:00,17.4398,13.5107
1783833300000,2026-07-12 05:15:00,17.399,13.4727
1783834200000,2026-07-12 05:30:00,17.4484,13.5186
1783835100000,2026-07-12 05:45:00,17.4194,13.4917
1783836000000,2026-07-12 06:00:00,17.2815,13.3637
1783836900000,2026-07-12 06:15:00,17.2461,13.3308
1783837800000,2026-07-12 06:30:00,17.2949,13.3762
1783838700000,2026-07-12 06:45:00,17.3071,13.3875
1783839600000,2026-07-12 07:00:00,17.346,13.4236
1783840500000,2026-07-12 07:15:00,17.334,13.4124
1783841400000,2026-07-12 07:30:00,17.3378,13.4159
1783842300000,2026-07-12 07:45:00,17.3591,13.4357
1783843200000,2026-07-12 08:00:00,17.4807,13.5487
1783844100000,2026-07-12 08:15:00,17.4298,13.5013
1783845000000,2026-07-12 08:30:00,17.4449,13.5154
1783845900000,2026-07-12 08:45:00,17.4473,13.5176
1783846800000,2026-07-12 09:00:00,17.3873,13.462
1783847700000,2026-07-12 09:15:00,17.3686,13.4445
1783848600000,2026-07-12 09:30:00,17.4268,13.4986
1783849500000,2026-07-12 09:45:00,17.4095,13.4825
1783850400000,2026-07-12 10:00:00,17.3883,13.4629
1783851300000,2026-07-12 10:15:00,17.3855,13.4603
1783852200000,2026-07-12 10:30:00,17.3757,13.4512
1783853100000,2026-07-12 10:45:00,17.3686,13.4445
1783854000000,2026-07-12 11:00:00,17.3507,13.4279
1783854900000,2026-07-12 11:15:00,17.3906,13.4649
1783855800000,2026-07-12 11:30:00,17.4599,13.5293
1783856700000,2026-07-12 11:45:00,17.4292,13.5008
1783857600000,2026-07-12 12:00:00,17.4734,13.5419
1783858500000,2026-07-12 12:15:00,17.4814,13.5493
1783859400000,2026-07-12 12:30:00,17.4613,13.5306
1783860300000,2026-07-12 12:45:00,17.4737,13.5422
1783861200000,2026-07-12 13:00:00,17.4858,13.5533
1783862100000,2026-07-12 13:15:00,17.4831,13.5509
1783863000000,2026-07-12 13:30:00,17.4817,13.5496
1783863900000,2026-07-12 13:45:00,17.4578,13.5273
1783864800000,2026-07-12 14:00:00,17.4372,13.5082
1783865700000,2026-07-12 14:15:00,17.4545,13.5244
1783866600000,2026-07-12 14:30:00,17.5104,13.5762
1783867500000,2026-07-12 14:45:00,17.6496,13.7054
1783868400000,2026-07-12 15:00:00,17.7845,13.8253
1783869300000,2026-07-12 15:15:00,17.9484,13.9723
1783870200000,2026-07-12 15:30:00,17.9908,14.0061
1783871100000,2026-07-12 15:45:00,17.869,13.8987
1783872000000,2026-07-12 16:00:00,16.8796,12.8233
1783872900000,2026-07-12 16:15:00,16.4772,12.447
1783873800000,2026-07-12 16:30:00,16.4783,12.4453
1783874700000,2026-07-12 16:45:00,16.8137,12.7375
1783875600000,2026-07-12 17:00:00,16.6105,12.56
1783876500000,2026-07-12 17:15:00,16.6156,12.5635
1783877400000,2026-07-12 17:30:00,16.3855,12.3664
1783878300000,2026-07-12 17:45:00,16.501,12.4638
1783879200000,2026-07-12 18:00:00,16.543,12.4994
1783880100000,2026-07-12 18:15:00,16.954,12.8565
1783881000000,2026-07-12 18:30:00,16.7266,12.6616
1783881900000,2026-07-12 18:45:00,16.6934,12.6333
1783882800000,2026-07-12 19:00:00,16.8434,12.7624
1783883700000,2026-07-12 19:15:00,16.9741,12.8764
1783884600000,2026-07-12 19:30:00,17.2746,13.1342
1783885500000,2026-07-12 19:45:00,17.1445,13.0238
1783886400000,2026-07-12 20:00:00,17.4135,13.2611
1783887300000,2026-07-12 20:15:00,17.3409,13.2312
1783888200000,2026-07-12 20:30:00,17.1838,13.1858
1783889100000,2026-07-12 20:45:00,16.9793,13.0843
1783890000000,2026-07-12 21:00:00,17.1976,13.1716
1783890900000,2026-07-12 21:15:00,17.1086,13.0991
1783891800000,2026-07-12 21:30:00,16.9769,13.0278
1783892700000,2026-07-12 21:45:00,17.0207,13.0406
1783893600000,2026-07-12 22:00:00,17.3131,13.0981
1783894500000,2026-07-12 22:15:00,17.1797,13.041
1783895400000,2026-07-12 22:30:00,17.3556,13.1068
1783896300000,2026-07-12 22:45:00,17.2203,13.0749
1783897200000,2026-07-12 23:00:00,17.2886,13.0946
1783898100000,2026-07-12 23:15:00,17.3314,13.1219
1783899000000,2026-07-12 23:30:00,17.5062,13.2173
1783899900000,2026-07-12 23:45:00,17.4786,13.1999
1783900800000,2026-07-13 00:00:00,17.7235,13.9434
1783901700000,2026-07-13 00:15:00,17.571,13.6922
1783902600000,2026-07-13 00:30:00,17.2907,13.0699
1783903500000,2026-07-13 00:45:00,17.5566,13.0699
1783904400000,2026-07-13 01:00:00,17.5601,13.0699
1783905300000,2026-07-13 01:15:00,17.4207,13.0699
1783906200000,2026-07-13 01:30:00,17.4112,13.0699
1783907100000,2026-07-13 01:45:00,17.3243,13.0699
1783908000000,2026-07-13 02:00:00,17.1827,13.0699
1783908900000,2026-07-13 02:15:00,17.31,13.0699
1783909800000,2026-07-13 02:30:00,17.4806,13.0699
1783910700000,2026-07-13 02:45:00,17.4676,13.0699
1783911600000,2026-07-13 03:00:00,17.1132,13.0699
1783912500000,2026-07-13 03:15:00,17.1132,13.0699
1783913400000,2026-07-13 03:30:00,17.1132,13.0699
1783914300000,2026-07-13 03:45:00,17.1132,13.0699
1783915200000,2026-07-13 04:00:00,17.1132,13.0699
1783916100000,2026-07-13 04:15:00,17.1132,13.0699
1783917000000,2026-07-13 04:30:00,17.1132,13.0699
1783917900000,2026-07-13 04:45:00,17.1132,13.0699
1783918800000,2026-07-13 05:00:00,17.1132,13.0699
1783919700000,2026-07-13 05:15:00,17.1132,13.0699
1783920600000,2026-07-13 05:30:00,17.1132,13.0699
1783921500000,2026-07-13 05:45:00,17.1132,13.0699
1783922400000,2026-07-13 06:00:00,17.1132,13.0699
1783923300000,2026-07-13 06:15:00,17.1132,13.0699
1783924200000,2026-07-13 06:30:00,16.955,12.9322
1783925100000,2026-07-13 06:45:00,17.133,13.0871
1783926000000,2026-07-13 07:00:00,17.165,13.1149
1783926900000,2026-07-13 07:15:00,17.5666,13.464
1783927800000,2026-07-13 07:30:00,17.5231,13.4258
1783928700000,2026-07-13 07:45:00,17.5631,13.461
1783929600000,2026-07-13 08:00:00,17.4891,13.3958
1783930500000,2026-07-13 08:15:00,17.5821,13.4777
1783931400000,2026-07-13 08:30:00,17.5591,13.4574
1783932300000,2026-07-13 08:45:00,17.5766,13.4728
1783933200000,2026-07-13 09:00:00,17.4356,13.3488
1783934100000,2026-07-13 09:15:00,17.3086,13.237
1783935000000,2026-07-13 09:30:00,17.2886,13.2194
1783935900000,2026-07-13 09:45:00,17.2356,13.1728
1783936800000,2026-07-13 10:00:00,17.1581,13.1046
1783937700000,2026-07-13 10:15:00,17.1741,13.1186
1783938600000,2026-07-13 10:30:00,17.0491,13.0086
1783939500000,2026-07-13 10:45:00,17.1636,13.1094
1783940400000,2026-07-13 11:00:00,17.2546,13.1895
1783941300000,2026-07-13 11:15:00,17.3051,13.2339
1783942200000,2026-07-13 11:30:00,17.1406,13.0892
1783943100000,2026-07-13 11:45:00,17.0551,13.0139
1783944000000,2026-07-13 12:00:00,17.0656,13.0232
1783944900000,2026-07-13 12:15:00,17.0261,12.9884
1783945800000,2026-07-13 12:30:00,17.0331,12.9946
1783946700000,2026-07-13 12:45:00,17.0149,12.9796
1783947600000,2026-07-13 13:00:00,17.0252,12.9872
1783948500000,2026-07-13 13:15:00,16.8905,12.8421
1783949400000,2026-07-13 13:30:00,16.7422,12.8822
1783950300000,2026-07-13 13:45:00,16.6786,12.7919
1783951200000,2026-07-13 14:00:00,16.6589,12.7246
1783952100000,2026-07-13 14:15:00,16.7682,12.7847
1783953000000,2026-07-13 14:30:00,16.8776,12.658
1783953900000,2026-07-13 14:45:00,16.8777,12.7646
1783954800000,2026-07-13 15:00:00,16.8422,12.6056
1783955700000,2026-07-13 15:15:00,16.669,12.4211
1783956600000,2026-07-13 15:30:00,16.7311,12.4093
1783957500000,2026-07-13 15:45:00,16.7009,12.3184
1783958400000,2026-07-13 16:00:00,16.8381,12.603
1783959300000,2026-07-13 16:15:00,16.7428,12.2694
1783960200000,2026-07-13 16:30:00,16.7918,12.4119
1783961100000,2026-07-13 16:45:00,16.8659,12.4788
1783962000000,2026-07-13 17:00:00,16.8611,12.5416
1783962900000,2026-07-13 17:15:00,16.8695,12.4765
1783963800000,2026-07-13 17:30:00,17.0689,12.7248
1783964700000,2026-07-13 17:45:00,17.4376,12.9854
1783965600000,2026-07-13 18:00:00,17.4116,12.9843
1783966500000,2026-07-13 18:15:00,17.5585,13.2622
1783967400000,2026-07-13 18:30:00,17.524,13.2439
1783968300000,2026-07-13 18:45:00,17.3216,12.9327
1783969200000,2026-07-13 19:00:00,17.1234,12.605
1783970100000,2026-07-13 19:15:00,17.0125,12.2587
1783971000000,2026-07-13 19:30:00,17.024,12.1677
1783971900000,2026-07-13 19:45:00,16.821,12.1335
1783972800000,2026-07-13 20:00:00,16.6668,12.177
1783973700000,2026-07-13 20:15:00,16.5949,12.198
1783974600000,2026-07-13 20:30:00,16.5334,12.2204
1783975500000,2026-07-13 20:45:00,16.5087,12.2324
1783976400000,2026-07-13 21:00:00,16.6262,12.284
1783977300000,2026-07-13 21:15:00,16.709,12.3211
1783978200000,2026-07-13 21:30:00,16.6749,12.3722
1783979100000,2026-07-13 21:45:00,16.4334,12.3033
1783980000000,2026-07-13 22:00:00,16.2909,12.2435
1783980900000,2026-07-13 22:15:00,16.4266,12.2458
1783981800000,2026-07-13 22:30:00,16.4827,12.271
1783982700000,2026-07-13 22:45:00,16.53,12.3471
1783983600000,2026-07-13 23:00:00,16.4426,12.3069
1783984500000,2026-07-13 23:15:00,16.4416,12.228
1783985400000,2026-07-13 23:30:00,16.4093,12.2286
1783986300000,2026-07-13 23:45:00,16.3809,12.1057
1783987200000,2026-07-14 00:00:00,16.5012,12.0647
1783988100000,2026-07-14 00:15:00,16.5191,12.0794
1783989000000,2026-07-14 00:30:00,16.4732,12.0708
1783989900000,2026-07-14 00:45:00,16.5033,11.9855
1783990800000,2026-07-14 01:00:00,16.4309,11.9903
1783991700000,2026-07-14 01:15:00,16.5581,11.9637
1783992600000,2026-07-14 01:30:00,16.5001,12.0079
1783993500000,2026-07-14 01:45:00,16.537,12.0022
1783994400000,2026-07-14 02:00:00,16.5466,12.0157
1783995300000,2026-07-14 02:15:00,16.4752,12.092
1783996200000,2026-07-14 02:30:00,16.4295,11.9974
1783997100000,2026-07-14 02:45:00,16.4358,12.0297
1783998000000,2026-07-14 03:00:00,16.5157,12.1089
1783998900000,2026-07-14 03:15:00,16.6392,12.063
1783999800000,2026-07-14 03:30:00,16.7092,12.0517
1784000700000,2026-07-14 03:45:00,16.6276,12.0148
1784001600000,2026-07-14 04:00:00,16.7093,12.0141
1784002500000,2026-07-14 04:15:00,16.7756,11.9637
1784003400000,2026-07-14 04:30:00,16.7256,11.9858
1784004300000,2026-07-14 04:45:00,16.7224,11.99
1784005200000,2026-07-14 05:00:00,16.8455,11.9376
1784006100000,2026-07-14 05:15:00,16.8212,11.9269
1784007000000,2026-07-14 05:30:00,16.8399,11.9669
1784007900000,2026-07-14 05:45:00,16.8723,11.9725
1784008800000,2026-07-14 06:00:00,16.8384,11.9965
1784009700000,2026-07-14 06:15:00,16.899,11.9892
1784010600000,2026-07-14 06:30:00,16.8509,12.0033
1784011500000,2026-07-14 06:45:00,16.8206,12.0213
1784012400000,2026-07-14 07:00:00,16.8601,12.0265
1784013300000,2026-07-14 07:15:00,16.8228,11.9911
1784014200000,2026-07-14 07:30:00,16.8637,12.0517
1784015100000,2026-07-14 07:45:00,16.8184,12.0537
1784016000000,2026-07-14 08:00:00,16.8239,12.0485
1784016900000,2026-07-14 08:15:00,16.7881,11.981
1784017800000,2026-07-14 08:30:00,16.8103,11.9612
1784018700000,2026-07-14 08:45:00,16.7568,11.9872
1784019600000,2026-07-14 09:00:00,16.7432,11.9551
1784020500000,2026-07-14 09:15:00,16.5901,11.9641
1784021400000,2026-07-14 09:30:00,16.6402,11.9993
1784022300000,2026-07-14 09:45:00,16.6961,11.9849
1784023200000,2026-07-14 10:00:00,16.7509,11.9367
1784024100000,2026-07-14 10:15:00,16.7634,11.9578
1784025000000,2026-07-14 10:30:00,16.7089,11.8769
1784025900000,2026-07-14 10:45:00,16.7215,11.7647
1784026800000,2026-07-14 11:00:00,16.7985,11.7647
1784027700000,2026-07-14 11:15:00,16.7654,11.7647
1784028600000,2026-07-14 11:30:00,16.7249,11.7647
1784029500000,2026-07-14 11:45:00,16.7458,11.7647
1784030400000,2026-07-14 12:00:00,16.5604,11.7647
1784031300000,2026-07-14 12:15:00,16.7128,11.7647
1784032200000,2026-07-14 12:30:00,16.7336,11.7647
1784033100000,2026-07-14 12:45:00,16.4604,11.9191
1784034000000,2026-07-14 13:00:00,16.6113,11.6932
1784034900000,2026-07-14 13:15:00,16.5575,11.68
1784035800000,2026-07-14 13:30:00,16.6507,11.769
1784036700000,2026-07-14 13:45:00,16.582,11.7046
1784037600000,2026-07-14 14:00:00,16.2821,11.4318
1784038500000,2026-07-14 14:15:00,16.1073,11.2738
1784039400000,2026-07-14 14:30:00,16.2329,11.3849
1784040300000,2026-07-14 14:45:00,16.5109,11.6321
1784041200000,2026-07-14 15:00:00,16.4349,11.5641
1784042100000,2026-07-14 15:15:00,16.3507,11.4891
1784043000000,2026-07-14 15:30:00,16.1846,11.4337
1784043900000,2026-07-14 15:45:00,15.9883,11.301
1784044800000,2026-07-14 16:00:00,15.9888,11.2302
1784045700000,2026-07-14 16:15:00,15.7856,11.2979
1784046600000,2026-07-14 16:30:00,15.7152,11.2554
1784047500000,2026-07-14 16:45:00,15.456,11.2686
1784048400000,2026-07-14 17:00:00,15.3752,11.3876
1784049300000,2026-07-14 17:15:00,15.4259,11.4327
1784050200000,2026-07-14 17:30:00,15.5403,11.5297
1784051100000,2026-07-14 17:45:00,15.5734,11.5606
1784052000000,2026-07-14 18:00:00,15.7831,11.7382
1784052900000,2026-07-14 18:15:00,15.7185,11.6833
1784053800000,2026-07-14 18:30:00,15.7131,11.6814
1784054700000,2026-07-14 18:45:00,15.8261,11.7793
1784055600000,2026-07-14 19:00:00,15.8585,11.8095
1784056500000,2026-07-14 19:15:00,16.0359,11.9603
1784057400000,2026-07-14 19:30:00,16.1042,12.0216
1784058300000,2026-07-14 19:45:00,16.0475,11.9703
1784059200000,2026-07-14 20:00:00,16.0988,12.0125
1784060100000,2026-07-14 20:15:00,16.1561,12.0782
1784061000000,2026-07-14 20:30:00,16.1058,12.0556
1784061900000,2026-07-14 20:45:00,16.0884,12.064
1784062800000,2026-07-14 21:00:00,16.0196,12.1279
1784063700000,2026-07-14 21:15:00,16.0385,12.1276
1784064600000,2026-07-14 21:30:00,15.9023,12.106
1784065500000,2026-07-14 21:45:00,15.8168,12.0837
1784066400000,2026-07-14 22:00:00,15.7599,11.9995
1784067300000,2026-07-14 22:15:00,15.6364,12.2169
1784068200000,2026-07-14 22:30:00,15.2376,12.3451
1784069100000,2026-07-14 22:45:00,15.0961,12.2193
1784070000000,2026-07-14 23:00:00,15.219,12.3284
1784070900000,2026-07-14 23:15:00,14.9626,12.0773
1784071800000,2026-07-14 23:30:00,14.7416,11.8506
1784072700000,2026-07-14 23:45:00,14.7208,11.6035
1784073600000,2026-07-15 00:00:00,15.0439,11.9041
1784074500000,2026-07-15 00:15:00,14.8375,11.7319
1784075400000,2026-07-15 00:30:00,14.9992,11.7964
1784076300000,2026-07-15 00:45:00,15.1835,11.9109
1784077200000,2026-07-15 01:00:00,15.0342,11.7785
1784078100000,2026-07-15 01:15:00,15.0808,11.8333
1784079000000,2026-07-15 01:30:00,14.8517,11.6245
1784079900000,2026-07-15 01:45:00,14.8156,11.6081
1784080800000,2026-07-15 02:00:00,14.9033,11.6617
1784081700000,2026-07-15 02:15:00,14.9215,11.6029
1784082600000,2026-07-15 02:30:00,14.7197,11.5252
1784083500000,2026-07-15 02:45:00,14.6827,11.4815
1784084400000,2026-07-15 03:00:00,14.7476,11.5806
1784085300000,2026-07-15 03:15:00,14.7086,11.541
1784086200000,2026-07-15 03:30:00,14.8609,11.6593
1784087100000,2026-07-15 03:45:00,14.8559,11.6927
1784088000000,2026-07-15 04:00:00,14.8956,11.7197
1784088900000,2026-07-15 04:15:00,15.0763,11.7899
1784089800000,2026-07-15 04:30:00,15.1848,11.8699
1784090700000,2026-07-15 04:45:00,15.2043,11.8662
1784091600000,2026-07-15 05:00:00,15.0958,11.7704
1784092500000,2026-07-15 05:15:00,15.0641,11.7541
1784093400000,2026-07-15 05:30:00,15.0435,11.7641
1784094300000,2026-07-15 05:45:00,15.1203,11.8909
1784095200000,2026-07-15 06:00:00,15.0406,11.9213
1784096100000,2026-07-15 06:15:00,15.0364,11.8869
1784097000000,2026-07-15 06:30:00,15.2913,12.0037
1784097900000,2026-07-15 06:45:00,15.0138,11.7643
1784098800000,2026-07-15 07:00:00,15.1031,11.8197
1784099700000,2026-07-15 07:15:00,15.075,11.7398
1784100600000,2026-07-15 07:30:00,15.1532,11.83
1784101500000,2026-07-15 07:45:00,15.1502,11.8336
1784102400000,2026-07-15 08:00:00,15.2279,11.9275
1784103300000,2026-07-15 08:15:00,15.231,11.9455
1784104200000,2026-07-15 08:30:00,15.2083,12.0216
1784105100000,2026-07-15 08:45:00,15.2442,12.0535
1784106000000,2026-07-15 09:00:00,15.3322,12.1459
1784106900000,2026-07-15 09:15:00,15.1625,12.143
1784107800000,2026-07-15 09:30:00,15.1922,12.0772
1784108700000,2026-07-15 09:45:00,15.1696,12.0724
1784109600000,2026-07-15 10:00:00,15.1316,12.1651
1784110500000,2026-07-15 10:15:00,14.8082,11.9815
1784111400000,2026-07-15 10:30:00,14.7149,11.7263
1784112300000,2026-07-15 10:45:00,14.6871,11.6598
1784113200000,2026-07-15 11:00:00,14.6234,11.2602
1784114100000,2026-07-15 11:15:00,14.5726,11.2233
1784115000000,2026-07-15 11:30:00,14.5848,11.164
1784115900000,2026-07-15 11:45:00,14.5773,11.0654
1784116800000,2026-07-15 12:00:00,14.697,11.319
1784117700000,2026-07-15 12:15:00,14.7531,11.3744
1784118600000,2026-07-15 12:30:00,14.8088,11.2848
1784119500000,2026-07-15 12:45:00,14.9613,11.1438
1784120400000,2026-07-15 13:00:00,15.4556,11.3828
1784121300000,2026-07-15 13:15:00,15.3398,11.0516
1784122200000,2026-07-15 13:30:00,15.5095,11.4222
1784123100000,2026-07-15 13:45:00,15.3746,11.5024
1784124000000,2026-07-15 14:00:00,15.4087,11.5336
1784124900000,2026-07-15 14:15:00,15.3505,11.4782
1784125800000,2026-07-15 14:30:00,15.4952,11.6164
1784126700000,2026-07-15 14:45:00,15.5319,11.6492
1784127600000,2026-07-15 15:00:00,15.6632,11.7752
1784128500000,2026-07-15 15:15:00,15.7048,11.8144
1784129400000,2026-07-15 15:30:00,15.7246,11.8322
1784130300000,2026-07-15 15:45:00,15.6209,11.7345
1784131200000,2026-07-15 16:00:00,15.6012,11.7206
1784132100000,2026-07-15 16:15:00,15.4278,11.5542
1784133000000,2026-07-15 16:30:00,15.4685,11.5967
1784133900000,2026-07-15 16:45:00,15.6187,11.7369
1784134800000,2026-07-15 17:00:00,15.5515,11.6727
1784135700000,2026-07-15 17:15:00,15.6016,11.7192
1784136600000,2026-07-15 17:30:00,15.6386,11.7537
1784137500000,2026-07-15 17:45:00,15.6282,11.7428
1784138400000,2026-07-15 18:00:00,15.7428,11.8491
1784139300000,2026-07-15 18:15:00,15.7427,11.8505
1784140200000,2026-07-15 18:30:00,15.6906,11.8019
1784141100000,2026-07-15 18:45:00,15.7239,11.8351
1784142000000,2026-07-15 19:00:00,15.7646,11.8731
1784142900000,2026-07-15 19:15:00,15.9399,12.0408
1784143800000,2026-07-15 19:30:00,15.9688,12.0669
1784144700000,2026-07-15 19:45:00,15.8663,12.0595
1784145600000,2026-07-15 20:00:00,15.7585,12.044
1784146500000,2026-07-15 20:15:00,15.6505,12.087
1784147400000,2026-07-15 20:30:00,15.5235,12.0734
1784148300000,2026-07-15 20:45:00,15.4947,12.0529
1784149200000,2026-07-15 21:00:00,15.4637,12.0527
1784150100000,2026-07-15 21:15:00,15.4328,12.0567
1784151000000,2026-07-15 21:30:00,15.4599,12.0193
1784151900000,2026-07-15 21:45:00,15.4147,12.0366
1784152800000,2026-07-15 22:00:00,15.3453,12.0141
1784153700000,2026-07-15 22:15:00,15.3365,12.0609
1784154600000,2026-07-15 22:30:00,15.4732,12.0505
1784155500000,2026-07-15 22:45:00,15.507,12.0506
1784156400000,2026-07-15 23:00:00,15.5206,12.0734
1784157300000,2026-07-15 23:15:00,15.4828,12.0313
1784158200000,2026-07-15 23:30:00,15.5805,11.9573
1784159100000,2026-07-15 23:45:00,15.6554,11.984
1784160000000,2026-07-16 00:00:00,15.6817,12.0624
1784160900000,2026-07-16 00:15:00,15.7098,11.9577
1784161800000,2026-07-16 00:30:00,15.7874,11.9257
1784162700000,2026-07-16 00:45:00,15.7426,11.9498
1784163600000,2026-07-16 01:00:00,15.8384,11.9425
1784164500000,2026-07-16 01:15:00,15.8642,11.9455
1784165400000,2026-07-16 01:30:00,15.8414,11.9737
1784166300000,2026-07-16 01:45:00,15.8195,12.0432
1784167200000,2026-07-16 02:00:00,15.8714,12.0165
1784168100000,2026-07-16 02:15:00,15.8306,12.0386
1784169000000,2026-07-16 02:30:00,15.9018,12.0336
1784169900000,2026-07-16 02:45:00,15.6947,12.0744
1784170800000,2026-07-16 03:00:00,15.6858,12.0908
1784171700000,2026-07-16 03:15:00,15.7723,12.0761
1784172600000,2026-07-16 03:30:00,15.6535,12.0413
1784173500000,2026-07-16 03:45:00,15.766,11.9964
1784174400000,2026-07-16 04:00:00,15.901,12.0067
1784175300000,2026-07-16 04:15:00,15.8423,12.0006
1784176200000,2026-07-16 04:30:00,15.7969,12.0053
1784177100000,2026-07-16 04:45:00,15.8144,11.9927
1784178000000,2026-07-16 05:00:00,15.8104,12.0287
1784178900000,2026-07-16 05:15:00,15.8837,12.074
1784179800000,2026-07-16 05:30:00,15.7691,12.075
1784180700000,2026-07-16 05:45:00,15.7718,12.0786
1784181600000,2026-07-16 06:00:00,15.7755,12.0657
1784182500000,2026-07-16 06:15:00,15.7983,12.0391
1784183400000,2026-07-16 06:30:00,15.7995,12.0035
1784184300000,2026-07-16 06:45:00,15.868,12.0437
1784185200000,2026-07-16 07:00:00,15.7953,12.0174
1784186100000,2026-07-16 07:15:00,15.7272,11.9765
1784187000000,2026-07-16 07:30:00,15.7048,11.8544
1784187900000,2026-07-16 07:45:00,15.6431,11.9
1784188800000,2026-07-16 08:00:00,15.5838,11.6789
1784189700000,2026-07-16 08:15:00,15.7544,11.6789
1784190600000,2026-07-16 08:30:00,15.703,11.6789
1784191500000,2026-07-16 08:45:00,16.0887,11.6789
1784192400000,2026-07-16 09:00:00,16.2309,11.6789
1784193300000,2026-07-16 09:15:00,16.3436,11.6789
1784194200000,2026-07-16 09:30:00,16.3599,11.6789
1784195100000,2026-07-16 09:45:00,16.3654,11.6789
1784196000000,2026-07-16 10:00:00,16.3901,11.6789
1784196900000,2026-07-16 10:15:00,16.421,11.6789
1784197800000,2026-07-16 10:30:00,16.4145,11.6789
1784198700000,2026-07-16 10:45:00,16.4167,11.6789
1784199600000,2026-07-16 11:00:00,16.3918,11.6789
1784200500000,2026-07-16 11:15:00,16.3482,11.6789
1784201400000,2026-07-16 11:30:00,16.3983,11.6789
1784202300000,2026-07-16 11:45:00,16.3722,11.6789
1784203200000,2026-07-16 12:00:00,16.314,11.6789
1784204100000,2026-07-16 12:15:00,16.3423,11.6789
1784205000000,2026-07-16 12:30:00,16.1773,11.6789
1784205900000,2026-07-16 12:45:00,16.2107,11.6789
1784206800000,2026-07-16 13:00:00,16.2512,11.6789
1784207700000,2026-07-16 13:15:00,16.3556,11.6789
1784208600000,2026-07-16 13:30:00,16.2734,11.6789
1784209500000,2026-07-16 13:45:00,16.3435,11.6789
1784210400000,2026-07-16 14:00:00,16.4195,11.6789
1784211300000,2026-07-16 14:15:00,16.4063,11.6789
1784212200000,2026-07-16 14:30:00,16.421,11.6789
1784213100000,2026-07-16 14:45:00,16.3553,11.6789
1784214000000,2026-07-16 15:00:00,16.2217,11.6789
1784214900000,2026-07-16 15:15:00,16.4568,11.6789
1784215800000,2026-07-16 15:30:00,16.3375,11.6789
1784216700000,2026-07-16 15:45:00,16.33,11.6789
1784217600000,2026-07-16 16:00:00,16.2715,11.6789
1784218500000,2026-07-16 16:15:00,16.306,11.6789
1784219400000,2026-07-16 16:30:00,16.2566,11.6789
1784220300000,2026-07-16 16:45:00,16.2934,11.6789
1784221200000,2026-07-16 17:00:00,16.1669,11.6789
1784222100000,2026-07-16 17:15:00,16.2029,11.6789
1784223000000,2026-07-16 17:30:00,16.1859,11.6789
1784223900000,2026-07-16 17:45:00,16.1662,11.6789
1784224800000,2026-07-16 18:00:00,16.2353,11.6789
1784225700000,2026-07-16 18:15:00,16.2504,11.6789
1784226600000,2026-07-16 18:30:00,16.2279,11.6789
1784227500000,2026-07-16 18:45:00,16.2553,11.6789
1784228400000,2026-07-16 19:00:00,16.2282,11.6789
1784229300000,2026-07-16 19:15:00,16.2382,11.6789
1784230200000,2026-07-16 19:30:00,16.2217,11.6789
1784231100000,2026-07-16 19:45:00,16.251,11.6789
1784232000000,2026-07-16 20:00:00,16.2128,11.6789
1784232900000,2026-07-16 20:15:00,16.2235,11.6789
1784233800000,2026-07-16 20:30:00,16.2143,11.6789
1784234700000,2026-07-16 20:45:00,16.2014,11.6789
1784235600000,2026-07-16 21:00:00,16.2566,11.6789
1784236500000,2026-07-16 21:15:00,16.2778,11.6789
1784237400000,2026-07-16 21:30:00,16.3008,11.6789
1784238300000,2026-07-16 21:45:00,16.2923,11.6789
1784239200000,2026-07-16 22:00:00,16.3121,11.6789
1784240100000,2026-07-16 22:15:00,16.236,11.6789
1784241000000,2026-07-16 22:30:00,16.2015,11.6789
1784241900000,2026-07-16 22:45:00,16.1649,11.6789
1784242800000,2026-07-16 23:00:00,16.14,11.6789
1784243700000,2026-07-16 23:15:00,16.0644,11.6789
1784244600000,2026-07-16 23:30:00,16.0883,11.6789
1784245500000,2026-07-16 23:45:00,16.1067,11.6789
1784246400000,2026-07-17 00:00:00,16.0833,11.6789
1784247300000,2026-07-17 00:15:00,16.0618,11.6789
1784248200000,2026-07-17 00:30:00,16.0273,11.6789
1784249100000,2026-07-17 00:45:00,16.1233,11.6789
1784250000000,2026-07-17 01:00:00,16.2306,11.7593
1784250900000,2026-07-17 01:15:00,16.3179,11.8367
1784251800000,2026-07-17 01:30:00,15.9234,11.4873
1784252700000,2026-07-17 01:45:00,15.7064,11.2952
1784253600000,2026-07-17 02:00:00,15.6459,11.2417
1784254500000,2026-07-17 02:15:00,15.525,11.1346
1784255400000,2026-07-17 02:30:00,15.4847,11.0989
1784256300000,2026-07-17 02:45:00,15.7669,11.3488
1784257200000,2026-07-17 03:00:00,16.1423,11.6811
1784258100000,2026-07-17 03:15:00,16.6623,12.142
1784259000000,2026-07-17 03:30:00,16.6901,12.167
1784259900000,2026-07-17 03:45:00,16.572,12.0612
1784260800000,2026-07-17 04:00:00,16.5341,12.0272
1784261700000,2026-07-17 04:15:00,16.526,12.0199
1784262600000,2026-07-17 04:30:00,16.5236,12.0178
1784263500000,2026-07-17 04:45:00,16.6637,12.1433
1784264400000,2026-07-17 05:00:00,16.6047,12.0904
1784265300000,2026-07-17 05:15:00,16.2461,11.7692
1784266200000,2026-07-17 05:30:00,16.7427,12.2173
1784267100000,2026-07-17 05:45:00,16.6377,12.1301
1784268000000,2026-07-17 06:00:00,16.6432,12.1324
1784268900000,2026-07-17 06:15:00,16.5099,12.007
1784269800000,2026-07-17 06:30:00,16.5398,12.0353
1784270700000,2026-07-17 06:45:00,16.4249,11.9327
1784271600000,2026-07-17 07:00:00,16.4117,11.9227
1784272500000,2026-07-17 07:15:00,16.3332,11.851
1784273400000,2026-07-17 07:30:00,16.4473,11.9547
1784274300000,2026-07-17 07:45:00,16.5254,12.0261
1784275200000,2026-07-17 08:00:00,16.452,11.9586
1784276100000,2026-07-17 08:15:00,16.5444,12.0454
1784277000000,2026-07-17 08:30:00,16.4401,11.9499
1784277900000,2026-07-17 08:45:00,16.3358,11.8548
1784278800000,2026-07-17 09:00:00,16.3469,11.8625
1784279700000,2026-07-17 09:15:00,16.3685,11.8827
1784280600000,2026-07-17 09:30:00,16.416,11.9223
1784281500000,2026-07-17 09:45:00,16.3364,11.8513
1784282400000,2026-07-17 10:00:00,16.3699,11.8783
1784283300000,2026-07-17 10:15:00,16.3458,11.8576
1784284200000,2026-07-17 10:30:00,16.4016,11.9069
1784285100000,2026-07-17 10:45:00,16.415,11.9203
1784286000000,2026-07-17 11:00:00,16.4324,11.9376
1784286900000,2026-07-17 11:15:00,16.4146,11.9201
1784287800000,2026-07-17 11:30:00,16.2556,11.7734
1784288700000,2026-07-17 11:45:00,16.4198,11.9226
1784289600000,2026-07-17 12:00:00,16.4035,11.9104
1784290500000,2026-07-17 12:15:00,16.4256,11.9319
1784291400000,2026-07-17 12:30:00,16.4504,11.9578
1784292300000,2026-07-17 12:45:00,16.4567,11.9644
1784293200000,2026-07-17 13:00:00,16.5919,12.0951
1784294100000,2026-07-17 13:15:00,16.5071,12.0184
1784295000000,2026-07-17 13:30:00,16.8235,12.0404
1784295900000,2026-07-17 13:45:00,17.0508,11.7982
1784296800000,2026-07-17 14:00:00,17.3199,11.7475
1784297700000,2026-07-17 14:15:00,17.4019,11.8237
1784298600000,2026-07-17 14:30:00,17.4266,11.8466
1784299500000,2026-07-17 14:45:00,17.4243,11.8445
1784300400000,2026-07-17 15:00:00,17.5435,11.9551
1784301300000,2026-07-17 15:15:00,17.4281,11.848
1784302200000,2026-07-17 15:30:00,17.3993,11.8212
1784303100000,2026-07-17 15:45:00,17.2978,11.727
1784304000000,2026-07-17 16:00:00,17.2856,11.7157
1784304900000,2026-07-17 16:15:00,17.2331,11.6669
1784305800000,2026-07-17 16:30:00,17.1981,11.6344
1784306700000,2026-07-17 16:45:00,17.2296,11.6637
1784307600000,2026-07-17 17:00:00,17.082,11.5266
1784308500000,2026-07-17 17:15:00,17.1029,11.5446
1784309400000,2026-07-17 17:30:00,17.4388,11.8393
1784310300000,2026-07-17 17:45:00,17.5445,11.9322
1784311200000,2026-07-17 18:00:00,17.6181,11.997
1784312100000,2026-07-17 18:15:00,17.7684,12.1325
1784313000000,2026-07-17 18:30:00,17.5633,11.949
1784313900000,2026-07-17 18:45:00,17.5219,11.91
1784314800000,2026-07-17 19:00:00,17.8557,12.2065
1784315700000,2026-07-17 19:15:00,17.6971,12.0675
1784316600000,2026-07-17 19:30:00,17.6271,12.0033
1784317500000,2026-07-17 19:45:00,17.695,12.0636
1784318400000,2026-07-17 20:00:00,17.83,12.1851
1784319300000,2026-07-17 20:15:00,17.7944,12.1526
1784320200000,2026-07-17 20:30:00,17.8864,12.2317
1784321100000,2026-07-17 20:45:00,17.8661,12.2134
1784322000000,2026-07-17 21:00:00,17.7404,12.1024
1784322900000,2026-07-17 21:15:00,17.7606,12.1199
1784323800000,2026-07-17 21:30:00,17.8432,12.1941
1784324700000,2026-07-17 21:45:00,17.8536,12.2036
1784325600000,2026-07-17 22:00:00,17.7807,12.1396
1784326500000,2026-07-17 22:15:00,17.9232,12.266
1784327400000,2026-07-17 22:30:00,17.9183,12.2625
1784328300000,2026-07-17 22:45:00,17.8932,12.2393
1784329200000,2026-07-17 23:00:00,18.0916,12.415
1784330100000,2026-07-17 23:15:00,18.028,12.3559
1784331000000,2026-07-17 23:30:00,18.0051,12.3346
1784331900000,2026-07-17 23:45:00,18.0192,12.3477
1784332800000,2026-07-18 00:00:00,18.0,12.3299
1784333700000,2026-07-18 00:15:00,18.0059,12.3354
1784334600000,2026-07-18 00:30:00,18.0273,12.3553
1784335500000,2026-07-18 00:45:00,18.0345,12.3619
1784336400000,2026-07-18 01:00:00,18.0366,12.3639
1784337300000,2026-07-18 01:15:00,18.003,12.3327
1784338200000,2026-07-18 01:30:00,18.0241,12.3523
1784339100000,2026-07-18 01:45:00,18.009,12.3383
1784340000000,2026-07-18 02:00:00,17.9956,12.3258
1784340900000,2026-07-18 02:15:00,17.9884,12.3191
1784341800000,2026-07-18 02:30:00,18.0096,12.3388
1784342700000,2026-07-18 02:45:00,18.0187,12.3472
1784343600000,2026-07-18 03:00:00,18.0012,12.331
1784344500000,2026-07-18 03:15:00,17.9967,12.3268
1784345400000,2026-07-18 03:30:00,18.0017,12.3315
1784346300000,2026-07-18 03:45:00,17.9611,12.2938
1784347200000,2026-07-18 04:00:00,17.9806,12.3119
1784348100000,2026-07-18 04:15:00,17.9838,12.3149
1784349000000,2026-07-18 04:30:00,17.9954,12.3256
1784349900000,2026-07-18 04:45:00,17.9796,12.311
1784350800000,2026-07-18 05:00:00,17.9988,12.3288
1784351700000,2026-07-18 05:15:00,17.967,12.2993
1784352600000,2026-07-18 05:30:00,17.9628,12.2954
1784353500000,2026-07-18 05:45:00,17.9625,12.2951
1784354400000,2026-07-18 06:00:00,17.9806,12.3119
1784355300000,2026-07-18 06:15:00,17.9645,12.2969
1784356200000,2026-07-18 06:30:00,17.9802,12.3115
1784357100000,2026-07-18 06:45:00,17.9783,12.3098
1784358000000,2026-07-18 07:00:00,18.0026,12.3323
1784358900000,2026-07-18 07:15:00,17.9712,12.3032
1784359800000,2026-07-18 07:30:00,17.9713,12.3033
1784360700000,2026-07-18 07:45:00,17.9865,12.3173
1784361600000,2026-07-18 08:00:00,17.9835,12.3146
1784362500000,2026-07-18 08:15:00,17.9516,12.285
1784363400000,2026-07-18 08:30:00,17.9498,12.2833
1784364300000,2026-07-18 08:45:00,17.9401,12.2743
1784365200000,2026-07-18 09:00:00,17.9569,12.2899
1784366100000,2026-07-18 09:15:00,17.9954,12.3256
1784367000000,2026-07-18 09:30:00,17.9715,12.3034
1784367900000,2026-07-18 09:45:00,17.9765,12.3081
1784368800000,2026-07-18 10:00:00,17.9792,12.3106
1784369700000,2026-07-18 10:15:00,17.9555,12.2886
1784370600000,2026-07-18 10:30:00,17.9814,12.3126
1784371500000,2026-07-18 10:45:00,17.9681,12.3003
1784372400000,2026-07-18 11:00:00,17.9743,12.306
1784373300000,2026-07-18 11:15:00,17.9699,12.302
1784374200000,2026-07-18 11:30:00,17.9768,12.3084
1784375100000,2026-07-18 11:45:00,17.9685,12.3007
1784376000000,2026-07-18 12:00:00,17.9545,12.2877
1784376900000,2026-07-18 12:15:00,18.0296,12.3574
1784377800000,2026-07-18 12:30:00,17.9838,12.3149
1784378700000,2026-07-18 12:45:00,17.9767,12.3082
1784379600000,2026-07-18 13:00:00,18.0583,12.384
1784380500000,2026-07-18 13:15:00,18.0262,12.3542
1784381400000,2026-07-18 13:30:00,18.0278,12.3557
1784382300000,2026-07-18 13:45:00,18.024,12.3522
1784383200000,2026-07-18 14:00:00,18.0006,12.3305
1784384100000,2026-07-18 14:15:00,17.967,12.2993
1784385000000,2026-07-18 14:30:00,17.962,12.2946
1784385900000,2026-07-18 14:45:00,17.9646,12.297
1784386800000,2026-07-18 15:00:00,18.2369,12.5242
1784387700000,2026-07-18 15:15:00,18.1902,12.4867
1784388600000,2026-07-18 15:30:00,18.3371,12.6084
1784389500000,2026-07-18 15:45:00,18.0578,12.3767
1784390400000,2026-07-18 16:00:00,18.1348,12.4401
1784391300000,2026-07-18 16:15:00,18.2959,12.5741
1784392200000,2026-07-18 16:30:00,18.1904,12.4872
1784393100000,2026-07-18 16:45:00,18.076,12.3888
1784394000000,2026-07-18 17:00:00,18.1898,12.4831
1784394900000,2026-07-18 17:15:00,18.5092,12.7499
1784395800000,2026-07-18 17:30:00,18.1182,12.4266
1784396700000,2026-07-18 17:45:00,18.0771,12.3503
1784397600000,2026-07-18 18:00:00,18.1119,12.4111
1784398500000,2026-07-18 18:15:00,18.0957,12.2836
1784399400000,2026-07-18 18:30:00,18.1496,12.3797
1784400300000,2026-07-18 18:45:00,18.1393,12.3383
1784401200000,2026-07-18 19:00:00,18.1609,12.3394
1784402100000,2026-07-18 19:15:00,18.1618,12.3676
1784403000000,2026-07-18 19:30:00,18.1952,12.3797
1784403900000,2026-07-18 19:45:00,18.1917,12.3731
1784404800000,2026-07-18 20:00:00,18.2569,12.4099
1784405700000,2026-07-18 20:15:00,18.3093,12.4585
1784406600000,2026-07-18 20:30:00,18.1707,12.3628
1784407500000,2026-07-18 20:45:00,18.1099,12.3186
1784408400000,2026-07-18 21:00:00,18.0888,12.2374
1784409300000,2026-07-18 21:15:00,18.1991,12.3622
1784410200000,2026-07-18 21:30:00,18.253,12.4267
1784411100000,2026-07-18 21:45:00,18.1114,12.2722
1784412000000,2026-07-18 22:00:00,18.129,12.2594
1784412900000,2026-07-18 22:15:00,18.1756,12.3216
1784413800000,2026-07-18 22:30:00,18.1182,12.2571
1784414700000,2026-07-18 22:45:00,17.9992,12.1447
1784415600000,2026-07-18 23:00:00,18.0482,12.2224
1784416500000,2026-07-18 23:15:00,18.0173,12.1631
1784417400000,2026-07-18 23:30:00,18.104,12.2531
1784418300000,2026-07-18 23:45:00,18.1197,12.2562
1784419200000,2026-07-19 00:00:00,18.1653,12.2983
1784420100000,2026-07-19 00:15:00,18.2241,12.3853
1784421000000,2026-07-19 00:30:00,18.1952,12.3553
1784421900000,2026-07-19 00:45:00,18.2608,12.3906
1784422800000,2026-07-19 01:00:00,18.2255,12.3707
1784423700000,2026-07-19 01:15:00,18.2143,12.3729
1784424600000,2026-07-19 01:30:00,18.3093,12.4591
1784425500000,2026-07-19 01:45:00,18.2662,12.4225
1784426400000,2026-07-19 02:00:00,18.0065,12.0475
1784427300000,2026-07-19 02:15:00,18.0121,12.0526
1784428200000,2026-07-19 02:30:00,18.1725,12.1863
1784429100000,2026-07-19 02:45:00,18.0772,12.1066
1784430000000,2026-07-19 03:00:00,17.9892,12.0333
1784430900000,2026-07-19 03:15:00,18.0712,12.1023
1784431800000,2026-07-19 03:30:00,18.0846,12.1135
1784432700000,2026-07-19 03:45:00,18.1245,12.1467
1784433600000,2026-07-19 04:00:00,18.1039,12.1296
1784434500000,2026-07-19 04:15:00,18.1352,12.1557
1784435400000,2026-07-19 04:30:00,18.0468,12.0815
1784436300000,2026-07-19 04:45:00,17.9863,12.031
1784437200000,2026-07-19 05:00:00,18.0549,12.0881
1784438100000,2026-07-19 05:15:00,18.0849,12.1134
1784439000000,2026-07-19 05:30:00,17.9897,12.0338
1784439900000,2026-07-19 05:45:00,17.9457,11.9969
1784440800000,2026-07-19 06:00:00,18.0482,12.0826
1784441700000,2026-07-19 06:15:00,18.0548,12.0881
1784442600000,2026-07-19 06:30:00,18.0191,12.0582
1784443500000,2026-07-19 06:45:00,18.0229,12.0615
1784444400000,2026-07-19 07:00:00,17.9591,12.0082
1784445300000,2026-07-19 07:15:00,17.9612,12.0098
1784446200000,2026-07-19 07:30:00,18.036,12.0722
1784447100000,2026-07-19 07:45:00,18.0171,12.0565
1784448000000,2026-07-19 08:00:00,18.0463,12.0808
1784448900000,2026-07-19 08:15:00,17.9573,12.0065
1784449800000,2026-07-19 08:30:00,17.8102,11.7053
1784450700000,2026-07-19 08:45:00,17.9156,11.789
1784451600000,2026-07-19 09:00:00,17.9361,11.7228
1784452500000,2026-07-19 09:15:00,18.0113,11.6613
1784453400000,2026-07-19 09:30:00,17.8881,11.608
1784454300000,2026-07-19 09:45:00,17.8894,11.6005
1784455200000,2026-07-19 10:00:00,17.897,11.602
1784456100000,2026-07-19 10:15:00,17.8794,11.651
1784457000000,2026-07-19 10:30:00,18.0276,11.7398
1784457900000,2026-07-19 10:45:00,18.1234,11.7555
1784458800000,2026-07-19 11:00:00,18.2616,11.8245
1784459700000,2026-07-19 11:15:00,18.367,11.836
1784460600000,2026-07-19 11:30:00,18.3071,11.8245
1784461500000,2026-07-19 11:45:00,18.2532,11.7265
1784462400000,2026-07-19 12:00:00,18.1354,11.5605
1784463300000,2026-07-19 12:15:00,18.1818,11.6625
1784464200000,2026-07-19 12:30:00,18.2029,11.7205
1784465100000,2026-07-19 12:45:00,18.1995,11.7038
1784466000000,2026-07-19 13:00:00,18.1634,11.6268
1784466900000,2026-07-19 13:15:00,18.1801,11.668
1784467800000,2026-07-19 13:30:00,18.1722,11.6803
1784468700000,2026-07-19 13:45:00,18.1789,11.7405
1784469600000,2026-07-19 14:00:00,18.1664,11.7795
1784470500000,2026-07-19 14:15:00,18.2956,11.732
1784471400000,2026-07-19 14:30:00,18.3299,11.7875
1784472300000,2026-07-19 14:45:00,18.3383,11.8125
1784473200000,2026-07-19 15:00:00,18.4061,11.8065
1784474100000,2026-07-19 15:15:00,18.3293,11.6825
1784475000000,2026-07-19 15:30:00,18.3205,11.745
1784475900000,2026-07-19 15:45:00,18.3617,11.7173
1784476800000,2026-07-19 16:00:00,18.5238,11.7103
1784477700000,2026-07-19 16:15:00,18.4396,11.705
1784478600000,2026-07-19 16:30:00,18.3418,11.6615
1784479500000,2026-07-19 16:45:00,18.3184,11.6118
1784480400000,2026-07-19 17:00:00,18.3258,11.7303
1784481300000,2026-07-19 17:15:00,18.2939,11.6955
1784482200000,2026-07-19 17:30:00,18.293,11.68
1784483100000,2026-07-19 17:45:00,18.3319,11.623
1784484000000,2026-07-19 18:00:00,18.2457,11.5063
1784484900000,2026-07-19 18:15:00,18.2289,11.3943
1784485800000,2026-07-19 18:30:00,18.2387,11.44
1784486700000,2026-07-19 18:45:00,18.2394,11.472
1784487600000,2026-07-19 19:00:00,18.2348,11.4503
1784488500000,2026-07-19 19:15:00,18.19,11.4513
1784489400000,2026-07-19 19:30:00,18.1787,11.4203
1784490300000,2026-07-19 19:45:00,18.2582,11.5008
1784491200000,2026-07-19 20:00:00,18.2456,11.5393
1784492100000,2026-07-19 20:15:00,18.3049,11.5483
1784493000000,2026-07-19 20:30:00,18.261,11.5803
1784493900000,2026-07-19 20:45:00,18.324,11.6263
1784494800000,2026-07-19 21:00:00,18.3254,11.6135
1784495700000,2026-07-19 21:15:00,18.2634,11.55
1784496600000,2026-07-19 21:30:00,18.1997,11.4198
1784497500000,2026-07-19 21:45:00,18.3562,11.4943
1784498400000,2026-07-19 22:00:00,18.4509,11.6728
1784499300000,2026-07-19 22:15:00,18.638,11.727
1784500200000,2026-07-19 22:30:00,18.7312,11.7998
1784501100000,2026-07-19 22:45:00,18.7805,11.7045
1784502000000,2026-07-19 23:00:00,18.7862,11.7093
1784502900000,2026-07-19 23:15:00,18.7373,11.6685
1784503800000,2026-07-19 23:30:00,18.8861,11.7925
1784504700000,2026-07-19 23:45:00,18.8369,11.7515
1784505600000,2026-07-20 00:00:00,19.3199,12.1532
1784506500000,2026-07-20 00:15:00,19.2021,12.0512
1784507400000,2026-07-20 00:30:00,19.2173,12.0643
1784508300000,2026-07-20 00:45:00,19.0865,11.951
1784509200000,2026-07-20 01:00:00,19.2002,12.0495
1784510100000,2026-07-20 01:15:00,19.2143,12.0617
1784511000000,2026-07-20 01:30:00,19.112,11.9731
1784511900000,2026-07-20 01:45:00,19.0443,11.9144
1784512800000,2026-07-20 02:00:00,19.1703,12.0236
1784513700000,2026-07-20 02:15:00,19.0779,11.9435
1784514600000,2026-07-20 02:30:00,19.1667,12.0205
1784515500000,2026-07-20 02:45:00,19.1889,12.0397
1784516400000,2026-07-20 03:00:00,19.2072,12.0556
1784517300000,2026-07-20 03:15:00,19.0955,11.9588
1784518200000,2026-07-20 03:30:00,19.2084,12.0566
1784519100000,2026-07-20 03:45:00,19.2003,12.0496
1784520000000,2026-07-20 04:00:00,19.0923,11.956
1784520900000,2026-07-20 04:15:00,19.1109,11.9721
1784521800000,2026-07-20 04:30:00,19.1421,11.9992
1784522700000,2026-07-20 04:45:00,19.0371,11.9082
1784523600000,2026-07-20 05:00:00,18.8936,11.7838
1784524500000,2026-07-20 05:15:00,18.8931,11.7834
1784525400000,2026-07-20 05:30:00,18.8835,11.7751
1784526300000,2026-07-20 05:45:00,18.8348,11.7328
1784527200000,2026-07-20 06:00:00,18.861,11.7556
1784528100000,2026-07-20 06:15:00,18.8529,11.7485
1784529000000,2026-07-20 06:30:00,18.7275,11.6399
1784529900000,2026-07-20 06:45:00,18.7478,11.6574
1784530800000,2026-07-20 07:00:00,18.7985,11.7014
1784531700000,2026-07-20 07:15:00,18.873,11.766
1784532600000,2026-07-20 07:30:00,18.9452,11.8285
1784533500000,2026-07-20 07:45:00,18.9638,11.8446
1784534400000,2026-07-20 08:00:00,18.9744,11.8538
1784535300000,2026-07-20 08:15:00,18.9666,11.8471
1784536200000,2026-07-20 08:30:00,18.8262,11.7254
1784537100000,2026-07-20 08:45:00,18.9165,11.8037
1784538000000,2026-07-20 09:00:00,18.9068,11.7952
1784538900000,2026-07-20 09:15:00,18.9644,11.8451
1784539800000,2026-07-20 09:30:00,18.9872,11.8649
1784540700000,2026-07-20 09:45:00,18.9686,11.8488
1784541600000,2026-07-20 10:00:00,18.9942,11.871
1784542500000,2026-07-20 10:15:00,19.0569,11.9253
1784543400000,2026-07-20 10:30:00,19.0607,11.9286
1784544300000,2026-07-20 10:45:00,19.0368,11.9079
1784545200000,2026-07-20 11:00:00,19.1271,11.9862
1784546100000,2026-07-20 11:15:00,19.1177,11.978
1784547000000,2026-07-20 11:30:00,19.32,12.1534
1784547900000,2026-07-20 11:45:00,19.4036,12.2258
1784548800000,2026-07-20 12:00:00,19.2092,12.0573
1784549700000,2026-07-20 12:15:00,19.1609,12.0154
1784550600000,2026-07-20 12:30:00,19.103,11.9653
1784551500000,2026-07-20 12:45:00,19.1036,11.9658
1784552400000,2026-07-20 13:00:00,19.0937,11.9572
1784553300000,2026-07-20 13:15:00,19.0557,11.9243
1784554200000,2026-07-20 13:30:00,19.1439,12.0007
1784555100000,2026-07-20 13:45:00,18.9408,11.8247
1784556000000,2026-07-20 14:00:00,18.9266,11.8124
1784556900000,2026-07-20 14:15:00,18.9996,11.8878
1784557800000,2026-07-20 14:30:00,18.9996,11.8758
1784558700000,2026-07-20 14:45:00,18.9996,11.9005
1784559600000,2026-07-20 15:00:00,18.9996,12.1261
1784560500000,2026-07-20 15:15:00,18.9996,12.1227
1784561400000,2026-07-20 15:30:00,18.9996,12.2029
1784562300000,2026-07-20 15:45:00,18.9996,12.3447
1784563200000,2026-07-20 16:00:00,18.9983,12.3615
1784564100000,2026-07-20 16:15:00,18.8966,12.3174
1784565000000,2026-07-20 16:30:00,18.6,12.1196
1784565900000,2026-07-20 16:45:00,18.1434,11.7334
1784566800000,2026-07-20 17:00:00,18.3518,11.9035
1784567700000,2026-07-20 17:15:00,18.5481,12.0466
1784568600000,2026-07-20 17:30:00,18.5603,12.084
1784569500000,2026-07-20 17:45:00,18.9681,12.2943
1784570400000,2026-07-20 18:00:00,18.7917,12.1061
1784571300000,2026-07-20 18:15:00,18.7448,12.0346
1784572200000,2026-07-20 18:30:00,18.7915,12.0693
1784573100000,2026-07-20 18:45:00,19.0403,12.2645
1784574000000,2026-07-20 19:00:00,18.9535,12.1934
1784574900000,2026-07-20 19:15:00,18.991,12.2247
1784575800000,2026-07-20 19:30:00,19.0002,12.2321
1784576700000,2026-07-20 19:45:00,19.038,12.2624
1784577600000,2026-07-20 20:00:00,19.1004,12.3125
1784578500000,2026-07-20 20:15:00,19.2741,12.4495
1784579400000,2026-07-20 20:30:00,19.1352,12.3408
1784580300000,2026-07-20 20:45:00,19.0971,12.3112
1784581200000,2026-07-20 21:00:00,19.1832,12.3791
1784582100000,2026-07-20 21:15:00,18.9805,12.2192
1784583000000,2026-07-20 21:30:00,18.9688,12.2101
1784583900000,2026-07-20 21:45:00,19.1631,12.3623
1784584800000,2026-07-20 22:00:00,19.0144,12.2442
1784585700000,2026-07-20 22:15:00,18.8019,12.0755
1784586600000,2026-07-20 22:30:00,18.808,12.0798
1784587500000,2026-07-20 22:45:00,19.0475,12.2689
1784588400000,2026-07-20 23:00:00,19.093,12.3059
1784589300000,2026-07-20 23:15:00,19.2573,12.4369
1784590200000,2026-07-20 23:30:00,19.5132,12.6381
1784591100000,2026-07-20 23:45:00,19.5729,12.6862
1784592000000,2026-07-21 00:00:00,19.6518,12.7477
1784592900000,2026-07-21 00:15:00,19.6143,12.7198
1784593800000,2026-07-21 00:30:00,19.6037,12.7139
1784594700000,2026-07-21 00:45:00,19.6309,12.7356
1784595600000,2026-07-21 01:00:00,19.6182,12.7251
1784596500000,2026-07-21 01:15:00,19.597,12.7072
1784597400000,2026-07-21 01:30:00,19.6516,12.7501
1784598300000,2026-07-21 01:45:00,19.8105,12.8746
1784599200000,2026-07-21 02:00:00,19.8636,12.9171
1784600100000,2026-07-21 02:15:00,19.8609,12.9144
1784601000000,2026-07-21 02:30:00,19.8905,12.9393
1784601900000,2026-07-21 02:45:00,20.0152,12.9904
1784602800000,2026-07-21 03:00:00,19.6982,12.8338
1784603700000,2026-07-21 03:15:00,19.7487,12.8721
1784604600000,2026-07-21 03:30:00,19.8366,12.9603
1784605500000,2026-07-21 03:45:00,19.8109,12.9432
1784606400000,2026-07-21 04:00:00,19.9467,13.0419
1784607300000,2026-07-21 04:15:00,19.9049,12.9789
1784608200000,2026-07-21 04:30:00,19.9579,13.0354
1784609100000,2026-07-21 04:45:00,19.9285,13.0102
1784610000000,2026-07-21 05:00:00,19.9797,13.0391
1784610900000,2026-07-21 05:15:00,19.8659,12.9674
1784611800000,2026-07-21 05:30:00,19.9753,13.0713
1784612700000,2026-07-21 05:45:00,19.8943,13.1
1784613600000,2026-07-21 06:00:00,19.9234,13.1232
1784614500000,2026-07-21 06:15:00,19.8959,13.1016
1784615400000,2026-07-21 06:30:00,19.8382,13.057
1784616300000,2026-07-21 06:45:00,19.9878,13.1745
1784617200000,2026-07-21 07:00:00,20.0549,13.2276
1784618100000,2026-07-21 07:15:00,20.0816,13.2485
1784619000000,2026-07-21 07:30:00,20.0466,13.2208
1784619900000,2026-07-21 07:45:00,19.9262,13.1258
1784620800000,2026-07-21 08:00:00,20.147,13.3006
1784621700000,2026-07-21 08:15:00,20.407,13.3951
1784622600000,2026-07-21 08:30:00,20.4386,13.4294
1784623500000,2026-07-21 08:45:00,20.5548,13.5559
1784624400000,2026-07-21 09:00:00,20.6447,13.6247
1784625300000,2026-07-21 09:15:00,20.8077,13.773
1784626200000,2026-07-21 09:30:00,20.8448,13.787
1784627100000,2026-07-21 09:45:00,20.9178,13.8143
1784628000000,2026-07-21 10:00:00,21.0058,13.8473
1784628900000,2026-07-21 10:15:00,20.9187,13.8147
1784629800000,2026-07-21 10:30:00,20.8326,13.7824
1784630700000,2026-07-21 10:45:00,20.6582,13.717
1784631600000,2026-07-21 11:00:00,20.5302,13.669
1784632500000,2026-07-21 11:15:00,20.5187,13.6647
1784633400000,2026-07-21 11:30:00,20.687,13.7278
1784634300000,2026-07-21 11:45:00,20.7178,13.7393
1784635200000,2026-07-21 12:00:00,20.7258,13.7423
1784636100000,2026-07-21 12:15:00,20.872,13.7972
1784637000000,2026-07-21 12:30:00,20.9184,13.8146
1784637900000,2026-07-21 12:45:00,20.9386,13.8221
1784638800000,2026-07-21 13:00:00,20.9274,13.8179
1784639700000,2026-07-21 13:15:00,20.7619,13.7559
1784640600000,2026-07-21 13:30:00,20.5056,13.6598
1784641500000,2026-07-21 13:45:00,20.8675,13.7955
1784642400000,2026-07-21 14:00:00,20.9034,13.8089
1784643300000,2026-07-21 14:15:00,20.6141,13.7004
1784644200000,2026-07-21 14:30:00,20.7338,13.7453
1784645100000,2026-07-21 14:45:00,20.5914,13.6919
1784646000000,2026-07-21 15:00:00,20.4451,13.6371
1784646900000,2026-07-21 15:15:00,20.4083,13.6233
1784647800000,2026-07-21 15:30:00,20.4531,13.6401
1784648700000,2026-07-21 15:45:00,20.591,13.6918
1784649600000,2026-07-21 16:00:00,20.5405,13.6728
1784650500000,2026-07-21 16:15:00,20.3645,13.6068
1784651400000,2026-07-21 16:30:00,20.3686,13.6084
1784652300000,2026-07-21 16:45:00,20.4208,13.628
1784653200000,2026-07-21 17:00:00,20.4128,13.625
1784654100000,2026-07-21 17:15:00,20.3837,13.614
1784655000000,2026-07-21 17:30:00,20.4566,13.6414
1784655900000,2026-07-21 17:45:00,20.1766,13.5364
1784656800000,2026-07-21 18:00:00,20.2426,13.5611
1784657700000,2026-07-21 18:15:00,20.2275,13.5555
1784658600000,2026-07-21 18:30:00,20.2678,13.5706
1784659500000,2026-07-21 18:45:00,20.2182,13.552
1784660400000,2026-07-21 19:00:00,20.2006,13.5454
1784661300000,2026-07-21 19:15:00,20.3424,13.5986
1784662200000,2026-07-21 19:30:00,20.3299,13.5939
1784663100000,2026-07-21 19:45:00,20.3194,13.5899
1784664000000,2026-07-21 20:00:00,20.2864,13.5776
1784664900000,2026-07-21 20:15:00,20.3059,13.5849
1784665800000,2026-07-21 20:30:00,20.3734,13.6102
1784666700000,2026-07-21 20:45:00,20.3149,13.5882
1784667600000,2026-07-21 21:00:00,20.3158,13.5886
1784668500000,2026-07-21 21:15:00,20.3386,13.5971
1784669400000,2026-07-21 21:30:00,20.416,13.6262
1784670300000,2026-07-21 21:45:00,20.3418,13.5983
1784671200000,2026-07-21 22:00:00,20.288,13.5782
1784672100000,2026-07-21 22:15:00,20.2659,13.5699
1784673000000,2026-07-21 22:30:00,20.2573,13.5666
1784673900000,2026-07-21 22:45:00,20.2346,13.5581
1784674800000,2026-07-21 23:00:00,20.143,13.5238
1784675700000,2026-07-21 23:15:00,20.2906,13.5791
1784676600000,2026-07-21 23:30:00,20.343,13.5988
1784677500000,2026-07-21 23:45:00,20.5398,13.6726
1784678400000,2026-07-22 00:00:00,20.7997,13.77
1784679300000,2026-07-22 00:15:00,20.7638,13.7566
1784680200000,2026-07-22 00:30:00,20.8518,13.7896
1784681100000,2026-07-22 00:45:00,20.8362,13.7837
1784682000000,2026-07-22 01:00:00,20.6906,13.7291
1784682900000,2026-07-22 01:15:00,20.5782,13.687
1784683800000,2026-07-22 01:30:00,20.6458,13.7123
1784684700000,2026-07-22 01:45:00,20.6522,13.7147
1784685600000,2026-07-22 02:00:00,20.6512,13.7144
1784686500000,2026-07-22 02:15:00,20.6122,13.6997
1784687400000,2026-07-22 02:30:00,20.5466,13.6751
1784688300000,2026-07-22 02:45:00,20.5418,13.6733
1784689200000,2026-07-22 03:00:00,20.441,13.6355
1784690100000,2026-07-22 03:15:00,20.6016,13.6958
1784691000000,2026-07-22 03:30:00,20.5936,13.6928
1784691900000,2026-07-22 03:45:00,20.4874,13.6529
1784692800000,2026-07-22 04:00:00,20.6608,13.718
1784693700000,2026-07-22 04:15:00,20.704,13.7342
1784694600000,2026-07-22 04:30:00,20.8186,13.7771
1784695500000,2026-07-22 04:45:00,20.7478,13.7506
1784696400000,2026-07-22 05:00:00,20.6118,13.6996
1784697300000,2026-07-22 05:15:00,20.3066,13.5851
1784698200000,2026-07-22 05:30:00,20.2282,13.5557
1784699100000,2026-07-22 05:45:00,20.1942,13.543
1784700000000,2026-07-22 06:00:00,20.2106,13.5491
1784700900000,2026-07-22 06:15:00,20.0394,13.4849
1784701800000,2026-07-22 06:30:00,20.1421,13.5234
1784702700000,2026-07-22 06:45:00,20.1302,13.519
1784703600000,2026-07-22 07:00:00,20.0966,13.5064
1784704500000,2026-07-22 07:15:00,20.1501,13.5264
1784705400000,2026-07-22 07:30:00,19.9872,13.4654
1784706300000,2026-07-22 07:45:00,20.0269,13.4802
1784707200000,2026-07-22 08:00:00,20.2413,13.5606
1784708100000,2026-07-22 08:15:00,20.2653,13.5696
1784709000000,2026-07-22 08:30:00,20.1875,13.5405
1784709900000,2026-07-22 08:45:00,20.2509,13.5642
1784710800000,2026-07-22 09:00:00,20.3514,13.6019
1784711700000,2026-07-22 09:15:00,20.3786,13.6121
1784712600000,2026-07-22 09:30:00,20.2602,13.5677
1784713500000,2026-07-22 09:45:00,20.3568,13.604
1784714400000,2026-07-22 10:00:00,20.3494,13.6012
1784715300000,2026-07-22 10:15:00,20.4835,13.6515
1784716200000,2026-07-22 10:30:00,20.5667,13.6827
1784717100000,2026-07-22 10:45:00,20.5587,13.6797
1784718000000,2026-07-22 11:00:00,20.5034,13.6589
1784718900000,2026-07-22 11:15:00,20.4816,13.6508
1784719800000,2026-07-22 11:30:00,20.3069,13.5852
1784720700000,2026-07-22 11:45:00,20.448,13.6382
1784721600000,2026-07-22 12:00:00,20.4122,13.6247
1784722500000,2026-07-22 12:15:00,20.3261,13.5924
1784723400000,2026-07-22 12:30:00,20.2445,13.5618
1784724300000,2026-07-22 12:45:00,20.1174,13.5142
1784725200000,2026-07-22 13:00:00,20.2195,13.5525
1784726100000,2026-07-22 13:15:00,20.2598,13.5676
1784727000000,2026-07-22 13:30:00,20.7693,13.7586
1784727900000,2026-07-22 13:45:00,20.8522,13.7897
1784728800000,2026-07-22 14:00:00,20.9024,13.8086
1784729700000,2026-07-22 14:15:00,20.3702,13.609
1784730600000,2026-07-22 14:30:00,20.4576,13.6418
1784731500000,2026-07-22 14:45:00,20.6394,13.7099
1784732400000,2026-07-22 15:00:00,20.9187,13.8147
1784733300000,2026-07-22 15:15:00,21.1318,13.8946
1784734200000,2026-07-22 15:30:00,20.9949,13.8432
1784735100000,2026-07-22 15:45:00,20.9485,13.8258
1784736000000,2026-07-22 16:00:00,21.0019,13.8459
1784736900000,2026-07-22 16:15:00,20.8448,13.787
1784737800000,2026-07-22 16:30:00,21.2202,13.9277
1784738700000,2026-07-22 16:45:00,21.1706,13.9091
1784739600000,2026-07-22 17:00:00,21.049,13.8635
1784740500000,2026-07-22 17:15:00,20.7475,13.7505
1784741400000,2026-07-22 17:30:00,20.9875,13.8405
1784742300000,2026-07-22 17:45:00,20.809,13.7735
1784743200000,2026-07-22 18:00:00,20.7229,13.7412
1784744100000,2026-07-22 18:15:00,20.64,13.7102
1784745000000,2026-07-22 18:30:00,20.4029,13.6212
1784745900000,2026-07-22 18:45:00,20.5501,13.6764
1784746800000,2026-07-22 19:00:00,20.3597,13.605
1784747700000,2026-07-22 19:15:00,20.4493,13.6386
1784748600000,2026-07-22 19:30:00,20.3773,13.6116
1784749500000,2026-07-22 19:45:00,20.3709,13.6092
1784750400000,2026-07-22 20:00:00,20.5018,13.6583
1784751300000,2026-07-22 20:15:00,20.457,13.6415
1784752200000,2026-07-22 20:30:00,20.4396,13.6466
1784753100000,2026-07-22 20:45:00,20.4396,13.6306
1784754000000,2026-07-22 21:00:00,20.4396,13.639
1784754900000,2026-07-22 21:15:00,20.4396,13.6452
1784755800000,2026-07-22 21:30:00,20.4396,13.7346
1784756700000,2026-07-22 21:45:00,20.4396,13.7735
1784757600000,2026-07-22 22:00:00,20.4396,13.7447
1784758500000,2026-07-22 22:15:00,20.4396,13.7429
1784759400000,2026-07-22 22:30:00,20.4396,13.7063
1784760300000,2026-07-22 22:45:00,20.4396,13.7692
1784761200000,2026-07-22 23:00:00,20.4396,13.6162
1784762100000,2026-07-22 23:15:00,20.4396,13.6546
1784763000000,2026-07-22 23:30:00,20.4396,13.6683
1784763900000,2026-07-22 23:45:00,20.4396,13.7208
1784764800000,2026-07-23 00:00:00,20.4396,13.7308
1784765700000,2026-07-23 00:15:00,20.4396,13.7704
1784766600000,2026-07-23 00:30:00,20.4396,13.7388
1784767500000,2026-07-23 00:45:00,20.4396,13.6936
1784768400000,2026-07-23 01:00:00,20.4396,13.707
1784769300000,2026-07-23 01:15:00,20.4396,13.7145
1784770200000,2026-07-23 01:30:00,20.4396,13.6454
1784771100000,2026-07-23 01:45:00,20.4396,13.6484
1784772000000,2026-07-23 02:00:00,20.4396,13.614
1784772900000,2026-07-23 02:15:00,20.4396,13.6022
1784773800000,2026-07-23 02:30:00,20.4396,13.6227
1784774700000,2026-07-23 02:45:00,20.4396,13.6391
1784775600000,2026-07-23 03:00:00,20.4396,13.5713
1784776500000,2026-07-23 03:15:00,20.4396,13.5806
1784777400000,2026-07-23 03:30:00,20.4396,13.5815
1784778300000,2026-07-23 03:45:00,20.4396,13.5546
1784779200000,2026-07-23 04:00:00,20.4396,13.5802
1784780100000,2026-07-23 04:15:00,20.4396,13.6096
1784781000000,2026-07-23 04:30:00,20.4396,13.5785
1784781900000,2026-07-23 04:45:00,20.4396,13.5465
1784782800000,2026-07-23 05:00:00,20.4396,13.5476
1784783700000,2026-07-23 05:15:00,20.4396,13.6174
1784784600000,2026-07-23 05:30:00,20.4396,13.611
1784785500000,2026-07-23 05:45:00,20.4396,13.5842
1784786400000,2026-07-23 06:00:00,20.4396,13.5867
1784787300000,2026-07-23 06:15:00,20.4396,13.6247
1784788200000,2026-07-23 06:30:00,20.4396,13.6187
1784789100000,2026-07-23 06:45:00,20.4396,13.6139
1784790000000,2026-07-23 07:00:00,20.4396,13.5214
1784790900000,2026-07-23 07:15:00,20.4396,13.501
1784791800000,2026-07-23 07:30:00,20.4396,13.4704
1784792700000,2026-07-23 07:45:00,20.4396,13.4964
1784793600000,2026-07-23 08:00:00,20.4396,13.5438
1784794500000,2026-07-23 08:15:00,20.4396,13.5758
1784795400000,2026-07-23 08:30:00,20.4396,13.6172
1784796300000,2026-07-23 08:45:00,20.4396,13.6275
1784797200000,2026-07-23 09:00:00,20.4396,13.6601
1784798100000,2026-07-23 09:15:00,20.405,13.6634
1784799000000,2026-07-23 09:30:00,20.3919,13.6584
1784799900000,2026-07-23 09:45:00,20.2316,13.5983
1784800800000,2026-07-23 10:00:00,20.302,13.6247
1784801700000,2026-07-23 10:15:00,20.3541,13.6443
1784802600000,2026-07-23 10:30:00,20.4088,13.6648
1784803500000,2026-07-23 10:45:00,20.3576,13.6456
1784804400000,2026-07-23 11:00:00,20.3724,13.6511
1784805300000,2026-07-23 11:15:00,20.2952,13.6222
1784806200000,2026-07-23 11:30:00,20.292,13.621
1784807100000,2026-07-23 11:45:00,20.2812,13.6169
1784808000000,2026-07-23 12:00:00,20.2127,13.5912
1784808900000,2026-07-23 12:15:00,20.0668,13.5365
1784809800000,2026-07-23 12:30:00,19.6031,13.3626
1784810700000,2026-07-23 12:45:00,19.6044,13.3631
1784811600000,2026-07-23 13:00:00,19.4098,13.2902
1784812500000,2026-07-23 13:15:00,19.3973,13.2855
1784813400000,2026-07-23 13:30:00,19.7068,13.4015
1784814300000,2026-07-23 13:45:00,19.4184,13.2934
1784815200000,2026-07-23 14:00:00,19.5343,13.3368
1784816100000,2026-07-23 14:15:00,19.5852,13.3559
1784817000000,2026-07-23 14:30:00,19.4488,13.3048
1784817900000,2026-07-23 14:45:00,19.3458,13.2662
1784818800000,2026-07-23 15:00:00,18.965,13.1234
1784819700000,2026-07-23 15:15:00,19.2344,13.2244
1784820600000,2026-07-23 15:30:00,19.1682,13.1996
1784821500000,2026-07-23 15:45:00,19.316,13.255
1784822400000,2026-07-23 16:00:00,19.1487,13.1922
1784823300000,2026-07-23 16:15:00,19.1445,13.1907
1784824200000,2026-07-23 16:30:00,19.0831,13.1676
1784825100000,2026-07-23 16:45:00,19.0757,13.1649
1784826000000,2026-07-23 17:00:00,19.0853,13.1685
1784826900000,2026-07-23 17:15:00,19.1864,13.2064
1784827800000,2026-07-23 17:30:00,19.109,13.1774
1784828700000,2026-07-23 17:45:00,18.7797,13.0713
1784829600000,2026-07-23 18:00:00,18.8024,13.0227
1784830500000,2026-07-23 18:15:00,18.844,12.9915
1784831400000,2026-07-23 18:30:00,18.798,13.0261
1784832300000,2026-07-23 18:45:00,18.862,12.9781
1784833200000,2026-07-23 19:00:00,18.6831,13.0897
1784834100000,2026-07-23 19:15:00,18.6831,12.9721
1784835000000,2026-07-23 19:30:00,18.6831,13.1
1784835900000,2026-07-23 19:45:00,18.6831,13.1115
1784836800000,2026-07-23 20:00:00,18.6831,12.9104
1784837700000,2026-07-23 20:15:00,18.6831,12.823
1784838600000,2026-07-23 20:30:00,18.6831,12.8914
1784839500000,2026-07-23 20:45:00,18.6831,12.8653
1784840400000,2026-07-23 21:00:00,18.6831,12.9397
1784841300000,2026-07-23 21:15:00,18.6831,12.938
1784842200000,2026-07-23 21:30:00,18.6831,12.9589
1784843100000,2026-07-23 21:45:00,18.6831,12.9459
1784844000000,2026-07-23 22:00:00,18.6831,13.0453
1784844900000,2026-07-23 22:15:00,18.6831,13.0042
1784845800000,2026-07-23 22:30:00,18.6831,12.9281
1784846700000,2026-07-23 22:45:00,18.6831,12.9269
1784847600000,2026-07-23 23:00:00,18.6831,12.9329
1784848500000,2026-07-23 23:15:00,18.6831,12.9337
1784849400000,2026-07-23 23:30:00,18.6831,12.9617
1784850300000,2026-07-23 23:45:00,18.6831,13.0472
1784851200000,2026-07-24 00:00:00,18.6831,13.1369
1784852100000,2026-07-24 00:15:00,18.6831,13.2171
1784853000000,2026-07-24 00:30:00,18.6831,13.4165
1784853900000,2026-07-24 00:45:00,18.4706,13.3499
1784854800000,2026-07-24 01:00:00,18.4031,13.3237
1784855700000,2026-07-24 01:15:00,18.4151,13.3284
1784856600000,2026-07-24 01:30:00,18.3274,13.2945
1784857500000,2026-07-24 01:45:00,18.4303,13.3343
1784858400000,2026-07-24 02:00:00,18.2964,13.2825
1784859300000,2026-07-24 02:15:00,18.3336,13.2969
1784860200000,2026-07-24 02:30:00,18.5072,13.3641
1784861100000,2026-07-24 02:45:00,18.5271,13.3717
1784862000000,2026-07-24 03:00:00,18.3246,13.2934
1784862900000,2026-07-24 03:15:00,18.2363,13.2592
1784863800000,2026-07-24 03:30:00,18.1777,13.2365
1784864700000,2026-07-24 03:45:00,18.1901,13.2413
1784865600000,2026-07-24 04:00:00,18.244,13.2622
1784866500000,2026-07-24 04:15:00,18.2084,13.2484
1784867400000,2026-07-24 04:30:00,18.3135,13.2891
1784868300000,2026-07-24 04:45:00,18.3345,13.2972
1784869200000,2026-07-24 05:00:00,18.2121,13.2498
1784870100000,2026-07-24 05:15:00,18.2074,13.248
1784871000000,2026-07-24 05:30:00,18.1826,13.2384
1784871900000,2026-07-24 05:45:00,18.1764,13.236
1784872800000,2026-07-24 06:00:00,18.1532,13.227
1784873700000,2026-07-24 06:15:00,18.0769,13.1975
1784874600000,2026-07-24 06:30:00,18.0128,13.1727
1784875500000,2026-07-24 06:45:00,17.9554,13.1505
1784876400000,2026-07-24 07:00:00,17.315,12.9025
1784877300000,2026-07-24 07:15:00,17.6522,13.0331
1784878200000,2026-07-24 07:30:00,17.8708,13.1177
1784879100000,2026-07-24 07:45:00,17.7161,13.0578
1784880000000,2026-07-24 08:00:00,17.7862,13.0849
1784880900000,2026-07-24 08:15:00,17.8947,13.1269
1784881800000,2026-07-24 08:30:00,17.8165,13.0967
1784882700000,2026-07-24 08:45:00,17.9619,13.153
1784883600000,2026-07-24 09:00:00,18.1303,13.2181
1784884500000,2026-07-24 09:15:00,18.134,13.2196
1784885400000,2026-07-24 09:30:00,18.0335,13.1807
1784886300000,2026-07-24 09:45:00,17.9619,13.153
1784887200000,2026-07-24 10:00:00,18.1107,13.2106
1784888100000,2026-07-24 10:15:00,18.0546,13.1889
1784889000000,2026-07-24 10:30:00,18.0828,13.1998
1784889900000,2026-07-24 10:45:00,18.0943,13.2042
1784890800000,2026-07-24 11:00:00,18.1755,13.2357
1784891700000,2026-07-24 11:15:00,18.1656,13.2318
1784892600000,2026-07-24 11:30:00,18.2446,13.2624
1784893500000,2026-07-24 11:45:00,18.0872,13.2015
1784894400000,2026-07-24 12:00:00,18.0927,13.2036
1784895300000,2026-07-24 12:15:00,18.1237,13.2156
1784896200000,2026-07-24 12:30:00,18.2722,13.2731
1784897100000,2026-07-24 12:45:00,18.4325,13.3351
1784898000000,2026-07-24 13:00:00,18.7543,13.4597
1784898900000,2026-07-24 13:15:00,18.6204,13.4079
1784899800000,2026-07-24 13:30:00,18.6569,13.422
1784900700000,2026-07-24 13:45:00,18.8355,13.4645
1784901600000,2026-07-24 14:00:00,18.4513,13.1451
1784902500000,2026-07-24 14:15:00,18.6832,13.3445
1784903400000,2026-07-24 14:30:00,18.3991,13.0423
1784904300000,2026-07-24 14:45:00,18.559,13.3081
1784905200000,2026-07-24 15:00:00,18.3181,13.1449
1784906100000,2026-07-24 15:15:00,18.1238,12.9899
1784907000000,2026-07-24 15:30:00,18.1943,13.0386
1784907900000,2026-07-24 15:45:00,18.1499,12.971
1784908800000,2026-07-24 16:00:00,17.9487,12.8125
1784909700000,2026-07-24 16:15:00,17.9249,12.6227
1784910600000,2026-07-24 16:30:00,17.8956,12.6699
1784911500000,2026-07-24 16:45:00,17.9378,12.662
1784912400000,2026-07-24 17:00:00,17.6602,12.6616
1784913300000,2026-07-24 17:15:00,17.6933,12.5977
1784914200000,2026-07-24 17:30:00,17.8698,12.5927
1784915100000,2026-07-24 17:45:00,17.9045,12.6332
1784916000000,2026-07-24 18:00:00,18.1691,12.8319
1784916900000,2026-07-24 18:15:00,18.0893,12.7174
1784917800000,2026-07-24 18:30:00,18.1911,12.7787
1784918700000,2026-07-24 18:45:00,18.1742,12.8018
1784919600000,2026-07-24 19:00:00,18.2282,12.7848
1784920500000,2026-07-24 19:15:00,18.2398,12.8365
1784921400000,2026-07-24 19:30:00,18.2062,12.8405
1784922300000,2026-07-24 19:45:00,18.1461,12.7919
1784923200000,2026-07-24 20:00:00,18.0844,12.7379
1784924100000,2026-07-24 20:15:00,18.0846,12.737
1784925000000,2026-07-24 20:30:00,18.1013,12.7298
1784925900000,2026-07-24 20:45:00,18.2507,12.8417
1784926800000,2026-07-24 21:00:00,18.1651,12.7511
1784927700000,2026-07-24 21:15:00,17.9429,12.5766
1784928600000,2026-07-24 21:30:00,17.7853,12.446
1784929500000,2026-07-24 21:45:00,17.4925,12.1736
1784930400000,2026-07-24 22:00:00,17.1943,11.7792
1784931300000,2026-07-24 22:15:00,17.1962,11.78
1784932200000,2026-07-24 22:30:00,17.1478,11.7612
1784933100000,2026-07-24 22:45:00,17.1875,11.7766
1784934000000,2026-07-24 23:00:00,17.1791,11.7734
1784934900000,2026-07-24 23:15:00,17.1478,11.7612
1784935800000,2026-07-24 23:30:00,17.141,11.7586
1784936700000,2026-07-24 23:45:00,17.1311,11.7548
1784937600000,2026-07-25 00:00:00,17.083,11.7362
1784938500000,2026-07-25 00:15:00,17.0554,11.7255
1784939400000,2026-07-25 00:30:00,17.1673,11.7688
1784940300000,2026-07-25 00:45:00,17.1686,11.7693
1784941200000,2026-07-25 01:00:00,17.1968,11.7802
1784942100000,2026-07-25 01:15:00,17.1819,11.7744
1784943000000,2026-07-25 01:30:00,17.1224,11.7514
1784943900000,2026-07-25 01:45:00,17.1714,11.7704
1784944800000,2026-07-25 02:00:00,17.1695,11.7696
1784945700000,2026-07-25 02:15:00,17.1531,11.7633
1784946600000,2026-07-25 02:30:00,17.1599,11.7659
1784947500000,2026-07-25 02:45:00,17.1928,11.7786
1784948400000,2026-07-25 03:00:00,17.1921,11.7784
1784949300000,2026-07-25 03:15:00,17.1962,11.78
1784950200000,2026-07-25 03:30:00,17.1921,11.7784
1784951100000,2026-07-25 03:45:00,17.216,11.7876
1784952000000,2026-07-25 04:00:00,17.1491,11.7617
1784952900000,2026-07-25 04:15:00,17.177,11.7725
1784953800000,2026-07-25 04:30:00,17.1298,11.7543
1784954700000,2026-07-25 04:45:00,17.1351,11.7563
1784955600000,2026-07-25 05:00:00,17.1565,11.7646
1784956500000,2026-07-25 05:15:00,17.1509,11.7624
1784957400000,2026-07-25 05:30:00,17.234,11.7946
1784958300000,2026-07-25 05:45:00,17.2241,11.7908
1784959200000,2026-07-25 06:00:00,17.1912,11.778
1784960100000,2026-07-25 06:15:00,17.2786,11.8119
1784961000000,2026-07-25 06:30:00,17.3146,11.8258
1784961900000,2026-07-25 06:45:00,17.2219,11.7899
1784962800000,2026-07-25 07:00:00,17.2526,11.8018
1784963700000,2026-07-25 07:15:00,17.2662,11.8071
1784964600000,2026-07-25 07:30:00,17.2696,11.8084
1784965500000,2026-07-25 07:45:00,17.3003,11.8203
1784966400000,2026-07-25 08:00:00,17.349,11.8391
1784967300000,2026-07-25 08:15:00,17.305,11.8221
1784968200000,2026-07-25 08:30:00,17.3285,11.8312
1784969100000,2026-07-25 08:45:00,17.3692,11.8469
1784970000000,2026-07-25 09:00:00,17.3543,11.8412
1784970900000,2026-07-25 09:15:00,17.3037,11.8216
1784971800000,2026-07-25 09:30:00,17.2861,11.8148
1784972700000,2026-07-25 09:45:00,17.2262,11.7916
1784973600000,2026-07-25 10:00:00,17.2114,11.7858
1784974500000,2026-07-25 10:15:00,17.2362,11.7954
1784975400000,2026-07-25 10:30:00,17.2616,11.8053
1784976300000,2026-07-25 10:45:00,17.2194,11.789
1784977200000,2026-07-25 11:00:00,17.1946,11.7794
1784978100000,2026-07-25 11:15:00,17.2235,11.7905
1784979000000,2026-07-25 11:30:00,17.2309,11.7934
1784979900000,2026-07-25 11:45:00,17.2402,11.797
1784980800000,2026-07-25 12:00:00,17.2272,11.792
1784981700000,2026-07-25 12:15:00,17.2324,11.794
1784982600000,2026-07-25 12:30:00,17.2253,11.7912
1784983500000,2026-07-25 12:45:00,17.1351,11.7675
1784984400000,2026-07-25 13:00:00,17.1351,11.7383
1784985300000,2026-07-25 13:15:00,17.1351,11.7231
1784986200000,2026-07-25 13:30:00,17.1351,11.6727
1784987100000,2026-07-25 13:45:00,17.1351,11.685
1784988000000,2026-07-25 14:00:00,17.0997,11.6856
1784988900000,2026-07-25 14:15:00,17.1204,11.6945
1784989800000,2026-07-25 14:30:00,17.0652,11.6709
1784990700000,2026-07-25 14:45:00,17.0563,11.667
1784991600000,2026-07-25 15:00:00,17.0535,11.6658
1784992500000,2026-07-25 15:15:00,17.0627,11.6698
1784993400000,2026-07-25 15:30:00,17.0137,11.6488
1784994300000,2026-07-25 15:45:00,17.0801,11.6772
1784995200000,2026-07-25 16:00:00,17.0596,11.6685
1784996100000,2026-07-25 16:15:00,17.1347,11.7006
1784997000000,2026-07-25 16:30:00,17.0501,11.6644
1784997900000,2026-07-25 16:45:00,17.0756,11.6753
1784998800000,2026-07-25 17:00:00,17.0417,11.6608
1784999700000,2026-07-25 17:15:00,16.9745,11.632
1785000600000,2026-07-25 17:30:00,16.9205,11.6088
1785001500000,2026-07-25 17:45:00,16.9328,11.6141
1785002400000,2026-07-25 18:00:00,16.9157,11.6068
1785003300000,2026-07-25 18:15:00,16.8748,11.5893
1785004200000,2026-07-25 18:30:00,16.9123,11.6054
1785005100000,2026-07-25 18:45:00,16.874,11.5889
1785006000000,2026-07-25 19:00:00,16.8566,11.5815
1785006900000,2026-07-25 19:15:00,16.8748,11.5893
1785007800000,2026-07-25 19:30:00,16.8608,11.5833
1785008700000,2026-07-25 19:45:00,16.8905,11.596
1785009600000,2026-07-25 20:00:00,16.9168,11.6073
1785010500000,2026-07-25 20:15:00,16.9571,11.6246
1785011400000,2026-07-25 20:30:00,16.9882,11.6379
1785012300000,2026-07-25 20:45:00,16.9616,11.6265
1785013200000,2026-07-25 21:00:00,17.0179,11.6506
1785014100000,2026-07-25 21:15:00,17.0014,11.6435
1785015000000,2026-07-25 21:30:00,16.9678,11.6291
1785015900000,2026-07-25 21:45:00,16.9493,11.6212
1785016800000,2026-07-25 22:00:00,16.9081,11.6036
1785017700000,2026-07-25 22:15:00,16.8779,11.5906
1785018600000,2026-07-25 22:30:00,16.8603,11.583
1785019500000,2026-07-25 22:45:00,16.8566,11.5815
1785020400000,2026-07-25 23:00:00,16.8846,11.5935
1785021300000,2026-07-25 23:15:00,16.9042,11.6019
1785022200000,2026-07-25 23:30:00,16.8989,11.5996
1785023100000,2026-07-25 23:45:00,16.8871,11.5946
1785024000000,2026-07-26 00:00:00,16.8157,11.564
1785024900000,2026-07-26 00:15:00,16.7637,11.5416
1785025800000,2026-07-26 00:30:00,16.8227,11.567
1785026700000,2026-07-26 00:45:00,16.7119,11.5194
1785027600000,2026-07-26 01:00:00,16.7326,11.5283
1785028500000,2026-07-26 01:15:00,16.7572,11.5389
1785029400000,2026-07-26 01:30:00,16.7589,11.5396
1785030300000,2026-07-26 01:45:00,16.7785,11.548
1785031200000,2026-07-26 02:00:00,16.7544,11.5377
1785032100000,2026-07-26 02:15:00,16.7623,11.541
1785033000000,2026-07-26 02:30:00,16.7928,11.5541
1785033900000,2026-07-26 02:45:00,16.7141,11.5204
1785034800000,2026-07-26 03:00:00,16.6455,11.491
1785035700000,2026-07-26 03:15:00,16.7023,11.5154
1785036600000,2026-07-26 03:30:00,16.6713,11.502
1785037500000,2026-07-26 03:45:00,16.6777,11.5048
1785038400000,2026-07-26 04:00:00,16.7063,11.517
1785039300000,2026-07-26 04:15:00,16.6217,11.4808
1785040200000,2026-07-26 04:30:00,16.5282,11.4407
1785041100000,2026-07-26 04:45:00,16.5663,11.457
1785042000000,2026-07-26 05:00:00,16.5321,11.4424
1785042900000,2026-07-26 05:15:00,16.608,11.4749
1785043800000,2026-07-26 05:30:00,16.571,11.4591
1785044700000,2026-07-26 05:45:00,16.6463,11.4914
1785045600000,2026-07-26 06:00:00,16.7105,11.5188
1785046500000,2026-07-26 06:15:00,16.7802,11.5487
1785047400000,2026-07-26 06:30:00,16.678,11.5049
1785048300000,2026-07-26 06:45:00,16.6029,11.4728
1785049200000,2026-07-26 07:00:00,16.6083,11.475
1785050100000,2026-07-26 07:15:00,16.6545,11.4948
1785051000000,2026-07-26 07:30:00,16.727,11.5259
1785051900000,2026-07-26 07:45:00,16.6931,11.5114
1785052800000,2026-07-26 08:00:00,16.7287,11.5266
1785053700000,2026-07-26 08:15:00,16.7217,11.5236
1785054600000,2026-07-26 08:30:00,16.6881,11.5092
1785055500000,2026-07-26 08:45:00,16.7009,11.5148
1785056400000,2026-07-26 09:00:00,16.6911,11.5106
1785057300000,2026-07-26 09:15:00,16.6209,11.4804
1785058200000,2026-07-26 09:30:00,16.6099,11.4758
1785059100000,2026-07-26 09:45:00,16.6332,11.4857
1785060000000,2026-07-26 10:00:00,16.6055,11.4738
1785060900000,2026-07-26 10:15:00,16.5903,11.4674
1785061800000,2026-07-26 10:30:00,16.5489,11.4496
1785062700000,2026-07-26 10:45:00,16.5702,11.4587
1785063600000,2026-07-26 11:00:00,16.5503,11.4502
1785064500000,2026-07-26 11:15:00,16.5427,11.447
1785065400000,2026-07-26 11:30:00,16.5623,11.4554
1785066300000,2026-07-26 11:45:00,16.5772,11.4617
1785067200000,2026-07-26 12:00:00,16.4456,11.4053
1785068100000,2026-07-26 12:15:00,16.4641,11.4132
1785069000000,2026-07-26 12:30:00,16.5229,11.4384
1785069900000,2026-07-26 12:45:00,16.5632,11.4557
1785070800000,2026-07-26 13:00:00,16.6609,11.4976
1785071700000,2026-07-26 13:15:00,16.5733,11.46
1785072600000,2026-07-26 13:30:00,16.5139,11.4346
1785073500000,2026-07-26 13:45:00,16.557,11.4531
1785074400000,2026-07-26 14:00:00,16.3171,11.3502
1785075300000,2026-07-26 14:15:00,16.3806,11.3775
1785076200000,2026-07-26 14:30:00,16.2902,11.3387
1785077100000,2026-07-26 14:45:00,16.2179,11.3078
1785078000000,2026-07-26 15:00:00,16.1978,11.2991
1785078900000,2026-07-26 15:15:00,15.9777,11.2048
1785079800000,2026-07-26 15:30:00,15.7694,11.1364
1785080700000,2026-07-26 15:45:00,15.7719,11.1021
1785081600000,2026-07-26 16:00:00,15.8954,10.9962
1785082500000,2026-07-26 16:15:00,15.5933,11.2321
1785083400000,2026-07-26 16:30:00,15.5512,11.224
1785084300000,2026-07-26 16:45:00,15.4679,11.1441
1785085200000,2026-07-26 17:00:00,15.4917,11.1669
1785086100000,2026-07-26 17:15:00,15.4197,11.0977
1785087000000,2026-07-26 17:30:00,15.3657,11.0459
1785087900000,2026-07-26 17:45:00,15.3442,11.0253
1785088800000,2026-07-26 18:00:00,15.3712,11.0512
1785089700000,2026-07-26 18:15:00,15.3892,11.0685
1785090600000,2026-07-26 18:30:00,15.4049,11.0836
1785091500000,2026-07-26 18:45:00,15.4234,11.1013
1785092400000,2026-07-26 19:00:00,15.3672,11.0473
1785093300000,2026-07-26 19:15:00,15.4104,11.0889
1785094200000,2026-07-26 19:30:00,15.4262,11.104
1785095100000,2026-07-26 19:45:00,15.4159,11.0941
1785096000000,2026-07-26 20:00:00,15.3857,11.0651
1785096900000,2026-07-26 20:15:00,15.3914,11.0706
1785097800000,2026-07-26 20:30:00,15.3857,11.0651
1785098700000,2026-07-26 20:45:00,15.4017,11.0805
1785099600000,2026-07-26 21:00:00,15.4407,11.1179
1785100500000,2026-07-26 21:15:00,15.5989,11.2698
1785101400000,2026-07-26 21:30:00,15.5987,11.2696
1785102300000,2026-07-26 21:45:00,15.7112,11.3776
1785103200000,2026-07-26 22:00:00,16.0255,11.6153
1785104100000,2026-07-26 22:15:00,16.0327,11.6219
1785105000000,2026-07-26 22:30:00,16.1454,11.7259
1785105900000,2026-07-26 22:45:00,16.0022,11.5896
1785106800000,2026-07-26 23:00:00,16.2724,11.9059
1785107700000,2026-07-26 23:15:00,16.1271,11.6984
1785108600000,2026-07-26 23:30:00,15.8457,11.4316
1785109500000,2026-07-26 23:45:00,16.0018,11.5896
1785110400000,2026-07-27 00:00:00,15.8324,11.3748
1785111300000,2026-07-27 00:15:00,15.9323,11.4201
1785112200000,2026-07-27 00:30:00,15.8527,11.3119
1785113100000,2026-07-27 00:45:00,16.0221,11.4793
1785114000000,2026-07-27 01:00:00,16.0326,11.4955
1785114900000,2026-07-27 01:15:00,16.2965,11.7274
1785115800000,2026-07-27 01:30:00,16.4987,11.9273
1785116700000,2026-07-27 01:45:00,16.5118,12.0051
1785117600000,2026-07-27 02:00:00,16.4543,11.9297
1785118500000,2026-07-27 02:15:00,16.4732,11.9413
1785119400000,2026-07-27 02:30:00,16.3534,11.8343
1785120300000,2026-07-27 02:45:00,16.2397,11.6912
1785121200000,2026-07-27 03:00:00,16.3243,11.7951
1785122100000,2026-07-27 03:15:00,16.3956,11.8689
1785123000000,2026-07-27 03:30:00,16.473,11.9562
1785123900000,2026-07-27 03:45:00,16.4804,11.9891
1785124800000,2026-07-27 04:00:00,16.5647,12.1063
1785125700000,2026-07-27 04:15:00,16.5627,12.1137
1785126600000,2026-07-27 04:30:00,16.5283,12.1212
1785127500000,2026-07-27 04:45:00,16.5569,12.1012
1785128400000,2026-07-27 05:00:00,16.5281,12.1076
1785129300000,2026-07-27 05:15:00,16.5526,12.1626
1785130200000,2026-07-27 05:30:00,16.6656,12.276
1785131100000,2026-07-27 05:45:00,16.7291,12.3587
1785132000000,2026-07-27 06:00:00,16.7217,12.4477
1785132900000,2026-07-27 06:15:00,16.6881,12.4699
1785133800000,2026-07-27 06:30:00,16.8091,12.5024
1785134700000,2026-07-27 06:45:00,16.7481,12.4994
1785135600000,2026-07-27 07:00:00,16.8385,12.5473
1785136500000,2026-07-27 07:15:00,16.8146,12.5509
1785137400000,2026-07-27 07:30:00,16.8671,12.6371
1785138300000,2026-07-27 07:45:00,16.9164,12.7112
1785139200000,2026-07-27 08:00:00,16.9611,12.7511
1785140100000,2026-07-27 08:15:00,16.985,12.7298
1785141000000,2026-07-27 08:30:00,16.9883,12.7704
1785141900000,2026-07-27 08:45:00,16.9418,12.7378
1785142800000,2026-07-27 09:00:00,16.7615,12.6539
1785143700000,2026-07-27 09:15:00,16.7377,12.5928
1785144600000,2026-07-27 09:30:00,16.822,12.5949
1785145500000,2026-07-27 09:45:00,16.8024,12.5924
1785146400000,2026-07-27 10:00:00,16.8295,12.6242
1785147300000,2026-07-27 10:15:00,16.8406,12.6114
1785148200000,2026-07-27 10:30:00,16.8822,12.6028
1785149100000,2026-07-27 10:45:00,16.793,12.5533
1785150000000,2026-07-27 11:00:00,16.7704,12.5606
1785150900000,2026-07-27 11:15:00,16.6577,12.5288
1785151800000,2026-07-27 11:30:00,16.5653,12.4331
1785152700000,2026-07-27 11:45:00,16.5871,12.458
1785153600000,2026-07-27 12:00:00,16.4897,12.4235
1785154500000,2026-07-27 12:15:00,16.4588,12.4832
1785155400000,2026-07-27 12:30:00,16.4893,12.4469
1785156300000,2026-07-27 12:45:00,16.552,12.4528
1785157200000,2026-07-27 13:00:00,16.4619,12.4142
1785158100000,2026-07-27 13:15:00,16.4801,12.4527
1785159000000,2026-07-27 13:30:00,16.7973,12.4553
1785159900000,2026-07-27 13:45:00,16.6786,12.528
1785160800000,2026-07-27 14:00:00,16.7927,12.6002
1785161700000,2026-07-27 14:15:00,16.4556,12.6157
1785162600000,2026-07-27 14:30:00,16.0162,12.4224
1785163500000,2026-07-27 14:45:00,16.3129,12.4224
1785164400000,2026-07-27 15:00:00,16.355,12.4224
1785165300000,2026-07-27 15:15:00,16.2838,12.4224
1785166200000,2026-07-27 15:30:00,16.2869,12.4224
1785167100000,2026-07-27 15:45:00,16.1956,12.4224
1785168000000,2026-07-27 16:00:00,16.2037,12.4224
1785168900000,2026-07-27 16:15:00,16.4392,12.4224
1785169800000,2026-07-27 16:30:00,16.5913,12.4224
1785170700000,2026-07-27 16:45:00,16.4166,12.32
1785171600000,2026-07-27 17:00:00,16.4082,12.3432
1785172500000,2026-07-27 17:15:00,16.7068,12.5413
1785173400000,2026-07-27 17:30:00,16.7204,12.545
1785174300000,2026-07-27 17:45:00,16.8245,12.6083
1785175200000,2026-07-27 18:00:00,16.3607,12.2502
1785176100000,2026-07-27 18:15:00,16.0668,12.0521
1785177000000,2026-07-27 18:30:00,15.8214,11.9191
1785177900000,2026-07-27 18:45:00,16.0734,12.054
1785178800000,2026-07-27 19:00:00,16.6291,12.3255
1785179700000,2026-07-27 19:15:00,16.7179,12.3553
1785180600000,2026-07-27 19:30:00,16.6577,12.3023
1785181500000,2026-07-27 19:45:00,16.7514,12.439
1785182400000,2026-07-27 20:00:00,16.6238,12.3832
1785183300000,2026-07-27 20:15:00,16.7639,12.4622
1785184200000,2026-07-27 20:30:00,16.4874,12.2772
1785185100000,2026-07-27 20:45:00,16.7914,12.5078
1785186000000,2026-07-27 21:00:00,16.7452,12.4297
1785186900000,2026-07-27 21:15:00,16.3477,12.1758
1785187800000,2026-07-27 21:30:00,16.3009,12.1758
1785188700000,2026-07-27 21:45:00,16.2576,12.147
1785189600000,2026-07-27 22:00:00,16.1914,12.1739
1785190500000,2026-07-27 22:15:00,15.8263,12.053
1785191400000,2026-07-27 22:30:00,15.1502,11.8029
1785192300000,2026-07-27 22:45:00,14.1279,11.5598
1785193200000,2026-07-27 23:00:00,14.1448,11.5598
1785194100000,2026-07-27 23:15:00,13.9763,11.5598
1785195000000,2026-07-27 23:30:00,13.5958,11.3917
1785195900000,2026-07-27 23:45:00,13.7213,11.5122
1785196800000,2026-07-28 00:00:00,13.5808,11.3773
1785197700000,2026-07-28 00:15:00,13.4915,11.2916
1785198600000,2026-07-28 00:30:00,13.5143,11.3134
1785199500000,2026-07-28 00:45:00,13.3803,11.1848
1785200400000,2026-07-28 01:00:00,13.303,11.1106
1785201300000,2026-07-28 01:15:00,13.3663,11.1714
1785202200000,2026-07-28 01:30:00,13.3063,11.1138
1785203100000,2026-07-28 01:45:00,13.3075,11.115
1785204000000,2026-07-28 02:00:00,13.3475,11.1534
1785204900000,2026-07-28 02:15:00,13.357,11.1625
1785205800000,2026-07-28 02:30:00,13.293,11.101
1785206700000,2026-07-28 02:45:00,13.3045,11.1121
1785207600000,2026-07-28 03:00:00,13.3438,11.1498
1785208500000,2026-07-28 03:15:00,13.3675,11.1726
1785209400000,2026-07-28 03:30:00,13.4765,11.2772
1785210300000,2026-07-28 03:45:00,13.444,11.246
1785211200000,2026-07-28 04:00:00,13.4218,11.2246
1785212100000,2026-07-28 04:15:00,13.3943,11.1982
1785213000000,2026-07-28 04:30:00,13.3923,11.1963
1785213900000,2026-07-28 04:45:00,13.3933,11.1973
1785214800000,2026-07-28 05:00:00,13.478,11.2786
1785215700000,2026-07-28 05:15:00,13.57,11.367
1785216600000,2026-07-28 05:30:00,13.6148,11.4099
1785217500000,2026-07-28 05:45:00,13.486,11.2863
1785218400000,2026-07-28 06:00:00,13.4073,11.2107
1785219300000,2026-07-28 06:15:00,13.497,11.2969
1785220200000,2026-07-28 06:30:00,13.565,11.3622
1785221100000,2026-07-28 06:45:00,13.6255,11.4202
1785222000000,2026-07-28 07:00:00,13.5908,11.3869
1785222900000,2026-07-28 07:15:00,13.542,11.3401
1785223800000,2026-07-28 07:30:00,13.5018,11.3014
1785224700000,2026-07-28 07:45:00,13.504,11.3036
1785225600000,2026-07-28 08:00:00,13.4225,11.2254
1785226500000,2026-07-28 08:15:00,13.5268,11.3254
1785227400000,2026-07-28 08:30:00,13.5348,11.3331
1785228300000,2026-07-28 08:45:00,13.525,11.3238
1785229200000,2026-07-28 09:00:00,13.4745,11.2753
1785230100000,2026-07-28 09:15:00,13.5103,11.3096
1785231000000,2026-07-28 09:30:00,13.4725,11.2734
1785231900000,2026-07-28 09:45:00,13.3175,11.1246
1785232800000,2026-07-28 10:00:00,13.3103,11.1176
1785233700000,2026-07-28 10:15:00,13.3473,11.1531
1785234600000,2026-07-28 10:30:00,13.409,11.2124
1785235500000,2026-07-28 10:45:00,13.3835,11.1879
1785236400000,2026-07-28 11:00:00,13.234,11.0444
1785237300000,2026-07-28 11:15:00,13.2758,11.0845
1785238200000,2026-07-28 11:30:00,13.2623,11.0715
1785239100000,2026-07-28 11:45:00,13.3275,11.1342
1785240000000,2026-07-28 12:00:00,13.356,11.1615
1785240900000,2026-07-28 12:15:00,13.3923,11.1963
1785241800000,2026-07-28 12:30:00,13.2766,11.0763
1785242700000,2026-07-28 12:45:00,13.48,11.2707
1785243600000,2026-07-28 13:00:00,13.4833,11.2751
1785244500000,2026-07-28 13:15:00,13.0725,10.8717
1785245400000,2026-07-28 13:30:00,12.5509,10.1036
1785246300000,2026-07-28 13:45:00,12.5867,9.8381
1785247200000,2026-07-28 14:00:00,12.9673,9.8381
1785248100000,2026-07-28 14:15:00,12.9273,9.7289
1785249000000,2026-07-28 14:30:00,13.3679,9.9356
1785249900000,2026-07-28 14:45:00,13.8169,10.2944
1785250800000,2026-07-28 15:00:00,13.8656,10.2881
1785251700000,2026-07-28 15:15:00,14.6872,10.6007
1785252600000,2026-07-28 15:30:00,14.9016,10.6007
1785253500000,2026-07-28 15:45:00,15.0816,10.6007
1785254400000,2026-07-28 16:00:00,15.0231,10.6007
1785255300000,2026-07-28 16:15:00,15.0539,10.6007
1785256200000,2026-07-28 16:30:00,15.1103,10.6007
1785257100000,2026-07-28 16:45:00,15.1541,10.6007
1785258000000,2026-07-28 17:00:00,14.9774,10.6007
1785258900000,2026-07-28 17:15:00,14.9271,10.6007
1785259800000,2026-07-28 17:30:00,14.7726,10.6007
1785260700000,2026-07-28 17:45:00,14.8425,10.6007
1785261600000,2026-07-28 18:00:00,14.9283,10.6007
1785262500000,2026-07-28 18:15:00,14.939,10.6007
1785263400000,2026-07-28 18:30:00,14.9846,10.6007
1785264300000,2026-07-28 18:45:00,14.9651,10.6007
1785265200000,2026-07-28 19:00:00,15.0017,10.6007
1785266100000,2026-07-28 19:15:00,15.0268,10.6007
1785267000000,2026-07-28 19:30:00,15.0305,10.6007
1785267900000,2026-07-28 19:45:00,15.1083,10.6007
1785268800000,2026-07-28 20:00:00,15.0998,10.6007
1785269700000,2026-07-28 20:15:00,15.0596,10.6007
1785270600000,2026-07-28 20:30:00,15.0647,10.6007
1785271500000,2026-07-28 20:45:00,15.0597,10.6007
1785272400000,2026-07-28 21:00:00,15.0842,10.6007
1785273300000,2026-07-28 21:15:00,15.0833,10.6007
1785274200000,2026-07-28 21:30:00,15.1267,10.6007
1785275100000,2026-07-28 21:45:00,15.1311,10.6007
1785276000000,2026-07-28 22:00:00,15.1198,10.6007
1785276900000,2026-07-28 22:15:00,15.0796,10.6007
1785277800000,2026-07-28 22:30:00,15.041,10.6007
1785278700000,2026-07-28 22:45:00,14.9751,10.6007
1785279600000,2026-07-28 23:00:00,14.9293,10.6007
1785280500000,2026-07-28 23:15:00,14.9304,10.6007
1785281400000,2026-07-28 23:30:00,15.0531,10.6007
1785282300000,2026-07-28 23:45:00,15.1056,10.6007
1785283200000,2026-07-29 00:00:00,15.325,10.8116
1785284100000,2026-07-29 00:15:00,15.3046,10.8193
1785285000000,2026-07-29 00:30:00,15.416,10.9192
1785285900000,2026-07-29 00:45:00,15.2537,10.8111
1785286800000,2026-07-29 01:00:00,15.0638,10.7063
1785287700000,2026-07-29 01:15:00,15.1074,10.695
1785288600000,2026-07-29 01:30:00,14.9616,10.6078
1785289500000,2026-07-29 01:45:00,14.7229,10.4329
1785290400000,2026-07-29 02:00:00,14.8697,10.5382
1785291300000,2026-07-29 02:15:00,15.0997,10.6744
1785292200000,2026-07-29 02:30:00,15.1557,10.7514
1785293100000,2026-07-29 02:45:00,14.9715,10.6097
1785294000000,2026-07-29 03:00:00,14.8813,10.5392
1785294900000,2026-07-29 03:15:00,14.6828,10.4402
1785295800000,2026-07-29 03:30:00,14.5158,10.3752
1785296700000,2026-07-29 03:45:00,14.3561,10.4607
1785297600000,2026-07-29 04:00:00,14.4599,10.479
1785298500000,2026-07-29 04:15:00,14.5372,10.3914
1785299400000,2026-07-29 04:30:00,14.6763,10.2721
1785300300000,2026-07-29 04:45:00,14.8496,10.3496
1785301200000,2026-07-29 05:00:00,15.0372,10.5155
1785302100000,2026-07-29 05:15:00,15.0169,10.5193
1785303000000,2026-07-29 05:30:00,15.1526,10.5047
1785303900000,2026-07-29 05:45:00,15.1518,10.5035
1785304800000,2026-07-29 06:00:00,15.1809,10.5269
1785305700000,2026-07-29 06:15:00,15.342,10.4669
1785306600000,2026-07-29 06:30:00,15.4283,10.5267
1785307500000,2026-07-29 06:45:00,15.3592,10.4296
1785308400000,2026-07-29 07:00:00,15.2834,10.3911
1785309300000,2026-07-29 07:15:00,15.2315,10.3646
1785310200000,2026-07-29 07:30:00,15.2653,10.4948
1785311100000,2026-07-29 07:45:00,15.4052,10.3025
1785312000000,2026-07-29 08:00:00,15.0656,10.3283
1785312900000,2026-07-29 08:15:00,14.9829,10.311
1785313800000,2026-07-29 08:30:00,15.082,10.2825
1785314700000,2026-07-29 08:45:00,14.9893,10.2401
1785315600000,2026-07-29 09:00:00,15.0622,10.1743
1785316500000,2026-07-29 09:15:00,15.0529,10.1186
1785317400000,2026-07-29 09:30:00,15.0599,10.0606
1785318300000,2026-07-29 09:45:00,15.1137,10.1046
1785319200000,2026-07-29 10:00:00,15.0457,10.1009
1785320100000,2026-07-29 10:15:00,14.9492,10.0474
1785321000000,2026-07-29 10:30:00,14.9543,10.021
1785321900000,2026-07-29 10:45:00,14.812,10.1798
1785322800000,2026-07-29 11:00:00,14.9105,10.1231
1785323700000,2026-07-29 11:15:00,14.8158,10.1264
1785324600000,2026-07-29 11:30:00,14.8488,10.2435
1785325500000,2026-07-29 11:45:00,14.8733,10.1847
1785326400000,2026-07-29 12:00:00,14.813,10.2077
1785327300000,2026-07-29 12:15:00,14.8699,10.3953
1785328200000,2026-07-29 12:30:00,14.9179,10.4378
1785329100000,2026-07-29 12:45:00,14.8615,10.4098
1785330000000,2026-07-29 13:00:00,14.9144,10.4506
1785330900000,2026-07-29 13:15:00,15.0737,10.6499
1785331800000,2026-07-29 13:30:00,15.2535,10.7129
1785332700000,2026-07-29 13:45:00,15.1756,10.6351
1785333600000,2026-07-29 14:00:00,15.0262,10.7547
1785334500000,2026-07-29 14:15:00,14.9933,10.7296
1785335400000,2026-07-29 14:30:00,15.0247,10.8588
1785336300000,2026-07-29 14:45:00,14.9149,10.7079
1785337200000,2026-07-29 15:00:00,15.0164,10.7759
1785338100000,2026-07-29 15:15:00,14.9816,10.7843
1785339000000,2026-07-29 15:30:00,14.9644,10.8465
1785339900000,2026-07-29 15:45:00,15.0619,10.9338
1785340800000,2026-07-29 16:00:00,15.0384,10.9047
1785341700000,2026-07-29 16:15:00,15.1457,10.9295
1785342600000,2026-07-29 16:30:00,15.0115,10.9404
1785343500000,2026-07-29 16:45:00,15.0443,10.8368
1785344400000,2026-07-29 17:00:00,15.1364,10.7868
1785345300000,2026-07-29 17:15:00,15.0825,10.8672
1785346200000,2026-07-29 17:30:00,15.1232,10.7522
1785347100000,2026-07-29 17:45:00,15.2516,10.5417
1785348000000,2026-07-29 18:00:00,15.3256,10.276
1785348900000,2026-07-29 18:15:00,15.1643,10.276
1785349800000,2026-07-29 18:30:00,15.2717,10.276
1785350700000,2026-07-29 18:45:00,15.278,10.276
1785351600000,2026-07-29 19:00:00,15.1854,10.276
1785352500000,2026-07-29 19:15:00,15.0355,10.276
1785353400000,2026-07-29 19:30:00,14.9634,10.276
1785354300000,2026-07-29 19:45:00,14.8356,10.276
1785355200000,2026-07-29 20:00:00,14.9517,10.276
1785356100000,2026-07-29 20:15:00,14.8953,10.276
1785357000000,2026-07-29 20:30:00,15.0017,10.276
1785357900000,2026-07-29 20:45:00,14.8003,10.276
1785358800000,2026-07-29 21:00:00,14.8111,10.276
1785359700000,2026-07-29 21:15:00,14.8919,10.276
1785360600000,2026-07-29 21:30:00,14.8507,10.276
1785361500000,2026-07-29 21:45:00,14.9747,10.276
1785362400000,2026-07-29 22:00:00,15.1506,10.276
1785363300000,2026-07-29 22:15:00,15.3452,10.276
1785364200000,2026-07-29 22:30:00,15.2795,10.276
1785365100000,2026-07-29 22:45:00,15.2393,10.276
1785366000000,2026-07-29 23:00:00,15.2393,10.276
1785366900000,2026-07-29 23:15:00,15.3192,10.276
1785367800000,2026-07-29 23:30:00,15.3153,10.276
1785368700000,2026-07-29 23:45:00,15.2437,10.276
1785369600000,2026-07-30 00:00:00,15.256,10.276
1785370500000,2026-07-30 00:15:00,15.2305,10.276
1785371400000,2026-07-30 00:30:00,15.0962,10.276
1785372300000,2026-07-30 00:45:00,15.1521,10.276
1785373200000,2026-07-30 01:00:00,15.1433,10.276
1785374100000,2026-07-30 01:15:00,15.2736,10.276
1785375000000,2026-07-30 01:30:00,15.2437,10.276
1785375900000,2026-07-30 01:45:00,15.3113,10.276
1785376800000,2026-07-30 02:00:00,15.3878,10.276
1785377700000,2026-07-30 02:15:00,15.4392,10.276
1785378600000,2026-07-30 02:30:00,15.4951,10.276
1785379500000,2026-07-30 02:45:00,15.3932,10.276
1785380400000,2026-07-30 03:00:00,15.3241,10.276
1785381300000,2026-07-30 03:15:00,15.499,10.276
1785382200000,2026-07-30 03:30:00,15.4995,10.276
1785383100000,2026-07-30 03:45:00,15.4775,10.276
1785384000000,2026-07-30 04:00:00,15.4329,10.276
1785384900000,2026-07-30 04:15:00,15.4118,10.276
1785385800000,2026-07-30 04:30:00,15.4309,10.276
1785386700000,2026-07-30 04:45:00,15.4118,10.276
1785387600000,2026-07-30 05:00:00,15.426,10.276
1785388500000,2026-07-30 05:15:00,15.474,10.276
1785389400000,2026-07-30 05:30:00,15.6485,10.276
1785390300000,2026-07-30 05:45:00,15.7214,10.276
1785391200000,2026-07-30 06:00:00,15.8566,10.4058
1785392100000,2026-07-30 06:15:00,15.9121,10.459
1785393000000,2026-07-30 06:30:00,15.9685,10.5131
1785393900000,2026-07-30 06:45:00,16.0744,10.6148
1785394800000,2026-07-30 07:00:00,15.9566,10.5017
1785395700000,2026-07-30 07:15:00,16.1204,10.6589
1785396600000,2026-07-30 07:30:00,16.0184,10.561
1785397500000,2026-07-30 07:45:00,16.0959,10.6354
1785398400000,2026-07-30 08:00:00,16.0184,10.561
1785399300000,2026-07-30 08:15:00,15.9554,10.5005
1785400200000,2026-07-30 08:30:00,15.9944,10.538
1785401100000,2026-07-30 08:45:00,15.9639,10.5087
1785402000000,2026-07-30 09:00:00,15.9049,10.452
1785402900000,2026-07-30 09:15:00,15.9589,10.5039
1785403800000,2026-07-30 09:30:00,15.9309,10.477
1785404700000,2026-07-30 09:45:00,15.9474,10.4928
1785405600000,2026-07-30 10:00:00,15.8869,10.4348
1785406500000,2026-07-30 10:15:00,15.9094,10.4564
1785407400000,2026-07-30 10:30:00,16.0269,10.5692
1785408300000,2026-07-30 10:45:00,16.0984,10.6378
1785409200000,2026-07-30 11:00:00,16.0304,10.5725
1785410100000,2026-07-30 11:15:00,16.0629,10.6037
1785411000000,2026-07-30 11:30:00,15.9984,10.5418
1785411900000,2026-07-30 11:45:00,15.9334,10.4794
1785412800000,2026-07-30 12:00:00,15.8819,10.43
1785413700000,2026-07-30 12:15:00,15.8,10.3513
1785414600000,2026-07-30 12:30:00,15.8205,10.371
1785415500000,2026-07-30 12:45:00,15.9407,10.4864
1785416400000,2026-07-30 13:00:00,15.9177,10.4643
1785417300000,2026-07-30 13:15:00,15.911,10.4579
1785418200000,2026-07-30 13:30:00,16.0037,10.5469
1785419100000,2026-07-30 13:45:00,16.0535,10.5947
1785420000000,2026-07-30 14:00:00,15.859,10.4079
1785420900000,2026-07-30 14:15:00,15.8472,10.3967
1785421800000,2026-07-30 14:30:00,15.801,10.3523
1785422700000,2026-07-30 14:45:00,15.792,10.3436
1785423600000,2026-07-30 15:00:00,15.6972,10.2527
1785424500000,2026-07-30 15:15:00,15.7627,10.3155
1785425400000,2026-07-30 15:30:00,15.7622,10.3151
1785426300000,2026-07-30 15:45:00,15.7167,10.2714
1785427200000,2026-07-30 16:00:00,15.8567,10.4058
1785428100000,2026-07-30 16:15:00,15.8952,10.4427
1785429000000,2026-07-30 16:30:00,15.796,10.3475
1785429900000,2026-07-30 16:45:00,15.8537,10.4029
1785430800000,2026-07-30 17:00:00,15.9025,10.4497
1785431700000,2026-07-30 17:15:00,15.939,10.4847
1785432600000,2026-07-30 17:30:00,15.9367,10.4826
1785433500000,2026-07-30 17:45:00,15.8435,10.3931
1785434400000,2026-07-30 18:00:00,15.9347,10.4807
1785435300000,2026-07-30 18:15:00,15.88,10.4281
1785436200000,2026-07-30 18:30:00,15.892,10.4396
1785437100000,2026-07-30 18:45:00,15.8527,10.4019
1785438000000,2026-07-30 19:00:00,15.9562,10.5013
1785438900000,2026-07-30 19:15:00,15.9942,10.5378
1785439800000,2026-07-30 19:30:00,16.0395,10.5812
1785440700000,2026-07-30 19:45:00,15.9515,10.4967
1785441600000,2026-07-30 20:00:00,15.9242,10.4706
1785442500000,2026-07-30 20:15:00,15.968,10.5126
1785443400000,2026-07-30 20:30:00,16.0052,10.5483
1785444300000,2026-07-30 20:45:00,15.986,10.5299
1785445200000,2026-07-30 21:00:00,16.0115,10.5543
1785446100000,2026-07-30 21:15:00,16.0295,10.5716
1785447000000,2026-07-30 21:30:00,16.045,10.5865
1785447900000,2026-07-30 21:45:00,15.9302,10.4763
1785448800000,2026-07-30 22:00:00,16.0822,10.6223
1785449700000,2026-07-30 22:15:00,16.2167,10.7514
1785450600000,2026-07-30 22:30:00,16.1792,10.7154
1785451500000,2026-07-30 22:45:00,16.0512,10.5925
1785452400000,2026-07-30 23:00:00,16.1032,10.6424
1785453300000,2026-07-30 23:15:00,16.1202,10.6587
1785454200000,2026-07-30 23:30:00,16.0997,10.6391
1785455100000,2026-07-30 23:45:00,16.0255,10.5678
1785456000000,2026-07-31 00:00:00,16.0337,10.5757
1785456900000,2026-07-31 00:15:00,15.9522,10.4975
1785457800000,2026-07-31 00:30:00,15.9402,10.4859
1785458700000,2026-07-31 00:45:00,15.8995,10.4468
1785459600000,2026-07-31 01:00:00,16.0477,10.5891
1785460500000,2026-07-31 01:15:00,16.0072,10.5503
1785461400000,2026-07-31 01:30:00,16.0435,10.5851
1785462300000,2026-07-31 01:45:00,15.9975,10.5409
1785463200000,2026-07-31 02:00:00,16.0352,10.5771
1785464100000,2026-07-31 02:15:00,15.9277,10.4739
1785465000000,2026-07-31 02:30:00,15.8714,10.4199
1785465900000,2026-07-31 02:45:00,15.9217,10.4681
1785466800000,2026-07-31 03:00:00,15.8637,10.4125
1785467700000,2026-07-31 03:15:00,16.0204,10.5629
1785468600000,2026-07-31 03:30:00,16.0194,10.562
1785469500000,2026-07-31 03:45:00,16.0387,10.5805
1785470400000,2026-07-31 04:00:00,15.9514,10.4967
1785471300000,2026-07-31 04:15:00,15.9727,10.5171
1785472200000,2026-07-31 04:30:00,15.9612,10.5061
1785473100000,2026-07-31 04:45:00,15.9637,10.5085
1785474000000,2026-07-31 05:00:00,16.0324,10.5745
1785474900000,2026-07-31 05:15:00,15.9442,10.4897
1785475800000,2026-07-31 05:30:00,15.8602,10.4091
1785476700000,2026-07-31 05:45:00,15.9769,10.5212
1785477600000,2026-07-31 06:00:00,16.0029,10.5461
1785478500000,2026-07-31 06:15:00,16.0934,10.633
1785479400000,2026-07-31 06:30:00,15.8764,10.4247
1785480300000,2026-07-31 06:45:00,15.8869,10.4348
1785481200000,2026-07-31 07:00:00,15.6179,10.1626
1785482100000,2026-07-31 07:15:00,15.4472,10.2946
1785483000000,2026-07-31 07:30:00,15.5099,10.2343
1785483900000,2026-07-31 07:45:00,15.5662,10.1803
1785484800000,2026-07-31 08:00:00,15.6124,10.1359
1785485700000,2026-07-31 08:15:00,15.6179,10.1306
1785486600000,2026-07-31 08:30:00,15.5614,10.1849
1785487500000,2026-07-31 08:45:00,15.5802,10.1669
1785488400000,2026-07-31 09:00:00,15.5694,10.1772
1785489300000,2026-07-31 09:15:00,15.4299,10.3111
1785490200000,2026-07-31 09:30:00,15.4017,10.3382
1785491100000,2026-07-31 09:45:00,15.4104,10.3298
1785492000000,2026-07-31 10:00:00,15.4027,10.3373
1785492900000,2026-07-31 10:15:00,15.4887,10.2547
1785493800000,2026-07-31 10:30:00,15.5517,10.1942
1785494700000,2026-07-31 10:45:00,15.4992,10.2446
1785495600000,2026-07-31 11:00:00,15.4599,10.2823
1785496500000,2026-07-31 11:15:00,15.4294,10.3116
1785497400000,2026-07-31 11:30:00,15.4064,10.3337
1785498300000,2026-07-31 11:45:00,15.4319,10.3092
1785499200000,2026-07-31 12:00:00,15.2364,10.4969
1785500100000,2026-07-31 12:15:00,15.2934,10.4422
1785501000000,2026-07-31 12:30:00,15.2594,10.4748
1785501900000,2026-07-31 12:45:00,15.3894,10.35
1785502800000,2026-07-31 13:00:00,15.4704,10.2722
1785503700000,2026-07-31 13:15:00,15.5507,10.1952
1785504600000,2026-07-31 13:30:00,15.2259,10.507
1785505500000,2026-07-31 13:45:00,14.9754,10.6549
1785506400000,2026-07-31 14:00:00,15.0045,10.6846
1785507300000,2026-07-31 14:15:00,15.0662,10.7142
1785508200000,2026-07-31 14:30:00,15.1095,10.735
1785509100000,2026-07-31 14:45:00,15.118,10.739
1785510000000,2026-07-31 15:00:00,15.1462,10.7526
1785510900000,2026-07-31 15:15:00,15.1782,10.768
1785511800000,2026-07-31 15:30:00,14.9955,10.6802
1785512700000,2026-07-31 15:45:00,15.0497,10.7063
1785513600000,2026-07-31 16:00:00,15.0055,10.685
1785514500000,2026-07-31 16:15:00,14.956,10.6613
1785515400000,2026-07-31 16:30:00,15.04,10.7016
1785516300000,2026-07-31 16:45:00,15.0047,10.6847
1785517200000,2026-07-31 17:00:00,14.9297,10.6487
1785518100000,2026-07-31 17:15:00,14.8337,10.6026
1785519000000,2026-07-31 17:30:00,14.7792,10.5764
1785519900000,2026-07-31 17:45:00,14.7452,10.5601
1785520800000,2026-07-31 18:00:00,14.8332,10.6024
1785521700000,2026-07-31 18:15:00,14.8945,10.6318
1785522600000,2026-07-31 18:30:00,14.8885,10.6289
1785523500000,2026-07-31 18:45:00,14.826,10.5989
1785524400000,2026-07-31 19:00:00,14.864,10.6171
1785525300000,2026-07-31 19:15:00,14.9042,10.6364
1785526200000,2026-07-31 19:30:00,14.9105,10.6394
1785527100000,2026-07-31 19:45:00,14.9132,10.6408
1785528000000,2026-07-31 20:00:00,14.8955,10.6322
1785528900000,2026-07-31 20:15:00,14.901,10.6349
1785529800000,2026-07-31 20:30:00,14.9477,10.6573
1785530700000,2026-07-31 20:45:00,15.0572,10.7099
1785531600000,2026-07-31 21:00:00,15.0497,10.7063
1785532500000,2026-07-31 21:15:00,15.0425,10.7028
1785533400000,2026-07-31 21:30:00,15.0485,10.7057
1785534300000,2026-07-31 21:45:00,15.069,10.7155
1785535200000,2026-07-31 22:00:00,15.0535,10.7081
1785536100000,2026-07-31 22:15:00,15.0282,10.696
1785537000000,2026-07-31 22:30:00,15.0352,10.6993
1785537900000,2026-07-31 22:45:00,15.0827,10.7221
1785538800000,2026-07-31 23:00:00,15.0555,10.709
1785539700000,2026-07-31 23:15:00,15.0202,10.6921
1785540600000,2026-07-31 23:30:00,15.0335,10.6985
1785541500000,2026-07-31 23:45:00,15.0562,10.7094
1785542400000,2026-08-01 00:00:00,14.9967,10.6808
1785543300000,2026-08-01 00:15:00,14.9715,10.6687
1785544200000,2026-08-01 00:30:00,14.9407,10.654
1785545100000,2026-08-01 00:45:00,15.0,10.6824
1785546000000,2026-08-01 01:00:00,14.9567,10.6616
1785546900000,2026-08-01 01:15:00,14.9582,10.6624
1785547800000,2026-08-01 01:30:00,14.9535,10.6601
1785548700000,2026-08-01 01:45:00,14.9482,10.6576
1785549600000,2026-08-01 02:00:00,14.919,10.6435
1785550500000,2026-08-01 02:15:00,14.899,10.6339
1785551400000,2026-08-01 02:30:00,14.919,10.6435
1785552300000,2026-08-01 02:45:00,14.9112,10.6398
1785553200000,2026-08-01 03:00:00,14.9377,10.6525
1785554100000,2026-08-01 03:15:00,14.9217,10.6448
1785555000000,2026-08-01 03:30:00,14.9047,10.6367
1785555900000,2026-08-01 03:45:00,14.8732,10.6216
1785556800000,2026-08-01 04:00:00,14.871,10.6205
1785557700000,2026-08-01 04:15:00,14.8832,10.6264
1785558600000,2026-08-01 04:30:00,14.8627,10.6165
1785559500000,2026-08-01 04:45:00,14.8772,10.6235
1785560400000,2026-08-01 05:00:00,14.8462,10.6086
1785561300000,2026-08-01 05:15:00,14.9055,10.637
1785562200000,2026-08-01 05:30:00,14.9765,10.6711
1785563100000,2026-08-01 05:45:00,14.9332,10.6504
1785564000000,2026-08-01 06:00:00,14.9337,10.6506
1785564900000,2026-08-01 06:15:00,14.8697,10.6199
1785565800000,2026-08-01 06:30:00,14.8695,10.6198
1785566700000,2026-08-01 06:45:00,14.8615,10.6159
1785567600000,2026-08-01 07:00:00,14.833,10.6022
1785568500000,2026-08-01 07:15:00,14.8802,10.6249
1785569400000,2026-08-01 07:30:00,14.8742,10.622
1785570300000,2026-08-01 07:45:00,14.8757,10.6228
1785571200000,2026-08-01 08:00:00,14.8937,10.6314
1785572100000,2026-08-01 08:15:00,14.8975,10.6332
1785573000000,2026-08-01 08:30:00,14.921,10.6445
1785573900000,2026-08-01 08:45:00,14.887,10.6282
1785574800000,2026-08-01 09:00:00,14.87,10.62
1785575700000,2026-08-01 09:15:00,14.8782,10.624
1785576600000,2026-08-01 09:30:00,14.872,10.621
1785577500000,2026-08-01 09:45:00,14.9235,10.6457
1785578400000,2026-08-01 10:00:00,15.0085,10.6865
1785579300000,2026-08-01 10:15:00,14.9927,10.6789
1785580200000,2026-08-01 10:30:00,14.9232,10.6456
1785581100000,2026-08-01 10:45:00,14.937,10.6522
1785582000000,2026-08-01 11:00:00,14.9497,10.6583
1785582900000,2026-08-01 11:15:00,14.94,10.6536
1785583800000,2026-08-01 11:30:00,14.949,10.6579
1785584700000,2026-08-01 11:45:00,14.944,10.6555
1785585600000,2026-08-01 12:00:00,14.9222,10.6451
1785586500000,2026-08-01 12:15:00,14.9265,10.6471
1785587400000,2026-08-01 12:30:00,14.9245,10.6462
1785588300000,2026-08-01 12:45:00,14.8895,10.6294
1785589200000,2026-08-01 13:00:00,14.88,10.6248
1785590100000,2026-08-01 13:15:00,14.9087,10.6386
1785591000000,2026-08-01 13:30:00,14.8922,10.6307
1785591900000,2026-08-01 13:45:00,14.8892,10.6292
1785592800000,2026-08-01 14:00:00,14.8735,10.6217
1785593700000,2026-08-01 14:15:00,14.7945,10.5838
1785594600000,2026-08-01 14:30:00,14.8027,10.5877
1785595500000,2026-08-01 14:45:00,14.7402,10.5577
1785596400000,2026-08-01 15:00:00,14.6276,10.4368
1785597300000,2026-08-01 15:15:00,14.8146,10.589
1785598200000,2026-08-01 15:30:00,14.8478,10.6094
1785599100000,2026-08-01 15:45:00,14.8846,10.6355
1785600000000,2026-08-01 16:00:00,14.9833,10.7153
1785600900000,2026-08-01 16:15:00,14.8212,10.5761
1785601800000,2026-08-01 16:30:00,14.5905,10.3431
1785602700000,2026-08-01 16:45:00,14.7272,10.4617
1785603600000,2026-08-01 17:00:00,15.026,10.7324
1785604500000,2026-08-01 17:15:00,15.1389,10.807
1785605400000,2026-08-01 17:30:00,15.2875,10.9492
1785606300000,2026-08-01 17:45:00,15.4295,11.0763
1785607200000,2026-08-01 18:00:00,15.6446,11.278
1785608100000,2026-08-01 18:15:00,15.8296,11.3673
1785609000000,2026-08-01 18:30:00,16.3709,11.6839
1785609900000,2026-08-01 18:45:00,16.3216,11.5574
1785610800000,2026-08-01 19:00:00,16.3099,11.5349
1785611700000,2026-08-01 19:15:00,16.3018,11.5194
1785612600000,2026-08-01 19:30:00,16.3335,11.5804
1785613500000,2026-08-01 19:45:00,16.3121,11.5391
1785614400000,2026-08-01 20:00:00,16.3077,11.5306
1785615300000,2026-08-01 20:15:00,16.3056,11.5266
1785616200000,2026-08-01 20:30:00,16.3462,11.6046
1785617100000,2026-08-01 20:45:00,16.2991,11.5141
1785618000000,2026-08-01 21:00:00,16.3003,11.5164
1785618900000,2026-08-01 21:15:00,16.2373,11.3954
1785619800000,2026-08-01 21:30:00,16.2145,11.3514
1785620700000,2026-08-01 21:45:00,16.2026,11.3286
1785621600000,2026-08-01 22:00:00,16.1753,11.2761
1785622500000,2026-08-01 22:15:00,16.157,11.2409
1785623400000,2026-08-01 22:30:00,16.1753,11.2761
1785624300000,2026-08-01 22:45:00,16.1824,11.2896
1785625200000,2026-08-01 23:00:00,16.1943,11.3126
1785626100000,2026-08-01 23:15:00,16.2293,11.3799
1785627000000,2026-08-01 23:30:00,16.205,11.3331
1785627900000,2026-08-01 23:45:00,16.2121,11.3469
1785628800000,2026-08-02 00:00:00,16.1777,11.2806
1785629700000,2026-08-02 00:15:00,16.2093,11.3414
1785630600000,2026-08-02 00:30:00,16.2045,11.3321
1785631500000,2026-08-02 00:45:00,16.1876,11.2996
1785632400000,2026-08-02 01:00:00,16.0686,11.0709
1785633300000,2026-08-02 01:15:00,16.0836,11.0996
1785634200000,2026-08-02 01:30:00,16.0491,11.0334
1785635100000,2026-08-02 01:45:00,16.0546,11.0439
1785636000000,2026-08-02 02:00:00,15.809,10.8135
1785636900000,2026-08-02 02:15:00,15.809,10.8135
1785637800000,2026-08-02 02:30:00,15.8261,10.8297
1785638700000,2026-08-02 02:45:00,15.5799,10.5946
1785639600000,2026-08-02 03:00:00,15.5548,10.571
1785640500000,2026-08-02 03:15:00,15.7606,10.7666
1785641400000,2026-08-02 03:30:00,15.4241,10.446
1785642300000,2026-08-02 03:45:00,15.5955,10.6093
1785643200000,2026-08-02 04:00:00,15.5399,10.5556
1785644100000,2026-08-02 04:15:00,15.2823,10.3111
1785645000000,2026-08-02 04:30:00,15.4203,10.4425
1785645900000,2026-08-02 04:45:00,15.3105,10.3373
1785646800000,2026-08-02 05:00:00,15.3871,10.4109
1785647700000,2026-08-02 05:15:00,15.3922,10.4159
1785648600000,2026-08-02 05:30:00,15.6128,10.6263
1785649500000,2026-08-02 05:45:00,15.5301,10.5473
1785650400000,2026-08-02 06:00:00,15.5892,10.6037
1785651300000,2026-08-02 06:15:00,15.4721,10.4919
1785652200000,2026-08-02 06:30:00,15.4876,10.5065
1785653100000,2026-08-02 06:45:00,15.6119,10.6248
1785654000000,2026-08-02 07:00:00,15.3765,10.4009
1785654900000,2026-08-02 07:15:00,15.4148,10.4375
1785655800000,2026-08-02 07:30:00,15.6002,10.6137
1785656700000,2026-08-02 07:45:00,15.7684,10.774
1785657600000,2026-08-02 08:00:00,15.5827,10.5973
1785658500000,2026-08-02 08:15:00,15.5469,10.5642
1785659400000,2026-08-02 08:30:00,15.7481,10.7566
1785660300000,2026-08-02 08:45:00,15.7951,10.8017
1785661200000,2026-08-02 09:00:00,15.5784,10.595
1785662100000,2026-08-02 09:15:00,15.6989,10.7096
1785663000000,2026-08-02 09:30:00,15.6207,10.6353
1785663900000,2026-08-02 09:45:00,15.6266,10.6406
1785664800000,2026-08-02 10:00:00,15.6184,10.6333
1785665700000,2026-08-02 10:15:00,15.8085,10.8149
1785666600000,2026-08-02 10:30:00,15.6268,10.6415
1785667500000,2026-08-02 10:45:00,15.7347,10.7441
1785668400000,2026-08-02 11:00:00,15.7747,10.7824
1785669300000,2026-08-02 11:15:00,15.9195,10.9209
1785670200000,2026-08-02 11:30:00,16.4872,11.4626
1785671100000,2026-08-02 11:45:00,16.4706,11.4492
1785672000000,2026-08-02 12:00:00,16.3659,11.3469
1785672900000,2026-08-02 12:15:00,16.2136,11.2013
1785673800000,2026-08-02 12:30:00,16.0563,11.0521
1785674700000,2026-08-02 12:45:00,16.0338,11.0314
1785675600000,2026-08-02 13:00:00,16.1257,11.119
1785676500000,2026-08-02 13:15:00,16.195,11.1852
1785677400000,2026-08-02 13:30:00,16.1896,11.1804
1785678300000,2026-08-02 13:45:00,16.2651,11.2525
1785679200000,2026-08-02 14:00:00,16.2746,11.261
1785680100000,2026-08-02 14:15:00,16.2526,11.239
1785681000000,2026-08-02 14:30:00,16.1974,11.1857
1785681900000,2026-08-02 14:45:00,16.3343,11.3182
1785682800000,2026-08-02 15:00:00,16.1581,11.1481
1785683700000,2026-08-02 15:15:00,16.2298,11.2165
1785684600000,2026-08-02 15:30:00,16.1942,11.1817
1785685500000,2026-08-02 15:45:00,16.2671,11.2519
1785686400000,2026-08-02 16:00:00,16.4468,11.4233
1785687300000,2026-08-02 16:15:00,16.2932,11.2766
1785688200000,2026-08-02 16:30:00,16.007,11.0007
1785689100000,2026-08-02 16:45:00,16.2851,11.266
1785690000000,2026-08-02 17:00:00,16.235,11.2168
1785690900000,2026-08-02 17:15:00,16.2277,11.2094
1785691800000,2026-08-02 17:30:00,16.1429,11.1276
1785692700000,2026-08-02 17:45:00,16.2045,11.186
1785693600000,2026-08-02 18:00:00,16.103,11.0884
1785694500000,2026-08-02 18:15:00,16.0546,11.0432
1785695400000,2026-08-02 18:30:00,15.6617,10.6617
1785696300000,2026-08-02 18:45:00,15.7421,10.7417
1785697200000,2026-08-02 19:00:00,15.712,10.7126
1785698100000,2026-08-02 19:15:00,15.5818,10.5892
1785699000000,2026-08-02 19:30:00,15.0694,10.0812
1785699900000,2026-08-02 19:45:00,14.573,10.0407
1785700800000,2026-08-02 20:00:00,14.3503,9.8179
1785701700000,2026-08-02 20:15:00,14.1532,9.6209
1785702600000,2026-08-02 20:30:00,14.2305,9.6981
1785703500000,2026-08-02 20:45:00,14.0029,9.4706
1785704400000,2026-08-02 21:00:00,13.8635,9.1348
1785705300000,2026-08-02 21:15:00,13.7648,9.0044
1785706200000,2026-08-02 21:30:00,13.5727,8.8133
1785707100000,2026-08-02 21:45:00,13.8238,9.0622
1785708000000,2026-08-02 22:00:00,13.6359,8.8759
1785708900000,2026-08-02 22:15:00,13.8882,9.126
1785709800000,2026-08-02 22:30:00,14.1993,9.4993
1785710700000,2026-08-02 22:45:00,14.2311,9.5358
1785711600000,2026-08-02 23:00:00,14.3003,9.597
1785712500000,2026-08-02 23:15:00,14.1327,9.476
1785713400000,2026-08-02 23:30:00,14.3105,9.5611
1785714300000,2026-08-02 23:45:00,14.0898,9.4457
1785715200000,2026-08-03 00:00:00,14.7536,9.8149
1785716100000,2026-08-03 00:15:00,14.8684,9.9028
1785717000000,2026-08-03 00:30:00,14.8524,9.891
1785717900000,2026-08-03 00:45:00,14.6428,9.7938
1785718800000,2026-08-03 01:00:00,15.1625,10.0843
1785719700000,2026-08-03 01:15:00,15.2294,10.0966
1785720600000,2026-08-03 01:30:00,15.1797,10.1113
1785721500000,2026-08-03 01:45:00,15.2258,10.1386
1785722400000,2026-08-03 02:00:00,15.3035,10.1486
1785723300000,2026-08-03 02:15:00,15.3522,10.1579
1785724200000,2026-08-03 02:30:00,15.3434,10.1411
1785725100000,2026-08-03 02:45:00,15.3791,10.1772
1785726000000,2026-08-03 03:00:00,15.4123,10.185
1785726900000,2026-08-03 03:15:00,15.4038,10.1982
1785727800000,2026-08-03 03:30:00,15.4158,10.2135
1785728700000,2026-08-03 03:45:00,15.5455,10.2712
1785729600000,2026-08-03 04:00:00,15.5365,10.2628
1785730500000,2026-08-03 04:15:00,15.4173,10.2117
1785731400000,2026-08-03 04:30:00,15.4055,10.205
1785732300000,2026-08-03 04:45:00,15.5516,10.2994
1785733200000,2026-08-03 05:00:00,15.4302,10.2565
1785734100000,2026-08-03 05:15:00,15.5199,10.2734
1785735000000,2026-08-03 05:30:00,15.5302,10.2639
1785735900000,2026-08-03 05:45:00,15.4513,10.2362
1785736800000,2026-08-03 06:00:00,15.4966,10.2412
1785737700000,2026-08-03 06:15:00,15.6608,10.2695
1785738600000,2026-08-03 06:30:00,15.7792,10.388
1785739500000,2026-08-03 06:45:00,15.7657,10.3744
1785740400000,2026-08-03 07:00:00,15.8224,10.4311
1785741300000,2026-08-03 07:15:00,15.8184,10.4271
1785742200000,2026-08-03 07:30:00,15.8369,10.4457
1785743100000,2026-08-03 07:45:00,15.8338,10.4426
1785744000000,2026-08-03 08:00:00,15.8401,10.4488
1785744900000,2026-08-03 08:15:00,15.9845,10.5932
1785745800000,2026-08-03 08:30:00,15.9294,10.5381
1785746700000,2026-08-03 08:45:00,15.8804,10.4891
1785747600000,2026-08-03 09:00:00,15.887,10.4957
1785748500000,2026-08-03 09:15:00,15.848,10.4567
1785749400000,2026-08-03 09:30:00,15.8139,10.4227
1785750300000,2026-08-03 09:45:00,15.7194,10.3282
1785751200000,2026-08-03 10:00:00,15.745,10.3538
1785752100000,2026-08-03 10:15:00,15.773,10.3817
1785753000000,2026-08-03 10:30:00,15.79,10.3987
1785753900000,2026-08-03 10:45:00,15.8029,10.4116
1785754800000,2026-08-03 11:00:00,15.8519,10.4606
1785755700000,2026-08-03 11:15:00,15.8325,10.4413
1785756600000,2026-08-03 11:30:00,15.8294,10.4381
1785757500000,2026-08-03 11:45:00,15.8862,10.4949
1785758400000,2026-08-03 12:00:00,15.8727,10.4814
1785759300000,2026-08-03 12:15:00,15.8532,10.4619
1785760200000,2026-08-03 12:30:00,15.823,10.4318
1785761100000,2026-08-03 12:45:00,15.8379,10.4466
1785762000000,2026-08-03 13:00:00,15.8237,10.4324
1785762900000,2026-08-03 13:15:00,15.8299,10.4387
1785763800000,2026-08-03 13:30:00,15.761,10.3698
1785764700000,2026-08-03 13:45:00,15.6353,10.244
1785765600000,2026-08-03 14:00:00,15.6852,10.294
1785766500000,2026-08-03 14:15:00,15.5303,10.139
1785767400000,2026-08-03 14:30:00,15.5444,10.1532
1785768300000,2026-08-03 14:45:00,15.434,10.0549
1785769200000,2026-08-03 15:00:00,15.434,10.1602
1785770100000,2026-08-03 15:15:00,15.434,10.1896
1785771000000,2026-08-03 15:30:00,15.434,10.1826
1785771900000,2026-08-03 15:45:00,15.434,10.1885
1785772800000,2026-08-03 16:00:00,15.434,10.1628
1785773700000,2026-08-03 16:15:00,15.434,10.101
1785774600000,2026-08-03 16:30:00,15.434,10.1581
1785775500000,2026-08-03 16:45:00,15.434,10.1499
1785776400000,2026-08-03 17:00:00,15.434,10.1082
1785777300000,2026-08-03 17:15:00,15.434,10.1277
1785778200000,2026-08-03 17:30:00,15.434,10.1001
1785779100000,2026-08-03 17:45:00,15.434,10.1164
1785780000000,2026-08-03 18:00:00,15.434,10.0696
1785780900000,2026-08-03 18:15:00,15.434,10.1196
1785781800000,2026-08-03 18:30:00,15.434,10.1155
1785782700000,2026-08-03 18:45:00,15.434,10.1161
1785783600000,2026-08-03 19:00:00,15.434,10.0916
1785784500000,2026-08-03 19:15:00,15.434,10.0721
1785785400000,2026-08-03 19:30:00,15.434,10.0819
1785786300000,2026-08-03 19:45:00,15.434,10.1012
1785787200000,2026-08-03 20:00:00,15.434,10.0849
1785788100000,2026-08-03 20:15:00,15.434,10.073
1785789000000,2026-08-03 20:30:00,15.434,10.0688
1785789900000,2026-08-03 20:45:00,15.434,10.1142
1785790800000,2026-08-03 21:00:00,15.434,10.1507
1785791700000,2026-08-03 21:15:00,15.434,10.1439
1785792600000,2026-08-03 21:30:00,15.434,10.119
1785793500000,2026-08-03 21:45:00,15.434,10.184
1785794400000,2026-08-03 22:00:00,15.434,10.2353
1785795300000,2026-08-03 22:15:00,15.408,10.2386
1785796200000,2026-08-03 22:30:00,15.469,10.2703
1785797100000,2026-08-03 22:45:00,15.3845,10.2264
1785798000000,2026-08-03 23:00:00,15.474,10.2729
1785798900000,2026-08-03 23:15:00,15.4072,10.2382
1785799800000,2026-08-03 23:30:00,15.4287,10.2494
1785800700000,2026-08-03 23:45:00,15.3807,10.2244
1785801600000,2026-08-04 00:00:00,15.4012,10.2351
1785802500000,2026-08-04 00:15:00,15.4722,10.272
1785803400000,2026-08-04 00:30:00,15.586,10.3311
1785804300000,2026-08-04 00:45:00,15.6115,10.3444
1785805200000,2026-08-04 01:00:00,15.574,10.3249
1785806100000,2026-08-04 01:15:00,15.5012,10.2871
1785807000000,2026-08-04 01:30:00,15.2442,10.1534
1785807900000,2026-08-04 01:45:00,15.2052,10.1332
1785808800000,2026-08-04 02:00:00,15.2602,10.1618
1785809700000,2026-08-04 02:15:00,15.3227,10.1943
1785810600000,2026-08-04 02:30:00,15.1787,10.1194
1785811500000,2026-08-04 02:45:00,15.2375,10.1499
1785812400000,2026-08-04 03:00:00,15.4002,10.2346
1785813300000,2026-08-04 03:15:00,15.339,10.2027
1785814200000,2026-08-04 03:30:00,15.2655,10.1645
1785815100000,2026-08-04 03:45:00,15.2862,10.1753
1785816000000,2026-08-04 04:00:00,15.3125,10.1889
1785816900000,2026-08-04 04:15:00,15.2402,10.1514
1785817800000,2026-08-04 04:30:00,15.1182,10.0879
1785818700000,2026-08-04 04:45:00,15.191,10.1257
1785819600000,2026-08-04 05:00:00,15.2765,10.1702
1785820500000,2026-08-04 05:15:00,15.2715,10.1676
1785821400000,2026-08-04 05:30:00,15.253,10.158
1785822300000,2026-08-04 05:45:00,15.286,10.1751
1785823200000,2026-08-04 06:00:00,15.3012,10.1831
1785824100000,2026-08-04 06:15:00,15.3312,10.1987
1785825000000,2026-08-04 06:30:00,15.4852,10.2788
1785825900000,2026-08-04 06:45:00,15.4697,10.2707
1785826800000,2026-08-04 07:00:00,15.5112,10.2923
1785827700000,2026-08-04 07:15:00,15.4447,10.2577
1785828600000,2026-08-04 07:30:00,15.3987,10.2338
1785829500000,2026-08-04 07:45:00,15.2975,10.1811
1785830400000,2026-08-04 08:00:00,15.3212,10.1935
1785831300000,2026-08-04 08:15:00,15.382,10.2251
1785832200000,2026-08-04 08:30:00,15.3772,10.2226
1785833100000,2026-08-04 08:45:00,15.444,10.2573
1785834000000,2026-08-04 09:00:00,15.482,10.2771
1785834900000,2026-08-04 09:15:00,15.4762,10.2741
1785835800000,2026-08-04 09:30:00,15.485,10.2786
1785836700000,2026-08-04 09:45:00,15.4272,10.2486
1785837600000,2026-08-04 10:00:00,15.5252,10.2996
1785838500000,2026-08-04 10:15:00,15.4967,10.2847
1785839400000,2026-08-04 10:30:00,15.3105,10.1879
1785840300000,2026-08-04 10:45:00,15.2217,10.1417
1785841200000,2026-08-04 11:00:00,15.2162,10.1389
1785842100000,2026-08-04 11:15:00,15.1697,10.1147
1785843000000,2026-08-04 11:30:00,15.0875,10.0719
1785843900000,2026-08-04 11:45:00,15.0757,10.0658
1785844800000,2026-08-04 12:00:00,15.1645,10.112
1785845700000,2026-08-04 12:15:00,15.09,10.0732
1785846600000,2026-08-04 12:30:00,14.9385,9.9944
1785847500000,2026-08-04 12:45:00,15.0175,10.0355
1785848400000,2026-08-04 13:00:00,15.0145,10.034
1785849300000,2026-08-04 13:15:00,15.1407,10.0996
1785850200000,2026-08-04 13:30:00,15.0585,10.0568
1785851100000,2026-08-04 13:45:00,15.347,10.2069
1785852000000,2026-08-04 14:00:00,15.2772,10.1706
1785852900000,2026-08-04 14:15:00,15.2105,10.1359
1785853800000,2026-08-04 14:30:00,15.0397,10.0471
1785854700000,2026-08-04 14:45:00,15.0697,10.0627
1785855600000,2026-08-04 15:00:00,15.141,10.0997
1785856500000,2026-08-04 15:15:00,15.3077,10.2225
1785857400000,2026-08-04 15:30:00,15.109,10.0907
1785858300000,2026-08-04 15:45:00,14.4531,9.4594
1785859200000,2026-08-04 16:00:00,14.7849,9.7557
1785860100000,2026-08-04 16:15:00,14.8852,9.8411
1785861000000,2026-08-04 16:30:00,15.0184,9.9453
1785861900000,2026-08-04 16:45:00,14.9348,9.8936
1785862800000,2026-08-04 17:00:00,14.3812,9.4035
1785863700000,2026-08-04 17:15:00,14.2713,9.1704
1785864600000,2026-08-04 17:30:00,14.2527,9.1226
1785865500000,2026-08-04 17:45:00,14.4005,9.1957
1785866400000,2026-08-04 18:00:00,13.9147,8.8116
1785867300000,2026-08-04 18:15:00,13.7979,8.7218
1785868200000,2026-08-04 18:30:00,13.6436,8.552
1785869100000,2026-08-04 18:45:00,13.6434,8.3083
1785870000000,2026-08-04 19:00:00,13.425,8.1233
1785870900000,2026-08-04 19:15:00,13.5837,8.246
1785871800000,2026-08-04 19:30:00,13.2972,8.0258
1785872700000,2026-08-04 19:45:00,13.4487,8.1132
1785873600000,2026-08-04 20:00:00,13.728,8.3759
1785874500000,2026-08-04 20:15:00,13.8389,8.4591
1785875400000,2026-08-04 20:30:00,13.3795,8.0901
1785876300000,2026-08-04 20:45:00,13.5587,8.2395
1785877200000,2026-08-04 21:00:00,13.7304,8.3659
1785878100000,2026-08-04 21:15:00,13.6861,8.3321
1785879000000,2026-08-04 21:30:00,13.8741,8.5163
1785879900000,2026-08-04 21:45:00,13.9396,8.5667
1785880800000,2026-08-04 22:00:00,13.8448,8.4842
1785881700000,2026-08-04 22:15:00,13.5992,8.2726
1785882600000,2026-08-04 22:30:00,13.4453,8.1023
1785883500000,2026-08-04 22:45:00,13.2535,7.9209
1785884400000,2026-08-04 23:00:00,13.394,8.0921
1785885300000,2026-08-04 23:15:00,13.6304,8.2318
1785886200000,2026-08-04 23:30:00,13.7071,8.3257
1785887100000,2026-08-04 23:45:00,13.6786,8.2764
1785888000000,2026-08-05 00:00:00,13.9526,8.5216
1785888900000,2026-08-05 00:15:00,13.9157,8.4912
1785889800000,2026-08-05 00:30:00,13.9778,8.5499
1785890700000,2026-08-05 00:45:00,14.0318,8.5598
1785891600000,2026-08-05 01:00:00,13.918,8.4618
1785892500000,2026-08-05 01:15:00,13.6602,8.2309
1785893400000,2026-08-05 01:30:00,13.4119,8.0189
1785894300000,2026-08-05 01:45:00,13.1045,7.7463
1785895200000,2026-08-05 02:00:00,12.7402,7.4244
1785896100000,2026-08-05 02:15:00,12.5882,7.2139
1785897000000,2026-08-05 02:30:00,12.8091,7.4478
1785897900000,2026-08-05 02:45:00,12.8188,7.4426
1785898800000,2026-08-05 03:00:00,12.9311,7.5092
1785899700000,2026-08-05 03:15:00,13.4639,7.9817
1785900600000,2026-08-05 03:30:00,13.3286,7.9144
1785901500000,2026-08-05 03:45:00,13.15,7.8262
1785902400000,2026-08-05 04:00:00,13.1557,7.8303
1785903300000,2026-08-05 04:15:00,13.2455,7.8728
1785904200000,2026-08-05 04:30:00,13.0937,7.7989
1785905100000,2026-08-05 04:45:00,13.1535,7.8282
1785906000000,2026-08-05 05:00:00,12.6786,7.5923
1785906900000,2026-08-05 05:15:00,12.5313,7.5183
1785907800000,2026-08-05 05:30:00,12.5978,7.5519
1785908700000,2026-08-05 05:45:00,12.4904,7.4993
1785909600000,2026-08-05 06:00:00,12.5106,7.5103
1785910500000,2026-08-05 06:15:00,12.6455,7.578
1785911400000,2026-08-05 06:30:00,12.5032,7.5193
1785912300000,2026-08-05 06:45:00,12.521,7.5017
1785913200000,2026-08-05 07:00:00,12.5707,7.5975
1785914100000,2026-08-05 07:15:00,12.667,7.7545
1785915000000,2026-08-05 07:30:00,12.663,7.6974
1785915900000,2026-08-05 07:45:00,12.4457,7.5554
1785916800000,2026-08-05 08:00:00,12.5257,7.6344
1785917700000,2026-08-05 08:15:00,12.4627,7.4793
1785918600000,2026-08-05 08:30:00,12.5302,7.6073
1785919500000,2026-08-05 08:45:00,12.5175,7.5879
1785920400000,2026-08-05 09:00:00,12.476,7.5637
1785921300000,2026-08-05 09:15:00,12.452,7.6031
1785922200000,2026-08-05 09:30:00,12.4362,7.5989
1785923100000,2026-08-05 09:45:00,12.4675,7.623
1785924000000,2026-08-05 10:00:00,12.4757,7.6238
1785924900000,2026-08-05 10:15:00,12.4043,7.5095
1785925800000,2026-08-05 10:30:00,12.4043,7.4858
1785926700000,2026-08-05 10:45:00,12.4043,7.6927
1785927600000,2026-08-05 11:00:00,12.4043,7.7181
1785928500000,2026-08-05 11:15:00,12.4043,7.7263
1785929400000,2026-08-05 11:30:00,12.4043,7.6574
1785930300000,2026-08-05 11:45:00,12.4043,7.6068
1785931200000,2026-08-05 12:00:00,12.4043,7.536
1785932100000,2026-08-05 12:15:00,12.4043,7.1219
1785933000000,2026-08-05 12:30:00,12.2983,7.1623
1785933900000,2026-08-05 12:45:00,12.2755,7.2879
1785934800000,2026-08-05 13:00:00,12.1994,7.4908
1785935700000,2026-08-05 13:15:00,12.245,7.502
1785936600000,2026-08-05 13:30:00,12.4609,7.6957
1785937500000,2026-08-05 13:45:00,12.6291,7.5442
1785938400000,2026-08-05 14:00:00,12.4881,7.3865
1785939300000,2026-08-05 14:15:00,12.504,7.6737
1785940200000,2026-08-05 14:30:00,12.6173,7.676
1785941100000,2026-08-05 14:45:00,12.6202,7.6385
1785942000000,2026-08-05 15:00:00,12.6115,7.5747
1785942900000,2026-08-05 15:15:00,12.567,7.5473
1785943800000,2026-08-05 15:30:00,12.6591,7.6046
1785944700000,2026-08-05 15:45:00,12.668,7.7659
1785945600000,2026-08-05 16:00:00,12.7264,7.4935
1785946500000,2026-08-05 16:15:00,12.9833,7.2553
1785947400000,2026-08-05 16:30:00,12.8792,7.2771
1785948300000,2026-08-05 16:45:00,12.9569,7.2452
1785949200000,2026-08-05 17:00:00,12.884,7.2345
1785950100000,2026-08-05 17:15:00,12.8846,7.2891
1785951000000,2026-08-05 17:30:00,13.1965,7.0848
1785951900000,2026-08-05 17:45:00,13.4198,7.375
1785952800000,2026-08-05 18:00:00,13.3765,7.3768
1785953700000,2026-08-05 18:15:00,13.4236,7.5088
1785954600000,2026-08-05 18:30:00,13.3994,7.4847
1785955500000,2026-08-05 18:45:00,13.3584,7.4436
1785956400000,2026-08-05 19:00:00,13.3011,7.3863
1785957300000,2026-08-05 19:15:00,13.4754,7.5606
1785958200000,2026-08-05 19:30:00,13.4665,7.5517
1785959100000,2026-08-05 19:45:00,13.4639,7.5492
1785960000000,2026-08-05 20:00:00,13.4097,7.4949
1785960900000,2026-08-05 20:15:00,13.3714,7.4567
1785961800000,2026-08-05 20:30:00,13.3969,7.4821
1785962700000,2026-08-05 20:45:00,13.4251,7.5103
1785963600000,2026-08-05 21:00:00,13.4499,7.5352
1785964500000,2026-08-05 21:15:00,13.4078,7.493
1785965400000,2026-08-05 21:30:00,13.3949,7.4802
1785966300000,2026-08-05 21:45:00,13.3335,7.4187
1785967200000,2026-08-05 22:00:00,13.3935,7.4788
1785968100000,2026-08-05 22:15:00,13.4191,7.5043
1785969000000,2026-08-05 22:30:00,13.4527,7.538
1785969900000,2026-08-05 22:45:00,13.4251,7.5104
1785970800000,2026-08-05 23:00:00,13.4097,7.4949
1785971700000,2026-08-05 23:15:00,13.491,7.5763
1785972600000,2026-08-05 23:30:00,13.5393,7.6245
1785973500000,2026-08-05 23:45:00,13.5968,7.6821
1785974400000,2026-08-06 00:00:00,13.6494,7.7347
1785975300000,2026-08-06 00:15:00,13.6652,7.7505
1785976200000,2026-08-06 00:30:00,13.6755,7.7608
1785977100000,2026-08-06 00:45:00,13.6874,7.7727
1785978000000,2026-08-06 01:00:00,13.6768,7.7621
1785978900000,2026-08-06 01:15:00,13.6215,7.7068
1785979800000,2026-08-06 01:30:00,13.6389,7.7242
1785980700000,2026-08-06 01:45:00,13.6459,7.7311
1785981600000,2026-08-06 02:00:00,13.6083,7.6936
1785982500000,2026-08-06 02:15:00,13.5457,7.6309
1785983400000,2026-08-06 02:30:00,13.5673,7.6525
1785984300000,2026-08-06 02:45:00,13.5528,7.638
1785985200000,2026-08-06 03:00:00,13.5382,7.6235
1785986100000,2026-08-06 03:15:00,13.5247,7.6099
1785987000000,2026-08-06 03:30:00,13.5304,7.6157
1785987900000,2026-08-06 03:45:00,13.55,7.6353
1785988800000,2026-08-06 04:00:00,13.5597,7.645
1785989700000,2026-08-06 04:15:00,13.6389,7.7242
1785990600000,2026-08-06 04:30:00,13.6323,7.7176
1785991500000,2026-08-06 04:45:00,13.6568,7.7421
1785992400000,2026-08-06 05:00:00,13.7443,7.8295
1785993300000,2026-08-06 05:15:00,13.7065,7.7917
1785994200000,2026-08-06 05:30:00,13.721,7.8063
1785995100000,2026-08-06 05:45:00,13.7366,7.8219
1785996000000,2026-08-06 06:00:00,13.6878,7.773
1785996900000,2026-08-06 06:15:00,13.7215,7.8067
1785997800000,2026-08-06 06:30:00,13.7307,7.816
1785998700000,2026-08-06 06:45:00,13.7283,7.8136
1785999600000,2026-08-06 07:00:00,13.7382,7.8234
1786000500000,2026-08-06 07:15:00,13.714,7.7993
1786001400000,2026-08-06 07:30:00,13.6682,7.7535
1786002300000,2026-08-06 07:45:00,13.677,7.7622
1786003200000,2026-08-06 08:00:00,13.6798,7.7651
1786004100000,2026-08-06 08:15:00,13.7274,7.8126
1786005000000,2026-08-06 08:30:00,13.7252,7.8105
1786005900000,2026-08-06 08:45:00,13.76,7.8453
1786006800000,2026-08-06 09:00:00,13.6542,7.7394
1786007700000,2026-08-06 09:15:00,13.6687,7.7539
1786008600000,2026-08-06 09:30:00,13.6406,7.7259
1786009500000,2026-08-06 09:45:00,13.6549,7.7401
1786010400000,2026-08-06 10:00:00,13.5991,7.6843
1786011300000,2026-08-06 10:15:00,13.6281,7.7134
1786012200000,2026-08-06 10:30:00,13.6144,7.6997
1786013100000,2026-08-06 10:45:00,13.5961,7.6813
1786014000000,2026-08-06 11:00:00,13.5901,7.6753
1786014900000,2026-08-06 11:15:00,13.6279,7.7131
1786015800000,2026-08-06 11:30:00,13.669,7.7543
1786016700000,2026-08-06 11:45:00,13.6574,7.7427
1786017600000,2026-08-06 12:00:00,13.5818,7.6671
1786018500000,2026-08-06 12:15:00,13.6228,7.7081
1786019400000,2026-08-06 12:30:00,13.6104,7.6956
1786020300000,2026-08-06 12:45:00,13.553,7.6383
1786021200000,2026-08-06 13:00:00,13.5175,7.6027
1786022100000,2026-08-06 13:15:00,13.5349,7.6201
1786023000000,2026-08-06 13:30:00,13.6465,7.7317
1786023900000,2026-08-06 13:45:00,13.6524,7.7376
1786024800000,2026-08-06 14:00:00,13.6624,7.7477
1786025700000,2026-08-06 14:15:00,13.6467,7.732
1786026600000,2026-08-06 14:30:00,13.7512,7.8365
1786027500000,2026-08-06 14:45:00,13.7434,7.8287
1786028400000,2026-08-06 15:00:00,13.7469,7.8322
1786029300000,2026-08-06 15:15:00,13.7702,7.8555
1786030200000,2026-08-06 15:30:00,13.7262,7.8114
1786031100000,2026-08-06 15:45:00,13.6933,7.7785
1786032000000,2026-08-06 16:00:00,13.6809,7.7662
1786032900000,2026-08-06 16:15:00,13.704,7.7892
1786033800000,2026-08-06 16:30:00,13.743,7.8282
1786034700000,2026-08-06 16:45:00,13.7514,7.8366
1786035600000,2026-08-06 17:00:00,13.7391,7.8244
1786036500000,2026-08-06 17:15:00,13.7349,7.8202
1786037400000,2026-08-06 17:30:00,13.7158,7.8011
1786038300000,2026-08-06 17:45:00,13.7319,7.8172
1786039200000,2026-08-06 18:00:00,13.7016,7.7868
1786040100000,2026-08-06 18:15:00,13.7026,7.7879
1786041000000,2026-08-06 18:30:00,13.6338,7.719
1786041900000,2026-08-06 18:45:00,13.6372,7.7225
1786042800000,2026-08-06 19:00:00,13.6626,7.7478
1786043700000,2026-08-06 19:15:00,13.6446,7.7298
1786044600000,2026-08-06 19:30:00,13.6635,7.7488
1786045500000,2026-08-06 19:45:00,13.68,7.7652
1786046400000,2026-08-06 20:00:00,13.6806,7.7658
1786047300000,2026-08-06 20:15:00,13.6472,7.7325
1786048200000,2026-08-06 20:30:00,13.6579,7.7431
1786049100000,2026-08-06 20:45:00,13.6486,7.7339
1786050000000,2026-08-06 21:00:00,13.6638,7.749
1786050900000,2026-08-06 21:15:00,13.6543,7.7395
1786051800000,2026-08-06 21:30:00,13.653,7.7382
1786052700000,2026-08-06 21:45:00,13.6377,7.723
1786053600000,2026-08-06 22:00:00,13.6503,7.7356
1786054500000,2026-08-06 22:15:00,13.6141,7.6993
1786055400000,2026-08-06 22:30:00,13.6047,7.69
1786056300000,2026-08-06 22:45:00,13.6249,7.7101
1786057200000,2026-08-06 23:00:00,13.6231,7.7083
1786058100000,2026-08-06 23:15:00,13.5853,7.6705
1786059000000,2026-08-06 23:30:00,13.5666,7.6518
1786059900000,2026-08-06 23:45:00,13.6122,7.6974
1786060800000,2026-08-07 00:00:00,13.5772,7.6625
1786061700000,2026-08-07 00:15:00,13.4364,7.5216
1786062600000,2026-08-07 00:30:00,13.4681,7.5648
1786063500000,2026-08-07 00:45:00,13.3088,7.4105
1786064400000,2026-08-07 01:00:00,13.4168,7.5144
1786065300000,2026-08-07 01:15:00,13.4141,7.5338
1786066200000,2026-08-07 01:30:00,13.3871,7.467
1786067100000,2026-08-07 01:45:00,13.289,7.3841
1786068000000,2026-08-07 02:00:00,13.3736,7.4623
1786068900000,2026-08-07 02:15:00,13.5356,7.5959
1786069800000,2026-08-07 02:30:00,13.4105,7.4974
1786070700000,2026-08-07 02:45:00,13.3736,7.4603
1786071600000,2026-08-07 03:00:00,13.3475,7.4142
1786072500000,2026-08-07 03:15:00,13.4483,7.5058
1786073400000,2026-08-07 03:30:00,13.4654,7.5198
1786074300000,2026-08-07 03:45:00,13.4492,7.4733
1786075200000,2026-08-07 04:00:00,13.3718,7.4127
1786076100000,2026-08-07 04:15:00,13.4213,7.4673
1786077000000,2026-08-07 04:30:00,13.4375,7.4732
1786077900000,2026-08-07 04:45:00,13.4951,7.5186
1786078800000,2026-08-07 05:00:00,13.6274,7.6559
1786079700000,2026-08-07 05:15:00,13.946,7.9573
1786080600000,2026-08-07 05:30:00,13.8308,7.863
1786081500000,2026-08-07 05:45:00,13.478,7.5532
1786082400000,2026-08-07 06:00:00,13.3826,7.488
1786083300000,2026-08-07 06:15:00,13.433,7.5587
1786084200000,2026-08-07 06:30:00,13.5779,7.6915
1786085100000,2026-08-07 06:45:00,13.6868,7.7982
1786086000000,2026-08-07 07:00:00,13.5959,7.7282
1786086900000,2026-08-07 07:15:00,13.604,7.728
1786087800000,2026-08-07 07:30:00,13.6355,7.7335
1786088700000,2026-08-07 07:45:00,13.6193,7.7049
1786089600000,2026-08-07 08:00:00,13.4204,7.5535
1786090500000,2026-08-07 08:15:00,13.4483,7.5792
1786091400000,2026-08-07 08:30:00,13.3484,7.5652
1786092300000,2026-08-07 08:45:00,13.256,7.5374
1786093200000,2026-08-07 09:00:00,13.3187,7.5805
1786094100000,2026-08-07 09:15:00,13.3613,7.6373
1786095000000,2026-08-07 09:30:00,13.0848,7.3006
1786095900000,2026-08-07 09:45:00,12.7645,6.9488
1786096800000,2026-08-07 10:00:00,12.9788,6.9726
1786097700000,2026-08-07 10:15:00,12.9836,6.9678
1786098600000,2026-08-07 10:30:00,13.0546,6.9548
1786099500000,2026-08-07 10:45:00,13.0053,6.9454
1786100400000,2026-08-07 11:00:00,12.7584,6.9813
1786101300000,2026-08-07 11:15:00,12.9337,6.992
1786102200000,2026-08-07 11:30:00,12.9788,6.9834
1786103100000,2026-08-07 11:45:00,12.8038,6.986
1786104000000,2026-08-07 12:00:00,13.1685,7.1984
1786104900000,2026-08-07 12:15:00,13.272,7.1858
1786105800000,2026-08-07 12:30:00,13.3563,7.136
1786106700000,2026-08-07 12:45:00,13.209,7.175
1786107600000,2026-08-07 13:00:00,13.2695,7.1374
1786108500000,2026-08-07 13:15:00,13.1198,7.1262
1786109400000,2026-08-07 13:30:00,13.1699,7.1782
1786110300000,2026-08-07 13:45:00,13.1957,7.0698
1786111200000,2026-08-07 14:00:00,13.386,6.938
1786112100000,2026-08-07 14:15:00,13.2137,7.0752
1786113000000,2026-08-07 14:30:00,13.1696,7.006
1786113900000,2026-08-07 14:45:00,13.1919,6.9527
1786114800000,2026-08-07 15:00:00,13.2945,6.9743
1786115700000,2026-08-07 15:15:00,13.2252,6.9896
1786116600000,2026-08-07 15:30:00,13.0359,7.0352
1786117500000,2026-08-07 15:45:00,12.9873,7.0037
1786118400000,2026-08-07 16:00:00,12.6408,7.0692
1786119300000,2026-08-07 16:15:00,12.5404,6.9688
1786120200000,2026-08-07 16:30:00,12.546,6.9744
1786121100000,2026-08-07 16:45:00,12.4742,6.9026
1786122000000,2026-08-07 17:00:00,12.4457,6.8741
1786122900000,2026-08-07 17:15:00,12.457,6.8854
1786123800000,2026-08-07 17:30:00,12.5032,6.9316
1786124700000,2026-08-07 17:45:00,12.5084,6.9368
1786125600000,2026-08-07 18:00:00,12.5279,6.9563
1786126500000,2026-08-07 18:15:00,12.5112,6.9396
1786127400000,2026-08-07 18:30:00,12.4556,6.884
1786128300000,2026-08-07 18:45:00,12.4786,6.907
1786129200000,2026-08-07 19:00:00,12.5229,6.9513
1786130100000,2026-08-07 19:15:00,12.5634,6.9918
1786131000000,2026-08-07 19:30:00,12.5799,7.0083
1786131900000,2026-08-07 19:45:00,12.5856,7.014
1786132800000,2026-08-07 20:00:00,12.5835,7.0119
1786133700000,2026-08-07 20:15:00,12.5636,6.992
1786134600000,2026-08-07 20:30:00,12.5453,6.9737
1786135500000,2026-08-07 20:45:00,12.5391,6.9675
1786136400000,2026-08-07 21:00:00,12.5394,6.9678
1786137300000,2026-08-07 21:15:00,12.5276,6.956
1786138200000,2026-08-07 21:30:00,12.5798,7.0082
1786139100000,2026-08-07 21:45:00,12.5592,6.9876
1786140000000,2026-08-07 22:00:00,12.5472,6.9756
1786140900000,2026-08-07 22:15:00,12.5438,6.9722
1786141800000,2026-08-07 22:30:00,12.5342,6.9626
1786142700000,2026-08-07 22:45:00,12.5386,6.967
1786143600000,2026-08-07 23:00:00,12.5516,6.98
1786144500000,2026-08-07 23:15:00,12.5412,6.9696
1786145400000,2026-08-07 23:30:00,12.5495,6.9779
1786146300000,2026-08-07 23:45:00,12.5283,6.9567
1786147200000,2026-08-08 00:00:00,12.5316,6.96
1786148100000,2026-08-08 00:15:00,12.5306,6.959
1786149000000,2026-08-08 00:30:00,12.5361,6.9645
1786149900000,2026-08-08 00:45:00,12.5324,6.9608
1786150800000,2026-08-08 01:00:00,12.538,6.9664
1786151700000,2026-08-08 01:15:00,12.5374,6.9658
1786152600000,2026-08-08 01:30:00,12.5446,6.973
1786153500000,2026-08-08 01:45:00,12.5372,6.9656
1786154400000,2026-08-08 02:00:00,12.5205,6.9489
1786155300000,2026-08-08 02:15:00,12.5208,6.9492
1786156200000,2026-08-08 02:30:00,12.5177,6.9461
1786157100000,2026-08-08 02:45:00,12.5187,6.9471
1786158000000,2026-08-08 03:00:00,12.5312,6.9596
1786158900000,2026-08-08 03:15:00,12.5578,6.9862
1786159800000,2026-08-08 03:30:00,12.5703,6.9987
1786160700000,2026-08-08 03:45:00,12.5778,7.0062
1786161600000,2026-08-08 04:00:00,12.5628,6.9912
1786162500000,2026-08-08 04:15:00,12.5685,6.9969
1786163400000,2026-08-08 04:30:00,12.5769,7.0053
1786164300000,2026-08-08 04:45:00,12.5649,6.9933
1786165200000,2026-08-08 05:00:00,12.5625,6.9909
1786166100000,2026-08-08 05:15:00,12.5661,6.9945
1786167000000,2026-08-08 05:30:00,12.5757,7.0041
1786167900000,2026-08-08 05:45:00,12.5717,7.0001
1786168800000,2026-08-08 06:00:00,12.5691,6.9975
1786169700000,2026-08-08 06:15:00,12.559,6.9874
1786170600000,2026-08-08 06:30:00,12.5651,6.9935
1786171500000,2026-08-08 06:45:00,12.5594,6.9878
1786172400000,2026-08-08 07:00:00,12.5518,6.9802
1786173300000,2026-08-08 07:15:00,12.549,6.9774
1786174200000,2026-08-08 07:30:00,12.5352,6.9636
1786175100000,2026-08-08 07:45:00,12.5429,6.9713
1786176000000,2026-08-08 08:00:00,12.5471,6.9755
1786176900000,2026-08-08 08:15:00,12.5518,6.9802
1786177800000,2026-08-08 08:30:00,12.573,7.0014
1786178700000,2026-08-08 08:45:00,12.5637,6.9921
1786179600000,2026-08-08 09:00:00,12.5644,6.9928
1786180500000,2026-08-08 09:15:00,12.5594,6.9878
1786181400000,2026-08-08 09:30:00,12.5948,7.0232
1786182300000,2026-08-08 09:45:00,12.588,7.0164
1786183200000,2026-08-08 10:00:00,12.6054,7.0338
1786184100000,2026-08-08 10:15:00,12.633,7.0614
1786185000000,2026-08-08 10:30:00,12.6143,7.0427
1786185900000,2026-08-08 10:45:00,12.6158,7.0442
1786186800000,2026-08-08 11:00:00,12.6255,7.0539
1786187700000,2026-08-08 11:15:00,12.6018,7.0302
1786188600000,2026-08-08 11:30:00,12.5976,7.026
1786189500000,2026-08-08 11:45:00,12.612,7.0404
1786190400000,2026-08-08 12:00:00,12.6149,7.0433
1786191300000,2026-08-08 12:15:00,12.6014,7.0298
1786192200000,2026-08-08 12:30:00,12.6032,7.0316
1786193100000,2026-08-08 12:45:00,12.5921,7.0205
1786194000000,2026-08-08 13:00:00,12.5954,7.0238
1786194900000,2026-08-08 13:15:00,12.5922,7.0206
1786195800000,2026-08-08 13:30:00,12.5928,7.0212
1786196700000,2026-08-08 13:45:00,12.6023,7.0307
1786197600000,2026-08-08 14:00:00,12.6189,7.0473
1786198500000,2026-08-08 14:15:00,12.6474,7.0758
1786199400000,2026-08-08 14:30:00,12.6285,7.0569
1786200300000,2026-08-08 14:45:00,12.6474,7.0758
1786201200000,2026-08-08 15:00:00,12.6473,7.0757
1786202100000,2026-08-08 15:15:00,12.6334,7.0618
1786203000000,2026-08-08 15:30:00,12.6257,7.0541
1786203900000,2026-08-08 15:45:00,12.6336,7.062
1786204800000,2026-08-08 16:00:00,12.6359,7.0643
1786205700000,2026-08-08 16:15:00,12.6303,7.0587
1786206600000,2026-08-08 16:30:00,12.6255,7.0539
1786207500000,2026-08-08 16:45:00,12.6316,7.06
1786208400000,2026-08-08 17:00:00,12.6384,7.0668
1786209300000,2026-08-08 17:15:00,12.648,7.0764
1786210200000,2026-08-08 17:30:00,12.6629,7.0913
1786211100000,2026-08-08 17:45:00,12.648,7.0764
1786212000000,2026-08-08 18:00:00,12.6338,7.0622
1786212900000,2026-08-08 18:15:00,12.6092,7.0376
1786213800000,2026-08-08 18:30:00,12.6152,7.0436
1786214700000,2026-08-08 18:45:00,12.6173,7.0457
1786215600000,2026-08-08 19:00:00,12.6164,7.0448
1786216500000,2026-08-08 19:15:00,12.5991,7.0275
1786217400000,2026-08-08 19:30:00,12.6039,7.0323
1786218300000,2026-08-08 19:45:00,12.6068,7.0352
1786219200000,2026-08-08 20:00:00,12.5529,6.9813
1786220100000,2026-08-08 20:15:00,12.5614,6.9898
1786221000000,2026-08-08 20:30:00,12.4853,6.9137
1786221900000,2026-08-08 20:45:00,12.5602,7.0001
1786222800000,2026-08-08 21:00:00,12.586,7.0283
1786223700000,2026-08-08 21:15:00,12.7186,7.1676
1786224600000,2026-08-08 21:30:00,12.5771,7.0451
1786225500000,2026-08-08 21:45:00,12.5281,6.9738
1786226400000,2026-08-08 22:00:00,12.6118,7.0409
1786227300000,2026-08-08 22:15:00,12.6928,7.1384
1786228200000,2026-08-08 22:30:00,12.723,7.1541
1786229100000,2026-08-08 22:45:00,12.8379,7.236
1786230000000,2026-08-08 23:00:00,12.845,7.232
1786230900000,2026-08-08 23:15:00,12.7756,7.1748
1786231800000,2026-08-08 23:30:00,12.7827,7.199
1786232700000,2026-08-08 23:45:00,12.7542,7.153
1786233600000,2026-08-09 00:00:00,12.7168,7.135
1786234500000,2026-08-09 00:15:00,12.7978,7.2061
1786235400000,2026-08-09 00:30:00,12.9682,7.3828
1786236300000,2026-08-09 00:45:00,12.8642,7.277
1786237200000,2026-08-09 01:00:00,12.8422,7.2684
1786238100000,2026-08-09 01:15:00,12.8741,7.2434
1786239000000,2026-08-09 01:30:00,12.745,7.1346
1786239900000,2026-08-09 01:45:00,12.6599,7.0507
1786240800000,2026-08-09 02:00:00,12.5776,6.9744
1786241700000,2026-08-09 02:15:00,12.6275,7.0205
1786242600000,2026-08-09 02:30:00,12.7139,7.0857
1786243500000,2026-08-09 02:45:00,12.6986,7.072
1786244400000,2026-08-09 03:00:00,12.7504,7.1005
1786245300000,2026-08-09 03:15:00,12.7067,7.0697
1786246200000,2026-08-09 03:30:00,12.7193,7.0847
1786247100000,2026-08-09 03:45:00,12.7526,7.1165
1786248000000,2026-08-09 04:00:00,12.7211,7.1003
1786248900000,2026-08-09 04:15:00,12.6442,7.0129
1786249800000,2026-08-09 04:30:00,12.6937,7.0515
1786250700000,2026-08-09 04:45:00,12.6802,7.0363
1786251600000,2026-08-09 05:00:00,12.7112,7.0745
1786252500000,2026-08-09 05:15:00,12.7904,7.1561
1786253400000,2026-08-09 05:30:00,12.8116,7.1778
1786254300000,2026-08-09 05:45:00,12.7904,7.161
1786255200000,2026-08-09 06:00:00,12.8341,7.2189
1786256100000,2026-08-09 06:15:00,12.7787,7.1809
1786257000000,2026-08-09 06:30:00,12.7927,7.207
1786257900000,2026-08-09 06:45:00,12.8023,7.2343
1786258800000,2026-08-09 07:00:00,12.6763,7.1195
1786259700000,2026-08-09 07:15:00,12.6575,7.105
1786260600000,2026-08-09 07:30:00,12.6368,7.0901
1786261500000,2026-08-09 07:45:00,12.6697,7.1043
1786262400000,2026-08-09 08:00:00,12.7984,7.1916
1786263300000,2026-08-09 08:15:00,12.677,7.0819
1786264200000,2026-08-09 08:30:00,12.5923,7.0807
1786265100000,2026-08-09 08:45:00,12.5902,7.0654
1786266000000,2026-08-09 09:00:00,12.3122,6.743
1786266900000,2026-08-09 09:15:00,12.3938,6.9028
1786267800000,2026-08-09 09:30:00,12.3379,6.7129
1786268700000,2026-08-09 09:45:00,12.3439,6.5463
1786269600000,2026-08-09 10:00:00,12.1193,5.9707
1786270500000,2026-08-09 10:15:00,12.1598,6.0621
1786271400000,2026-08-09 10:30:00,12.0793,5.9342
1786272300000,2026-08-09 10:45:00,12.1371,6.0393
1786273200000,2026-08-09 11:00:00,12.1784,6.0949
1786274100000,2026-08-09 11:15:00,12.2052,6.1457
1786275000000,2026-08-09 11:30:00,12.1907,6.1245
1786275900000,2026-08-09 11:45:00,12.1458,6.0881
1786276800000,2026-08-09 12:00:00,12.253,6.3386
1786277700000,2026-08-09 12:15:00,12.2232,6.307
1786278600000,2026-08-09 12:30:00,12.1503,6.2441
1786279500000,2026-08-09 12:45:00,12.2004,6.2923
1786280400000,2026-08-09 13:00:00,12.1585,6.2222
1786281300000,2026-08-09 13:15:00,12.2002,6.202
1786282200000,2026-08-09 13:30:00,12.2002,6.2297
1786283100000,2026-08-09 13:45:00,12.2974,6.3182
1786284000000,2026-08-09 14:00:00,12.3127,6.307
1786284900000,2026-08-09 14:15:00,12.2863,6.306
1786285800000,2026-08-09 14:30:00,12.3013,6.3174
1786286700000,2026-08-09 14:45:00,12.315,6.3157
1786287600000,2026-08-09 15:00:00,12.3898,6.369
1786288500000,2026-08-09 15:15:00,12.4343,6.4166
1786289400000,2026-08-09 15:30:00,12.4047,6.3904
1786290300000,2026-08-09 15:45:00,12.3792,6.3626
1786291200000,2026-08-09 16:00:00,12.5443,6.5415
1786292100000,2026-08-09 16:15:00,12.5935,6.6179
1786293000000,2026-08-09 16:30:00,12.5623,6.5576
1786293900000,2026-08-09 16:45:00,12.5404,6.5468
1786294800000,2026-08-09 17:00:00,12.5525,6.5524
1786295700000,2026-08-09 17:15:00,12.6742,6.6731
1786296600000,2026-08-09 17:30:00,12.6169,6.6203
1786297500000,2026-08-09 17:45:00,12.6692,6.6856
1786298400000,2026-08-09 18:00:00,12.6323,6.6551
1786299300000,2026-08-09 18:15:00,12.5997,6.6281
1786300200000,2026-08-09 18:30:00,12.6197,6.6598
1786301100000,2026-08-09 18:45:00,12.6241,6.6598
1786302000000,2026-08-09 19:00:00,12.5969,6.6344
1786302900000,2026-08-09 19:15:00,12.6111,6.6434
1786303800000,2026-08-09 19:30:00,12.6203,6.6453
1786304700000,2026-08-09 19:45:00,12.6218,6.6525
1786305600000,2026-08-09 20:00:00,12.5717,6.6358
1786306500000,2026-08-09 20:15:00,12.5762,6.628
1786307400000,2026-08-09 20:30:00,12.5754,6.6269
1786308300000,2026-08-09 20:45:00,12.5501,6.5958
1786309200000,2026-08-09 21:00:00,12.5328,6.5734
1786310100000,2026-08-09 21:15:00,12.5885,6.5941
1786311000000,2026-08-09 21:30:00,12.6034,6.591
1786311900000,2026-08-09 21:45:00,12.5183,6.5205
1786312800000,2026-08-09 22:00:00,12.6798,6.5759
1786313700000,2026-08-09 22:15:00,12.7675,6.6175
1786314600000,2026-08-09 22:30:00,12.7786,6.6256
1786315500000,2026-08-09 22:45:00,12.8569,6.7078
1786316400000,2026-08-09 23:00:00,12.8605,6.6852
1786317300000,2026-08-09 23:15:00,12.8735,6.6456
1786318200000,2026-08-09 23:30:00,12.8614,6.6024
1786319100000,2026-08-09 23:45:00,12.9097,6.5986
1786320000000,2026-08-10 00:00:00,12.863,6.7363
1786320900000,2026-08-10 00:15:00,12.8464,6.4567
1786321800000,2026-08-10 00:30:00,12.9233,6.0615
1786322700000,2026-08-10 00:45:00,13.0072,6.1014
1786323600000,2026-08-10 01:00:00,13.0178,6.132
1786324500000,2026-08-10 01:15:00,12.9698,6.2489
1786325400000,2026-08-10 01:30:00,13.0016,6.2009
1786326300000,2026-08-10 01:45:00,12.9836,6.5965
1786327200000,2026-08-10 02:00:00,13.0152,6.3981
1786328100000,2026-08-10 02:15:00,13.049,6.11
1786329000000,2026-08-10 02:30:00,13.0561,6.4763
1786329900000,2026-08-10 02:45:00,13.0149,6.4722
1786330800000,2026-08-10 03:00:00,13.05,6.1269
1786331700000,2026-08-10 03:15:00,13.0744,6.1593
1786332600000,2026-08-10 03:30:00,13.0867,6.1863
1786333500000,2026-08-10 03:45:00,13.0622,6.1538
1786334400000,2026-08-10 04:00:00,13.0837,6.2072
1786335300000,2026-08-10 04:15:00,13.1017,6.1441
1786336200000,2026-08-10 04:30:00,13.0477,6.154
1786337100000,2026-08-10 04:45:00,13.1267,5.963
1786338000000,2026-08-10 05:00:00,13.0976,6.0416
1786338900000,2026-08-10 05:15:00,13.0525,6.2758
1786339800000,2026-08-10 05:30:00,13.0611,6.3017
1786340700000,2026-08-10 05:45:00,13.06,6.3711
1786341600000,2026-08-10 06:00:00,13.0776,6.4179
1786342500000,2026-08-10 06:15:00,13.0916,6.3907
1786343400000,2026-08-10 06:30:00,13.0481,6.5374
1786344300000,2026-08-10 06:45:00,13.0609,6.5369
1786345200000,2026-08-10 07:00:00,13.0766,6.4568
1786346100000,2026-08-10 07:15:00,13.1714,6.3774
1786347000000,2026-08-10 07:30:00,13.1326,6.3838
1786347900000,2026-08-10 07:45:00,13.1316,6.3096
1786348800000,2026-08-10 08:00:00,13.0757,6.4634
1786349700000,2026-08-10 08:15:00,13.0859,6.5845
1786350600000,2026-08-10 08:30:00,13.0496,6.4161
1786351500000,2026-08-10 08:45:00,13.0684,6.523
1786352400000,2026-08-10 09:00:00,13.0642,6.4317
1786353300000,2026-08-10 09:15:00,13.0193,6.2856
1786354200000,2026-08-10 09:30:00,12.9658,6.02
1786355100000,2026-08-10 09:45:00,12.9424,5.8111
1786356000000,2026-08-10 10:00:00,12.9771,5.8457
1786356900000,2026-08-10 10:15:00,12.9785,5.8472
1786357800000,2026-08-10 10:30:00,12.9579,5.8265
1786358700000,2026-08-10 10:45:00,12.9573,5.8259
1786359600000,2026-08-10 11:00:00,12.9453,5.8139
1786360500000,2026-08-10 11:15:00,12.9752,5.8438
1786361400000,2026-08-10 11:30:00,12.9686,5.8372
1786362300000,2026-08-10 11:45:00,12.9916,5.8603
1786363200000,2026-08-10 12:00:00,12.9936,5.8623
1786364100000,2026-08-10 12:15:00,12.9498,5.8185
1786365000000,2026-08-10 12:30:00,12.9316,5.8003
1786365900000,2026-08-10 12:45:00,12.8168,5.6854
1786366800000,2026-08-10 13:00:00,12.8534,5.722
1786367700000,2026-08-10 13:15:00,12.8453,5.714
1786368600000,2026-08-10 13:30:00,12.5575,5.4262
1786369500000,2026-08-10 13:45:00,12.7564,5.6251
1786370400000,2026-08-10 14:00:00,12.7409,5.6096
1786371300000,2026-08-10 14:15:00,12.5823,5.451
1786372200000,2026-08-10 14:30:00,12.5506,5.4193
1786373100000,2026-08-10 14:45:00,12.3826,5.2512
1786374000000,2026-08-10 15:00:00,11.9891,4.8265
1786374900000,2026-08-10 15:15:00,11.9798,4.8096
1786375800000,2026-08-10 15:30:00,12.0179,4.83
1786376700000,2026-08-10 15:45:00,12.0605,4.8906
1786377600000,2026-08-10 16:00:00,12.1631,5.0054
1786378500000,2026-08-10 16:15:00,11.9453,4.7989
1786379400000,2026-08-10 16:30:00,11.7813,4.6592
1786380300000,2026-08-10 16:45:00,11.6312,4.4437
1786381200000,2026-08-10 17:00:00,11.621,4.4437
1786382100000,2026-08-10 17:15:00,11.529,4.4437
1786383000000,2026-08-10 17:30:00,11.5573,4.4437
1786383900000,2026-08-10 17:45:00,11.6347,4.4437
1786384800000,2026-08-10 18:00:00,11.6402,4.4437
1786385700000,2026-08-10 18:15:00,11.7075,4.4437
1786386600000,2026-08-10 18:30:00,11.7018,4.3965
1786387500000,2026-08-10 18:45:00,11.5508,4.2564
1786388400000,2026-08-10 19:00:00,11.6754,4.3838
1786389300000,2026-08-10 19:15:00,11.9094,4.6231
1786390200000,2026-08-10 19:30:00,11.7804,4.4912
1786391100000,2026-08-10 19:45:00,11.7101,4.4193
1786392000000,2026-08-10 20:00:00,11.8107,4.5221
1786392900000,2026-08-10 20:15:00,11.8418,4.5539
1786393800000,2026-08-10 20:30:00,11.7581,4.4684
1786394700000,2026-08-10 20:45:00,11.711,4.4202
1786395600000,2026-08-10 21:00:00,11.549,4.2546
1786396500000,2026-08-10 21:15:00,11.6505,4.3583
1786397400000,2026-08-10 21:30:00,11.5873,4.2937
1786398300000,2026-08-10 21:45:00,11.7181,4.4275
1786399200000,2026-08-10 22:00:00,11.7261,4.4356
1786400100000,2026-08-10 22:15:00,11.6923,4.4011
1786401000000,2026-08-10 22:30:00,11.5606,4.2664
1786401900000,2026-08-10 22:45:00,11.5063,4.2109
1786402800000,2026-08-10 23:00:00,11.5267,4.2318
1786403700000,2026-08-10 23:15:00,11.6932,4.402
1786404600000,2026-08-10 23:30:00,11.5472,4.2527
1786405500000,2026-08-10 23:45:00,11.5339,4.2391
1786406400000,2026-08-11 00:00:00,11.5988,4.3055
1786407300000,2026-08-11 00:15:00,11.5481,4.2536
1786408200000,2026-08-11 00:30:00,11.5036,4.2081
1786409100000,2026-08-11 00:45:00,11.4707,4.1745
1786410000000,2026-08-11 01:00:00,11.14,3.8587
1786410900000,2026-08-11 01:15:00,11.14,3.7613
1786411800000,2026-08-11 01:30:00,11.14,3.6576
1786412700000,2026-08-11 01:45:00,11.14,3.896
1786413600000,2026-08-11 02:00:00,11.14,3.856
1786414500000,2026-08-11 02:15:00,11.14,3.9615
1786415400000,2026-08-11 02:30:00,11.0631,3.9169
1786416300000,2026-08-11 02:45:00,11.1652,4.018
1786417200000,2026-08-11 03:00:00,11.1772,4.0298
1786418100000,2026-08-11 03:15:00,11.2342,4.0862
1786419000000,2026-08-11 03:30:00,11.1174,3.9706
1786419900000,2026-08-11 03:45:00,11.1744,4.0271
1786420800000,2026-08-11 04:00:00,11.1542,4.007
1786421700000,2026-08-11 04:15:00,11.0723,3.926
1786422600000,2026-08-11 04:30:00,11.0585,3.9124
1786423500000,2026-08-11 04:45:00,11.1496,4.0025
1786424400000,2026-08-11 05:00:00,11.0576,3.9115
1786425300000,2026-08-11 05:15:00,11.0649,3.9188
1786426200000,2026-08-11 05:30:00,11.0723,3.926
1786427100000,2026-08-11 05:45:00,10.9895,3.8441
1786428000000,2026-08-11 06:00:00,10.8552,3.7113
1786428900000,2026-08-11 06:15:00,10.8221,3.6785
1786429800000,2026-08-11 06:30:00,10.8598,3.5828
1786430700000,2026-08-11 06:45:00,10.892,3.5828
1786431600000,2026-08-11 07:00:00,10.7264,3.5828
1786432500000,2026-08-11 07:15:00,10.5056,3.5828
1786433400000,2026-08-11 07:30:00,10.6629,3.5828
1786434300000,2026-08-11 07:45:00,10.604,3.5828
1786435200000,2026-08-11 08:00:00,10.4807,3.5828
1786436100000,2026-08-11 08:15:00,10.4191,3.5828
1786437000000,2026-08-11 08:30:00,10.4504,3.5828
1786437900000,2026-08-11 08:45:00,10.5221,3.5828
1786438800000,2026-08-11 09:00:00,10.3731,3.5828
1786439700000,2026-08-11 09:15:00,10.4127,3.5828
1786440600000,2026-08-11 09:30:00,10.4329,3.5828
1786441500000,2026-08-11 09:45:00,10.5323,3.5828
1786442400000,2026-08-11 10:00:00,10.3271,3.5828
1786443300000,2026-08-11 10:15:00,10.3529,3.5828
1786444200000,2026-08-11 10:30:00,10.3418,3.5828
1786445100000,2026-08-11 10:45:00,10.2517,3.5828
1786446000000,2026-08-11 11:00:00,10.6868,3.5828
1786446900000,2026-08-11 11:15:00,10.7871,3.5828
1786447800000,2026-08-11 11:30:00,10.7862,3.5828
1786448700000,2026-08-11 11:45:00,10.7613,3.5828
1786449600000,2026-08-11 12:00:00,10.7034,3.5828
1786450500000,2026-08-11 12:15:00,10.4366,3.5828
1786451400000,2026-08-11 12:30:00,10.5277,3.5828
1786452300000,2026-08-11 12:45:00,10.4099,3.5828
1786453200000,2026-08-11 13:00:00,10.5129,3.5828
1786454100000,2026-08-11 13:15:00,10.4936,3.5828
1786455000000,2026-08-11 13:30:00,10.4679,3.5828
1786455900000,2026-08-11 13:45:00,10.409,3.5828
1786456800000,2026-08-11 14:00:00,10.0483,3.5828
1786457700000,2026-08-11 14:15:00,9.9333,3.5828
1786458600000,2026-08-11 14:30:00,9.7926,3.5828
1786459500000,2026-08-11 14:45:00,9.7926,3.5828
1786460400000,2026-08-11 15:00:00,9.7619,3.552
1786461300000,2026-08-11 15:15:00,9.6674,3.4575
1786462200000,2026-08-11 15:30:00,10.1684,3.9586
1786463100000,2026-08-11 15:45:00,10.1234,3.9136
1786464000000,2026-08-11 16:00:00,10.0959,3.886
1786464900000,2026-08-11 16:15:00,10.1077,3.8978
1786465800000,2026-08-11 16:30:00,10.1142,3.9043
1786466700000,2026-08-11 16:45:00,10.0976,3.8877
1786467600000,2026-08-11 17:00:00,10.1078,3.898
1786468500000,2026-08-11 17:15:00,10.0879,3.8781
1786469400000,2026-08-11 17:30:00,10.0874,3.8809
1786470300000,2026-08-11 17:45:00,9.8422,3.7077
1786471200000,2026-08-11 18:00:00,10.0104,3.8286
1786472100000,2026-08-11 18:15:00,9.9989,3.828
1786473000000,2026-08-11 18:30:00,10.0109,3.8296
1786473900000,2026-08-11 18:45:00,9.9995,3.8132
1786474800000,2026-08-11 19:00:00,10.0331,3.8494
1786475700000,2026-08-11 19:15:00,9.9786,3.7844
1786476600000,2026-08-11 19:30:00,10.0959,3.86
1786477500000,2026-08-11 19:45:00,10.1871,3.886
1786478400000,2026-08-11 20:00:00,10.1672,3.8691
1786479300000,2026-08-11 20:15:00,10.1458,3.859
1786480200000,2026-08-11 20:30:00,10.2723,3.9555
1786481100000,2026-08-11 20:45:00,10.3254,3.9825
1786482000000,2026-08-11 21:00:00,10.3709,4.0074
1786482900000,2026-08-11 21:15:00,10.3965,4.0369
1786483800000,2026-08-11 21:30:00,10.495,4.1014
1786484700000,2026-08-11 21:45:00,10.4296,4.0478
1786485600000,2026-08-11 22:00:00,10.6065,4.1743
1786486500000,2026-08-11 22:15:00,10.6102,4.1779
1786487400000,2026-08-11 22:30:00,10.6513,4.219
1786488300000,2026-08-11 22:45:00,10.6307,4.1985
1786489200000,2026-08-11 23:00:00,10.667,4.2347
1786490100000,2026-08-11 23:15:00,10.649,4.2168
1786491000000,2026-08-11 23:30:00,10.6071,4.1748
1786491900000,2026-08-11 23:45:00,10.6285,4.1963
1786492800000,2026-08-12 00:00:00,10.6312,4.199
1786493700000,2026-08-12 00:15:00,10.6333,4.2011
1786494600000,2026-08-12 00:30:00,10.6401,4.2078
1786495500000,2026-08-12 00:45:00,10.6294,4.1972
1786496400000,2026-08-12 01:00:00,10.5877,4.1554
1786497300000,2026-08-12 01:15:00,10.6219,4.1896
1786498200000,2026-08-12 01:30:00,10.5908,4.1586
1786499100000,2026-08-12 01:45:00,10.5982,4.166
1786500000000,2026-08-12 02:00:00,10.5885,4.1562
1786500900000,2026-08-12 02:15:00,10.572,4.1397
1786501800000,2026-08-12 02:30:00,10.5977,4.1654
1786502700000,2026-08-12 02:45:00,10.6019,4.1696
1786503600000,2026-08-12 03:00:00,10.6194,4.1872
1786504500000,2026-08-12 03:15:00,10.6129,4.1807
1786505400000,2026-08-12 03:30:00,10.583,4.1508
1786506300000,2026-08-12 03:45:00,10.5769,4.1446
1786507200000,2026-08-12 04:00:00,10.5661,4.1339
1786508100000,2026-08-12 04:15:00,10.5389,4.1067
1786509000000,2026-08-12 04:30:00,10.551,4.1188
1786509900000,2026-08-12 04:45:00,10.54,4.1077
1786510800000,2026-08-12 05:00:00,10.5324,4.1002
1786511700000,2026-08-12 05:15:00,10.5298,4.0976
1786512600000,2026-08-12 05:30:00,10.5089,4.0767
1786513500000,2026-08-12 05:45:00,10.5128,4.0806
1786514400000,2026-08-12 06:00:00,10.5648,4.1326
1786515300000,2026-08-12 06:15:00,10.5785,4.1462
1786516200000,2026-08-12 06:30:00,10.5877,4.1554
1786517100000,2026-08-12 06:45:00,10.5631,4.1309
1786518000000,2026-08-12 07:00:00,10.5375,4.1053
1786518900000,2026-08-12 07:15:00,10.5409,4.1086
1786519800000,2026-08-12 07:30:00,10.5512,4.1189
1786520700000,2026-08-12 07:45:00,10.5112,4.079
1786521600000,2026-08-12 08:00:00,10.4995,4.0673
1786522500000,2026-08-12 08:15:00,10.4962,4.0639
1786523400000,2026-08-12 08:30:00,10.5181,4.0859
1786524300000,2026-08-12 08:45:00,10.5206,4.0884
1786525200000,2026-08-12 09:00:00,10.4959,4.0637
1786526100000,2026-08-12 09:15:00,10.3546,3.9223
1786527000000,2026-08-12 09:30:00,10.2155,3.783
1786527900000,2026-08-12 09:45:00,10.2356,3.8051
1786528800000,2026-08-12 10:00:00,10.4267,3.9947
1786529700000,2026-08-12 10:15:00,10.342,3.9277
1786530600000,2026-08-12 10:30:00,10.5478,4.0791
1786531500000,2026-08-12 10:45:00,10.7209,4.1809
1786532400000,2026-08-12 11:00:00,10.7291,4.1839
1786533300000,2026-08-12 11:15:00,10.8433,4.3108
1786534200000,2026-08-12 11:30:00,10.8268,4.2982
1786535100000,2026-08-12 11:45:00,10.9569,4.4132
1786536000000,2026-08-12 12:00:00,10.9641,4.4037
1786536900000,2026-08-12 12:15:00,10.509,4.056
1786537800000,2026-08-12 12:30:00,11.0253,4.4001
1786538700000,2026-08-12 12:45:00,10.7491,4.1498
1786539600000,2026-08-12 13:00:00,10.7605,4.1259
1786540500000,2026-08-12 13:15:00,10.9071,4.2556
1786541400000,2026-08-12 13:30:00,11.1412,4.4562
1786542300000,2026-08-12 13:45:00,11.2719,4.5399
1786543200000,2026-08-12 14:00:00,11.269,4.5169
1786544100000,2026-08-12 14:15:00,11.4662,4.6126
1786545000000,2026-08-12 14:30:00,11.6586,4.8074
1786545900000,2026-08-12 14:45:00,11.7027,4.7936
1786546800000,2026-08-12 15:00:00,11.6662,4.8235
1786547700000,2026-08-12 15:15:00,11.6712,4.8498
1786548600000,2026-08-12 15:30:00,11.7114,4.893
1786549500000,2026-08-12 15:45:00,11.6843,4.8387
1786550400000,2026-08-12 16:00:00,11.7454,4.9068
1786551300000,2026-08-12 16:15:00,11.6602,4.8452
1786552200000,2026-08-12 16:30:00,11.7132,4.8663
1786553100000,2026-08-12 16:45:00,11.6958,4.8268
1786554000000,2026-08-12 17:00:00,11.1696,4.2872
1786554900000,2026-08-12 17:15:00,11.3638,4.445
1786555800000,2026-08-12 17:30:00,11.2102,4.1942
1786556700000,2026-08-12 17:45:00,11.2334,4.1942
1786557600000,2026-08-12 18:00:00,11.2037,4.1942
1786558500000,2026-08-12 18:15:00,11.2406,4.1942
1786559400000,2026-08-12 18:30:00,11.177,4.1942
1786560300000,2026-08-12 18:45:00,11.2611,4.1942
1786561200000,2026-08-12 19:00:00,11.4104,4.1942
1786562100000,2026-08-12 19:15:00,11.4874,4.1482
1786563000000,2026-08-12 19:30:00,11.6017,4.2591
1786563900000,2026-08-12 19:45:00,11.5998,4.2742
1786564800000,2026-08-12 20:00:00,11.6075,4.2435
1786565700000,2026-08-12 20:15:00,11.5651,4.1583
1786566600000,2026-08-12 20:30:00,11.476,4.1076
1786567500000,2026-08-12 20:45:00,11.4077,4.0987
1786568400000,2026-08-12 21:00:00,11.4897,4.1194
1786569300000,2026-08-12 21:15:00,11.7019,4.2996
1786570200000,2026-08-12 21:30:00,11.5695,4.1825
1786571100000,2026-08-12 21:45:00,11.6951,4.3083
1786572000000,2026-08-12 22:00:00,11.6385,4.2879
1786572900000,2026-08-12 22:15:00,11.5947,4.2699
1786573800000,2026-08-12 22:30:00,11.6816,4.3123
1786574700000,2026-08-12 22:45:00,11.6554,4.2996
1786575600000,2026-08-12 23:00:00,11.6929,4.3459
1786576500000,2026-08-12 23:15:00,11.6878,4.3296
1786577400000,2026-08-12 23:30:00,11.687,4.3018
1786578300000,2026-08-12 23:45:00,11.6557,4.2696
1786579200000,2026-08-13 00:00:00,11.3963,4.194
1786580100000,2026-08-13 00:15:00,11.458,4.2027
1786581000000,2026-08-13 00:30:00,11.5684,4.2799
1786581900000,2026-08-13 00:45:00,11.4707,4.2533
1786582800000,2026-08-13 01:00:00,11.4421,4.1895
1786583700000,2026-08-13 01:15:00,11.7467,4.3467
1786584600000,2026-08-13 01:30:00,11.7929,4.3529
1786585500000,2026-08-13 01:45:00,11.7654,4.303
1786586400000,2026-08-13 02:00:00,11.926,4.3109
1786587300000,2026-08-13 02:15:00,11.8513,4.3291
1786588200000,2026-08-13 02:30:00,11.8779,4.3282
1786589100000,2026-08-13 02:45:00,11.6403,4.2106
1786590000000,2026-08-13 03:00:00,11.5966,4.1703
1786590900000,2026-08-13 03:15:00,11.4912,4.1835
1786591800000,2026-08-13 03:30:00,11.3661,4.1623
1786592700000,2026-08-13 03:45:00,11.4163,4.08
1786593600000,2026-08-13 04:00:00,11.3979,4.0858
1786594500000,2026-08-13 04:15:00,11.4443,4.1175
1786595400000,2026-08-13 04:30:00,11.4241,3.9939
1786596300000,2026-08-13 04:45:00,11.3739,3.9619
1786597200000,2026-08-13 05:00:00,11.3362,3.8143
1786598100000,2026-08-13 05:15:00,11.2318,3.8088
1786599000000,2026-08-13 05:30:00,11.2175,3.8412
1786599900000,2026-08-13 05:45:00,11.2934,3.8789
1786600800000,2026-08-13 06:00:00,11.35,3.9204
1786601700000,2026-08-13 06:15:00,11.3128,3.9089
1786602600000,2026-08-13 06:30:00,11.3201,3.9564
1786603500000,2026-08-13 06:45:00,11.2603,3.8167
1786604400000,2026-08-13 07:00:00,11.3187,3.8544
1786605300000,2026-08-13 07:15:00,11.321,3.8316
1786606200000,2026-08-13 07:30:00,11.3546,3.8633
1786607100000,2026-08-13 07:45:00,11.3371,3.8899
1786608000000,2026-08-13 08:00:00,11.3022,3.9523
1786608900000,2026-08-13 08:15:00,11.3118,3.9607
1786609800000,2026-08-13 08:30:00,11.2861,3.973
1786610700000,2026-08-13 08:45:00,11.2741,4.0205
1786611600000,2026-08-13 09:00:00,11.3845,4.1921
1786612500000,2026-08-13 09:15:00,11.216,4.1251
1786613400000,2026-08-13 09:30:00,11.1712,4.0771
1786614300000,2026-08-13 09:45:00,11.0918,4.0243
1786615200000,2026-08-13 10:00:00,11.3004,4.147
1786616100000,2026-08-13 10:15:00,11.2961,4.1422
1786617000000,2026-08-13 10:30:00,11.3775,4.1753
1786617900000,2026-08-13 10:45:00,11.3632,4.1859
1786618800000,2026-08-13 11:00:00,11.3879,4.2267
1786619700000,2026-08-13 11:15:00,11.6078,4.3361
1786620600000,2026-08-13 11:30:00,11.6223,4.2655
1786621500000,2026-08-13 11:45:00,11.6423,4.2533
1786622400000,2026-08-13 12:00:00,11.4741,4.1758
1786623300000,2026-08-13 12:15:00,11.4603,4.1477
1786624200000,2026-08-13 12:30:00,11.4211,4.0855
1786625100000,2026-08-13 12:45:00,11.4011,4.0471
1786626000000,2026-08-13 13:00:00,11.2699,3.966
1786626900000,2026-08-13 13:15:00,11.4635,4.0644
1786627800000,2026-08-13 13:30:00,11.2208,3.9408
1786628700000,2026-08-13 13:45:00,11.3688,4.0097
1786629600000,2026-08-13 14:00:00,11.2967,3.9538
1786630500000,2026-08-13 14:15:00,11.2913,3.9879
1786631400000,2026-08-13 14:30:00,10.9979,3.8688
1786632300000,2026-08-13 14:45:00,11.1137,3.9377
1786633200000,2026-08-13 15:00:00,11.1399,3.9713
1786634100000,2026-08-13 15:15:00,11.4072,4.1263
1786635000000,2026-08-13 15:30:00,11.2851,3.9996
1786635900000,2026-08-13 15:45:00,11.7214,4.2603
1786636800000,2026-08-13 16:00:00,11.7244,4.2425
1786637700000,2026-08-13 16:15:00,11.7912,4.278
1786638600000,2026-08-13 16:30:00,12.1925,4.547
1786639500000,2026-08-13 16:45:00,12.0547,4.4998
1786640400000,2026-08-13 17:00:00,11.9861,4.4846
1786641300000,2026-08-13 17:15:00,11.9755,4.4693
1786642200000,2026-08-13 17:30:00,11.95,4.442
1786643100000,2026-08-13 17:45:00,12.0604,4.4751
1786644000000,2026-08-13 18:00:00,12.1193,4.4447
1786644900000,2026-08-13 18:15:00,12.1692,4.4698
1786645800000,2026-08-13 18:30:00,12.0699,4.4419
1786646700000,2026-08-13 18:45:00,12.0111,4.372
1786647600000,2026-08-13 19:00:00,11.9317,4.339
1786648500000,2026-08-13 19:15:00,11.9647,4.3426
1786649400000,2026-08-13 19:30:00,12.0008,4.3489
1786650300000,2026-08-13 19:45:00,11.9575,4.3483
1786651200000,2026-08-13 20:00:00,11.9366,4.3499
1786652100000,2026-08-13 20:15:00,11.8582,4.3461
1786653000000,2026-08-13 20:30:00,11.9336,4.3534
1786653900000,2026-08-13 20:45:00,11.9709,4.3645
1786654800000,2026-08-13 21:00:00,11.9276,4.3529
1786655700000,2026-08-13 21:15:00,11.8929,4.3371
1786656600000,2026-08-13 21:30:00,11.8665,4.3391
1786657500000,2026-08-13 21:45:00,11.9107,4.3333
1786658400000,2026-08-13 22:00:00,11.7876,4.298
1786659300000,2026-08-13 22:15:00,11.6526,4.307
1786660200000,2026-08-13 22:30:00,11.6803,4.3076
1786661100000,2026-08-13 22:45:00,11.7387,4.3264
1786662000000,2026-08-13 23:00:00,11.7874,4.3562
1786662900000,2026-08-13 23:15:00,11.8092,4.3637
1786663800000,2026-08-13 23:30:00,11.6779,4.3576
1786664700000,2026-08-13 23:45:00,11.7022,4.363
1786665600000,2026-08-14 00:00:00,11.7225,4.3619
1786666500000,2026-08-14 00:15:00,11.7248,4.3642
1786667400000,2026-08-14 00:30:00,11.6891,4.3286
1786668300000,2026-08-14 00:45:00,11.6835,4.3229
1786669200000,2026-08-14 01:00:00,11.7248,4.3642
1786670100000,2026-08-14 01:15:00,11.7209,4.3604
1786671000000,2026-08-14 01:30:00,11.6858,4.3252
1786671900000,2026-08-14 01:45:00,11.6852,4.3246
1786672800000,2026-08-14 02:00:00,11.6957,4.3352
1786673700000,2026-08-14 02:15:00,11.7182,4.3576
1786674600000,2026-08-14 02:30:00,11.6975,4.337
1786675500000,2026-08-14 02:45:00,11.7193,4.3587
1786676400000,2026-08-14 03:00:00,11.7298,4.3693
1786677300000,2026-08-14 03:15:00,11.7166,4.3561
1786678200000,2026-08-14 03:30:00,11.7403,4.3797
1786679100000,2026-08-14 03:45:00,11.7613,4.4007
1786680000000,2026-08-14 04:00:00,11.7373,4.3767
1786680900000,2026-08-14 04:15:00,11.7265,4.3659
1786681800000,2026-08-14 04:30:00,11.7291,4.3685
1786682700000,2026-08-14 04:45:00,11.7413,4.3808
1786683600000,2026-08-14 05:00:00,11.7643,4.4037
1786684500000,2026-08-14 05:15:00,11.7669,4.4063
1786685400000,2026-08-14 05:30:00,11.7551,4.3946
1786686300000,2026-08-14 05:45:00,11.7513,4.3907
1786687200000,2026-08-14 06:00:00,11.7961,4.4355
1786688100000,2026-08-14 06:15:00,11.8303,4.4697
1786689000000,2026-08-14 06:30:00,11.8297,4.4691
1786689900000,2026-08-14 06:45:00,11.8871,4.5266
1786690800000,2026-08-14 07:00:00,11.8551,4.4945
1786691700000,2026-08-14 07:15:00,11.8253,4.4648
1786692600000,2026-08-14 07:30:00,11.8573,4.4967
1786693500000,2026-08-14 07:45:00,11.8802,4.5196
1786694400000,2026-08-14 08:00:00,11.8744,4.5139
1786695300000,2026-08-14 08:15:00,11.8975,4.5369
1786696200000,2026-08-14 08:30:00,11.8754,4.5148
1786697100000,2026-08-14 08:45:00,11.8151,4.4546
1786698000000,2026-08-14 09:00:00,11.8412,4.4806
1786698900000,2026-08-14 09:15:00,11.8594,4.4989
1786699800000,2026-08-14 09:30:00,11.8862,4.5256
1786700700000,2026-08-14 09:45:00,11.8807,4.5201
1786701600000,2026-08-14 10:00:00,11.8531,4.4925
1786702500000,2026-08-14 10:15:00,11.8345,4.4739
1786703400000,2026-08-14 10:30:00,11.8432,4.4827
1786704300000,2026-08-14 10:45:00,11.8459,4.4853
1786705200000,2026-08-14 11:00:00,11.8429,4.4823
1786706100000,2026-08-14 11:15:00,11.8271,4.4666
1786707000000,2026-08-14 11:30:00,11.8048,4.4443
1786707900000,2026-08-14 11:45:00,11.8203,4.4597
1786708800000,2026-08-14 12:00:00,11.8522,4.4917
1786709700000,2026-08-14 12:15:00,11.8178,4.4572
1786710600000,2026-08-14 12:30:00,11.8603,4.4997
1786711500000,2026-08-14 12:45:00,11.8779,4.5173
1786712400000,2026-08-14 13:00:00,11.9175,4.5569
1786713300000,2026-08-14 13:15:00,11.9007,4.5401
1786714200000,2026-08-14 13:30:00,11.92,4.5595
1786715100000,2026-08-14 13:45:00,11.9194,4.5589
1786716000000,2026-08-14 14:00:00,11.9536,4.5931
1786716900000,2026-08-14 14:15:00,11.9356,4.5751
1786717800000,2026-08-14 14:30:00,11.9098,4.5493
1786718700000,2026-08-14 14:45:00,11.9563,4.5957
1786719600000,2026-08-14 15:00:00,11.9356,4.5751
1786720500000,2026-08-14 15:15:00,11.7974,4.4368
1786721400000,2026-08-14 15:30:00,11.7471,4.3865
1786722300000,2026-08-14 15:45:00,11.7796,4.4191
1786723200000,2026-08-14 16:00:00,11.7861,4.4255
1786724100000,2026-08-14 16:15:00,11.7475,4.3869
1786725000000,2026-08-14 16:30:00,11.7211,4.3605
1786725900000,2026-08-14 16:45:00,11.7314,4.3708
1786726800000,2026-08-14 17:00:00,11.7344,4.3738
1786727700000,2026-08-14 17:15:00,11.7309,4.3703
1786728600000,2026-08-14 17:30:00,11.7584,4.3978
1786729500000,2026-08-14 17:45:00,11.8135,4.4529
1786730400000,2026-08-14 18:00:00,11.8385,4.478
1786731300000,2026-08-14 18:15:00,11.8453,4.4847
1786732200000,2026-08-14 18:30:00,11.8274,4.4668
1786733100000,2026-08-14 18:45:00,11.8477,4.4871
1786734000000,2026-08-14 19:00:00,11.8715,4.511
1786734900000,2026-08-14 19:15:00,11.8241,4.4636
1786735800000,2026-08-14 19:30:00,11.8017,4.4411
1786736700000,2026-08-14 19:45:00,11.7893,4.4288
1786737600000,2026-08-14 20:00:00,11.7986,4.438
1786738500000,2026-08-14 20:15:00,11.7974,4.4368
1786739400000,2026-08-14 20:30:00,11.8028,4.4422
1786740300000,2026-08-14 20:45:00,11.7944,4.4338
1786741200000,2026-08-14 21:00:00,11.8126,4.4521
1786742100000,2026-08-14 21:15:00,11.7881,4.4389
1786743000000,2026-08-14 21:30:00,11.7881,4.4614
1786743900000,2026-08-14 21:45:00,11.7881,4.4453
1786744800000,2026-08-14 22:00:00,11.7881,4.4677
1786745700000,2026-08-14 22:15:00,11.7881,4.4803
1786746600000,2026-08-14 22:30:00,11.7881,4.4402
1786747500000,2026-08-14 22:45:00,11.7881,4.4421
1786748400000,2026-08-14 23:00:00,11.7881,4.4261
1786749300000,2026-08-14 23:15:00,11.7881,4.4269
1786750200000,2026-08-14 23:30:00,11.7881,4.4312
1786751100000,2026-08-14 23:45:00,11.7881,4.411
1786752000000,2026-08-15 00:00:00,11.7881,4.4116
1786752900000,2026-08-15 00:15:00,11.7881,4.4044
1786753800000,2026-08-15 00:30:00,11.7881,4.4038
1786754700000,2026-08-15 00:45:00,11.7881,4.4073
1786755600000,2026-08-15 01:00:00,11.7881,4.4038
1786756500000,2026-08-15 01:15:00,11.7881,4.388
1786757400000,2026-08-15 01:30:00,11.7881,4.3905
1786758300000,2026-08-15 01:45:00,11.7881,4.3875
1786759200000,2026-08-15 02:00:00,11.7881,4.376
1786760100000,2026-08-15 02:15:00,11.7881,4.3769
1786761000000,2026-08-15 02:30:00,11.7881,4.3815
1786761900000,2026-08-15 02:45:00,11.7881,4.3769
1786762800000,2026-08-15 03:00:00,11.7881,4.3642
1786763700000,2026-08-15 03:15:00,11.7881,4.3804
1786764600000,2026-08-15 03:30:00,11.7881,4.4005
1786765500000,2026-08-15 03:45:00,11.7881,4.4043
1786766400000,2026-08-15 04:00:00,11.7881,4.3917
1786767300000,2026-08-15 04:15:00,11.7881,4.3839
1786768200000,2026-08-15 04:30:00,11.7881,4.3703
1786769100000,2026-08-15 04:45:00,11.7881,4.3843
1786770000000,2026-08-15 05:00:00,11.7881,4.3816
1786770900000,2026-08-15 05:15:00,11.7881,4.3976
1786771800000,2026-08-15 05:30:00,11.7881,4.4212
1786772700000,2026-08-15 05:45:00,11.7881,4.4296
1786773600000,2026-08-15 06:00:00,11.7881,4.4347
1786774500000,2026-08-15 06:15:00,11.7881,4.4312
1786775400000,2026-08-15 06:30:00,11.7881,4.4167
1786776300000,2026-08-15 06:45:00,11.7881,4.4111
1786777200000,2026-08-15 07:00:00,11.7881,4.4069
1786778100000,2026-08-15 07:15:00,11.7881,4.4233
1786779000000,2026-08-15 07:30:00,11.7881,4.4236
1786779900000,2026-08-15 07:45:00,11.7881,4.4325
1786780800000,2026-08-15 08:00:00,11.7881,4.4265
1786781700000,2026-08-15 08:15:00,11.7881,4.4252
1786782600000,2026-08-15 08:30:00,11.7881,4.4524
1786783500000,2026-08-15 08:45:00,11.7993,4.4738
1786784400000,2026-08-15 09:00:00,11.7816,4.4649
1786785300000,2026-08-15 09:15:00,11.7669,4.4576
1786786200000,2026-08-15 09:30:00,11.7379,4.4431
1786787100000,2026-08-15 09:45:00,11.718,4.4331
1786788000000,2026-08-15 10:00:00,11.7441,4.4462
1786788900000,2026-08-15 10:15:00,11.7408,4.4445
1786789800000,2026-08-15 10:30:00,11.7225,4.4354
1786790700000,2026-08-15 10:45:00,11.7014,4.4248
1786791600000,2026-08-15 11:00:00,11.7079,4.4281
1786792500000,2026-08-15 11:15:00,11.7297,4.439
1786793400000,2026-08-15 11:30:00,11.7182,4.4332
1786794300000,2026-08-15 11:45:00,11.7417,4.445
1786795200000,2026-08-15 12:00:00,11.759,4.4536
1786796100000,2026-08-15 12:15:00,11.7585,4.4534
1786797000000,2026-08-15 12:30:00,11.7544,4.4513
1786797900000,2026-08-15 12:45:00,11.6352,4.3917
1786798800000,2026-08-15 13:00:00,11.6292,4.3887
1786799700000,2026-08-15 13:15:00,11.6544,4.4013
1786800600000,2026-08-15 13:30:00,11.6457,4.397
1786801500000,2026-08-15 13:45:00,11.6402,4.3942
1786802400000,2026-08-15 14:00:00,11.65,4.3991
1786803300000,2026-08-15 14:15:00,11.6743,4.4113
1786804200000,2026-08-15 14:30:00,11.6606,4.4044
1786805100000,2026-08-15 14:45:00,11.6428,4.3955
1786806000000,2026-08-15 15:00:00,11.6421,4.3952
1786806900000,2026-08-15 15:15:00,11.6244,4.3863
1786807800000,2026-08-15 15:30:00,11.5989,4.3736
1786808700000,2026-08-15 15:45:00,11.609,4.3786
1786809600000,2026-08-15 16:00:00,11.6179,4.3831
1786810500000,2026-08-15 16:15:00,11.5905,4.3694
1786811400000,2026-08-15 16:30:00,11.621,4.3846
1786812300000,2026-08-15 16:45:00,11.61,4.3791
1786813200000,2026-08-15 17:00:00,11.5898,4.369
1786814100000,2026-08-15 17:15:00,11.6467,4.3975
1786815000000,2026-08-15 17:30:00,11.6311,4.3897
1786815900000,2026-08-15 17:45:00,11.6203,4.3843
1786816800000,2026-08-15 18:00:00,11.6167,4.3825
1786817700000,2026-08-15 18:15:00,11.6611,4.4047
1786818600000,2026-08-15 18:30:00,11.6556,4.4019
1786819500000,2026-08-15 18:45:00,11.6599,4.4041
1786820400000,2026-08-15 19:00:00,11.6479,4.3981
1786821300000,2026-08-15 19:15:00,11.6301,4.3892
1786822200000,2026-08-15 19:30:00,11.6241,4.3862
1786823100000,2026-08-15 19:45:00,11.6191,4.3837
1786824000000,2026-08-15 20:00:00,11.6383,4.3933
1786824900000,2026-08-15 20:15:00,11.6505,4.3994
1786825800000,2026-08-15 20:30:00,11.6568,4.4025
1786826700000,2026-08-15 20:45:00,11.6486,4.3984
1786827600000,2026-08-15 21:00:00,11.6311,4.3897
1786828500000,2026-08-15 21:15:00,11.6184,4.3833
1786829400000,2026-08-15 21:30:00,11.6006,4.3744
1786830300000,2026-08-15 21:45:00,11.6078,4.378
1786831200000,2026-08-15 22:00:00,11.616,4.3821
1786832100000,2026-08-15 22:15:00,11.5946,4.3714
1786833000000,2026-08-15 22:30:00,11.6157,4.382
1786833900000,2026-08-15 22:45:00,11.6181,4.3832
1786834800000,2026-08-15 23:00:00,11.6457,4.397
1786835700000,2026-08-15 23:15:00,11.6592,4.4037
1786836600000,2026-08-15 23:30:00,11.6536,4.4009
1786837500000,2026-08-15 23:45:00,11.6656,4.4069
1786838400000,2026-08-16 00:00:00,11.6649,4.4066
1786839300000,2026-08-16 00:15:00,11.6664,4.4073
1786840200000,2026-08-16 00:30:00,11.6608,4.4045
1786841100000,2026-08-16 00:45:00,11.6702,4.4092
1786842000000,2026-08-16 01:00:00,11.6976,4.4229
1786842900000,2026-08-16 01:15:00,11.7192,4.4337
1786843800000,2026-08-16 01:30:00,11.7105,4.4294
1786844700000,2026-08-16 01:45:00,11.7144,4.4313
1786845600000,2026-08-16 02:00:00,11.7448,4.4465
1786846500000,2026-08-16 02:15:00,11.6284,4.3883
1786847400000,2026-08-16 02:30:00,11.6301,4.3892
1786848300000,2026-08-16 02:45:00,11.6407,4.3945
1786849200000,2026-08-16 03:00:00,11.6378,4.393
1786850100000,2026-08-16 03:15:00,11.6498,4.399
1786851000000,2026-08-16 03:30:00,11.6407,4.3945
1786851900000,2026-08-16 03:45:00,11.6556,4.4019
1786852800000,2026-08-16 04:00:00,11.6604,4.4043
1786853700000,2026-08-16 04:15:00,11.6292,4.3887
1786854600000,2026-08-16 04:30:00,11.6664,4.4073
1786855500000,2026-08-16 04:45:00,11.6889,4.4186
1786856400000,2026-08-16 05:00:00,11.6896,4.4189
1786857300000,2026-08-16 05:15:00,11.7117,4.43
1786858200000,2026-08-16 05:30:00,11.7086,4.4284
1786859100000,2026-08-16 05:45:00,11.7309,4.4396
1786860000000,2026-08-16 06:00:00,11.7302,4.4392
1786860900000,2026-08-16 06:15:00,11.7244,4.4363
1786861800000,2026-08-16 06:30:00,11.7105,4.4294
1786862700000,2026-08-16 06:45:00,11.712,4.4301
1786863600000,2026-08-16 07:00:00,11.7158,4.432
1786864500000,2026-08-16 07:15:00,11.6923,4.4203
1786865400000,2026-08-16 07:30:00,11.6978,4.423
1786866300000,2026-08-16 07:45:00,11.6896,4.4189
1786867200000,2026-08-16 08:00:00,11.7069,4.4276
1786868100000,2026-08-16 08:15:00,11.7086,4.4284
1786869000000,2026-08-16 08:30:00,11.7175,4.4329
1786869900000,2026-08-16 08:45:00,11.71,4.4291
1786870800000,2026-08-16 09:00:00,11.681,4.4146
1786871700000,2026-08-16 09:15:00,11.6868,4.4175
1786872600000,2026-08-16 09:30:00,11.7331,4.4407
1786873500000,2026-08-16 09:45:00,11.7235,4.4359
1786874400000,2026-08-16 10:00:00,11.7379,4.4431
1786875300000,2026-08-16 10:15:00,11.7136,4.4309
1786876200000,2026-08-16 10:30:00,11.7093,4.4288
1786877100000,2026-08-16 10:45:00,11.7086,4.4284
1786878000000,2026-08-16 11:00:00,11.7052,4.4267
1786878900000,2026-08-16 11:15:00,11.7127,4.4305
1786879800000,2026-08-16 11:30:00,11.7153,4.4318
1786880700000,2026-08-16 11:45:00,11.7038,4.426
1786881600000,2026-08-16 12:00:00,11.7297,4.439
1786882500000,2026-08-16 12:15:00,11.7112,4.4297
1786883400000,2026-08-16 12:30:00,11.7396,4.4439
1786884300000,2026-08-16 12:45:00,11.7324,4.4403
1786885200000,2026-08-16 13:00:00,11.706,4.4271
1786886100000,2026-08-16 13:15:00,11.7055,4.4269
1786887000000,2026-08-16 13:30:00,11.6901,4.4192
1786887900000,2026-08-16 13:45:00,11.6846,4.4164
1786888800000,2026-08-16 14:00:00,11.6714,4.4098
1786889700000,2026-08-16 14:15:00,11.4689,4.2207
1786890600000,2026-08-16 14:30:00,11.4858,4.2439
1786891500000,2026-08-16 14:45:00,11.3311,4.1092
1786892400000,2026-08-16 15:00:00,11.359,4.1357
1786893300000,2026-08-16 15:15:00,11.3874,4.1655
1786894200000,2026-08-16 15:30:00,11.4185,4.1821
1786895100000,2026-08-16 15:45:00,11.2846,4.0738
1786896000000,2026-08-16 16:00:00,11.2475,4.0545
1786896900000,2026-08-16 16:15:00,11.2564,4.0882
1786897800000,2026-08-16 16:30:00,11.171,4.0311
1786898700000,2026-08-16 16:45:00,11.2438,4.0899
1786899600000,2026-08-16 17:00:00,11.2622,4.093
1786900500000,2026-08-16 17:15:00,11.2411,4.0661
1786901400000,2026-08-16 17:30:00,11.4989,4.2771
1786902300000,2026-08-16 17:45:00,11.5509,4.3266
1786903200000,2026-08-16 18:00:00,11.5445,4.3174
1786904100000,2026-08-16 18:15:00,11.5029,4.2931
1786905000000,2026-08-16 18:30:00,11.5274,4.305
1786905900000,2026-08-16 18:45:00,11.5639,4.3419
1786906800000,2026-08-16 19:00:00,11.4717,4.2684
1786907700000,2026-08-16 19:15:00,11.343,4.1638
1786908600000,2026-08-16 19:30:00,11.505,4.29
1786909500000,2026-08-16 19:45:00,11.5134,4.2991
1786910400000,2026-08-16 20:00:00,11.4718,4.2723
1786911300000,2026-08-16 20:15:00,11.5623,4.3491
1786912200000,2026-08-16 20:30:00,11.6639,4.4177
1786913100000,2026-08-16 20:45:00,11.8221,4.564
1786914000000,2026-08-16 21:00:00,11.8203,4.5617
1786914900000,2026-08-16 21:15:00,11.8856,4.6463
1786915800000,2026-08-16 21:30:00,12.1399,4.855
1786916700000,2026-08-16 21:45:00,12.1147,4.8403
1786917600000,2026-08-16 22:00:00,12.0469,4.8003
1786918500000,2026-08-16 22:15:00,12.1307,4.8538
1786919400000,2026-08-16 22:30:00,12.1665,4.8685
1786920300000,2026-08-16 22:45:00,12.07,4.8067
1786921200000,2026-08-16 23:00:00,12.1431,4.8493
1786922100000,2026-08-16 23:15:00,12.1488,4.8568
1786923000000,2026-08-16 23:30:00,12.0902,4.8258
1786923900000,2026-08-16 23:45:00,12.1166,4.8483
1786924800000,2026-08-17 00:00:00,12.1016,4.8324
1786925700000,2026-08-17 00:15:00,12.059,4.8033
1786926600000,2026-08-17 00:30:00,12.0507,4.8077
1786927500000,2026-08-17 00:45:00,12.0539,4.8198
1786928400000,2026-08-17 01:00:00,11.6082,4.5192
1786929300000,2026-08-17 01:15:00,11.4417,4.4154
1786930200000,2026-08-17 01:30:00,11.3941,4.3741
1786931100000,2026-08-17 01:45:00,11.5429,4.478
1786932000000,2026-08-17 02:00:00,11.5816,4.5012
1786932900000,2026-08-17 02:15:00,11.4223,4.3915
1786933800000,2026-08-17 02:30:00,11.3416,4.3382
1786934700000,2026-08-17 02:45:00,11.1411,4.2207
1786935600000,2026-08-17 03:00:00,11.1307,4.216
1786936500000,2026-08-17 03:15:00,11.2688,4.2975
1786937400000,2026-08-17 03:30:00,11.284,4.3254
1786938300000,2026-08-17 03:45:00,11.2036,4.2622
1786939200000,2026-08-17 04:00:00,11.1013,4.1976
1786940100000,2026-08-17 04:15:00,11.1675,4.2453
1786941000000,2026-08-17 04:30:00,11.1905,4.2642
1786941900000,2026-08-17 04:45:00,11.1918,4.2753
1786942800000,2026-08-17 05:00:00,11.2312,4.2916
1786943700000,2026-08-17 05:15:00,11.0457,4.1213
1786944600000,2026-08-17 05:30:00,11.155,4.1978
1786945500000,2026-08-17 05:45:00,11.1773,4.2249
1786946400000,2026-08-17 06:00:00,10.7607,3.986
1786947300000,2026-08-17 06:15:00,10.7681,3.9814
1786948200000,2026-08-17 06:30:00,10.0091,3.3001
1786949100000,2026-08-17 06:45:00,9.9189,3.255
1786950000000,2026-08-17 07:00:00,10.033,3.2773
1786950900000,2026-08-17 07:15:00,10.0503,3.2754
1786951800000,2026-08-17 07:30:00,10.1264,3.31
1786952700000,2026-08-17 07:45:00,10.1286,3.3282
1786953600000,2026-08-17 08:00:00,10.5908,3.3928
1786954500000,2026-08-17 08:15:00,10.5184,3.3953
1786955400000,2026-08-17 08:30:00,10.7032,3.4169
1786956300000,2026-08-17 08:45:00,10.6956,3.4096
1786957200000,2026-08-17 09:00:00,10.505,3.3772
1786958100000,2026-08-17 09:15:00,10.6116,3.3911
1786959000000,2026-08-17 09:30:00,10.646,3.414
1786959900000,2026-08-17 09:45:00,10.696,3.4131
1786960800000,2026-08-17 10:00:00,10.713,3.4145
1786961700000,2026-08-17 10:15:00,10.5032,3.3547
1786962600000,2026-08-17 10:30:00,10.2519,3.2526
1786963500000,2026-08-17 10:45:00,10.1906,3.2541
1786964400000,2026-08-17 11:00:00,10.2076,3.2557
1786965300000,2026-08-17 11:15:00,10.2286,3.2671
1786966200000,2026-08-17 11:30:00,10.2363,3.267
1786967100000,2026-08-17 11:45:00,10.2854,3.2843
1786968000000,2026-08-17 12:00:00,10.351,3.2848
1786968900000,2026-08-17 12:15:00,10.4827,3.3515
1786969800000,2026-08-17 12:30:00,10.5244,3.3605
1786970700000,2026-08-17 12:45:00,10.4975,3.3521
1786971600000,2026-08-17 13:00:00,10.5091,3.3504
1786972500000,2026-08-17 13:15:00,10.6013,3.3582
1786973400000,2026-08-17 13:30:00,10.2734,3.2851
1786974300000,2026-08-17 13:45:00,10.2512,3.2811
1786975200000,2026-08-17 14:00:00,10.3242,3.3138
1786976100000,2026-08-17 14:15:00,10.4167,3.3425
1786977000000,2026-08-17 14:30:00,10.3952,3.3267
1786977900000,2026-08-17 14:45:00,10.0778,3.2241
1786978800000,2026-08-17 15:00:00,10.2733,3.2805
1786979700000,2026-08-17 15:15:00,10.1001,3.2275
1786980600000,2026-08-17 15:30:00,10.1484,3.2244
1786981500000,2026-08-17 15:45:00,10.0233,3.1799
1786982400000,2026-08-17 16:00:00,10.2763,3.2301
1786983300000,2026-08-17 16:15:00,10.2237,3.2429
1786984200000,2026-08-17 16:30:00,10.268,3.249
1786985100000,2026-08-17 16:45:00,10.2994,3.2548
1786986000000,2026-08-17 17:00:00,10.4288,3.2801
1786986900000,2026-08-17 17:15:00,10.3236,3.2365
1786987800000,2026-08-17 17:30:00,10.3556,3.2477
1786988700000,2026-08-17 17:45:00,10.2631,3.2338
1786989600000,2026-08-17 18:00:00,10.2439,3.2363
1786990500000,2026-08-17 18:15:00,10.1378,3.2131
1786991400000,2026-08-17 18:30:00,9.9566,3.2125
1786992300000,2026-08-17 18:45:00,9.9906,3.2199
1786993200000,2026-08-17 19:00:00,10.1337,3.2586
1786994100000,2026-08-17 19:15:00,10.0482,3.2247
1786995000000,2026-08-17 19:30:00,9.9923,3.226
1786995900000,2026-08-17 19:45:00,10.1155,3.2539
1786996800000,2026-08-17 20:00:00,10.1713,3.2614
1786997700000,2026-08-17 20:15:00,9.9932,3.2365
1786998600000,2026-08-17 20:30:00,9.8172,3.2133
1786999500000,2026-08-17 20:45:00,9.9938,3.2602
1787000400000,2026-08-17 21:00:00,9.943,3.2421
1787001300000,2026-08-17 21:15:00,10.0718,3.2646
1787002200000,2026-08-17 21:30:00,10.0968,3.2655
1787003100000,2026-08-17 21:45:00,10.0989,3.2623
1787004000000,2026-08-17 22:00:00,10.2067,3.2755
1787004900000,2026-08-17 22:15:00,10.3181,3.2892
1787005800000,2026-08-17 22:30:00,10.2786,3.2849
1787006700000,2026-08-17 22:45:00,10.3209,3.2862
1787007600000,2026-08-17 23:00:00,10.1295,3.2427
1787008500000,2026-08-17 23:15:00,9.9586,3.1522
1787009400000,2026-08-17 23:30:00,10.073,3.1165
1787010300000,2026-08-17 23:45:00,10.0094,3.1165
1787011200000,2026-08-18 00:00:00,10.0361,3.1165
1787012100000,2026-08-18 00:15:00,10.0714,3.1165
1787013000000,2026-08-18 00:30:00,10.1389,3.1165
1787013900000,2026-08-18 00:45:00,9.8946,3.1165
1787014800000,2026-08-18 01:00:00,10.0913,3.1165
1787015700000,2026-08-18 01:15:00,10.1444,3.1165
1787016600000,2026-08-18 01:30:00,10.2129,3.1165
1787017500000,2026-08-18 01:45:00,10.3538,3.1165
1787018400000,2026-08-18 02:00:00,10.4092,3.1165
1787019300000,2026-08-18 02:15:00,10.53,3.1165
1787020200000,2026-08-18 02:30:00,10.6473,3.1165
1787021100000,2026-08-18 02:45:00,10.6562,3.1165
1787022000000,2026-08-18 03:00:00,10.6749,3.1165
1787022900000,2026-08-18 03:15:00,10.6866,3.1165
1787023800000,2026-08-18 03:30:00,10.6013,3.1165
1787024700000,2026-08-18 03:45:00,10.6177,3.1165
1787025600000,2026-08-18 04:00:00,10.6452,3.1165
1787026500000,2026-08-18 04:15:00,10.6433,3.1165
1787027400000,2026-08-18 04:30:00,10.537,3.1165
1787028300000,2026-08-18 04:45:00,10.5913,3.1165
1787029200000,2026-08-18 05:00:00,10.4514,3.1165
1787030100000,2026-08-18 05:15:00,10.6254,3.1165
1787031000000,2026-08-18 05:30:00,10.662,3.1165
1787031900000,2026-08-18 05:45:00,10.6878,3.1165
1787032800000,2026-08-18 06:00:00,10.6339,3.1165
1787033700000,2026-08-18 06:15:00,10.4776,3.1165
1787034600000,2026-08-18 06:30:00,10.3044,3.1165
1787035500000,2026-08-18 06:45:00,10.432,3.1165
1787036400000,2026-08-18 07:00:00,10.4498,3.1165
1787037300000,2026-08-18 07:15:00,10.6056,3.1165
1787038200000,2026-08-18 07:30:00,10.5714,3.1165
1787039100000,2026-08-18 07:45:00,10.6992,3.1165
1787040000000,2026-08-18 08:00:00,10.811,3.1165
1787040900000,2026-08-18 08:15:00,10.7516,3.1165
1787041800000,2026-08-18 08:30:00,10.6692,3.1165
1787042700000,2026-08-18 08:45:00,10.6719,3.1165
1787043600000,2026-08-18 09:00:00,10.6814,3.1165
1787044500000,2026-08-18 09:15:00,10.8074,3.1165
1787045400000,2026-08-18 09:30:00,10.7671,3.1165
1787046300000,2026-08-18 09:45:00,10.7244,3.1165
1787047200000,2026-08-18 10:00:00,10.8049,3.1165
1787048100000,2026-08-18 10:15:00,10.7776,3.1165
1787049000000,2026-08-18 10:30:00,10.7565,3.1165
1787049900000,2026-08-18 10:45:00,10.7693,3.1165
1787050800000,2026-08-18 11:00:00,10.7107,3.1165
1787051700000,2026-08-18 11:15:00,10.7292,3.1165
1787052600000,2026-08-18 11:30:00,10.7591,3.1165
1787053500000,2026-08-18 11:45:00,10.7618,3.1165
1787054400000,2026-08-18 12:00:00,10.8067,3.1165
1787055300000,2026-08-18 12:15:00,10.7877,3.1165
1787056200000,2026-08-18 12:30:00,10.8243,3.1165
1787057100000,2026-08-18 12:45:00,10.8005,3.1165
1787058000000,2026-08-18 13:00:00,10.819,3.1165
1787058900000,2026-08-18 13:15:00,10.8405,3.1165
1787059800000,2026-08-18 13:30:00,10.8225,3.1165
1787060700000,2026-08-18 13:45:00,10.9111,3.1165
1787061600000,2026-08-18 14:00:00,10.9111,3.1165
1787062500000,2026-08-18 14:15:00,10.9111,3.1165
1787063400000,2026-08-18 14:30:00,10.3189,2.9379
1787064300000,2026-08-18 14:45:00,10.3873,2.9084
1787065200000,2026-08-18 15:00:00,10.5892,2.9429
1787066100000,2026-08-18 15:15:00,11.0616,3.0264
1787067000000,2026-08-18 15:30:00,11.0238,3.0509
1787067900000,2026-08-18 15:45:00,10.8507,3.0692
1787068800000,2026-08-18 16:00:00,10.8498,3.0015
1787069700000,2026-08-18 16:15:00,10.4864,2.97
1787070600000,2026-08-18 16:30:00,10.7889,3.0821
1787071500000,2026-08-18 16:45:00,10.8283,3.0876
1787072400000,2026-08-18 17:00:00,10.5119,3.024
1787073300000,2026-08-18 17:15:00,10.5336,3.0351
1787074200000,2026-08-18 17:30:00,10.3545,2.9806
1787075100000,2026-08-18 17:45:00,10.2415,2.9129
1787076000000,2026-08-18 18:00:00,10.4656,2.984
1787076900000,2026-08-18 18:15:00,10.5657,3.0387
1787077800000,2026-08-18 18:30:00,10.5246,3.0279
1787078700000,2026-08-18 18:45:00,10.5942,3.0396
1787079600000,2026-08-18 19:00:00,10.7003,2.9801
1787080500000,2026-08-18 19:15:00,10.8526,3.0461
1787081400000,2026-08-18 19:30:00,10.7565,3.0008
1787082300000,2026-08-18 19:45:00,10.717,2.9657
1787083200000,2026-08-18 20:00:00,10.8416,2.996
1787084100000,2026-08-18 20:15:00,10.7588,2.9523
1787085000000,2026-08-18 20:30:00,10.6571,2.9734
1787085900000,2026-08-18 20:45:00,10.5306,2.9511
1787086800000,2026-08-18 21:00:00,10.7778,2.9696
1787087700000,2026-08-18 21:15:00,10.7007,2.9619
1787088600000,2026-08-18 21:30:00,10.7513,2.9208
1787089500000,2026-08-18 21:45:00,10.59,2.9331
1787090400000,2026-08-18 22:00:00,10.7998,2.9746
1787091300000,2026-08-18 22:15:00,10.7488,2.9931
1787092200000,2026-08-18 22:30:00,10.5798,2.9727
1787093100000,2026-08-18 22:45:00,10.5606,2.9624
1787094000000,2026-08-18 23:00:00,10.7541,3.05
1787094900000,2026-08-18 23:15:00,10.7512,3.0872
1787095800000,2026-08-18 23:30:00,10.8694,3.1083
1787096700000,2026-08-18 23:45:00,10.7697,3.0744
1787097600000,2026-08-19 00:00:00,10.4526,2.9674
1787098500000,2026-08-19 00:15:00,10.4197,3.0377
1787099400000,2026-08-19 00:30:00,10.4099,2.9986
1787100300000,2026-08-19 00:45:00,10.2405,2.9672
1787101200000,2026-08-19 01:00:00,10.4795,3.038
1787102100000,2026-08-19 01:15:00,10.4181,3.0104
1787103000000,2026-08-19 01:30:00,10.5056,2.9741
1787103900000,2026-08-19 01:45:00,10.4498,2.9717
1787104800000,2026-08-19 02:00:00,10.4187,2.9424
1787105700000,2026-08-19 02:15:00,10.3134,2.8896
1787106600000,2026-08-19 02:30:00,10.274,2.8618
1787107500000,2026-08-19 02:45:00,10.2526,2.828
1787108400000,2026-08-19 03:00:00,10.3675,2.9144
1787109300000,2026-08-19 03:15:00,10.2702,2.947
1787110200000,2026-08-19 03:30:00,10.3038,2.929
1787111100000,2026-08-19 03:45:00,10.2679,2.9331
1787112000000,2026-08-19 04:00:00,10.2077,2.904
1787112900000,2026-08-19 04:15:00,10.2673,2.9405
1787113800000,2026-08-19 04:30:00,10.1803,2.922
1787114700000,2026-08-19 04:45:00,10.1784,2.8988
1787115600000,2026-08-19 05:00:00,10.1939,2.9588
1787116500000,2026-08-19 05:15:00,10.2075,2.9688
1787117400000,2026-08-19 05:30:00,10.2093,2.9448
1787118300000,2026-08-19 05:45:00,10.0556,2.8846
1787119200000,2026-08-19 06:00:00,9.85,2.808
1787120100000,2026-08-19 06:15:00,10.0136,2.904
1787121000000,2026-08-19 06:30:00,10.1625,2.9345
1787121900000,2026-08-19 06:45:00,10.3672,3.0689
1787122800000,2026-08-19 07:00:00,10.4211,3.1522
1787123700000,2026-08-19 07:15:00,10.2419,3.0744
1787124600000,2026-08-19 07:30:00,10.2531,3.1186
1787125500000,2026-08-19 07:45:00,10.1566,3.0274
1787126400000,2026-08-19 08:00:00,10.3684,3.0248
1787127300000,2026-08-19 08:15:00,10.4704,3.0564
1787128200000,2026-08-19 08:30:00,10.9651,3.2316
1787129100000,2026-08-19 08:45:00,10.762,3.162
1787130000000,2026-08-19 09:00:00,10.7606,3.182
1787130900000,2026-08-19 09:15:00,10.7469,3.1522
1787131800000,2026-08-19 09:30:00,10.6488,3.0888
1787132700000,2026-08-19 09:45:00,10.6587,3.1032
1787133600000,2026-08-19 10:00:00,10.4479,3.0917
1787134500000,2026-08-19 10:15:00,10.4615,3.0831
1787135400000,2026-08-19 10:30:00,10.5583,3.0963
1787136300000,2026-08-19 10:45:00,10.6001,3.1265
1787137200000,2026-08-19 11:00:00,10.8436,3.24
1787138100000,2026-08-19 11:15:00,10.7279,3.176
1787139000000,2026-08-19 11:30:00,10.6869,3.1786
1787139900000,2026-08-19 11:45:00,10.7014,3.2002
1787140800000,2026-08-19 12:00:00,10.716,3.229
1787141700000,2026-08-19 12:15:00,10.7894,3.2081
1787142600000,2026-08-19 12:30:00,11.4728,3.4412
1787143500000,2026-08-19 12:45:00,11.6466,3.5402
1787144400000,2026-08-19 13:00:00,11.5281,3.5214
1787145300000,2026-08-19 13:15:00,11.5501,3.5433
1787146200000,2026-08-19 13:30:00,11.3975,3.4851
1787147100000,2026-08-19 13:45:00,11.582,3.4854
1787148000000,2026-08-19 14:00:00,11.7615,3.5382
1787148900000,2026-08-19 14:15:00,11.9345,3.5299
1787149800000,2026-08-19 14:30:00,12.1345,3.5743
1787150700000,2026-08-19 14:45:00,12.4499,3.8896
1787151600000,2026-08-19 15:00:00,13.1288,4.5685
1787152500000,2026-08-19 15:15:00,12.7145,3.87
1787153400000,2026-08-19 15:30:00,12.8531,4.1007
1787154300000,2026-08-19 15:45:00,12.8322,4.0723
1787155200000,2026-08-19 16:00:00,12.9771,4.2255
1787156100000,2026-08-19 16:15:00,12.7075,3.9944
1787157000000,2026-08-19 16:30:00,12.6226,3.9034
1787157900000,2026-08-19 16:45:00,12.5553,3.5009
1787158800000,2026-08-19 17:00:00,12.7778,3.3865
1787159700000,2026-08-19 17:15:00,13.0414,3.3761
1787160600000,2026-08-19 17:30:00,12.9551,3.4567
1787161500000,2026-08-19 17:45:00,12.7659,3.5156
1787162400000,2026-08-19 18:00:00,12.9371,3.4536
1787163300000,2026-08-19 18:15:00,12.9342,3.4706
1787164200000,2026-08-19 18:30:00,12.9522,3.5102
1787165100000,2026-08-19 18:45:00,12.9423,3.5235
1787166000000,2026-08-19 19:00:00,12.8931,3.5067
1787166900000,2026-08-19 19:15:00,13.0124,3.5348
1787167800000,2026-08-19 19:30:00,13.1381,3.6098
1787168700000,2026-08-19 19:45:00,13.0026,3.6353
1787169600000,2026-08-19 20:00:00,12.9324,3.7601
1787170500000,2026-08-19 20:15:00,13.0936,3.9147
1787171400000,2026-08-19 20:30:00,13.1094,3.8985
1787172300000,2026-08-19 20:45:00,10.4656,3.0512
1787173200000,2026-08-19 21:00:00,10.1006,3.7758
1787174100000,2026-08-19 21:15:00,10.8753,4.1973
1787175000000,2026-08-19 21:30:00,11.1517,4.4822
1787175900000,2026-08-19 21:45:00,10.4397,4.2083
1787176800000,2026-08-19 22:00:00,10.6983,4.2299
1787177700000,2026-08-19 22:15:00,10.7906,4.2869
1787178600000,2026-08-19 22:30:00,10.9281,4.3518
1787179500000,2026-08-19 22:45:00,10.8419,4.2893
1787180400000,2026-08-19 23:00:00,10.803,4.1999
1787181300000,2026-08-19 23:15:00,10.8663,4.2279
1787182200000,2026-08-19 23:30:00,10.9144,4.1826
1787183100000,2026-08-19 23:45:00,10.8674,4.1884
1787184000000,2026-08-20 00:00:00,10.9321,4.2696
1787184900000,2026-08-20 00:15:00,10.9791,4.3219
1787185800000,2026-08-20 00:30:00,11.0265,4.3914
1787186700000,2026-08-20 00:45:00,10.9628,4.363
1787187600000,2026-08-20 01:00:00,10.9109,4.4147
1787188500000,2026-08-20 01:15:00,10.8846,4.399
1787189400000,2026-08-20 01:30:00,10.9932,4.3835
1787190300000,2026-08-20 01:45:00,11.0025,4.3734
1787191200000,2026-08-20 02:00:00,11.0193,4.4763
1787192100000,2026-08-20 02:15:00,10.9193,4.4027
1787193000000,2026-08-20 02:30:00,10.9105,4.4279
1787193900000,2026-08-20 02:45:00,10.8587,4.4516
1787194800000,2026-08-20 03:00:00,10.6275,4.2784
1787195700000,2026-08-20 03:15:00,10.6876,4.3385
1787196600000,2026-08-20 03:30:00,10.8488,4.4997
1787197500000,2026-08-20 03:45:00,10.8544,4.5053
1787198400000,2026-08-20 04:00:00,10.901,4.5519
1787199300000,2026-08-20 04:15:00,10.9047,4.5556
1787200200000,2026-08-20 04:30:00,10.8512,4.5021
1787201100000,2026-08-20 04:45:00,10.8438,4.4947
1787202000000,2026-08-20 05:00:00,10.8374,4.4883
1787202900000,2026-08-20 05:15:00,10.8576,4.5085
1787203800000,2026-08-20 05:30:00,10.8575,4.5084
1787204700000,2026-08-20 05:45:00,10.8246,4.4755
1787205600000,2026-08-20 06:00:00,10.7737,4.4246
1787206500000,2026-08-20 06:15:00,10.8527,4.5036
1787207400000,2026-08-20 06:30:00,10.9618,4.6127
1787208300000,2026-08-20 06:45:00,10.9668,4.6177
1787209200000,2026-08-20 07:00:00,10.9025,4.5534
1787210100000,2026-08-20 07:15:00,10.8679,4.5188
1787211000000,2026-08-20 07:30:00,10.7959,4.4468
1787211900000,2026-08-20 07:45:00,10.8607,4.5116
1787212800000,2026-08-20 08:00:00,11.1829,4.8338
1787213700000,2026-08-20 08:15:00,11.1234,4.7743
1787214600000,2026-08-20 08:30:00,11.0938,4.7447
1787215500000,2026-08-20 08:45:00,11.165,4.8159
1787216400000,2026-08-20 09:00:00,11.2878,4.9387
1787217300000,2026-08-20 09:15:00,11.1834,4.8343
1787218200000,2026-08-20 09:30:00,11.2322,4.8831
1787219100000,2026-08-20 09:45:00,11.1288,4.7797
1787220000000,2026-08-20 10:00:00,11.223,4.8739
1787220900000,2026-08-20 10:15:00,11.1994,4.8503
1787221800000,2026-08-20 10:30:00,11.1553,4.8062
1787222700000,2026-08-20 10:45:00,11.2092,4.8601
1787223600000,2026-08-20 11:00:00,11.2245,4.8754
1787224500000,2026-08-20 11:15:00,11.2898,4.9407
1787225400000,2026-08-20 11:30:00,11.4083,5.0592
1787226300000,2026-08-20 11:45:00,11.5158,5.1667
1787227200000,2026-08-20 12:00:00,11.5158,5.1667
1787228100000,2026-08-20 12:15:00,11.5158,5.1667
1787229000000,2026-08-20 12:30:00,11.5158,5.1667
1787229900000,2026-08-20 12:45:00,11.5158,5.1667
1787230800000,2026-08-20 13:00:00,11.5158,5.1667
1787231700000,2026-08-20 13:15:00,11.5158,5.1667
1787232600000,2026-08-20 13:30:00,11.5158,5.1667
1787233500000,2026-08-20 13:45:00,11.5158,5.1667
1787234400000,2026-08-20 14:00:00,11.5158,5.1667
1787235300000,2026-08-20 14:15:00,11.5158,5.1667
1787236200000,2026-08-20 14:30:00,11.5158,5.1667
1787237100000,2026-08-20 14:45:00,11.5158,5.1667
1787238000000,2026-08-20 15:00:00,11.5158,5.1667
1787238900000,2026-08-20 15:15:00,11.5158,5.1667
1787239800000,2026-08-20 15:30:00,11.5158,5.1667
1787240700000,2026-08-20 15:45:00,11.5158,5.1667
1787241600000,2026-08-20 16:00:00,11.3586,5.0095
1787242500000,2026-08-20 16:15:00,11.4848,5.1357
1787243400000,2026-08-20 16:30:00,11.9471,5.5979
1787244300000,2026-08-20 16:45:00,11.904,5.5548
1787245200000,2026-08-20 17:00:00,12.1613,5.8122
1787246100000,2026-08-20 17:15:00,12.3459,5.9967
1787247000000,2026-08-20 17:30:00,12.4109,6.0618
1787247900000,2026-08-20 17:45:00,12.5919,6.2428
1787248800000,2026-08-20 18:00:00,12.5331,6.1839
1787249700000,2026-08-20 18:15:00,12.4776,6.1284
1787250600000,2026-08-20 18:30:00,12.3877,6.0385
1787251500000,2026-08-20 18:45:00,12.3816,6.0324
1787252400000,2026-08-20 19:00:00,12.4313,6.0821
1787253300000,2026-08-20 19:15:00,12.497,6.1478
1787254200000,2026-08-20 19:30:00,12.5171,6.1679
1787255100000,2026-08-20 19:45:00,12.4567,6.1075
1787256000000,2026-08-20 20:00:00,12.4265,6.0773
1787256900000,2026-08-20 20:15:00,12.4916,6.1424
1787257800000,2026-08-20 20:30:00,12.4233,6.0741
1787258700000,2026-08-20 20:45:00,12.405,6.0558
1787259600000,2026-08-20 21:00:00,12.4405,6.0913
1787260500000,2026-08-20 21:15:00,12.3696,6.0204
1787261400000,2026-08-20 21:30:00,12.4154,6.0662
1787262300000,2026-08-20 21:45:00,12.4057,6.0565
1787263200000,2026-08-20 22:00:00,12.3345,5.9853
1787264100000,2026-08-20 22:15:00,12.3674,6.0182
1787265000000,2026-08-20 22:30:00,12.3394,5.9902
1787265900000,2026-08-20 22:45:00,12.3628,6.0136
1787266800000,2026-08-20 23:00:00,12.4451,6.0959
1787267700000,2026-08-20 23:15:00,12.5357,6.1865
1787268600000,2026-08-20 23:30:00,12.4771,6.1279
1787269500000,2026-08-20 23:45:00,12.4913,6.1421
1787270400000,2026-08-21 00:00:00,12.5984,6.2492
1787271300000,2026-08-21 00:15:00,12.597,6.2478
1787272200000,2026-08-21 00:30:00,12.6002,6.251
1787273100000,2026-08-21 00:45:00,12.629,6.2798
1787274000000,2026-08-21 01:00:00,12.6769,6.3277
1787274900000,2026-08-21 01:15:00,12.7525,6.4033
1787275800000,2026-08-21 01:30:00,12.7977,6.4485
1787276700000,2026-08-21 01:45:00,12.8166,6.4674
1787277600000,2026-08-21 02:00:00,12.7627,6.4135
1787278500000,2026-08-21 02:15:00,12.8143,6.4651
1787279400000,2026-08-21 02:30:00,12.7791,6.4299
1787280300000,2026-08-21 02:45:00,12.6768,6.3276
1787281200000,2026-08-21 03:00:00,12.6716,6.3224
1787282100000,2026-08-21 03:15:00,12.7149,6.3657
1787283000000,2026-08-21 03:30:00,12.713,6.3638
1787283900000,2026-08-21 03:45:00,12.6285,6.2793
1787284800000,2026-08-21 04:00:00,12.6794,6.3302
1787285700000,2026-08-21 04:15:00,12.6667,6.3175
1787286600000,2026-08-21 04:30:00,12.7244,6.3752
1787287500000,2026-08-21 04:45:00,12.7607,6.4115
1787288400000,2026-08-21 05:00:00,12.0979,5.5995
1787289300000,2026-08-21 05:15:00,11.3503,4.6843
1787290200000,2026-08-21 05:30:00,11.4548,4.7888
1787291100000,2026-08-21 05:45:00,12.0238,5.3578
1787292000000,2026-08-21 06:00:00,11.9177,5.2517
1787292900000,2026-08-21 06:15:00,11.9319,5.266
1787293800000,2026-08-21 06:30:00,11.9135,5.2476
1787294700000,2026-08-21 06:45:00,12.047,5.3811
1787295600000,2026-08-21 07:00:00,11.8164,5.1504
1787296500000,2026-08-21 07:15:00,11.0343,4.634
1787297400000,2026-08-21 07:30:00,10.2847,4.6235
1787298300000,2026-08-21 07:45:00,10.1234,4.4622
1787299200000,2026-08-21 08:00:00,10.5232,4.6878
1787300100000,2026-08-21 08:15:00,10.5546,4.7562
1787301000000,2026-08-21 08:30:00,11.1069,5.1884
1787301900000,2026-08-21 08:45:00,10.9521,5.5399
1787302800000,2026-08-21 09:00:00,10.7569,4.6575
1787303700000,2026-08-21 09:15:00,10.2412,4.6575
1787304600000,2026-08-21 09:30:00,10.26,4.6575
1787305500000,2026-08-21 09:45:00,10.2504,4.7483
1787306400000,2026-08-21 10:00:00,10.2333,4.9532
1787307300000,2026-08-21 10:15:00,10.0873,4.8317
1787308200000,2026-08-21 10:30:00,9.9886,4.7838
1787309100000,2026-08-21 10:45:00,9.692,4.4373
1787310000000,2026-08-21 11:00:00,9.5547,4.4373
1787310900000,2026-08-21 11:15:00,10.0082,4.4373
1787311800000,2026-08-21 11:30:00,9.9872,4.4373
1787312700000,2026-08-21 11:45:00,9.9145,4.4373
1787313600000,2026-08-21 12:00:00,10.0769,4.4373
1787314500000,2026-08-21 12:15:00,10.0772,4.4373
1787315400000,2026-08-21 12:30:00,9.6542,4.4373
1787316300000,2026-08-21 12:45:00,9.665,4.4373
1787317200000,2026-08-21 13:00:00,9.3727,4.4373
1787318100000,2026-08-21 13:15:00,9.5603,4.4373
1787319000000,2026-08-21 13:30:00,9.6704,4.4373
1787319900000,2026-08-21 13:45:00,9.5203,4.4373
1787320800000,2026-08-21 14:00:00,9.5311,4.4373
1787321700000,2026-08-21 14:15:00,9.4447,4.4373
1787322600000,2026-08-21 14:30:00,9.3749,4.4373
1787323500000,2026-08-21 14:45:00,9.2939,4.4373
1787324400000,2026-08-21 15:00:00,9.1934,4.4373
1787325300000,2026-08-21 15:15:00,9.4418,4.4373
1787326200000,2026-08-21 15:30:00,9.4494,4.4373
1787327100000,2026-08-21 15:45:00,9.3724,4.4373
1787328000000,2026-08-21 16:00:00,9.2734,4.4373
1787328900000,2026-08-21 16:15:00,8.6337,4.4373
1787329800000,2026-08-21 16:30:00,8.6337,4.4373
1787330700000,2026-08-21 16:45:00,8.6337,4.4373
1787331600000,2026-08-21 17:00:00,8.8105,4.614
1787332500000,2026-08-21 17:15:00,8.9547,4.7768
1787333400000,2026-08-21 17:30:00,9.0243,4.7779
1787334300000,2026-08-21 17:45:00,9.1223,4.8054
1787335200000,2026-08-21 18:00:00,9.0303,4.7415
1787336100000,2026-08-21 18:15:00,9.1672,4.8343
1787337000000,2026-08-21 18:30:00,8.9173,4.8928
1787337900000,2026-08-21 18:45:00,8.8888,4.6323
1787338800000,2026-08-21 19:00:00,8.7594,4.6038
1787339700000,2026-08-21 19:15:00,8.5194,4.2084
1787340600000,2026-08-21 19:30:00,8.7933,4.2084
1787341500000,2026-08-21 19:45:00,8.5444,4.2084
1787342400000,2026-08-21 20:00:00,8.324,4.2084
1787343300000,2026-08-21 20:15:00,8.3602,4.2084
1787344200000,2026-08-21 20:30:00,8.1574,4.0225
1787345100000,2026-08-21 20:45:00,8.0864,4.0906
1787346000000,2026-08-21 21:00:00,7.7985,4.2566
1787346900000,2026-08-21 21:15:00,8.0636,4.7465
1787347800000,2026-08-21 21:30:00,7.627,3.9319
1787348700000,2026-08-21 21:45:00,7.6944,3.8399
1787349600000,2026-08-21 22:00:00,7.3803,3.5267
1787350500000,2026-08-21 22:15:00,7.6959,3.3344
1787351400000,2026-08-21 22:30:00,7.3135,3.2527
1787352300000,2026-08-21 22:45:00,7.1421,3.1157
1787353200000,2026-08-21 23:00:00,7.1715,3.151
1787354100000,2026-08-21 23:15:00,7.2934,3.1805
1787355000000,2026-08-21 23:30:00,7.4057,3.1487
1787355900000,2026-08-21 23:45:00,7.0481,3.0072
1787356800000,2026-08-22 00:00:00,6.6087,2.6572
1787357700000,2026-08-22 00:15:00,6.8743,2.6572
1787358600000,2026-08-22 00:30:00,6.864,2.6572
1787359500000,2026-08-22 00:45:00,7.1446,2.6572
1787360400000,2026-08-22 01:00:00,7.0571,2.6572
1787361300000,2026-08-22 01:15:00,6.6756,2.6572
1787362200000,2026-08-22 01:30:00,6.3269,1.9472
1787363100000,2026-08-22 01:45:00,4.623,1.9472
1787364000000,2026-08-22 02:00:00,4.6671,1.9472
1787364900000,2026-08-22 02:15:00,4.8462,1.9472
1787365800000,2026-08-22 02:30:00,4.6833,1.9472
1787366700000,2026-08-22 02:45:00,4.7859,1.9472
1787367600000,2026-08-22 03:00:00,4.7344,1.9472
1787368500000,2026-08-22 03:15:00,4.8592,1.9472
1787369400000,2026-08-22 03:30:00,4.8156,1.9472
1787370300000,2026-08-22 03:45:00,4.7683,1.9472
1787371200000,2026-08-22 04:00:00,4.8593,1.9472
1787372100000,2026-08-22 04:15:00,4.8044,1.9472
1787373000000,2026-08-22 04:30:00,5.0064,1.9472
1787373900000,2026-08-22 04:45:00,4.7598,1.9472
1787374800000,2026-08-22 05:00:00,3.4949,1.9472
1787375700000,2026-08-22 05:15:00,3.4949,1.9472
1787376600000,2026-08-22 05:30:00,3.4949,1.9472
1787377500000,2026-08-22 05:45:00,3.4949,1.9472
1787378400000,2026-08-22 06:00:00,3.4949,1.9472
1787379300000,2026-08-22 06:15:00,3.4949,1.9472
1787380200000,2026-08-22 06:30:00,3.4949,1.9472
1787381100000,2026-08-22 06:45:00,3.4949,1.9472
1787382000000,2026-08-22 07:00:00,3.4949,1.9472
1787382900000,2026-08-22 07:15:00,3.4949,1.9472
1787383800000,2026-08-22 07:30:00,3.4949,1.9472
1787384700000,2026-08-22 07:45:00,3.4949,1.9472
1787385600000,2026-08-22 08:00:00,3.4949,1.9472
1787386500000,2026-08-22 08:15:00,3.4949,1.9472
1787387400000,2026-08-22 08:30:00,3.4949,1.9472
1787388300000,2026-08-22 08:45:00,3.4949,1.9472
1787389200000,2026-08-22 09:00:00,3.4949,1.9472
1787390100000,2026-08-22 09:15:00,3.4949,1.9472
1787391000000,2026-08-22 09:30:00,3.4949,1.9472
1787391900000,2026-08-22 09:45:00,3.4949,1.9472
1787392800000,2026-08-22 10:00:00,3.4949,1.9472
1787393700000,2026-08-22 10:15:00,3.4949,1.9472
1787394600000,2026-08-22 10:30:00,3.4949,1.9472
1787395500000,2026-08-22 10:45:00,3.4949,1.9472
1787396400000,2026-08-22 11:00:00,3.4949,1.9472
1787397300000,2026-08-22 11:15:00,3.4949,1.9472
1787398200000,2026-08-22 11:30:00,3.4949,1.9472
1787399100000,2026-08-22 11:45:00,3.4949,1.9472
1787400000000,2026-08-22 12:00:00,3.4949,1.9472
1787400900000,2026-08-22 12:15:00,3.4949,1.9472
1787401800000,2026-08-22 12:30:00,3.4949,1.9472
1787402700000,2026-08-22 12:45:00,3.4949,1.9472
1787403600000,2026-08-22 13:00:00,3.4949,1.9472
1787404500000,2026-08-22 13:15:00,3.4949,1.9472
1787405400000,2026-08-22 13:30:00,3.4949,1.9472
1787406300000,2026-08-22 13:45:00,3.4949,1.9472
1787407200000,2026-08-22 14:00:00,3.4949,1.9472
1787408100000,2026-08-22 14:15:00,3.4949,1.9472
1787409000000,2026-08-22 14:30:00,3.4949,1.9472
1787409900000,2026-08-22 14:45:00,3.4949,1.9472
1787410800000,2026-08-22 15:00:00,3.4949,1.9472
1787411700000,2026-08-22 15:15:00,3.4949,1.9472
1787412600000,2026-08-22 15:30:00,3.4949,1.9472
1787413500000,2026-08-22 15:45:00,3.4949,1.9472
1787414400000,2026-08-22 16:00:00,3.4949,1.9472
1787415300000,2026-08-22 16:15:00,3.4949,1.9472
1787416200000,2026-08-22 16:30:00,3.4949,1.9472
1787417100000,2026-08-22 16:45:00,3.4949,1.9472
1787418000000,2026-08-22 17:00:00,3.4949,1.9472
1787418900000,2026-08-22 17:15:00,3.4949,1.9472
1787419800000,2026-08-22 17:30:00,3.4949,1.9472
1787420700000,2026-08-22 17:45:00,3.4949,1.9472
1787421600000,2026-08-22 18:00:00,3.4949,1.9472
1787422500000,2026-08-22 18:15:00,3.4949,1.9472
1787423400000,2026-08-22 18:30:00,3.3094,1.9472
1787424300000,2026-08-22 18:45:00,3.2137,1.9472
1787425200000,2026-08-22 19:00:00,2.8392,1.9472
1787426100000,2026-08-22 19:15:00,3.3677,1.9472
1787427000000,2026-08-22 19:30:00,2.8265,1.9472
1787427900000,2026-08-22 19:45:00,2.5796,1.9472
1787428800000,2026-08-22 20:00:00,3.0262,1.9472
1787429700000,2026-08-22 20:15:00,3.2473,1.9472
1787430600000,2026-08-22 20:30:00,3.0999,1.9472
1787431500000,2026-08-22 20:45:00,3.3353,1.9472
1787432400000,2026-08-22 21:00:00,4.0635,1.9472
1787433300000,2026-08-22 21:15:00,4.1377,1.9472
1787434200000,2026-08-22 21:30:00,4.2699,1.9472
1787435100000,2026-08-22 21:45:00,4.2699,1.9472
1787436000000,2026-08-22 22:00:00,4.2699,1.9472
1787436900000,2026-08-22 22:15:00,4.2699,1.9472
1787437800000,2026-08-22 22:30:00,4.2699,1.9472
1787438700000,2026-08-22 22:45:00,4.2699,1.9472
1787439600000,2026-08-22 23:00:00,4.2699,1.9472
1787440500000,2026-08-22 23:15:00,4.2699,1.9472
1787441400000,2026-08-22 23:30:00,4.2699,1.9472
1787442300000,2026-08-22 23:45:00,4.2699,1.9472
1787443200000,2026-08-23 00:00:00,4.2699,1.9472
1787444100000,2026-08-23 00:15:00,4.2699,1.9472
1787445000000,2026-08-23 00:30:00,4.2699,1.9472
1787445900000,2026-08-23 00:45:00,4.2699,1.9472
1787446800000,2026-08-23 01:00:00,4.2699,1.9472
1787447700000,2026-08-23 01:15:00,4.2699,1.9472
1787448600000,2026-08-23 01:30:00,4.2699,1.9472
1787449500000,2026-08-23 01:45:00,4.2699,1.9472
1787450400000,2026-08-23 02:00:00,4.2699,1.9472
1787451300000,2026-08-23 02:15:00,4.2699,1.9472
1787452200000,2026-08-23 02:30:00,4.2699,1.9472
1787453100000,2026-08-23 02:45:00,4.2699,1.9472
1787454000000,2026-08-23 03:00:00,4.2699,1.9472
1787454900000,2026-08-23 03:15:00,4.2699,1.9472
1787455800000,2026-08-23 03:30:00,4.2699,1.9472
1787456700000,2026-08-23 03:45:00,4.2699,1.9472
1787457600000,2026-08-23 04:00:00,4.2699,1.9472
1787458500000,2026-08-23 04:15:00,4.2699,1.9472
1787459400000,2026-08-23 04:30:00,4.2699,1.9472
1787460300000,2026-08-23 04:45:00,4.2699,1.9472
1787461200000,2026-08-23 05:00:00,4.2699,1.9472
1787462100000,2026-08-23 05:15:00,4.2699,1.9472
1787463000000,2026-08-23 05:30:00,4.2699,1.9472
1787463900000,2026-08-23 05:45:00,4.2699,1.9472
1787464800000,2026-08-23 06:00:00,4.2699,1.9472
1787465700000,2026-08-23 06:15:00,4.2699,1.9472
1787466600000,2026-08-23 06:30:00,4.2699,1.9472
1787467500000,2026-08-23 06:45:00,4.2699,1.9472
1787468400000,2026-08-23 07:00:00,4.2699,1.9472
1787469300000,2026-08-23 07:15:00,4.2699,1.9472
1787470200000,2026-08-23 07:30:00,4.2699,1.9472
1787471100000,2026-08-23 07:45:00,4.2699,1.9472
1787472000000,2026-08-23 08:00:00,4.2699,1.9472
1787472900000,2026-08-23 08:15:00,4.2699,1.9472
1787473800000,2026-08-23 08:30:00,4.2699,1.9472
1787474700000,2026-08-23 08:45:00,4.1022,1.9472
1787475600000,2026-08-23 09:00:00,4.1087,1.9472
1787476500000,2026-08-23 09:15:00,4.0703,1.9472
1787477400000,2026-08-23 09:30:00,4.0942,1.9472
1787478300000,2026-08-23 09:45:00,4.0767,1.9472
1787479200000,2026-08-23 10:00:00,4.1353,1.9472
1787480100000,2026-08-23 10:15:00,4.124,1.9472
1787481000000,2026-08-23 10:30:00,4.1795,1.9472
1787481900000,2026-08-23 10:45:00,4.1506,1.9472
1787482800000,2026-08-23 11:00:00,4.2504,1.9472
1787483700000,2026-08-23 11:15:00,4.3809,1.9472
1787484600000,2026-08-23 11:30:00,4.5037,1.9472
1787485500000,2026-08-23 11:45:00,4.502,1.9472
1787486400000,2026-08-23 12:00:00,4.2958,1.9472
1787487300000,2026-08-23 12:15:00,4.2969,1.9472
1787488200000,2026-08-23 12:30:00,4.4014,1.9472
1787489100000,2026-08-23 12:45:00,4.375,1.9472
1787490000000,2026-08-23 13:00:00,4.4685,1.9472
1787490900000,2026-08-23 13:15:00,5.0603,1.9472
1787491800000,2026-08-23 13:30:00,5.0593,1.9472
1787492700000,2026-08-23 13:45:00,5.1192,1.9472
1787493600000,2026-08-23 14:00:00,4.8737,1.9472
1787494500000,2026-08-23 14:15:00,4.7505,1.9472
1787495400000,2026-08-23 14:30:00,4.59,1.9472
1787496300000,2026-08-23 14:45:00,4.7722,1.9472
1787497200000,2026-08-23 15:00:00,4.8216,1.9472
1787498100000,2026-08-23 15:15:00,4.9158,1.9472
1787499000000,2026-08-23 15:30:00,5.0758,1.9472
1787499900000,2026-08-23 15:45:00,5.0726,1.9472
1787500800000,2026-08-23 16:00:00,5.0217,1.9472
1787501700000,2026-08-23 16:15:00,5.1735,1.9472
1787502600000,2026-08-23 16:30:00,5.0676,1.9472
1787503500000,2026-08-23 16:45:00,4.898,1.9472
1787504400000,2026-08-23 17:00:00,4.9164,1.9472
1787505300000,2026-08-23 17:15:00,4.725,1.9472
1787506200000,2026-08-23 17:30:00,4.7435,1.9472
1787507100000,2026-08-23 17:45:00,4.7639,1.9472
1787508000000,2026-08-23 18:00:00,4.5974,1.9472
1787508900000,2026-08-23 18:15:00,4.5196,1.9472
1787509800000,2026-08-23 18:30:00,4.5652,1.9472
1787510700000,2026-08-23 18:45:00,4.6633,1.9472
1787511600000,2026-08-23 19:00:00,4.5823,1.9472
1787512500000,2026-08-23 19:15:00,4.6527,1.9472
1787513400000,2026-08-23 19:30:00,4.8004,1.9472
1787514300000,2026-08-23 19:45:00,4.8387,1.9472
1787515200000,2026-08-23 20:00:00,5.0278,1.9472
1787516100000,2026-08-23 20:15:00,5.0307,1.9472
1787517000000,2026-08-23 20:30:00,5.0084,1.9472
1787517900000,2026-08-23 20:45:00,5.0423,1.9472
1787518800000,2026-08-23 21:00:00,5.11,1.9472
1787519700000,2026-08-23 21:15:00,5.2456,1.9472
1787520600000,2026-08-23 21:30:00,5.2221,1.9472
1787521500000,2026-08-23 21:45:00,5.3375,1.9472
1787522400000,2026-08-23 22:00:00,5.3294,1.9472
1787523300000,2026-08-23 22:15:00,5.2002,1.9472
1787524200000,2026-08-23 22:30:00,5.307,1.9472
1787525100000,2026-08-23 22:45:00,5.2734,1.9472
1787526000000,2026-08-23 23:00:00,5.384,1.9472
1787526900000,2026-08-23 23:15:00,5.3647,1.9472
1787527800000,2026-08-23 23:30:00,5.281,1.9472
1787528700000,2026-08-23 23:45:00,5.3852,1.9472
1787529600000,2026-08-24 00:00:00,5.4279,1.9472
1787530500000,2026-08-24 00:15:00,5.4846,1.9472
1787531400000,2026-08-24 00:30:00,5.5358,1.9472
1787532300000,2026-08-24 00:45:00,5.8337,1.9472
1787533200000,2026-08-24 01:00:00,5.7166,1.9472
1787534100000,2026-08-24 01:15:00,5.6251,1.9472
1787535000000,2026-08-24 01:30:00,5.5689,1.9472
1787535900000,2026-08-24 01:45:00,5.4704,1.9472
1787536800000,2026-08-24 02:00:00,5.6173,1.9472
1787537700000,2026-08-24 02:15:00,5.6523,1.9472
1787538600000,2026-08-24 02:30:00,5.6376,1.9472
1787539500000,2026-08-24 02:45:00,5.6131,1.9472
1787540400000,2026-08-24 03:00:00,5.5405,1.9472
1787541300000,2026-08-24 03:15:00,5.5178,1.9472
1787542200000,2026-08-24 03:30:00,5.5343,1.9472
1787543100000,2026-08-24 03:45:00,5.4855,1.9472
1787544000000,2026-08-24 04:00:00,5.5671,1.9472
1787544900000,2026-08-24 04:15:00,5.6383,1.9472
1787545800000,2026-08-24 04:30:00,5.6076,1.9472
1787546700000,2026-08-24 04:45:00,5.5549,1.9472
1787547600000,2026-08-24 05:00:00,5.7593,1.9472
1787548500000,2026-08-24 05:15:00,5.6867,1.9472
1787549400000,2026-08-24 05:30:00,5.6624,1.9472
1787550300000,2026-08-24 05:45:00,5.6684,1.9472
1787551200000,2026-08-24 06:00:00,5.7456,1.9472
1787552100000,2026-08-24 06:15:00,5.7196,1.9472
1787553000000,2026-08-24 06:30:00,5.6535,1.9472
1787553900000,2026-08-24 06:45:00,5.7435,1.9472
1787554800000,2026-08-24 07:00:00,5.8827,1.9472
1787555700000,2026-08-24 07:15:00,5.7991,1.9472
1787556600000,2026-08-24 07:30:00,5.7056,1.9472
1787557500000,2026-08-24 07:45:00,5.7274,1.9472
1787558400000,2026-08-24 08:00:00,5.6714,1.9472
1787559300000,2026-08-24 08:15:00,5.5731,1.9472
1787560200000,2026-08-24 08:30:00,5.7107,1.9472
1787561100000,2026-08-24 08:45:00,5.7239,1.9472
1787562000000,2026-08-24 09:00:00,5.7962,1.9472
1787562900000,2026-08-24 09:15:00,5.7806,1.9472
1787563800000,2026-08-24 09:30:00,5.8027,1.9472
1787564700000,2026-08-24 09:45:00,5.8097,1.9472
1787565600000,2026-08-24 10:00:00,6.0103,1.9472
1787566500000,2026-08-24 10:15:00,5.9025,1.9472
1787567400000,2026-08-24 10:30:00,5.8437,1.9472
1787568300000,2026-08-24 10:45:00,5.8301,1.9472
1787569200000,2026-08-24 11:00:00,5.8678,1.9472
1787570100000,2026-08-24 11:15:00,5.9027,1.9472
1787571000000,2026-08-24 11:30:00,6.2471,1.9472
1787571900000,2026-08-24 11:45:00,6.1229,1.9472
1787572800000,2026-08-24 12:00:00,6.0227,1.9472
1787573700000,2026-08-24 12:15:00,6.1121,1.9472
1787574600000,2026-08-24 12:30:00,6.1789,1.9472
1787575500000,2026-08-24 12:45:00,6.3394,1.9472
1787576400000,2026-08-24 13:00:00,6.3612,1.9472
1787577300000,2026-08-24 13:15:00,6.2051,1.9472
1787578200000,2026-08-24 13:30:00,5.8316,1.9472
1787579100000,2026-08-24 13:45:00,5.9614,1.9472
1787580000000,2026-08-24 14:00:00,6.2782,1.9472
1787580900000,2026-08-24 14:15:00,6.3835,1.9472
1787581800000,2026-08-24 14:30:00,6.4791,1.9472
1787582700000,2026-08-24 14:45:00,6.3617,1.9472
1787583600000,2026-08-24 15:00:00,6.3529,1.9472
1787584500000,2026-08-24 15:15:00,6.5288,1.9472
1787585400000,2026-08-24 15:30:00,5.9778,1.9472
1787586300000,2026-08-24 15:45:00,5.8512,1.9472
1787587200000,2026-08-24 16:00:00,6.0507,1.9472
1787588100000,2026-08-24 16:15:00,6.0599,1.9472
1787589000000,2026-08-24 16:30:00,5.8836,1.9472
1787589900000,2026-08-24 16:45:00,5.6783,1.9472
1787590800000,2026-08-24 17:00:00,5.6505,1.9472
1787591700000,2026-08-24 17:15:00,5.324,1.9472
1787592600000,2026-08-24 17:30:00,5.3717,1.9472
1787593500000,2026-08-24 17:45:00,5.5143,1.9472
1787594400000,2026-08-24 18:00:00,5.7551,1.9472
1787595300000,2026-08-24 18:15:00,5.7074,1.9472
1787596200000,2026-08-24 18:30:00,5.6552,1.9472
1787597100000,2026-08-24 18:45:00,5.6095,1.9472
1787598000000,2026-08-24 19:00:00,5.6057,1.9472
1787598900000,2026-08-24 19:15:00,5.5427,1.9472
1787599800000,2026-08-24 19:30:00,5.5643,1.9472
1787600700000,2026-08-24 19:45:00,5.5614,1.9472
1787601600000,2026-08-24 20:00:00,5.5748,1.9472
1787602500000,2026-08-24 20:15:00,5.5073,1.9472
1787603400000,2026-08-24 20:30:00,5.6066,1.9472
1787604300000,2026-08-24 20:45:00,5.6316,1.9472
1787605200000,2026-08-24 21:00:00,5.7854,1.9472
1787606100000,2026-08-24 21:15:00,5.7447,1.9472
1787607000000,2026-08-24 21:30:00,5.7693,1.9472
1787607900000,2026-08-24 21:45:00,5.7818,1.9472
1787608800000,2026-08-24 22:00:00,5.7369,1.9472
1787609700000,2026-08-24 22:15:00,5.6741,1.9472
1787610600000,2026-08-24 22:30:00,5.6597,1.9472
1787611500000,2026-08-24 22:45:00,5.6126,1.9472
1787612400000,2026-08-24 23:00:00,5.6702,1.9472
1787613300000,2026-08-24 23:15:00,5.7634,1.9472
1787614200000,2026-08-24 23:30:00,5.805,1.9472
1787615100000,2026-08-24 23:45:00,5.7503,1.9472
1787616000000,2026-08-25 00:00:00,5.6977,1.9472
1787616900000,2026-08-25 00:15:00,5.6955,1.9472
1787617800000,2026-08-25 00:30:00,5.9394,1.9472
1787618700000,2026-08-25 00:45:00,5.9513,1.9472
1787619600000,2026-08-25 01:00:00,5.873,1.9472
1787620500000,2026-08-25 01:15:00,6.0446,1.9472
1787621400000,2026-08-25 01:30:00,5.9666,1.9472
1787622300000,2026-08-25 01:45:00,5.9994,1.9472
1787623200000,2026-08-25 02:00:00,5.9686,1.9472
1787624100000,2026-08-25 02:15:00,6.6117,1.9472
1787625000000,2026-08-25 02:30:00,6.3871,1.9472
1787625900000,2026-08-25 02:45:00,6.5261,1.9472
1787626800000,2026-08-25 03:00:00,6.2906,1.9472
1787627700000,2026-08-25 03:15:00,6.2696,1.9472
1787628600000,2026-08-25 03:30:00,6.3742,1.9472
1787629500000,2026-08-25 03:45:00,6.5352,1.9472
1787630400000,2026-08-25 04:00:00,6.5431,1.9472
1787631300000,2026-08-25 04:15:00,6.6143,1.9472
1787632200000,2026-08-25 04:30:00,6.5476,1.9472
1787633100000,2026-08-25 04:45:00,6.5042,1.9472
1787634000000,2026-08-25 05:00:00,6.5127,1.9472
1787634900000,2026-08-25 05:15:00,6.6407,1.9472
1787635800000,2026-08-25 05:30:00,6.5815,1.9472
1787636700000,2026-08-25 05:45:00,6.6403,1.9472
1787637600000,2026-08-25 06:00:00,6.7112,1.9472
1787638500000,2026-08-25 06:15:00,6.6947,1.9472
1787639400000,2026-08-25 06:30:00,6.6778,1.9472
1787640300000,2026-08-25 06:45:00,6.5255,1.9472
1787641200000,2026-08-25 07:00:00,6.4273,1.9472
1787642100000,2026-08-25 07:15:00,6.3804,1.9472
1787643000000,2026-08-25 07:30:00,6.2773,1.9472
1787643900000,2026-08-25 07:45:00,6.095,1.9472
1787644800000,2026-08-25 08:00:00,6.3064,1.9472
1787645700000,2026-08-25 08:15:00,6.4504,1.9472
1787646600000,2026-08-25 08:30:00,6.4618,1.9472
1787647500000,2026-08-25 08:45:00,6.4867,1.9472
1787648400000,2026-08-25 09:00:00,6.4726,1.9472
1787649300000,2026-08-25 09:15:00,6.3642,1.9472
1787650200000,2026-08-25 09:30:00,6.1961,1.9472
1787651100000,2026-08-25 09:45:00,6.3895,1.9472
1787652000000,2026-08-25 10:00:00,6.4575,1.9472
1787652900000,2026-08-25 10:15:00,6.4174,1.9472
1787653800000,2026-08-25 10:30:00,6.451,1.9472
1787654700000,2026-08-25 10:45:00,6.5212,1.9472
1787655600000,2026-08-25 11:00:00,6.4017,1.9472
1787656500000,2026-08-25 11:15:00,6.4539,1.9472
1787657400000,2026-08-25 11:30:00,6.4707,1.9472
1787658300000,2026-08-25 11:45:00,6.4521,1.9472
1787659200000,2026-08-25 12:00:00,6.4476,1.9472
1787660100000,2026-08-25 12:15:00,6.2755,1.9472
1787661000000,2026-08-25 12:30:00,6.2997,1.9472
1787661900000,2026-08-25 12:45:00,6.3727,1.9472
1787662800000,2026-08-25 13:00:00,6.2646,1.9472
1787663700000,2026-08-25 13:15:00,6.0802,1.9472
1787664600000,2026-08-25 13:30:00,6.207,1.9472
1787665500000,2026-08-25 13:45:00,6.1441,1.9472
1787666400000,2026-08-25 14:00:00,6.2579,1.9472
1787667300000,2026-08-25 14:15:00,6.4089,1.9472
1787668200000,2026-08-25 14:30:00,6.3844,1.9472
1787669100000,2026-08-25 14:45:00,6.4316,1.9472
1787670000000,2026-08-25 15:00:00,6.2649,1.9472
1787670900000,2026-08-25 15:15:00,6.3906,1.9472
1787671800000,2026-08-25 15:30:00,6.4437,1.9472
1787672700000,2026-08-25 15:45:00,6.5324,1.9472
1787673600000,2026-08-25 16:00:00,6.3686,1.9472
1787674500000,2026-08-25 16:15:00,6.3414,1.9472
1787675400000,2026-08-25 16:30:00,6.4068,1.9472
1787676300000,2026-08-25 16:45:00,6.3169,1.9472
1787677200000,2026-08-25 17:00:00,6.1805,1.9472
1787678100000,2026-08-25 17:15:00,6.0966,1.9472
1787679000000,2026-08-25 17:30:00,6.2673,1.9472
1787679900000,2026-08-25 17:45:00,6.3231,1.9472
1787680800000,2026-08-25 18:00:00,6.3675,1.9472
1787681700000,2026-08-25 18:15:00,6.3551,1.9472
1787682600000,2026-08-25 18:30:00,6.2709,1.9472
1787683500000,2026-08-25 18:45:00,6.253,1.9472
1787684400000,2026-08-25 19:00:00,6.2674,1.9472
1787685300000,2026-08-25 19:15:00,6.1688,1.9472
1787686200000,2026-08-25 19:30:00,6.0536,1.9472
1787687100000,2026-08-25 19:45:00,6.1809,1.9472
1787688000000,2026-08-25 20:00:00,6.0892,1.9472
1787688900000,2026-08-25 20:15:00,6.0565,1.9472
1787689800000,2026-08-25 20:30:00,5.859,1.9472
1787690700000,2026-08-25 20:45:00,5.859,1.9472
1787691600000,2026-08-25 21:00:00,5.859,1.9472
1787692500000,2026-08-25 21:15:00,5.859,1.9472
1787693400000,2026-08-25 21:30:00,5.859,1.9472
1787694300000,2026-08-25 21:45:00,5.859,1.9472
1787695200000,2026-08-25 22:00:00,5.859,1.9472
1787696100000,2026-08-25 22:15:00,5.354,1.9472
1787697000000,2026-08-25 22:30:00,5.4102,1.9472
1787697900000,2026-08-25 22:45:00,5.9345,1.9472
1787698800000,2026-08-25 23:00:00,5.811,1.9472
1787699700000,2026-08-25 23:15:00,5.8545,1.9472
1787700600000,2026-08-25 23:30:00,5.4444,1.9472
1787701500000,2026-08-25 23:45:00,5.0286,1.9472
1787702400000,2026-08-26 00:00:00,4.8836,1.9472
1787703300000,2026-08-26 00:15:00,5.4085,1.9472
1787704200000,2026-08-26 00:30:00,5.3418,1.9472
1787705100000,2026-08-26 00:45:00,5.5709,1.9472
1787706000000,2026-08-26 01:00:00,5.5123,1.9472
1787706900000,2026-08-26 01:15:00,5.6933,1.9472
1787707800000,2026-08-26 01:30:00,5.891,1.9472
1787708700000,2026-08-26 01:45:00,5.7565,1.9472
1787709600000,2026-08-26 02:00:00,5.6225,1.9472
1787710500000,2026-08-26 02:15:00,6.1317,1.9472
1787711400000,2026-08-26 02:30:00,5.9415,1.9472
1787712300000,2026-08-26 02:45:00,5.9502,1.9472
1787713200000,2026-08-26 03:00:00,5.8446,1.9472
1787714100000,2026-08-26 03:15:00,5.945,1.9472
1787715000000,2026-08-26 03:30:00,5.9699,1.9472
1787715900000,2026-08-26 03:45:00,5.9183,1.9472
1787716800000,2026-08-26 04:00:00,6.0076,1.9472
1787717700000,2026-08-26 04:15:00,6.2038,1.9472
1787718600000,2026-08-26 04:30:00,6.2131,1.9472
1787719500000,2026-08-26 04:45:00,6.0997,1.9472
1787720400000,2026-08-26 05:00:00,6.1232,1.9472
1787721300000,2026-08-26 05:15:00,6.1789,1.9472
1787722200000,2026-08-26 05:30:00,6.3593,1.9472
1787723100000,2026-08-26 05:45:00,6.2763,1.9472
1787724000000,2026-08-26 06:00:00,6.2598,1.9472
1787724900000,2026-08-26 06:15:00,6.1667,1.9472
1787725800000,2026-08-26 06:30:00,6.2398,1.9472
1787726700000,2026-08-26 06:45:00,6.1966,1.9472
1787727600000,2026-08-26 07:00:00,6.3639,1.9472
1787728500000,2026-08-26 07:15:00,6.3097,1.9472
1787729400000,2026-08-26 07:30:00,6.2528,1.9472
1787730300000,2026-08-26 07:45:00,6.2044,1.9472
1787731200000,2026-08-26 08:00:00,6.274,1.9472
1787732100000,2026-08-26 08:15:00,6.2491,1.9472
1787733000000,2026-08-26 08:30:00,6.1763,1.9472
1787733900000,2026-08-26 08:45:00,6.0675,1.9472
1787734800000,2026-08-26 09:00:00,6.1206,1.9472
1787735700000,2026-08-26 09:15:00,6.1577,1.9472
1787736600000,2026-08-26 09:30:00,6.1508,1.9472
1787737500000,2026-08-26 09:45:00,6.1694,1.9472
1787738400000,2026-08-26 10:00:00,6.2313,1.9472
1787739300000,2026-08-26 10:15:00,6.1861,1.9472
1787740200000,2026-08-26 10:30:00,6.0781,1.9472
1787741100000,2026-08-26 10:45:00,5.9829,1.9472
1787742000000,2026-08-26 11:00:00,5.9849,1.9472
1787742900000,2026-08-26 11:15:00,5.9574,1.9472
1787743800000,2026-08-26 11:30:00,5.8419,1.9472
1787744700000,2026-08-26 11:45:00,5.8334,1.9472
1787745600000,2026-08-26 12:00:00,5.8867,1.9472
1787746500000,2026-08-26 12:15:00,5.9182,1.9472
1787747400000,2026-08-26 12:30:00,5.9093,1.9472
1787748300000,2026-08-26 12:45:00,5.9123,1.9472
1787749200000,2026-08-26 13:00:00,5.8658,1.9472
1787750100000,2026-08-26 13:15:00,5.696,1.9472
1787751000000,2026-08-26 13:30:00,5.7167,1.9472
1787751900000,2026-08-26 13:45:00,5.6555,1.9472
1787752800000,2026-08-26 14:00:00,5.7071,1.9472
1787753700000,2026-08-26 14:15:00,5.5793,1.9472
1787754600000,2026-08-26 14:30:00,5.7133,1.9472
1787755500000,2026-08-26 14:45:00,5.7881,1.9472
1787756400000,2026-08-26 15:00:00,5.8426,1.9472
1787757300000,2026-08-26 15:15:00,5.8459,1.9472
1787758200000,2026-08-26 15:30:00,5.8653,1.9472
1787759100000,2026-08-26 15:45:00,5.7124,1.9472
1787760000000,2026-08-26 16:00:00,5.7361,1.9472
1787760900000,2026-08-26 16:15:00,5.6442,1.9472
1787761800000,2026-08-26 16:30:00,5.6298,1.9472
1787762700000,2026-08-26 16:45:00,5.7961,1.9472
1787763600000,2026-08-26 17:00:00,5.798,1.9472
1787764500000,2026-08-26 17:15:00,5.7108,1.9472
1787765400000,2026-08-26 17:30:00,5.6839,1.9472
1787766300000,2026-08-26 17:45:00,5.7043,1.9472
1787767200000,2026-08-26 18:00:00,5.5759,1.9472
1787768100000,2026-08-26 18:15:00,5.7299,1.9472
1787769000000,2026-08-26 18:30:00,5.6627,1.9472
1787769900000,2026-08-26 18:45:00,5.7067,1.9472
1787770800000,2026-08-26 19:00:00,5.653,1.9472
1787771700000,2026-08-26 19:15:00,5.6057,1.9472
1787772600000,2026-08-26 19:30:00,5.6338,1.9472
1787773500000,2026-08-26 19:45:00,5.6695,1.9472
1787774400000,2026-08-26 20:00:00,5.7153,1.9472
1787775300000,2026-08-26 20:15:00,5.7352,1.9472
1787776200000,2026-08-26 20:30:00,5.737,1.9472
1787777100000,2026-08-26 20:45:00,5.6669,1.9472
1787778000000,2026-08-26 21:00:00,5.338,1.9472
1787778900000,2026-08-26 21:15:00,5.3497,1.9472
1787779800000,2026-08-26 21:30:00,5.3481,1.9472
1787780700000,2026-08-26 21:45:00,5.3754,1.9472
1787781600000,2026-08-26 22:00:00,5.3831,1.9472
1787782500000,2026-08-26 22:15:00,5.5274,1.9472
1787783400000,2026-08-26 22:30:00,5.6885,1.9472
1787784300000,2026-08-26 22:45:00,5.728,1.9472
1787785200000,2026-08-26 23:00:00,5.6914,1.9472
1787786100000,2026-08-26 23:15:00,5.3753,1.9472
1787787000000,2026-08-26 23:30:00,5.1996,1.9472
1787787900000,2026-08-26 23:45:00,5.2412,1.9472
1787788800000,2026-08-27 00:00:00,5.5769,1.9472
1787789700000,2026-08-27 00:15:00,5.5731,1.9472
1787790600000,2026-08-27 00:30:00,5.9771,1.9472
1787791500000,2026-08-27 00:45:00,6.1298,1.9472
1787792400000,2026-08-27 01:00:00,6.2327,1.9472
1787793300000,2026-08-27 01:15:00,5.7934,1.9472
1787794200000,2026-08-27 01:30:00,6.1743,1.9472
1787795100000,2026-08-27 01:45:00,6.1615,1.9472
1787796000000,2026-08-27 02:00:00,6.1209,1.9472
1787796900000,2026-08-27 02:15:00,6.3268,1.9472
1787797800000,2026-08-27 02:30:00,6.3602,1.9472
1787798700000,2026-08-27 02:45:00,6.3463,1.9472
1787799600000,2026-08-27 03:00:00,6.4185,1.9472
1787800500000,2026-08-27 03:15:00,6.2903,1.9472
1787801400000,2026-08-27 03:30:00,6.3969,1.9472
1787802300000,2026-08-27 03:45:00,6.3821,1.9472
1787803200000,2026-08-27 04:00:00,6.3606,1.9472
1787804100000,2026-08-27 04:15:00,6.4079,1.9472
1787805000000,2026-08-27 04:30:00,6.4556,1.9472
1787805900000,2026-08-27 04:45:00,6.4866,1.9472
1787806800000,2026-08-27 05:00:00,6.5308,1.9472
1787807700000,2026-08-27 05:15:00,6.5329,1.9472
1787808600000,2026-08-27 05:30:00,6.479,1.9472
1787809500000,2026-08-27 05:45:00,6.3142,1.9472
1787810400000,2026-08-27 06:00:00,6.4693,1.9472
1787811300000,2026-08-27 06:15:00,6.5227,1.9472
1787812200000,2026-08-27 06:30:00,6.4695,1.9472
1787813100000,2026-08-27 06:45:00,6.38,1.9472
1787814000000,2026-08-27 07:00:00,6.3602,1.9472
1787814900000,2026-08-27 07:15:00,6.4246,1.9472
1787815800000,2026-08-27 07:30:00,6.4052,1.9472
1787816700000,2026-08-27 07:45:00,6.3015,1.9472
1787817600000,2026-08-27 08:00:00,5.8425,1.9472
1787818500000,2026-08-27 08:15:00,6.066,1.9472
1787819400000,2026-08-27 08:30:00,6.1844,1.9472
1787820300000,2026-08-27 08:45:00,6.1347,1.9472
1787821200000,2026-08-27 09:00:00,6.1767,1.9472
1787822100000,2026-08-27 09:15:00,6.3451,1.9472
1787823000000,2026-08-27 09:30:00,6.2319,1.9472
1787823900000,2026-08-27 09:45:00,6.1678,1.9472
1787824800000,2026-08-27 10:00:00,6.1271,1.9472
1787825700000,2026-08-27 10:15:00,5.9519,1.9472
1787826600000,2026-08-27 10:30:00,5.9067,1.9472
1787827500000,2026-08-27 10:45:00,5.8904,1.9472
1787828400000,2026-08-27 11:00:00,5.9274,1.9472
1787829300000,2026-08-27 11:15:00,5.8672,1.9472
1787830200000,2026-08-27 11:30:00,5.8873,1.9472
1787831100000,2026-08-27 11:45:00,5.8693,1.9472
1787832000000,2026-08-27 12:00:00,5.8999,1.9472
1787832900000,2026-08-27 12:15:00,5.9078,1.9472
1787833800000,2026-08-27 12:30:00,5.821,1.9472
1787834700000,2026-08-27 12:45:00,5.8109,1.9472
1787835600000,2026-08-27 13:00:00,5.836,1.9472
1787836500000,2026-08-27 13:15:00,5.8825,1.9472
1787837400000,2026-08-27 13:30:00,5.7611,1.9472
1787838300000,2026-08-27 13:45:00,5.8228,1.9472
1787839200000,2026-08-27 14:00:00,5.7853,1.9472
1787840100000,2026-08-27 14:15:00,5.9307,1.9472
1787841000000,2026-08-27 14:30:00,6.0421,1.9472
1787841900000,2026-08-27 14:45:00,6.0117,1.9472
1787842800000,2026-08-27 15:00:00,6.0909,1.9472
1787843700000,2026-08-27 15:15:00,6.066,1.9472
1787844600000,2026-08-27 15:30:00,6.0883,1.9472
1787845500000,2026-08-27 15:45:00,6.0508,1.9472
1787846400000,2026-08-27 16:00:00,6.0715,1.9472
1787847300000,2026-08-27 16:15:00,6.0548,1.9472
1787848200000,2026-08-27 16:30:00,6.1356,1.9472
1787849100000,2026-08-27 16:45:00,6.0563,1.9472
1787850000000,2026-08-27 17:00:00,6.119,1.9472
1787850900000,2026-08-27 17:15:00,5.929,1.9472
1787851800000,2026-08-27 17:30:00,5.8601,1.9472
1787852700000,2026-08-27 17:45:00,5.9625,1.9472
1787853600000,2026-08-27 18:00:00,6.4075,1.9472
1787854500000,2026-08-27 18:15:00,6.425,1.9472
1787855400000,2026-08-27 18:30:00,6.3137,1.9472
1787856300000,2026-08-27 18:45:00,6.293,1.9472
1787857200000,2026-08-27 19:00:00,6.2848,1.9472
1787858100000,2026-08-27 19:15:00,6.2039,1.9472
1787859000000,2026-08-27 19:30:00,6.3244,1.9472
1787859900000,2026-08-27 19:45:00,6.2178,1.9472
1787860800000,2026-08-27 20:00:00,6.1862,1.9472
1787861700000,2026-08-27 20:15:00,6.2003,1.9472
1787862600000,2026-08-27 20:30:00,6.2071,1.9472
1787863500000,2026-08-27 20:45:00,6.2774,1.9472
1787864400000,2026-08-27 21:00:00,6.3533,1.9472
1787865300000,2026-08-27 21:15:00,6.4227,1.9472
1787866200000,2026-08-27 21:30:00,6.4639,1.9472
1787867100000,2026-08-27 21:45:00,6.4641,1.9472
1787868000000,2026-08-27 22:00:00,6.3996,1.9472
1787868900000,2026-08-27 22:15:00,6.4269,1.9472
1787869800000,2026-08-27 22:30:00,6.4177,1.9472
1787870700000,2026-08-27 22:45:00,6.4501,1.9472
1787871600000,2026-08-27 23:00:00,6.5059,1.9472
1787872500000,2026-08-27 23:15:00,6.3772,1.9472
1787873400000,2026-08-27 23:30:00,6.4322,1.9472
1787874300000,2026-08-27 23:45:00,6.5001,1.9472
1787875200000,2026-08-28 00:00:00,6.4998,1.9472
1787876100000,2026-08-28 00:15:00,6.4325,1.9472
1787877000000,2026-08-28 00:30:00,6.4646,1.9472
1787877900000,2026-08-28 00:45:00,6.5359,1.9472
1787878800000,2026-08-28 01:00:00,6.5046,1.9472
1787879700000,2026-08-28 01:15:00,6.352,1.9472
1787880600000,2026-08-28 01:30:00,6.547,1.9472
1787881500000,2026-08-28 01:45:00,6.7307,1.9472
1787882400000,2026-08-28 02:00:00,6.6467,1.9472
1787883300000,2026-08-28 02:15:00,6.5723,1.9472
1787884200000,2026-08-28 02:30:00,6.5911,1.9472
1787885100000,2026-08-28 02:45:00,6.5486,1.9472
1787886000000,2026-08-28 03:00:00,6.533,1.9472
1787886900000,2026-08-28 03:15:00,6.5534,1.9472
1787887800000,2026-08-28 03:30:00,6.5235,1.9472
1787888700000,2026-08-28 03:45:00,6.5291,1.9472
1787889600000,2026-08-28 04:00:00,6.5505,1.9472
1787890500000,2026-08-28 04:15:00,6.5351,1.9472
1787891400000,2026-08-28 04:30:00,6.5029,1.9472
1787892300000,2026-08-28 04:45:00,6.4943,1.9472
1787893200000,2026-08-28 05:00:00,6.492,1.9472
1787894100000,2026-08-28 05:15:00,6.5321,1.9472
1787895000000,2026-08-28 05:30:00,6.5771,1.9472
1787895900000,2026-08-28 05:45:00,6.56,1.9472
1787896800000,2026-08-28 06:00:00,6.651,1.9472
1787897700000,2026-08-28 06:15:00,6.6291,1.9472
1787898600000,2026-08-28 06:30:00,6.6323,1.9472
1787899500000,2026-08-28 06:45:00,6.6469,1.9472
1787900400000,2026-08-28 07:00:00,6.5907,1.9472
1787901300000,2026-08-28 07:15:00,6.6076,1.9472
1787902200000,2026-08-28 07:30:00,6.5774,1.9472
1787903100000,2026-08-28 07:45:00,6.5897,1.9472
1787904000000,2026-08-28 08:00:00,6.5968,1.9472
1787904900000,2026-08-28 08:15:00,6.6046,1.9472
1787905800000,2026-08-28 08:30:00,6.5719,1.9472
1787906700000,2026-08-28 08:45:00,6.5163,1.9472
1787907600000,2026-08-28 09:00:00,6.5261,1.9472
1787908500000,2026-08-28 09:15:00,6.5457,1.9472
1787909400000,2026-08-28 09:30:00,6.5243,1.9472
1787910300000,2026-08-28 09:45:00,6.5292,1.9472
1787911200000,2026-08-28 10:00:00,6.51,1.9472
1787912100000,2026-08-28 10:15:00,6.5237,1.9472
1787913000000,2026-08-28 10:30:00,6.5661,1.9472
1787913900000,2026-08-28 10:45:00,6.6813,1.9472
1787914800000,2026-08-28 11:00:00,6.7101,1.9472
1787915700000,2026-08-28 11:15:00,6.6741,1.9472
1787916600000,2026-08-28 11:30:00,6.6721,1.9472
1787917500000,2026-08-28 11:45:00,6.6686,1.9472
1787918400000,2026-08-28 12:00:00,6.6356,1.9472
1787919300000,2026-08-28 12:15:00,6.6315,1.9472
1787920200000,2026-08-28 12:30:00,6.6112,1.9472
1787921100000,2026-08-28 12:45:00,6.6135,1.9472
1787922000000,2026-08-28 13:00:00,6.626,1.9472
1787922900000,2026-08-28 13:15:00,6.6097,1.9472
1787923800000,2026-08-28 13:30:00,6.599,1.9472
1787924700000,2026-08-28 13:45:00,6.7082,1.9472
1787925600000,2026-08-28 14:00:00,6.4207,1.9472
1787926500000,2026-08-28 14:15:00,6.5472,1.9472
1787927400000,2026-08-28 14:30:00,6.7111,1.9472
1787928300000,2026-08-28 14:45:00,6.74,1.9472
1787929200000,2026-08-28 15:00:00,6.6529,1.9472
1787930100000,2026-08-28 15:15:00,6.6871,1.9472
1787931000000,2026-08-28 15:30:00,6.5232,1.9472
1787931900000,2026-08-28 15:45:00,6.3648,1.9472
1787932800000,2026-08-28 16:00:00,6.1263,1.9472
1787933700000,2026-08-28 16:15:00,5.9944,1.9472
1787934600000,2026-08-28 16:30:00,6.051,1.9472
1787935500000,2026-08-28 16:45:00,6.0991,1.9472
1787936400000,2026-08-28 17:00:00,6.1312,1.9472
1787937300000,2026-08-28 17:15:00,6.1038,1.9472
1787938200000,2026-08-28 17:30:00,6.07,1.9472
1787939100000,2026-08-28 17:45:00,6.1137,1.9472
1787940000000,2026-08-28 18:00:00,6.0663,1.9472
1787940900000,2026-08-28 18:15:00,6.004,1.9472
1787941800000,2026-08-28 18:30:00,5.9327,1.9472
1787942700000,2026-08-28 18:45:00,5.9789,1.9472
1787943600000,2026-08-28 19:00:00,6.0421,1.9472
1787944500000,2026-08-28 19:15:00,6.0648,1.9472
1787945400000,2026-08-28 19:30:00,6.0479,1.9472
1787946300000,2026-08-28 19:45:00,6.0414,1.9472
1787947200000,2026-08-28 20:00:00,6.0416,1.9472
1787948100000,2026-08-28 20:15:00,6.0015,1.9472
1787949000000,2026-08-28 20:30:00,6.0015,1.9472
1787949900000,2026-08-28 20:45:00,6.0015,1.9472
1787950800000,2026-08-28 21:00:00,6.0015,1.9472
1787951700000,2026-08-28 21:15:00,6.0015,1.9472
1787952600000,2026-08-28 21:30:00,6.0015,1.9472
1787953500000,2026-08-28 21:45:00,6.0015,1.9472
1787954400000,2026-08-28 22:00:00,6.0015,1.9472
1787955300000,2026-08-28 22:15:00,6.0015,1.9472
1787956200000,2026-08-28 22:30:00,6.0015,1.9472
1787957100000,2026-08-28 22:45:00,6.0015,1.9472
1787958000000,2026-08-28 23:00:00,6.0015,1.9472
1787958900000,2026-08-28 23:15:00,6.0015,1.9472
1787959800000,2026-08-28 23:30:00,6.0015,1.9472
1787960700000,2026-08-28 23:45:00,6.0015,1.9472
1787961600000,2026-08-29 00:00:00,6.0015,1.9472
1787962500000,2026-08-29 00:15:00,6.0015,1.9472
1787963400000,2026-08-29 00:30:00,6.0015,1.9472
1787964300000,2026-08-29 00:45:00,6.0015,1.9472
1787965200000,2026-08-29 01:00:00,6.0015,1.9472
1787966100000,2026-08-29 01:15:00,6.0015,1.9472
1787967000000,2026-08-29 01:30:00,6.0015,1.9472
1787967900000,2026-08-29 01:45:00,6.0015,1.9472
1787968800000,2026-08-29 02:00:00,6.0015,1.9472
1787969700000,2026-08-29 02:15:00,6.0015,1.9472
1787970600000,2026-08-29 02:30:00,6.0015,1.9472
1787971500000,2026-08-29 02:45:00,6.0015,1.9472
1787972400000,2026-08-29 03:00:00,6.0015,1.9472
1787973300000,2026-08-29 03:15:00,6.0015,1.9472
1787974200000,2026-08-29 03:30:00,6.0015,1.9472
1787975100000,2026-08-29 03:45:00,6.0015,1.9472
1787976000000,2026-08-29 04:00:00,6.0015,1.9472
1787976900000,2026-08-29 04:15:00,6.0015,1.9472
1787977800000,2026-08-29 04:30:00,6.0015,1.9472
1787978700000,2026-08-29 04:45:00,6.0015,1.9472
1787979600000,2026-08-29 05:00:00,6.0015,1.9472
1787980500000,2026-08-29 05:15:00,6.0015,1.9472
1787981400000,2026-08-29 05:30:00,6.0015,1.9472
1787982300000,2026-08-29 05:45:00,6.0015,1.9472
1787983200000,2026-08-29 06:00:00,6.0015,1.9472
1787984100000,2026-08-29 06:15:00,5.9737,1.9472
1787985000000,2026-08-29 06:30:00,5.9277,1.9472
1787985900000,2026-08-29 06:45:00,5.9086,1.9472
1787986800000,2026-08-29 07:00:00,5.9162,1.9472
1787987700000,2026-08-29 07:15:00,5.9059,1.9472
1787988600000,2026-08-29 07:30:00,5.874,1.9472
1787989500000,2026-08-29 07:45:00,5.8844,1.9472
1787990400000,2026-08-29 08:00:00,5.9447,1.9472
1787991300000,2026-08-29 08:15:00,5.8991,1.9472
1787992200000,2026-08-29 08:30:00,5.9435,1.9472
1787993100000,2026-08-29 08:45:00,5.9266,1.9472
1787994000000,2026-08-29 09:00:00,5.9002,1.9472
1787994900000,2026-08-29 09:15:00,5.9249,1.9472
1787995800000,2026-08-29 09:30:00,5.8956,1.9472
1787996700000,2026-08-29 09:45:00,5.9032,1.9472
1787997600000,2026-08-29 10:00:00,5.9274,1.9472
1787998500000,2026-08-29 10:15:00,5.8799,1.9472
1787999400000,2026-08-29 10:30:00,5.8998,1.9472
1788000300000,2026-08-29 10:45:00,5.9152,1.9472
1788001200000,2026-08-29 11:00:00,5.8554,1.9472
1788002100000,2026-08-29 11:15:00,5.8599,1.9472
1788003000000,2026-08-29 11:30:00,5.8913,1.9472
1788003900000,2026-08-29 11:45:00,5.8907,1.9472
1788004800000,2026-08-29 12:00:00,5.8776,1.9472
1788005700000,2026-08-29 12:15:00,5.892,1.9472
1788006600000,2026-08-29 12:30:00,5.9133,1.9472
1788007500000,2026-08-29 12:45:00,5.9163,1.9472
1788008400000,2026-08-29 13:00:00,5.9194,1.9472
1788009300000,2026-08-29 13:15:00,5.9211,1.9472
1788010200000,2026-08-29 13:30:00,5.9179,1.9472
1788011100000,2026-08-29 13:45:00,5.896,1.9472
1788012000000,2026-08-29 14:00:00,5.8882,1.9472
1788012900000,2026-08-29 14:15:00,5.8905,1.9472
1788013800000,2026-08-29 14:30:00,5.7267,1.9472
1788014700000,2026-08-29 14:45:00,4.737,1.9472
1788015600000,2026-08-29 15:00:00,4.9062,1.9472
1788016500000,2026-08-29 15:15:00,5.0072,1.9472
1788017400000,2026-08-29 15:30:00,4.9709,1.9472
1788018300000,2026-08-29 15:45:00,5.0343,1.9472
1788019200000,2026-08-29 16:00:00,4.8891,1.9472
1788020100000,2026-08-29 16:15:00,4.9217,1.9472
1788021000000,2026-08-29 16:30:00,4.7005,1.9472
1788021900000,2026-08-29 16:45:00,4.8987,1.9472
1788022800000,2026-08-29 17:00:00,4.8066,1.9472
1788023700000,2026-08-29 17:15:00,5.2543,1.9472
1788024600000,2026-08-29 17:30:00,4.9561,1.9472
1788025500000,2026-08-29 17:45:00,4.8448,1.9472
1788026400000,2026-08-29 18:00:00,4.9814,1.9472
1788027300000,2026-08-29 18:15:00,5.0189,1.9472
1788028200000,2026-08-29 18:30:00,4.708,1.9472
1788029100000,2026-08-29 18:45:00,4.9135,1.9472
1788030000000,2026-08-29 19:00:00,4.6873,1.9472
1788030900000,2026-08-29 19:15:00,4.7001,1.9472
1788031800000,2026-08-29 19:30:00,4.9706,1.9472
1788032700000,2026-08-29 19:45:00,4.9352,1.9472
1788033600000,2026-08-29 20:00:00,4.7727,1.9472
1788034500000,2026-08-29 20:15:00,4.8793,1.9472
1788035400000,2026-08-29 20:30:00,4.8605,1.9472
1788036300000,2026-08-29 20:45:00,4.7364,1.9472
1788037200000,2026-08-29 21:00:00,4.6534,1.9472
1788038100000,2026-08-29 21:15:00,4.775,1.9472
1788039000000,2026-08-29 21:30:00,4.8066,1.9472
1788039900000,2026-08-29 21:45:00,4.7547,1.9472
1788040800000,2026-08-29 22:00:00,4.8061,1.9472
1788041700000,2026-08-29 22:15:00,4.7582,1.9472
1788042600000,2026-08-29 22:30:00,4.6705,1.9472
1788043500000,2026-08-29 22:45:00,4.6376,1.9472
1788044400000,2026-08-29 23:00:00,4.6151,1.9472
1788045300000,2026-08-29 23:15:00,4.5604,1.9472
1788046200000,2026-08-29 23:30:00,4.4425,1.9472
1788047100000,2026-08-29 23:45:00,4.4207,1.9472
1788048000000,2026-08-30 00:00:00,4.449,1.9472
1788048900000,2026-08-30 00:15:00,4.3228,1.9472
1788049800000,2026-08-30 00:30:00,4.3587,1.9472
1788050700000,2026-08-30 00:45:00,4.3958,1.9472
1788051600000,2026-08-30 01:00:00,4.4429,1.9472
1788052500000,2026-08-30 01:15:00,4.4832,1.9472
1788053400000,2026-08-30 01:30:00,4.4467,1.9472
1788054300000,2026-08-30 01:45:00,4.4408,1.9472
1788055200000,2026-08-30 02:00:00,4.4091,1.9472
1788056100000,2026-08-30 02:15:00,4.46,1.9472
1788057000000,2026-08-30 02:30:00,4.4518,1.9472
1788057900000,2026-08-30 02:45:00,4.4741,1.9472
1788058800000,2026-08-30 03:00:00,4.4518,1.9472
1788059700000,2026-08-30 03:15:00,4.3939,1.9472
1788060600000,2026-08-30 03:30:00,4.4047,1.9472
1788061500000,2026-08-30 03:45:00,4.4302,1.9472
1788062400000,2026-08-30 04:00:00,4.4328,1.9472
1788063300000,2026-08-30 04:15:00,4.4606,1.9472
1788064200000,2026-08-30 04:30:00,4.5045,1.9472
1788065100000,2026-08-30 04:45:00,4.453,1.9472
1788066000000,2026-08-30 05:00:00,4.4309,1.9472
1788066900000,2026-08-30 05:15:00,4.4494,1.9472
1788067800000,2026-08-30 05:30:00,4.453,1.9472
1788068700000,2026-08-30 05:45:00,4.4494,1.9472
1788069600000,2026-08-30 06:00:00,4.4554,1.9472
1788070500000,2026-08-30 06:15:00,4.438,1.9472
1788071400000,2026-08-30 06:30:00,4.3836,1.9472
1788072300000,2026-08-30 06:45:00,4.3523,1.9472
1788073200000,2026-08-30 07:00:00,4.3861,1.9472
1788074100000,2026-08-30 07:15:00,4.4174,1.9472
1788075000000,2026-08-30 07:30:00,4.4476,1.9472
1788075900000,2026-08-30 07:45:00,4.4646,1.9472
1788076800000,2026-08-30 08:00:00,4.4429,1.9472
1788077700000,2026-08-30 08:15:00,4.4024,1.9472
1788078600000,2026-08-30 08:30:00,4.4465,1.9472
1788079500000,2026-08-30 08:45:00,4.4328,1.9472
1788080400000,2026-08-30 09:00:00,4.4305,1.9472
1788081300000,2026-08-30 09:15:00,4.498,1.9472
1788082200000,2026-08-30 09:30:00,4.4834,1.9472
1788083100000,2026-08-30 09:45:00,4.4946,1.9472
1788084000000,2026-08-30 10:00:00,4.4942,1.9472
1788084900000,2026-08-30 10:15:00,4.4554,1.9472
1788085800000,2026-08-30 10:30:00,4.411,1.9472
1788086700000,2026-08-30 10:45:00,4.3798,1.9472
1788087600000,2026-08-30 11:00:00,4.3931,1.9472
1788088500000,2026-08-30 11:15:00,4.3454,1.9472
1788089400000,2026-08-30 11:30:00,4.3796,1.9472
1788090300000,2026-08-30 11:45:00,4.3711,1.9472
1788091200000,2026-08-30 12:00:00,4.1784,1.9472
1788092100000,2026-08-30 12:15:00,4.2512,1.9472
1788093000000,2026-08-30 12:30:00,4.2922,1.9472
1788093900000,2026-08-30 12:45:00,4.2024,1.9472
1788094800000,2026-08-30 13:00:00,4.3388,1.9472
1788095700000,2026-08-30 13:15:00,4.2537,1.9472
1788096600000,2026-08-30 13:30:00,4.191,1.9472
1788097500000,2026-08-30 13:45:00,4.0851,1.9472
1788098400000,2026-08-30 14:00:00,4.0243,1.9472
1788099300000,2026-08-30 14:15:00,4.061,1.9472
1788100200000,2026-08-30 14:30:00,4.0874,1.9472
1788101100000,2026-08-30 14:45:00,4.0547,1.9472
1788102000000,2026-08-30 15:00:00,4.1199,1.9472
1788102900000,2026-08-30 15:15:00,4.0426,1.9472
1788103800000,2026-08-30 15:30:00,4.0002,1.9472
1788104700000,2026-08-30 15:45:00,3.9759,1.9472
1788105600000,2026-08-30 16:00:00,3.3893,1.9472
1788106500000,2026-08-30 16:15:00,3.412,1.9472
1788107400000,2026-08-30 16:30:00,3.6939,1.9472
1788108300000,2026-08-30 16:45:00,3.6951,1.9472
1788109200000,2026-08-30 17:00:00,3.5473,1.9472
1788110100000,2026-08-30 17:15:00,3.1323,1.9472
1788111000000,2026-08-30 17:30:00,3.2973,1.9472
1788111900000,2026-08-30 17:45:00,3.2691,1.9472
1788112800000,2026-08-30 18:00:00,3.1587,1.9472
1788113700000,2026-08-30 18:15:00,3.3819,1.9472
1788114600000,2026-08-30 18:30:00,3.426,1.9472
1788115500000,2026-08-30 18:45:00,3.3634,1.9472
1788116400000,2026-08-30 19:00:00,3.3877,1.9472
1788117300000,2026-08-30 19:15:00,3.279,1.9472
1788118200000,2026-08-30 19:30:00,3.1553,1.9472
1788119100000,2026-08-30 19:45:00,3.2356,1.9472
1788120000000,2026-08-30 20:00:00,3.2536,1.9472
1788120900000,2026-08-30 20:15:00,3.2311,1.9472
1788121800000,2026-08-30 20:30:00,2.9546,1.9472
1788122700000,2026-08-30 20:45:00,2.9985,1.9472
1788123600000,2026-08-30 21:00:00,2.7006,1.9472
1788124500000,2026-08-30 21:15:00,2.7598,1.9472
1788125400000,2026-08-30 21:30:00,2.8099,1.9472
1788126300000,2026-08-30 21:45:00,2.8374,1.9472
1788127200000,2026-08-30 22:00:00,2.7046,1.9472
1788128100000,2026-08-30 22:15:00,2.5777,1.9472
1788129000000,2026-08-30 22:30:00,2.6504,1.9472
1788129900000,2026-08-30 22:45:00,2.6371,1.9472
1788130800000,2026-08-30 23:00:00,2.5327,1.9472
1788131700000,2026-08-30 23:15:00,1.8218,1.9472
1788132600000,2026-08-30 23:30:00,1.8218,1.9472
1788133500000,2026-08-30 23:45:00,1.8218,1.9472
1788134400000,2026-08-31 00:00:00,1.8218,1.9472
1788135300000,2026-08-31 00:15:00,1.8218,1.9472
1788136200000,2026-08-31 00:30:00,1.8218,1.9472
1788137100000,2026-08-31 00:45:00,1.8218,1.9472
1788138000000,2026-08-31 01:00:00,1.8218,1.9472
1788138900000,2026-08-31 01:15:00,1.8218,1.9472
1788139800000,2026-08-31 01:30:00,1.8218,1.9472
1788140700000,2026-08-31 01:45:00,1.8218,1.9472
1788141600000,2026-08-31 02:00:00,1.8218,1.9472
1788142500000,2026-08-31 02:15:00,1.8218,1.9472
1788143400000,2026-08-31 02:30:00,1.8218,1.9472
1788144300000,2026-08-31 02:45:00,1.8218,1.9472
1788145200000,2026-08-31 03:00:00,1.8218,1.9472
1788146100000,2026-08-31 03:15:00,1.8218,1.9472
1788147000000,2026-08-31 03:30:00,1.8218,1.9472
1788147900000,2026-08-31 03:45:00,1.8218,1.9472
1788148800000,2026-08-31 04:00:00,1.8218,1.9472
1788149700000,2026-08-31 04:15:00,1.8218,1.9472
1788150600000,2026-08-31 04:30:00,1.8218,1.9472
1788151500000,2026-08-31 04:45:00,1.8218,1.9472
1788152400000,2026-08-31 05:00:00,1.8218,1.9472
1788153300000,2026-08-31 05:15:00,1.8218,1.9472
1788154200000,2026-08-31 05:30:00,1.8218,1.9472
1788155100000,2026-08-31 05:45:00,1.8218,1.9472
1788156000000,2026-08-31 06:00:00,1.8218,1.9472
1788156900000,2026-08-31 06:15:00,1.8218,1.9472
1788157800000,2026-08-31 06:30:00,1.8218,1.9472
1788158700000,2026-08-31 06:45:00,1.8218,1.9472
1788159600000,2026-08-31 07:00:00,1.8218,1.9472
1788160500000,2026-08-31 07:15:00,1.8218,1.9472
1788161400000,2026-08-31 07:30:00,1.8218,1.9472
1788162300000,2026-08-31 07:45:00,1.8218,1.9472
1788163200000,2026-08-31 08:00:00,1.8218,1.9472
1788164100000,2026-08-31 08:15:00,1.8218,1.9472
1788165000000,2026-08-31 08:30:00,1.8218,1.9472
1788165900000,2026-08-31 08:45:00,1.8218,1.9472
1788166800000,2026-08-31 09:00:00,1.8218,1.9472
1788167700000,2026-08-31 09:15:00,1.8218,1.9472
1788168600000,2026-08-31 09:30:00,1.8218,1.9472
1788169500000,2026-08-31 09:45:00,1.8218,1.9472
1788170400000,2026-08-31 10:00:00,1.8218,1.9472
1788171300000,2026-08-31 10:15:00,1.8218,1.9472
1788172200000,2026-08-31 10:30:00,1.8218,1.9472
1788173100000,2026-08-31 10:45:00,1.8218,1.9472
1788174000000,2026-08-31 11:00:00,1.8218,1.9472
1788174900000,2026-08-31 11:15:00,1.8218,1.9472
1788175800000,2026-08-31 11:30:00,1.8218,1.9472
1788176700000,2026-08-31 11:45:00,1.8218,1.9472
1788177600000,2026-08-31 12:00:00,1.8218,1.9472
1788178500000,2026-08-31 12:15:00,1.8218,1.9472
1788179400000,2026-08-31 12:30:00,1.8218,1.9472
1788180300000,2026-08-31 12:45:00,1.8218,1.9472
1788181200000,2026-08-31 13:00:00,1.8218,1.9472
1788182100000,2026-08-31 13:15:00,1.8218,1.9472
1788183000000,2026-08-31 13:30:00,1.8218,1.9472
1788183900000,2026-08-31 13:45:00,1.8218,1.9472
1788184800000,2026-08-31 14:00:00,1.8218,1.9472
1788185700000,2026-08-31 14:15:00,1.8218,1.9472
1788186600000,2026-08-31 14:30:00,1.8218,1.9472
1788187500000,2026-08-31 14:45:00,1.8218,1.9472
1788188400000,2026-08-31 15:00:00,1.8218,1.9472
1788189300000,2026-08-31 15:15:00,1.8218,1.9472
1788190200000,2026-08-31 15:30:00,1.8218,1.9472
1788191100000,2026-08-31 15:45:00,1.8218,1.9472
1788192000000,2026-08-31 16:00:00,1.8218,1.9472
1788192900000,2026-08-31 16:15:00,1.8218,1.9472
1788193800000,2026-08-31 16:30:00,1.8218,1.9472
1788194700000,2026-08-31 16:45:00,1.8218,1.9472
1788195600000,2026-08-31 17:00:00,1.8218,1.9472
1788196500000,2026-08-31 17:15:00,1.8218,1.9472
1788197400000,2026-08-31 17:30:00,1.8218,1.9472
1788198300000,2026-08-31 17:45:00,1.8218,1.9472
1788199200000,2026-08-31 18:00:00,1.8218,1.9472
1788200100000,2026-08-31 18:15:00,1.8218,1.9472
1788201000000,2026-08-31 18:30:00,1.8218,1.9472
1788201900000,2026-08-31 18:45:00,1.8218,1.9472
1788202800000,2026-08-31 19:00:00,1.8218,1.9472
1788203700000,2026-08-31 19:15:00,1.8218,1.9472
1788204600000,2026-08-31 19:30:00,1.8218,1.9472
1788205500000,2026-08-31 19:45:00,1.8218,1.9472
1788206400000,2026-08-31 20:00:00,1.8218,1.9472
1788207300000,2026-08-31 20:15:00,1.8218,1.9472
1788208200000,2026-08-31 20:30:00,1.8218,1.9472
1788209100000,2026-08-31 20:45:00,1.8218,1.9472
1788210000000,2026-08-31 21:00:00,1.8218,1.9472
1788210900000,2026-08-31 21:15:00,1.8218,1.9472
1788211800000,2026-08-31 21:30:00,1.8218,1.9472
1788212700000,2026-08-31 21:45:00,1.8218,1.9472
1788213600000,2026-08-31 22:00:00,1.8218,1.9472
1788214500000,2026-08-31 22:15:00,1.8218,1.9472
1788215400000,2026-08-31 22:30:00,1.8218,1.9472
1788216300000,2026-08-31 22:45:00,1.8218,1.9472
1788217200000,2026-08-31 23:00:00,1.8218,1.9472
1788218100000,2026-08-31 23:15:00,1.8218,1.9472
1788219000000,2026-08-31 23:30:00,1.8218,1.9472
1788219900000,2026-08-31 23:45:00,1.8218,1.9472
1788220800000,2026-09-01 00:00:00,1.8218,1.9472
1788221700000,2026-09-01 00:15:00,1.8218,1.9472
1788222600000,2026-09-01 00:30:00,1.8218,1.9472
1788223500000,2026-09-01 00:45:00,1.8218,1.9472
1788224400000,2026-09-01 01:00:00,1.8218,1.9472
1788225300000,2026-09-01 01:15:00,1.8218,1.9472
1788226200000,2026-09-01 01:30:00,1.8218,1.9472
1788227100000,2026-09-01 01:45:00,1.8218,1.9472
1788228000000,2026-09-01 02:00:00,1.8218,1.9472
1788228900000,2026-09-01 02:15:00,1.8218,1.9472
1788229800000,2026-09-01 02:30:00,1.8218,1.9472
1788230700000,2026-09-01 02:45:00,1.8218,1.9472
1788231600000,2026-09-01 03:00:00,1.8218,1.9472
1788232500000,2026-09-01 03:15:00,1.8218,1.9472
1788233400000,2026-09-01 03:30:00,1.8218,1.9472
1788234300000,2026-09-01 03:45:00,1.8218,1.9472
1788235200000,2026-09-01 04:00:00,1.8218,1.9472
1788236100000,2026-09-01 04:15:00,1.8218,1.9472
1788237000000,2026-09-01 04:30:00,1.8218,1.9472
1788237900000,2026-09-01 04:45:00,1.8218,1.9472
1788238800000,2026-09-01 05:00:00,1.8218,1.9472
1788239700000,2026-09-01 05:15:00,1.8218,1.9472
1788240600000,2026-09-01 05:30:00,1.8218,1.9472
1788241500000,2026-09-01 05:45:00,1.8218,1.9472
1788242400000,2026-09-01 06:00:00,1.8218,1.9472
1788243300000,2026-09-01 06:15:00,1.8218,1.9472
1788244200000,2026-09-01 06:30:00,1.8218,1.9472
1788245100000,2026-09-01 06:45:00,1.8218,1.9472
1788246000000,2026-09-01 07:00:00,1.8218,1.9472
1788246900000,2026-09-01 07:15:00,1.8218,1.9472
1788247800000,2026-09-01 07:30:00,1.8218,1.9472
1788248700000,2026-09-01 07:45:00,1.8218,1.9472
1788249600000,2026-09-01 08:00:00,1.8218,1.9472
1788250500000,2026-09-01 08:15:00,1.8218,1.9472
1788251400000,2026-09-01 08:30:00,1.8218,1.9472
1788252300000,2026-09-01 08:45:00,1.8218,1.9472
1788253200000,2026-09-01 09:00:00,1.8218,1.9472
1788254100000,2026-09-01 09:15:00,1.8218,1.9472
1788255000000,2026-09-01 09:30:00,1.8218,1.9472
1788255900000,2026-09-01 09:45:00,1.8218,1.9472
1788256800000,2026-09-01 10:00:00,1.8218,1.9472
1788257700000,2026-09-01 10:15:00,1.8218,1.9472
1788258600000,2026-09-01 10:30:00,1.8218,1.9472
1788259500000,2026-09-01 10:45:00,1.8218,1.9472
1788260400000,2026-09-01 11:00:00,1.8218,1.9472
1788261300000,2026-09-01 11:15:00,1.8218,1.9472
1788262200000,2026-09-01 11:30:00,1.8218,1.9472
1788263100000,2026-09-01 11:45:00,1.8218,1.9472
1788264000000,2026-09-01 12:00:00,1.8218,1.9472
1788264900000,2026-09-01 12:15:00,1.8218,1.9472
1788265800000,2026-09-01 12:30:00,1.8218,1.9472
1788266700000,2026-09-01 12:45:00,1.8218,1.9472
1788267600000,2026-09-01 13:00:00,1.8218,1.9472
1788268500000,2026-09-01 13:15:00,1.8218,1.9472
1788269400000,2026-09-01 13:30:00,1.8218,1.9472
1788270300000,2026-09-01 13:45:00,1.8218,1.9472
1788271200000,2026-09-01 14:00:00,1.8218,1.9472
1788272100000,2026-09-01 14:15:00,1.8218,1.9472
1788273000000,2026-09-01 14:30:00,1.8218,1.9472
1788273900000,2026-09-01 14:45:00,1.8218,1.9472
1788274800000,2026-09-01 15:00:00,1.8218,1.9472
1788275700000,2026-09-01 15:15:00,1.8218,1.9472
1788276600000,2026-09-01 15:30:00,1.8218,1.9472
1788277500000,2026-09-01 15:45:00,1.8218,1.9472
1788278400000,2026-09-01 16:00:00,1.8218,1.9472
1788279300000,2026-09-01 16:15:00,1.8218,1.9472
1788280200000,2026-09-01 16:30:00,1.8218,1.9472
1788281100000,2026-09-01 16:45:00,1.8218,1.9472
1788282000000,2026-09-01 17:00:00,1.8218,1.9472
1788282900000,2026-09-01 17:15:00,1.8218,1.9472
1788283800000,2026-09-01 17:30:00,1.8218,1.9472
1788284700000,2026-09-01 17:45:00,1.8218,1.9472
1788285600000,2026-09-01 18:00:00,1.8218,1.9472
1788286500000,2026-09-01 18:15:00,1.8218,1.9472
1788287400000,2026-09-01 18:30:00,1.8218,1.9472
1788288300000,2026-09-01 18:45:00,1.8218,1.9472
1788289200000,2026-09-01 19:00:00,1.8218,1.9472
1788290100000,2026-09-01 19:15:00,1.8218,1.9472
1788291000000,2026-09-01 19:30:00,1.8218,1.9472
1788291900000,2026-09-01 19:45:00,1.8218,1.9472
1788292800000,2026-09-01 20:00:00,1.8218,1.9472
1788293700000,2026-09-01 20:15:00,1.8218,1.9472
1788294600000,2026-09-01 20:30:00,1.8218,1.9472
1788295500000,2026-09-01 20:45:00,1.8218,1.9472
1788296400000,2026-09-01 21:00:00,1.8218,1.9472
1788297300000,2026-09-01 21:15:00,1.8218,1.9472
1788298200000,2026-09-01 21:30:00,1.8218,1.9472
1788299100000,2026-09-01 21:45:00,1.8218,1.9472
1788300000000,2026-09-01 22:00:00,1.8218,1.9472
1788300900000,2026-09-01 22:15:00,1.8218,1.9472
1788301800000,2026-09-01 22:30:00,1.8218,1.9472
1788302700000,2026-09-01 22:45:00,1.8218,1.9472
1788303600000,2026-09-01 23:00:00,1.8218,1.9472
1788304500000,2026-09-01 23:15:00,1.8218,1.9472
1788305400000,2026-09-01 23:30:00,1.8218,1.9472
1788306300000,2026-09-01 23:45:00,1.8218,1.9472
1788307200000,2026-09-02 00:00:00,1.8218,1.9472
1788308100000,2026-09-02 00:15:00,1.8218,1.9472
1788309000000,2026-09-02 00:30:00,1.8218,1.9472
1788309900000,2026-09-02 00:45:00,1.8218,1.9472
1788310800000,2026-09-02 01:00:00,1.8218,1.9472
1788311700000,2026-09-02 01:15:00,1.8218,1.9472
1788312600000,2026-09-02 01:30:00,1.8218,1.9472
1788313500000,2026-09-02 01:45:00,1.8218,1.9472
1788314400000,2026-09-02 02:00:00,1.8218,1.9472
1788315300000,2026-09-02 02:15:00,1.8218,1.9472
1788316200000,2026-09-02 02:30:00,1.8218,1.9472
1788317100000,2026-09-02 02:45:00,1.8218,1.9472
1788318000000,2026-09-02 03:00:00,1.8218,1.9472
1788318900000,2026-09-02 03:15:00,1.8218,1.9472
1788319800000,2026-09-02 03:30:00,1.8218,1.9472
1788320700000,2026-09-02 03:45:00,1.8218,1.9472
1788321600000,2026-09-02 04:00:00,1.8218,1.9472
1788322500000,2026-09-02 04:15:00,1.8218,1.9472
1788323400000,2026-09-02 04:30:00,1.8218,1.9472
1788324300000,2026-09-02 04:45:00,1.8218,1.9472
1788325200000,2026-09-02 05:00:00,1.8218,1.9472
1788326100000,2026-09-02 05:15:00,1.8218,1.9472
1788327000000,2026-09-02 05:30:00,1.8218,1.9472
1788327900000,2026-09-02 05:45:00,1.8218,1.9472
1788328800000,2026-09-02 06:00:00,1.8218,1.9472
1788329700000,2026-09-02 06:15:00,1.8218,1.9472
1788330600000,2026-09-02 06:30:00,1.8218,1.9472
1788331500000,2026-09-02 06:45:00,1.8218,1.9472
1788332400000,2026-09-02 07:00:00,1.8218,1.9472
1788333300000,2026-09-02 07:15:00,1.8218,1.9472
1788334200000,2026-09-02 07:30:00,1.8218,1.9472
1788335100000,2026-09-02 07:45:00,1.8218,1.9472
1788336000000,2026-09-02 08:00:00,1.8218,1.9472
1788336900000,2026-09-02 08:15:00,1.8218,1.9472
1788337800000,2026-09-02 08:30:00,1.8218,1.9472
1788338700000,2026-09-02 08:45:00,1.8218,1.9472
1788339600000,2026-09-02 09:00:00,1.8218,1.9472
1788340500000,2026-09-02 09:15:00,1.8218,1.9472
1788341400000,2026-09-02 09:30:00,1.8218,1.9472
1788342300000,2026-09-02 09:45:00,1.8218,1.9472
1788343200000,2026-09-02 10:00:00,1.8218,1.9472
1788344100000,2026-09-02 10:15:00,1.8218,1.9472
1788345000000,2026-09-02 10:30:00,1.8218,1.9472
1788345900000,2026-09-02 10:45:00,1.8218,1.9472
1788346800000,2026-09-02 11:00:00,1.8218,1.9472
1788347700000,2026-09-02 11:15:00,1.8218,1.9472
1788348600000,2026-09-02 11:30:00,1.8218,1.9472
1788349500000,2026-09-02 11:45:00,1.8218,1.9472
1788350400000,2026-09-02 12:00:00,1.8218,1.9472
1788351300000,2026-09-02 12:15:00,1.8218,1.9472
1788352200000,2026-09-02 12:30:00,1.8218,1.9472
1788353100000,2026-09-02 12:45:00,1.8218,1.9472
1788354000000,2026-09-02 13:00:00,1.8218,1.9472
1788354900000,2026-09-02 13:15:00,1.8218,1.9472
1788355800000,2026-09-02 13:30:00,1.8218,1.9472
1788356700000,2026-09-02 13:45:00,1.8218,1.9472
1788357600000,2026-09-02 14:00:00,1.8218,1.9472
1788358500000,2026-09-02 14:15:00,1.8218,1.9472
1788359400000,2026-09-02 14:30:00,1.8218,1.9472
1788360300000,2026-09-02 14:45:00,1.8218,1.9472
1788361200000,2026-09-02 15:00:00,1.8218,1.9472
1788362100000,2026-09-02 15:15:00,1.8218,1.9472
1788363000000,2026-09-02 15:30:00,1.8218,1.9472
1788363900000,2026-09-02 15:45:00,1.8218,1.9472
1788364800000,2026-09-02 16:00:00,1.8218,1.9472
1788365700000,2026-09-02 16:15:00,1.8218,1.9472
1788366600000,2026-09-02 16:30:00,1.8218,1.9472
1788367500000,2026-09-02 16:45:00,1.8218,1.9472
1788368400000,2026-09-02 17:00:00,1.8218,1.9472
1788369300000,2026-09-02 17:15:00,1.8218,1.9472
1788370200000,2026-09-02 17:30:00,1.8218,1.9472
1788371100000,2026-09-02 17:45:00,1.8218,1.9472
1788372000000,2026-09-02 18:00:00,1.8218,1.9472
1788372900000,2026-09-02 18:15:00,1.8218,1.9472
1788373800000,2026-09-02 18:30:00,1.8218,1.9472
1788374700000,2026-09-02 18:45:00,1.8218,1.9472
1788375600000,2026-09-02 19:00:00,1.8218,1.9472
1788376500000,2026-09-02 19:15:00,1.8218,1.9472
1788377400000,2026-09-02 19:30:00,1.8218,1.9472
1788378300000,2026-09-02 19:45:00,1.8218,1.9472
1788379200000,2026-09-02 20:00:00,1.8218,1.9472
1788380100000,2026-09-02 20:15:00,1.8218,1.9472
1788381000000,2026-09-02 20:30:00,1.8218,1.9472
1788381900000,2026-09-02 20:45:00,1.8218,1.9472
1788382800000,2026-09-02 21:00:00,1.8218,1.9472
1788383700000,2026-09-02 21:15:00,1.8218,1.9472
1788384600000,2026-09-02 21:30:00,1.8218,1.9472
1788385500000,2026-09-02 21:45:00,1.8218,1.9472
1788386400000,2026-09-02 22:00:00,1.8218,1.9472
1788387300000,2026-09-02 22:15:00,1.8218,1.9472
1788388200000,2026-09-02 22:30:00,1.8218,1.9472
1788389100000,2026-09-02 22:45:00,1.8218,1.9472
1788390000000,2026-09-02 23:00:00,1.8218,1.9472
1788390900000,2026-09-02 23:15:00,1.8218,1.9472
1788391800000,2026-09-02 23:30:00,1.8218,1.9472
1788392700000,2026-09-02 23:45:00,1.8218,1.9472
1788393600000,2026-09-03 00:00:00,1.8218,1.9472
1788394500000,2026-09-03 00:15:00,1.8218,1.9472
1788395400000,2026-09-03 00:30:00,1.8218,1.9472
1788396300000,2026-09-03 00:45:00,1.8218,1.9472
1788397200000,2026-09-03 01:00:00,1.8218,1.9472
1788398100000,2026-09-03 01:15:00,1.8218,1.9472
1788399000000,2026-09-03 01:30:00,1.8218,1.9472
1788399900000,2026-09-03 01:45:00,1.8218,1.9472
1788400800000,2026-09-03 02:00:00,1.8218,1.9472
1788401700000,2026-09-03 02:15:00,1.8218,1.9472
1788402600000,2026-09-03 02:30:00,1.8218,1.9472
1788403500000,2026-09-03 02:45:00,1.8218,1.9472
1788404400000,2026-09-03 03:00:00,1.8218,1.9472
1788405300000,2026-09-03 03:15:00,1.8218,1.9472
1788406200000,2026-09-03 03:30:00,1.8218,1.9472
1788407100000,2026-09-03 03:45:00,1.8218,1.9472
1788408000000,2026-09-03 04:00:00,1.8218,1.9472
1788408900000,2026-09-03 04:15:00,1.8218,1.9472
1788409800000,2026-09-03 04:30:00,1.8218,1.9472
1788410700000,2026-09-03 04:45:00,1.8218,1.9472
1788411600000,2026-09-03 05:00:00,1.8218,1.9472
1788412500000,2026-09-03 05:15:00,1.8218,1.9472
1788413400000,2026-09-03 05:30:00,1.8218,1.9472
1788414300000,2026-09-03 05:45:00,1.8218,1.9472
1788415200000,2026-09-03 06:00:00,1.8218,1.9472
1788416100000,2026-09-03 06:15:00,1.8218,1.9472
1788417000000,2026-09-03 06:30:00,1.8218,1.9472
1788417900000,2026-09-03 06:45:00,1.8218,1.9472
1788418800000,2026-09-03 07:00:00,1.8218,1.9472
1788419700000,2026-09-03 07:15:00,1.8218,1.9472
1788420600000,2026-09-03 07:30:00,1.8218,1.9472
1788421500000,2026-09-03 07:45:00,1.8218,1.9472
1788422400000,2026-09-03 08:00:00,1.8218,1.9472
1788423300000,2026-09-03 08:15:00,1.8218,1.9472
1788424200000,2026-09-03 08:30:00,1.8218,1.9472
1788425100000,2026-09-03 08:45:00,1.8218,1.9472
1788426000000,2026-09-03 09:00:00,1.8218,1.9472
1788426900000,2026-09-03 09:15:00,1.8218,1.9472
1788427800000,2026-09-03 09:30:00,1.8218,1.9472
1788428700000,2026-09-03 09:45:00,1.8218,1.9472
1788429600000,2026-09-03 10:00:00,1.8218,1.9472
1788430500000,2026-09-03 10:15:00,1.8218,1.9472
1788431400000,2026-09-03 10:30:00,1.8218,1.9472
1788432300000,2026-09-03 10:45:00,1.8218,1.9472
1788433200000,2026-09-03 11:00:00,1.8218,1.9472
1788434100000,2026-09-03 11:15:00,1.8218,1.9472
1788435000000,2026-09-03 11:30:00,1.8218,1.9472
1788435900000,2026-09-03 11:45:00,1.8218,1.9472
1788436800000,2026-09-03 12:00:00,1.8218,1.9472
1788437700000,2026-09-03 12:15:00,1.8218,1.9472
1788438600000,2026-09-03 12:30:00,1.8218,1.9472
1788439500000,2026-09-03 12:45:00,1.8218,1.9472
1788440400000,2026-09-03 13:00:00,1.8218,1.9472
1788441300000,2026-09-03 13:15:00,1.8218,1.9472
1788442200000,2026-09-03 13:30:00,1.8218,1.9472
1788443100000,2026-09-03 13:45:00,1.8218,1.9472
1788444000000,2026-09-03 14:00:00,1.8218,1.9472
1788444900000,2026-09-03 14:15:00,1.8218,1.9472
1788445800000,2026-09-03 14:30:00,1.8218,1.9472
1788446700000,2026-09-03 14:45:00,1.8218,1.9472
1788447600000,2026-09-03 15:00:00,1.8218,1.9472
1788448500000,2026-09-03 15:15:00,1.8218,1.9472
1788449400000,2026-09-03 15:30:00,1.8218,1.9472
1788450300000,2026-09-03 15:45:00,1.8218,1.9472
1788451200000,2026-09-03 16:00:00,1.8218,1.9472
1788452100000,2026-09-03 16:15:00,1.8218,1.9472
1788453000000,2026-09-03 16:30:00,1.8218,1.9472
1788453900000,2026-09-03 16:45:00,1.8218,1.9472
1788454800000,2026-09-03 17:00:00,1.8218,1.9472
1788455700000,2026-09-03 17:15:00,1.8218,1.9472
1788456600000,2026-09-03 17:30:00,1.8218,1.9472
1788457500000,2026-09-03 17:45:00,1.8218,1.9472
1788458400000,2026-09-03 18:00:00,1.8218,1.9472
1788459300000,2026-09-03 18:15:00,1.8218,1.9472
1788460200000,2026-09-03 18:30:00,1.8218,1.9472
1788461100000,2026-09-03 18:45:00,1.8218,1.9472
1788462000000,2026-09-03 19:00:00,1.8218,1.9472
1788462900000,2026-09-03 19:15:00,1.8218,1.9472
1788463800000,2026-09-03 19:30:00,1.8218,1.9472
1788464700000,2026-09-03 19:45:00,1.8218,1.9472
1788465600000,2026-09-03 20:00:00,1.8218,1.9472
1788466500000,2026-09-03 20:15:00,1.8218,1.9472
1788467400000,2026-09-03 20:30:00,1.8218,1.9472
1788468300000,2026-09-03 20:45:00,1.8218,1.9472
1788469200000,2026-09-03 21:00:00,1.8218,1.9472
1788470100000,2026-09-03 21:15:00,1.8218,1.9472
1788471000000,2026-09-03 21:30:00,1.8218,1.9472
1788471900000,2026-09-03 21:45:00,1.8218,1.9472
1788472800000,2026-09-03 22:00:00,1.8218,1.9472
1788473700000,2026-09-03 22:15:00,1.8218,1.9472
1788474600000,2026-09-03 22:30:00,1.8218,1.9472
1788475500000,2026-09-03 22:45:00,1.8218,1.9472
1788476400000,2026-09-03 23:00:00,1.8218,1.9472
1788477300000,2026-09-03 23:15:00,1.8218,1.9472
1788478200000,2026-09-03 23:30:00,1.8218,1.9472
1788479100000,2026-09-03 23:45:00,1.8218,1.9472
1788480000000,2026-09-04 00:00:00,1.8218,1.9472
1788480900000,2026-09-04 00:15:00,1.8218,1.9472
1788481800000,2026-09-04 00:30:00,1.8218,1.9472
1788482700000,2026-09-04 00:45:00,1.8218,1.9472
1788483600000,2026-09-04 01:00:00,1.8218,1.9472
1788484500000,2026-09-04 01:15:00,1.8218,1.9472
1788485400000,2026-09-04 01:30:00,1.8218,1.9472
1788486300000,2026-09-04 01:45:00,1.8218,1.9472
1788487200000,2026-09-04 02:00:00,1.8218,1.9472
1788488100000,2026-09-04 02:15:00,1.8218,1.9472
1788489000000,2026-09-04 02:30:00,1.8218,1.9472
1788489900000,2026-09-04 02:45:00,1.8218,1.9472
1788490800000,2026-09-04 03:00:00,1.8218,1.9472
1788491700000,2026-09-04 03:15:00,1.8218,1.9472
1788492600000,2026-09-04 03:30:00,1.8218,1.9472
1788493500000,2026-09-04 03:45:00,1.8218,1.9472
1788494400000,2026-09-04 04:00:00,1.8218,1.9472
1788495300000,2026-09-04 04:15:00,1.8218,1.9472
1788496200000,2026-09-04 04:30:00,1.8218,1.9472
1788497100000,2026-09-04 04:45:00,1.8218,1.9472
1788498000000,2026-09-04 05:00:00,1.8218,1.9472
1788498900000,2026-09-04 05:15:00,1.8218,1.9472
1788499800000,2026-09-04 05:30:00,1.8218,1.9472
1788500700000,2026-09-04 05:45:00,1.8218,1.9472
1788501600000,2026-09-04 06:00:00,1.8218,1.9472
1788502500000,2026-09-04 06:15:00,1.8218,1.9472
1788503400000,2026-09-04 06:30:00,1.8218,1.9472
1788504300000,2026-09-04 06:45:00,1.8218,1.9472
1788505200000,2026-09-04 07:00:00,1.8218,1.9472
1788506100000,2026-09-04 07:15:00,1.8218,1.9472
1788507000000,2026-09-04 07:30:00,1.8218,1.9472
1788507900000,2026-09-04 07:45:00,1.8218,1.9472
1788508800000,2026-09-04 08:00:00,1.8218,1.9472
1788509700000,2026-09-04 08:15:00,1.8218,1.9472
1788510600000,2026-09-04 08:30:00,1.8218,1.9472
1788511500000,2026-09-04 08:45:00,1.8218,1.9472
1788512400000,2026-09-04 09:00:00,1.8218,1.9472
1788513300000,2026-09-04 09:15:00,1.8218,1.9472
1788514200000,2026-09-04 09:30:00,1.8218,1.9472
1788515100000,2026-09-04 09:45:00,1.8218,1.9472
1788516000000,2026-09-04 10:00:00,1.8218,1.9472
1788516900000,2026-09-04 10:15:00,1.8218,1.9472
1788517800000,2026-09-04 10:30:00,1.8218,1.9472
1788518700000,2026-09-04 10:45:00,1.8218,1.9472
1788519600000,2026-09-04 11:00:00,1.8218,1.9472
1788520500000,2026-09-04 11:15:00,1.8218,1.9472
1788521400000,2026-09-04 11:30:00,1.8218,1.9472
1788522300000,2026-09-04 11:45:00,1.8218,1.9472
1788523200000,2026-09-04 12:00:00,1.8218,1.9472
1788524100000,2026-09-04 12:15:00,1.8218,1.9472
1788525000000,2026-09-04 12:30:00,1.8218,1.9472
1788525900000,2026-09-04 12:45:00,1.8218,1.9472
1788526800000,2026-09-04 13:00:00,1.8218,1.9472
1788527700000,2026-09-04 13:15:00,1.8218,1.9472
1788528600000,2026-09-04 13:30:00,1.8218,1.9472
1788529500000,2026-09-04 13:45:00,1.8218,1.9472
1788530400000,2026-09-04 14:00:00,1.8218,1.9472
1788531300000,2026-09-04 14:15:00,1.8218,1.9472
1788532200000,2026-09-04 14:30:00,1.8218,1.9472
1788533100000,2026-09-04 14:45:00,1.8218,1.9472
1788534000000,2026-09-04 15:00:00,1.8218,1.9472
1788534900000,2026-09-04 15:15:00,1.8218,1.9472
1788535800000,2026-09-04 15:30:00,1.8218,1.9472
1788536700000,2026-09-04 15:45:00,1.8218,1.9472
1788537600000,2026-09-04 16:00:00,1.8218,1.9472
1788538500000,2026-09-04 16:15:00,1.8218,1.9472
1788539400000,2026-09-04 16:30:00,1.8218,1.9472
1788540300000,2026-09-04 16:45:00,1.8218,1.9472
1788541200000,2026-09-04 17:00:00,1.8218,1.9472
1788542100000,2026-09-04 17:15:00,1.8218,1.9472
1788543000000,2026-09-04 17:30:00,1.8218,1.9472
1788543900000,2026-09-04 17:45:00,1.8218,1.9472
1788544800000,2026-09-04 18:00:00,1.8218,1.9472
1788545700000,2026-09-04 18:15:00,1.8218,1.9472
1788546600000,2026-09-04 18:30:00,1.8218,1.9472
1788547500000,2026-09-04 18:45:00,1.8218,1.9472
1788548400000,2026-09-04 19:00:00,1.8218,1.9472
1788549300000,2026-09-04 19:15:00,1.8218,1.9472
1788550200000,2026-09-04 19:30:00,1.8218,1.9472
1788551100000,2026-09-04 19:45:00,1.8218,1.9472
1788552000000,2026-09-04 20:00:00,1.8218,1.9472
1788552900000,2026-09-04 20:15:00,1.8218,1.9472
1788553800000,2026-09-04 20:30:00,1.8218,1.9472
1788554700000,2026-09-04 20:45:00,1.8218,1.9472
1788555600000,2026-09-04 21:00:00,1.8218,1.9472
1788556500000,2026-09-04 21:15:00,1.8218,1.9472
1788557400000,2026-09-04 21:30:00,1.8218,1.9472
1788558300000,2026-09-04 21:45:00,1.8218,1.9472
1788559200000,2026-09-04 22:00:00,1.8218,1.9472
1788560100000,2026-09-04 22:15:00,1.8218,1.9472
1788561000000,2026-09-04 22:30:00,1.8218,1.9472
1788561900000,2026-09-04 22:45:00,1.8218,1.9472
1788562800000,2026-09-04 23:00:00,1.8218,1.9472
1788563700000,2026-09-04 23:15:00,1.8218,1.9472
1788564600000,2026-09-04 23:30:00,1.8218,1.9472
1788565500000,2026-09-04 23:45:00,1.8218,1.9472
1788566400000,2026-09-05 00:00:00,1.8218,1.9472
1788567300000,2026-09-05 00:15:00,1.8218,1.9472
1788568200000,2026-09-05 00:30:00,1.8218,1.9472
1788569100000,2026-09-05 00:45:00,1.8218,1.9472
1788570000000,2026-09-05 01:00:00,1.8218,1.9472
1788570900000,2026-09-05 01:15:00,1.8218,1.9472
1788571800000,2026-09-05 01:30:00,1.8218,1.9472
1788572700000,2026-09-05 01:45:00,1.8218,1.9472
1788573600000,2026-09-05 02:00:00,1.8218,1.9472
1788574500000,2026-09-05 02:15:00,1.8218,1.9472
1788575400000,2026-09-05 02:30:00,1.8218,1.9472
1788576300000,2026-09-05 02:45:00,1.8218,1.9472
1788577200000,2026-09-05 03:00:00,1.8218,1.9472
1788578100000,2026-09-05 03:15:00,1.8218,1.9472
1788579000000,2026-09-05 03:30:00,1.8218,1.9472
1788579900000,2026-09-05 03:45:00,1.8218,1.9472
1788580800000,2026-09-05 04:00:00,1.8218,1.9472
1788581700000,2026-09-05 04:15:00,1.8218,1.9472
1788582600000,2026-09-05 04:30:00,1.8218,1.9472
1788583500000,2026-09-05 04:45:00,1.8218,1.9472
1788584400000,2026-09-05 05:00:00,1.8218,1.9472
1788585300000,2026-09-05 05:15:00,1.8218,1.9472
1788586200000,2026-09-05 05:30:00,1.8218,1.9472
1788587100000,2026-09-05 05:45:00,1.8218,1.9472
1788588000000,2026-09-05 06:00:00,1.8218,1.9472
1788588900000,2026-09-05 06:15:00,1.8218,1.9472
1788589800000,2026-09-05 06:30:00,1.8218,1.9472
1788590700000,2026-09-05 06:45:00,1.8218,1.9472
1788591600000,2026-09-05 07:00:00,1.8218,1.9472
1788592500000,2026-09-05 07:15:00,1.8218,1.9472
1788593400000,2026-09-05 07:30:00,1.8218,1.9472
1788594300000,2026-09-05 07:45:00,1.8218,1.9472
1788595200000,2026-09-05 08:00:00,1.8218,1.9472
1788596100000,2026-09-05 08:15:00,1.8218,1.9472
1788597000000,2026-09-05 08:30:00,1.8218,1.9472
1788597900000,2026-09-05 08:45:00,1.8218,1.9472
1788598800000,2026-09-05 09:00:00,1.8218,1.9472
1788599700000,2026-09-05 09:15:00,1.8218,1.9472
1788600600000,2026-09-05 09:30:00,1.8218,1.9472
1788601500000,2026-09-05 09:45:00,1.8218,1.9472
1788602400000,2026-09-05 10:00:00,1.8218,1.9472
1788603300000,2026-09-05 10:15:00,1.8218,1.9472
1788604200000,2026-09-05 10:30:00,1.8218,1.9472
1788605100000,2026-09-05 10:45:00,1.8218,1.9472
1788606000000,2026-09-05 11:00:00,1.8218,1.9472
1788606900000,2026-09-05 11:15:00,1.8218,1.9472
1788607800000,2026-09-05 11:30:00,1.8218,1.9472
1788608700000,2026-09-05 11:45:00,1.8218,1.9472
1788609600000,2026-09-05 12:00:00,1.8218,1.9472
1788610500000,2026-09-05 12:15:00,1.8218,1.9472
1788611400000,2026-09-05 12:30:00,1.8218,1.9472
1788612300000,2026-09-05 12:45:00,1.8218,1.9472
1788613200000,2026-09-05 13:00:00,1.8218,1.9472
1788614100000,2026-09-05 13:15:00,1.8218,1.9472
1788615000000,2026-09-05 13:30:00,1.8218,1.9472
1788615900000,2026-09-05 13:45:00,1.8218,1.9472
1788616800000,2026-09-05 14:00:00,1.8218,1.9472
1788617700000,2026-09-05 14:15:00,1.8218,1.9472
1788618600000,2026-09-05 14:30:00,1.8218,1.9472
1788619500000,2026-09-05 14:45:00,1.8218,1.9472
1788620400000,2026-09-05 15:00:00,1.8218,1.9472
1788621300000,2026-09-05 15:15:00,1.8218,1.9472
1788622200000,2026-09-05 15:30:00,1.8218,1.9472
1788623100000,2026-09-05 15:45:00,1.8218,1.9472
1788624000000,2026-09-05 16:00:00,1.8218,1.9472
1788624900000,2026-09-05 16:15:00,1.8218,1.9472
1788625800000,2026-09-05 16:30:00,1.8218,1.9472
1788626700000,2026-09-05 16:45:00,1.8218,1.9472
1788627600000,2026-09-05 17:00:00,1.8218,1.9472
1788628500000,2026-09-05 17:15:00,1.8218,1.9472
1788629400000,2026-09-05 17:30:00,1.8218,1.9472
1788630300000,2026-09-05 17:45:00,1.8218,1.9472
1788631200000,2026-09-05 18:00:00,1.8218,1.9472
1788632100000,2026-09-05 18:15:00,1.8218,1.9472
1788633000000,2026-09-05 18:30:00,1.8218,1.9472
1788633900000,2026-09-05 18:45:00,1.8218,1.9472
1788634800000,2026-09-05 19:00:00,1.8218,1.9472
1788635700000,2026-09-05 19:15:00,1.8218,1.9472
1788636600000,2026-09-05 19:30:00,1.8218,1.9472
1788637500000,2026-09-05 19:45:00,1.8218,1.9472
1788638400000,2026-09-05 20:00:00,1.8218,1.9472
1788639300000,2026-09-05 20:15:00,1.8218,1.9472
1788640200000,2026-09-05 20:30:00,1.8218,1.9472
1788641100000,2026-09-05 20:45:00,1.8218,1.9472
1788642000000,2026-09-05 21:00:00,1.8218,1.9472
1788642900000,2026-09-05 21:15:00,1.8218,1.9472
1788643800000,2026-09-05 21:30:00,1.8218,1.9472
1788644700000,2026-09-05 21:45:00,1.8218,1.9472
1788645600000,2026-09-05 22:00:00,1.8218,1.9472
1788646500000,2026-09-05 22:15:00,1.8218,1.9472
1788647400000,2026-09-05 22:30:00,1.8218,1.9472
1788648300000,2026-09-05 22:45:00,1.8218,1.9472
1788649200000,2026-09-05 23:00:00,1.8218,1.9472
1788650100000,2026-09-05 23:15:00,1.8218,1.9472
1788651000000,2026-09-05 23:30:00,1.8218,1.9472
1788651900000,2026-09-05 23:45:00,1.8218,1.9472
1788652800000,2026-09-06 00:00:00,1.8218,1.9472
1788653700000,2026-09-06 00:15:00,1.8218,1.9472
1788654600000,2026-09-06 00:30:00,1.8218,1.9472
1788655500000,2026-09-06 00:45:00,1.8218,1.9472
1788656400000,2026-09-06 01:00:00,1.8218,1.9472
1788657300000,2026-09-06 01:15:00,1.8218,1.9472
1788658200000,2026-09-06 01:30:00,1.8218,1.9472
1788659100000,2026-09-06 01:45:00,1.8218,1.9472
1788660000000,2026-09-06 02:00:00,1.8218,1.9472
1788660900000,2026-09-06 02:15:00,1.8218,1.9472
1788661800000,2026-09-06 02:30:00,1.8218,1.9472
1788662700000,2026-09-06 02:45:00,1.8218,1.9472
1788663600000,2026-09-06 03:00:00,1.8218,1.9472
1788664500000,2026-09-06 03:15:00,1.8218,1.9472
1788665400000,2026-09-06 03:30:00,1.8218,1.9472
1788666300000,2026-09-06 03:45:00,1.8218,1.9472
1788667200000,2026-09-06 04:00:00,1.8218,1.9472
1788668100000,2026-09-06 04:15:00,1.8218,1.9472
1788669000000,2026-09-06 04:30:00,1.8218,1.9472
1788669900000,2026-09-06 04:45:00,1.8218,1.9472
1788670800000,2026-09-06 05:00:00,1.8218,1.9472
1788671700000,2026-09-06 05:15:00,1.8218,1.9472
1788672600000,2026-09-06 05:30:00,1.8218,1.9472
1788673500000,2026-09-06 05:45:00,1.8218,1.9472
1788674400000,2026-09-06 06:00:00,1.8218,1.9472
1788675300000,2026-09-06 06:15:00,1.8218,1.9472
1788676200000,2026-09-06 06:30:00,1.8218,1.9472
1788677100000,2026-09-06 06:45:00,1.8218,1.9472
1788678000000,2026-09-06 07:00:00,1.8218,1.9472
1788678900000,2026-09-06 07:15:00,1.8218,1.9472
1788679800000,2026-09-06 07:30:00,1.8218,1.9472
1788680700000,2026-09-06 07:45:00,1.8218,1.9472
1788681600000,2026-09-06 08:00:00,1.8218,1.9472
1788682500000,2026-09-06 08:15:00,1.8218,1.9472
1788683400000,2026-09-06 08:30:00,1.8218,1.9472
1788684300000,2026-09-06 08:45:00,1.8218,1.9472
1788685200000,2026-09-06 09:00:00,1.8218,1.9472
1788686100000,2026-09-06 09:15:00,1.8218,1.9472
1788687000000,2026-09-06 09:30:00,1.8218,1.9472
1788687900000,2026-09-06 09:45:00,1.8218,1.9472
1788688800000,2026-09-06 10:00:00,1.8218,1.9472
1788689700000,2026-09-06 10:15:00,1.8218,1.9472
1788690600000,2026-09-06 10:30:00,1.8218,1.9472
1788691500000,2026-09-06 10:45:00,1.8218,1.9472
1788692400000,2026-09-06 11:00:00,1.8218,1.9472
1788693300000,2026-09-06 11:15:00,1.8218,1.9472
1788694200000,2026-09-06 11:30:00,1.8218,1.9472
1788695100000,2026-09-06 11:45:00,1.8218,1.9472
1788696000000,2026-09-06 12:00:00,1.8218,1.9472
1788696900000,2026-09-06 12:15:00,1.8218,1.9472
1788697800000,2026-09-06 12:30:00,1.8218,1.9472
1788698700000,2026-09-06 12:45:00,1.8218,1.9472
1788699600000,2026-09-06 13:00:00,1.8218,1.9472
1788700500000,2026-09-06 13:15:00,1.8218,1.9472
1788701400000,2026-09-06 13:30:00,1.8218,1.9472
1788702300000,2026-09-06 13:45:00,1.8218,1.9472
1788703200000,2026-09-06 14:00:00,1.8218,1.9472
1788704100000,2026-09-06 14:15:00,1.8218,1.9472
1788705000000,2026-09-06 14:30:00,1.8218,1.9472
1788705900000,2026-09-06 14:45:00,1.8218,1.9472
1788706800000,2026-09-06 15:00:00,1.8218,1.9472
1788707700000,2026-09-06 15:15:00,1.8218,1.9472
1788708600000,2026-09-06 15:30:00,1.8218,1.9472
1788709500000,2026-09-06 15:45:00,1.8218,1.9472
1788710400000,2026-09-06 16:00:00,1.8218,1.9472
1788711300000,2026-09-06 16:15:00,1.8218,1.9472
1788712200000,2026-09-06 16:30:00,1.8218,1.9472
1788713100000,2026-09-06 16:45:00,1.8218,1.9472
1788714000000,2026-09-06 17:00:00,1.8218,1.9472
1788714900000,2026-09-06 17:15:00,1.8218,1.9472
1788715800000,2026-09-06 17:30:00,1.8218,1.9472
1788716700000,2026-09-06 17:45:00,1.8218,1.9472
1788717600000,2026-09-06 18:00:00,1.8218,1.9472
1788718500000,2026-09-06 18:15:00,1.8218,1.9472
1788719400000,2026-09-06 18:30:00,1.8218,1.9472
1788720300000,2026-09-06 18:45:00,1.8218,1.9472
1788721200000,2026-09-06 19:00:00,1.8218,1.9472
1788722100000,2026-09-06 19:15:00,1.8218,1.9472
1788723000000,2026-09-06 19:30:00,1.8218,1.9472
1788723900000,2026-09-06 19:45:00,1.8218,1.9472
1788724800000,2026-09-06 20:00:00,1.8218,1.9472
1788725700000,2026-09-06 20:15:00,1.8218,1.9472
1788726600000,2026-09-06 20:30:00,1.8218,1.9472
1788727500000,2026-09-06 20:45:00,1.8218,1.9472
1788728400000,2026-09-06 21:00:00,1.8218,1.9472
1788729300000,2026-09-06 21:15:00,1.8218,1.9472
1788730200000,2026-09-06 21:30:00,1.8218,1.9472
1788731100000,2026-09-06 21:45:00,1.8218,1.9472
1788732000000,2026-09-06 22:00:00,1.8218,1.9472
1788732900000,2026-09-06 22:15:00,1.8218,1.9472
1788733800000,2026-09-06 22:30:00,1.8218,1.9472
1788734700000,2026-09-06 22:45:00,1.8218,1.9472
1788735600000,2026-09-06 23:00:00,1.8218,1.9472
1788736500000,2026-09-06 23:15:00,1.8218,1.9472
1788737400000,2026-09-06 23:30:00,1.8218,1.9472
1788738300000,2026-09-06 23:45:00,1.8218,1.9472
1788739200000,2026-09-07 00:00:00,1.8218,1.9472
1788740100000,2026-09-07 00:15:00,1.8218,1.9472
1788741000000,2026-09-07 00:30:00,1.8218,1.9472
1788741900000,2026-09-07 00:45:00,1.8218,1.9472
1788742800000,2026-09-07 01:00:00,1.8218,1.9472
1788743700000,2026-09-07 01:15:00,1.8218,1.9472
1788744600000,2026-09-07 01:30:00,1.8218,1.9472
1788745500000,2026-09-07 01:45:00,1.8218,1.9472
1788746400000,2026-09-07 02:00:00,1.8218,1.9472
1788747300000,2026-09-07 02:15:00,1.8218,1.9472
1788748200000,2026-09-07 02:30:00,1.8218,1.9472
1788749100000,2026-09-07 02:45:00,1.8218,1.9472
1788750000000,2026-09-07 03:00:00,1.8218,1.9472
1788750900000,2026-09-07 03:15:00,1.8218,1.9472
1788751800000,2026-09-07 03:30:00,1.8218,1.9472
1788752700000,2026-09-07 03:45:00,1.8218,1.9472
1788753600000,2026-09-07 04:00:00,1.8218,1.9472
1788754500000,2026-09-07 04:15:00,1.8218,1.9472
1788755400000,2026-09-07 04:30:00,1.8218,1.9472
1788756300000,2026-09-07 04:45:00,1.8218,1.9472
1788757200000,2026-09-07 05:00:00,1.8218,1.9472
1788758100000,2026-09-07 05:15:00,1.8218,1.9472
1788759000000,2026-09-07 05:30:00,1.8218,1.9472
1788759900000,2026-09-07 05:45:00,1.8218,1.9472
1788760800000,2026-09-07 06:00:00,1.8218,1.9472
1788761700000,2026-09-07 06:15:00,1.8218,1.9472
1788762600000,2026-09-07 06:30:00,1.8218,1.9472
1788763500000,2026-09-07 06:45:00,1.8218,1.9472
1788764400000,2026-09-07 07:00:00,1.8218,1.9472
1788765300000,2026-09-07 07:15:00,1.8218,1.9472
1788766200000,2026-09-07 07:30:00,1.8218,1.9472
1788767100000,2026-09-07 07:45:00,1.8218,1.9472
1788768000000,2026-09-07 08:00:00,1.8218,1.9472
1788768900000,2026-09-07 08:15:00,1.8218,1.9472
1788769800000,2026-09-07 08:30:00,1.8218,1.9472
1788770700000,2026-09-07 08:45:00,1.8218,1.9472
1788771600000,2026-09-07 09:00:00,1.8218,1.9472
1788772500000,2026-09-07 09:15:00,1.8218,1.9472
1788773400000,2026-09-07 09:30:00,1.8218,1.9472
1788774300000,2026-09-07 09:45:00,1.8218,1.9472
1788775200000,2026-09-07 10:00:00,1.8218,1.9472
1788776100000,2026-09-07 10:15:00,1.8218,1.9472
1788777000000,2026-09-07 10:30:00,1.8218,1.9472
1788777900000,2026-09-07 10:45:00,1.8218,1.9472
1788778800000,2026-09-07 11:00:00,1.8218,1.9472
1788779700000,2026-09-07 11:15:00,1.8218,1.9472
1788780600000,2026-09-07 11:30:00,1.8218,1.9472
1788781500000,2026-09-07 11:45:00,1.8218,1.9472
1788782400000,2026-09-07 12:00:00,1.8218,1.9472
1788783300000,2026-09-07 12:15:00,1.8218,1.9472
1788784200000,2026-09-07 12:30:00,1.8218,1.9472
1788785100000,2026-09-07 12:45:00,1.8218,1.9472
1788786000000,2026-09-07 13:00:00,1.8218,1.9472
1788786900000,2026-09-07 13:15:00,1.8218,1.9472
1788787800000,2026-09-07 13:30:00,1.8218,1.9472
1788788700000,2026-09-07 13:45:00,1.8218,1.9472
1788789600000,2026-09-07 14:00:00,1.8218,1.9472
1788790500000,2026-09-07 14:15:00,1.8218,1.9472
1788791400000,2026-09-07 14:30:00,1.8218,1.9472
1788792300000,2026-09-07 14:45:00,1.8218,1.9472
1788793200000,2026-09-07 15:00:00,1.8218,1.9472
1788794100000,2026-09-07 15:15:00,1.8218,1.9472
1788795000000,2026-09-07 15:30:00,1.8218,1.9472
1788795900000,2026-09-07 15:45:00,1.8218,1.9472
1788796800000,2026-09-07 16:00:00,1.8218,1.9472
1788797700000,2026-09-07 16:15:00,1.8218,1.9472
1788798600000,2026-09-07 16:30:00,1.8218,1.9472
1788799500000,2026-09-07 16:45:00,1.8218,1.9472
1788800400000,2026-09-07 17:00:00,1.8218,1.9472
1788801300000,2026-09-07 17:15:00,1.8218,1.9472
1788802200000,2026-09-07 17:30:00,1.8218,1.9472
1788803100000,2026-09-07 17:45:00,1.8218,1.9472
1788804000000,2026-09-07 18:00:00,1.8218,1.9472
1788804900000,2026-09-07 18:15:00,1.8218,1.9472
1788805800000,2026-09-07 18:30:00,1.8218,1.9472
1788806700000,2026-09-07 18:45:00,1.8218,1.9472
1788807600000,2026-09-07 19:00:00,1.8218,1.9472
1788808500000,2026-09-07 19:15:00,1.8218,1.9472
1788809400000,2026-09-07 19:30:00,1.8218,1.9472
1788810300000,2026-09-07 19:45:00,1.8218,1.9472
1788811200000,2026-09-07 20:00:00,1.8218,1.9472
1788812100000,2026-09-07 20:15:00,1.8218,1.9472
1788813000000,2026-09-07 20:30:00,1.8218,1.9472
1788813900000,2026-09-07 20:45:00,1.8218,1.9472
1788814800000,2026-09-07 21:00:00,1.8218,1.9472
1788815700000,2026-09-07 21:15:00,1.8218,1.9472
1788816600000,2026-09-07 21:30:00,1.8218,1.9472
1788817500000,2026-09-07 21:45:00,1.8218,1.9472
1788818400000,2026-09-07 22:00:00,1.8218,1.9472
1788819300000,2026-09-07 22:15:00,1.8218,1.9472
1788820200000,2026-09-07 22:30:00,1.8218,1.9472
1788821100000,2026-09-07 22:45:00,1.8218,1.9472
1788822000000,2026-09-07 23:00:00,1.8218,1.9472
1788822900000,2026-09-07 23:15:00,1.8218,1.9472
1788823800000,2026-09-07 23:30:00,1.8218,1.9472
1788824700000,2026-09-07 23:45:00,1.8218,1.9472
1788825600000,2026-09-08 00:00:00,1.8218,1.9472
1788826500000,2026-09-08 00:15:00,1.8218,1.9472
1788827400000,2026-09-08 00:30:00,1.8218,1.9472
1788828300000,2026-09-08 00:45:00,1.8218,1.9472
1788829200000,2026-09-08 01:00:00,1.8218,1.9472
1788830100000,2026-09-08 01:15:00,1.8218,1.9472
1788831000000,2026-09-08 01:30:00,1.8218,1.9472
1788831900000,2026-09-08 01:45:00,1.8218,1.9472
1788832800000,2026-09-08 02:00:00,1.8218,1.9472
1788833700000,2026-09-08 02:15:00,1.8218,1.9472
1788834600000,2026-09-08 02:30:00,1.8218,1.9472
1788835500000,2026-09-08 02:45:00,1.8218,1.9472
1788836400000,2026-09-08 03:00:00,1.8218,1.9472
1788837300000,2026-09-08 03:15:00,1.8218,1.9472
1788838200000,2026-09-08 03:30:00,1.8218,1.9472
1788839100000,2026-09-08 03:45:00,1.8218,1.9472
1788840000000,2026-09-08 04:00:00,1.8218,1.9472
1788840900000,2026-09-08 04:15:00,1.8218,1.9472
1788841800000,2026-09-08 04:30:00,1.8218,1.9472
1788842700000,2026-09-08 04:45:00,1.8218,1.9472
1788843600000,2026-09-08 05:00:00,1.8218,1.9472
1788844500000,2026-09-08 05:15:00,1.8218,1.9472
1788845400000,2026-09-08 05:30:00,1.8218,1.9472
1788846300000,2026-09-08 05:45:00,1.8218,1.9472
1788847200000,2026-09-08 06:00:00,1.8218,1.9472
1788848100000,2026-09-08 06:15:00,1.8218,1.9472
1788849000000,2026-09-08 06:30:00,1.8218,1.9472
1788849900000,2026-09-08 06:45:00,1.8218,1.9472
1788850800000,2026-09-08 07:00:00,1.8218,1.9472
1788851700000,2026-09-08 07:15:00,1.8218,1.9472
1788852600000,2026-09-08 07:30:00,1.8218,1.9472
1788853500000,2026-09-08 07:45:00,1.8218,1.9472
1788854400000,2026-09-08 08:00:00,1.8218,1.9472
1788855300000,2026-09-08 08:15:00,1.8218,1.9472
1788856200000,2026-09-08 08:30:00,1.8218,1.9472
1788857100000,2026-09-08 08:45:00,1.8218,1.9472
1788858000000,2026-09-08 09:00:00,1.8218,1.9472
1788858900000,2026-09-08 09:15:00,1.8218,1.9472
1788859800000,2026-09-08 09:30:00,1.8218,1.9472
1788860700000,2026-09-08 09:45:00,1.8218,1.9472
1788861600000,2026-09-08 10:00:00,1.8218,1.9472
1788862500000,2026-09-08 10:15:00,1.8218,1.9472
1788863400000,2026-09-08 10:30:00,1.8218,1.9472
1788864300000,2026-09-08 10:45:00,1.8218,1.9472
1788865200000,2026-09-08 11:00:00,1.8218,1.9472
1788866100000,2026-09-08 11:15:00,1.8218,1.9472
1788867000000,2026-09-08 11:30:00,1.8218,1.9472
1788867900000,2026-09-08 11:45:00,1.8218,1.9472
1788868800000,2026-09-08 12:00:00,1.8218,1.9472
1788869700000,2026-09-08 12:15:00,1.8218,1.9472
1788870600000,2026-09-08 12:30:00,1.8218,1.9472
1788871500000,2026-09-08 12:45:00,1.8218,1.9472
1788872400000,2026-09-08 13:00:00,1.8218,1.9472
1788873300000,2026-09-08 13:15:00,1.8218,1.9472
1788874200000,2026-09-08 13:30:00,1.8218,1.9472
1788875100000,2026-09-08 13:45:00,1.8218,1.9472
1788876000000,2026-09-08 14:00:00,1.8218,1.9472
1788876900000,2026-09-08 14:15:00,1.8218,1.9472
1788877800000,2026-09-08 14:30:00,1.8218,1.9472
1788878700000,2026-09-08 14:45:00,1.8218,1.9472
1788879600000,2026-09-08 15:00:00,1.8218,1.9472
1788880500000,2026-09-08 15:15:00,1.8218,1.9472
1788881400000,2026-09-08 15:30:00,1.8218,1.9472
1788882300000,2026-09-08 15:45:00,1.8218,1.9472
1788883200000,2026-09-08 16:00:00,1.8218,1.9472
1788884100000,2026-09-08 16:15:00,1.8218,1.9472
1788885000000,2026-09-08 16:30:00,1.8218,1.9472
1788885900000,2026-09-08 16:45:00,1.8218,1.9472
1788886800000,2026-09-08 17:00:00,1.8218,1.9472
1788887700000,2026-09-08 17:15:00,1.8218,1.9472
1788888600000,2026-09-08 17:30:00,1.8218,1.9472
1788889500000,2026-09-08 17:45:00,1.8218,1.9472
1788890400000,2026-09-08 18:00:00,1.8218,1.9472
1788891300000,2026-09-08 18:15:00,1.8218,1.9472
1788892200000,2026-09-08 18:30:00,1.8218,1.9472
1788893100000,2026-09-08 18:45:00,1.8218,1.9472
1788894000000,2026-09-08 19:00:00,1.8218,1.9472
1788894900000,2026-09-08 19:15:00,1.8218,1.9472
1788895800000,2026-09-08 19:30:00,1.8218,1.9472
1788896700000,2026-09-08 19:45:00,1.8218,1.9472
1788897600000,2026-09-08 20:00:00,1.8218,1.9472
1788898500000,2026-09-08 20:15:00,1.8218,1.9472
1788899400000,2026-09-08 20:30:00,1.8218,1.9472
1788900300000,2026-09-08 20:45:00,1.8218,1.9472
1788901200000,2026-09-08 21:00:00,1.8218,1.9472
1788902100000,2026-09-08 21:15:00,1.8218,1.9472
1788903000000,2026-09-08 21:30:00,1.8218,1.9472
1788903900000,2026-09-08 21:45:00,1.8218,1.9472
1788904800000,2026-09-08 22:00:00,1.8218,1.9472
1788905700000,2026-09-08 22:15:00,1.8218,1.9472
1788906600000,2026-09-08 22:30:00,1.8218,1.9472
1788907500000,2026-09-08 22:45:00,1.8218,1.9472
1788908400000,2026-09-08 23:00:00,1.8218,1.9472
1788909300000,2026-09-08 23:15:00,1.8218,1.9472
1788910200000,2026-09-08 23:30:00,1.8218,1.9472
1788911100000,2026-09-08 23:45:00,1.8218,1.9472
1788912000000,2026-09-09 00:00:00,1.8218,1.9472
1788912900000,2026-09-09 00:15:00,1.8218,1.9472
1788913800000,2026-09-09 00:30:00,1.8218,1.9472
1788914700000,2026-09-09 00:45:00,1.8218,1.9472
1788915600000,2026-09-09 01:00:00,1.8218,1.9472
1788916500000,2026-09-09 01:15:00,1.8218,1.9472
1788917400000,2026-09-09 01:30:00,1.8218,1.9472
1788918300000,2026-09-09 01:45:00,1.8218,1.9472
1788919200000,2026-09-09 02:00:00,1.8218,1.9472
1788920100000,2026-09-09 02:15:00,1.8218,1.9472
1788921000000,2026-09-09 02:30:00,1.8218,1.9472
1788921900000,2026-09-09 02:45:00,1.8218,1.9472
1788922800000,2026-09-09 03:00:00,1.8218,1.9472
1788923700000,2026-09-09 03:15:00,1.8218,1.9472
1788924600000,2026-09-09 03:30:00,1.8218,1.9472
1788925500000,2026-09-09 03:45:00,1.8218,1.9472
1788926400000,2026-09-09 04:00:00,1.8218,1.9472
1788927300000,2026-09-09 04:15:00,1.8218,1.9472
1788928200000,2026-09-09 04:30:00,1.8218,1.9472
1788929100000,2026-09-09 04:45:00,1.8218,1.9472
1788930000000,2026-09-09 05:00:00,1.8218,1.9472
1788930900000,2026-09-09 05:15:00,1.8218,1.9472
1788931800000,2026-09-09 05:30:00,1.8218,1.9472
1788932700000,2026-09-09 05:45:00,1.8218,1.9472
1788933600000,2026-09-09 06:00:00,1.8218,1.9472
1788934500000,2026-09-09 06:15:00,1.8218,1.9472
1788935400000,2026-09-09 06:30:00,1.8218,1.9472
1788936300000,2026-09-09 06:45:00,1.8218,1.9472
1788937200000,2026-09-09 07:00:00,1.8218,1.9472
1788938100000,2026-09-09 07:15:00,1.8218,1.9472
1788939000000,2026-09-09 07:30:00,1.8218,1.9472
1788939900000,2026-09-09 07:45:00,1.8218,1.9472
1788940800000,2026-09-09 08:00:00,1.8218,1.9472
1788941700000,2026-09-09 08:15:00,1.8218,1.9472
1788942600000,2026-09-09 08:30:00,1.8218,1.9472
1788943500000,2026-09-09 08:45:00,1.8218,1.9472
1788944400000,2026-09-09 09:00:00,1.8218,1.9472
1788945300000,2026-09-09 09:15:00,1.8218,1.9472
1788946200000,2026-09-09 09:30:00,1.8218,1.9472
1788947100000,2026-09-09 09:45:00,1.8218,1.9472
1788948000000,2026-09-09 10:00:00,1.8218,1.9472
1788948900000,2026-09-09 10:15:00,1.8218,1.9472
1788949800000,2026-09-09 10:30:00,1.8218,1.9472
1788950700000,2026-09-09 10:45:00,1.8218,1.9472
1788951600000,2026-09-09 11:00:00,1.8218,1.9472
1788952500000,2026-09-09 11:15:00,1.8218,1.9472
1788953400000,2026-09-09 11:30:00,1.8218,1.9472
1788954300000,2026-09-09 11:45:00,1.8218,1.9472
1788955200000,2026-09-09 12:00:00,1.8218,1.9472
1788956100000,2026-09-09 12:15:00,1.8218,1.9472
1788957000000,2026-09-09 12:30:00,1.8218,1.9472
1788957900000,2026-09-09 12:45:00,1.8218,1.9472
1788958800000,2026-09-09 13:00:00,1.8218,1.9472
1788959700000,2026-09-09 13:15:00,1.8218,1.9472
1788960600000,2026-09-09 13:30:00,1.8218,1.9472
1788961500000,2026-09-09 13:45:00,1.8218,1.9472
1788962400000,2026-09-09 14:00:00,1.8218,1.9472
1788963300000,2026-09-09 14:15:00,1.8218,1.9472
1788964200000,2026-09-09 14:30:00,1.8218,1.9472
1788965100000,2026-09-09 14:45:00,1.8218,1.9472
1788966000000,2026-09-09 15:00:00,1.8218,1.9472
1788966900000,2026-09-09 15:15:00,1.8218,1.9472
1788967800000,2026-09-09 15:30:00,1.8218,1.9472
1788968700000,2026-09-09 15:45:00,1.8218,1.9472
1788969600000,2026-09-09 16:00:00,1.8218,1.9472
1788970500000,2026-09-09 16:15:00,1.8218,1.9472
1788971400000,2026-09-09 16:30:00,1.8218,1.9472
1788972300000,2026-09-09 16:45:00,1.8218,1.9472
1788973200000,2026-09-09 17:00:00,1.8218,1.9472
1788974100000,2026-09-09 17:15:00,1.8218,1.9472
1788975000000,2026-09-09 17:30:00,1.8218,1.9472
1788975900000,2026-09-09 17:45:00,1.8218,1.9472
1788976800000,2026-09-09 18:00:00,1.8218,1.9472
1788977700000,2026-09-09 18:15:00,1.8218,1.9472
1788978600000,2026-09-09 18:30:00,1.8218,1.9472
1788979500000,2026-09-09 18:45:00,1.8218,1.9472
1788980400000,2026-09-09 19:00:00,1.8218,1.9472
1788981300000,2026-09-09 19:15:00,1.8218,1.9472
1788982200000,2026-09-09 19:30:00,1.8218,1.9472
1788983100000,2026-09-09 19:45:00,1.8218,1.9472
1788984000000,2026-09-09 20:00:00,1.8218,1.9472
1788984900000,2026-09-09 20:15:00,1.8218,1.9472
1788985800000,2026-09-09 20:30:00,1.8218,1.9472
1788986700000,2026-09-09 20:45:00,1.8218,1.9472
1788987600000,2026-09-09 21:00:00,1.8218,1.9472
1788988500000,2026-09-09 21:15:00,1.8218,1.9472
1788989400000,2026-09-09 21:30:00,1.8218,1.9472
1788990300000,2026-09-09 21:45:00,1.8218,1.9472
1788991200000,2026-09-09 22:00:00,1.8218,1.9472
1788992100000,2026-09-09 22:15:00,1.8218,1.9472
1788993000000,2026-09-09 22:30:00,1.8218,1.9472
1788993900000,2026-09-09 22:45:00,1.8218,1.9472
1788994800000,2026-09-09 23:00:00,1.8218,1.9472
1788995700000,2026-09-09 23:15:00,1.8218,1.9472
1788996600000,2026-09-09 23:30:00,1.8218,1.9472
1788997500000,2026-09-09 23:45:00,1.8218,1.9472
1788998400000,2026-09-10 00:00:00,1.8218,1.9472
1788999300000,2026-09-10 00:15:00,1.8218,1.9472
1789000200000,2026-09-10 00:30:00,1.8218,1.9472
1789001100000,2026-09-10 00:45:00,1.8218,1.9472
1789002000000,2026-09-10 01:00:00,1.8218,1.9472
1789002900000,2026-09-10 01:15:00,1.8218,1.9472
1789003800000,2026-09-10 01:30:00,1.8218,1.9472
1789004700000,2026-09-10 01:45:00,1.8218,1.9472
1789005600000,2026-09-10 02:00:00,1.8218,1.9472
1789006500000,2026-09-10 02:15:00,1.8218,1.9472
1789007400000,2026-09-10 02:30:00,1.8218,1.9472
1789008300000,2026-09-10 02:45:00,1.8218,1.9472
1789009200000,2026-09-10 03:00:00,1.8218,1.9472
1789010100000,2026-09-10 03:15:00,1.8218,1.9472
1789011000000,2026-09-10 03:30:00,1.8218,1.9472
1789011900000,2026-09-10 03:45:00,1.8218,1.9472
1789012800000,2026-09-10 04:00:00,1.8218,1.9472
1789013700000,2026-09-10 04:15:00,1.8218,1.9472
1789014600000,2026-09-10 04:30:00,1.8218,1.9472
1789015500000,2026-09-10 04:45:00,1.8218,1.9472
1789016400000,2026-09-10 05:00:00,1.8218,1.9472
1789017300000,2026-09-10 05:15:00,1.8218,1.9472
1789018200000,2026-09-10 05:30:00,1.8218,1.9472
1789019100000,2026-09-10 05:45:00,1.8218,1.9472
1789020000000,2026-09-10 06:00:00,1.8218,1.9472
1789020900000,2026-09-10 06:15:00,1.8218,1.9472
1789021800000,2026-09-10 06:30:00,1.8218,1.9472
1789022700000,2026-09-10 06:45:00,1.8218,1.9472
1789023600000,2026-09-10 07:00:00,1.8218,1.9472
1789024500000,2026-09-10 07:15:00,1.8218,1.9472
1789025400000,2026-09-10 07:30:00,1.8218,1.9472
1789026300000,2026-09-10 07:45:00,1.8218,1.9472
1789027200000,2026-09-10 08:00:00,1.8218,1.9472
1789028100000,2026-09-10 08:15:00,1.8218,1.9472
1789029000000,2026-09-10 08:30:00,1.8218,1.9472
1789029900000,2026-09-10 08:45:00,1.8218,1.9472
1789030800000,2026-09-10 09:00:00,1.8218,1.9472
1789031700000,2026-09-10 09:15:00,1.8218,1.9472
1789032600000,2026-09-10 09:30:00,1.8218,1.9472
1789033500000,2026-09-10 09:45:00,1.8218,1.9472
1789034400000,2026-09-10 10:00:00,1.8218,1.9472
1789035300000,2026-09-10 10:15:00,1.8218,1.9472
1789036200000,2026-09-10 10:30:00,1.8218,1.9472
1789037100000,2026-09-10 10:45:00,1.8218,1.9472
1789038000000,2026-09-10 11:00:00,1.8218,1.9472
1789038900000,2026-09-10 11:15:00,1.8218,1.9472
1789039800000,2026-09-10 11:30:00,1.8218,1.9472
1789040700000,2026-09-10 11:45:00,1.8218,1.9472
1789041600000,2026-09-10 12:00:00,1.8218,1.9472
1789042500000,2026-09-10 12:15:00,1.8218,1.9472
1789043400000,2026-09-10 12:30:00,1.8218,1.9472
1789044300000,2026-09-10 12:45:00,1.8218,1.9472
1789045200000,2026-09-10 13:00:00,1.8218,1.9472
1789046100000,2026-09-10 13:15:00,1.8218,1.9472
1789047000000,2026-09-10 13:30:00,1.8218,1.9472
1789047900000,2026-09-10 13:45:00,1.8218,1.9472
1789048800000,2026-09-10 14:00:00,1.8218,1.9472
1789049700000,2026-09-10 14:15:00,1.8218,1.9472
1789050600000,2026-09-10 14:30:00,1.8218,1.9472
1789051500000,2026-09-10 14:45:00,1.8218,1.9472
1789052400000,2026-09-10 15:00:00,1.8218,1.9472
1789053300000,2026-09-10 15:15:00,1.8218,1.9472
1789054200000,2026-09-10 15:30:00,1.8218,1.9472
1789055100000,2026-09-10 15:45:00,1.8218,1.9472
1789056000000,2026-09-10 16:00:00,1.8218,1.9472
1789056900000,2026-09-10 16:15:00,1.8218,1.9472
1789057800000,2026-09-10 16:30:00,1.8218,1.9472
1789058700000,2026-09-10 16:45:00,1.8218,1.9472
1789059600000,2026-09-10 17:00:00,1.8218,1.9472
1789060500000,2026-09-10 17:15:00,1.8218,1.9472
1789061400000,2026-09-10 17:30:00,1.8218,1.9472
1789062300000,2026-09-10 17:45:00,1.8218,1.9472
1789063200000,2026-09-10 18:00:00,1.8218,1.9472
1789064100000,2026-09-10 18:15:00,1.8218,1.9472
1789065000000,2026-09-10 18:30:00,1.8218,1.9472
1789065900000,2026-09-10 18:45:00,1.8218,1.9472
1789066800000,2026-09-10 19:00:00,1.8218,1.9472
1789067700000,2026-09-10 19:15:00,1.8218,1.9472
1789068600000,2026-09-10 19:30:00,1.8218,1.9472
1789069500000,2026-09-10 19:45:00,1.8218,1.9472
1789070400000,2026-09-10 20:00:00,1.8218,1.9472
1789071300000,2026-09-10 20:15:00,1.8218,1.9472
1789072200000,2026-09-10 20:30:00,1.8218,1.9472
1789073100000,2026-09-10 20:45:00,1.8218,1.9472
1789074000000,2026-09-10 21:00:00,1.8218,1.9472
1789074900000,2026-09-10 21:15:00,1.8218,1.9472
1789075800000,2026-09-10 21:30:00,1.8218,1.9472
1789076700000,2026-09-10 21:45:00,1.8218,1.9472
1789077600000,2026-09-10 22:00:00,1.8218,1.9472
1789078500000,2026-09-10 22:15:00,1.8218,1.9472
1789079400000,2026-09-10 22:30:00,1.8218,1.9472
1789080300000,2026-09-10 22:45:00,1.8218,1.9472
1789081200000,2026-09-10 23:00:00,1.8218,1.9472
1789082100000,2026-09-10 23:15:00,1.8218,1.9472
1789083000000,2026-09-10 23:30:00,1.8218,1.9472
1789083900000,2026-09-10 23:45:00,1.8218,1.9472
1789084800000,2026-09-11 00:00:00,1.8218,1.9472
1789085700000,2026-09-11 00:15:00,1.8218,1.9472
1789086600000,2026-09-11 00:30:00,1.8218,1.9472
1789087500000,2026-09-11 00:45:00,1.8218,1.9472
1789088400000,2026-09-11 01:00:00,1.8218,1.9472
1789089300000,2026-09-11 01:15:00,1.8218,1.9472
1789090200000,2026-09-11 01:30:00,1.8218,1.9472
1789091100000,2026-09-11 01:45:00,1.8218,1.9472
1789092000000,2026-09-11 02:00:00,1.8218,1.9472
1789092900000,2026-09-11 02:15:00,1.8218,1.9472
1789093800000,2026-09-11 02:30:00,1.8218,1.9472
1789094700000,2026-09-11 02:45:00,1.8218,1.9472
1789095600000,2026-09-11 03:00:00,1.8218,1.9472
1789096500000,2026-09-11 03:15:00,1.8218,1.9472
1789097400000,2026-09-11 03:30:00,1.8218,1.9472
1789098300000,2026-09-11 03:45:00,1.8218,1.9472
1789099200000,2026-09-11 04:00:00,1.8218,1.9472
1789100100000,2026-09-11 04:15:00,1.8218,1.9472
1789101000000,2026-09-11 04:30:00,1.8218,1.9472
1789101900000,2026-09-11 04:45:00,1.8218,1.9472
1789102800000,2026-09-11 05:00:00,1.8218,1.9472
1789103700000,2026-09-11 05:15:00,1.8218,1.9472
1789104600000,2026-09-11 05:30:00,1.8218,1.9472
1789105500000,2026-09-11 05:45:00,1.8218,1.9472
1789106400000,2026-09-11 06:00:00,1.8218,1.9472
1789107300000,2026-09-11 06:15:00,1.8218,1.9472
1789108200000,2026-09-11 06:30:00,1.8218,1.9472
1789109100000,2026-09-11 06:45:00,1.8218,1.9472
1789110000000,2026-09-11 07:00:00,1.8218,1.9472
1789110900000,2026-09-11 07:15:00,1.8218,1.9472
1789111800000,2026-09-11 07:30:00,1.8218,1.9472
1789112700000,2026-09-11 07:45:00,1.8218,1.9472
1789113600000,2026-09-11 08:00:00,1.8218,1.9472
1789114500000,2026-09-11 08:15:00,1.8218,1.9472
1789115400000,2026-09-11 08:30:00,1.8218,1.9472
1789116300000,2026-09-11 08:45:00,1.8218,1.9472
1789117200000,2026-09-11 09:00:00,1.8218,1.9472
1789118100000,2026-09-11 09:15:00,1.8218,1.9472
1789119000000,2026-09-11 09:30:00,1.8218,1.9472
1789119900000,2026-09-11 09:45:00,1.8218,1.9472
1789120800000,2026-09-11 10:00:00,1.8218,1.9472
1789121700000,2026-09-11 10:15:00,1.8218,1.9472
1789122600000,2026-09-11 10:30:00,1.8218,1.9472
1789123500000,2026-09-11 10:45:00,1.8218,1.9472
1789124400000,2026-09-11 11:00:00,1.8218,1.9472
1789125300000,2026-09-11 11:15:00,1.8218,1.9472
1789126200000,2026-09-11 11:30:00,1.8218,1.9472
1789127100000,2026-09-11 11:45:00,1.8218,1.9472
1789128000000,2026-09-11 12:00:00,1.8218,1.9472
1789128900000,2026-09-11 12:15:00,1.8218,1.9472
1789129800000,2026-09-11 12:30:00,1.8218,1.9472
1789130700000,2026-09-11 12:45:00,1.8218,1.9472
1789131600000,2026-09-11 13:00:00,1.8218,1.9472
1789132500000,2026-09-11 13:15:00,1.8218,1.9472
1789133400000,2026-09-11 13:30:00,1.8218,1.9472
1789134300000,2026-09-11 13:45:00,1.8218,1.9472
1789135200000,2026-09-11 14:00:00,1.8218,1.9472
1789136100000,2026-09-11 14:15:00,1.8218,1.9472
1789137000000,2026-09-11 14:30:00,1.8218,1.9472
1789137900000,2026-09-11 14:45:00,1.8218,1.9472
1789138800000,2026-09-11 15:00:00,1.8218,1.9472
1789139700000,2026-09-11 15:15:00,1.8218,1.9472
1789140600000,2026-09-11 15:30:00,1.8218,1.9472
1789141500000,2026-09-11 15:45:00,1.8218,1.9472
1789142400000,2026-09-11 16:00:00,1.8218,1.9472
1789143300000,2026-09-11 16:15:00,1.8218,1.9472
1789144200000,2026-09-11 16:30:00,1.8218,1.9472
1789145100000,2026-09-11 16:45:00,1.8218,1.9472
1789146000000,2026-09-11 17:00:00,1.8218,1.9472
1789146900000,2026-09-11 17:15:00,1.8218,1.9472
1789147800000,2026-09-11 17:30:00,1.8218,1.9472
1789148700000,2026-09-11 17:45:00,1.8218,1.9472
1789149600000,2026-09-11 18:00:00,1.8218,1.9472
1789150500000,2026-09-11 18:15:00,1.8218,1.9472
1789151400000,2026-09-11 18:30:00,1.8218,1.9472
1789152300000,2026-09-11 18:45:00,1.8218,1.9472
1789153200000,2026-09-11 19:00:00,1.8218,1.9472
1789154100000,2026-09-11 19:15:00,1.8218,1.9472
1789155000000,2026-09-11 19:30:00,1.8218,1.9472
1789155900000,2026-09-11 19:45:00,1.8218,1.9472
1789156800000,2026-09-11 20:00:00,1.8218,1.9472
1789157700000,2026-09-11 20:15:00,1.8218,1.9472
1789158600000,2026-09-11 20:30:00,1.8218,1.9472
1789159500000,2026-09-11 20:45:00,1.8218,1.9472
1789160400000,2026-09-11 21:00:00,1.8218,1.9472
1789161300000,2026-09-11 21:15:00,1.8218,1.9472
1789162200000,2026-09-11 21:30:00,1.8218,1.9472
1789163100000,2026-09-11 21:45:00,1.8218,1.9472
1789164000000,2026-09-11 22:00:00,1.8218,1.9472
1789164900000,2026-09-11 22:15:00,1.8218,1.9472
1789165800000,2026-09-11 22:30:00,1.8218,1.9472
1789166700000,2026-09-11 22:45:00,1.8218,1.9472
1789167600000,2026-09-11 23:00:00,1.8218,1.9472
1789168500000,2026-09-11 23:15:00,1.8218,1.9472
1789169400000,2026-09-11 23:30:00,1.8218,1.9472
1789170300000,2026-09-11 23:45:00,1.8218,1.9472
1789171200000,2026-09-12 00:00:00,1.8218,1.9472
1789172100000,2026-09-12 00:15:00,1.8218,1.9472
1789173000000,2026-09-12 00:30:00,1.8218,1.9472
1789173900000,2026-09-12 00:45:00,1.8218,1.9472
1789174800000,2026-09-12 01:00:00,1.8218,1.9472
1789175700000,2026-09-12 01:15:00,1.8218,1.9472
1789176600000,2026-09-12 01:30:00,1.8218,1.9472
1789177500000,2026-09-12 01:45:00,1.8218,1.9472
1789178400000,2026-09-12 02:00:00,1.8218,1.9472
1789179300000,2026-09-12 02:15:00,1.8218,1.9472
1789180200000,2026-09-12 02:30:00,1.8218,1.9472
1789181100000,2026-09-12 02:45:00,1.8218,1.9472
1789182000000,2026-09-12 03:00:00,1.8218,1.9472
1789182900000,2026-09-12 03:15:00,1.8218,1.9472
1789183800000,2026-09-12 03:30:00,1.8218,1.9472
1789184700000,2026-09-12 03:45:00,1.8218,1.9472
1789185600000,2026-09-12 04:00:00,1.8218,1.9472
1789186500000,2026-09-12 04:15:00,1.8218,1.9472
1789187400000,2026-09-12 04:30:00,1.8218,1.9472
1789188300000,2026-09-12 04:45:00,1.8218,1.9472
1789189200000,2026-09-12 05:00:00,1.8218,1.9472
1789190100000,2026-09-12 05:15:00,1.8218,1.9472
1789191000000,2026-09-12 05:30:00,1.8218,1.9472
1789191900000,2026-09-12 05:45:00,1.8218,1.9472
1789192800000,2026-09-12 06:00:00,1.8218,1.9472
1789193700000,2026-09-12 06:15:00,1.8218,1.9472
1789194600000,2026-09-12 06:30:00,1.8218,1.9472
1789195500000,2026-09-12 06:45:00,1.8218,1.9472
1789196400000,2026-09-12 07:00:00,1.8218,1.9472
1789197300000,2026-09-12 07:15:00,1.8218,1.9472
1789198200000,2026-09-12 07:30:00,1.8218,1.9472
1789199100000,2026-09-12 07:45:00,1.8218,1.9472
1789200000000,2026-09-12 08:00:00,1.8218,1.9472
1789200900000,2026-09-12 08:15:00,1.8218,1.9472
1789201800000,2026-09-12 08:30:00,1.8218,1.9472
1789202700000,2026-09-12 08:45:00,1.8218,1.9472
1789203600000,2026-09-12 09:00:00,1.8218,1.9472
1789204500000,2026-09-12 09:15:00,1.8218,1.9472
1789205400000,2026-09-12 09:30:00,1.8218,1.9472
1789206300000,2026-09-12 09:45:00,1.8218,1.9472
1789207200000,2026-09-12 10:00:00,1.8218,1.9472
1789208100000,2026-09-12 10:15:00,1.8218,1.9472
1789209000000,2026-09-12 10:30:00,1.8218,1.9472
1789209900000,2026-09-12 10:45:00,1.8218,1.9472
1789210800000,2026-09-12 11:00:00,1.8218,1.9472
1789211700000,2026-09-12 11:15:00,1.8218,1.9472
1789212600000,2026-09-12 11:30:00,1.8218,1.9472
1789213500000,2026-09-12 11:45:00,1.8218,1.9472
1789214400000,2026-09-12 12:00:00,1.8218,1.9472
1789215300000,2026-09-12 12:15:00,1.8218,1.9472
1789216200000,2026-09-12 12:30:00,1.8218,1.9472
1789217100000,2026-09-12 12:45:00,1.8218,1.9472
1789218000000,2026-09-12 13:00:00,1.8218,1.9472
1789218900000,2026-09-12 13:15:00,1.8218,1.9472
1789219800000,2026-09-12 13:30:00,1.8218,1.9472
1789220700000,2026-09-12 13:45:00,1.8218,1.9472
1789221600000,2026-09-12 14:00:00,1.8218,1.9472
1789222500000,2026-09-12 14:15:00,1.8218,1.9472
1789223400000,2026-09-12 14:30:00,1.8218,1.9472
1789224300000,2026-09-12 14:45:00,1.8218,1.9472
1789225200000,2026-09-12 15:00:00,1.8218,1.9472
1789226100000,2026-09-12 15:15:00,1.8218,1.9472
1789227000000,2026-09-12 15:30:00,1.8218,1.9472
1789227900000,2026-09-12 15:45:00,1.8218,1.9472
1789228800000,2026-09-12 16:00:00,1.8218,1.9472
1789229700000,2026-09-12 16:15:00,1.8218,1.9472
1789230600000,2026-09-12 16:30:00,1.8218,1.9472
1789231500000,2026-09-12 16:45:00,1.8218,1.9472
1789232400000,2026-09-12 17:00:00,1.8218,1.9472
1789233300000,2026-09-12 17:15:00,1.8218,1.9472
1789234200000,2026-09-12 17:30:00,1.8218,1.9472
1789235100000,2026-09-12 17:45:00,1.8218,1.9472
1789236000000,2026-09-12 18:00:00,1.8218,1.9472
1789236900000,2026-09-12 18:15:00,1.8218,1.9472
1789237800000,2026-09-12 18:30:00,1.8218,1.9472
1789238700000,2026-09-12 18:45:00,1.8218,1.9472
1789239600000,2026-09-12 19:00:00,1.8218,1.9472
1789240500000,2026-09-12 19:15:00,1.8218,1.9472
1789241400000,2026-09-12 19:30:00,1.8218,1.9472
1789242300000,2026-09-12 19:45:00,1.8218,1.9472
1789243200000,2026-09-12 20:00:00,1.8218,1.9472
1789244100000,2026-09-12 20:15:00,1.8218,1.9472
1789245000000,2026-09-12 20:30:00,1.8218,1.9472
1789245900000,2026-09-12 20:45:00,1.8218,1.9472
1789246800000,2026-09-12 21:00:00,1.8218,1.9472
1789247700000,2026-09-12 21:15:00,1.8218,1.9472
1789248600000,2026-09-12 21:30:00,1.8218,1.9472
1789249500000,2026-09-12 21:45:00,1.8218,1.9472
1789250400000,2026-09-12 22:00:00,1.8218,1.9472
1789251300000,2026-09-12 22:15:00,1.8218,1.9472
1789252200000,2026-09-12 22:30:00,1.8218,1.9472
1789253100000,2026-09-12 22:45:00,1.8218,1.9472
1789254000000,2026-09-12 23:00:00,1.8218,1.9472
1789254900000,2026-09-12 23:15:00,1.8218,1.9472
1789255800000,2026-09-12 23:30:00,1.8218,1.9472
1789256700000,2026-09-12 23:45:00,1.8218,1.9472
1789257600000,2026-09-13 00:00:00,1.8218,1.9472
1789258500000,2026-09-13 00:15:00,1.8218,1.9472
1789259400000,2026-09-13 00:30:00,1.8218,1.9472
1789260300000,2026-09-13 00:45:00,1.8218,1.9472
1789261200000,2026-09-13 01:00:00,1.8218,1.9472
1789262100000,2026-09-13 01:15:00,1.8218,1.9472
1789263000000,2026-09-13 01:30:00,1.8218,1.9472
1789263900000,2026-09-13 01:45:00,1.8218,1.9472
1789264800000,2026-09-13 02:00:00,1.8218,1.9472
1789265700000,2026-09-13 02:15:00,1.8218,1.9472
1789266600000,2026-09-13 02:30:00,1.8218,1.9472
1789267500000,2026-09-13 02:45:00,1.8218,1.9472
1789268400000,2026-09-13 03:00:00,1.8218,1.9472
1789269300000,2026-09-13 03:15:00,1.8218,1.9472
1789270200000,2026-09-13 03:30:00,1.8218,1.9472
1789271100000,2026-09-13 03:45:00,1.8218,1.9472
1789272000000,2026-09-13 04:00:00,1.8218,1.9472
1789272900000,2026-09-13 04:15:00,1.8218,1.9472
1789273800000,2026-09-13 04:30:00,1.8218,1.9472
1789274700000,2026-09-13 04:45:00,1.8218,1.9472
1789275600000,2026-09-13 05:00:00,1.8218,1.9472
1789276500000,2026-09-13 05:15:00,1.8218,1.9472
1789277400000,2026-09-13 05:30:00,1.8218,1.9472
1789278300000,2026-09-13 05:45:00,1.8218,1.9472
1789279200000,2026-09-13 06:00:00,1.8218,1.9472
1789280100000,2026-09-13 06:15:00,1.8218,1.9472
1789281000000,2026-09-13 06:30:00,1.8218,1.9472
1789281900000,2026-09-13 06:45:00,1.8218,1.9472
1789282800000,2026-09-13 07:00:00,1.8218,1.9472
1789283700000,2026-09-13 07:15:00,1.8218,1.9472
1789284600000,2026-09-13 07:30:00,1.8218,1.9472
1789285500000,2026-09-13 07:45:00,1.8218,1.9472
1789286400000,2026-09-13 08:00:00,1.8218,1.9472
1789287300000,2026-09-13 08:15:00,1.8218,1.9472
1789288200000,2026-09-13 08:30:00,1.8218,1.9472
1789289100000,2026-09-13 08:45:00,1.8218,1.9472
1789290000000,2026-09-13 09:00:00,1.8218,1.9472
1789290900000,2026-09-13 09:15:00,1.8218,1.9472
1789291800000,2026-09-13 09:30:00,1.8218,1.9472
1789292700000,2026-09-13 09:45:00,1.8218,1.9472
1789293600000,2026-09-13 10:00:00,1.8218,1.9472
1789294500000,2026-09-13 10:15:00,1.8218,1.9472
1789295400000,2026-09-13 10:30:00,1.8218,1.9472
1789296300000,2026-09-13 10:45:00,1.8218,1.9472
1789297200000,2026-09-13 11:00:00,1.8218,1.9472
1789298100000,2026-09-13 11:15:00,1.8218,1.9472
1789299000000,2026-09-13 11:30:00,1.8218,1.9472
1789299900000,2026-09-13 11:45:00,1.8218,1.9472
1789300800000,2026-09-13 12:00:00,1.8218,1.9472
1789301700000,2026-09-13 12:15:00,1.8218,1.9472
1789302600000,2026-09-13 12:30:00,1.8218,1.9472
1789303500000,2026-09-13 12:45:00,1.8218,1.9472
1789304400000,2026-09-13 13:00:00,1.8218,1.9472
1789305300000,2026-09-13 13:15:00,1.8218,1.9472
1789306200000,2026-09-13 13:30:00,1.8218,1.9472
1789307100000,2026-09-13 13:45:00,1.8218,1.9472
1789308000000,2026-09-13 14:00:00,1.8218,1.9472
1789308900000,2026-09-13 14:15:00,1.8218,1.9472
1789309800000,2026-09-13 14:30:00,1.8218,1.9472
1789310700000,2026-09-13 14:45:00,1.8218,1.9472
1789311600000,2026-09-13 15:00:00,1.8218,1.9472
1789312500000,2026-09-13 15:15:00,1.8218,1.9472
1789313400000,2026-09-13 15:30:00,1.8218,1.9472
1789314300000,2026-09-13 15:45:00,1.8218,1.9472
1789315200000,2026-09-13 16:00:00,1.8218,1.9472
1789316100000,2026-09-13 16:15:00,1.8218,1.9472
1789317000000,2026-09-13 16:30:00,1.8218,1.9472
1789317900000,2026-09-13 16:45:00,1.8218,1.9472
1789318800000,2026-09-13 17:00:00,1.8218,1.9472
1789319700000,2026-09-13 17:15:00,1.8218,1.9472
1789320600000,2026-09-13 17:30:00,1.8218,1.9472
1789321500000,2026-09-13 17:45:00,1.8218,1.9472
1789322400000,2026-09-13 18:00:00,1.8218,1.9472
1789323300000,2026-09-13 18:15:00,1.8218,1.9472
1789324200000,2026-09-13 18:30:00,1.8218,1.9472
1789325100000,2026-09-13 18:45:00,1.8218,1.9472
1789326000000,2026-09-13 19:00:00,1.8218,1.9472
1789326900000,2026-09-13 19:15:00,1.8218,1.9472
1789327800000,2026-09-13 19:30:00,1.8218,1.9472
1789328700000,2026-09-13 19:45:00,1.8218,1.9472
1789329600000,2026-09-13 20:00:00,1.8218,1.9472
1789330500000,2026-09-13 20:15:00,1.8218,1.9472
1789331400000,2026-09-13 20:30:00,1.8218,1.9472
1789332300000,2026-09-13 20:45:00,1.8218,1.9472
1789333200000,2026-09-13 21:00:00,1.8218,1.9472
1789334100000,2026-09-13 21:15:00,1.8218,1.9472
1789335000000,2026-09-13 21:30:00,1.8218,1.9472
1789335900000,2026-09-13 21:45:00,1.8218,1.9472
1789336800000,2026-09-13 22:00:00,1.8218,1.9472
1789337700000,2026-09-13 22:15:00,1.8218,1.9472
1789338600000,2026-09-13 22:30:00,1.8218,1.9472
1789339500000,2026-09-13 22:45:00,1.8218,1.9472
1789340400000,2026-09-13 23:00:00,1.8218,1.9472
1789341300000,2026-09-13 23:15:00,1.8218,1.9472
1789342200000,2026-09-13 23:30:00,1.8218,1.9472
1789343100000,2026-09-13 23:45:00,1.8218,1.9472
1789344000000,2026-09-14 00:00:00,1.8218,1.9472
1789344900000,2026-09-14 00:15:00,1.8218,1.9472
1789345800000,2026-09-14 00:30:00,1.8218,1.9472
1789346700000,2026-09-14 00:45:00,1.8218,1.9472
1789347600000,2026-09-14 01:00:00,1.8218,1.9472
1789348500000,2026-09-14 01:15:00,1.8218,1.9472
1789349400000,2026-09-14 01:30:00,1.8218,1.9472
1789350300000,2026-09-14 01:45:00,1.8218,1.9472
1789351200000,2026-09-14 02:00:00,1.8218,1.9472
1789352100000,2026-09-14 02:15:00,1.8218,1.9472
1789353000000,2026-09-14 02:30:00,1.8218,1.9472
1789353900000,2026-09-14 02:45:00,1.8218,1.9472
1789354800000,2026-09-14 03:00:00,1.8218,1.9472
1789355700000,2026-09-14 03:15:00,1.8218,1.9472
1789356600000,2026-09-14 03:30:00,1.8218,1.9472
1789357500000,2026-09-14 03:45:00,1.8218,1.9472
1789358400000,2026-09-14 04:00:00,1.8218,1.9472
1789359300000,2026-09-14 04:15:00,1.8218,1.9472
1789360200000,2026-09-14 04:30:00,1.8218,1.9472
1789361100000,2026-09-14 04:45:00,1.8218,1.9472
1789362000000,2026-09-14 05:00:00,1.8218,1.9472
1789362900000,2026-09-14 05:15:00,1.8218,1.9472
1789363800000,2026-09-14 05:30:00,1.8218,1.9472
1789364700000,2026-09-14 05:45:00,1.8218,1.9472
1789365600000,2026-09-14 06:00:00,1.8218,1.9472
1789366500000,2026-09-14 06:15:00,1.8218,1.9472
1789367400000,2026-09-14 06:30:00,1.8218,1.9472
1789368300000,2026-09-14 06:45:00,1.8218,1.9472
1789369200000,2026-09-14 07:00:00,1.8218,1.9472
1789370100000,2026-09-14 07:15:00,1.8218,1.9472
1789371000000,2026-09-14 07:30:00,1.8218,1.9472
1789371900000,2026-09-14 07:45:00,1.8218,1.9472
1789372800000,2026-09-14 08:00:00,1.8218,1.9472
1789373700000,2026-09-14 08:15:00,1.8218,1.9472
1789374600000,2026-09-14 08:30:00,1.8218,1.9472
1789375500000,2026-09-14 08:45:00,1.8218,1.9472
1789376400000,2026-09-14 09:00:00,1.8218,1.9472
1789377300000,2026-09-14 09:15:00,1.8218,1.9472
1789378200000,2026-09-14 09:30:00,1.8218,1.9472
1789379100000,2026-09-14 09:45:00,1.8218,1.9472
1789380000000,2026-09-14 10:00:00,1.8218,1.9472
1789380900000,2026-09-14 10:15:00,1.8218,1.9472
1789381800000,2026-09-14 10:30:00,1.8218,1.9472
1789382700000,2026-09-14 10:45:00,1.8218,1.9472
1789383600000,2026-09-14 11:00:00,1.8218,1.9472
1789384500000,2026-09-14 11:15:00,1.8218,1.9472
1789385400000,2026-09-14 11:30:00,1.8218,1.9472
1789386300000,2026-09-14 11:45:00,1.8218,1.9472
1789387200000,2026-09-14 12:00:00,1.8218,1.9472
1789388100000,2026-09-14 12:15:00,1.8218,1.9472
1789389000000,2026-09-14 12:30:00,1.8218,1.9472
1789389900000,2026-09-14 12:45:00,1.8218,1.9472
1789390800000,2026-09-14 13:00:00,1.8218,1.9472
1789391700000,2026-09-14 13:15:00,1.8218,1.9472
1789392600000,2026-09-14 13:30:00,1.8218,1.9472
1789393500000,2026-09-14 13:45:00,1.8218,1.9472
1789394400000,2026-09-14 14:00:00,1.8218,1.9472
1789395300000,2026-09-14 14:15:00,1.8218,1.9472
1789396200000,2026-09-14 14:30:00,1.8218,1.9472
1789397100000,2026-09-14 14:45:00,1.8218,1.9472
1789398000000,2026-09-14 15:00:00,1.8218,1.9472
1789398900000,2026-09-14 15:15:00,1.8218,1.9472
1789399800000,2026-09-14 15:30:00,1.8218,1.9472
1789400700000,2026-09-14 15:45:00,1.8218,1.9472
1789401600000,2026-09-14 16:00:00,1.8218,1.9472
1789402500000,2026-09-14 16:15:00,1.8218,1.9472
1789403400000,2026-09-14 16:30:00,1.8218,1.9472
1789404300000,2026-09-14 16:45:00,1.8218,1.9472
1789405200000,2026-09-14 17:00:00,1.8218,1.9472
1789406100000,2026-09-14 17:15:00,1.8218,1.9472
1789407000000,2026-09-14 17:30:00,1.8218,1.9472
1789407900000,2026-09-14 17:45:00,1.8218,1.9472
1789408800000,2026-09-14 18:00:00,1.8218,1.9472
1789409700000,2026-09-14 18:15:00,1.8218,1.9472
1789410600000,2026-09-14 18:30:00,1.8218,1.9472
1789411500000,2026-09-14 18:45:00,1.8218,1.9472
1789412400000,2026-09-14 19:00:00,1.8218,1.9472
1789413300000,2026-09-14 19:15:00,1.8218,1.9472
1789414200000,2026-09-14 19:30:00,1.8218,1.9472
1789415100000,2026-09-14 19:45:00,1.8218,1.9472
1789416000000,2026-09-14 20:00:00,1.8218,1.9472
1789416900000,2026-09-14 20:15:00,1.8218,1.9472
1789417800000,2026-09-14 20:30:00,1.8218,1.9472
1789418700000,2026-09-14 20:45:00,1.8218,1.9472
1789419600000,2026-09-14 21:00:00,1.8218,1.9472
1789420500000,2026-09-14 21:15:00,1.8218,1.9472
1789421400000,2026-09-14 21:30:00,1.8218,1.9472
1789422300000,2026-09-14 21:45:00,1.8218,1.9472
1789423200000,2026-09-14 22:00:00,1.8218,1.9472
1789424100000,2026-09-14 22:15:00,1.8218,1.9472
1789425000000,2026-09-14 22:30:00,1.8218,1.9472
1789425900000,2026-09-14 22:45:00,1.8218,1.9472
1789426800000,2026-09-14 23:00:00,1.8218,1.9472
1789427700000,2026-09-14 23:15:00,1.8218,1.9472
1789428600000,2026-09-14 23:30:00,1.8218,1.9472
1789429500000,2026-09-14 23:45:00,1.8218,1.9472
1789430400000,2026-09-15 00:00:00,1.8218,1.9472
1789431300000,2026-09-15 00:15:00,1.8218,1.9472
1789432200000,2026-09-15 00:30:00,1.8218,1.9472
1789433100000,2026-09-15 00:45:00,1.8218,1.9472
1789434000000,2026-09-15 01:00:00,1.8218,1.9472
1789434900000,2026-09-15 01:15:00,1.8218,1.9472
1789435800000,2026-09-15 01:30:00,1.8218,1.9472
1789436700000,2026-09-15 01:45:00,1.8218,1.9472
1789437600000,2026-09-15 02:00:00,1.8218,1.9472
1789438500000,2026-09-15 02:15:00,1.8218,1.9472
1789439400000,2026-09-15 02:30:00,1.8218,1.9472
1789440300000,2026-09-15 02:45:00,1.8218,1.9472
1789441200000,2026-09-15 03:00:00,1.8218,1.9472
1789442100000,2026-09-15 03:15:00,1.8218,1.9472
1789443000000,2026-09-15 03:30:00,1.8218,1.9472
1789443900000,2026-09-15 03:45:00,1.8218,1.9472
1789444800000,2026-09-15 04:00:00,1.8218,1.9472
1789445700000,2026-09-15 04:15:00,1.8218,1.9472
1789446600000,2026-09-15 04:30:00,1.8218,1.9472
1789447500000,2026-09-15 04:45:00,1.8218,1.9472
1789448400000,2026-09-15 05:00:00,1.8218,1.9472
1789449300000,2026-09-15 05:15:00,1.8218,1.9472
1789450200000,2026-09-15 05:30:00,1.8218,1.9472
1789451100000,2026-09-15 05:45:00,1.8218,1.9472
1789452000000,2026-09-15 06:00:00,1.8218,1.9472
1789452900000,2026-09-15 06:15:00,1.8218,1.9472
1789453800000,2026-09-15 06:30:00,1.8218,1.9472
1789454700000,2026-09-15 06:45:00,1.8218,1.9472
1789455600000,2026-09-15 07:00:00,1.8218,1.9472
1789456500000,2026-09-15 07:15:00,1.8218,1.9472
1789457400000,2026-09-15 07:30:00,1.8218,1.9472
1789458300000,2026-09-15 07:45:00,1.8218,1.9472
1789459200000,2026-09-15 08:00:00,1.8218,1.9472
1789460100000,2026-09-15 08:15:00,1.8218,1.9472
1789461000000,2026-09-15 08:30:00,1.8218,1.9472
1789461900000,2026-09-15 08:45:00,1.8218,1.9472
1789462800000,2026-09-15 09:00:00,1.8218,1.9472
1789463700000,2026-09-15 09:15:00,1.8218,1.9472
1789464600000,2026-09-15 09:30:00,1.8218,1.9472
1789465500000,2026-09-15 09:45:00,1.8218,1.9472
1789466400000,2026-09-15 10:00:00,1.8218,1.9472
1789467300000,2026-09-15 10:15:00,1.8218,1.9472
1789468200000,2026-09-15 10:30:00,1.8218,1.9472
1789469100000,2026-09-15 10:45:00,1.8218,1.9472
1789470000000,2026-09-15 11:00:00,1.8218,1.9472
1789470900000,2026-09-15 11:15:00,1.8218,1.9472
1789471800000,2026-09-15 11:30:00,1.8218,1.9472
1789472700000,2026-09-15 11:45:00,1.8218,1.9472
1789473600000,2026-09-15 12:00:00,1.8218,1.9472
1789474500000,2026-09-15 12:15:00,1.8218,1.9472
1789475400000,2026-09-15 12:30:00,1.8218,1.9472
1789476300000,2026-09-15 12:45:00,1.8218,1.9472
1789477200000,2026-09-15 13:00:00,1.8218,1.9472
1789478100000,2026-09-15 13:15:00,1.8218,1.9472
1789479000000,2026-09-15 13:30:00,1.8218,1.9472
1789479900000,2026-09-15 13:45:00,1.8218,1.9472
1789480800000,2026-09-15 14:00:00,1.8218,1.9472
1789481700000,2026-09-15 14:15:00,1.8218,1.9472
1789482600000,2026-09-15 14:30:00,1.8218,1.9472
1789483500000,2026-09-15 14:45:00,1.8218,1.9472
1789484400000,2026-09-15 15:00:00,1.8218,1.9472
1789485300000,2026-09-15 15:15:00,1.8218,1.9472
1789486200000,2026-09-15 15:30:00,1.8218,1.9472
1789487100000,2026-09-15 15:45:00,1.8218,1.9472
1789488000000,2026-09-15 16:00:00,1.8218,1.9472
1789488900000,2026-09-15 16:15:00,1.8218,1.9472
1789489800000,2026-09-15 16:30:00,1.8218,1.9472
1789490700000,2026-09-15 16:45:00,1.8218,1.9472
1789491600000,2026-09-15 17:00:00,1.8218,1.9472
1789492500000,2026-09-15 17:15:00,1.8218,1.9472
1789493400000,2026-09-15 17:30:00,1.8218,1.9472
1789494300000,2026-09-15 17:45:00,1.8218,1.9472
1789495200000,2026-09-15 18:00:00,1.8218,1.9472
1789496100000,2026-09-15 18:15:00,1.8218,1.9472
1789497000000,2026-09-15 18:30:00,1.8218,1.9472
1789497900000,2026-09-15 18:45:00,1.8218,1.9472
1789498800000,2026-09-15 19:00:00,1.8218,1.9472
1789499700000,2026-09-15 19:15:00,1.8218,1.9472
1789500600000,2026-09-15 19:30:00,1.8218,1.9472
1789501500000,2026-09-15 19:45:00,1.8218,1.9472
1789502400000,2026-09-15 20:00:00,1.8218,1.9472
1789503300000,2026-09-15 20:15:00,1.8218,1.9472
1789504200000,2026-09-15 20:30:00,1.8218,1.9472
1789505100000,2026-09-15 20:45:00,1.8218,1.9472
1789506000000,2026-09-15 21:00:00,1.8218,1.9472
1789506900000,2026-09-15 21:15:00,1.8218,1.9472
1789507800000,2026-09-15 21:30:00,1.8218,1.9472
1789508700000,2026-09-15 21:45:00,1.8218,1.9472
1789509600000,2026-09-15 22:00:00,1.8218,1.9472
1789510500000,2026-09-15 22:15:00,1.8218,1.9472
1789511400000,2026-09-15 22:30:00,1.8218,1.9472
1789512300000,2026-09-15 22:45:00,1.8218,1.9472
1789513200000,2026-09-15 23:00:00,1.8218,1.9472
1789514100000,2026-09-15 23:15:00,1.8218,1.9472
1789515000000,2026-09-15 23:30:00,1.8218,1.9472
1789515900000,2026-09-15 23:45:00,1.8218,1.9472
1789516800000,2026-09-16 00:00:00,1.8218,1.9472
1789517700000,2026-09-16 00:15:00,1.8218,1.9472
1789518600000,2026-09-16 00:30:00,1.8218,1.9472
1789519500000,2026-09-16 00:45:00,1.8218,1.9472
1789520400000,2026-09-16 01:00:00,1.8218,1.9472
1789521300000,2026-09-16 01:15:00,1.8218,1.9472
1789522200000,2026-09-16 01:30:00,1.8218,1.9472
1789523100000,2026-09-16 01:45:00,1.8218,1.9472
1789524000000,2026-09-16 02:00:00,1.8218,1.9472
1789524900000,2026-09-16 02:15:00,1.8218,1.9472
1789525800000,2026-09-16 02:30:00,1.8218,1.9472
1789526700000,2026-09-16 02:45:00,1.8218,1.9472
1789527600000,2026-09-16 03:00:00,1.8218,1.9472
1789528500000,2026-09-16 03:15:00,1.8218,1.9472
1789529400000,2026-09-16 03:30:00,1.8218,1.9472
1789530300000,2026-09-16 03:45:00,1.8218,1.9472
1789531200000,2026-09-16 04:00:00,1.8218,1.9472
1789532100000,2026-09-16 04:15:00,1.8218,1.9472
1789533000000,2026-09-16 04:30:00,1.8218,1.9472
1789533900000,2026-09-16 04:45:00,1.8218,1.9472
1789534800000,2026-09-16 05:00:00,1.8218,1.9472
1789535700000,2026-09-16 05:15:00,1.8218,1.9472
1789536600000,2026-09-16 05:30:00,1.8218,1.9472
1789537500000,2026-09-16 05:45:00,1.8218,1.9472
1789538400000,2026-09-16 06:00:00,1.8218,1.9472
1789539300000,2026-09-16 06:15:00,1.8218,1.9472
1789540200000,2026-09-16 06:30:00,1.8218,1.9472
1789541100000,2026-09-16 06:45:00,1.8218,1.9472
1789542000000,2026-09-16 07:00:00,1.8218,1.9472
1789542900000,2026-09-16 07:15:00,1.8218,1.9472
1789543800000,2026-09-16 07:30:00,1.8218,1.9472
1789544700000,2026-09-16 07:45:00,1.8218,1.9472
1789545600000,2026-09-16 08:00:00,1.8218,1.9472
1789546500000,2026-09-16 08:15:00,1.8218,1.9472
1789547400000,2026-09-16 08:30:00,1.8218,1.9472
1789548300000,2026-09-16 08:45:00,1.8218,1.9472
1789549200000,2026-09-16 09:00:00,1.8218,1.9472
1789550100000,2026-09-16 09:15:00,1.8218,1.9472
1789551000000,2026-09-16 09:30:00,1.8218,1.9472
1789551900000,2026-09-16 09:45:00,1.8218,1.9472
1789552800000,2026-09-16 10:00:00,1.8218,1.9472
1789553700000,2026-09-16 10:15:00,1.8218,1.9472
1789554600000,2026-09-16 10:30:00,1.8218,1.9472
1789555500000,2026-09-16 10:45:00,1.8218,1.9472
1789556400000,2026-09-16 11:00:00,1.8218,1.9472
1789557300000,2026-09-16 11:15:00,1.8218,1.9472
1789558200000,2026-09-16 11:30:00,1.8218,1.9472
1789559100000,2026-09-16 11:45:00,1.8218,1.9472
1789560000000,2026-09-16 12:00:00,1.8218,1.9472
1789560900000,2026-09-16 12:15:00,1.8218,1.9472
1789561800000,2026-09-16 12:30:00,1.8218,1.9472
1789562700000,2026-09-16 12:45:00,1.8218,1.9472
1789563600000,2026-09-16 13:00:00,1.8218,1.9472
1789564500000,2026-09-16 13:15:00,1.8218,1.9472
1789565400000,2026-09-16 13:30:00,1.8218,1.9472
1789566300000,2026-09-16 13:45:00,1.8218,1.9472
1789567200000,2026-09-16 14:00:00,1.8218,1.9472
1789568100000,2026-09-16 14:15:00,1.8218,1.9472
1789569000000,2026-09-16 14:30:00,1.8218,1.9472
1789569900000,2026-09-16 14:45:00,1.8218,1.9472
1789570800000,2026-09-16 15:00:00,1.8218,1.9472
1789571700000,2026-09-16 15:15:00,1.8218,1.9472
1789572600000,2026-09-16 15:30:00,1.8218,1.9472
1789573500000,2026-09-16 15:45:00,1.8218,1.9472
1789574400000,2026-09-16 16:00:00,1.8218,1.9472
1789575300000,2026-09-16 16:15:00,1.8218,1.9472
1789576200000,2026-09-16 16:30:00,1.8218,1.9472
1789577100000,2026-09-16 16:45:00,1.8218,1.9472
1789578000000,2026-09-16 17:00:00,1.8218,1.9472
1789578900000,2026-09-16 17:15:00,1.8218,1.9472
1789579800000,2026-09-16 17:30:00,1.8218,1.9472
1789580700000,2026-09-16 17:45:00,1.8218,1.9472
1789581600000,2026-09-16 18:00:00,1.8218,1.9472
1789582500000,2026-09-16 18:15:00,1.8218,1.9472
1789583400000,2026-09-16 18:30:00,1.8218,1.9472
1789584300000,2026-09-16 18:45:00,1.8218,1.9472
1789585200000,2026-09-16 19:00:00,1.8218,1.9472
1789586100000,2026-09-16 19:15:00,1.8218,1.9472
1789587000000,2026-09-16 19:30:00,1.8218,1.9472
1789587900000,2026-09-16 19:45:00,1.8218,1.9472
1789588800000,2026-09-16 20:00:00,1.8218,1.9472
1789589700000,2026-09-16 20:15:00,1.8218,1.9472
1789590600000,2026-09-16 20:30:00,1.8218,1.9472
1789591500000,2026-09-16 20:45:00,1.8218,1.9472
1789592400000,2026-09-16 21:00:00,1.8218,1.9472
1789593300000,2026-09-16 21:15:00,1.8218,1.9472
1789594200000,2026-09-16 21:30:00,1.8218,1.9472
1789595100000,2026-09-16 21:45:00,1.8218,1.9472
1789596000000,2026-09-16 22:00:00,1.8218,1.9472
1789596900000,2026-09-16 22:15:00,1.8218,1.9472
1789597800000,2026-09-16 22:30:00,1.8218,1.9472
1789598700000,2026-09-16 22:45:00,1.8218,1.9472
1789599600000,2026-09-16 23:00:00,1.8218,1.9472
1789600500000,2026-09-16 23:15:00,1.8218,1.9472
1789601400000,2026-09-16 23:30:00,1.8218,1.9472
1789602300000,2026-09-16 23:45:00,1.8218,1.9472
1789603200000,2026-09-17 00:00:00,1.8218,1.9472
1789604100000,2026-09-17 00:15:00,1.8218,1.9472
1789605000000,2026-09-17 00:30:00,1.8218,1.9472
1789605900000,2026-09-17 00:45:00,1.8218,1.9472
1789606800000,2026-09-17 01:00:00,1.8218,1.9472
1789607700000,2026-09-17 01:15:00,1.8218,1.9472
1789608600000,2026-09-17 01:30:00,1.8218,1.9472
1789609500000,2026-09-17 01:45:00,1.8218,1.9472
1789610400000,2026-09-17 02:00:00,1.8218,1.9472
1789611300000,2026-09-17 02:15:00,1.8218,1.9472
1789612200000,2026-09-17 02:30:00,1.8218,1.9472
1789613100000,2026-09-17 02:45:00,1.8218,1.9472
1789614000000,2026-09-17 03:00:00,1.8218,1.9472
1789614900000,2026-09-17 03:15:00,1.8218,1.9472
1789615800000,2026-09-17 03:30:00,1.8218,1.9472
1789616700000,2026-09-17 03:45:00,1.8218,1.9472
1789617600000,2026-09-17 04:00:00,1.8218,1.9472
1789618500000,2026-09-17 04:15:00,1.8218,1.9472
1789619400000,2026-09-17 04:30:00,1.8218,1.9472
1789620300000,2026-09-17 04:45:00,1.8218,1.9472
1789621200000,2026-09-17 05:00:00,1.8218,1.9472
1789622100000,2026-09-17 05:15:00,1.8218,1.9472
1789623000000,2026-09-17 05:30:00,1.8218,1.9472
1789623900000,2026-09-17 05:45:00,1.8218,1.9472
1789624800000,2026-09-17 06:00:00,1.8218,1.9472
1789625700000,2026-09-17 06:15:00,1.8218,1.9472
1789626600000,2026-09-17 06:30:00,1.8218,1.9472
1789627500000,2026-09-17 06:45:00,1.8218,1.9472
1789628400000,2026-09-17 07:00:00,1.8218,1.9472
1789629300000,2026-09-17 07:15:00,1.8218,1.9472
1789630200000,2026-09-17 07:30:00,1.8218,1.9472
1789631100000,2026-09-17 07:45:00,1.8218,1.9472
1789632000000,2026-09-17 08:00:00,1.8218,1.9472
1789632900000,2026-09-17 08:15:00,1.8218,1.9472
1789633800000,2026-09-17 08:30:00,1.8218,1.9472
1789634700000,2026-09-17 08:45:00,1.8218,1.9472
1789635600000,2026-09-17 09:00:00,1.8218,1.9472
1789636500000,2026-09-17 09:15:00,1.8218,1.9472
1789637400000,2026-09-17 09:30:00,1.8218,1.9472
1789638300000,2026-09-17 09:45:00,1.8218,1.9472
1789639200000,2026-09-17 10:00:00,1.8218,1.9472
1789640100000,2026-09-17 10:15:00,1.8218,1.9472
1789641000000,2026-09-17 10:30:00,1.8218,1.9472
1789641900000,2026-09-17 10:45:00,1.8218,1.9472
1789642800000,2026-09-17 11:00:00,1.8218,1.9472
1789643700000,2026-09-17 11:15:00,1.8218,1.9472
1789644600000,2026-09-17 11:30:00,1.8218,1.9472
1789645500000,2026-09-17 11:45:00,1.8218,1.9472
1789646400000,2026-09-17 12:00:00,1.8218,1.9472
1789647300000,2026-09-17 12:15:00,1.8218,1.9472
1789648200000,2026-09-17 12:30:00,1.8218,1.9472
1789649100000,2026-09-17 12:45:00,1.8218,1.9472
1789650000000,2026-09-17 13:00:00,1.8218,1.9472
1789650900000,2026-09-17 13:15:00,1.8218,1.9472
1789651800000,2026-09-17 13:30:00,1.8218,1.9472
1789652700000,2026-09-17 13:45:00,1.8218,1.9472
1789653600000,2026-09-17 14:00:00,1.8218,1.9472
1789654500000,2026-09-17 14:15:00,1.8218,1.9472
1789655400000,2026-09-17 14:30:00,1.8218,1.9472
1789656300000,2026-09-17 14:45:00,1.8218,1.9472
1789657200000,2026-09-17 15:00:00,1.8218,1.9472
1789658100000,2026-09-17 15:15:00,1.8218,1.9472
1789659000000,2026-09-17 15:30:00,1.8218,1.9472
1789659900000,2026-09-17 15:45:00,1.8218,1.9472
1789660800000,2026-09-17 16:00:00,1.8218,1.9472
1789661700000,2026-09-17 16:15:00,1.8218,1.9472
1789662600000,2026-09-17 16:30:00,1.8218,1.9472
1789663500000,2026-09-17 16:45:00,1.8218,1.9472
1789664400000,2026-09-17 17:00:00,1.8218,1.9472
1789665300000,2026-09-17 17:15:00,1.8218,1.9472
1789666200000,2026-09-17 17:30:00,1.8218,1.9472
1789667100000,2026-09-17 17:45:00,1.8218,1.9472
1789668000000,2026-09-17 18:00:00,1.8218,1.9472
1789668900000,2026-09-17 18:15:00,1.8218,1.9472
1789669800000,2026-09-17 18:30:00,1.8218,1.9472
1789670700000,2026-09-17 18:45:00,1.8218,1.9472
1789671600000,2026-09-17 19:00:00,1.8218,1.9472
1789672500000,2026-09-17 19:15:00,1.8218,1.9472
1789673400000,2026-09-17 19:30:00,1.8218,1.9472
1789674300000,2026-09-17 19:45:00,1.8218,1.9472
1789675200000,2026-09-17 20:00:00,1.8218,1.9472
1789676100000,2026-09-17 20:15:00,1.8218,1.9472
1789677000000,2026-09-17 20:30:00,1.8218,1.9472
1789677900000,2026-09-17 20:45:00,1.8218,1.9472
1789678800000,2026-09-17 21:00:00,1.8218,1.9472
1789679700000,2026-09-17 21:15:00,1.8218,1.9472
1789680600000,2026-09-17 21:30:00,1.8218,1.9472
1789681500000,2026-09-17 21:45:00,1.8218,1.9472
1789682400000,2026-09-17 22:00:00,1.8218,1.9472
1789683300000,2026-09-17 22:15:00,1.8218,1.9472
1789684200000,2026-09-17 22:30:00,1.8218,1.9472
1789685100000,2026-09-17 22:45:00,1.8218,1.9472
1789686000000,2026-09-17 23:00:00,1.8218,1.9472
1789686900000,2026-09-17 23:15:00,1.8218,1.9472
1789687800000,2026-09-17 23:30:00,1.8218,1.9472
1789688700000,2026-09-17 23:45:00,1.8218,1.9472
1789689600000,2026-09-18 00:00:00,1.8218,1.9472
1789690500000,2026-09-18 00:15:00,1.8218,1.9472
1789691400000,2026-09-18 00:30:00,1.8218,1.9472
1789692300000,2026-09-18 00:45:00,1.8218,1.9472
1789693200000,2026-09-18 01:00:00,1.8218,1.9472
1789694100000,2026-09-18 01:15:00,1.8218,1.9472
1789695000000,2026-09-18 01:30:00,1.8218,1.9472
1789695900000,2026-09-18 01:45:00,1.8218,1.9472
1789696800000,2026-09-18 02:00:00,1.8218,1.9472
1789697700000,2026-09-18 02:15:00,1.8218,1.9472
1789698600000,2026-09-18 02:30:00,1.8218,1.9472
1789699500000,2026-09-18 02:45:00,1.8218,1.9472
1789700400000,2026-09-18 03:00:00,1.8218,1.9472
1789701300000,2026-09-18 03:15:00,1.8218,1.9472
1789702200000,2026-09-18 03:30:00,1.8218,1.9472
1789703100000,2026-09-18 03:45:00,1.8218,1.9472
1789704000000,2026-09-18 04:00:00,1.8218,1.9472
1789704900000,2026-09-18 04:15:00,1.8218,1.9472
1789705800000,2026-09-18 04:30:00,1.8218,1.9472
1789706700000,2026-09-18 04:45:00,1.8218,1.9472
1789707600000,2026-09-18 05:00:00,1.8218,1.9472
1789708500000,2026-09-18 05:15:00,1.8218,1.9472
1789709400000,2026-09-18 05:30:00,1.8218,1.9472
1789710300000,2026-09-18 05:45:00,1.8218,1.9472
1789711200000,2026-09-18 06:00:00,1.8218,1.9472
1789712100000,2026-09-18 06:15:00,1.8218,1.9472
1789713000000,2026-09-18 06:30:00,1.8218,1.9472
1789713900000,2026-09-18 06:45:00,1.8218,1.9472
1789714800000,2026-09-18 07:00:00,1.8218,1.9472
1789715700000,2026-09-18 07:15:00,1.8218,1.9472
1789716600000,2026-09-18 07:30:00,1.8218,1.9472
1789717500000,2026-09-18 07:45:00,1.8218,1.9472
1789718400000,2026-09-18 08:00:00,1.8218,1.9472
1789719300000,2026-09-18 08:15:00,1.8218,1.9472
1789720200000,2026-09-18 08:30:00,1.8218,1.9472
1789721100000,2026-09-18 08:45:00,1.8218,1.9472
1789722000000,2026-09-18 09:00:00,1.8218,1.9472
1789722900000,2026-09-18 09:15:00,1.8218,1.9472
1789723800000,2026-09-18 09:30:00,1.8218,1.9472
1789724700000,2026-09-18 09:45:00,1.8218,1.9472
1789725600000,2026-09-18 10:00:00,1.8218,1.9472
1789726500000,2026-09-18 10:15:00,1.8218,1.9472
1789727400000,2026-09-18 10:30:00,1.8218,1.9472
1789728300000,2026-09-18 10:45:00,1.8218,1.9472
1789729200000,2026-09-18 11:00:00,1.8218,1.9472
1789730100000,2026-09-18 11:15:00,1.8218,1.9472
1789731000000,2026-09-18 11:30:00,1.8218,1.9472
1789731900000,2026-09-18 11:45:00,1.8218,1.9472
1789732800000,2026-09-18 12:00:00,1.8218,1.9472
1789733700000,2026-09-18 12:15:00,1.8218,1.9472
1789734600000,2026-09-18 12:30:00,1.8218,1.9472
1789735500000,2026-09-18 12:45:00,1.8218,1.9472
1789736400000,2026-09-18 13:00:00,1.8218,1.9472
1789737300000,2026-09-18 13:15:00,1.8218,1.9472
1789738200000,2026-09-18 13:30:00,1.8218,1.9472
1789739100000,2026-09-18 13:45:00,1.8218,1.9472
1789740000000,2026-09-18 14:00:00,1.8218,1.9472
1789740900000,2026-09-18 14:15:00,1.8218,1.9472
1789741800000,2026-09-18 14:30:00,1.8218,1.9472
1789742700000,2026-09-18 14:45:00,1.8218,1.9472
1789743600000,2026-09-18 15:00:00,1.8218,1.9472
1789744500000,2026-09-18 15:15:00,1.8218,1.9472
1789745400000,2026-09-18 15:30:00,1.8218,1.9472
1789746300000,2026-09-18 15:45:00,1.8218,1.9472
1789747200000,2026-09-18 16:00:00,1.8218,1.9472
1789748100000,2026-09-18 16:15:00,1.8218,1.9472
1789749000000,2026-09-18 16:30:00,1.8218,1.9472
1789749900000,2026-09-18 16:45:00,1.8218,1.9472
1789750800000,2026-09-18 17:00:00,1.8218,1.9472
1789751700000,2026-09-18 17:15:00,1.8218,1.9472
1789752600000,2026-09-18 17:30:00,1.8218,1.9472
1789753500000,2026-09-18 17:45:00,1.8218,1.9472
1789754400000,2026-09-18 18:00:00,1.8218,1.9472
1789755300000,2026-09-18 18:15:00,1.8218,1.9472
1789756200000,2026-09-18 18:30:00,1.8218,1.9472
1789757100000,2026-09-18 18:45:00,1.8218,1.9472
1789758000000,2026-09-18 19:00:00,1.8218,1.9472
1789758900000,2026-09-18 19:15:00,1.8218,1.9472
1789759800000,2026-09-18 19:30:00,1.8218,1.9472
1789760700000,2026-09-18 19:45:00,1.8218,1.9472
1789761600000,2026-09-18 20:00:00,1.8218,1.9472
1789762500000,2026-09-18 20:15:00,1.8218,1.9472
1789763400000,2026-09-18 20:30:00,1.8218,1.9472
1789764300000,2026-09-18 20:45:00,1.8218,1.9472
1789765200000,2026-09-18 21:00:00,1.8218,1.9472
1789766100000,2026-09-18 21:15:00,1.8218,1.9472
1789767000000,2026-09-18 21:30:00,1.8218,1.9472
1789767900000,2026-09-18 21:45:00,1.8218,1.9472
1789768800000,2026-09-18 22:00:00,1.8218,1.9472
1789769700000,2026-09-18 22:15:00,1.8218,1.9472
1789770600000,2026-09-18 22:30:00,1.8218,1.9472
1789771500000,2026-09-18 22:45:00,1.8218,1.9472
1789772400000,2026-09-18 23:00:00,1.8218,1.9472
1789773300000,2026-09-18 23:15:00,1.8218,1.9472
1789774200000,2026-09-18 23:30:00,1.8218,1.9472
1789775100000,2026-09-18 23:45:00,1.8218,1.9472
1789776000000,2026-09-19 00:00:00,1.8218,1.9472
1789776900000,2026-09-19 00:15:00,1.8218,1.9472
1789777800000,2026-09-19 00:30:00,1.8218,1.9472
1789778700000,2026-09-19 00:45:00,1.8218,1.9472
1789779600000,2026-09-19 01:00:00,1.8218,1.9472
1789780500000,2026-09-19 01:15:00,1.8218,1.9472
1789781400000,2026-09-19 01:30:00,1.8218,1.9472
1789782300000,2026-09-19 01:45:00,1.8218,1.9472
1789783200000,2026-09-19 02:00:00,1.8218,1.9472
1789784100000,2026-09-19 02:15:00,1.8218,1.9472
1789785000000,2026-09-19 02:30:00,1.8218,1.9472
1789785900000,2026-09-19 02:45:00,1.8218,1.9472
1789786800000,2026-09-19 03:00:00,1.8218,1.9472
1789787700000,2026-09-19 03:15:00,1.8218,1.9472
1789788600000,2026-09-19 03:30:00,1.8218,1.9472
1789789500000,2026-09-19 03:45:00,1.8218,1.9472
1789790400000,2026-09-19 04:00:00,1.8218,1.9472
1789791300000,2026-09-19 04:15:00,1.8218,1.9472
1789792200000,2026-09-19 04:30:00,1.8218,1.9472
1789793100000,2026-09-19 04:45:00,1.8218,1.9472
1789794000000,2026-09-19 05:00:00,1.8218,1.9472
1789794900000,2026-09-19 05:15:00,1.8218,1.9472
1789795800000,2026-09-19 05:30:00,1.8218,1.9472
1789796700000,2026-09-19 05:45:00,1.8218,1.9472
1789797600000,2026-09-19 06:00:00,1.8218,1.9472
1789798500000,2026-09-19 06:15:00,1.8218,1.9472
1789799400000,2026-09-19 06:30:00,1.8218,1.9472
1789800300000,2026-09-19 06:45:00,1.8218,1.9472
1789801200000,2026-09-19 07:00:00,1.8218,1.9472
1789802100000,2026-09-19 07:15:00,1.8218,1.9472
1789803000000,2026-09-19 07:30:00,1.8218,1.9472
1789803900000,2026-09-19 07:45:00,1.8218,1.9472
1789804800000,2026-09-19 08:00:00,1.8218,1.9472
1789805700000,2026-09-19 08:15:00,1.8218,1.9472
1789806600000,2026-09-19 08:30:00,1.8218,1.9472
1789807500000,2026-09-19 08:45:00,1.8218,1.9472
1789808400000,2026-09-19 09:00:00,1.8218,1.9472
1789809300000,2026-09-19 09:15:00,1.8218,1.9472
1789810200000,2026-09-19 09:30:00,1.8218,1.9472
1789811100000,2026-09-19 09:45:00,1.8218,1.9472
1789812000000,2026-09-19 10:00:00,1.8218,1.9472
1789812900000,2026-09-19 10:15:00,1.8218,1.9472
1789813800000,2026-09-19 10:30:00,1.8218,1.9472
1789814700000,2026-09-19 10:45:00,1.8218,1.9472
1789815600000,2026-09-19 11:00:00,1.8218,1.9472
1789816500000,2026-09-19 11:15:00,1.8218,1.9472
1789817400000,2026-09-19 11:30:00,1.8218,1.9472
1789818300000,2026-09-19 11:45:00,1.8218,1.9472
1789819200000,2026-09-19 12:00:00,1.8218,1.9472
1789820100000,2026-09-19 12:15:00,1.8218,1.9472
1789821000000,2026-09-19 12:30:00,1.8218,1.9472
1789821900000,2026-09-19 12:45:00,1.8218,1.9472
1789822800000,2026-09-19 13:00:00,1.8218,1.9472
1789823700000,2026-09-19 13:15:00,1.8218,1.9472
1789824600000,2026-09-19 13:30:00,1.8218,1.9472
1789825500000,2026-09-19 13:45:00,1.8218,1.9472
1789826400000,2026-09-19 14:00:00,1.8218,1.9472
1789827300000,2026-09-19 14:15:00,1.8218,1.9472
1789828200000,2026-09-19 14:30:00,1.8218,1.9472
1789829100000,2026-09-19 14:45:00,1.8218,1.9472
1789830000000,2026-09-19 15:00:00,1.8218,1.9472
1789830900000,2026-09-19 15:15:00,1.8218,1.9472
1789831800000,2026-09-19 15:30:00,1.8218,1.9472
1789832700000,2026-09-19 15:45:00,1.8218,1.9472
1789833600000,2026-09-19 16:00:00,1.8218,1.9472
1789834500000,2026-09-19 16:15:00,1.8218,1.9472
1789835400000,2026-09-19 16:30:00,1.8218,1.9472
1789836300000,2026-09-19 16:45:00,1.8218,1.9472
1789837200000,2026-09-19 17:00:00,1.8218,1.9472
1789838100000,2026-09-19 17:15:00,1.8218,1.9472
1789839000000,2026-09-19 17:30:00,1.8218,1.9472
1789839900000,2026-09-19 17:45:00,1.8218,1.9472
1789840800000,2026-09-19 18:00:00,1.8218,1.9472
1789841700000,2026-09-19 18:15:00,1.8218,1.9472
1789842600000,2026-09-19 18:30:00,1.8218,1.9472
1789843500000,2026-09-19 18:45:00,1.8218,1.9472
1789844400000,2026-09-19 19:00:00,1.8218,1.9472
1789845300000,2026-09-19 19:15:00,1.8218,1.9472
1789846200000,2026-09-19 19:30:00,1.8218,1.9472
1789847100000,2026-09-19 19:45:00,1.8218,1.9472
1789848000000,2026-09-19 20:00:00,1.8218,1.9472
1789848900000,2026-09-19 20:15:00,1.8218,1.9472
1789849800000,2026-09-19 20:30:00,1.8218,1.9472
1789850700000,2026-09-19 20:45:00,1.8218,1.9472
1789851600000,2026-09-19 21:00:00,1.8218,1.9472
1789852500000,2026-09-19 21:15:00,1.8218,1.9472
1789853400000,2026-09-19 21:30:00,1.8218,1.9472
1789854300000,2026-09-19 21:45:00,1.8218,1.9472
1789855200000,2026-09-19 22:00:00,1.8218,1.9472
1789856100000,2026-09-19 22:15:00,1.8218,1.9472
1789857000000,2026-09-19 22:30:00,1.8218,1.9472
1789857900000,2026-09-19 22:45:00,1.8218,1.9472
1789858800000,2026-09-19 23:00:00,1.8218,1.9472
1789859700000,2026-09-19 23:15:00,1.8218,1.9472
1789860600000,2026-09-19 23:30:00,1.8218,1.9472
1789861500000,2026-09-19 23:45:00,1.8218,1.9472
1789862400000,2026-09-20 00:00:00,1.8218,1.9472
1789863300000,2026-09-20 00:15:00,1.8218,1.9472
1789864200000,2026-09-20 00:30:00,1.8218,1.9472
1789865100000,2026-09-20 00:45:00,1.8218,1.9472
1789866000000,2026-09-20 01:00:00,1.8218,1.9472
1789866900000,2026-09-20 01:15:00,1.8218,1.9472
1789867800000,2026-09-20 01:30:00,1.8218,1.9472
1789868700000,2026-09-20 01:45:00,1.8218,1.9472
1789869600000,2026-09-20 02:00:00,1.8218,1.9472
1789870500000,2026-09-20 02:15:00,1.8218,1.9472
1789871400000,2026-09-20 02:30:00,1.8218,1.9472
1789872300000,2026-09-20 02:45:00,1.8218,1.9472
1789873200000,2026-09-20 03:00:00,1.8218,1.9472
1789874100000,2026-09-20 03:15:00,1.8218,1.9472
1789875000000,2026-09-20 03:30:00,1.8218,1.9472
1789875900000,2026-09-20 03:45:00,1.8218,1.9472
1789876800000,2026-09-20 04:00:00,1.8218,1.9472
1789877700000,2026-09-20 04:15:00,1.8218,1.9472
1789878600000,2026-09-20 04:30:00,1.8218,1.9472
1789879500000,2026-09-20 04:45:00,1.8218,1.9472
1789880400000,2026-09-20 05:00:00,1.8218,1.9472
1789881300000,2026-09-20 05:15:00,1.8218,1.9472
1789882200000,2026-09-20 05:30:00,1.8218,1.9472
1789883100000,2026-09-20 05:45:00,1.8218,1.9472
1789884000000,2026-09-20 06:00:00,1.8218,1.9472
1789884900000,2026-09-20 06:15:00,1.8218,1.9472
1789885800000,2026-09-20 06:30:00,1.8218,1.9472
1789886700000,2026-09-20 06:45:00,1.8218,1.9472
1789887600000,2026-09-20 07:00:00,1.8218,1.9472
1789888500000,2026-09-20 07:15:00,1.8218,1.9472
1789889400000,2026-09-20 07:30:00,1.8218,1.9472
1789890300000,2026-09-20 07:45:00,1.8218,1.9472
1789891200000,2026-09-20 08:00:00,1.8218,1.9472
1789892100000,2026-09-20 08:15:00,1.8218,1.9472
1789893000000,2026-09-20 08:30:00,1.8218,1.9472
1789893900000,2026-09-20 08:45:00,1.8218,1.9472
1789894800000,2026-09-20 09:00:00,1.8218,1.9472
1789895700000,2026-09-20 09:15:00,1.8218,1.9472
1789896600000,2026-09-20 09:30:00,1.8218,1.9472
1789897500000,2026-09-20 09:45:00,1.8218,1.9472
1789898400000,2026-09-20 10:00:00,1.8218,1.9472
1789899300000,2026-09-20 10:15:00,1.8218,1.9472
1789900200000,2026-09-20 10:30:00,1.8218,1.9472
1789901100000,2026-09-20 10:45:00,1.8218,1.9472
1789902000000,2026-09-20 11:00:00,1.8218,1.9472
1789902900000,2026-09-20 11:15:00,1.8218,1.9472
1789903800000,2026-09-20 11:30:00,1.8218,1.9472
1789904700000,2026-09-20 11:45:00,1.8218,1.9472
1789905600000,2026-09-20 12:00:00,1.8218,1.9472
1789906500000,2026-09-20 12:15:00,1.8218,1.9472
1789907400000,2026-09-20 12:30:00,1.8218,1.9472
1789908300000,2026-09-20 12:45:00,1.8218,1.9472
1789909200000,2026-09-20 13:00:00,1.8218,1.9472
1789910100000,2026-09-20 13:15:00,1.8218,1.9472
1789911000000,2026-09-20 13:30:00,1.8218,1.9472
1789911900000,2026-09-20 13:45:00,1.8218,1.9472
1789912800000,2026-09-20 14:00:00,1.8218,1.9472
1789913700000,2026-09-20 14:15:00,1.8218,1.9472
1789914600000,2026-09-20 14:30:00,1.8218,1.9472
1789915500000,2026-09-20 14:45:00,1.8218,1.9472
1789916400000,2026-09-20 15:00:00,1.8218,1.9472
1789917300000,2026-09-20 15:15:00,1.8218,1.9472
1789918200000,2026-09-20 15:30:00,1.8218,1.9472
1789919100000,2026-09-20 15:45:00,1.8218,1.9472
1789920000000,2026-09-20 16:00:00,1.8218,1.9472
1789920900000,2026-09-20 16:15:00,1.8218,1.9472
1789921800000,2026-09-20 16:30:00,1.8218,1.9472
1789922700000,2026-09-20 16:45:00,1.8218,1.9472
1789923600000,2026-09-20 17:00:00,1.8218,1.9472
1789924500000,2026-09-20 17:15:00,1.8218,1.9472
1789925400000,2026-09-20 17:30:00,1.8218,1.9472
1789926300000,2026-09-20 17:45:00,1.8218,1.9472
1789927200000,2026-09-20 18:00:00,1.8218,1.9472
1789928100000,2026-09-20 18:15:00,1.8218,1.9472
1789929000000,2026-09-20 18:30:00,1.8218,1.9472
1789929900000,2026-09-20 18:45:00,1.8218,1.9472
1789930800000,2026-09-20 19:00:00,1.8218,1.9472
1789931700000,2026-09-20 19:15:00,1.8218,1.9472
1789932600000,2026-09-20 19:30:00,1.8218,1.9472
1789933500000,2026-09-20 19:45:00,1.8218,1.9472
1789934400000,2026-09-20 20:00:00,1.8218,1.9472
1789935300000,2026-09-20 20:15:00,1.8218,1.9472
1789936200000,2026-09-20 20:30:00,1.8218,1.9472
1789937100000,2026-09-20 20:45:00,1.8218,1.9472
1789938000000,2026-09-20 21:00:00,1.8218,1.9472
1789938900000,2026-09-20 21:15:00,1.8218,1.9472
1789939800000,2026-09-20 21:30:00,1.8218,1.9472
1789940700000,2026-09-20 21:45:00,1.8218,1.9472
1789941600000,2026-09-20 22:00:00,1.8218,1.9472
1789942500000,2026-09-20 22:15:00,1.8218,1.9472
1789943400000,2026-09-20 22:30:00,1.8218,1.9472
1789944300000,2026-09-20 22:45:00,1.8218,1.9472
1789945200000,2026-09-20 23:00:00,1.8218,1.9472
1789946100000,2026-09-20 23:15:00,1.8218,1.9472
1789947000000,2026-09-20 23:30:00,1.8218,1.9472
1789947900000,2026-09-20 23:45:00,1.8218,1.9472
1789948800000,2026-09-21 00:00:00,1.8218,1.9472
1789949700000,2026-09-21 00:15:00,1.8218,1.9472
1789950600000,2026-09-21 00:30:00,1.8218,1.9472
1789951500000,2026-09-21 00:45:00,1.8218,1.9472
1789952400000,2026-09-21 01:00:00,1.8218,1.9472
1789953300000,2026-09-21 01:15:00,1.8218,1.9472
1789954200000,2026-09-21 01:30:00,1.8218,1.9472
1789955100000,2026-09-21 01:45:00,1.8218,1.9472
1789956000000,2026-09-21 02:00:00,1.8218,1.9472
1789956900000,2026-09-21 02:15:00,1.8218,1.9472
1789957800000,2026-09-21 02:30:00,1.8218,1.9472
1789958700000,2026-09-21 02:45:00,1.8218,1.9472
1789959600000,2026-09-21 03:00:00,1.8218,1.9472
1789960500000,2026-09-21 03:15:00,1.8218,1.9472
1789961400000,2026-09-21 03:30:00,1.8218,1.9472
1789962300000,2026-09-21 03:45:00,1.8218,1.9472
1789963200000,2026-09-21 04:00:00,1.8218,1.9472
1789964100000,2026-09-21 04:15:00,1.8218,1.9472
1789965000000,2026-09-21 04:30:00,1.8218,1.9472
1789965900000,2026-09-21 04:45:00,1.8218,1.9472
1789966800000,2026-09-21 05:00:00,1.8218,1.9472
1789967700000,2026-09-21 05:15:00,1.8218,1.9472
1789968600000,2026-09-21 05:30:00,1.8218,1.9472
1789969500000,2026-09-21 05:45:00,1.8218,1.9472
1789970400000,2026-09-21 06:00:00,1.8218,1.9472
1789971300000,2026-09-21 06:15:00,1.8218,1.9472
1789972200000,2026-09-21 06:30:00,1.8218,1.9472
1789973100000,2026-09-21 06:45:00,1.8218,1.9472
1789974000000,2026-09-21 07:00:00,1.8218,1.9472
1789974900000,2026-09-21 07:15:00,1.8218,1.9472
1789975800000,2026-09-21 07:30:00,1.8218,1.9472
1789976700000,2026-09-21 07:45:00,1.8218,1.9472
1789977600000,2026-09-21 08:00:00,1.8218,1.9472
1789978500000,2026-09-21 08:15:00,1.8218,1.9472
1789979400000,2026-09-21 08:30:00,1.8218,1.9472
1789980300000,2026-09-21 08:45:00,1.8218,1.9472
1789981200000,2026-09-21 09:00:00,1.8218,1.9472
1789982100000,2026-09-21 09:15:00,1.8218,1.9472
1789983000000,2026-09-21 09:30:00,1.8218,1.9472
1789983900000,2026-09-21 09:45:00,1.8218,1.9472
1789984800000,2026-09-21 10:00:00,1.8218,1.9472
1789985700000,2026-09-21 10:15:00,1.8218,1.9472
1789986600000,2026-09-21 10:30:00,1.8218,1.9472
1789987500000,2026-09-21 10:45:00,1.8218,1.9472
1789988400000,2026-09-21 11:00:00,1.8218,1.9472
1789989300000,2026-09-21 11:15:00,1.8218,1.9472
1789990200000,2026-09-21 11:30:00,1.8218,1.9472
1789991100000,2026-09-21 11:45:00,1.8218,1.9472
1789992000000,2026-09-21 12:00:00,1.8218,1.9472
1789992900000,2026-09-21 12:15:00,1.8218,1.9472
1789993800000,2026-09-21 12:30:00,1.8218,1.9472
1789994700000,2026-09-21 12:45:00,1.8218,1.9472
1789995600000,2026-09-21 13:00:00,1.8218,1.9472
1789996500000,2026-09-21 13:15:00,1.8218,1.9472
1789997400000,2026-09-21 13:30:00,1.8218,1.9472
1789998300000,2026-09-21 13:45:00,1.8218,1.9472
1789999200000,2026-09-21 14:00:00,1.8218,1.9472
1790000100000,2026-09-21 14:15:00,1.8218,1.9472
1790001000000,2026-09-21 14:30:00,1.8218,1.9472
1790001900000,2026-09-21 14:45:00,1.8218,1.9472
1790002800000,2026-09-21 15:00:00,1.8218,1.9472
1790003700000,2026-09-21 15:15:00,1.8218,1.9472
1790004600000,2026-09-21 15:30:00,1.8218,1.9472
1790005500000,2026-09-21 15:45:00,1.8218,1.9472
1790006400000,2026-09-21 16:00:00,1.8218,1.9472
1790007300000,2026-09-21 16:15:00,1.8218,1.9472
1790008200000,2026-09-21 16:30:00,1.8218,1.9472
1790009100000,2026-09-21 16:45:00,1.8218,1.9472
1790010000000,2026-09-21 17:00:00,1.8218,1.9472
1790010900000,2026-09-21 17:15:00,1.8218,1.9472
1790011800000,2026-09-21 17:30:00,1.8218,1.9472
1790012700000,2026-09-21 17:45:00,1.8218,1.9472
1790013600000,2026-09-21 18:00:00,1.8218,1.9472
1790014500000,2026-09-21 18:15:00,1.8218,1.9472
1790015400000,2026-09-21 18:30:00,1.8218,1.9472
1790016300000,2026-09-21 18:45:00,1.8218,1.9472
1790017200000,2026-09-21 19:00:00,1.8218,1.9472
1790018100000,2026-09-21 19:15:00,1.8218,1.9472
1790019000000,2026-09-21 19:30:00,1.8218,1.9472
1790019900000,2026-09-21 19:45:00,1.8218,1.9472
1790020800000,2026-09-21 20:00:00,1.8218,1.9472
1790021700000,2026-09-21 20:15:00,1.8218,1.9472
1790022600000,2026-09-21 20:30:00,1.8218,1.9472
1790023500000,2026-09-21 20:45:00,1.8218,1.9472
1790024400000,2026-09-21 21:00:00,1.8218,1.9472
1790025300000,2026-09-21 21:15:00,1.8218,1.9472
1790026200000,2026-09-21 21:30:00,1.8218,1.9472
1790027100000,2026-09-21 21:45:00,1.8218,1.9472
1790028000000,2026-09-21 22:00:00,1.8218,1.9472
1790028900000,2026-09-21 22:15:00,1.8218,1.9472
1790029800000,2026-09-21 22:30:00,1.8218,1.9472
1790030700000,2026-09-21 22:45:00,1.8218,1.9472
1790031600000,2026-09-21 23:00:00,1.8218,1.9472
1790032500000,2026-09-21 23:15:00,1.8218,1.9472
1790033400000,2026-09-21 23:30:00,1.8218,1.9472
1790034300000,2026-09-21 23:45:00,1.8218,1.9472
1790035200000,2026-09-22 00:00:00,1.8218,1.9472
1790036100000,2026-09-22 00:15:00,1.8218,1.9472
1790037000000,2026-09-22 00:30:00,1.8218,1.9472
1790037900000,2026-09-22 00:45:00,1.8218,1.9472
1790038800000,2026-09-22 01:00:00,1.8218,1.9472
1790039700000,2026-09-22 01:15:00,1.8218,1.9472
1790040600000,2026-09-22 01:30:00,1.8218,1.9472
1790041500000,2026-09-22 01:45:00,1.8218,1.9472
1790042400000,2026-09-22 02:00:00,1.8218,1.9472
1790043300000,2026-09-22 02:15:00,1.8218,1.9472
1790044200000,2026-09-22 02:30:00,1.8218,1.9472
1790045100000,2026-09-22 02:45:00,1.8218,1.9472
1790046000000,2026-09-22 03:00:00,1.8218,1.9472
1790046900000,2026-09-22 03:15:00,1.8218,1.9472
1790047800000,2026-09-22 03:30:00,1.8218,1.9472
1790048700000,2026-09-22 03:45:00,1.8218,1.9472
1790049600000,2026-09-22 04:00:00,1.8218,1.9472
1790050500000,2026-09-22 04:15:00,1.8218,1.9472
1790051400000,2026-09-22 04:30:00,1.8218,1.9472
1790052300000,2026-09-22 04:45:00,1.8218,1.9472
1790053200000,2026-09-22 05:00:00,1.8218,1.9472
1790054100000,2026-09-22 05:15:00,1.8218,1.9472
1790055000000,2026-09-22 05:30:00,1.8218,1.9472
1790055900000,2026-09-22 05:45:00,1.8218,1.9472
1790056800000,2026-09-22 06:00:00,1.8218,1.9472
1790057700000,2026-09-22 06:15:00,1.8218,1.9472
1790058600000,2026-09-22 06:30:00,1.8218,1.9472
1790059500000,2026-09-22 06:45:00,1.8218,1.9472
1790060400000,2026-09-22 07:00:00,1.8218,1.9472
1790061300000,2026-09-22 07:15:00,1.8218,1.9472
1790062200000,2026-09-22 07:30:00,1.8218,1.9472
1790063100000,2026-09-22 07:45:00,1.8218,1.9472
1790064000000,2026-09-22 08:00:00,1.8218,1.9472
1790064900000,2026-09-22 08:15:00,1.8218,1.9472
1790065800000,2026-09-22 08:30:00,1.8218,1.9472
1790066700000,2026-09-22 08:45:00,1.8218,1.9472
1790067600000,2026-09-22 09:00:00,1.8218,1.9472
1790068500000,2026-09-22 09:15:00,1.8218,1.9472
1790069400000,2026-09-22 09:30:00,1.8218,1.9472
1790070300000,2026-09-22 09:45:00,1.8218,1.9472
1790071200000,2026-09-22 10:00:00,1.8218,1.9472
1790072100000,2026-09-22 10:15:00,1.8218,1.9472
1790073000000,2026-09-22 10:30:00,1.8218,1.9472
1790073900000,2026-09-22 10:45:00,1.8218,1.9472
1790074800000,2026-09-22 11:00:00,1.8218,1.9472
1790075700000,2026-09-22 11:15:00,1.8218,1.9472
1790076600000,2026-09-22 11:30:00,1.8218,1.9472
1790077500000,2026-09-22 11:45:00,1.8218,1.9472
1790078400000,2026-09-22 12:00:00,1.8218,1.9472
1790079300000,2026-09-22 12:15:00,1.8218,1.9472
1790080200000,2026-09-22 12:30:00,1.8218,1.9472
1790081100000,2026-09-22 12:45:00,1.8218,1.9472
1790082000000,2026-09-22 13:00:00,1.8218,1.9472
1790082900000,2026-09-22 13:15:00,1.8218,1.9472
1790083800000,2026-09-22 13:30:00,1.8218,1.9472
1790084700000,2026-09-22 13:45:00,1.8218,1.9472
1790085600000,2026-09-22 14:00:00,1.8218,1.9472
1790086500000,2026-09-22 14:15:00,1.8218,1.9472
1790087400000,2026-09-22 14:30:00,1.8218,1.9472
1790088300000,2026-09-22 14:45:00,1.8218,1.9472
1790089200000,2026-09-22 15:00:00,1.8218,1.9472
1790090100000,2026-09-22 15:15:00,1.8218,1.9472
1790091000000,2026-09-22 15:30:00,1.8218,1.9472
1790091900000,2026-09-22 15:45:00,1.8218,1.9472
1790092800000,2026-09-22 16:00:00,1.8218,1.9472
1790093700000,2026-09-22 16:15:00,1.8218,1.9472
1790094600000,2026-09-22 16:30:00,1.8218,1.9472
1790095500000,2026-09-22 16:45:00,1.8218,1.9472
1790096400000,2026-09-22 17:00:00,1.8218,1.9472
1790097300000,2026-09-22 17:15:00,1.8218,1.9472
1790098200000,2026-09-22 17:30:00,1.8218,1.9472
1790099100000,2026-09-22 17:45:00,1.8218,1.9472
1790100000000,2026-09-22 18:00:00,1.8218,1.9472
1790100900000,2026-09-22 18:15:00,1.8218,1.9472
1790101800000,2026-09-22 18:30:00,1.8218,1.9472
1790102700000,2026-09-22 18:45:00,1.8218,1.9472
1790103600000,2026-09-22 19:00:00,1.8218,1.9472
1790104500000,2026-09-22 19:15:00,1.8218,1.9472
1790105400000,2026-09-22 19:30:00,1.8218,1.9472
1790106300000,2026-09-22 19:45:00,1.8218,1.9472
1790107200000,2026-09-22 20:00:00,1.8218,1.9472
1790108100000,2026-09-22 20:15:00,1.8218,1.9472
1790109000000,2026-09-22 20:30:00,1.8218,1.9472
1790109900000,2026-09-22 20:45:00,1.8218,1.9472
1790110800000,2026-09-22 21:00:00,1.8218,1.9472
1790111700000,2026-09-22 21:15:00,1.8218,1.9472
1790112600000,2026-09-22 21:30:00,1.8218,1.9472
1790113500000,2026-09-22 21:45:00,1.8218,1.9472
1790114400000,2026-09-22 22:00:00,1.8218,1.9472
1790115300000,2026-09-22 22:15:00,1.8218,1.9472
1790116200000,2026-09-22 22:30:00,1.8218,1.9472
1790117100000,2026-09-22 22:45:00,1.8218,1.9472
1790118000000,2026-09-22 23:00:00,1.8218,1.9472
1790118900000,2026-09-22 23:15:00,1.8218,1.9472
1790119800000,2026-09-22 23:30:00,1.8218,1.9472
1790120700000,2026-09-22 23:45:00,1.8218,1.9472
1790121600000,2026-09-23 00:00:00,1.8218,1.9472
1790122500000,2026-09-23 00:15:00,1.8218,1.9472
1790123400000,2026-09-23 00:30:00,1.8218,1.9472
1790124300000,2026-09-23 00:45:00,1.8218,1.9472
1790125200000,2026-09-23 01:00:00,1.8218,1.9472
1790126100000,2026-09-23 01:15:00,1.8218,1.9472
1790127000000,2026-09-23 01:30:00,1.8218,1.9472
1790127900000,2026-09-23 01:45:00,1.8218,1.9472
1790128800000,2026-09-23 02:00:00,1.8218,1.9472
1790129700000,2026-09-23 02:15:00,1.8218,1.9472
1790130600000,2026-09-23 02:30:00,1.8218,1.9472
1790131500000,2026-09-23 02:45:00,1.8218,1.9472
1790132400000,2026-09-23 03:00:00,1.8218,1.9472
1790133300000,2026-09-23 03:15:00,1.8218,1.9472
1790134200000,2026-09-23 03:30:00,1.8218,1.9472
1790135100000,2026-09-23 03:45:00,1.8218,1.9472
1790136000000,2026-09-23 04:00:00,1.8218,1.9472
1790136900000,2026-09-23 04:15:00,1.8218,1.9472
1790137800000,2026-09-23 04:30:00,1.8218,1.9472
1790138700000,2026-09-23 04:45:00,1.8218,1.9472
1790139600000,2026-09-23 05:00:00,1.8218,1.9472
1790140500000,2026-09-23 05:15:00,1.8218,1.9472
1790141400000,2026-09-23 05:30:00,1.8218,1.9472
1790142300000,2026-09-23 05:45:00,1.8218,1.9472
1790143200000,2026-09-23 06:00:00,1.8218,1.9472
1790144100000,2026-09-23 06:15:00,1.8218,1.9472
1790145000000,2026-09-23 06:30:00,1.8218,1.9472
1790145900000,2026-09-23 06:45:00,1.8218,1.9472
1790146800000,2026-09-23 07:00:00,1.8218,1.9472
1790147700000,2026-09-23 07:15:00,1.8218,1.9472
1790148600000,2026-09-23 07:30:00,1.8218,1.9472
1790149500000,2026-09-23 07:45:00,1.8218,1.9472
1790150400000,2026-09-23 08:00:00,1.8218,1.9472
1790151300000,2026-09-23 08:15:00,1.8218,1.9472
1790152200000,2026-09-23 08:30:00,1.8218,1.9472
1790153100000,2026-09-23 08:45:00,1.8218,1.9472
1790154000000,2026-09-23 09:00:00,1.8218,1.9472
1790154900000,2026-09-23 09:15:00,1.8218,1.9472
1790155800000,2026-09-23 09:30:00,1.8218,1.9472
1790156700000,2026-09-23 09:45:00,1.8218,1.9472
1790157600000,2026-09-23 10:00:00,1.8218,1.9472
1790158500000,2026-09-23 10:15:00,1.8218,1.9472
1790159400000,2026-09-23 10:30:00,1.8218,1.9472
1790160300000,2026-09-23 10:45:00,1.8218,1.9472
1790161200000,2026-09-23 11:00:00,1.8218,1.9472
1790162100000,2026-09-23 11:15:00,1.8218,1.9472
1790163000000,2026-09-23 11:30:00,1.8218,1.9472
1790163900000,2026-09-23 11:45:00,1.8218,1.9472
1790164800000,2026-09-23 12:00:00,1.8218,1.9472
1790165700000,2026-09-23 12:15:00,1.8218,1.9472
1790166600000,2026-09-23 12:30:00,1.8218,1.9472
1790167500000,2026-09-23 12:45:00,1.8218,1.9472
1790168400000,2026-09-23 13:00:00,1.8218,1.9472
1790169300000,2026-09-23 13:15:00,1.8218,1.9472
1790170200000,2026-09-23 13:30:00,1.8218,1.9472
1790171100000,2026-09-23 13:45:00,1.8218,1.9472
1790172000000,2026-09-23 14:00:00,1.8218,1.9472
1790172900000,2026-09-23 14:15:00,1.8218,1.9472
1790173800000,2026-09-23 14:30:00,1.8218,1.9472
1790174700000,2026-09-23 14:45:00,1.8218,1.9472
1790175600000,2026-09-23 15:00:00,1.8218,1.9472
1790176500000,2026-09-23 15:15:00,1.8218,1.9472
1790177400000,2026-09-23 15:30:00,1.8218,1.9472
1790178300000,2026-09-23 15:45:00,1.8218,1.9472
1790179200000,2026-09-23 16:00:00,1.8218,1.9472
1790180100000,2026-09-23 16:15:00,1.8218,1.9472
1790181000000,2026-09-23 16:30:00,1.8218,1.9472
1790181900000,2026-09-23 16:45:00,1.8218,1.9472
1790182800000,2026-09-23 17:00:00,1.8218,1.9472
1790183700000,2026-09-23 17:15:00,1.8218,1.9472
1790184600000,2026-09-23 17:30:00,1.8218,1.9472
1790185500000,2026-09-23 17:45:00,1.8218,1.9472
1790186400000,2026-09-23 18:00:00,1.8218,1.9472
1790187300000,2026-09-23 18:15:00,1.8218,1.9472
1790188200000,2026-09-23 18:30:00,1.8218,1.9472
1790189100000,2026-09-23 18:45:00,1.8218,1.9472
1790190000000,2026-09-23 19:00:00,1.8218,1.9472
1790190900000,2026-09-23 19:15:00,1.8218,1.9472
1790191800000,2026-09-23 19:30:00,1.8218,1.9472
1790192700000,2026-09-23 19:45:00,1.8218,1.9472
1790193600000,2026-09-23 20:00:00,1.8218,1.9472
1790194500000,2026-09-23 20:15:00,1.8218,1.9472
1790195400000,2026-09-23 20:30:00,1.8218,1.9472
1790196300000,2026-09-23 20:45:00,1.8218,1.9472
1790197200000,2026-09-23 21:00:00,1.8218,1.9472
1790198100000,2026-09-23 21:15:00,1.8218,1.9472
1790199000000,2026-09-23 21:30:00,1.8218,1.9472
1790199900000,2026-09-23 21:45:00,1.8218,1.9472
1790200800000,2026-09-23 22:00:00,1.8218,1.9472
1790201700000,2026-09-23 22:15:00,1.8218,1.9472
1790202600000,2026-09-23 22:30:00,1.8218,1.9472
1790203500000,2026-09-23 22:45:00,1.8218,1.9472
1790204400000,2026-09-23 23:00:00,1.8218,1.9472
1790205300000,2026-09-23 23:15:00,1.8218,1.9472
1790206200000,2026-09-23 23:30:00,1.8218,1.9472
1790207100000,2026-09-23 23:45:00,1.8218,1.9472
1790208000000,2026-09-24 00:00:00,1.8218,1.9472
1790208900000,2026-09-24 00:15:00,1.8218,1.9472
1790209800000,2026-09-24 00:30:00,1.8218,1.9472
1790210700000,2026-09-24 00:45:00,1.8218,1.9472
1790211600000,2026-09-24 01:00:00,1.8218,1.9472
1790212500000,2026-09-24 01:15:00,1.8218,1.9472
1790213400000,2026-09-24 01:30:00,1.8218,1.9472
1790214300000,2026-09-24 01:45:00,1.8218,1.9472
1790215200000,2026-09-24 02:00:00,1.8218,1.9472
1790216100000,2026-09-24 02:15:00,1.8218,1.9472
1790217000000,2026-09-24 02:30:00,1.8218,1.9472
1790217900000,2026-09-24 02:45:00,1.8218,1.9472
1790218800000,2026-09-24 03:00:00,1.8218,1.9472
1790219700000,2026-09-24 03:15:00,1.8218,1.9472
1790220600000,2026-09-24 03:30:00,1.8218,1.9472
1790221500000,2026-09-24 03:45:00,1.8218,1.9472
1790222400000,2026-09-24 04:00:00,1.8218,1.9472
1790223300000,2026-09-24 04:15:00,1.8218,1.9472
1790224200000,2026-09-24 04:30:00,1.8218,1.9472
1790225100000,2026-09-24 04:45:00,1.8218,1.9472
1790226000000,2026-09-24 05:00:00,1.8218,1.9472
1790226900000,2026-09-24 05:15:00,1.8218,1.9472
1790227800000,2026-09-24 05:30:00,1.8218,1.9472
1790228700000,2026-09-24 05:45:00,1.8218,1.9472
1790229600000,2026-09-24 06:00:00,1.8218,1.9472
1790230500000,2026-09-24 06:15:00,1.8218,1.9472
1790231400000,2026-09-24 06:30:00,1.8218,1.9472
1790232300000,2026-09-24 06:45:00,1.8218,1.9472
1790233200000,2026-09-24 07:00:00,1.8218,1.9472
1790234100000,2026-09-24 07:15:00,1.8218,1.9472
1790235000000,2026-09-24 07:30:00,1.8218,1.9472
1790235900000,2026-09-24 07:45:00,1.8218,1.9472
1790236800000,2026-09-24 08:00:00,1.8218,1.9472
1790237700000,2026-09-24 08:15:00,1.8218,1.9472
1790238600000,2026-09-24 08:30:00,1.8218,1.9472
1790239500000,2026-09-24 08:45:00,1.8218,1.9472
1790240400000,2026-09-24 09:00:00,1.8218,1.9472
1790241300000,2026-09-24 09:15:00,1.8218,1.9472
1790242200000,2026-09-24 09:30:00,1.8218,1.9472
1790243100000,2026-09-24 09:45:00,1.8218,1.9472
1790244000000,2026-09-24 10:00:00,1.8218,1.9472
1790244900000,2026-09-24 10:15:00,1.8218,1.9472
1790245800000,2026-09-24 10:30:00,1.8218,1.9472
1790246700000,2026-09-24 10:45:00,1.8218,1.9472
1790247600000,2026-09-24 11:00:00,1.8218,1.9472
1790248500000,2026-09-24 11:15:00,1.8218,1.9472
1790249400000,2026-09-24 11:30:00,1.8218,1.9472
1790250300000,2026-09-24 11:45:00,1.8218,1.9472
1790251200000,2026-09-24 12:00:00,1.8218,1.9472
1790252100000,2026-09-24 12:15:00,1.8218,1.9472
1790253000000,2026-09-24 12:30:00,1.8218,1.9472
1790253900000,2026-09-24 12:45:00,1.8218,1.9472
1790254800000,2026-09-24 13:00:00,1.8218,1.9472
1790255700000,2026-09-24 13:15:00,1.8218,1.9472
1790256600000,2026-09-24 13:30:00,1.8218,1.9472
1790257500000,2026-09-24 13:45:00,1.8218,1.9472
1790258400000,2026-09-24 14:00:00,1.8218,1.9472
1790259300000,2026-09-24 14:15:00,1.8218,1.9472
1790260200000,2026-09-24 14:30:00,1.8218,1.9472
1790261100000,2026-09-24 14:45:00,1.8218,1.9472
1790262000000,2026-09-24 15:00:00,1.8218,1.9472
1790262900000,2026-09-24 15:15:00,1.8218,1.9472
1790263800000,2026-09-24 15:30:00,1.8218,1.9472
1790264700000,2026-09-24 15:45:00,1.8218,1.9472
1790265600000,2026-09-24 16:00:00,1.8218,1.9472
1790266500000,2026-09-24 16:15:00,1.8218,1.9472
1790267400000,2026-09-24 16:30:00,1.8218,1.9472
1790268300000,2026-09-24 16:45:00,1.8218,1.9472
1790269200000,2026-09-24 17:00:00,1.8218,1.9472
1790270100000,2026-09-24 17:15:00,1.8218,1.9472
1790271000000,2026-09-24 17:30:00,1.8218,1.9472
1790271900000,2026-09-24 17:45:00,1.8218,1.9472
1790272800000,2026-09-24 18:00:00,1.8218,1.9472
1790273700000,2026-09-24 18:15:00,1.8218,1.9472
1790274600000,2026-09-24 18:30:00,1.8218,1.9472
1790275500000,2026-09-24 18:45:00,1.8218,1.9472
1790276400000,2026-09-24 19:00:00,1.8218,1.9472
1790277300000,2026-09-24 19:15:00,1.8218,1.9472
1790278200000,2026-09-24 19:30:00,1.8218,1.9472
1790279100000,2026-09-24 19:45:00,1.8218,1.9472
1790280000000,2026-09-24 20:00:00,1.8218,1.9472
1790280900000,2026-09-24 20:15:00,1.8218,1.9472
1790281800000,2026-09-24 20:30:00,1.8218,1.9472
1790282700000,2026-09-24 20:45:00,1.8218,1.9472
1790283600000,2026-09-24 21:00:00,1.8218,1.9472
1790284500000,2026-09-24 21:15:00,1.8218,1.9472
1790285400000,2026-09-24 21:30:00,1.8218,1.9472
1790286300000,2026-09-24 21:45:00,1.8218,1.9472
1790287200000,2026-09-24 22:00:00,1.8218,1.9472
1790288100000,2026-09-24 22:15:00,1.8218,1.9472
1790289000000,2026-09-24 22:30:00,1.8218,1.9472
1790289900000,2026-09-24 22:45:00,1.8218,1.9472
1790290800000,2026-09-24 23:00:00,1.8218,1.9472
1790291700000,2026-09-24 23:15:00,1.8218,1.9472
1790292600000,2026-09-24 23:30:00,1.8218,1.9472
1790293500000,2026-09-24 23:45:00,1.8218,1.9472
1790294400000,2026-09-25 00:00:00,1.8218,1.9472
1790295300000,2026-09-25 00:15:00,1.8218,1.9472
1790296200000,2026-09-25 00:30:00,1.8218,1.9472
1790297100000,2026-09-25 00:45:00,1.8218,1.9472
1790298000000,2026-09-25 01:00:00,1.8218,1.9472
1790298900000,2026-09-25 01:15:00,1.8218,1.9472
1790299800000,2026-09-25 01:30:00,1.8218,1.9472
1790300700000,2026-09-25 01:45:00,1.8218,1.9472
1790301600000,2026-09-25 02:00:00,1.8218,1.9472
1790302500000,2026-09-25 02:15:00,1.8218,1.9472
1790303400000,2026-09-25 02:30:00,1.8218,1.9472
1790304300000,2026-09-25 02:45:00,1.8218,1.9472
1790305200000,2026-09-25 03:00:00,1.8218,1.9472
1790306100000,2026-09-25 03:15:00,1.8218,1.9472
1790307000000,2026-09-25 03:30:00,1.8218,1.9472
1790307900000,2026-09-25 03:45:00,1.8218,1.9472
1790308800000,2026-09-25 04:00:00,1.8218,1.9472
1790309700000,2026-09-25 04:15:00,1.8218,1.9472
1790310600000,2026-09-25 04:30:00,1.8218,1.9472
1790311500000,2026-09-25 04:45:00,1.8218,1.9472
1790312400000,2026-09-25 05:00:00,1.8218,1.9472
1790313300000,2026-09-25 05:15:00,1.8218,1.9472
1790314200000,2026-09-25 05:30:00,1.8218,1.9472
1790315100000,2026-09-25 05:45:00,1.8218,1.9472
1790316000000,2026-09-25 06:00:00,1.8218,1.9472
1790316900000,2026-09-25 06:15:00,1.8218,1.9472
1790317800000,2026-09-25 06:30:00,1.8218,1.9472
1790318700000,2026-09-25 06:45:00,1.8218,1.9472
1790319600000,2026-09-25 07:00:00,1.8218,1.9472
1790320500000,2026-09-25 07:15:00,1.8218,1.9472
1790321400000,2026-09-25 07:30:00,1.8218,1.9472
1790322300000,2026-09-25 07:45:00,1.8218,1.9472
1790323200000,2026-09-25 08:00:00,1.8218,1.9472
1790324100000,2026-09-25 08:15:00,1.8218,1.9472
1790325000000,2026-09-25 08:30:00,1.8218,1.9472
1790325900000,2026-09-25 08:45:00,1.8218,1.9472
1790326800000,2026-09-25 09:00:00,1.8218,1.9472
1790327700000,2026-09-25 09:15:00,1.8218,1.9472
1790328600000,2026-09-25 09:30:00,1.8218,1.9472
1790329500000,2026-09-25 09:45:00,1.8218,1.9472
1790330400000,2026-09-25 10:00:00,1.8218,1.9472
1790331300000,2026-09-25 10:15:00,1.8218,1.9472
1790332200000,2026-09-25 10:30:00,1.8218,1.9472
1790333100000,2026-09-25 10:45:00,1.8218,1.9472
1790334000000,2026-09-25 11:00:00,1.8218,1.9472
1790334900000,2026-09-25 11:15:00,1.8218,1.9472
1790335800000,2026-09-25 11:30:00,1.8218,1.9472
1790336700000,2026-09-25 11:45:00,1.8218,1.9472
1790337600000,2026-09-25 12:00:00,1.8218,1.9472
1790338500000,2026-09-25 12:15:00,1.8218,1.9472
1790339400000,2026-09-25 12:30:00,1.8218,1.9472
1790340300000,2026-09-25 12:45:00,1.8218,1.9472
1790341200000,2026-09-25 13:00:00,1.8218,1.9472
1790342100000,2026-09-25 13:15:00,1.8218,1.9472
1790343000000,2026-09-25 13:30:00,1.8218,1.9472
1790343900000,2026-09-25 13:45:00,1.8218,1.9472
1790344800000,2026-09-25 14:00:00,1.8218,1.9472
1790345700000,2026-09-25 14:15:00,1.8218,1.9472
1790346600000,2026-09-25 14:30:00,1.8218,1.9472
1790347500000,2026-09-25 14:45:00,1.8218,1.9472
1790348400000,2026-09-25 15:00:00,1.8218,1.9472
1790349300000,2026-09-25 15:15:00,1.8218,1.9472
1790350200000,2026-09-25 15:30:00,1.8218,1.9472
1790351100000,2026-09-25 15:45:00,1.8218,1.9472
1790352000000,2026-09-25 16:00:00,1.8218,1.9472
1790352900000,2026-09-25 16:15:00,1.8218,1.9472
1790353800000,2026-09-25 16:30:00,1.8218,1.9472
1790354700000,2026-09-25 16:45:00,1.8218,1.9472
1790355600000,2026-09-25 17:00:00,1.8218,1.9472
1790356500000,2026-09-25 17:15:00,1.8218,1.9472
1790357400000,2026-09-25 17:30:00,1.8218,1.9472
1790358300000,2026-09-25 17:45:00,1.8218,1.9472
1790359200000,2026-09-25 18:00:00,1.8218,1.9472
1790360100000,2026-09-25 18:15:00,1.8218,1.9472
1790361000000,2026-09-25 18:30:00,1.8218,1.9472
1790361900000,2026-09-25 18:45:00,1.8218,1.9472
1790362800000,2026-09-25 19:00:00,1.8218,1.9472
1790363700000,2026-09-25 19:15:00,1.8218,1.9472
1790364600000,2026-09-25 19:30:00,1.8218,1.9472
1790365500000,2026-09-25 19:45:00,1.8218,1.9472
1790366400000,2026-09-25 20:00:00,1.8218,1.9472
1790367300000,2026-09-25 20:15:00,1.8218,1.9472
1790368200000,2026-09-25 20:30:00,1.8218,1.9472
1790369100000,2026-09-25 20:45:00,1.8218,1.9472
1790370000000,2026-09-25 21:00:00,1.8218,1.9472
1790370900000,2026-09-25 21:15:00,1.8218,1.9472
1790371800000,2026-09-25 21:30:00,1.8218,1.9472
1790372700000,2026-09-25 21:45:00,1.8218,1.9472
1790373600000,2026-09-25 22:00:00,1.8218,1.9472
1790374500000,2026-09-25 22:15:00,1.8218,1.9472
1790375400000,2026-09-25 22:30:00,1.8218,1.9472
1790376300000,2026-09-25 22:45:00,1.8218,1.9472
1790377200000,2026-09-25 23:00:00,1.8218,1.9472
1790378100000,2026-09-25 23:15:00,1.8218,1.9472
1790379000000,2026-09-25 23:30:00,1.8218,1.9472
1790379900000,2026-09-25 23:45:00,1.8218,1.9472
1790380800000,2026-09-26 00:00:00,1.8218,1.9472
1790381700000,2026-09-26 00:15:00,1.8218,1.9472
1790382600000,2026-09-26 00:30:00,1.8218,1.9472
1790383500000,2026-09-26 00:45:00,1.8218,1.9472
1790384400000,2026-09-26 01:00:00,1.8218,1.9472
1790385300000,2026-09-26 01:15:00,1.8218,1.9472
1790386200000,2026-09-26 01:30:00,1.8218,1.9472
1790387100000,2026-09-26 01:45:00,1.8218,1.9472
1790388000000,2026-09-26 02:00:00,1.8218,1.9472
1790388900000,2026-09-26 02:15:00,1.8218,1.9472
1790389800000,2026-09-26 02:30:00,1.8218,1.9472
1790390700000,2026-09-26 02:45:00,1.8218,1.9472
1790391600000,2026-09-26 03:00:00,1.8218,1.9472
1790392500000,2026-09-26 03:15:00,1.8218,1.9472
1790393400000,2026-09-26 03:30:00,1.8218,1.9472
1790394300000,2026-09-26 03:45:00,1.8218,1.9472
1790395200000,2026-09-26 04:00:00,1.8218,1.9472
1790396100000,2026-09-26 04:15:00,1.8218,1.9472
1790397000000,2026-09-26 04:30:00,1.8218,1.9472
1790397900000,2026-09-26 04:45:00,1.8218,1.9472
1790398800000,2026-09-26 05:00:00,1.8218,1.9472
1790399700000,2026-09-26 05:15:00,1.8218,1.9472
1790400600000,2026-09-26 05:30:00,1.8218,1.9472
1790401500000,2026-09-26 05:45:00,1.8218,1.9472
1790402400000,2026-09-26 06:00:00,1.8218,1.9472
1790403300000,2026-09-26 06:15:00,1.8218,1.9472
1790404200000,2026-09-26 06:30:00,1.8218,1.9472
1790405100000,2026-09-26 06:45:00,1.8218,1.9472
1790406000000,2026-09-26 07:00:00,1.8218,1.9472
1790406900000,2026-09-26 07:15:00,1.8218,1.9472
1790407800000,2026-09-26 07:30:00,1.8218,1.9472
1790408700000,2026-09-26 07:45:00,1.8218,1.9472
1790409600000,2026-09-26 08:00:00,1.8218,1.9472
1790410500000,2026-09-26 08:15:00,1.8218,1.9472
1790411400000,2026-09-26 08:30:00,1.8218,1.9472
1790412300000,2026-09-26 08:45:00,1.8218,1.9472
1790413200000,2026-09-26 09:00:00,1.8218,1.9472
1790414100000,2026-09-26 09:15:00,1.8218,1.9472
1790415000000,2026-09-26 09:30:00,1.8218,1.9472
1790415900000,2026-09-26 09:45:00,1.8218,1.9472
1790416800000,2026-09-26 10:00:00,1.8218,1.9472
1790417700000,2026-09-26 10:15:00,1.8218,1.9472
1790418600000,2026-09-26 10:30:00,1.8218,1.9472
1790419500000,2026-09-26 10:45:00,1.8218,1.9472
1790420400000,2026-09-26 11:00:00,1.8218,1.9472
1790421300000,2026-09-26 11:15:00,1.8218,1.9472
1790422200000,2026-09-26 11:30:00,1.8218,1.9472
1790423100000,2026-09-26 11:45:00,1.8218,1.9472
1790424000000,2026-09-26 12:00:00,1.8218,1.9472
1790424900000,2026-09-26 12:15:00,1.8218,1.9472
1790425800000,2026-09-26 12:30:00,1.8218,1.9472
1790426700000,2026-09-26 12:45:00,1.8218,1.9472
1790427600000,2026-09-26 13:00:00,1.8218,1.9472
1790428500000,2026-09-26 13:15:00,1.8218,1.9472
1790429400000,2026-09-26 13:30:00,1.8218,1.9472
1790430300000,2026-09-26 13:45:00,1.8218,1.9472
1790431200000,2026-09-26 14:00:00,1.8218,1.9472
1790432100000,2026-09-26 14:15:00,1.8218,1.9472
1790433000000,2026-09-26 14:30:00,1.8218,1.9472
1790433900000,2026-09-26 14:45:00,1.8218,1.9472
1790434800000,2026-09-26 15:00:00,1.8218,1.9472
1790435700000,2026-09-26 15:15:00,1.8218,1.9472
1790436600000,2026-09-26 15:30:00,1.8218,1.9472
1790437500000,2026-09-26 15:45:00,1.8218,1.9472
1790438400000,2026-09-26 16:00:00,1.8218,1.9472
1790439300000,2026-09-26 16:15:00,1.8218,1.9472
1790440200000,2026-09-26 16:30:00,1.8218,1.9472
1790441100000,2026-09-26 16:45:00,1.8218,1.9472
1790442000000,2026-09-26 17:00:00,1.8218,1.9472
1790442900000,2026-09-26 17:15:00,1.8218,1.9472
1790443800000,2026-09-26 17:30:00,1.8218,1.9472
1790444700000,2026-09-26 17:45:00,1.8218,1.9472
1790445600000,2026-09-26 18:00:00,1.8218,1.9472
1790446500000,2026-09-26 18:15:00,1.8218,1.9472
1790447400000,2026-09-26 18:30:00,1.8218,1.9472
1790448300000,2026-09-26 18:45:00,1.8218,1.9472
1790449200000,2026-09-26 19:00:00,1.8218,1.9472
1790450100000,2026-09-26 19:15:00,1.8218,1.9472
1790451000000,2026-09-26 19:30:00,1.8218,1.9472
1790451900000,2026-09-26 19:45:00,1.8218,1.9472
1790452800000,2026-09-26 20:00:00,1.8218,1.9472
1790453700000,2026-09-26 20:15:00,1.8218,1.9472
1790454600000,2026-09-26 20:30:00,1.8218,1.9472
1790455500000,2026-09-26 20:45:00,1.8218,1.9472
1790456400000,2026-09-26 21:00:00,1.8218,1.9472
1790457300000,2026-09-26 21:15:00,1.8218,1.9472
1790458200000,2026-09-26 21:30:00,1.8218,1.9472
1790459100000,2026-09-26 21:45:00,1.8218,1.9472
1790460000000,2026-09-26 22:00:00,1.8218,1.9472
1790460900000,2026-09-26 22:15:00,1.8218,1.9472
1790461800000,2026-09-26 22:30:00,1.8218,1.9472
1790462700000,2026-09-26 22:45:00,1.8218,1.9472
1790463600000,2026-09-26 23:00:00,1.8218,1.9472
1790464500000,2026-09-26 23:15:00,1.8218,1.9472
1790465400000,2026-09-26 23:30:00,1.8218,1.9472
1790466300000,2026-09-26 23:45:00,1.8218,1.9472
1790467200000,2026-09-27 00:00:00,1.8218,1.9472
1790468100000,2026-09-27 00:15:00,1.8218,1.9472
1790469000000,2026-09-27 00:30:00,1.8218,1.9472
1790469900000,2026-09-27 00:45:00,1.8218,1.9472
1790470800000,2026-09-27 01:00:00,1.8218,1.9472
1790471700000,2026-09-27 01:15:00,1.8218,1.9472
1790472600000,2026-09-27 01:30:00,1.8218,1.9472
1790473500000,2026-09-27 01:45:00,1.8218,1.9472
1790474400000,2026-09-27 02:00:00,1.8218,1.9472
1790475300000,2026-09-27 02:15:00,1.8218,1.9472
1790476200000,2026-09-27 02:30:00,1.8218,1.9472
1790477100000,2026-09-27 02:45:00,1.8218,1.9472
1790478000000,2026-09-27 03:00:00,1.8218,1.9472
1790478900000,2026-09-27 03:15:00,1.8218,1.9472
1790479800000,2026-09-27 03:30:00,1.8218,1.9472
1790480700000,2026-09-27 03:45:00,1.8218,1.9472
1790481600000,2026-09-27 04:00:00,1.8218,1.9472
1790482500000,2026-09-27 04:15:00,1.8218,1.9472
1790483400000,2026-09-27 04:30:00,1.8218,1.9472
1790484300000,2026-09-27 04:45:00,1.8218,1.9472
1790485200000,2026-09-27 05:00:00,1.8218,1.9472
1790486100000,2026-09-27 05:15:00,1.8218,1.9472
1790487000000,2026-09-27 05:30:00,1.8218,1.9472
1790487900000,2026-09-27 05:45:00,1.8218,1.9472
1790488800000,2026-09-27 06:00:00,1.8218,1.9472
1790489700000,2026-09-27 06:15:00,1.8218,1.9472
1790490600000,2026-09-27 06:30:00,1.8218,1.9472
1790491500000,2026-09-27 06:45:00,1.8218,1.9472
1790492400000,2026-09-27 07:00:00,1.8218,1.9472
1790493300000,2026-09-27 07:15:00,1.8218,1.9472
1790494200000,2026-09-27 07:30:00,1.8218,1.9472
1790495100000,2026-09-27 07:45:00,1.8218,1.9472
1790496000000,2026-09-27 08:00:00,1.8218,1.9472
1790496900000,2026-09-27 08:15:00,1.8218,1.9472
1790497800000,2026-09-27 08:30:00,1.8218,1.9472
1790498700000,2026-09-27 08:45:00,1.8218,1.9472
1790499600000,2026-09-27 09:00:00,1.8218,1.9472
1790500500000,2026-09-27 09:15:00,1.8218,1.9472
1790501400000,2026-09-27 09:30:00,1.8218,1.9472
1790502300000,2026-09-27 09:45:00,1.8218,1.9472
1790503200000,2026-09-27 10:00:00,1.8218,1.9472
1790504100000,2026-09-27 10:15:00,1.8218,1.9472
1790505000000,2026-09-27 10:30:00,1.8218,1.9472
1790505900000,2026-09-27 10:45:00,1.8218,1.9472
1790506800000,2026-09-27 11:00:00,1.8218,1.9472
1790507700000,2026-09-27 11:15:00,1.8218,1.9472
1790508600000,2026-09-27 11:30:00,1.8218,1.9472
1790509500000,2026-09-27 11:45:00,1.8218,1.9472
1790510400000,2026-09-27 12:00:00,1.8218,1.9472
1790511300000,2026-09-27 12:15:00,1.8218,1.9472
1790512200000,2026-09-27 12:30:00,1.8218,1.9472
1790513100000,2026-09-27 12:45:00,1.8218,1.9472
1790514000000,2026-09-27 13:00:00,1.8218,1.9472
1790514900000,2026-09-27 13:15:00,1.8218,1.9472
1790515800000,2026-09-27 13:30:00,1.8218,1.9472
1790516700000,2026-09-27 13:45:00,1.8218,1.9472
1790517600000,2026-09-27 14:00:00,1.8218,1.9472
1790518500000,2026-09-27 14:15:00,1.8218,1.9472
1790519400000,2026-09-27 14:30:00,1.8218,1.9472
1790520300000,2026-09-27 14:45:00,1.8218,1.9472
1790521200000,2026-09-27 15:00:00,1.8218,1.9472
1790522100000,2026-09-27 15:15:00,1.8218,1.9472
1790523000000,2026-09-27 15:30:00,1.8218,1.9472
1790523900000,2026-09-27 15:45:00,1.8218,1.9472
1790524800000,2026-09-27 16:00:00,1.8218,1.9472
1790525700000,2026-09-27 16:15:00,1.8218,1.9472
1790526600000,2026-09-27 16:30:00,1.8218,1.9472
1790527500000,2026-09-27 16:45:00,1.8218,1.9472
1790528400000,2026-09-27 17:00:00,1.8218,1.9472
1790529300000,2026-09-27 17:15:00,1.8218,1.9472
1790530200000,2026-09-27 17:30:00,1.8218,1.9472
1790531100000,2026-09-27 17:45:00,1.8218,1.9472
1790532000000,2026-09-27 18:00:00,1.8218,1.9472
1790532900000,2026-09-27 18:15:00,1.8218,1.9472
1790533800000,2026-09-27 18:30:00,1.8218,1.9472
1790534700000,2026-09-27 18:45:00,1.8218,1.9472
1790535600000,2026-09-27 19:00:00,1.8218,1.9472
1790536500000,2026-09-27 19:15:00,1.8218,1.9472
1790537400000,2026-09-27 19:30:00,1.8218,1.9472
1790538300000,2026-09-27 19:45:00,1.8218,1.9472
1790539200000,2026-09-27 20:00:00,1.8218,1.9472
1790540100000,2026-09-27 20:15:00,1.8218,1.9472
1790541000000,2026-09-27 20:30:00,1.8218,1.9472
1790541900000,2026-09-27 20:45:00,1.8218,1.9472
1790542800000,2026-09-27 21:00:00,1.8218,1.9472
1790543700000,2026-09-27 21:15:00,1.8218,1.9472
1790544600000,2026-09-27 21:30:00,1.8218,1.9472
1790545500000,2026-09-27 21:45:00,1.8218,1.9472
1790546400000,2026-09-27 22:00:00,1.8218,1.9472
1790547300000,2026-09-27 22:15:00,1.8218,1.9472
1790548200000,2026-09-27 22:30:00,1.8218,1.9472
1790549100000,2026-09-27 22:45:00,1.8218,1.9472
1790550000000,2026-09-27 23:00:00,1.8218,1.9472
1790550900000,2026-09-27 23:15:00,1.8218,1.9472
1790551800000,2026-09-27 23:30:00,1.8218,1.9472
1790552700000,2026-09-27 23:45:00,1.8218,1.9472
1790553600000,2026-09-28 00:00:00,1.8218,1.9472
1790554500000,2026-09-28 00:15:00,1.8218,1.9472
1790555400000,2026-09-28 00:30:00,1.8218,1.9472
1790556300000,2026-09-28 00:45:00,1.8218,1.9472
1790557200000,2026-09-28 01:00:00,1.8218,1.9472
1790558100000,2026-09-28 01:15:00,1.8218,1.9472
1790559000000,2026-09-28 01:30:00,1.8218,1.9472
1790559900000,2026-09-28 01:45:00,1.8218,1.9472
1790560800000,2026-09-28 02:00:00,1.8218,1.9472
1790561700000,2026-09-28 02:15:00,1.8218,1.9472
1790562600000,2026-09-28 02:30:00,1.8218,1.9472
1790563500000,2026-09-28 02:45:00,1.8218,1.9472
1790564400000,2026-09-28 03:00:00,1.8218,1.9472
1790565300000,2026-09-28 03:15:00,1.8218,1.9472
1790566200000,2026-09-28 03:30:00,1.8218,1.9472
1790567100000,2026-09-28 03:45:00,1.8218,1.9472
1790568000000,2026-09-28 04:00:00,1.8218,1.9472
1790568900000,2026-09-28 04:15:00,1.8218,1.9472
1790569800000,2026-09-28 04:30:00,1.8218,1.9472
1790570700000,2026-09-28 04:45:00,1.8218,1.9472
1790571600000,2026-09-28 05:00:00,1.8218,1.9472
1790572500000,2026-09-28 05:15:00,1.8218,1.9472
1790573400000,2026-09-28 05:30:00,1.8218,1.9472
1790574300000,2026-09-28 05:45:00,1.8218,1.9472
1790575200000,2026-09-28 06:00:00,1.8218,1.9472
1790576100000,2026-09-28 06:15:00,1.8218,1.9472
1790577000000,2026-09-28 06:30:00,1.8218,1.9472
1790577900000,2026-09-28 06:45:00,1.8218,1.9472
1790578800000,2026-09-28 07:00:00,1.8218,1.9472
1790579700000,2026-09-28 07:15:00,1.8218,1.9472
1790580600000,2026-09-28 07:30:00,1.8218,1.9472
1790581500000,2026-09-28 07:45:00,1.8218,1.9472
1790582400000,2026-09-28 08:00:00,1.8218,1.9472
1790583300000,2026-09-28 08:15:00,1.8218,1.9472
1790584200000,2026-09-28 08:30:00,1.8218,1.9472
1790585100000,2026-09-28 08:45:00,1.8218,1.9472
1790586000000,2026-09-28 09:00:00,1.8218,1.9472
1790586900000,2026-09-28 09:15:00,1.8218,1.9472
1790587800000,2026-09-28 09:30:00,1.8218,1.9472
1790588700000,2026-09-28 09:45:00,1.8218,1.9472
1790589600000,2026-09-28 10:00:00,1.8218,1.9472
1790590500000,2026-09-28 10:15:00,1.8218,1.9472
1790591400000,2026-09-28 10:30:00,1.8218,1.9472
1790592300000,2026-09-28 10:45:00,1.8218,1.9472
1790593200000,2026-09-28 11:00:00,1.8218,1.9472
1790594100000,2026-09-28 11:15:00,1.8218,1.9472
1790595000000,2026-09-28 11:30:00,1.8218,1.9472
1790595900000,2026-09-28 11:45:00,1.8218,1.9472
1790596800000,2026-09-28 12:00:00,1.8218,1.9472
1790597700000,2026-09-28 12:15:00,1.8218,1.9472
1790598600000,2026-09-28 12:30:00,1.8218,1.9472
1790599500000,2026-09-28 12:45:00,1.8218,1.9472
1790600400000,2026-09-28 13:00:00,1.8218,1.9472
1790601300000,2026-09-28 13:15:00,1.8218,1.9472
1790602200000,2026-09-28 13:30:00,1.8218,1.9472
1790603100000,2026-09-28 13:45:00,1.8218,1.9472
1790604000000,2026-09-28 14:00:00,1.8218,1.9472
1790604900000,2026-09-28 14:15:00,1.8218,1.9472
1790605800000,2026-09-28 14:30:00,1.8218,1.9472
1790606700000,2026-09-28 14:45:00,1.8218,1.9472
1790607600000,2026-09-28 15:00:00,1.8218,1.9472
1790608500000,2026-09-28 15:15:00,1.8218,1.9472
1790609400000,2026-09-28 15:30:00,1.8218,1.9472
1790610300000,2026-09-28 15:45:00,1.8218,1.9472
1790611200000,2026-09-28 16:00:00,1.8218,1.9472
1790612100000,2026-09-28 16:15:00,1.8218,1.9472
1790613000000,2026-09-28 16:30:00,1.8218,1.9472
1790613900000,2026-09-28 16:45:00,1.8218,1.9472
1790614800000,2026-09-28 17:00:00,1.8218,1.9472
1790615700000,2026-09-28 17:15:00,1.8218,1.9472
1790616600000,2026-09-28 17:30:00,1.8218,1.9472
1790617500000,2026-09-28 17:45:00,1.8218,1.9472
1790618400000,2026-09-28 18:00:00,1.8218,1.9472
1790619300000,2026-09-28 18:15:00,1.8218,1.9472
1790620200000,2026-09-28 18:30:00,1.8218,1.9472
1790621100000,2026-09-28 18:45:00,1.8218,1.9472
1790622000000,2026-09-28 19:00:00,1.8218,1.9472
1790622900000,2026-09-28 19:15:00,1.8218,1.9472
1790623800000,2026-09-28 19:30:00,1.8218,1.9472
1790624700000,2026-09-28 19:45:00,1.8218,1.9472
1790625600000,2026-09-28 20:00:00,1.8218,1.9472
1790626500000,2026-09-28 20:15:00,1.8218,1.9472
1790627400000,2026-09-28 20:30:00,1.8218,1.9472
1790628300000,2026-09-28 20:45:00,1.8218,1.9472
1790629200000,2026-09-28 21:00:00,1.8218,1.9472
1790630100000,2026-09-28 21:15:00,1.8218,1.9472
1790631000000,2026-09-28 21:30:00,1.8218,1.9472
1790631900000,2026-09-28 21:45:00,1.8218,1.9472
1790632800000,2026-09-28 22:00:00,1.8218,1.9472
1790633700000,2026-09-28 22:15:00,1.8218,1.9472
1790634600000,2026-09-28 22:30:00,1.8218,1.9472
1790635500000,2026-09-28 22:45:00,1.8218,1.9472
1790636400000,2026-09-28 23:00:00,1.8218,1.9472
1790637300000,2026-09-28 23:15:00,1.8218,1.9472
1790638200000,2026-09-28 23:30:00,1.8218,1.9472
1790639100000,2026-09-28 23:45:00,1.8218,1.9472
1790640000000,2026-09-29 00:00:00,1.8218,1.9472
1790640900000,2026-09-29 00:15:00,1.8218,1.9472
1790641800000,2026-09-29 00:30:00,1.8218,1.9472
1790642700000,2026-09-29 00:45:00,1.8218,1.9472
1790643600000,2026-09-29 01:00:00,1.8218,1.9472
1790644500000,2026-09-29 01:15:00,1.8218,1.9472
1790645400000,2026-09-29 01:30:00,1.8218,1.9472
1790646300000,2026-09-29 01:45:00,1.8218,1.9472
1790647200000,2026-09-29 02:00:00,1.8218,1.9472
1790648100000,2026-09-29 02:15:00,1.8218,1.9472
1790649000000,2026-09-29 02:30:00,1.8218,1.9472
1790649900000,2026-09-29 02:45:00,1.8218,1.9472
1790650800000,2026-09-29 03:00:00,1.8218,1.9472
1790651700000,2026-09-29 03:15:00,1.8218,1.9472
1790652600000,2026-09-29 03:30:00,1.8218,1.9472
1790653500000,2026-09-29 03:45:00,1.8218,1.9472
1790654400000,2026-09-29 04:00:00,1.8218,1.9472
1790655300000,2026-09-29 04:15:00,1.8218,1.9472
1790656200000,2026-09-29 04:30:00,1.8218,1.9472
1790657100000,2026-09-29 04:45:00,1.8218,1.9472
1790658000000,2026-09-29 05:00:00,1.8218,1.9472
1790658900000,2026-09-29 05:15:00,1.8218,1.9472
1790659800000,2026-09-29 05:30:00,1.8218,1.9472
1790660700000,2026-09-29 05:45:00,1.8218,1.9472
1790661600000,2026-09-29 06:00:00,1.8218,1.9472
1790662500000,2026-09-29 06:15:00,1.8218,1.9472
1790663400000,2026-09-29 06:30:00,1.8218,1.9472
1790664300000,2026-09-29 06:45:00,1.8218,1.9472
1790665200000,2026-09-29 07:00:00,1.8218,1.9472
1790666100000,2026-09-29 07:15:00,1.8218,1.9472
1790667000000,2026-09-29 07:30:00,1.8218,1.9472
1790667900000,2026-09-29 07:45:00,1.8218,1.9472
1790668800000,2026-09-29 08:00:00,1.8218,1.9472
1790669700000,2026-09-29 08:15:00,1.8218,1.9472
1790670600000,2026-09-29 08:30:00,1.8218,1.9472
1790671500000,2026-09-29 08:45:00,1.8218,1.9472
1790672400000,2026-09-29 09:00:00,1.8218,1.9472
1790673300000,2026-09-29 09:15:00,1.8218,1.9472
1790674200000,2026-09-29 09:30:00,1.8218,1.9472
1790675100000,2026-09-29 09:45:00,1.8218,1.9472
1790676000000,2026-09-29 10:00:00,1.8218,1.9472
1790676900000,2026-09-29 10:15:00,1.8218,1.9472
1790677800000,2026-09-29 10:30:00,1.8218,1.9472
1790678700000,2026-09-29 10:45:00,1.8218,1.9472
1790679600000,2026-09-29 11:00:00,1.8218,1.9472
1790680500000,2026-09-29 11:15:00,1.8218,1.9472
1790681400000,2026-09-29 11:30:00,1.8218,1.9472
1790682300000,2026-09-29 11:45:00,1.8218,1.9472
1790683200000,2026-09-29 12:00:00,1.8218,1.9472
1790684100000,2026-09-29 12:15:00,1.8218,1.9472
1790685000000,2026-09-29 12:30:00,1.8218,1.9472
1790685900000,2026-09-29 12:45:00,1.8218,1.9472
1790686800000,2026-09-29 13:00:00,1.8218,1.9472
1790687700000,2026-09-29 13:15:00,1.8218,1.9472
1790688600000,2026-09-29 13:30:00,1.8218,1.9472
1790689500000,2026-09-29 13:45:00,1.8218,1.9472
1790690400000,2026-09-29 14:00:00,1.8218,1.9472
1790691300000,2026-09-29 14:15:00,1.8218,1.9472
1790692200000,2026-09-29 14:30:00,1.8218,1.9472
1790693100000,2026-09-29 14:45:00,1.8218,1.9472
1790694000000,2026-09-29 15:00:00,1.8218,1.9472
1790694900000,2026-09-29 15:15:00,1.8218,1.9472
1790695800000,2026-09-29 15:30:00,1.8218,1.9472
1790696700000,2026-09-29 15:45:00,1.8218,1.9472
1790697600000,2026-09-29 16:00:00,1.8218,1.9472
1790698500000,2026-09-29 16:15:00,1.8218,1.9472
1790699400000,2026-09-29 16:30:00,1.8218,1.9472
1790700300000,2026-09-29 16:45:00,1.8218,1.9472
1790701200000,2026-09-29 17:00:00,1.8218,1.9472
1790702100000,2026-09-29 17:15:00,1.8218,1.9472
1790703000000,2026-09-29 17:30:00,1.8218,1.9472
1790703900000,2026-09-29 17:45:00,1.8218,1.9472
1790704800000,2026-09-29 18:00:00,1.8218,1.9472
1790705700000,2026-09-29 18:15:00,1.8218,1.9472
1790706600000,2026-09-29 18:30:00,1.8218,1.9472
1790707500000,2026-09-29 18:45:00,1.8218,1.9472
1790708400000,2026-09-29 19:00:00,1.8218,1.9472
1790709300000,2026-09-29 19:15:00,1.8218,1.9472
1790710200000,2026-09-29 19:30:00,1.8218,1.9472
1790711100000,2026-09-29 19:45:00,1.8218,1.9472
1790712000000,2026-09-29 20:00:00,1.8218,1.9472
1790712900000,2026-09-29 20:15:00,1.8218,1.9472
1790713800000,2026-09-29 20:30:00,1.8218,1.9472
1790714700000,2026-09-29 20:45:00,1.8218,1.9472
1790715600000,2026-09-29 21:00:00,1.8218,1.9472
1790716500000,2026-09-29 21:15:00,1.8218,1.9472
1790717400000,2026-09-29 21:30:00,1.8218,1.9472
1790718300000,2026-09-29 21:45:00,1.8218,1.9472
1790719200000,2026-09-29 22:00:00,1.8218,1.9472
1790720100000,2026-09-29 22:15:00,1.8218,1.9472
1790721000000,2026-09-29 22:30:00,1.8218,1.9472
1790721900000,2026-09-29 22:45:00,1.8218,1.9472
1790722800000,2026-09-29 23:00:00,1.8218,1.9472
1790723700000,2026-09-29 23:15:00,1.8218,1.9472
1790724600000,2026-09-29 23:30:00,1.8218,1.9472
1790725500000,2026-09-29 23:45:00,1.8218,1.9472
1790726400000,2026-09-30 00:00:00,1.8218,1.9472
1790727300000,2026-09-30 00:15:00,1.8218,1.9472
1790728200000,2026-09-30 00:30:00,1.8218,1.9472
1790729100000,2026-09-30 00:45:00,1.8218,1.9472
1790730000000,2026-09-30 01:00:00,1.8218,1.9472
1790730900000,2026-09-30 01:15:00,1.8218,1.9472
1790731800000,2026-09-30 01:30:00,1.8218,1.9472
1790732700000,2026-09-30 01:45:00,1.8218,1.9472
1790733600000,2026-09-30 02:00:00,1.8218,1.9472
1790734500000,2026-09-30 02:15:00,1.8218,1.9472
1790735400000,2026-09-30 02:30:00,1.8218,1.9472
1790736300000,2026-09-30 02:45:00,1.8218,1.9472
1790737200000,2026-09-30 03:00:00,1.8218,1.9472
1790738100000,2026-09-30 03:15:00,1.8218,1.9472
1790739000000,2026-09-30 03:30:00,1.8218,1.9472
1790739900000,2026-09-30 03:45:00,1.8218,1.9472
1790740800000,2026-09-30 04:00:00,1.8218,1.9472
1790741700000,2026-09-30 04:15:00,1.8218,1.9472
1790742600000,2026-09-30 04:30:00,1.8218,1.9472
1790743500000,2026-09-30 04:45:00,1.8218,1.9472
1790744400000,2026-09-30 05:00:00,1.8218,1.9472
1790745300000,2026-09-30 05:15:00,1.8218,1.9472
1790746200000,2026-09-30 05:30:00,1.8218,1.9472
1790747100000,2026-09-30 05:45:00,1.8218,1.9472
1790748000000,2026-09-30 06:00:00,1.8218,1.9472
1790748900000,2026-09-30 06:15:00,1.8218,1.9472
1790749800000,2026-09-30 06:30:00,1.8218,1.9472
1790750700000,2026-09-30 06:45:00,1.8218,1.9472
1790751600000,2026-09-30 07:00:00,1.8218,1.9472
1790752500000,2026-09-30 07:15:00,1.8218,1.9472
1790753400000,2026-09-30 07:30:00,1.8218,1.9472
1790754300000,2026-09-30 07:45:00,1.8218,1.9472
1790755200000,2026-09-30 08:00:00,1.8218,1.9472
1790756100000,2026-09-30 08:15:00,1.8218,1.9472
1790757000000,2026-09-30 08:30:00,1.8218,1.9472
1790757900000,2026-09-30 08:45:00,1.8218,1.9472
1790758800000,2026-09-30 09:00:00,1.8218,1.9472
1790759700000,2026-09-30 09:15:00,1.8218,1.9472
1790760600000,2026-09-30 09:30:00,1.8218,1.9472
1790761500000,2026-09-30 09:45:00,1.8218,1.9472
1790762400000,2026-09-30 10:00:00,1.8218,1.9472
1790763300000,2026-09-30 10:15:00,1.8218,1.9472
1790764200000,2026-09-30 10:30:00,1.8218,1.9472
1790765100000,2026-09-30 10:45:00,1.8218,1.9472
1790766000000,2026-09-30 11:00:00,1.8218,1.9472
1790766900000,2026-09-30 11:15:00,1.8218,1.9472
1790767800000,2026-09-30 11:30:00,1.8218,1.9472
1790768700000,2026-09-30 11:45:00,1.8218,1.9472
1790769600000,2026-09-30 12:00:00,1.8218,1.9472
1790770500000,2026-09-30 12:15:00,1.8218,1.9472
1790771400000,2026-09-30 12:30:00,1.8218,1.9472
1790772300000,2026-09-30 12:45:00,1.8218,1.9472
1790773200000,2026-09-30 13:00:00,1.8218,1.9472
1790774100000,2026-09-30 13:15:00,1.8218,1.9472
1790775000000,2026-09-30 13:30:00,1.8218,1.9472
1790775900000,2026-09-30 13:45:00,1.8218,1.9472
1790776800000,2026-09-30 14:00:00,1.8218,1.9472
1790777700000,2026-09-30 14:15:00,1.8218,1.9472
1790778600000,2026-09-30 14:30:00,1.8218,1.9472
1790779500000,2026-09-30 14:45:00,1.8218,1.9472
1790780400000,2026-09-30 15:00:00,1.8218,1.9472
1790781300000,2026-09-30 15:15:00,1.8218,1.9472
1790782200000,2026-09-30 15:30:00,1.8218,1.9472
1790783100000,2026-09-30 15:45:00,1.8218,1.9472
1790784000000,2026-09-30 16:00:00,1.8218,1.9472
1790784900000,2026-09-30 16:15:00,1.8218,1.9472
1790785800000,2026-09-30 16:30:00,1.8218,1.9472
1790786700000,2026-09-30 16:45:00,1.8218,1.9472
1790787600000,2026-09-30 17:00:00,1.8218,1.9472
1790788500000,2026-09-30 17:15:00,1.8218,1.9472
1790789400000,2026-09-30 17:30:00,1.8218,1.9472
1790790300000,2026-09-30 17:45:00,1.8218,1.9472
1790791200000,2026-09-30 18:00:00,1.8218,1.9472
1790792100000,2026-09-30 18:15:00,1.8218,1.9472
1790793000000,2026-09-30 18:30:00,1.8218,1.9472
1790793900000,2026-09-30 18:45:00,1.8218,1.9472
1790794800000,2026-09-30 19:00:00,1.8218,1.9472
1790795700000,2026-09-30 19:15:00,1.8218,1.9472
1790796600000,2026-09-30 19:30:00,1.8218,1.9472
1790797500000,2026-09-30 19:45:00,1.8218,1.9472
1790798400000,2026-09-30 20:00:00,1.8218,1.9472
1790799300000,2026-09-30 20:15:00,1.8218,1.9472
1790800200000,2026-09-30 20:30:00,1.8218,1.9472
1790801100000,2026-09-30 20:45:00,1.8218,1.9472
1790802000000,2026-09-30 21:00:00,1.8218,1.9472
1790802900000,2026-09-30 21:15:00,1.8218,1.9472
1790803800000,2026-09-30 21:30:00,1.8218,1.9472
1790804700000,2026-09-30 21:45:00,1.8218,1.9472
1790805600000,2026-09-30 22:00:00,1.8218,1.9472
1790806500000,2026-09-30 22:15:00,1.8218,1.9472
1790807400000,2026-09-30 22:30:00,1.8218,1.9472
1790808300000,2026-09-30 22:45:00,1.8218,1.9472
1790809200000,2026-09-30 23:00:00,1.8218,1.9472
1790810100000,2026-09-30 23:15:00,1.8218,1.9472
1790811000000,2026-09-30 23:30:00,1.8218,1.9472
1790811900000,2026-09-30 23:45:00,1.8218,1.9472
1790812800000,2026-10-01 00:00:00,1.8218,1.9472
1790813700000,2026-10-01 00:15:00,1.8218,1.9472
1790814600000,2026-10-01 00:30:00,1.8218,1.9472
1790815500000,2026-10-01 00:45:00,1.8218,1.9472
1790816400000,2026-10-01 01:00:00,1.8218,1.9472
1790817300000,2026-10-01 01:15:00,1.8218,1.9472
1790818200000,2026-10-01 01:30:00,1.8218,1.9472
1790819100000,2026-10-01 01:45:00,1.8218,1.9472
1790820000000,2026-10-01 02:00:00,1.8218,1.9472
1790820900000,2026-10-01 02:15:00,1.8218,1.9472
1790821800000,2026-10-01 02:30:00,1.8218,1.9472
1790822700000,2026-10-01 02:45:00,1.8218,1.9472
1790823600000,2026-10-01 03:00:00,1.8218,1.9472
1790824500000,2026-10-01 03:15:00,1.8218,1.9472
1790825400000,2026-10-01 03:30:00,1.8218,1.9472
1790826300000,2026-10-01 03:45:00,1.8218,1.9472
1790827200000,2026-10-01 04:00:00,1.8218,1.9472
1790828100000,2026-10-01 04:15:00,1.8218,1.9472
1790829000000,2026-10-01 04:30:00,1.8218,1.9472
1790829900000,2026-10-01 04:45:00,1.8218,1.9472
1790830800000,2026-10-01 05:00:00,1.8218,1.9472
1790831700000,2026-10-01 05:15:00,1.8218,1.9472
1790832600000,2026-10-01 05:30:00,1.8218,1.9472
1790833500000,2026-10-01 05:45:00,1.8218,1.9472
1790834400000,2026-10-01 06:00:00,1.8218,1.9472
1790835300000,2026-10-01 06:15:00,1.8218,1.9472
1790836200000,2026-10-01 06:30:00,1.8218,1.9472
1790837100000,2026-10-01 06:45:00,1.8218,1.9472
1790838000000,2026-10-01 07:00:00,1.8218,1.9472
1790838900000,2026-10-01 07:15:00,1.8218,1.9472
1790839800000,2026-10-01 07:30:00,1.8218,1.9472
1790840700000,2026-10-01 07:45:00,1.8218,1.9472
1790841600000,2026-10-01 08:00:00,1.8218,1.9472
1790842500000,2026-10-01 08:15:00,1.8218,1.9472
1790843400000,2026-10-01 08:30:00,1.8218,1.9472
1790844300000,2026-10-01 08:45:00,1.8218,1.9472
1790845200000,2026-10-01 09:00:00,1.8218,1.9472
1790846100000,2026-10-01 09:15:00,1.8218,1.9472
1790847000000,2026-10-01 09:30:00,1.8218,1.9472
1790847900000,2026-10-01 09:45:00,1.8218,1.9472
1790848800000,2026-10-01 10:00:00,1.8218,1.9472
1790849700000,2026-10-01 10:15:00,1.8218,1.9472
1790850600000,2026-10-01 10:30:00,1.8218,1.9472
1790851500000,2026-10-01 10:45:00,1.8218,1.9472
1790852400000,2026-10-01 11:00:00,1.8218,1.9472
1790853300000,2026-10-01 11:15:00,1.8218,1.9472
1790854200000,2026-10-01 11:30:00,1.8218,1.9472
1790855100000,2026-10-01 11:45:00,1.8218,1.9472
1790856000000,2026-10-01 12:00:00,1.8218,1.9472
1790856900000,2026-10-01 12:15:00,1.8218,1.9472
1790857800000,2026-10-01 12:30:00,1.8218,1.9472
1790858700000,2026-10-01 12:45:00,1.8218,1.9472
1790859600000,2026-10-01 13:00:00,1.8218,1.9472
1790860500000,2026-10-01 13:15:00,1.8218,1.9472
1790861400000,2026-10-01 13:30:00,1.8218,1.9472
1790862300000,2026-10-01 13:45:00,1.8218,1.9472
1790863200000,2026-10-01 14:00:00,1.8218,1.9472
1790864100000,2026-10-01 14:15:00,1.8218,1.9472
1790865000000,2026-10-01 14:30:00,1.8218,1.9472
1790865900000,2026-10-01 14:45:00,1.8218,1.9472
1790866800000,2026-10-01 15:00:00,1.8218,1.9472
1790867700000,2026-10-01 15:15:00,1.8218,1.9472
1790868600000,2026-10-01 15:30:00,1.8218,1.9472
1790869500000,2026-10-01 15:45:00,1.8218,1.9472
1790870400000,2026-10-01 16:00:00,1.8218,1.9472
1790871300000,2026-10-01 16:15:00,1.8218,1.9472
1790872200000,2026-10-01 16:30:00,1.8218,1.9472
1790873100000,2026-10-01 16:45:00,1.8218,1.9472
1790874000000,2026-10-01 17:00:00,1.8218,1.9472
1790874900000,2026-10-01 17:15:00,1.8218,1.9472
1790875800000,2026-10-01 17:30:00,1.8218,1.9472
1790876700000,2026-10-01 17:45:00,1.8218,1.9472
1790877600000,2026-10-01 18:00:00,1.8218,1.9472
1790878500000,2026-10-01 18:15:00,1.8218,1.9472
1790879400000,2026-10-01 18:30:00,1.8218,1.9472
1790880300000,2026-10-01 18:45:00,1.8218,1.9472
1790881200000,2026-10-01 19:00:00,1.8218,1.9472
1790882100000,2026-10-01 19:15:00,1.8218,1.9472
1790883000000,2026-10-01 19:30:00,1.8218,1.9472
1790883900000,2026-10-01 19:45:00,1.8218,1.9472
1790884800000,2026-10-01 20:00:00,1.8218,1.9472
1790885700000,2026-10-01 20:15:00,1.8218,1.9472
1790886600000,2026-10-01 20:30:00,1.8218,1.9472
1790887500000,2026-10-01 20:45:00,1.8218,1.9472
1790888400000,2026-10-01 21:00:00,1.8218,1.9472
1790889300000,2026-10-01 21:15:00,1.8218,1.9472
1790890200000,2026-10-01 21:30:00,1.8218,1.9472
1790891100000,2026-10-01 21:45:00,1.8218,1.9472
1790892000000,2026-10-01 22:00:00,1.8218,1.9472
1790892900000,2026-10-01 22:15:00,1.8218,1.9472
1790893800000,2026-10-01 22:30:00,1.8218,1.9472
1790894700000,2026-10-01 22:45:00,1.8218,1.9472
1790895600000,2026-10-01 23:00:00,1.8218,1.9472
1790896500000,2026-10-01 23:15:00,1.8218,1.9472
1790897400000,2026-10-01 23:30:00,1.8218,1.9472
1790898300000,2026-10-01 23:45:00,1.8218,1.9472
1790899200000,2026-10-02 00:00:00,1.8218,1.9472
1790900100000,2026-10-02 00:15:00,1.8218,1.9472
1790901000000,2026-10-02 00:30:00,1.8218,1.9472
1790901900000,2026-10-02 00:45:00,1.8218,1.9472
1790902800000,2026-10-02 01:00:00,1.8218,1.9472
1790903700000,2026-10-02 01:15:00,1.8218,1.9472
1790904600000,2026-10-02 01:30:00,1.8218,1.9472
1790905500000,2026-10-02 01:45:00,1.8218,1.9472
1790906400000,2026-10-02 02:00:00,1.8218,1.9472
1790907300000,2026-10-02 02:15:00,1.8218,1.9472
1790908200000,2026-10-02 02:30:00,1.8218,1.9472
1790909100000,2026-10-02 02:45:00,1.8218,1.9472
1790910000000,2026-10-02 03:00:00,1.8218,1.9472
1790910900000,2026-10-02 03:15:00,1.8218,1.9472
1790911800000,2026-10-02 03:30:00,1.8218,1.9472
1790912700000,2026-10-02 03:45:00,1.8218,1.9472
1790913600000,2026-10-02 04:00:00,1.8218,1.9472
1790914500000,2026-10-02 04:15:00,1.8218,1.9472
1790915400000,2026-10-02 04:30:00,1.8218,1.9472
1790916300000,2026-10-02 04:45:00,1.8218,1.9472
1790917200000,2026-10-02 05:00:00,1.8218,1.9472
1790918100000,2026-10-02 05:15:00,1.8218,1.9472
1790919000000,2026-10-02 05:30:00,1.8218,1.9472
1790919900000,2026-10-02 05:45:00,1.8218,1.9472
1790920800000,2026-10-02 06:00:00,1.8218,1.9472
1790921700000,2026-10-02 06:15:00,1.8218,1.9472
1790922600000,2026-10-02 06:30:00,1.8218,1.9472
1790923500000,2026-10-02 06:45:00,1.8218,1.9472
1790924400000,2026-10-02 07:00:00,1.8218,1.9472
1790925300000,2026-10-02 07:15:00,1.8218,1.9472
1790926200000,2026-10-02 07:30:00,1.8218,1.9472
1790927100000,2026-10-02 07:45:00,1.8218,1.9472
1790928000000,2026-10-02 08:00:00,1.8218,1.9472
1790928900000,2026-10-02 08:15:00,1.8218,1.9472
1790929800000,2026-10-02 08:30:00,1.8218,1.9472
1790930700000,2026-10-02 08:45:00,1.8218,1.9472
1790931600000,2026-10-02 09:00:00,1.8218,1.9472
1790932500000,2026-10-02 09:15:00,1.8218,1.9472
1790933400000,2026-10-02 09:30:00,1.8218,1.9472
1790934300000,2026-10-02 09:45:00,1.8218,1.9472
1790935200000,2026-10-02 10:00:00,1.8218,1.9472
1790936100000,2026-10-02 10:15:00,1.8218,1.9472
1790937000000,2026-10-02 10:30:00,1.8218,1.9472
1790937900000,2026-10-02 10:45:00,1.8218,1.9472
1790938800000,2026-10-02 11:00:00,1.8218,1.9472
1790939700000,2026-10-02 11:15:00,1.8218,1.9472
1790940600000,2026-10-02 11:30:00,1.8218,1.9472
1790941500000,2026-10-02 11:45:00,1.8218,1.9472
1790942400000,2026-10-02 12:00:00,1.8218,1.9472
1790943300000,2026-10-02 12:15:00,1.8218,1.9472
1790944200000,2026-10-02 12:30:00,1.8218,1.9472
1790945100000,2026-10-02 12:45:00,1.8218,1.9472
1790946000000,2026-10-02 13:00:00,1.8218,1.9472
1790946900000,2026-10-02 13:15:00,1.8218,1.9472
1790947800000,2026-10-02 13:30:00,1.8218,1.9472
1790948700000,2026-10-02 13:45:00,1.8218,1.9472
1790949600000,2026-10-02 14:00:00,1.8218,1.9472
1790950500000,2026-10-02 14:15:00,1.8218,1.9472
1790951400000,2026-10-02 14:30:00,1.8218,1.9472
1790952300000,2026-10-02 14:45:00,1.8218,1.9472
1790953200000,2026-10-02 15:00:00,1.8218,1.9472
1790954100000,2026-10-02 15:15:00,1.8218,1.9472
1790955000000,2026-10-02 15:30:00,1.8218,1.9472
1790955900000,2026-10-02 15:45:00,1.8218,1.9472
1790956800000,2026-10-02 16:00:00,1.8218,1.9472
1790957700000,2026-10-02 16:15:00,1.8218,1.9472
1790958600000,2026-10-02 16:30:00,1.8218,1.9472
1790959500000,2026-10-02 16:45:00,1.8218,1.9472
1790960400000,2026-10-02 17:00:00,1.8218,1.9472
1790961300000,2026-10-02 17:15:00,1.8218,1.9472
1790962200000,2026-10-02 17:30:00,1.8218,1.9472
1790963100000,2026-10-02 17:45:00,1.8218,1.9472
1790964000000,2026-10-02 18:00:00,1.8218,1.9472
1790964900000,2026-10-02 18:15:00,1.8218,1.9472
1790965800000,2026-10-02 18:30:00,1.8218,1.9472
1790966700000,2026-10-02 18:45:00,1.8218,1.9472
1790967600000,2026-10-02 19:00:00,1.8218,1.9472
1790968500000,2026-10-02 19:15:00,1.8218,1.9472
1790969400000,2026-10-02 19:30:00,1.8218,1.9472
1790970300000,2026-10-02 19:45:00,1.8218,1.9472
1790971200000,2026-10-02 20:00:00,1.8218,1.9472
1790972100000,2026-10-02 20:15:00,1.8218,1.9472
1790973000000,2026-10-02 20:30:00,1.8218,1.9472
1790973900000,2026-10-02 20:45:00,1.8218,1.9472
1790974800000,2026-10-02 21:00:00,1.8218,1.9472
1790975700000,2026-10-02 21:15:00,1.8218,1.9472
1790976600000,2026-10-02 21:30:00,1.8218,1.9472
1790977500000,2026-10-02 21:45:00,1.8218,1.9472
1790978400000,2026-10-02 22:00:00,1.8218,1.9472
1790979300000,2026-10-02 22:15:00,1.8218,1.9472
1790980200000,2026-10-02 22:30:00,1.8218,1.9472
1790981100000,2026-10-02 22:45:00,1.8218,1.9472
1790982000000,2026-10-02 23:00:00,1.8218,1.9472
1790982900000,2026-10-02 23:15:00,1.8218,1.9472
1790983800000,2026-10-02 23:30:00,1.8218,1.9472
1790984700000,2026-10-02 23:45:00,1.8218,1.9472
1790985600000,2026-10-03 00:00:00,1.8218,1.9472
1790986500000,2026-10-03 00:15:00,1.8218,1.9472
1790987400000,2026-10-03 00:30:00,1.8218,1.9472
1790988300000,2026-10-03 00:45:00,1.8218,1.9472
1790989200000,2026-10-03 01:00:00,1.8218,1.9472
1790990100000,2026-10-03 01:15:00,1.8218,1.9472
1790991000000,2026-10-03 01:30:00,1.8218,1.9472
1790991900000,2026-10-03 01:45:00,1.8218,1.9472
1790992800000,2026-10-03 02:00:00,1.8218,1.9472
1790993700000,2026-10-03 02:15:00,1.8218,1.9472
1790994600000,2026-10-03 02:30:00,1.8218,1.9472
1790995500000,2026-10-03 02:45:00,1.8218,1.9472
1790996400000,2026-10-03 03:00:00,1.8218,1.9472
1790997300000,2026-10-03 03:15:00,1.8218,1.9472
1790998200000,2026-10-03 03:30:00,1.8218,1.9472
1790999100000,2026-10-03 03:45:00,1.8218,1.9472
1791000000000,2026-10-03 04:00:00,1.8218,1.9472
1791000900000,2026-10-03 04:15:00,1.8218,1.9472
1791001800000,2026-10-03 04:30:00,1.8218,1.9472
1791002700000,2026-10-03 04:45:00,1.8218,1.9472
1791003600000,2026-10-03 05:00:00,1.8218,1.9472
1791004500000,2026-10-03 05:15:00,1.8218,1.9472
1791005400000,2026-10-03 05:30:00,1.8218,1.9472
1791006300000,2026-10-03 05:45:00,1.8218,1.9472
1791007200000,2026-10-03 06:00:00,1.8218,1.9472
1791008100000,2026-10-03 06:15:00,1.8218,1.9472
1791009000000,2026-10-03 06:30:00,1.8218,1.9472
