id,day,side,entry_bar,exit_bar,entry_price,exit_price,sl,tp1,tp2,reason,pnl,r_multiple,is_win,capital_after
m5_684_BUY,2025-09-10,BUY,684,690,113974.810404,113800.82,113800.82,114409.79,114670.79,SL,-89.27,-1.785,False,9910.73
m5_752_BUY,2025-09-11,BUY,752,772,114222.84,114065.36,114065.36,114616.53,114852.75,SL,-92.66,-1.87,False,9818.07
m5_853_BUY,2025-09-11,BUY,853,855,114288.863202,114156.22,114156.22,114620.48,114819.45,SL,-99.82,-2.033,False,9718.25
m5_875_BUY,2025-09-11,BUY,875,877,114651.005616,114207.01,114207.01,115761.01,116427.01,SL,-63.62,-1.309,False,9654.64
m5_975_BUY,2025-09-11,BUY,975,976,114658.97721,114914.34,114560.74,114904.58,115051.95,TRAILING_PROFIT,55.4,1.148,True,9710.03
m5_996_BUY,2025-09-12,BUY,996,999,115659.1272,115493.36,115493.36,116073.55,116322.2,SL,-89.17,-1.837,False,9620.86
m5_1005_BUY,2025-09-12,BUY,1005,1006,116305.43643599999,116044.36,116044.36,116958.12,117349.73,SL,-73.79,-1.534,False,9547.07
m5_1164_BUY,2025-09-12,BUY,1164,1166,115392.86395799999,115137.46,115137.46,116031.37,116414.48,SL,-73.59,-1.542,False,9473.48
m5_1201_BUY,2025-09-12,BUY,1201,1218,115557.636906,116289.93,115330.44,116125.63,116466.43,TRAILING_PROFIT,106.55,2.25,True,9580.04
m5_1387_BUY,2025-09-13,BUY,1387,1393,115998.365034,115940.44,115940.44,116143.17,116230.05,SL,-162.99,-3.403,False,9417.05
m5_1406_BUY,2025-09-13,BUY,1406,1409,116144.59427399999,116065.51,116065.51,116342.31,116460.94,SL,-130.03,-2.762,False,9287.02
m5_1524_BUY,2025-09-13,BUY,1524,1557,115937.99296199999,115823.76,115823.76,116223.56,116394.91,SL,-102.96,-2.217,False,9184.05
m5_1597_BUY,2025-09-14,BUY,1597,1602,116048.205,115952.48,115952.48,116287.52,116431.11,SL,-112.7,-2.454,False,9071.36
m5_1684_BUY,2025-09-14,BUY,1684,1697,116042.49385799999,115984.32,115984.32,116187.94,116275.21,SL,-153.89,-3.393,False,8917.46
m5_1814_BUY,2025-09-14,BUY,1814,1816,115782.081786,115705.58,115705.58,115973.35,116088.11,SL,-125.53,-2.815,False,8791.93
m5_1827_BUY,2025-09-14,BUY,1827,1849,115912.497864,115809.48,115809.48,116170.04,116324.56,SL,-103.29,-2.35,False,8688.64
m5_1861_SELL,2025-09-15,SELL,1861,1862,115049.18556,115240.09,115240.09,114571.92,114285.56,SL,-74.89,-1.724,False,8613.76
m5_1873_SELL,2025-09-15,SELL,1873,1877,114851.035198,115048.33,115048.33,114357.81,114061.87,SL,-73.18,-1.699,False,8540.58
m5_1922_BUY,2025-09-15,BUY,1922,1933,116194.93433999999,116614.51,116012.9,116650.03,116923.09,TRAILING_PROFIT,69.82,1.635,True,8610.4
m5_2024_SELL,2025-09-15,SELL,2024,2025,114446.096202,114721.78,114721.78,113756.88,113343.35,SL,-64.52,-1.499,False,8545.87
m5_2152_SELL,2025-09-16,SELL,2152,2155,115046.046188,115174.88,115174.88,114723.95,114530.7,SL,-88.54,-2.072,False,8457.33
m5_2209_BUY,2025-09-16,BUY,2209,2212,115773.15,115581.55,115581.55,116252.16,116539.57,SL,-72.92,-1.724,False,8384.41
m5_2219_BUY,2025-09-16,BUY,2219,2225,115959.83733,115772.74,115772.74,116427.58,116708.22,SL,-73.08,-1.743,False,8311.33
m5_2280_SELL,2025-09-16,SELL,2280,2286,115256.864016,115385.88,115385.88,114934.33,114740.81,SL,-86.13,-2.073,False,8225.2
m5_2507_BUY,2025-09-17,BUY,2507,2538,117131.72166,116905.08,116905.08,117698.32,118038.28,SL,-66.61,-1.62,False,8158.59
m5_2660_SELL,2025-09-17,SELL,2660,2665,114879.34953400001,115500.0,115500.0,113327.73,112396.76,SL,-49.88,-1.223,False,8108.71
m5_2702_BUY,2025-09-18,BUY,2702,2760,116281.571664,116949.83,115992.89,117003.28,117436.31,TRAILING_PROFIT,77.95,1.923,True,8186.66
m5_2882_BUY,2025-09-18,BUY,2882,2888,117410.32737,117240.17,117240.17,117835.72,118090.95,SL,-74.8,-1.827,False,8111.86
m5_2895_BUY,2025-09-18,BUY,2895,2906,117742.653822,117464.93,117464.93,118436.96,118853.54,SL,-61.17,-1.508,False,8050.69
m5_3147_SELL,2025-09-19,SELL,3147,3159,116402.394864,116524.64,116524.64,116096.79,115913.43,SL,-86.27,-2.143,False,7964.42
m5_3189_SELL,2025-09-19,SELL,3189,3213,115866.812002,116114.56,116114.56,115247.44,114875.82,SL,-62.19,-1.562,False,7902.22
m5_3231_SELL,2025-09-19,SELL,3231,3236,115397.725838,115572.06,115572.06,114961.88,114700.37,SL,-70.92,-1.795,False,7831.3
m5_3346_SELL,2025-09-20,SELL,3346,3350,115403.504682,115468.86,115468.86,115240.1,115142.06,SL,-122.14,-3.119,False,7709.16
m5_3516_SELL,2025-09-20,SELL,3516,3521,115707.55386,115773.58,115773.58,115542.49,115443.45,SL,-119.63,-3.104,False,7589.53
m5_3582_SELL,2025-09-20,SELL,3582,3585,115629.229528,115675.83,115675.83,115512.73,115442.84,SL,-150.97,-3.978,False,7438.56
m5_3593_SELL,2025-09-21,SELL,3593,3598,115574.73043000001,115627.29,115627.29,115443.34,115364.5,SL,-135.36,-3.639,False,7303.2
m5_3610_SELL,2025-09-21,SELL,3610,3613,115491.48708199999,115533.01,115533.01,115387.68,115325.39,SL,-158.42,-4.338,False,7144.78
m5_3701_SELL,2025-09-21,SELL,3701,3704,115443.346712,115501.38,115501.38,115298.27,115211.22,SL,-121.02,-3.388,False,7023.76
m5_3784_SELL,2025-09-21,SELL,3784,3796,115348.64565600001,115416.49,115416.49,115179.04,115077.28,SL,-106.79,-3.041,False,6916.97
m5_3882_SELL,2025-09-22,SELL,3882,3890,114948.875626,114597.31,115139.84,114471.46,114185.02,TRAILING_PROFIT,50.13,1.449,True,6967.1
m5_3947_SELL,2025-09-22,SELL,3947,3948,113668.45176200001,112796.23,113898.65,113092.97,112747.68,TRAILING_PROFIT,88.97,2.554,True,7056.06
m5_4081_SELL,2025-09-22,SELL,4081,4095,112356.514202,112606.4,112606.4,111731.81,111356.98,SL,-54.34,-1.54,False,7001.72
m5_4111_SELL,2025-09-22,SELL,4111,4122,112216.892132,112441.65,112441.65,111655.01,111317.87,SL,-56.0,-1.6,False,6945.72
m5_4174_SELL,2025-09-23,SELL,4174,4198,112362.762952,111849.37,112517.69,111975.45,111743.07,TRAILING_PROFIT,70.79,2.038,True,7016.51
m5_4297_SELL,2025-09-23,SELL,4297,4300,112715.882314,112874.23,112874.23,112320.01,112082.48,SL,-65.07,-1.855,False,6951.44
m5_4338_SELL,2025-09-23,SELL,4338,4346,112657.45400200001,112908.94,112908.94,112028.73,111651.5,SL,-53.46,-1.538,False,6897.98
m5_4376_SELL,2025-09-24,SELL,4376,4456,112012.10309799999,112257.15,112257.15,111399.48,111031.91,SL,-53.43,-1.549,False,6844.55
m5_4493_SELL,2025-09-24,SELL,4493,4494,111762.89295000001,112018.51,112018.51,111123.84,110740.41,SL,-52.2,-1.525,False,6792.35
m5_4502_SELL,2025-09-24,SELL,4502,4505,111453.374866,111763.6,111763.6,110677.8,110212.46,SL,-48.62,-1.432,False,6743.73
m5_4584_BUY,2025-09-24,BUY,4584,4619,112999.415364,112857.56,112857.56,113354.06,113566.85,SL,-65.93,-1.955,False,6677.8
m5_4758_SELL,2025-09-25,SELL,4758,4770,112851.785128,113114.42,113114.42,112195.19,111801.24,SL,-50.63,-1.516,False,6627.17
m5_4781_SELL,2025-09-25,SELL,4781,4803,112342.26705200001,111952.51,112633.58,111613.98,111177.0,TRAILING_PROFIT,48.29,1.457,True,6675.46
m5_4879_SELL,2025-09-25,SELL,4879,4885,111394.96655,111584.02,111584.02,110922.32,110638.74,SL,-57.0,-1.708,False,6618.46
m5_4896_SELL,2025-09-25,SELL,4896,4898,110839.52765999999,111182.61,111182.61,109981.81,109467.18,SL,-45.94,-1.388,False,6572.52
m5_5097_SELL,2025-09-26,SELL,5097,5099,109100.405554,109290.72,109290.72,108624.61,108339.14,SL,-55.49,-1.689,False,6517.03
m5_5118_SELL,2025-09-26,SELL,5118,5123,108968.821876,109236.91,109236.91,108298.6,107896.47,SL,-48.5,-1.488,False,6468.54
m5_5406_SELL,2025-09-27,SELL,5406,5423,109411.593304,109304.32,109474.9,109253.34,109158.38,TRAILING_PROFIT,0.79,0.024,True,6469.33
m5_5429_SELL,2025-09-27,SELL,5429,5430,109061.84326800001,109140.64,109140.64,108864.86,108746.66,SL,-86.09,-2.662,False,6383.24
m5_5681_SELL,2025-09-28,SELL,5681,5683,109258.153998,109294.92,109294.92,109166.24,109111.09,SL,-145.75,-4.567,False,6237.48
m5_5739_SELL,2025-09-28,SELL,5739,5742,109266.752278,109330.15,109330.15,109108.27,109013.18,SL,-95.71,-3.069,False,6141.77
m5_5756_SELL,2025-09-28,SELL,5756,5758,109220.791472,109325.35,109325.35,108959.4,108802.56,SL,-69.22,-2.254,False,6072.55
m5_5777_BUY,2025-09-28,BUY,5777,5796,109737.89318999999,110080.4,109631.06,110004.97,110165.22,TRAILING_PROFIT,49.15,1.619,True,6121.7
m5_5988_BUY,2025-09-29,BUY,5988,6043,112028.44120799999,112225.56,111864.23,112438.96,112685.28,TRAILING_PROFIT,31.54,1.03,True,6153.24
m5_6056_BUY,2025-09-29,BUY,6056,6074,113322.66,113895.67,112972.14,114198.97,114724.75,TRAILING_PROFIT,51.63,1.678,True,6204.87
m5_6128_BUY,2025-09-30,BUY,6128,6190,114174.060246,114504.16,113977.84,114664.61,114958.94,TRAILING_PROFIT,43.18,1.392,True,6248.04
m5_6343_BUY,2025-09-30,BUY,6343,6346,113434.48236,113205.06,113205.06,114008.03,114352.15,SL,-49.76,-1.593,False,6198.29
m5_6408_BUY,2025-09-30,BUY,6408,6418,113915.76859800001,114319.03,113683.61,114496.17,114844.4,TRAILING_PROFIT,47.37,1.528,True,6245.65
m5_6430_BUY,2025-09-30,BUY,6430,6434,114718.58913,114431.54,114431.54,115436.21,115866.78,SL,-46.19,-1.479,False,6199.47
m5_6490_BUY,2025-10-01,BUY,6490,6498,114522.889998,114311.25,114311.25,115051.99,115369.45,SL,-51.11,-1.649,False,6148.36
m5_6569_BUY,2025-10-01,BUY,6569,6573,115112.837964,115947.13,114861.88,115740.23,116116.67,TRAILING_PROFIT,72.55,2.36,True,6220.91
m5_6610_BUY,2025-10-01,BUY,6610,6621,116641.743684,116449.74,116449.74,117121.76,117409.77,SL,-53.76,-1.728,False,6167.15
m5_6636_BUY,2025-10-01,BUY,6636,6637,117230.121336,116922.09,116922.09,118000.21,118462.26,SL,-44.9,-1.456,False,6122.25
m5_6756_BUY,2025-10-02,BUY,6756,6763,119084.132064,118749.23,118749.23,119921.4,120423.76,SL,-43.65,-1.426,False,6078.6
m5_6873_BUY,2025-10-02,BUY,6873,6880,118788.712992,118645.7,118645.7,119146.23,119360.75,SL,-60.67,-1.996,False,6017.93
m5_6904_BUY,2025-10-02,BUY,6904,6915,119104.306098,118953.44,118953.44,119481.48,119707.79,SL,-58.58,-1.947,False,5959.35
m5_6921_BUY,2025-10-02,BUY,6921,6926,119608.61693999999,119320.1,119320.1,120329.92,120762.7,SL,-44.6,-1.497,False,5914.75
m5_7156_BUY,2025-10-03,BUY,7156,7215,120312.017592,120091.95,120091.95,120862.18,121192.28,SL,-48.96,-1.655,False,5865.79
m5_7221_BUY,2025-10-03,BUY,7221,7235,120859.827132,121952.91,120484.87,121797.21,122359.64,TRAILING_PROFIT,68.02,2.319,True,5933.81
m5_7241_BUY,2025-10-03,BUY,7241,7245,123684.551964,123089.64,123089.64,125171.83,126064.2,SL,-37.05,-1.249,False,5896.76
m5_7394_BUY,2025-10-04,BUY,7394,7400,122681.561406,122540.93,122540.93,123033.14,123244.08,SL,-60.33,-2.046,False,5836.43
m5_7489_BUY,2025-10-04,BUY,7489,7492,122487.912684,122339.63,122339.63,122858.63,123081.06,SL,-58.09,-1.991,False,5778.34
m5_7586_BUY,2025-10-05,BUY,7586,7649,122166.63844200001,122763.18,122037.81,122488.7,122681.93,TRAILING_PROFIT,70.07,2.425,True,5848.4
m5_7677_BUY,2025-10-05,BUY,7677,7709,125310.167022,124802.76,124802.76,126578.67,127339.78,SL,-37.89,-1.296,False,5810.51
m5_7888_BUY,2025-10-05,BUY,7888,7890,123274.65,123041.33,123041.33,123857.96,124207.94,SL,-47.45,-1.633,False,5763.06
m5_7896_BUY,2025-10-06,BUY,7896,7911,123352.745616,124148.14,123148.1,123864.37,124171.34,TRAILING_PROFIT,71.12,2.468,True,5834.18
m5_8045_BUY,2025-10-06,BUY,8045,8046,124390.783182,124155.11,124155.11,124979.95,125333.46,SL,-47.63,-1.633,False,5786.55
m5_8075_BUY,2025-10-06,BUY,8075,8080,125056.336266,124638.41,124638.41,126101.15,126728.04,SL,-39.3,-1.358,False,5747.24
m5_8111_BUY,2025-10-06,BUY,8111,8119,125480.33104800001,125140.0,125140.0,126331.16,126841.65,SL,-41.43,-1.442,False,5705.81
m5_8134_BUY,2025-10-06,BUY,8134,8139,125944.593882,125610.09,125610.09,126780.85,127282.6,SL,-41.4,-1.451,False,5664.41
m5_8283_SELL,2025-10-07,SELL,8283,8302,123752.024644,123989.67,123989.67,123157.91,122801.44,SL,-46.04,-1.625,False,5618.37
m5_8334_BUY,2025-10-07,BUY,8334,8335,124480.351092,124300.48,124300.48,124930.03,125199.83,SL,-51.4,-1.83,False,5566.97
m5_8348_BUY,2025-10-07,BUY,8348,8352,124615.298076,124773.78,124443.4,125045.04,125302.88,TRAILING_PROFIT,23.38,0.84,True,5590.35
m5_8365_SELL,2025-10-07,SELL,8365,8377,123063.74232800001,122183.25,123585.07,121760.43,120978.45,TRAILING_PROFIT,50.66,1.812,True,5641.01
m5_8648_SELL,2025-10-08,SELL,8648,8650,121873.860352,122254.46,122254.46,120922.36,120351.45,SL,-39.06,-1.385,False,5601.95
m5_8690_BUY,2025-10-08,BUY,8690,8713,123694.66398599999,123297.15,123297.15,124688.45,125284.73,SL,-38.45,-1.373,False,5563.5
m5_8784_SELL,2025-10-09,SELL,8784,8799,122648.875318,122200.88,122887.14,122053.22,121695.83,TRAILING_PROFIT,43.78,1.574,True,5607.28
m5_8863_SELL,2025-10-09,SELL,8863,8865,121743.816366,121932.75,121932.75,121271.48,120988.08,SL,-49.73,-1.774,False,5557.54
m5_8871_SELL,2025-10-09,SELL,8871,8891,121611.042926,121822.31,121822.31,121082.86,120765.96,SL,-47.0,-1.691,False,5510.55
m5_8917_BUY,2025-10-09,BUY,8917,8924,123035.61220199999,123329.47,122774.99,123687.16,124078.09,TRAILING_PROFIT,34.34,1.246,True,5544.88
m5_9085_SELL,2025-10-10,SELL,9085,9102,121296.245898,121516.92,121516.92,120744.55,120413.53,SL,-46.03,-1.66,False,5498.85
m5_9155_SELL,2025-10-10,SELL,9155,9156,120907.86359000001,121151.63,121151.63,120298.44,119932.78,SL,-43.87,-1.596,False,5454.98
m5_9239_SELL,2025-10-10,SELL,9239,9246,120469.071366,119160.88,120980.9,119189.51,118421.77,TRAILING_PROFIT,61.29,2.247,True,5516.27
m5_9265_SELL,2025-10-10,SELL,9265,9293,117739.46739600001,116433.63,118443.43,115979.55,114923.6,TRAILING_PROFIT,54.56,1.978,True,5570.82
m5_9432_SELL,2025-10-11,SELL,9432,9447,111399.72559799999,110651.77,111887.28,110180.84,109449.51,TRAILING_PROFIT,48.58,1.744,True,5619.4
m5_9547_SELL,2025-10-11,SELL,9547,9551,111508.703798,111806.95,111806.95,110763.08,110315.7,SL,-40.72,-1.449,False,5578.68
m5_9579_SELL,2025-10-11,SELL,9579,9597,111227.759998,110634.13,111528.86,110475.02,110023.38,TRAILING_PROFIT,50.04,1.794,True,5628.72
m5_9801_SELL,2025-10-12,SELL,9801,9813,111389.11772,111724.62,111724.62,110550.37,110047.13,SL,-39.37,-1.399,False,5589.35
m5_9880_BUY,2025-10-12,BUY,9880,9894,114850.26546,114480.69,114480.69,115774.21,116328.58,SL,-38.35,-1.372,False,5551.0
m5_10013_BUY,2025-10-13,BUY,10013,10017,115516.89876,115175.27,115175.27,116370.96,116883.4,SL,-39.0,-1.405,False,5512.0
m5_10144_BUY,2025-10-14,BUY,10144,10224,115308.77714399999,114833.76,114833.76,116496.31,117208.83,SL,-35.57,-1.291,False,5476.42
m5_10239_SELL,2025-10-14,SELL,10239,10248,113938.177806,113500.64,114199.94,113283.77,112891.12,TRAILING_PROFIT,42.84,1.565,True,5519.27
m5_10269_SELL,2025-10-14,SELL,10269,10273,112987.94789000001,113362.68,113362.68,112051.12,111489.02,SL,-37.6,-1.362,False,5481.67
m5_10279_SELL,2025-10-14,SELL,10279,10294,112649.455602,112132.62,113103.66,111513.94,110832.63,TRAILING_PROFIT,41.73,1.522,True,5523.4
m5_10329_SELL,2025-10-14,SELL,10329,10339,111283.72880200001,110488.39,111681.54,110289.19,109692.47,TRAILING_PROFIT,52.89,1.915,True,5576.29
m5_10513_SELL,2025-10-15,SELL,10513,10514,112475.140472,112828.32,112828.32,111592.19,111062.43,SL,-38.55,-1.383,False,5537.74
m5_10540_SELL,2025-10-15,SELL,10540,10568,112184.438624,112581.16,112581.16,111192.65,110597.57,SL,-37.1,-1.34,False,5500.64
m5_10635_SELL,2025-10-15,SELL,10635,10665,111850.14549600001,111377.83,112245.49,110861.79,110268.78,TRAILING_PROFIT,41.5,1.509,True,5542.14
m5_10795_SELL,2025-10-16,SELL,10795,10801,110437.798022,110766.02,110766.02,109617.25,109124.91,SL,-38.92,-1.404,False,5503.22
m5_10883_SELL,2025-10-16,SELL,10883,10895,110562.08316,110893.9,110893.9,109732.54,109234.81,SL,-38.53,-1.4,False,5464.69
m5_10902_SELL,2025-10-16,SELL,10902,10904,109725.920426,110114.16,110114.16,108755.31,108172.95,SL,-36.61,-1.34,False,5428.08
m5_10957_SELL,2025-10-16,SELL,10957,10964,110397.456092,110860.74,110860.74,109239.24,108544.31,SL,-34.92,-1.287,False,5393.16
m5_11151_SELL,2025-10-17,SELL,11151,11155,107981.519376,107640.04,108264.28,107274.63,106850.49,TRAILING_PROFIT,37.66,1.397,True,5430.83
m5_11161_SELL,2025-10-17,SELL,11161,11177,106269.821784,105169.51,106778.25,104998.76,104236.12,TRAILING_PROFIT,56.55,2.083,True,5487.38
m5_11199_SELL,2025-10-17,SELL,11199,11206,104191.167598,104809.66,104809.66,102644.93,101717.18,SL,-33.0,-1.203,False,5454.38
m5_11533_SELL,2025-10-18,SELL,11533,11535,106738.657998,106931.78,106931.78,106255.86,105966.18,SL,-45.38,-1.664,False,5409.0
m5_11562_SELL,2025-10-18,SELL,11562,11571,106539.56782400001,106743.97,106743.97,106028.56,105721.96,SL,-43.98,-1.626,False,5365.03
m5_11660_SELL,2025-10-19,SELL,11660,11677,106817.03232,106989.79,106989.79,106385.14,106126.0,SL,-46.74,-1.743,False,5318.28
m5_11730_SELL,2025-10-19,SELL,11730,11737,106697.426246,106821.05,106821.05,106388.36,106202.92,SL,-54.15,-2.036,False,5264.13
m5_11765_SELL,2025-10-19,SELL,11765,11768,106132.06934,106418.25,106418.25,105416.61,104987.34,SL,-38.05,-1.446,False,5226.09
m5_11823_BUY,2025-10-19,BUY,11823,11864,108431.671998,109026.59,108083.94,109301.01,109822.62,TRAILING_PROFIT,45.2,1.73,True,5271.29
m5_11984_BUY,2025-10-20,BUY,11984,11986,109148.485332,109978.42,108797.67,110025.52,110551.74,TRAILING_PROFIT,54.24,2.058,True,5325.53
m5_12010_BUY,2025-10-20,BUY,12010,12051,111132.222,110753.45,110753.45,112079.14,112647.29,SL,-35.99,-1.351,False,5289.55
m5_12113_BUY,2025-10-20,BUY,12113,12132,111297.30501,110965.85,110965.85,112125.94,112623.12,SL,-37.09,-1.402,False,5252.46
m5_12274_SELL,2025-10-21,SELL,12274,12277,109224.1508,108537.98,109505.84,108519.94,108097.41,TRAILING_PROFIT,52.63,2.004,True,5305.09
m5_12285_SELL,2025-10-21,SELL,12285,12304,107778.43000200001,108188.3,108188.3,106753.76,106138.96,SL,-34.91,-1.316,False,5270.18
m5_12409_BUY,2025-10-21,BUY,12409,12451,112595.394576,111627.83,111627.83,115014.29,116465.63,SL,-30.01,-1.139,False,5240.16
m5_12521_SELL,2025-10-22,SELL,12521,12542,107980.63955200001,108551.49,108551.49,106553.52,105697.25,SL,-32.16,-1.228,False,5208.0
m5_12601_SELL,2025-10-22,SELL,12601,12605,107656.16446,107915.79,107915.79,107007.11,106617.68,SL,-39.01,-1.498,False,5168.99
m5_12648_SELL,2025-10-22,SELL,12648,12650,107132.00931200001,107484.6,107484.6,106250.53,105721.64,SL,-35.28,-1.365,False,5133.7
m5_12768_SELL,2025-10-22,SELL,12768,12797,107283.049098,107699.82,107699.82,106241.13,105615.97,SL,-33.61,-1.309,False,5100.09
m5_12877_BUY,2025-10-23,BUY,12877,12879,109041.804,109647.41,108850.93,109519.0,109805.31,TRAILING_PROFIT,54.8,2.149,True,5154.89
m5_13006_BUY,2025-10-23,BUY,13006,13008,110555.6067,110108.78,110108.78,111672.67,112342.92,SL,-33.41,-1.296,False,5121.48
m5_13015_BUY,2025-10-23,BUY,13015,13026,110922.240012,110431.71,110431.71,112148.56,112884.34,SL,-32.54,-1.271,False,5088.94
m5_13094_BUY,2025-10-24,BUY,13094,13134,110241.79394999999,110407.51,110023.93,110786.46,111113.27,TRAILING_PROFIT,26.01,1.022,True,5114.95
m5_13145_BUY,2025-10-24,BUY,13145,13194,110984.402442,110734.2,110734.2,111609.91,111985.21,SL,-39.17,-1.532,False,5075.78
m5_13242_BUY,2025-10-24,BUY,13242,13247,111578.821302,111182.45,111182.45,112569.76,113164.32,SL,-33.94,-1.337,False,5041.84
m5_13320_BUY,2025-10-24,BUY,13320,13330,110782.60209,110534.62,110534.62,111402.55,111774.52,SL,-38.71,-1.535,False,5003.13
m5_13431_BUY,2025-10-25,BUY,13431,13433,111444.024348,111307.0,111307.0,111786.59,111992.13,SL,-49.42,-1.975,False,4953.72
m5_13467_BUY,2025-10-25,BUY,13467,13473,111574.740486,111448.44,111448.44,111890.49,112079.95,SL,-51.01,-2.059,False,4902.71
m5_13489_BUY,2025-10-25,BUY,13489,13491,111848.66526,111680.93,111680.93,112268.0,112519.6,SL,-44.11,-1.8,False,4858.59
m5_13535_BUY,2025-10-25,BUY,13535,13537,111921.409806,111774.15,111774.15,112289.55,112510.44,SL,-46.43,-1.911,False,4812.16
m5_13673_BUY,2025-10-26,BUY,13673,13691,111764.60845199999,111647.17,111647.17,112058.2,112234.36,SL,-51.52,-2.141,False,4760.63
m5_13764_BUY,2025-10-26,BUY,13764,13767,111812.428014,111743.17,111743.17,111985.57,112089.46,SL,-69.9,-2.937,False,4690.73
m5_13780_BUY,2025-10-26,BUY,13780,13783,112374.850476,112374.85,112223.14,112754.12,112981.69,TRAILING_PROFIT,8.45,0.36,True,4699.18
m5_13806_BUY,2025-10-26,BUY,13806,13808,112805.676624,113154.94,112602.88,113312.66,113616.86,TRAILING_PROFIT,33.89,1.442,True,4733.07
m5_13981_BUY,2025-10-27,BUY,13981,13983,115434.162216,115161.73,115161.73,116115.24,116523.88,SL,-35.68,-1.508,False,4697.39
m5_14019_BUY,2025-10-27,BUY,14019,14028,115569.329244,115382.05,115382.05,116037.53,116318.44,SL,-40.87,-1.74,False,4656.52
m5_14037_BUY,2025-10-27,BUY,14037,14047,115981.401642,115707.92,115707.92,116665.11,117075.33,SL,-35.12,-1.508,False,4621.41
m5_14352_BUY,2025-10-28,BUY,14352,14353,114582.92200199999,114402.28,114402.28,115034.51,115305.47,SL,-40.68,-1.761,False,4580.72
m5_14401_BUY,2025-10-28,BUY,14401,14409,114839.08322399999,115190.74,114655.04,115299.19,115575.26,TRAILING_PROFIT,33.33,1.455,True,4614.05
m5_14415_BUY,2025-10-28,BUY,14415,14418,116023.189998,115674.77,115674.77,116894.24,117416.87,SL,-32.28,-1.399,False,4581.78
m5_14484_SELL,2025-10-29,SELL,14484,14717,113227.210028,112297.53,113706.08,112030.04,111311.74,TRAILING_PROFIT,44.4,1.938,True,4626.18
m5_14726_SELL,2025-10-29,SELL,14726,14743,111029.94956800001,111492.38,111492.38,109873.87,109180.22,SL,-29.81,-1.289,False,4596.37
m5_14755_SELL,2025-10-29,SELL,14755,14756,109405.21458000001,110174.11,110174.11,107482.97,106329.63,SL,-26.92,-1.171,False,4569.45
m5_14815_SELL,2025-10-30,SELL,14815,14823,109908.053992,110247.68,110247.68,109058.99,108549.55,SL,-31.73,-1.389,False,4537.72
m5_14872_SELL,2025-10-30,SELL,14872,14873,109426.1104,108766.67,109830.81,108414.36,107807.31,TRAILING_PROFIT,39.51,1.742,True,4577.23
m5_14965_SELL,2025-10-30,SELL,14965,14972,109414.282766,108786.53,109724.08,108639.79,108175.1,TRAILING_PROFIT,42.13,1.841,True,4619.36
m5_14983_SELL,2025-10-30,SELL,14983,14996,107820.26163400001,108305.26,108305.26,106607.76,105880.27,SL,-29.27,-1.267,False,4590.09
m5_15028_SELL,2025-10-30,SELL,15028,15033,106947.686184,107393.73,107393.73,105832.58,105163.51,SL,-29.57,-1.288,False,4560.52
m5_15206_SELL,2025-10-31,SELL,15206,15208,109200.615508,109509.37,109509.37,108428.73,107965.59,SL,-32.49,-1.425,False,4528.03
m5_15252_BUY,2025-10-31,BUY,15252,15253,110593.48427399999,110215.23,110215.23,111539.11,112106.49,SL,-30.57,-1.35,False,4497.46
m5_15287_BUY,2025-10-31,BUY,15287,15295,110812.29802799999,110262.26,110262.26,112187.4,113012.46,SL,-27.91,-1.241,False,4469.55
m5_15444_BUY,2025-11-01,BUY,15444,15447,110393.11420799998,110182.88,110182.88,110918.7,111234.05,SL,-36.42,-1.63,False,4433.13
m5_15589_BUY,2025-11-01,BUY,15589,15590,110393.214228,110218.03,110218.03,110831.18,111093.96,SL,-38.91,-1.756,False,4394.22
m5_15740_BUY,2025-11-02,BUY,15740,15751,110457.097002,110304.11,110304.11,110839.57,111069.05,SL,-40.99,-1.866,False,4353.22
m5_15778_BUY,2025-11-02,BUY,15778,15780,111055.20659999999,110853.36,110853.36,111559.81,111862.58,SL,-36.12,-1.66,False,4317.1
m5_15826_BUY,2025-11-02,BUY,15826,15834,111087.172992,110882.78,110882.78,111598.16,111904.75,SL,-35.65,-1.652,False,4281.45
m5_15876_SELL,2025-11-02,SELL,15876,15882,109848.945816,110103.87,110103.87,109211.63,108829.24,SL,-32.49,-1.518,False,4248.96
m5_16001_SELL,2025-11-03,SELL,16001,16010,109227.890052,108518.56,109594.58,108311.18,107761.15,TRAILING_PROFIT,39.54,1.861,True,4288.5
m5_16020_SELL,2025-11-03,SELL,16020,16034,107578.48999799999,108015.48,108015.48,106486.02,105830.54,SL,-27.79,-1.296,False,4260.71
m5_16046_SELL,2025-11-03,SELL,16046,16060,107325.61058400001,107679.47,107679.47,106440.97,105910.19,SL,-29.07,-1.365,False,4231.64
m5_16156_SELL,2025-11-03,SELL,16156,16157,107097.5762,106392.36,107543.91,105981.74,105312.23,TRAILING_PROFIT,37.1,1.753,True,4268.73
m5_16323_SELL,2025-11-04,SELL,16323,16328,106156.684416,105267.95,106504.17,105287.98,104766.76,TRAILING_PROFIT,46.18,2.164,True,4314.92
m5_16357_SELL,2025-11-04,SELL,16357,16362,104053.955046,104535.66,104535.66,102849.69,102127.12,SL,-27.18,-1.26,False,4287.74
m5_16434_SELL,2025-11-04,SELL,16434,16436,103438.73811399999,103813.59,103813.59,102501.6,101939.31,SL,-28.55,-1.332,False,4259.19
m5_16455_SELL,2025-11-04,SELL,16455,16467,102873.801124,101403.42,103522.61,101251.79,100278.58,TRAILING_PROFIT,46.73,2.194,True,4305.91
m5_16648_SELL,2025-11-05,SELL,16648,16650,101251.57563400001,101606.86,101606.86,100363.37,99830.45,SL,-28.91,-1.343,False,4277.01
m5_16812_SELL,2025-11-05,SELL,16812,16822,103430.63973400001,103726.42,103726.42,102691.18,102247.51,SL,-30.37,-1.42,False,4246.64
m5_16849_SELL,2025-11-06,SELL,16849,16857,103206.76451800001,103516.67,103516.67,102432.01,101967.16,SL,-29.73,-1.4,False,4216.91
m5_16923_SELL,2025-11-06,SELL,16923,16924,102924.82091800001,103274.23,103274.23,102051.3,101527.19,SL,-28.55,-1.354,False,4188.36
m5_16944_SELL,2025-11-06,SELL,16944,16962,102860.63375800001,103203.44,103203.44,102003.63,101489.42,SL,-28.49,-1.361,False,4159.86
m5_16988_SELL,2025-11-06,SELL,16988,16993,102428.640174,102757.42,102757.42,101606.7,101113.54,SL,-28.59,-1.374,False,4131.27
m5_17236_SELL,2025-11-07,SELL,17236,17258,101041.02775200001,100334.44,101319.59,100344.62,99926.77,TRAILING_PROFIT,43.06,2.085,True,4174.33
m5_17277_SELL,2025-11-07,SELL,17277,17281,99391.887646,99808.93,99808.93,98349.27,97723.71,SL,-26.85,-1.287,False,4147.48
m5_17359_BUY,2025-11-08,BUY,17359,17419,103220.64,102757.03,102757.03,104379.66,105075.07,SL,-26.27,-1.267,False,4121.21
m5_17484_SELL,2025-11-08,SELL,17484,17487,102169.032106,102400.87,102400.87,101589.44,101241.68,SL,-31.52,-1.529,False,4089.7
m5_17500_SELL,2025-11-08,SELL,17500,17503,101951.67558600001,102212.19,102212.19,101300.4,100909.63,SL,-30.06,-1.47,False,4059.63
m5_17581_SELL,2025-11-08,SELL,17581,17587,101668.222288,101941.01,101941.01,100986.26,100577.08,SL,-29.39,-1.448,False,4030.25
m5_17741_SELL,2025-11-09,SELL,17741,17744,101485.088922,101727.82,101727.82,100878.27,100514.18,SL,-30.27,-1.502,False,3999.97
m5_17818_SELL,2025-11-09,SELL,17818,17829,101630.96974,101816.36,101816.36,101167.48,100889.39,SL,-33.17,-1.658,False,3966.8
m5_17847_BUY,2025-11-09,BUY,17847,17849,102403.096524,102195.07,102195.07,102923.16,103235.2,SL,-31.54,-1.59,False,3935.27
m5_17871_BUY,2025-11-09,BUY,17871,17879,103280.641998,102972.62,102972.62,104050.71,104512.75,SL,-27.58,-1.402,False,3907.68
m5_17992_BUY,2025-11-10,BUY,17992,18165,105720.36984599999,105252.02,105252.02,106891.24,107593.77,SL,-24.82,-1.27,False,3882.86
m5_18230_BUY,2025-11-10,BUY,18230,18239,106256.887128,105919.31,105919.31,107100.83,107607.2,SL,-26.74,-1.377,False,3856.13
m5_18291_BUY,2025-11-11,BUY,18291,18293,107379.34157399999,106943.61,106943.61,108468.67,109122.27,SL,-24.97,-1.295,False,3831.16
m5_18453_SELL,2025-11-11,SELL,18453,18455,103891.34757400001,104236.64,104236.64,103028.12,102510.18,SL,-26.08,-1.362,False,3805.07
m5_18462_SELL,2025-11-12,SELL,18462,18667,103557.62433199999,104044.85,104044.85,102339.57,101608.73,SL,-23.89,-1.256,False,3781.19
m5_18673_BUY,2025-11-12,BUY,18673,18700,104495.454912,104936.67,104227.49,105165.36,105567.31,TRAILING_PROFIT,30.33,1.604,True,3811.51
m5_18751_SELL,2025-11-12,SELL,18751,18762,102863.003284,101955.35,103464.97,101358.08,100455.12,TRAILING_PROFIT,34.3,1.8,True,3845.82
m5_18890_SELL,2025-11-13,SELL,18890,18891,101326.540638,101681.98,101681.98,100437.93,99904.77,SL,-25.82,-1.343,False,3820.0
m5_19013_SELL,2025-11-13,SELL,19013,19028,102534.109076,102160.93,102821.76,101814.97,101383.49,TRAILING_PROFIT,28.12,1.472,True,3848.11
m5_19047_SELL,2025-11-13,SELL,19047,19074,100823.761214,99018.23,101515.95,99093.28,98055.0,TRAILING_PROFIT,45.81,2.381,True,3893.93
m5_19194_SELL,2025-11-14,SELL,19194,19223,97713.46339799999,97045.03,98220.46,96445.97,95685.48,TRAILING_PROFIT,32.69,1.679,True,3926.62
m5_19275_SELL,2025-11-14,SELL,19275,19290,96446.54683199999,95611.68,96866.6,95396.4,94766.32,TRAILING_PROFIT,38.67,1.97,True,3965.29
m5_19364_SELL,2025-11-15,SELL,19364,19460,95358.67445,95962.62,95962.62,93848.82,92942.9,SL,-23.59,-1.19,False,3941.69
m5_19528_SELL,2025-11-15,SELL,19528,19531,95889.64823400001,96186.49,96186.49,95147.53,94702.27,SL,-27.36,-1.388,False,3914.33
m5_19671_SELL,2025-11-15,SELL,19671,19678,95679.380296,95382.78,95867.72,95208.54,94926.03,TRAILING_PROFIT,27.97,1.429,True,3942.3
m5_19736_SELL,2025-11-16,SELL,19736,19738,94984.539292,95284.41,95284.41,94234.85,93785.04,SL,-27.22,-1.381,False,3915.08
m5_19853_SELL,2025-11-16,SELL,19853,19863,95589.518272,95866.52,95866.52,94897.02,94481.53,SL,-27.69,-1.415,False,3887.39
m5_19880_SELL,2025-11-16,SELL,19880,19884,95205.345122,95521.63,95521.63,94414.62,93940.19,SL,-26.47,-1.362,False,3860.92
m5_19906_SELL,2025-11-16,SELL,19906,19931,94691.04800200001,94293.16,94994.8,93931.68,93476.05,TRAILING_PROFIT,29.57,1.532,True,3890.49
m5_20104_BUY,2025-11-17,BUY,20104,20106,96009.468054,95746.19,95746.19,96667.67,97062.59,SL,-27.95,-1.437,False,3862.54
m5_20161_SELL,2025-11-17,SELL,20161,20166,95048.046588,94474.89,95323.73,94358.84,93945.31,TRAILING_PROFIT,36.25,1.877,True,3898.79
m5_20197_SELL,2025-11-17,SELL,20197,20206,93353.84549600001,94109.8,94109.8,91463.96,90330.03,SL,-22.39,-1.149,False,3876.4
m5_20216_SELL,2025-11-17,SELL,20216,20291,92833.819522,92151.35,93474.95,91231.0,90269.31,TRAILING_PROFIT,31.2,1.61,True,3907.6
m5_20319_SELL,2025-11-18,SELL,20319,20320,90922.371888,91429.19,91429.19,89655.32,88895.1,SL,-23.76,-1.216,False,3883.84
m5_20328_SELL,2025-11-18,SELL,20328,20391,90370.712242,90978.33,90978.33,88851.68,87940.26,SL,-22.9,-1.179,False,3860.94
m5_20553_SELL,2025-11-18,SELL,20553,20558,92567.27284199999,92894.9,92894.9,91748.2,91256.76,SL,-25.86,-1.34,False,3835.08
m5_20583_SELL,2025-11-19,SELL,20583,20585,91978.610598,92328.29,92328.29,91104.41,90579.89,SL,-25.24,-1.316,False,3809.84
m5_20623_SELL,2025-11-19,SELL,20623,20648,91855.635198,90583.94,92212.63,90963.15,90427.66,TRAILING_PROFIT,51.89,2.724,True,3861.74
m5_20749_SELL,2025-11-19,SELL,20749,20750,91183.74960200001,91498.98,91498.98,90395.67,89922.82,SL,-26.02,-1.348,False,3835.71
m5_20766_SELL,2025-11-19,SELL,20766,20792,90705.335304,89453.84,91293.37,89235.25,88353.2,TRAILING_PROFIT,40.86,2.13,True,3876.57
m5_20883_BUY,2025-11-20,BUY,20883,20948,92466.209544,92074.32,92074.32,93445.93,94033.76,SL,-24.86,-1.283,False,3851.71
m5_21036_SELL,2025-11-20,SELL,21036,21042,91039.498458,91548.96,91548.96,89765.85,89001.66,SL,-23.4,-1.215,False,3828.31
m5_21059_SELL,2025-11-20,SELL,21059,21073,89851.90602400001,87251.66,90501.97,88226.75,87251.66,TP2,59.07,3.086,True,3887.39
m5_21096_SELL,2025-11-20,SELL,21096,21100,86110.87438000001,86768.74,86768.74,84466.2,83479.4,SL,-22.5,-1.158,False,3864.88
m5_21182_SELL,2025-11-21,SELL,21182,21246,86424.151712,83968.42,86890.12,85259.23,84560.27,TRAILING_PROFIT,70.82,3.665,True,3935.71
m5_21276_SELL,2025-11-21,SELL,21276,21282,81919.932736,82619.43,82619.43,80171.19,79121.94,SL,-22.46,-1.141,False,3913.25
m5_21304_SELL,2025-11-21,SELL,21304,21306,81083.770002,81794.24,81794.24,79307.59,78241.89,SL,-22.26,-1.138,False,3890.99
m5_21494_SELL,2025-11-22,SELL,21494,21520,84098.386958,84431.43,84431.43,83265.79,82766.23,SL,-25.36,-1.304,False,3865.63
m5_21693_SELL,2025-11-22,SELL,21693,21710,84304.815664,84525.21,84525.21,83753.83,83423.24,SL,-28.21,-1.46,False,3837.42
m5_21781_BUY,2025-11-23,BUY,21781,21799,86464.93952999999,86130.81,86130.81,87300.27,87801.47,SL,-25.13,-1.31,False,3812.28
m5_21879_BUY,2025-11-23,BUY,21879,21884,86801.77688399999,86533.63,86533.63,87472.14,87874.36,SL,-26.45,-1.388,False,3785.83
m5_21900_BUY,2025-11-23,BUY,21900,21901,87159.438402,86828.01,86828.01,87988.01,88485.15,SL,-24.89,-1.315,False,3760.94
m5_21924_BUY,2025-11-23,BUY,21924,21929,87285.24355799999,86978.33,86978.33,88052.54,88512.91,SL,-25.21,-1.341,False,3735.73
m5_22145_SELL,2025-11-24,SELL,22145,22152,85808.144938,86155.84,86155.84,84938.91,84417.37,SL,-24.22,-1.297,False,3711.51
m5_22196_SELL,2025-11-24,SELL,22196,22199,85556.815214,86015.15,86015.15,84410.98,83723.48,SL,-22.73,-1.225,False,3688.78
m5_22212_BUY,2025-11-24,BUY,22212,22250,87107.92810199999,88540.17,86507.61,88608.71,89509.18,TRAILING_PROFIT,41.82,2.267,True,3730.6
m5_22269_BUY,2025-11-24,BUY,22269,22281,89124.69137399999,88773.24,88773.24,90003.32,90530.5,SL,-24.32,-1.304,False,3706.28
m5_22366_BUY,2025-11-25,BUY,22366,22369,88497.04587,88217.5,88217.5,89195.91,89615.22,SL,-25.56,-1.379,False,3680.72
m5_22454_BUY,2025-11-25,BUY,22454,22459,87698.456184,87451.71,87451.71,88315.31,88685.42,SL,-26.24,-1.426,False,3654.48
m5_22484_SELL,2025-11-25,SELL,22484,22494,86582.67000200001,86978.33,86978.33,85593.52,85000.03,SL,-23.08,-1.263,False,3631.4
m5_22585_BUY,2025-11-26,BUY,22585,22640,87753.567204,87323.94,87323.94,88827.63,89472.07,SL,-22.6,-1.245,False,3608.8
m5_22742_SELL,2025-11-26,SELL,22742,22757,86542.498038,86793.69,86793.69,85914.53,85537.75,SL,-25.51,-1.414,False,3583.29
m5_22805_BUY,2025-11-26,BUY,22805,22818,88680.872628,90006.24,88226.98,89815.61,90496.45,TRAILING_PROFIT,44.32,2.474,True,3627.61
m5_22896_BUY,2025-11-27,BUY,22896,22913,90682.522878,91253.05,90427.49,91320.11,91702.66,TRAILING_PROFIT,35.2,1.94,True,3662.8
m5_22995_BUY,2025-11-27,BUY,22995,22997,91785.963522,91615.39,91615.39,92212.4,92468.26,SL,-30.13,-1.645,False,3632.68
m5_23083_BUY,2025-11-27,BUY,23083,23086,91553.59705799998,91237.57,91237.57,92343.66,92817.69,SL,-24.47,-1.347,False,3608.21
m5_23108_BUY,2025-11-27,BUY,23108,23118,91778.66206199999,91532.41,91532.41,92394.29,92763.66,SL,-26.1,-1.447,False,3582.11
m5_23234_BUY,2025-11-28,BUY,23234,23248,91519.70027999999,91350.12,91350.12,91943.65,92198.02,SL,-29.5,-1.647,False,3552.61
m5_23302_BUY,2025-11-28,BUY,23302,23305,91878.512028,91666.41,91666.41,92408.77,92726.92,SL,-26.99,-1.519,False,3525.62
m5_23337_BUY,2025-11-28,BUY,23337,23338,92343.935094,92035.05,92035.05,93116.15,93579.48,SL,-23.94,-1.358,False,3501.68
m5_23345_BUY,2025-11-28,BUY,23345,23346,92982.762834,92597.97,92597.97,93944.76,94521.95,SL,-22.57,-1.289,False,3479.11
m5_23536_SELL,2025-11-29,SELL,23536,23544,90473.831614,90620.11,90620.11,90108.15,89888.73,SL,-30.32,-1.743,False,3448.79
m5_23676_SELL,2025-11-29,SELL,23676,23684,90377.340916,90569.74,90569.74,89896.35,89607.76,SL,-26.97,-1.564,False,3421.82
m5_23841_BUY,2025-11-30,BUY,23841,23842,91051.626684,90952.79,90952.79,91298.71,91446.97,SL,-36.01,-2.105,False,3385.8
m5_23848_BUY,2025-11-30,BUY,23848,23849,91329.102168,91173.36,91173.36,91718.47,91952.09,SL,-28.83,-1.703,False,3356.97
m5_23858_BUY,2025-11-30,BUY,23858,23870,91506.627666,91279.06,91279.06,92075.54,92416.88,SL,-24.87,-1.482,False,3332.1
m5_23907_BUY,2025-11-30,BUY,23907,23920,91731.512634,91548.51,91548.51,92189.02,92463.52,SL,-26.67,-1.601,False,3305.43
m5_24036_SELL,2025-12-01,SELL,24036,24038,89798.206766,89225.45,90142.64,88937.11,88420.46,TRAILING_PROFIT,29.25,1.77,True,3334.68
m5_24045_SELL,2025-12-01,SELL,24045,24092,87404.095684,85996.32,88008.07,85894.17,84988.21,TRAILING_PROFIT,37.4,2.243,True,3372.08
m5_24179_SELL,2025-12-01,SELL,24179,24188,86131.92017,85668.34,86323.67,85652.55,85364.93,TRAILING_PROFIT,32.39,1.921,True,3404.47
m5_24222_SELL,2025-12-01,SELL,24222,24235,84411.454332,85006.94,85006.94,82922.73,82029.5,SL,-19.93,-1.171,False,3384.54
m5_24422_SELL,2025-12-02,SELL,24422,24437,86748.38685200001,86930.63,86930.63,86292.79,86019.43,SL,-26.6,-1.572,False,3357.94
m5_24493_BUY,2025-12-02,BUY,24493,24501,88113.089094,88916.29,87775.9,88956.07,89461.86,TRAILING_PROFIT,35.69,2.126,True,3393.64
m5_24532_BUY,2025-12-02,BUY,24532,24569,91700.8365,91051.96,91051.96,93323.02,94296.33,SL,-19.84,-1.169,False,3373.8
m5_24633_BUY,2025-12-03,BUY,24633,24666,92252.326776,92828.23,91897.51,93139.37,93671.59,TRAILING_PROFIT,29.49,1.748,True,3403.3
m5_24673_BUY,2025-12-03,BUY,24673,24676,93533.272914,93138.0,93138.0,94521.45,95114.36,SL,-21.84,-1.283,False,3381.46
m5_24788_BUY,2025-12-03,BUY,24788,24789,93521.46055199999,92843.4,92843.4,95216.61,96233.7,SL,-19.7,-1.165,False,3361.76
m5_24875_BUY,2025-12-03,BUY,24875,24881,93718.73999999999,93403.54,93403.54,94506.74,94979.55,SL,-22.8,-1.356,False,3338.97
m5_25130_SELL,2025-12-04,SELL,25130,25134,91271.082132,91747.45,91747.45,90080.17,89365.63,SL,-20.54,-1.231,False,3318.42
m5_25153_BUY,2025-12-04,BUY,25153,25158,92657.967888,92254.65,92254.65,93666.26,94271.24,SL,-21.16,-1.275,False,3297.27
m5_25205_BUY,2025-12-05,BUY,25205,25212,92532.732846,92306.34,92306.34,93098.71,93438.3,SL,-24.56,-1.49,False,3272.7
m5_25244_SELL,2025-12-05,SELL,25244,25248,91844.57741,92090.07,92090.07,91230.84,90862.6,SL,-23.72,-1.45,False,3248.98
m5_25299_SELL,2025-12-05,SELL,25299,25351,91370.64221600001,90822.83,91602.34,90791.39,90443.84,TRAILING_PROFIT,31.85,1.96,True,3280.83
m5_25363_SELL,2025-12-05,SELL,25363,25368,90137.9688,90526.74,90526.74,89166.03,88582.87,SL,-20.98,-1.279,False,3259.85
m5_25576_SELL,2025-12-06,SELL,25576,25586,89388.16879000001,89528.82,89528.82,89036.55,88825.57,SL,-28.74,-1.763,False,3231.11
m5_25756_SELL,2025-12-06,SELL,25756,25759,88932.219998,89122.97,89122.97,88455.34,88169.21,SL,-25.2,-1.56,False,3205.91
m5_25851_SELL,2025-12-07,SELL,25851,25868,89374.501524,89503.67,89503.67,89051.59,88857.84,SL,-29.35,-1.831,False,3176.56
m5_25876_SELL,2025-12-07,SELL,25876,25878,89110.42435,89261.17,89261.17,88733.57,88507.46,SL,-27.16,-1.71,False,3149.4
m5_25924_SELL,2025-12-07,SELL,25924,25936,88900.126418,88566.82,89123.36,88342.04,88007.19,TRAILING_PROFIT,23.93,1.52,True,3173.33
m5_25971_BUY,2025-12-07,BUY,25971,25991,90350.0664,91292.96,89902.58,91468.79,92140.02,TRAILING_PROFIT,32.68,2.06,True,3206.02
m5_26069_BUY,2025-12-08,BUY,26069,26165,91160.808516,91928.18,90760.76,92160.94,92761.02,TRAILING_PROFIT,31.01,1.934,True,3237.02
m5_26309_BUY,2025-12-08,BUY,26309,26332,91050.79651799999,90714.98,90714.98,91890.33,92394.05,SL,-21.44,-1.325,False,3215.58
m5_26352_SELL,2025-12-09,SELL,26352,26355,90318.822622,90564.62,90564.62,89704.32,89335.62,SL,-23.18,-1.442,False,3192.41
m5_26361_SELL,2025-12-09,SELL,26361,26369,89995.157368,90265.64,90265.64,89318.96,88913.23,SL,-22.34,-1.4,False,3170.06
m5_26379_SELL,2025-12-09,SELL,26379,26381,89836.119182,90078.71,90078.71,89229.65,88865.77,SL,-22.9,-1.445,False,3147.16
m5_26439_BUY,2025-12-09,BUY,26439,26442,90607.187814,90423.29,90423.29,91066.93,91342.77,SL,-25.03,-1.591,False,3122.13
m5_26691_BUY,2025-12-10,BUY,26691,26694,92738.533998,92549.24,92549.24,93211.76,93495.69,SL,-24.78,-1.587,False,3097.35
m5_26723_BUY,2025-12-10,BUY,26723,26726,92801.46658200001,92653.09,92653.09,93172.4,93394.96,SL,-27.1,-1.75,False,3070.25
m5_26745_BUY,2025-12-10,BUY,26745,26748,92842.134714,92966.69,92666.1,93282.23,93546.28,TRAILING_PROFIT,14.89,0.97,True,3085.14
m5_26823_BUY,2025-12-10,BUY,26823,26831,92489.324166,92121.61,92121.61,93408.6,93960.16,SL,-20.07,-1.301,False,3065.07
m5_26930_SELL,2025-12-11,SELL,26930,26956,90969.722416,89911.6,91368.01,89974.01,89376.58,TRAILING_PROFIT,35.34,2.306,True,3100.4
m5_27071_SELL,2025-12-11,SELL,27071,27082,90014.303538,90163.94,90163.94,89640.21,89415.75,SL,-26.7,-1.722,False,3073.7
m5_27094_SELL,2025-12-11,SELL,27094,27097,89463.11379799999,89824.04,89824.04,88560.8,88019.41,SL,-19.95,-1.298,False,3053.75
m5_27168_BUY,2025-12-11,BUY,27168,27171,91921.650654,92523.44,91472.79,93043.81,93717.11,TRAILING_PROFIT,25.55,1.673,True,3079.3
m5_27512_SELL,2025-12-13,SELL,27512,27515,90130.050384,90220.93,90220.93,89902.86,89766.55,SL,-33.73,-2.191,False,3045.57
m5_27664_SELL,2025-12-13,SELL,27664,27667,90112.283938,90234.37,90234.37,89807.08,89623.96,SL,-28.73,-1.886,False,3016.85
m5_27749_SELL,2025-12-13,SELL,27749,27751,89944.32753600001,90017.67,90017.67,89760.98,89650.97,SL,-37.29,-2.472,False,2979.56
m5_27836_SELL,2025-12-14,SELL,27836,27838,90146.747044,90214.8,90214.8,89976.62,89874.55,SL,-38.59,-2.59,False,2940.97
m5_27894_SELL,2025-12-14,SELL,27894,27902,90039.4885,89863.1,90118.03,89843.13,89725.31,TRAILING_PROFIT,14.68,0.999,True,2955.65
m5_27912_SELL,2025-12-14,SELL,27912,27913,89626.081198,89790.56,89790.56,89214.9,88968.18,SL,-24.45,-1.655,False,2931.2
m5_27919_SELL,2025-12-14,SELL,27919,27920,89344.687488,89080.37,89578.63,88759.82,88408.9,TRAILING_PROFIT,19.9,1.358,True,2951.1
m5_28212_SELL,2025-12-15,SELL,28212,28216,89489.478524,89631.1,89631.1,89135.42,88922.98,SL,-25.95,-1.759,False,2925.15
m5_28231_SELL,2025-12-15,SELL,28231,28232,89298.246778,89472.14,89472.14,88863.52,88602.68,SL,-23.65,-1.617,False,2901.5
m5_28242_SELL,2025-12-15,SELL,28242,28243,89051.166204,89295.14,89295.14,88441.23,88075.26,SL,-20.87,-1.439,False,2880.63
m5_28251_SELL,2025-12-15,SELL,28251,28292,87017.59300000001,85649.42,87649.76,85437.18,84488.93,TRAILING_PROFIT,31.23,2.168,True,2911.86
m5_28696_SELL,2025-12-17,SELL,28696,28704,87064.013714,86657.45,87260.33,86573.22,86278.74,TRAILING_PROFIT,25.55,1.755,True,2937.41
m5_28822_BUY,2025-12-17,BUY,28822,28832,89300.566542,88668.93,88668.93,90879.67,91827.13,SL,-17.17,-1.169,False,2920.24
m5_28868_SELL,2025-12-18,SELL,28868,28958,85921.27230800001,86435.61,86435.61,84635.42,83863.9,SL,-17.54,-1.201,False,2902.7
m5_29046_BUY,2025-12-18,BUY,29046,29089,87267.85007999999,87585.48,87053.56,87803.58,88125.01,TRAILING_PROFIT,21.79,1.501,True,2924.49
m5_29096_BUY,2025-12-18,BUY,29096,29102,88782.122874,88320.64,88320.64,89935.84,90628.07,SL,-17.99,-1.23,False,2906.5
m5_29168_SELL,2025-12-18,SELL,29168,29188,84675.71147,85345.72,85345.72,83000.69,81995.68,SL,-16.75,-1.152,False,2889.75
m5_29237_SELL,2025-12-19,SELL,29237,29248,85150.306532,85413.79,85413.79,84491.6,84096.37,SL,-20.06,-1.388,False,2869.69
m5_29304_BUY,2025-12-19,BUY,29304,29396,87762.358962,88197.82,87456.61,88526.72,88985.34,TRAILING_PROFIT,23.19,1.616,True,2892.89
m5_29402_BUY,2025-12-19,BUY,29402,29404,88780.162482,88239.05,88239.05,90132.94,90944.61,SL,-17.3,-1.196,False,2875.58
m5_29568_BUY,2025-12-20,BUY,29568,29593,88357.668,88263.87,88263.87,88592.17,88732.87,SL,-30.62,-2.13,False,2844.96
m5_29664_BUY,2025-12-20,BUY,29664,29665,88357.668,88296.96,88296.96,88509.43,88600.49,SL,-39.06,-2.746,False,2805.9
m5_29735_BUY,2025-12-20,BUY,29735,29736,88330.872642,88260.06,88260.06,88507.91,88614.13,SL,-35.02,-2.496,False,2770.88
m5_29870_BUY,2025-12-21,BUY,29870,29875,88196.395752,88136.89,88136.89,88345.16,88434.41,SL,-38.49,-2.778,False,2732.39
m5_29896_BUY,2025-12-21,BUY,29896,29898,88247.59599,88290.89,88186.72,88399.79,88491.11,TRAILING_PROFIT,-1.84,-0.135,False,2730.55
m5_29914_BUY,2025-12-21,BUY,29914,29917,89057.818002,88846.09,88846.09,89587.14,89904.73,SL,-20.54,-1.504,False,2710.01
m5_30034_BUY,2025-12-21,BUY,30034,30037,88563.429144,88389.89,88389.89,88997.28,89257.59,SL,-21.84,-1.612,False,2688.17
m5_30085_BUY,2025-12-22,BUY,30085,30086,88957.777998,89304.43,88753.99,89467.24,89772.91,TRAILING_PROFIT,21.18,1.575,True,2709.35
m5_30169_BUY,2025-12-22,BUY,30169,30185,89180.88261,89645.49,88998.38,89637.15,89910.91,TRAILING_PROFIT,26.21,1.935,True,2735.56
m5_30222_BUY,2025-12-22,BUY,30222,30241,89978.682138,90103.01,89770.81,90498.36,90810.17,TRAILING_PROFIT,14.07,1.029,True,2749.63
m5_30404_SELL,2025-12-23,SELL,30404,30438,88252.355998,87768.02,88480.53,87681.93,87339.68,TRAILING_PROFIT,25.41,1.849,True,2775.05
m5_30446_SELL,2025-12-23,SELL,30446,30507,87522.492,87771.62,87771.62,86899.67,86525.98,SL,-19.73,-1.422,False,2755.31
m5_30547_SELL,2025-12-23,SELL,30547,30553,87368.0229,87129.0,87664.57,86626.66,86181.84,TRAILING_PROFIT,17.92,1.3,True,2773.23
m5_30642_SELL,2025-12-23,SELL,30642,30644,87341.42822,87595.62,87595.62,86705.94,86324.65,SL,-19.59,-1.413,False,2753.64
m5_30692_SELL,2025-12-24,SELL,30692,30703,87079.01071399999,87298.39,87298.39,86530.56,86201.49,SL,-20.33,-1.477,False,2733.3
m5_30728_SELL,2025-12-24,SELL,30728,30731,86829.300666,87003.26,87003.26,86394.4,86133.45,SL,-21.86,-1.6,False,2711.44
m5_30775_SELL,2025-12-24,SELL,30775,30777,86706.715188,86845.86,86845.86,86358.85,86150.13,SL,-23.7,-1.748,False,2687.74
m5_30835_SELL,2025-12-24,SELL,30835,30836,86612.80397400001,86871.34,86871.34,85966.46,85578.66,SL,-18.85,-1.403,False,2668.89
m5_31075_SELL,2025-12-25,SELL,31075,31077,87262.534002,87364.87,87364.87,87006.7,86853.19,SL,-27.01,-2.024,False,2641.88
m5_31132_BUY,2025-12-25,BUY,31132,31133,87859.148316,87973.95,87744.75,88145.14,88316.74,TRAILING_PROFIT,10.95,0.829,True,2652.83
m5_31230_SELL,2025-12-26,SELL,31230,31256,87159.794554,87384.63,87384.63,86597.71,86260.46,SL,-19.44,-1.466,False,2633.39
m5_31322_BUY,2025-12-26,BUY,31322,31326,89379.65235599999,89213.35,89213.35,89795.41,90044.86,SL,-21.65,-1.644,False,2611.74
m5_31399_BUY,2025-12-26,BUY,31399,31410,88971.580758,88848.01,88848.01,89280.5,89465.85,SL,-24.33,-1.863,False,2587.41
m5_31416_SELL,2025-12-26,SELL,31416,31480,87228.5508,87584.71,87584.71,86338.15,85803.91,SL,-16.75,-1.294,False,2570.66
m5_31526_SELL,2025-12-27,SELL,31526,31543,87303.555796,87420.18,87420.18,87011.99,86837.05,SL,-24.41,-1.899,False,2546.25
m5_31686_SELL,2025-12-27,SELL,31686,31687,87351.056294,87413.65,87413.65,87194.58,87100.69,SL,-34.06,-2.675,False,2512.19
m5_31915_BUY,2025-12-28,BUY,31915,31916,87888.034092,87839.02,87839.02,88010.58,88084.11,SL,-39.58,-3.151,False,2472.61
m5_31988_BUY,2025-12-28,BUY,31988,31990,88013.69922000001,87937.25,87937.25,88204.82,88319.49,SL,-29.44,-2.381,False,2443.18
m5_32106_BUY,2025-12-29,BUY,32106,32115,88139.32433999999,87943.91,87943.91,88627.85,88920.97,SL,-18.82,-1.541,False,2424.36
m5_32124_BUY,2025-12-29,BUY,32124,32143,88887.00384599999,89692.8,88608.06,89584.37,90002.8,TRAILING_PROFIT,28.01,2.31,True,2452.36
m5_32155_BUY,2025-12-29,BUY,32155,32161,90338.064,90032.58,90032.58,91101.78,91560.01,SL,-16.61,-1.354,False,2435.76
m5_32245_SELL,2025-12-29,SELL,32245,32249,87037.43903000001,87299.69,87299.69,86381.81,85988.43,SL,-17.04,-1.399,False,2418.72
m5_32418_SELL,2025-12-30,SELL,32418,32428,87028.070904,87195.24,87195.24,86610.14,86359.39,SL,-19.66,-1.625,False,2399.06
m5_32559_BUY,2025-12-30,BUY,32559,32562,88205.92765799999,88019.05,88019.05,88673.12,88953.43,SL,-18.78,-1.566,False,2380.28
m5_32667_BUY,2025-12-31,BUY,32667,32676,88557.788016,88404.24,88404.24,88941.65,89171.97,SL,-20.13,-1.691,False,2360.15
m5_32691_BUY,2025-12-31,BUY,32691,32719,88628.452146,88457.07,88457.07,89056.92,89313.99,SL,-19.12,-1.62,False,2341.03
m5_32767_BUY,2025-12-31,BUY,32767,32779,88635.713598,88548.79,88548.79,88853.03,88983.42,SL,-26.02,-2.223,False,2315.01
m5_32798_BUY,2025-12-31,BUY,32798,32800,88814.70938999999,88717.69,88717.69,89057.25,89202.77,SL,-24.28,-2.098,False,2290.73
m5_32816_BUY,2025-12-31,BUY,32816,32821,89042.3049,88916.72,88916.72,89356.27,89544.65,SL,-21.19,-1.85,False,2269.54
m5_33014_SELL,2026-01-01,SELL,33014,33030,87632.479998,87726.7,87726.7,87396.93,87255.6,SL,-24.02,-2.117,False,2245.52
m5_33228_BUY,2026-01-01,BUY,33228,33240,88465.6896,88572.45,88385.48,88666.21,88786.53,TRAILING_PROFIT,6.63,0.591,True,2252.15
m5_33290_BUY,2026-01-02,BUY,33290,33302,88980.84261,88808.1,88808.1,89412.69,89671.8,SL,-18.21,-1.618,False,2233.94
m5_33359_BUY,2026-01-02,BUY,33359,33373,89195.965626,89574.55,89053.08,89553.17,89767.49,TRAILING_PROFIT,20.38,1.824,True,2254.31
m5_33429_BUY,2026-01-02,BUY,33429,33432,89812.80897,89382.41,89382.41,90888.8,91534.4,SL,-14.09,-1.25,False,2240.23
m5_33450_BUY,2026-01-02,BUY,33450,33452,90759.438258,90153.51,90153.51,92274.26,93183.15,SL,-13.21,-1.179,False,2227.02
m5_33712_BUY,2026-01-03,BUY,33712,33717,90211.30865400001,90098.76,90098.76,90492.67,90661.49,SL,-21.84,-1.961,False,2205.18
m5_33786_BUY,2026-01-03,BUY,33786,33798,90238.044,90498.61,90173.83,90398.57,90494.89,TRAILING_PROFIT,17.54,1.591,True,2222.72
m5_33828_BUY,2026-01-04,BUY,33828,33829,90950.58648,91106.93,90808.01,91307.02,91520.87,TRAILING_PROFIT,11.47,1.032,True,2234.18
m5_33883_BUY,2026-01-04,BUY,33883,33887,91563.389016,91391.57,91391.57,91992.94,92250.67,SL,-18.31,-1.639,False,2215.87
m5_33901_BUY,2026-01-04,BUY,33901,33903,91714.979328,91570.22,91570.22,92076.87,92294.0,SL,-19.5,-1.76,False,2196.38
m5_34104_BUY,2026-01-04,BUY,34104,34106,91491.89472,91346.38,91346.38,91855.68,92073.95,SL,-19.26,-1.754,False,2177.12
m5_34116_BUY,2026-01-05,BUY,34116,34129,91845.37540199999,92676.02,91597.82,92464.25,92835.58,TRAILING_PROFIT,27.0,2.481,True,2204.12
m5_34135_BUY,2026-01-05,BUY,34135,34145,93158.347944,92760.51,92760.51,94152.93,94749.68,SL,-14.11,-1.28,False,2190.01
m5_34246_BUY,2026-01-05,BUY,34246,34250,93156.02747999999,92956.52,92956.52,93654.78,93954.04,SL,-17.08,-1.56,False,2172.93
m5_34292_BUY,2026-01-05,BUY,34292,34293,93301.93665599999,92990.44,92990.44,94080.67,94547.9,SL,-14.76,-1.359,False,2158.17
m5_34541_BUY,2026-01-06,BUY,34541,34566,93852.336714,93713.75,93713.75,94198.81,94406.69,SL,-19.55,-1.812,False,2138.62
m5_34574_BUY,2026-01-06,BUY,34574,34581,94111.438524,93948.09,93948.09,94519.82,94764.85,SL,-18.08,-1.691,False,2120.54
m5_34616_SELL,2026-01-06,SELL,34616,34651,92217.612788,92654.93,92654.93,91124.33,90468.36,SL,-13.29,-1.254,False,2107.24
m5_34707_SELL,2026-01-07,SELL,34707,34721,92459.18446399999,92750.66,92750.66,91730.49,91293.28,SL,-14.55,-1.381,False,2092.69
m5_34802_SELL,2026-01-07,SELL,34802,34806,92268.352638,91943.41,92439.2,91841.24,91584.98,TRAILING_PROFIT,16.26,1.554,True,2108.95
m5_34861_SELL,2026-01-07,SELL,34861,34867,91646.037126,91847.63,91847.63,91142.06,90839.68,SL,-16.3,-1.546,False,2092.65
m5_34875_SELL,2026-01-07,SELL,34875,34882,91146.507052,91570.24,91570.24,90087.16,89451.56,SL,-13.17,-1.259,False,2079.48
m5_35011_SELL,2026-01-08,SELL,35011,35016,90899.096544,91133.31,91133.31,90313.57,89962.26,SL,-15.25,-1.466,False,2064.23
m5_35053_SELL,2026-01-08,SELL,35053,35063,90562.503876,90078.58,90769.45,90045.13,89734.71,TRAILING_PROFIT,19.56,1.896,True,2083.8
m5_35153_SELL,2026-01-08,SELL,35153,35154,89625.961222,89858.61,89858.61,89044.33,88695.36,SL,-15.24,-1.463,False,2068.55
m5_35287_SELL,2026-01-09,SELL,35287,35292,90953.045752,91219.94,91219.94,90285.8,89885.45,SL,-14.58,-1.41,False,2053.98
m5_35363_SELL,2026-01-09,SELL,35363,35372,90723.691632,90458.41,90849.38,90409.47,90220.94,TRAILING_PROFIT,14.79,1.441,True,2068.77
m5_35442_SELL,2026-01-09,SELL,35442,35443,90205.045382,90485.64,90485.64,89503.57,89082.69,SL,-14.34,-1.386,False,2054.43
m5_35502_SELL,2026-01-09,SELL,35502,35506,90275.101368,90608.22,90608.22,89442.31,88942.63,SL,-13.62,-1.326,False,2040.81
m5_35611_SELL,2026-01-10,SELL,35611,35618,90465.913198,90531.29,90531.29,90302.47,90204.4,SL,-27.15,-2.661,False,2013.66
m5_35722_SELL,2026-01-10,SELL,35722,35748,90631.160142,90684.81,90684.81,90497.02,90416.54,SL,-30.48,-3.028,False,1983.17
m5_35773_SELL,2026-01-10,SELL,35773,35777,90504.64545,90557.88,90557.88,90371.57,90291.73,SL,-30.15,-3.041,False,1953.02
m5_35809_SELL,2026-01-10,SELL,35809,35810,90482.289922,90511.1,90511.1,90410.27,90367.06,SL,-46.58,-4.77,False,1906.45
m5_35911_BUY,2026-01-11,BUY,35911,35914,90827.25181799999,90792.89,90792.89,90913.15,90964.69,SL,-39.76,-4.171,False,1866.68
m5_35991_BUY,2026-01-11,BUY,35991,35997,90862.26882,90946.02,90817.76,90973.53,91040.29,TRAILING_PROFIT,-2.43,-0.26,False,1864.25
m5_36022_BUY,2026-01-11,BUY,36022,36024,91137.01375799999,91056.26,91056.26,91338.9,91460.03,SL,-21.94,-2.354,False,1842.31
m5_36084_SELL,2026-01-11,SELL,36084,36095,90621.872,90722.49,90722.49,90370.32,90219.38,SL,-19.17,-2.081,False,1823.14
m5_36135_BUY,2026-01-12,BUY,36135,36139,91209.93834,90944.65,90944.65,91873.17,92271.1,SL,-12.87,-1.412,False,1810.27
m5_36165_BUY,2026-01-12,BUY,36165,36179,92207.30777399999,91885.31,91885.31,93012.31,93495.31,SL,-12.16,-1.343,False,1798.11
m5_36304_SELL,2026-01-12,SELL,36304,36306,90200.90621,90403.0,90403.0,89695.67,89392.53,SL,-13.81,-1.536,False,1784.3
m5_36324_BUY,2026-01-12,BUY,36324,36342,91814.089146,91456.39,91456.39,92708.35,93244.9,SL,-11.66,-1.307,False,1772.64
m5_36482_BUY,2026-01-13,BUY,36482,36484,91766.289588,92044.18,91610.54,92155.66,92389.29,TRAILING_PROFIT,12.71,1.434,True,1785.35
m5_36528_BUY,2026-01-13,BUY,36528,36536,92405.257356,92240.97,92240.97,92815.97,93062.41,SL,-14.95,-1.674,False,1770.4
m5_36595_BUY,2026-01-13,BUY,36595,36598,92738.984088,92435.3,92435.3,93498.19,93953.72,SL,-12.09,-1.366,False,1758.31
m5_36607_BUY,2026-01-13,BUY,36607,36665,93020.540388,94295.53,92566.1,94156.64,94838.31,TRAILING_PROFIT,21.15,2.406,True,1779.46
m5_36877_BUY,2026-01-14,BUY,36877,36883,95313.64891799999,95641.41,95114.53,95811.45,96110.13,TRAILING_PROFIT,13.32,1.497,True,1792.78
m5_36890_BUY,2026-01-14,BUY,36890,36895,96962.39860199999,96450.23,96450.23,98242.82,99011.08,SL,-10.99,-1.227,False,1781.78
m5_37088_BUY,2026-01-15,BUY,37088,37097,96614.57905199999,96400.66,96400.66,97149.39,97470.27,SL,-13.73,-1.541,False,1768.05
m5_37112_BUY,2026-01-15,BUY,37112,37117,97099.81607999999,96899.21,96899.21,97601.33,97902.24,SL,-13.97,-1.58,False,1754.08
m5_37165_BUY,2026-01-15,BUY,37165,37168,97119.42,96893.73,96893.73,97683.64,98022.17,SL,-13.29,-1.516,False,1740.79
m5_37338_SELL,2026-01-16,SELL,37338,37351,95290.828022,95442.43,95442.43,94911.84,94684.44,SL,-15.27,-1.755,False,1725.51
m5_37407_SELL,2026-01-16,SELL,37407,37433,95448.50648000001,95569.0,95569.0,95147.28,94966.54,SL,-16.83,-1.951,False,1708.68
m5_37467_SELL,2026-01-16,SELL,37467,37534,94883.49950399999,95254.26,95254.26,93956.59,93400.44,SL,-11.17,-1.308,False,1697.51
m5_37656_SELL,2026-01-17,SELL,37656,37670,95106.914812,95185.01,95185.01,94911.68,94794.53,SL,-20.9,-2.462,False,1676.61
m5_37743_BUY,2026-01-17,BUY,37743,37744,95479.212024,95408.38,95408.38,95656.3,95762.55,SL,-21.94,-2.617,False,1654.67
m5_37753_BUY,2026-01-17,BUY,37753,37756,95580.852348,95480.4,95480.4,95831.99,95982.67,SL,-17.71,-2.141,False,1636.96
m5_37838_SELL,2026-01-17,SELL,37838,37839,95168.9624,95225.78,95225.78,95026.92,94941.69,SL,-24.64,-3.011,False,1612.32
m5_37873_SELL,2026-01-18,SELL,37873,37875,94877.010802,94969.73,94969.73,94645.22,94506.14,SL,-17.97,-2.229,False,1594.35
m5_37950_SELL,2026-01-18,SELL,37950,37961,95030.99,95088.76,95088.76,94886.57,94799.92,SL,-23.71,-2.975,False,1570.64
m5_38017_SELL,2026-01-18,SELL,38017,38024,95017.70265800001,95077.69,95077.69,94867.73,94777.75,SL,-22.78,-2.901,False,1547.85
m5_38081_BUY,2026-01-18,BUY,38081,38102,95382.38266199999,95287.48,95287.48,95619.65,95762.01,SL,-17.07,-2.205,False,1530.79
m5_38148_SELL,2026-01-20,SELL,38148,38498,92959.10446,91584.98,93514.39,91570.9,90737.98,TRAILING_PROFIT,17.51,2.288,True,1548.3
m5_38511_SELL,2026-01-20,SELL,38511,38512,90897.646834,91198.28,91198.28,90146.05,89695.1,SL,-10.55,-1.363,False,1537.74
m5_38518_SELL,2026-01-20,SELL,38518,38527,90798.21672400001,91167.22,91167.22,89875.7,89322.19,SL,-9.96,-1.296,False,1527.78
m5_38539_SELL,2026-01-20,SELL,38539,38542,90734.209528,91041.33,91041.33,89966.4,89505.72,SL,-10.35,-1.355,False,1517.43
m5_38607_SELL,2026-01-20,SELL,38607,38608,90738.758618,90964.84,90964.84,90173.55,89834.42,SL,-11.25,-1.482,False,1506.18
m5_38815_SELL,2026-01-21,SELL,38815,38836,89190.00843,89401.72,89401.72,88660.72,88343.15,SL,-11.34,-1.506,False,1494.84
m5_38866_SELL,2026-01-21,SELL,38866,38870,88948.2068,88552.02,89112.6,88537.22,88290.63,TRAILING_PROFIT,13.51,1.807,True,1508.35
m5_38924_SELL,2026-01-21,SELL,38924,38957,88139.778518,88745.01,88745.01,86626.7,85718.86,SL,-8.86,-1.175,False,1499.48
m5_39009_SELL,2026-01-22,SELL,39009,39013,89355.185388,89663.54,89663.54,88584.29,88121.75,SL,-10.11,-1.348,False,1489.37
m5_39107_SELL,2026-01-22,SELL,39107,39108,89800.826242,89929.88,89929.88,89478.2,89284.62,SL,-13.67,-1.836,False,1475.7
m5_39175_SELL,2026-01-22,SELL,39175,39184,89846.27715000001,89579.61,90028.58,89390.52,89117.06,TRAILING_PROFIT,10.26,1.391,True,1485.97
m5_39196_SELL,2026-01-22,SELL,39196,39201,88824.71150399999,89276.51,89276.51,87695.22,87017.53,SL,-9.19,-1.237,False,1476.78
m5_39350_BUY,2026-01-23,BUY,39350,39351,90094.91537999999,89972.24,89972.24,90401.62,90585.64,SL,-13.89,-1.881,False,1462.89
m5_39377_SELL,2026-01-23,SELL,39377,39380,89455.26536800001,89635.22,89635.22,89005.38,88735.44,SL,-11.68,-1.597,False,1451.21
m5_39402_SELL,2026-01-23,SELL,39402,39404,89196.1572,89369.51,89369.51,88762.79,88502.77,SL,-11.74,-1.618,False,1439.47
m5_39411_SELL,2026-01-23,SELL,39411,39435,89039.63851,89249.22,89249.22,88515.69,88201.33,SL,-10.87,-1.51,False,1428.6
m5_39675_SELL,2026-01-24,SELL,39675,39678,89561.974022,89616.52,89616.52,89425.61,89343.79,SL,-21.22,-2.971,False,1407.38
m5_39733_SELL,2026-01-24,SELL,39733,39738,89540.29835800001,89573.13,89573.13,89458.21,89408.96,SL,-30.07,-4.273,False,1377.31
m5_39755_SELL,2026-01-24,SELL,39755,39756,89350.34635600001,89350.35,89389.4,89252.7,89194.11,TRAILING_PROFIT,-10.29,-1.494,False,1367.02
m5_39875_SELL,2026-01-25,SELL,39875,39880,89207.494932,89278.86,89278.86,89029.08,88922.04,SL,-17.09,-2.501,False,1349.93
m5_39894_SELL,2026-01-25,SELL,39894,39901,89142.168,89219.15,89219.15,88949.72,88834.25,SL,-16.13,-2.39,False,1333.79
m5_39915_SELL,2026-01-25,SELL,39915,39918,89042.917854,88947.43,89121.88,88845.52,88727.09,TRAILING_PROFIT,3.35,0.502,True,1337.15
m5_39949_SELL,2026-01-25,SELL,39949,39956,88767.18301200001,88858.91,88858.91,88537.86,88400.26,SL,-14.45,-2.162,False,1322.69
m5_39979_SELL,2026-01-25,SELL,39979,39984,88420.472368,88363.74,88523.26,88163.51,88009.33,TRAILING_PROFIT,3.27,0.495,True,1325.96
m5_40476_BUY,2026-01-27,BUY,40476,40481,88785.743598,88587.9,88587.9,89280.35,89577.11,SL,-10.2,-1.538,False,1315.77
m5_40487_BUY,2026-01-27,BUY,40487,40490,88849.36632,88676.23,88676.23,89282.21,89541.92,SL,-10.63,-1.615,False,1305.14
m5_40561_SELL,2026-01-27,SELL,40561,40599,87987.119056,88123.24,88123.24,87646.81,87442.63,SL,-11.59,-1.776,False,1293.55
m5_40628_SELL,2026-01-27,SELL,40628,40631,87672.11207,87946.52,87946.52,86986.1,86574.49,SL,-8.95,-1.384,False,1284.6
m5_40822_BUY,2026-01-28,BUY,40822,40830,89373.451116,89191.85,89191.85,89827.46,90099.87,SL,-10.21,-1.59,False,1274.39
m5_40859_BUY,2026-01-28,BUY,40859,40864,89585.16345,89366.29,89366.29,90132.35,90460.66,SL,-9.5,-1.491,False,1264.89
m5_40881_BUY,2026-01-28,BUY,40881,40907,89837.003808,90229.61,89623.79,90370.03,90689.84,TRAILING_PROFIT,10.52,1.664,True,1275.41
m5_40954_BUY,2026-01-28,BUY,40954,40956,90487.24382999999,90065.3,90065.3,91542.11,92175.03,SL,-8.01,-1.257,False,1267.4
m5_41058_SELL,2026-01-29,SELL,41058,41206,88262.35399799999,87655.27,88564.15,87507.86,87055.17,TRAILING_PROFIT,12.08,1.906,True,1279.48
m5_41216_SELL,2026-01-29,SELL,41216,41231,84603.066002,85214.51,85214.51,83074.44,82157.27,SL,-7.46,-1.167,False,1272.01
m5_41243_SELL,2026-01-30,SELL,41243,41335,84244.80766800001,83196.68,84797.43,82863.25,82034.31,TRAILING_PROFIT,12.83,2.017,True,1284.84
m5_41535_SELL,2026-01-30,SELL,41535,41540,82216.173476,82774.67,82774.67,80819.92,79982.17,SL,-7.56,-1.177,False,1277.28
m5_41681_SELL,2026-01-31,SELL,41681,41685,83653.91587,83790.72,83790.72,83311.92,83106.72,SL,-11.08,-1.734,False,1266.2
m5_41694_SELL,2026-01-31,SELL,41694,41707,83528.08104199999,82894.72,83686.42,83132.23,82894.72,TP2,16.58,2.619,True,1282.78
m5_41766_SELL,2026-01-31,SELL,41766,41771,82519.822734,82744.46,82744.46,81958.23,81621.28,SL,-9.25,-1.441,False,1273.53
m5_41777_SELL,2026-01-31,SELL,41777,41799,81571.6824,81571.68,81980.85,80548.76,79935.0,TRAILING_PROFIT,6.44,1.012,True,1279.98
m5_41971_SELL,2026-02-01,SELL,41971,41995,78504.28600200001,78730.41,78730.41,77938.99,77599.81,SL,-9.07,-1.417,False,1270.91
m5_42063_SELL,2026-02-01,SELL,42063,42068,78080.160844,77645.11,78349.38,77407.1,77003.27,TRAILING_PROFIT,10.87,1.711,True,1281.78
m5_42077_SELL,2026-02-01,SELL,42077,42082,76968.6032,77524.49,77524.49,75578.88,74745.04,SL,-7.48,-1.167,False,1274.3
m5_42137_SELL,2026-02-01,SELL,42137,42139,76673.402252,77121.9,77121.9,75552.16,74879.41,SL,-7.68,-1.206,False,1266.62
m5_42219_SELL,2026-02-02,SELL,42219,42227,75598.257324,76197.3,76197.3,74100.66,73202.1,SL,-7.3,-1.152,False,1259.32
m5_42463_BUY,2026-02-03,BUY,42463,42468,78929.53275,78682.58,78682.58,79546.9,79917.32,SL,-8.71,-1.383,False,1250.62
m5_42504_SELL,2026-02-03,SELL,42504,42505,77666.4636,78014.84,78014.84,76795.51,76272.94,SL,-7.93,-1.268,False,1242.69
m5_42643_SELL,2026-02-03,SELL,42643,42645,77753.276234,78107.59,78107.59,76867.49,76336.03,SL,-7.85,-1.264,False,1234.83
m5_42664_SELL,2026-02-03,SELL,42664,42685,76718.6532,75271.71,77394.84,75028.19,74013.91,TRAILING_PROFIT,13.49,2.185,True,1248.32
m5_42693_SELL,2026-02-03,SELL,42693,42698,73261.454778,73995.23,73995.23,71427.02,70326.35,SL,-6.99,-1.12,False,1241.33
m5_42889_SELL,2026-02-04,SELL,42889,42893,75798.917184,76056.21,76056.21,75155.68,74769.74,SL,-8.4,-1.354,False,1232.93
m5_42919_SELL,2026-02-04,SELL,42919,42925,75541.13875,75237.61,75826.8,74826.98,74398.49,TRAILING_PROFIT,9.03,1.465,True,1241.96
m5_42935_SELL,2026-02-04,SELL,42935,42937,74344.658094,75041.25,75041.25,72603.18,71558.29,SL,-7.01,-1.129,False,1234.95
m5_42955_SELL,2026-02-04,SELL,42955,42980,73177.691534,74064.47,74064.47,70960.74,69630.58,SL,-6.79,-1.1,False,1228.16
m5_43079_SELL,2026-02-05,SELL,43079,43191,71440.149112,69847.24,72110.66,69763.86,68758.09,TRAILING_PROFIT,14.19,2.311,True,1242.35
m5_43224_SELL,2026-02-05,SELL,43224,43228,68967.55373000001,68237.63,69730.34,67060.58,65916.39,TRAILING_PROFIT,10.07,1.621,True,1252.42
m5_43259_SELL,2026-02-05,SELL,43259,43294,66168.453662,63303.55,67188.17,63619.17,62089.6,TRAILING_PROFIT,16.15,2.578,True,1268.57
m5_43332_SELL,2026-02-06,SELL,43332,43339,62280.341440000004,63293.16,63293.16,59748.29,58229.05,SL,-6.81,-1.074,False,1261.75
m5_43602_BUY,2026-02-06,BUY,43602,43612,71013.47985599999,70582.0,70582.0,72092.18,72739.41,SL,-7.55,-1.197,False,1254.2
m5_43668_BUY,2026-02-07,BUY,43668,43676,71112.00955799999,70738.73,70738.73,72045.2,72605.12,SL,-7.7,-1.228,False,1246.5
m5_43705_SELL,2026-02-07,SELL,43705,43767,68501.017056,69087.63,69087.63,67034.48,66154.56,SL,-7.11,-1.141,False,1239.39
m5_43936_BUY,2026-02-08,BUY,43936,43938,69628.392894,69359.52,69359.52,70300.56,70703.87,SL,-8.12,-1.31,False,1231.27
m5_44008_BUY,2026-02-08,BUY,44008,44056,70094.016,70785.38,69806.97,70811.64,71242.21,TRAILING_PROFIT,13.3,2.16,True,1244.57
m5_44063_BUY,2026-02-08,BUY,44063,44093,71264.19999,70892.05,70892.05,72194.59,72752.82,SL,-7.65,-1.229,False,1236.92
m5_44146_BUY,2026-02-08,BUY,44146,44148,71491.735488,71217.62,71217.62,72177.03,72588.21,SL,-8.12,-1.312,False,1228.8
m5_44240_BUY,2026-02-09,BUY,44240,44268,71149.186992,70767.62,70767.62,72103.1,72675.46,SL,-7.52,-1.223,False,1221.29
m5_44319_SELL,2026-02-09,SELL,44319,44372,69215.294172,69600.13,69600.13,68253.21,67675.95,SL,-7.43,-1.216,False,1213.86
m5_44407_BUY,2026-02-09,BUY,44407,44454,70562.89975799999,70014.25,70014.25,71934.53,72757.51,SL,-7.0,-1.154,False,1206.86
m5_44560_SELL,2026-02-10,SELL,44560,44643,69145.358162,68660.42,69428.88,68436.54,68011.25,TRAILING_PROFIT,10.95,1.814,True,1217.8
m5_44660_SELL,2026-02-10,SELL,44660,44665,68216.00407,68717.2,68717.2,66963.03,66211.24,SL,-7.09,-1.164,False,1210.72
m5_44742_SELL,2026-02-10,SELL,44742,44755,68485.31019799999,68805.01,68805.01,67686.07,67206.53,SL,-7.61,-1.258,False,1203.1
m5_44811_SELL,2026-02-11,SELL,44811,44813,68085.49017800001,68379.43,68379.43,67350.64,66909.73,SL,-7.69,-1.279,False,1195.41
m5_44824_SELL,2026-02-11,SELL,44824,44846,67824.68235,67153.85,68165.75,66972.01,66460.41,TRAILING_PROFIT,11.93,1.996,True,1207.34
m5_44902_SELL,2026-02-11,SELL,44902,44907,66483.00074,66759.66,66759.66,65791.36,65376.38,SL,-7.78,-1.289,False,1199.56
m5_44953_SELL,2026-02-11,SELL,44953,44960,65931.791004,66666.8,66666.8,64094.26,62991.74,SL,-6.65,-1.108,False,1192.92
m5_45114_SELL,2026-02-12,SELL,45114,45174,67176.571998,67428.26,67428.26,66547.34,66169.8,SL,-7.88,-1.321,False,1185.04
m5_45192_BUY,2026-02-12,BUY,45192,45194,68050.40736,67788.45,67788.45,68705.3,69098.23,SL,-7.77,-1.311,False,1177.27
m5_45240_SELL,2026-02-12,SELL,45240,45244,67279.53140200001,67778.53,67778.53,66032.02,65283.52,SL,-6.84,-1.162,False,1170.43
m5_45253_SELL,2026-02-12,SELL,45253,45279,66674.672398,65633.66,67247.72,65242.05,64382.47,TRAILING_PROFIT,11.82,2.02,True,1182.25
m5_45419_SELL,2026-02-13,SELL,45419,45431,66162.554842,66374.77,66374.77,65632.01,65313.69,SL,-8.13,-1.375,False,1174.12
m5_45508_BUY,2026-02-13,BUY,45508,45524,67250.227356,67005.8,67005.8,67861.3,68227.95,SL,-7.81,-1.33,False,1166.32
m5_45530_BUY,2026-02-14,BUY,45530,45733,68395.6764,69409.24,67870.49,69708.63,70496.41,TRAILING_PROFIT,12.0,2.057,True,1178.31
m5_45741_BUY,2026-02-14,BUY,45741,45749,69806.628534,69594.24,69594.24,70337.6,70656.18,SL,-8.21,-1.394,False,1170.1
m5_45770_BUY,2026-02-14,BUY,45770,45783,70111.90957799999,70343.84,69940.4,70540.69,70797.96,TRAILING_PROFIT,8.39,1.434,True,1178.49
m5_45876_BUY,2026-02-14,BUY,45876,45877,69983.99399999999,69818.44,69818.44,70397.87,70646.19,SL,-8.88,-1.507,False,1169.62
m5_45885_BUY,2026-02-14,BUY,45885,45895,70010.25925199999,69847.85,69847.85,70416.29,70659.91,SL,-8.87,-1.517,False,1160.75
m5_45972_BUY,2026-02-15,BUY,45972,46011,70019.711142,70631.27,69689.21,70845.98,71341.73,TRAILING_PROFIT,11.14,1.92,True,1171.89
m5_46085_SELL,2026-02-15,SELL,46085,46137,69043.03863000001,68472.75,69378.76,68203.75,67700.17,TRAILING_PROFIT,10.86,1.854,True,1182.75
m5_46153_SELL,2026-02-15,SELL,46153,46156,68128.391596,68495.09,68495.09,67211.65,66661.61,SL,-7.24,-1.224,False,1175.51
m5_46253_SELL,2026-02-16,SELL,46253,46257,68168.953482,68366.95,68366.95,67673.96,67376.96,SL,-8.31,-1.414,False,1167.2
m5_46348_SELL,2026-02-16,SELL,46348,46349,68406.66593,68604.63,68604.63,67911.75,67614.8,SL,-8.26,-1.415,False,1158.94
m5_46368_BUY,2026-02-16,BUY,46368,46372,69950.577318,69583.74,69583.74,70867.67,71417.93,SL,-7.12,-1.228,False,1151.83
m5_46398_SELL,2026-02-16,SELL,46398,46412,67427.421818,67880.91,67880.91,66293.71,65613.48,SL,-6.79,-1.179,False,1145.04
m5_46554_SELL,2026-02-17,SELL,46554,46636,68359.12544,67917.47,68596.53,67765.61,67409.49,TRAILING_PROFIT,10.51,1.836,True,1155.55
m5_46675_SELL,2026-02-17,SELL,46675,46689,67595.008294,67036.71,67939.62,66733.47,66216.54,TRAILING_PROFIT,10.55,1.826,True,1166.1
m5_46777_SELL,2026-02-17,SELL,46777,46780,67432.340834,67612.33,67612.33,66982.38,66712.4,SL,-8.46,-1.45,False,1157.64
m5_46797_SELL,2026-02-18,SELL,46797,46806,67351.257054,67047.0,67511.68,66950.19,66709.56,TRAILING_PROFIT,9.82,1.696,True,1167.46
m5_46887_BUY,2026-02-18,BUY,46887,46891,68345.656398,68165.3,68165.3,68796.54,69067.07,SL,-8.49,-1.454,False,1158.97
m5_46921_SELL,2026-02-18,SELL,46921,46922,67166.35404199999,67393.09,67393.09,66599.51,66259.4,SL,-7.86,-1.356,False,1151.11
m5_46965_SELL,2026-02-18,SELL,46965,46966,66758.185692,67078.14,67078.14,65958.29,65478.36,SL,-7.2,-1.251,False,1143.91
m5_47215_SELL,2026-02-19,SELL,47215,47235,66684.91035,66367.55,66832.61,66315.65,66094.09,TRAILING_PROFIT,10.2,1.784,True,1154.11
m5_47241_SELL,2026-02-19,SELL,47241,47246,65798.397688,66035.25,66035.25,65206.26,64850.97,SL,-7.7,-1.334,False,1146.42
m5_47430_BUY,2026-02-20,BUY,47430,47435,67911.549594,67730.01,67730.01,68365.41,68637.73,SL,-8.3,-1.448,False,1138.12
m5_47472_BUY,2026-02-20,BUY,47472,47493,68194.93626,68020.35,68020.35,68631.4,68893.28,SL,-8.35,-1.468,False,1129.76
m5_47751_BUY,2026-02-21,BUY,47751,47763,67954.618206,68056.27,67886.1,68125.92,68228.71,TRAILING_PROFIT,4.52,0.8,True,1134.28
m5_47824_BUY,2026-02-21,BUY,47824,47844,68513.689998,68371.11,68371.11,68870.13,69084.0,SL,-8.94,-1.576,False,1125.34
m5_48072_BUY,2026-02-22,BUY,48072,48084,68199.997272,68134.62,68134.62,68363.45,68461.52,SL,-12.67,-2.251,False,1112.68
m5_48102_SELL,2026-02-22,SELL,48102,48108,67826.821922,67636.18,67939.12,67546.07,67377.62,TRAILING_PROFIT,7.65,1.375,True,1120.33
m5_48116_SELL,2026-02-22,SELL,48116,48125,67426.512,67593.85,67593.85,67008.18,66757.18,SL,-8.31,-1.484,False,1112.02
m5_48150_SELL,2026-02-22,SELL,48150,48159,67286.400028,67437.97,67437.97,66907.48,66680.13,SL,-8.53,-1.533,False,1103.49
m5_48235_SELL,2026-02-23,SELL,48235,48239,67185.650182,66889.32,67350.99,66772.3,66524.29,TRAILING_PROFIT,9.16,1.66,True,1112.65
m5_48249_SELL,2026-02-23,SELL,48249,48291,64650.517309999996,65201.62,65201.62,63272.77,62446.12,SL,-6.35,-1.141,False,1106.3
m5_48403_SELL,2026-02-23,SELL,48403,48406,65832.120942,66089.38,66089.38,65188.98,64803.1,SL,-7.23,-1.308,False,1099.06
m5_48420_SELL,2026-02-23,SELL,48420,48440,65402.126958,64630.05,65763.92,64497.63,63954.94,TRAILING_PROFIT,11.55,2.101,True,1110.61
m5_48530_SELL,2026-02-24,SELL,48530,48531,64312.085009999995,63997.22,64543.83,63732.71,63385.09,TRAILING_PROFIT,8.87,1.597,True,1119.48
m5_48565_SELL,2026-02-24,SELL,48565,48693,63298.667734,63645.39,63645.39,62431.86,61911.78,SL,-6.83,-1.22,False,1112.66
m5_48910_BUY,2026-02-25,BUY,48910,48928,65599.98737399999,65392.86,65392.86,66117.82,66428.52,SL,-7.67,-1.379,False,1104.98
m5_48951_BUY,2026-02-25,BUY,48951,48959,65729.57328599998,65983.19,65543.02,66195.97,66475.8,TRAILING_PROFIT,8.32,1.506,True,1113.3
m5_48969_BUY,2026-02-25,BUY,48969,48970,66668.58105,66394.0,66394.0,67355.03,67766.9,SL,-7.19,-1.291,False,1106.12
m5_48981_BUY,2026-02-25,BUY,48981,49007,66805.738476,68035.16,66423.93,67760.27,68332.98,TRAILING_PROFIT,14.65,2.648,True,1120.76
m5_49146_BUY,2026-02-26,BUY,49146,49152,68751.09747000001,68471.29,68471.29,69450.62,69870.34,SL,-7.25,-1.294,False,1113.51
m5_49210_BUY,2026-02-26,BUY,49210,49217,68613.81001799999,68369.4,68369.4,69224.84,69591.46,SL,-7.44,-1.336,False,1106.07
m5_49320_BUY,2026-02-26,BUY,49320,49339,67768.661022,67354.51,67354.51,68804.03,69425.25,SL,-6.61,-1.196,False,1099.46
m5_49427_BUY,2026-02-27,BUY,49427,49431,67614.360168,67966.19,67392.61,68168.74,68501.37,TRAILING_PROFIT,9.21,1.676,True,1108.67
m5_49515_SELL,2026-02-27,SELL,49515,49581,66390.96915,65721.63,66709.31,65595.13,65117.62,TRAILING_PROFIT,11.38,2.052,True,1120.05
m5_49587_SELL,2026-02-27,SELL,49587,49595,65361.075170000004,65700.43,65700.43,64512.69,64003.67,SL,-6.9,-1.232,False,1113.15
m5_49650_SELL,2026-02-27,SELL,49650,49651,64973.0028,65202.61,65202.61,64398.99,64054.59,SL,-7.46,-1.34,False,1105.69
m5_49721_SELL,2026-02-28,SELL,49721,49743,65659.91539000001,65109.4,65785.56,65345.8,65157.32,TRAILING_PROFIT,15.57,2.816,True,1121.26
m5_49750_SELL,2026-02-28,SELL,49750,49755,63387.909882,63873.56,63873.56,62173.78,61445.3,SL,-6.49,-1.157,False,1114.77
m5_49902_BUY,2026-02-28,BUY,49902,49938,66289.71529200001,67012.09,65918.53,67217.68,67774.46,TRAILING_PROFIT,11.19,2.007,True,1125.96
m5_49980_BUY,2026-03-01,BUY,49980,49996,68031.6036,67523.74,67523.74,69301.26,70063.05,SL,-6.53,-1.16,False,1119.43
m5_50122_BUY,2026-03-01,BUY,50122,50124,67158.429,66845.15,66845.15,67941.63,68411.56,SL,-7.03,-1.257,False,1112.4
m5_50197_SELL,2026-03-01,SELL,50197,50222,65574.472482,65858.89,65858.89,64863.43,64436.8,SL,-7.1,-1.277,False,1105.29
m5_50258_BUY,2026-03-02,BUY,50258,50265,66936.43461,66480.04,66480.04,68077.43,68762.03,SL,-6.5,-1.175,False,1098.8
m5_50328_SELL,2026-03-02,SELL,50328,50350,65955.026356,66230.52,66230.52,65266.3,64853.06,SL,-7.08,-1.288,False,1091.72
m5_50401_SELL,2026-03-02,SELL,50401,50404,65828.051756,66058.89,66058.89,65250.96,64904.7,SL,-7.33,-1.343,False,1084.39
m5_50410_SELL,2026-03-02,SELL,50410,50418,65414.644454,65713.49,65713.49,64667.53,64219.26,SL,-6.85,-1.263,False,1077.54
m5_50645_SELL,2026-03-03,SELL,50645,50661,66616.044126,66952.25,66952.25,65775.53,65271.22,SL,-6.67,-1.238,False,1070.87
m5_50709_SELL,2026-03-03,SELL,50709,50711,66272.822784,66810.78,66810.78,64927.93,64121.0,SL,-6.15,-1.148,False,1064.72
m5_50725_BUY,2026-03-03,BUY,50725,50731,68581.123482,67978.96,67978.96,70086.52,70989.76,SL,-6.05,-1.136,False,1058.67
m5_50898_BUY,2026-03-04,BUY,50898,50913,68506.188498,69190.88,68184.51,69310.39,69792.91,TRAILING_PROFIT,10.89,2.057,True,1069.56
m5_50924_BUY,2026-03-04,BUY,50924,50927,69893.976,70672.7,69489.79,70904.45,71510.73,TRAILING_PROFIT,10.72,2.004,True,1080.28
m5_50994_BUY,2026-03-04,BUY,50994,50995,72444.486,71995.29,71995.29,73567.47,74241.26,SL,-6.44,-1.193,False,1073.84
m5_51005_BUY,2026-03-04,BUY,51005,51102,72986.74442999999,72335.7,72335.7,74614.35,75590.91,SL,-6.09,-1.134,False,1067.75
m5_51232_BUY,2026-03-05,BUY,51232,51266,72938.93487,72622.28,72622.28,73730.57,74205.55,SL,-6.81,-1.276,False,1060.94
m5_51363_BUY,2026-03-05,BUY,51363,51367,71484.94412999999,71197.11,71197.11,72204.54,72636.29,SL,-6.88,-1.297,False,1054.06
m5_51413_SELL,2026-03-06,SELL,51413,51414,70450.936994,70718.63,70718.63,69781.7,69380.16,SL,-6.94,-1.316,False,1047.12
m5_51464_SELL,2026-03-06,SELL,51464,51467,70187.769638,70464.75,70464.75,69495.31,69079.84,SL,-6.83,-1.305,False,1040.29
m5_51539_SELL,2026-03-06,SELL,51539,51551,70198.90741,69950.77,70402.92,69688.87,69382.85,TRAILING_PROFIT,7.52,1.446,True,1047.81
m5_51563_SELL,2026-03-06,SELL,51563,51607,69194.1584,68140.23,69601.74,68175.21,67563.85,TRAILING_PROFIT,12.26,2.341,True,1060.07
m5_51732_SELL,2026-03-07,SELL,51732,51736,67889.529378,68062.14,68062.14,67458.0,67199.08,SL,-7.81,-1.473,False,1052.27
m5_51766_SELL,2026-03-07,SELL,51766,51777,67682.17085800001,67844.77,67844.77,67275.67,67031.77,SL,-7.89,-1.5,False,1044.38
m5_51853_SELL,2026-03-07,SELL,51853,51859,67687.4598,67840.83,67840.83,67304.04,67073.98,SL,-7.99,-1.53,False,1036.38
m5_51900_SELL,2026-03-07,SELL,51900,51917,67593.46860200001,67354.03,67729.84,67252.53,67047.97,TRAILING_PROFIT,7.95,1.534,True,1044.34
m5_52006_SELL,2026-03-08,SELL,52006,52041,67001.606998,67222.16,67222.16,66450.22,66119.39,SL,-7.13,-1.365,False,1037.21
m5_52118_SELL,2026-03-08,SELL,52118,52120,67039.749368,67320.4,67320.4,66338.13,65917.16,SL,-6.68,-1.287,False,1030.53
m5_52236_SELL,2026-03-08,SELL,52236,52237,65762.204928,66131.05,66131.05,64840.09,64286.82,SL,-6.26,-1.215,False,1024.27
m5_52347_SELL,2026-03-09,SELL,52347,52349,66981.710978,67276.95,67276.95,66243.62,65800.76,SL,-6.52,-1.273,False,1017.75
m5_52374_BUY,2026-03-09,BUY,52374,52383,68192.98587,67880.47,67880.47,68974.28,69443.06,SL,-6.42,-1.261,False,1011.34
m5_52418_BUY,2026-03-09,BUY,52418,52420,68475.852432,68195.31,68195.31,69177.2,69598.02,SL,-6.53,-1.292,False,1004.8
m5_52493_BUY,2026-03-09,BUY,52493,52495,69377.33269200001,69021.18,69021.18,70267.72,70801.95,SL,-6.2,-1.233,False,998.61
m5_52555_BUY,2026-03-10,BUY,52555,52563,69218.800992,68973.85,68973.85,69831.18,70198.6,SL,-6.68,-1.338,False,991.92
m5_52578_BUY,2026-03-10,BUY,52578,52593,70015.20023999999,69687.78,69687.78,70833.75,71324.88,SL,-6.23,-1.256,False,985.69
m5_52645_BUY,2026-03-10,BUY,52645,52683,70938.754914,70605.13,70605.13,71772.83,72273.27,SL,-6.18,-1.255,False,979.51
m5_52726_BUY,2026-03-10,BUY,52726,52759,71148.98695199999,70628.12,70628.12,72451.15,73232.45,SL,-5.7,-1.163,False,973.81
m5_52894_BUY,2026-03-11,BUY,52894,52897,70255.158222,70046.44,70046.44,70776.95,71090.02,SL,-6.83,-1.403,False,966.98
m5_52981_SELL,2026-03-11,SELL,52981,52984,69016.213996,69241.52,69241.52,68452.95,68115.0,SL,-6.62,-1.368,False,960.37
m5_53044_BUY,2026-03-11,BUY,53044,53047,71195.646282,70789.68,70789.68,72210.56,72819.51,SL,-5.81,-1.21,False,954.56
m5_53151_SELL,2026-03-12,SELL,53151,53217,69591.458924,69823.21,69823.21,69012.07,68664.44,SL,-6.5,-1.361,False,948.06
m5_53223_BUY,2026-03-12,BUY,53223,53225,70024.01200199999,69797.36,69797.36,70590.64,70930.62,SL,-6.49,-1.37,False,941.57
m5_53403_BUY,2026-03-13,BUY,53403,53412,70608.848946,70398.73,70398.73,71134.15,71449.33,SL,-6.6,-1.403,False,934.96
m5_53418_BUY,2026-03-13,BUY,53418,53420,71957.328588,71548.63,71548.63,72979.08,73592.14,SL,-5.66,-1.211,False,929.3
m5_53515_BUY,2026-03-13,BUY,53515,53517,72048.9069,71791.3,71791.3,72692.93,73079.34,SL,-6.2,-1.335,False,923.1
m5_53532_BUY,2026-03-13,BUY,53532,53565,72189.58502999999,72561.56,71930.71,72836.76,73225.07,TRAILING_PROFIT,7.54,1.633,True,930.64
m5_53571_BUY,2026-03-13,BUY,53571,53575,73250.01707399999,72907.16,72907.16,74107.15,74621.43,SL,-5.84,-1.256,False,924.79
m5_54021_BUY,2026-03-15,BUY,54021,54022,71638.404816,71432.62,71432.62,72152.87,72461.55,SL,-6.55,-1.417,False,918.24
m5_54051_BUY,2026-03-15,BUY,54051,54059,71694.336,71497.1,71497.1,72187.42,72483.28,SL,-6.59,-1.436,False,911.65
m5_54096_BUY,2026-03-15,BUY,54096,54104,71894.376,71749.34,71749.34,72256.98,72474.54,SL,-7.27,-1.594,False,904.38
m5_54202_BUY,2026-03-15,BUY,54202,54203,71979.232968,71811.01,71811.01,72399.79,72652.13,SL,-6.84,-1.513,False,897.54
m5_54318_BUY,2026-03-16,BUY,54318,54370,73743.385728,73411.14,73411.14,74573.99,75072.36,SL,-5.68,-1.266,False,891.86
m5_54425_BUY,2026-03-16,BUY,54425,54449,73892.81560799999,73622.58,73622.58,74568.41,74973.77,SL,-5.92,-1.328,False,885.94
m5_54528_BUY,2026-03-16,BUY,54528,54529,74473.051632,74214.08,74214.08,75120.47,75508.93,SL,-5.96,-1.344,False,879.98
m5_54535_BUY,2026-03-17,BUY,54535,54566,74541.00522,75171.78,74227.0,75326.01,75797.01,TRAILING_PROFIT,8.66,1.968,True,888.64
m5_54578_BUY,2026-03-17,BUY,54578,54589,75856.048176,75388.74,75388.74,77024.31,77725.26,SL,-5.31,-1.194,False,883.34
m5_54740_BUY,2026-03-17,BUY,54740,54751,74264.19987000001,73913.15,73913.15,75141.83,75668.4,SL,-5.54,-1.253,False,877.8
m5_55002_SELL,2026-03-18,SELL,55002,55031,72369.713162,71456.33,72712.42,71512.95,70998.89,TRAILING_PROFIT,10.23,2.331,True,888.03
m5_55093_SELL,2026-03-18,SELL,55093,55097,70601.266922,70932.78,70932.78,69772.5,69275.23,SL,-5.58,-1.256,False,882.45
m5_55189_SELL,2026-03-19,SELL,55189,55225,70825.841998,70465.3,71054.24,70254.85,69912.26,TRAILING_PROFIT,7.36,1.668,True,889.82
m5_55284_SELL,2026-03-19,SELL,55284,55294,69827.11178400001,69477.64,69995.33,69406.56,69154.23,TRAILING_PROFIT,7.97,1.792,True,897.79
m5_55328_SELL,2026-03-19,SELL,55328,55330,68886.229998,69310.25,69310.25,67826.18,67190.14,SL,-5.37,-1.196,False,892.42
m5_55423_SELL,2026-03-19,SELL,55423,55427,69714.984214,69951.84,69951.84,69122.84,68767.56,SL,-6.04,-1.354,False,886.38
m5_55512_SELL,2026-03-20,SELL,55512,55516,70290.72904199999,70487.21,70487.21,69799.53,69504.82,SL,-6.34,-1.43,False,880.04
m5_55590_SELL,2026-03-20,SELL,55590,55592,70006.69585999999,70282.11,70282.11,69318.16,68905.03,SL,-5.75,-1.306,False,874.3
m5_55885_BUY,2026-03-21,BUY,55885,55886,70829.193006,70949.83,70755.65,71013.04,71123.35,TRAILING_PROFIT,3.99,0.913,True,878.29
m5_55899_SELL,2026-03-21,SELL,55899,55901,70497.26772599999,70649.05,70649.05,70117.8,69890.13,SL,-6.84,-1.558,False,871.45
m5_55913_SELL,2026-03-21,SELL,55913,56001,70400.23713600001,69703.88,70556.14,70010.49,69776.64,TRAILING_PROFIT,12.83,2.944,True,884.28
m5_56095_SELL,2026-03-22,SELL,56095,56105,68999.13741200001,68767.95,69122.56,68690.58,68505.44,TRAILING_PROFIT,6.71,1.517,True,890.98
m5_56141_SELL,2026-03-22,SELL,56141,56152,68406.206022,68568.31,68568.31,68000.95,67757.8,SL,-6.71,-1.507,False,884.27
m5_56226_SELL,2026-03-22,SELL,56226,56241,68501.716916,68280.96,68633.03,68173.43,67976.46,TRAILING_PROFIT,6.48,1.466,True,890.75
m5_56257_SELL,2026-03-22,SELL,56257,56269,67839.159454,68085.65,68085.65,67222.94,66853.2,SL,-5.93,-1.331,False,884.82
m5_56372_SELL,2026-03-23,SELL,56372,56383,67804.696348,68124.98,68124.98,67004.0,66523.58,SL,-5.55,-1.255,False,879.27
m5_56665_BUY,2026-03-24,BUY,56665,56675,70816.440456,71134.7,70636.34,71266.69,71536.84,TRAILING_PROFIT,7.3,1.66,True,886.57
m5_56750_SELL,2026-03-24,SELL,56750,56764,69844.668272,70234.33,70234.33,68870.51,68286.02,SL,-5.39,-1.216,False,881.18
m5_56779_SELL,2026-03-24,SELL,56779,56824,69389.159392,69756.89,69756.89,68469.83,67918.23,SL,-5.41,-1.227,False,875.78
m5_56875_BUY,2026-03-25,BUY,56875,56886,70911.57947999999,70673.34,70673.34,71507.17,71864.53,SL,-5.94,-1.357,False,869.84
m5_56929_BUY,2026-03-25,BUY,56929,56941,71223.461844,71031.01,71031.01,71704.59,71993.26,SL,-6.28,-1.444,False,863.56
m5_56970_BUY,2026-03-25,BUY,56970,56974,71509.238988,71276.15,71276.15,72091.96,72441.59,SL,-5.9,-1.368,False,857.65
m5_56997_BUY,2026-03-25,BUY,56997,57015,71560.979334,71360.69,71360.69,72061.7,72362.14,SL,-6.12,-1.428,False,851.53
m5_57217_SELL,2026-03-26,SELL,57217,57226,70541.718834,70252.82,70706.07,70130.83,69884.3,TRAILING_PROFIT,6.88,1.615,True,858.41
m5_57270_SELL,2026-03-26,SELL,57270,57280,69455.25617,69706.94,69706.94,68826.04,68448.51,SL,-5.72,-1.332,False,852.69
m5_57292_SELL,2026-03-26,SELL,57292,57313,69349.567312,69551.93,69551.93,68843.65,68540.1,SL,-6.02,-1.412,False,846.67
m5_57337_SELL,2026-03-26,SELL,57337,57381,69160.235186,68404.06,69513.45,68277.19,67747.36,TRAILING_PROFIT,8.83,2.087,True,855.51
m5_57451_SELL,2026-03-27,SELL,57451,57452,68589.23940800001,68785.62,68785.62,68098.29,67803.72,SL,-6.07,-1.42,False,849.43
m5_57547_SELL,2026-03-27,SELL,57547,57550,67667.73374600001,67931.09,67931.09,67009.35,66614.32,SL,-5.56,-1.309,False,843.87
m5_57571_SELL,2026-03-27,SELL,57571,57608,66970.693182,66631.27,67274.9,66210.17,65753.85,TRAILING_PROFIT,6.52,1.545,True,850.39
m5_57616_SELL,2026-03-27,SELL,57616,57623,65907.705822,66247.61,66247.61,65057.95,64548.1,SL,-5.24,-1.233,False,845.15
m5_57848_SELL,2026-03-28,SELL,57848,57852,66246.238102,66337.17,66337.17,66018.91,65882.52,SL,-7.92,-1.875,False,837.22
m5_57859_SELL,2026-03-28,SELL,57859,57863,66124.212512,66231.96,66231.96,65854.84,65693.22,SL,-7.27,-1.737,False,829.95
m5_57994_SELL,2026-03-28,SELL,57994,58002,66676.662,66788.32,66788.32,66397.51,66230.02,SL,-7.13,-1.717,False,822.83
m5_58009_SELL,2026-03-29,SELL,58009,58048,66570.673202,66697.88,66697.88,66252.66,66061.85,SL,-6.7,-1.629,False,816.13
m5_58134_SELL,2026-03-29,SELL,58134,58152,66542.16890399999,66649.09,66649.09,66274.87,66114.48,SL,-7.13,-1.747,False,809.0
m5_58205_SELL,2026-03-29,SELL,58205,58215,66407.45585200001,66574.68,66574.68,65989.39,65738.56,SL,-5.98,-1.477,False,803.02
m5_58228_SELL,2026-03-29,SELL,58228,58232,66187.05994,66337.36,66337.36,65811.3,65585.84,SL,-6.14,-1.529,False,796.88
m5_58292_SELL,2026-03-29,SELL,58292,58293,65671.11315,65264.94,65930.48,65022.7,64633.66,TRAILING_PROFIT,6.89,1.73,True,803.78
m5_58537_SELL,2026-03-30,SELL,58537,58549,66427.11192,66686.41,66686.41,65778.86,65389.91,SL,-5.26,-1.308,False,798.52
m5_58612_BUY,2026-03-31,BUY,58612,58649,67819.01109,67524.41,67524.41,68555.52,68997.42,SL,-5.09,-1.276,False,793.43
m5_58707_SELL,2026-03-31,SELL,58707,58731,66523.352668,66793.92,66793.92,65846.92,65441.07,SL,-5.14,-1.296,False,788.29
m5_58767_BUY,2026-03-31,BUY,58767,58771,67750.507392,67390.39,67390.39,68650.8,69190.98,SL,-4.83,-1.225,False,783.46
m5_58802_BUY,2026-03-31,BUY,58802,58806,68467.70080199999,67938.39,67938.39,69790.98,70584.95,SL,-4.52,-1.155,False,778.93
m5_58947_BUY,2026-04-01,BUY,58947,58964,68492.405742,69052.08,68271.33,69045.11,69376.72,TRAILING_PROFIT,8.34,2.142,True,787.28
m5_59068_BUY,2026-04-01,BUY,59068,59094,68813.76,68477.5,68477.5,69654.4,70158.79,SL,-4.9,-1.245,False,782.38
m5_59198_SELL,2026-04-02,SELL,59198,59379,66847.507824,67304.64,67304.64,65704.67,65018.97,SL,-4.6,-1.176,False,777.78
m5_59479_SELL,2026-04-03,SELL,59479,59487,66500.867166,66684.62,66684.62,66041.5,65765.87,SL,-5.58,-1.435,False,772.2
m5_59798_SELL,2026-04-04,SELL,59798,59800,66786.649998,66832.24,66832.24,66672.67,66604.29,SL,-10.65,-2.759,False,761.55
m5_59877_BUY,2026-04-04,BUY,59877,59887,67157.74886400001,67088.56,67088.56,67330.72,67434.5,SL,-8.24,-2.164,False,753.31
m5_59911_BUY,2026-04-04,BUY,59911,59914,67253.53801799999,67186.81,67186.81,67420.35,67520.43,SL,-8.32,-2.209,False,744.99
m5_59929_BUY,2026-04-04,BUY,59929,59930,67319.131134,67319.13,67236.99,67524.48,67647.68,TRAILING_PROFIT,0.99,0.266,True,745.98
m5_60060_SELL,2026-04-05,SELL,60060,60064,67029.131492,67103.87,67103.87,66842.29,66730.19,SL,-7.75,-2.077,False,738.23
m5_60107_SELL,2026-04-05,SELL,60107,60109,66918.26367,66772.28,66992.76,66732.01,66620.26,TRAILING_PROFIT,4.26,1.153,True,742.49
m5_60186_SELL,2026-04-05,SELL,60186,60192,66751.167096,66829.19,66829.19,66556.1,66439.06,SL,-7.53,-2.027,False,734.96
m5_60283_BUY,2026-04-05,BUY,60283,60284,67702.13772,67581.89,67581.89,68002.75,68183.12,SL,-6.16,-1.675,False,728.81
m5_60324_BUY,2026-04-06,BUY,60324,60336,69363.079842,69005.06,69005.06,70258.12,70795.15,SL,-4.49,-1.232,False,724.32
m5_60434_BUY,2026-04-06,BUY,60434,60436,69647.516718,69886.03,69458.68,70119.6,70402.85,TRAILING_PROFIT,5.21,1.438,True,729.52
m5_60515_BUY,2026-04-06,BUY,60515,60528,69982.863774,69718.11,69718.11,70644.75,71041.88,SL,-4.8,-1.317,False,724.72
m5_60669_BUY,2026-04-07,BUY,60669,60672,68978.913024,68823.77,68823.77,69366.76,69599.47,SL,-5.55,-1.533,False,719.17
m5_60721_BUY,2026-04-07,BUY,60721,60724,69215.260284,69052.24,69052.24,69622.81,69867.34,SL,-5.43,-1.509,False,713.74
m5_60744_SELL,2026-04-07,SELL,60744,60747,68178.151642,68404.47,68404.47,67612.36,67272.89,SL,-4.86,-1.362,False,708.88
m5_60781_SELL,2026-04-07,SELL,60781,60784,67845.77813,68124.33,68124.33,67149.39,66731.56,SL,-4.58,-1.293,False,704.3
m5_61055_BUY,2026-04-08,BUY,61055,61057,72086.36439,72463.43,71879.64,72603.19,72913.28,TRAILING_PROFIT,6.14,1.742,True,710.43
m5_61292_BUY,2026-04-09,BUY,61292,61296,71344.276002,71193.34,71193.34,71721.61,71948.01,SL,-5.56,-1.567,False,704.87
m5_61371_BUY,2026-04-09,BUY,61371,61374,71404.27799999999,71927.71,71097.86,72170.31,72629.93,TRAILING_PROFIT,6.43,1.823,True,711.29
m5_61392_BUY,2026-04-09,BUY,61392,61404,72485.06411400001,72068.43,72068.43,73526.64,74151.59,SL,-4.3,-1.208,False,707.0
m5_61455_BUY,2026-04-09,BUY,61455,61458,72824.562,72516.94,72516.94,73593.62,74055.06,SL,-4.54,-1.283,False,702.46
m5_61606_BUY,2026-04-10,BUY,61606,61617,71914.269978,72146.04,71795.27,72211.77,72390.27,TRAILING_PROFIT,5.26,1.497,True,707.72
m5_61626_BUY,2026-04-10,BUY,61626,61638,72349.837074,72127.86,72127.86,72904.79,73237.76,SL,-4.92,-1.391,False,702.8
m5_61646_BUY,2026-04-10,BUY,61646,61667,72723.861864,72427.75,72427.75,73464.14,73908.31,SL,-4.55,-1.294,False,698.25
m5_61794_BUY,2026-04-11,BUY,61794,61798,73059.438966,72933.54,72933.54,73374.2,73563.05,SL,-5.92,-1.696,False,692.33
m5_61876_BUY,2026-04-11,BUY,61876,61878,72863.679822,72770.75,72770.75,73096.0,73235.39,SL,-6.72,-1.94,False,685.61
m5_61908_BUY,2026-04-11,BUY,61908,61912,72938.49478200001,72874.86,72874.86,73097.58,73193.03,SL,-8.14,-2.375,False,677.47
m5_61964_BUY,2026-04-11,BUY,61964,61971,73122.151506,72986.64,72986.64,73460.93,73664.19,SL,-5.58,-1.647,False,671.89
m5_62169_SELL,2026-04-12,SELL,62169,62173,71512.39466,71604.94,71604.94,71281.04,71142.23,SL,-6.48,-1.928,False,665.42
m5_62182_SELL,2026-04-12,SELL,62182,62184,71366.143916,71461.43,71461.43,71127.94,70985.01,SL,-6.32,-1.899,False,659.1
m5_62206_SELL,2026-04-12,SELL,62206,62235,71132.430668,70847.26,71277.43,70769.94,70552.45,TRAILING_PROFIT,5.42,1.646,True,664.52
m5_62316_SELL,2026-04-12,SELL,62316,62317,70738.44948000001,70962.74,70962.74,70177.73,69841.3,SL,-4.58,-1.379,False,659.94
m5_62401_SELL,2026-04-13,SELL,62401,62412,70803.30650600001,70934.18,70934.18,70476.12,70279.8,SL,-5.44,-1.65,False,654.5
m5_62516_BUY,2026-04-13,BUY,62516,62527,72003.537828,71652.85,71652.85,72880.25,73406.27,SL,-4.08,-1.246,False,650.42
m5_62550_BUY,2026-04-13,BUY,62550,62554,72497.17653599998,72197.37,72197.37,73246.68,73696.39,SL,-4.19,-1.29,False,646.23
m5_62572_BUY,2026-04-13,BUY,62572,62581,72781.073304,73231.91,72531.29,73405.52,73780.19,TRAILING_PROFIT,5.82,1.802,True,652.05
m5_62711_BUY,2026-04-14,BUY,62711,62713,74537.634546,74806.96,74422.73,74824.88,74997.23,TRAILING_PROFIT,5.35,1.642,True,657.4
m5_62790_BUY,2026-04-14,BUY,62790,62794,74758.308672,75164.36,74533.58,75320.14,75657.24,TRAILING_PROFIT,5.76,1.753,True,663.16
m5_62916_BUY,2026-04-15,BUY,62916,62946,74559.35888999999,74300.13,74300.13,75207.43,75596.27,SL,-4.46,-1.345,False,658.7
m5_63067_BUY,2026-04-15,BUY,63067,63072,74467.64055,74270.84,74270.84,74959.65,75254.86,SL,-4.79,-1.453,False,653.92
m5_63144_BUY,2026-04-15,BUY,63144,63151,74468.170656,74976.21,74266.2,74973.1,75276.06,TRAILING_PROFIT,6.75,2.064,True,660.66
m5_63187_BUY,2026-04-15,BUY,63187,63191,75300.057,75010.88,75010.88,76023.01,76456.77,SL,-4.33,-1.312,False,656.33
m5_63363_BUY,2026-04-16,BUY,63363,63366,74939.61492600001,74757.05,74757.05,75396.03,75669.87,SL,-4.9,-1.492,False,651.43
m5_63440_BUY,2026-04-16,BUY,63440,63460,75247.04639999999,74931.11,74931.11,76036.88,76510.77,SL,-4.19,-1.285,False,647.25
m5_63574_BUY,2026-04-17,BUY,63574,63594,74945.766156,75238.19,74819.63,75261.11,75450.32,TRAILING_PROFIT,5.48,1.695,True,652.73
m5_63602_BUY,2026-04-17,BUY,63602,63606,75918.000564,75649.3,75649.3,76589.76,76992.81,SL,-4.37,-1.338,False,648.36
m5_63649_BUY,2026-04-17,BUY,63649,63654,76625.322,76248.03,76248.03,77568.56,78134.5,SL,-4.03,-1.243,False,644.33
m5_63668_BUY,2026-04-17,BUY,63668,63680,77998.726626,77487.59,77487.59,79276.56,80043.25,SL,-3.81,-1.183,False,640.52
m5_63999_SELL,2026-04-18,SELL,63999,64009,75604.885998,75765.35,75765.35,75203.74,74963.05,SL,-5.02,-1.566,False,635.51
m5_64153_SELL,2026-04-19,SELL,64153,64156,75215.263938,75089.26,75328.75,74931.56,74761.33,TRAILING_PROFIT,3.21,1.011,True,638.72
m5_64272_SELL,2026-04-19,SELL,64272,64318,75144.977998,74674.98,75425.97,74442.5,74021.01,TRAILING_PROFIT,5.64,1.767,True,644.36
m5_64330_SELL,2026-04-19,SELL,64330,64332,74390.72887800001,74078.01,74618.01,73822.52,73481.59,TRAILING_PROFIT,4.98,1.546,True,649.35
m5_64503_BUY,2026-04-20,BUY,64503,64507,75462.98958,75270.28,75270.28,75944.76,76233.82,SL,-4.77,-1.469,False,644.58
m5_64536_SELL,2026-04-20,SELL,64536,64539,74784.570094,75190.36,75190.36,73770.11,73161.43,SL,-3.94,-1.222,False,640.64
m5_64563_BUY,2026-04-21,BUY,64563,64680,75871.05117600001,75556.15,75556.15,76658.29,77130.64,SL,-4.13,-1.289,False,636.51
m5_64722_BUY,2026-04-21,BUY,64722,64728,76081.903338,75939.14,75939.14,76438.81,76652.95,SL,-5.22,-1.639,False,631.29
m5_64749_BUY,2026-04-21,BUY,64749,64752,76674.341802,76432.43,76432.43,77279.11,77641.98,SL,-4.36,-1.38,False,626.94
m5_64880_SELL,2026-04-21,SELL,64880,64885,74851.0268,75219.88,75219.88,73928.89,73375.61,SL,-3.9,-1.244,False,623.04
m5_64933_BUY,2026-04-22,BUY,64933,64937,76465.29,76245.29,76245.29,77015.29,77345.29,SL,-4.41,-1.416,False,618.63
m5_64958_BUY,2026-04-22,BUY,64958,64966,76755.287988,77250.91,76511.88,77363.81,77728.92,TRAILING_PROFIT,5.84,1.888,True,624.47
m5_64995_BUY,2026-04-22,BUY,64995,65095,77955.257934,78290.99,77701.15,78590.52,78971.68,TRAILING_PROFIT,4.81,1.541,True,629.28
m5_65102_BUY,2026-04-22,BUY,65102,65103,79073.621562,78786.1,78786.1,79792.43,80223.71,SL,-4.18,-1.329,False,625.1
m5_65296_BUY,2026-04-23,BUY,65296,65301,78321.271122,78128.99,78128.99,78801.98,79090.4,SL,-4.65,-1.488,False,620.45
m5_65403_BUY,2026-04-23,BUY,65403,65422,78418.1805,78104.34,78104.34,79202.79,79673.55,SL,-4.03,-1.299,False,616.42
m5_65487_BUY,2026-04-23,BUY,65487,65499,78245.756022,78043.76,78043.76,78750.74,79053.73,SL,-4.51,-1.464,False,611.9
m5_65718_SELL,2026-04-24,SELL,65718,65722,77490.258848,77731.13,77731.13,76888.08,76526.78,SL,-4.24,-1.387,False,607.66
m5_65779_SELL,2026-04-24,SELL,65779,65789,77287.849338,77419.17,77419.17,76959.55,76762.56,SL,-5.19,-1.707,False,602.47
m5_65916_BUY,2026-04-25,BUY,65916,65932,77795.56600199999,77720.07,77720.07,77984.31,78097.56,SL,-6.74,-2.236,False,595.74
m5_65985_SELL,2026-04-25,SELL,65985,65987,77489.938912,77395.68,77559.96,77314.89,77209.87,TRAILING_PROFIT,1.78,0.596,True,597.51
m5_65995_SELL,2026-04-25,SELL,65995,65997,77248.5472,77389.89,77389.89,76895.19,76683.18,SL,-4.95,-1.656,False,592.57
m5_66126_SELL,2026-04-26,SELL,66126,66133,77355.635778,77424.81,77424.81,77182.69,77078.92,SL,-6.94,-2.342,False,585.63
m5_66146_BUY,2026-04-26,BUY,66146,66153,78154.487772,78008.2,78008.2,78520.22,78739.65,SL,-4.8,-1.64,False,580.82
m5_66303_BUY,2026-04-26,BUY,66303,66317,78216.420156,78088.96,78088.96,78535.07,78726.27,SL,-5.04,-1.736,False,575.78
m5_66346_BUY,2026-04-26,BUY,66346,66354,78550.676994,78317.17,78317.17,79134.44,79484.7,SL,-4.04,-1.403,False,571.74
m5_66382_BUY,2026-04-27,BUY,66382,66433,78978.452532,78684.62,78684.62,79713.04,80153.79,SL,-3.78,-1.322,False,567.96
m5_66552_SELL,2026-04-27,SELL,66552,66576,77341.168672,76781.51,77644.5,76582.85,76127.86,TRAILING_PROFIT,5.3,1.868,True,573.27
m5_66691_SELL,2026-04-28,SELL,66691,66695,76691.568618,76885.07,76885.07,76207.82,75917.57,SL,-4.23,-1.476,False,569.04
m5_66740_SELL,2026-04-28,SELL,66740,66742,76586.83956800001,76752.97,76752.97,76171.52,75922.33,SL,-4.42,-1.554,False,564.61
m5_66795_SELL,2026-04-28,SELL,66795,66821,76364.42406,76242.58,76498.47,76029.3,75828.23,TRAILING_PROFIT,2.88,1.022,True,567.5
m5_66833_SELL,2026-04-28,SELL,66833,66840,75813.954176,76062.79,76062.79,75191.86,74818.6,SL,-3.88,-1.366,False,563.62
m5_67002_BUY,2026-04-29,BUY,67002,67027,77175.73206,77019.87,77019.87,77565.4,77799.2,SL,-4.49,-1.594,False,559.13
m5_67065_BUY,2026-04-29,BUY,67065,67081,77683.5336,77524.74,77524.74,78080.51,78318.69,SL,-4.44,-1.586,False,554.7
m5_67130_SELL,2026-04-29,SELL,67130,67165,76239.749,75266.7,76501.44,75585.52,75192.99,TRAILING_PROFIT,7.66,2.761,True,562.36
m5_67267_SELL,2026-04-30,SELL,67267,67273,75526.481682,75783.8,75783.8,74883.17,74497.19,SL,-3.8,-1.353,False,558.55
m5_67291_SELL,2026-04-30,SELL,67291,67297,75422.14255399999,75610.32,75610.32,74951.7,74669.44,SL,-4.14,-1.482,False,554.41
m5_67376_SELL,2026-04-30,SELL,67376,67377,75914.294104,76050.61,76050.61,75573.51,75369.03,SL,-4.63,-1.669,False,549.79
m5_67545_BUY,2026-05-01,BUY,67545,67554,76707.968526,76595.46,76595.46,76989.25,77158.02,SL,-5.0,-1.818,False,544.79
m5_67563_BUY,2026-05-01,BUY,67563,67568,77259.56882399999,77091.28,77091.28,77680.28,77932.71,SL,-4.22,-1.55,False,540.57
m5_67622_BUY,2026-05-01,BUY,67622,67670,77265.45,77455.3,77137.48,77585.38,77777.34,TRAILING_PROFIT,3.42,1.266,True,543.99
m5_67680_BUY,2026-05-01,BUY,67680,67690,78210.498972,78561.88,77978.04,78791.64,79140.32,TRAILING_PROFIT,4.35,1.601,True,548.34
m5_67830_BUY,2026-05-02,BUY,67830,67832,78439.78482,78331.02,78331.02,78711.69,78874.83,SL,-5.11,-1.865,False,543.23
m5_68005_BUY,2026-05-02,BUY,68005,68010,78536.51416199999,78466.42,78466.42,78711.76,78816.91,SL,-6.37,-2.344,False,536.87
m5_68071_BUY,2026-05-02,BUY,68071,68072,78916.410126,78783.02,78783.02,79249.9,79449.99,SL,-4.59,-1.709,False,532.28
m5_68182_BUY,2026-05-03,BUY,68182,68183,78346.276122,78276.52,78276.52,78520.68,78625.32,SL,-6.25,-2.347,False,526.03
m5_68215_BUY,2026-05-03,BUY,68215,68216,78618.600576,78537.41,78537.41,78821.57,78943.35,SL,-5.68,-2.161,False,520.35
m5_68240_BUY,2026-05-03,BUY,68240,68261,78732.833418,78645.98,78645.98,78949.96,79080.24,SL,-5.43,-2.087,False,514.92
m5_68334_BUY,2026-05-03,BUY,68334,68337,78846.30610799999,78767.03,78767.03,79044.49,79163.4,SL,-5.65,-2.193,False,509.27
m5_68411_BUY,2026-05-04,BUY,68411,68508,79785.383886,79401.17,79401.17,80745.92,81322.25,SL,-3.18,-1.249,False,506.09
m5_68700_BUY,2026-05-05,BUY,68700,68730,80513.52948599998,80771.26,80350.83,80920.28,81164.33,TRAILING_PROFIT,3.66,1.447,True,509.75
m5_68740_BUY,2026-05-05,BUY,68740,68745,81171.921138,80974.47,80974.47,81665.54,81961.72,SL,-3.8,-1.493,False,505.95
m5_68825_BUY,2026-05-05,BUY,68825,68833,81239.14458,81466.16,81092.79,81605.02,81824.55,TRAILING_PROFIT,3.44,1.358,True,509.38
m5_68916_BUY,2026-05-05,BUY,68916,68917,81718.39041,81545.96,81545.96,82149.48,82408.13,SL,-3.99,-1.568,False,505.39
m5_69004_BUY,2026-05-06,BUY,69004,69017,81667.65026400001,81477.49,81477.49,82143.06,82428.31,SL,-3.83,-1.515,False,501.56
m5_69066_BUY,2026-05-06,BUY,69066,69094,81731.823096,82195.42,81554.46,82175.23,82441.27,TRAILING_PROFIT,5.02,2.002,True,506.58
m5_69100_BUY,2026-05-06,BUY,69100,69104,82777.84225799999,82527.52,82527.52,83403.66,83779.14,SL,-3.54,-1.396,False,503.05
m5_69301_SELL,2026-05-07,SELL,69301,69302,80755.64564,80901.51,80901.51,80390.99,80172.2,SL,-4.19,-1.665,False,498.86
m5_69338_BUY,2026-05-07,BUY,69338,69346,81673.08135,81498.82,81498.82,82108.74,82370.13,SL,-3.9,-1.562,False,494.96
m5_69377_SELL,2026-05-07,SELL,69377,69379,80598.337108,80779.04,80779.04,80146.58,79875.53,SL,-3.8,-1.536,False,491.16
m5_69426_SELL,2026-05-08,SELL,69426,69567,80182.790234,79505.86,80465.02,79477.22,79053.87,TRAILING_PROFIT,5.18,2.11,True,496.34
m5_69628_SELL,2026-05-08,SELL,69628,69630,79264.533922,79404.82,79404.82,78913.81,78703.38,SL,-4.17,-1.679,False,492.18
m5_69698_SELL,2026-05-08,SELL,69698,69709,79676.921428,79890.12,79890.12,79143.94,78824.15,SL,-3.57,-1.449,False,488.61
m5_69853_BUY,2026-05-09,BUY,69853,69861,80470.10080199999,80372.53,80372.53,80714.04,80860.4,SL,-4.86,-1.989,False,483.75
m5_69877_BUY,2026-05-09,BUY,69877,69879,80616.13000199999,80508.56,80508.56,80885.05,81046.4,SL,-4.59,-1.899,False,479.16
m5_70015_BUY,2026-05-09,BUY,70015,70036,80542.625304,80696.62,80446.14,80783.83,80928.55,TRAILING_PROFIT,2.5,1.045,True,481.66
m5_70049_BUY,2026-05-09,BUY,70049,70052,81056.74810799999,80941.22,80941.22,81345.58,81518.88,SL,-4.43,-1.841,False,477.23
m5_70159_BUY,2026-05-10,BUY,70159,70163,80876.16199800001,80792.66,80792.66,81084.93,81210.18,SL,-5.16,-2.162,False,472.07
m5_70217_BUY,2026-05-10,BUY,70217,70220,80889.814728,80817.26,80817.26,81071.2,81180.04,SL,-5.52,-2.337,False,466.55
m5_70248_BUY,2026-05-10,BUY,70248,70251,80950.63689,80867.32,80867.32,81158.92,81283.89,SL,-5.05,-2.165,False,461.5
m5_70296_BUY,2026-05-10,BUY,70296,70297,81064.949748,80958.24,80958.24,81331.72,81491.78,SL,-4.41,-1.911,False,457.09
m5_70527_BUY,2026-05-11,BUY,70527,70531,81150.09677399999,81014.71,81014.71,81488.56,81691.64,SL,-3.93,-1.719,False,453.17
m5_70552_BUY,2026-05-11,BUY,70552,70556,81330.01275,81179.3,81179.3,81706.8,81932.88,SL,-3.73,-1.647,False,449.43
m5_70597_BUY,2026-05-12,BUY,70597,70707,81590.8149,81318.41,81318.41,82271.83,82680.43,SL,-3.05,-1.359,False,446.38
m5_70818_SELL,2026-05-12,SELL,70818,70835,80635.01977,80777.8,80777.8,80278.06,80063.89,SL,-3.75,-1.678,False,442.63
m5_70859_SELL,2026-05-12,SELL,70859,70861,80450.81661800001,80660.28,80660.28,79927.16,79612.97,SL,-3.23,-1.461,False,439.4
m5_70876_SELL,2026-05-12,SELL,70876,70904,80223.952,80513.54,80513.54,79499.98,79065.6,SL,-2.93,-1.333,False,436.47
m5_70977_SELL,2026-05-13,SELL,70977,70983,80467.81321800001,80584.67,80584.67,80175.68,80000.39,SL,-3.99,-1.827,False,432.48
m5_71008_BUY,2026-05-13,BUY,71008,71010,81238.25440199999,81059.25,81059.25,81685.77,81954.28,SL,-3.34,-1.544,False,429.15
m5_71088_BUY,2026-05-13,BUY,71088,71091,81333.603468,81217.83,81217.83,81623.04,81796.7,SL,-3.95,-1.842,False,425.19
m5_71112_SELL,2026-05-13,SELL,71112,71128,80727.81120800001,80394.12,80845.7,80433.09,80256.26,TRAILING_PROFIT,3.92,1.845,True,429.11
m5_71144_SELL,2026-05-13,SELL,71144,71171,79834.03,78987.88,80061.91,79264.34,78922.53,TRAILING_PROFIT,5.77,2.688,True,434.88
m5_71308_SELL,2026-05-14,SELL,71308,71309,79066.193598,79266.01,79266.01,78566.65,78266.92,SL,-3.21,-1.475,False,431.67
m5_71383_SELL,2026-05-14,SELL,71383,71390,79594.068002,79736.79,79736.79,79237.25,79023.16,SL,-3.6,-1.67,False,428.07
m5_71396_SELL,2026-05-14,SELL,71396,71398,79437.969228,79605.59,79605.59,79018.91,78767.47,SL,-3.36,-1.569,False,424.71
m5_71405_SELL,2026-05-14,SELL,71405,71418,79344.707884,79516.36,79516.36,78915.58,78658.11,SL,-3.3,-1.555,False,421.41
m5_71562_BUY,2026-05-15,BUY,71562,71564,81635.57385,81462.56,81462.56,82068.12,82327.65,SL,-3.3,-1.566,False,418.11
m5_71712_SELL,2026-05-15,SELL,71712,71718,80123.97200000001,79870.37,80312.56,79652.5,79369.61,TRAILING_PROFIT,2.96,1.414,True,421.07
m5_71819_SELL,2026-05-15,SELL,71819,71822,78957.7053,79084.34,79084.34,78641.13,78451.18,SL,-3.68,-1.749,False,417.38
m5_71898_SELL,2026-05-16,SELL,71898,71900,78909.994844,79002.56,79002.56,78678.59,78539.74,SL,-4.22,-2.024,False,413.16
m5_71920_SELL,2026-05-16,SELL,71920,71926,78813.664114,78467.3,78900.25,78597.19,78467.3,TP2,4.46,2.16,True,417.62
m5_71955_SELL,2026-05-16,SELL,71955,71958,77955.515778,78137.55,78137.55,77500.43,77227.38,SL,-3.16,-1.514,False,414.46
m5_71965_SELL,2026-05-16,SELL,71965,71976,77870.99268600001,78076.98,78076.98,77356.03,77047.05,SL,-3.01,-1.454,False,411.45
m5_72141_SELL,2026-05-17,SELL,72141,72143,78073.98208,78017.32,78151.44,77880.33,77764.14,TRAILING_PROFIT,0.84,0.407,True,412.28
m5_72152_SELL,2026-05-17,SELL,72152,72163,77771.84251999999,77933.3,77933.3,77368.21,77126.03,SL,-3.25,-1.579,False,409.03
m5_72300_SELL,2026-05-17,SELL,72300,72303,78146.307612,78057.81,78252.72,77880.27,77720.64,TRAILING_PROFIT,1.61,0.786,True,410.64
m5_72406_SELL,2026-05-17,SELL,72406,72416,77865.10386399999,77472.86,78057.88,77383.18,77094.02,TRAILING_PROFIT,3.66,1.784,True,414.3
m5_72553_SELL,2026-05-18,SELL,72553,72555,76678.331266,76795.37,76795.37,76385.73,76210.17,SL,-3.7,-1.787,False,410.6
m5_72591_SELL,2026-05-18,SELL,72591,72657,76606.455644,76943.72,76943.72,75763.28,75257.38,SL,-2.61,-1.273,False,407.98
m5_72725_SELL,2026-05-19,SELL,72725,72727,76750.186892,76929.79,76929.79,76301.17,76031.76,SL,-3.09,-1.513,False,404.9
m5_72848_SELL,2026-05-19,SELL,72848,72855,76651.626608,76811.97,76811.97,76250.77,76010.25,SL,-3.19,-1.574,False,401.71
m5_72869_SELL,2026-05-19,SELL,72869,72870,76585.68979799999,76745.79,76745.79,76185.44,75945.3,SL,-3.16,-1.575,False,398.55
m5_72879_SELL,2026-05-19,SELL,72879,72906,76458.985144,76754.68,76754.68,75719.74,75276.19,SL,-2.61,-1.311,False,395.93
m5_72998_SELL,2026-05-20,SELL,72998,73002,76566.143708,76699.38,76699.38,76233.06,76033.21,SL,-3.35,-1.69,False,392.59
m5_73099_BUY,2026-05-20,BUY,73099,73103,77595.50599800001,77465.41,77465.41,77920.74,78115.88,SL,-3.37,-1.715,False,389.22
m5_73293_BUY,2026-05-21,BUY,73293,73301,77964.33975,77830.66,77830.66,78298.54,78499.05,SL,-3.31,-1.699,False,385.91
m5_73447_SELL,2026-05-21,SELL,73447,73450,76872.462432,77070.1,77070.1,76378.37,76081.92,SL,-2.83,-1.467,False,383.08
m5_73621_BUY,2026-05-22,BUY,73621,73625,77892.265338,77796.0,77796.0,78132.94,78277.34,SL,-3.77,-1.97,False,379.31
m5_73648_SELL,2026-05-22,SELL,73648,73660,77415.373828,77519.85,77519.85,77154.17,76997.45,SL,-3.58,-1.89,False,375.73
m5_73740_SELL,2026-05-22,SELL,73740,73756,77114.454024,76764.53,77290.53,76674.26,76410.15,TRAILING_PROFIT,3.23,1.719,True,378.96
m5_73797_SELL,2026-05-22,SELL,73797,73798,76325.811784,76552.1,76552.1,75760.1,75420.68,SL,-2.66,-1.405,False,376.29
m5_73944_SELL,2026-05-23,SELL,73944,73951,75356.205744,75337.47,75420.59,75195.26,75098.69,TRAILING_PROFIT,-0.02,-0.008,False,376.28
m5_74230_BUY,2026-05-24,BUY,74230,74233,77028.462612,76920.67,76920.67,77297.95,77459.64,SL,-3.49,-1.857,False,372.78
m5_74273_BUY,2026-05-24,BUY,74273,74274,77255.448,77100.18,77100.18,77643.62,77876.52,SL,-2.98,-1.596,False,369.81
m5_74432_BUY,2026-05-25,BUY,74432,74459,77215.72005599999,76970.83,76970.83,77827.94,78195.28,SL,-2.55,-1.378,False,367.26
m5_74509_BUY,2026-05-25,BUY,74509,74510,77592.785454,77452.07,77452.07,77944.58,78155.66,SL,-3.05,-1.661,False,364.21
m5_74609_BUY,2026-05-25,BUY,74609,74630,77635.493994,77526.86,77526.86,77907.09,78070.05,SL,-3.38,-1.857,False,360.83
m5_74896_BUY,2026-05-26,BUY,74896,74899,77803.917672,77497.68,77497.68,78569.51,79028.86,SL,-2.35,-1.304,False,358.48
m5_74910_SELL,2026-05-27,SELL,74910,75066,76419.92295800001,75442.44,76826.69,75403.01,74792.87,TRAILING_PROFIT,3.99,2.228,True,362.47
m5_75158_SELL,2026-05-27,SELL,75158,75159,75611.17474,75726.81,75726.81,75322.09,75148.65,SL,-3.24,-1.785,False,359.23
m5_75169_SELL,2026-05-27,SELL,75169,75175,75493.878204,75132.03,75697.36,74985.18,74679.95,TRAILING_PROFIT,3.04,1.695,True,362.28
m5_75272_SELL,2026-05-28,SELL,75272,75339,74613.0744,73916.88,74802.72,74138.95,73854.47,TRAILING_PROFIT,4.74,2.615,True,367.01
m5_75346_SELL,2026-05-28,SELL,75346,75417,73216.333804,73539.18,73539.18,72409.23,71924.96,SL,-2.34,-1.273,False,364.68
m5_75459_SELL,2026-05-28,SELL,75459,75464,73225.541962,72919.99,73376.91,72847.13,72620.09,TRAILING_PROFIT,3.06,1.68,True,367.74
m5_75738_SELL,2026-05-29,SELL,75738,75750,73273.052458,73028.32,73391.96,72975.78,72797.41,TRAILING_PROFIT,2.83,1.541,True,370.58
m5_75759_SELL,2026-05-29,SELL,75759,75766,72781.4408,73030.29,73030.29,72159.32,71786.05,SL,-2.5,-1.352,False,368.07
m5_75794_BUY,2026-05-29,BUY,75794,75807,74272.55154,73925.28,73925.28,75140.73,75661.64,SL,-2.31,-1.256,False,365.76
m5_75930_SELL,2026-05-30,SELL,75930,75933,73218.633344,73341.2,73341.2,72912.2,72728.35,SL,-3.14,-1.717,False,362.62
m5_76044_BUY,2026-05-30,BUY,76044,76060,73920.771198,73845.14,73845.14,74109.86,74223.31,SL,-3.94,-2.172,False,358.68
m5_76176_BUY,2026-05-31,BUY,76176,76193,74122.83160199999,74032.54,74032.54,74348.56,74483.99,SL,-3.56,-1.985,False,355.12
m5_76288_SELL,2026-05-31,SELL,76288,76290,73743.918266,73833.35,73833.35,73520.33,73386.17,SL,-3.53,-1.99,False,351.59
m5_76335_SELL,2026-05-31,SELL,76335,76339,73569.27320200001,73705.96,73705.96,73227.55,73022.52,SL,-2.89,-1.646,False,348.69
m5_76362_SELL,2026-05-31,SELL,76362,76368,73423.96226999999,73554.58,73554.58,73097.41,72901.48,SL,-2.92,-1.675,False,345.77
m5_76528_SELL,2026-06-01,SELL,76528,76545,73223.3524,72879.06,73363.45,72873.12,72662.97,TRAILING_PROFIT,3.2,1.853,True,348.98
m5_76595_SELL,2026-06-01,SELL,76595,76600,72465.494002,72227.18,72639.32,72030.94,71770.21,TRAILING_PROFIT,2.51,1.436,True,351.48
m5_76610_SELL,2026-06-01,SELL,76610,76619,71828.64139799999,72079.44,72079.44,71201.64,70825.44,SL,-2.36,-1.344,False,349.12
m5_76645_SELL,2026-06-01,SELL,76645,76650,70882.67063000001,71187.02,71187.02,70121.81,69665.29,SL,-2.23,-1.28,False,346.89
m5_76763_SELL,2026-06-02,SELL,76763,76771,70638.339506,70878.74,70878.74,70037.35,69676.75,SL,-2.35,-1.353,False,344.54
m5_76824_SELL,2026-06-02,SELL,76824,76827,69826.012004,70121.27,70121.27,69087.88,68645.0,SL,-2.21,-1.284,False,342.33
m5_76848_SELL,2026-06-02,SELL,76848,76900,69583.17058199999,69079.66,69837.18,68948.15,68567.13,TRAILING_PROFIT,3.28,1.914,True,345.6
m5_76908_SELL,2026-06-02,SELL,76908,76912,68622.26280200001,68245.0,68880.3,67977.17,67590.11,TRAILING_PROFIT,2.87,1.663,True,348.48
m5_77069_SELL,2026-06-03,SELL,77069,77076,66134.580438,66447.51,66447.51,65352.26,64882.87,SL,-2.19,-1.254,False,346.29
m5_77144_SELL,2026-06-03,SELL,77144,77145,66720.073316,66917.33,66917.33,66226.93,65931.04,SL,-2.44,-1.406,False,343.86
m5_77209_SELL,2026-06-03,SELL,77209,77224,66567.623812,65922.72,66887.78,65767.23,65287.0,TRAILING_PROFIT,3.45,2.009,True,347.31
m5_77266_SELL,2026-06-03,SELL,77266,77286,65346.238138,65627.76,65627.76,64642.43,64220.15,SL,-2.22,-1.279,False,345.09
m5_77320_SELL,2026-06-04,SELL,77320,77332,64003.1968,63003.74,64409.79,62986.71,62376.82,TRAILING_PROFIT,3.95,2.292,True,349.04
m5_77338_SELL,2026-06-04,SELL,77338,77344,62234.890532,62821.63,62821.63,60768.04,59887.94,SL,-1.97,-1.128,False,347.07
m5_77403_SELL,2026-06-04,SELL,77403,77406,63515.284402,63880.19,63880.19,62603.01,62055.65,SL,-2.1,-1.209,False,344.98
m5_77429_SELL,2026-06-04,SELL,77429,77435,62851.417202,63246.93,63246.93,61862.62,61269.35,SL,-2.05,-1.191,False,342.92
m5_77616_SELL,2026-06-05,SELL,77616,77619,63058.23583,63377.51,63377.51,62260.06,61781.15,SL,-2.12,-1.238,False,340.8
m5_77631_SELL,2026-06-05,SELL,77631,77662,63006.936092,63320.97,63320.97,62221.85,61750.79,SL,-2.12,-1.241,False,338.68
m5_77675_SELL,2026-06-05,SELL,77675,77680,62316.88413,61877.0,62779.94,61159.23,60464.64,TRAILING_PROFIT,2.65,1.565,True,341.33
m5_77744_SELL,2026-06-05,SELL,77744,77752,62101.97712,62442.04,62442.04,61251.83,60741.74,SL,-2.08,-1.22,False,339.25
m5_77941_SELL,2026-06-06,SELL,77941,77946,60358.62586,59794.95,60670.21,59579.66,59112.28,TRAILING_PROFIT,3.26,1.923,True,342.51
m5_78014_SELL,2026-06-06,SELL,78014,78033,60608.705834,60882.66,60882.66,59923.81,59512.88,SL,-2.17,-1.266,False,340.35
m5_78075_SELL,2026-06-06,SELL,78075,78078,60461.115358,60733.21,60733.21,59780.89,59372.75,SL,-2.16,-1.267,False,338.19
m5_78238_BUY,2026-06-07,BUY,78238,78246,61855.238574,61663.84,61663.84,62333.74,62620.84,SL,-2.35,-1.387,False,335.84
m5_78259_BUY,2026-06-07,BUY,78259,78285,62217.961103999995,62594.24,61972.64,62831.28,63199.26,TRAILING_PROFIT,2.87,1.711,True,338.72
m5_78579_BUY,2026-06-08,BUY,78579,78582,63478.6932,63214.49,63214.49,64139.2,64535.5,SL,-2.18,-1.288,False,336.54
m5_78607_BUY,2026-06-08,BUY,78607,78609,63767.35092,63501.88,63501.88,64431.03,64829.23,SL,-2.17,-1.288,False,334.37
m5_78647_BUY,2026-06-08,BUY,78647,78667,63976.872816,63630.33,63630.33,64843.23,65363.05,SL,-2.04,-1.221,False,332.33
m5_78810_BUY,2026-06-09,BUY,78810,78853,63202.627997999996,62974.7,62974.7,63772.44,64114.33,SL,-2.21,-1.332,False,330.11
m5_78865_SELL,2026-06-09,SELL,78865,78920,62750.907308,62343.75,62947.88,62258.49,61963.04,TRAILING_PROFIT,3.14,1.903,True,333.25
m5_78926_SELL,2026-06-09,SELL,78926,78935,62001.707178000004,61454.04,62301.18,61253.03,60803.82,TRAILING_PROFIT,3.19,1.917,True,336.45
m5_78951_SELL,2026-06-09,SELL,78951,78955,60865.104544,61200.46,61200.46,60026.72,59523.7,SL,-2.05,-1.218,False,334.4
m5_79071_SELL,2026-06-10,SELL,79071,79131,61419.703602,61683.77,61683.77,60759.53,60363.43,SL,-2.14,-1.28,False,332.26
m5_79156_SELL,2026-06-10,SELL,79156,79157,60967.064148000005,61195.74,61195.74,60395.37,60052.36,SL,-2.19,-1.321,False,330.07
m5_79234_BUY,2026-06-10,BUY,79234,79237,62838.5652,62396.44,62396.44,63943.88,64607.07,SL,-1.93,-1.17,False,328.14
m5_79298_SELL,2026-06-11,SELL,79298,79335,61535.190500000004,61749.72,61749.72,60998.86,60677.07,SL,-2.21,-1.345,False,325.93
m5_79374_BUY,2026-06-11,BUY,79374,79408,62432.23395,62841.9,62207.37,62994.4,63331.69,TRAILING_PROFIT,2.98,1.826,True,328.91
m5_79462_BUY,2026-06-11,BUY,79462,79480,63103.748225999996,62963.83,62963.83,63453.55,63663.43,SL,-2.53,-1.541,False,326.37
m5_79542_BUY,2026-06-12,BUY,79542,79698,63295.166502,62953.58,62953.58,64149.14,64661.52,SL,-1.99,-1.222,False,324.38
m5_79734_BUY,2026-06-12,BUY,79734,79740,63917.250894,63735.7,63735.7,64371.12,64643.45,SL,-2.31,-1.422,False,322.07
m5_79798_BUY,2026-06-12,BUY,79798,79811,63950.787599999996,63637.02,63637.02,64735.2,65205.85,SL,-2.0,-1.244,False,320.07
m5_79997_BUY,2026-06-13,BUY,79997,80058,63791.845817999994,63957.15,63709.83,63996.87,64119.89,TRAILING_PROFIT,2.12,1.323,True,322.19
m5_80090_BUY,2026-06-13,BUY,80090,80097,64300.15746,64207.15,64207.15,64532.68,64672.19,SL,-2.95,-1.829,False,319.24
m5_80168_BUY,2026-06-13,BUY,80168,80170,64580.683553999996,64457.62,64457.62,64888.34,65072.94,SL,-2.6,-1.629,False,316.64
m5_80312_BUY,2026-06-14,BUY,80312,80328,64566.450708,64470.84,64470.84,64805.47,64948.88,SL,-2.87,-1.81,False,313.77
m5_80407_SELL,2026-06-14,SELL,80407,80440,63764.814486,63903.32,63903.32,63418.56,63210.8,SL,-2.44,-1.553,False,311.34
m5_80451_BUY,2026-06-14,BUY,80451,80456,64761.59973,65078.48,64573.97,65230.67,65512.12,TRAILING_PROFIT,2.61,1.679,True,313.95
m5_80477_BUY,2026-06-15,BUY,80477,80496,65697.77692799999,65390.6,65390.6,66465.71,66926.47,SL,-1.97,-1.256,False,311.98
m5_80529_BUY,2026-06-15,BUY,80529,80533,65946.58668,65767.09,65767.09,66395.34,66664.59,SL,-2.25,-1.44,False,309.73
m5_80619_BUY,2026-06-15,BUY,80619,80643,66255.59847,66680.68,66081.8,66690.09,66950.78,TRAILING_PROFIT,3.12,2.014,True,312.85
m5_80673_BUY,2026-06-15,BUY,80673,80688,67209.979308,66972.79,66972.79,67802.96,68158.75,SL,-2.1,-1.339,False,310.76
m5_80850_BUY,2026-06-16,BUY,80850,80878,66361.2696,66851.54,66215.37,66726.03,66944.88,TRAILING_PROFIT,3.7,2.383,True,314.46
m5_81075_SELL,2026-06-17,SELL,81075,81080,65581.88100000001,65725.54,65725.54,65222.72,65007.23,SL,-2.43,-1.548,False,312.02
m5_81088_BUY,2026-06-17,BUY,81088,81090,66099.497256,65925.75,65925.75,66533.87,66794.49,SL,-2.27,-1.456,False,309.75
m5_81148_SELL,2026-06-17,SELL,81148,81162,65496.907998,65323.92,65633.17,65156.26,64951.88,TRAILING_PROFIT,2.03,1.309,True,311.78
m5_81193_SELL,2026-06-17,SELL,81193,81201,64659.075598,64827.74,64827.74,64237.42,63984.43,SL,-2.28,-1.461,False,309.5
m5_81388_SELL,2026-06-18,SELL,81388,81398,64369.933438,64062.87,64502.79,64037.79,63838.5,TRAILING_PROFIT,2.83,1.826,True,312.33
m5_81408_SELL,2026-06-18,SELL,81408,81410,63746.058238,63932.38,63932.38,63280.27,63000.79,SL,-2.2,-1.411,False,310.12
m5_81518_SELL,2026-06-18,SELL,81518,81520,63767.244,64019.81,64019.81,63135.83,62756.98,SL,-2.02,-1.304,False,308.1
m5_81526_SELL,2026-06-18,SELL,81526,81538,63599.2776,62806.31,63936.18,62757.01,62251.66,TRAILING_PROFIT,3.39,2.202,True,311.5
m5_81674_SELL,2026-06-19,SELL,81674,81677,62722.323026000005,62859.78,62859.78,62378.67,62172.48,SL,-2.41,-1.548,False,309.08
m5_81746_SELL,2026-06-19,SELL,81746,81767,62420.053492,62578.39,62578.39,62024.22,61786.71,SL,-2.28,-1.474,False,306.81
m5_81930_BUY,2026-06-20,BUY,81930,81931,63788.7552,63643.89,63643.89,64150.93,64368.23,SL,-2.34,-1.528,False,304.46
m5_81985_BUY,2026-06-20,BUY,81985,81993,63709.04926199999,63602.38,63602.38,63975.73,64135.73,SL,-2.61,-1.716,False,301.85
m5_82093_SELL,2026-06-20,SELL,82093,82096,63226.51216800001,63355.09,63355.09,62905.07,62712.21,SL,-2.4,-1.591,False,299.45
m5_82107_BUY,2026-06-20,BUY,82107,82118,64238.49513,63975.45,63975.45,64896.1,65290.66,SL,-1.94,-1.292,False,297.51
m5_82252_BUY,2026-06-21,BUY,82252,82254,64430.623547999996,64356.59,64356.59,64615.71,64726.76,SL,-3.04,-2.044,False,294.47
m5_82264_BUY,2026-06-21,BUY,82264,82270,64511.029625999996,64422.01,64422.01,64733.57,64867.1,SL,-2.75,-1.869,False,291.72
m5_82465_SELL,2026-06-21,SELL,82465,82468,63547.278002,63708.61,63708.61,63143.95,62901.96,SL,-2.15,-1.473,False,289.57
m5_82494_SELL,2026-06-22,SELL,82494,82503,63383.310802,63602.28,63602.28,62835.88,62507.41,SL,-1.95,-1.348,False,287.62
m5_82638_BUY,2026-06-22,BUY,82638,82651,64612.92,64942.52,64425.78,65080.76,65361.46,TRAILING_PROFIT,2.47,1.715,True,290.09
m5_82663_BUY,2026-06-22,BUY,82663,82672,65311.0596,65051.6,65051.6,65959.72,66348.91,SL,-1.89,-1.301,False,288.2
m5_82843_SELL,2026-06-23,SELL,82843,82851,63841.2292,63656.33,63953.54,63560.46,63391.99,TRAILING_PROFIT,2.01,1.392,True,290.21
m5_82861_SELL,2026-06-23,SELL,82861,82864,63154.09665400001,62826.64,63333.99,62704.36,62434.52,TRAILING_PROFIT,2.53,1.74,True,292.73
m5_82887_SELL,2026-06-23,SELL,82887,82926,62403.696764,62635.18,62635.18,61824.99,61477.77,SL,-1.94,-1.324,False,290.79
m5_82945_SELL,2026-06-23,SELL,82945,82950,62105.58639800001,62258.66,62258.66,61722.91,61493.31,SL,-2.16,-1.487,False,288.63
m5_83115_SELL,2026-06-24,SELL,83115,83117,62452.0071,62630.89,62630.89,62004.81,61736.49,SL,-2.05,-1.42,False,286.58
m5_83207_SELL,2026-06-24,SELL,83207,83215,62433.500802,62552.71,62552.71,62135.48,61956.68,SL,-2.33,-1.629,False,284.25
m5_83233_SELL,2026-06-24,SELL,83233,83240,62229.541602,61752.83,62463.77,61643.98,61292.64,TRAILING_PROFIT,2.77,1.95,True,287.02
m5_83247_SELL,2026-06-24,SELL,83247,83283,60995.588442,59870.99,61407.66,59965.4,59347.29,TRAILING_PROFIT,3.5,2.439,True,290.52
m5_83488_SELL,2026-06-25,SELL,83488,83496,61570.023532,61299.08,61678.58,61298.63,61135.79,TRAILING_PROFIT,2.64,1.819,True,293.16
m5_83526_SELL,2026-06-25,SELL,83526,83528,61005.636432,60320.22,61273.83,60335.14,59932.85,TRAILING_PROFIT,3.31,2.256,True,296.47
m5_83669_SELL,2026-06-26,SELL,83669,83678,59288.229982,58864.43,59502.32,58753.01,58431.88,TRAILING_PROFIT,2.83,1.909,True,299.3
m5_83783_SELL,2026-06-26,SELL,83783,83785,59301.397348000006,59562.66,59562.66,58648.23,58256.33,SL,-1.9,-1.273,False,297.39
m5_83804_SELL,2026-06-26,SELL,83804,83805,59133.500934,59474.1,59474.1,58282.01,57771.11,SL,-1.8,-1.209,False,295.6
m5_83811_SELL,2026-06-26,SELL,83811,83815,58752.94706,59188.14,59188.14,57664.96,57012.18,SL,-1.72,-1.163,False,293.88
m5_84033_BUY,2026-06-27,BUY,84033,84043,60514.260432,60410.07,60410.07,60774.74,60931.03,SL,-2.49,-1.696,False,291.38
m5_84103_BUY,2026-06-27,BUY,84103,84108,60637.265028,60536.28,60536.28,60889.72,61041.19,SL,-2.51,-1.72,False,288.88
m5_84122_BUY,2026-06-27,BUY,84122,84123,60889.6755,60756.88,60756.88,61221.67,61420.86,SL,-2.24,-1.55,False,286.64
m5_84207_SELL,2026-06-27,SELL,84207,84209,59999.627673999996,60141.28,60141.28,59645.5,59433.02,SL,-2.16,-1.509,False,284.48
m5_84288_SELL,2026-06-28,SELL,84288,84312,59963.914818000005,60056.4,60056.4,59732.71,59593.99,SL,-2.53,-1.779,False,281.95
m5_84409_SELL,2026-06-28,SELL,84409,84410,59911.31534,60062.97,60062.97,59532.19,59304.71,SL,-2.08,-1.475,False,279.87
m5_84418_SELL,2026-06-28,SELL,84418,84439,59848.067992000004,59567.34,60025.21,59405.21,59139.5,TRAILING_PROFIT,2.29,1.638,True,282.16
m5_84465_SELL,2026-06-28,SELL,84465,84468,59350.17759000001,59518.53,59518.53,58929.3,58676.77,SL,-2.01,-1.424,False,280.15
m5_84591_BUY,2026-06-29,BUY,84591,84595,60316.050798,60086.31,60086.31,60890.41,61235.02,SL,-1.84,-1.314,False,278.31
m5_84680_SELL,2026-06-29,SELL,84680,84703,59448.117998,59845.7,59845.7,58454.16,57857.79,SL,-1.64,-1.18,False,276.67
m5_84849_SELL,2026-06-30,SELL,84849,84910,59665.904431999996,59354.18,59811.54,59301.81,59083.35,TRAILING_PROFIT,2.53,1.83,True,279.2
m5_84942_SELL,2026-06-30,SELL,84942,84944,59122.633108,59242.93,59242.93,58821.89,58641.45,SL,-2.22,-1.59,False,276.98
m5_84952_SELL,2026-06-30,SELL,84952,84959,58847.688108,58546.04,59005.63,58452.84,58215.92,TRAILING_PROFIT,2.44,1.759,True,279.42
m5_85096_SELL,2026-07-01,SELL,85096,85102,58428.32199800001,58576.32,58576.32,58058.32,57836.32,SL,-2.06,-1.474,False,277.36
m5_85168_SELL,2026-07-01,SELL,85168,85199,58764.234802,58936.18,58936.18,58334.36,58076.44,SL,-1.96,-1.411,False,275.4
m5_85238_SELL,2026-07-01,SELL,85238,85241,58431.941274,58590.09,58590.09,58036.57,57799.34,SL,-1.99,-1.444,False,273.41
m5_85262_BUY,2026-07-01,BUY,85262,85266,59990.005602,59631.33,59631.33,60886.7,61424.71,SL,-1.64,-1.2,False,271.77
m5_85421_BUY,2026-07-02,BUY,85421,85429,60566.76093,60901.65,60359.43,61085.1,61396.1,TRAILING_PROFIT,2.32,1.706,True,274.09
m5_85495_BUY,2026-07-02,BUY,85495,85539,60948.347232,61739.93,60750.45,61443.09,61739.93,TP2,3.94,2.878,True,278.03
m5_85796_BUY,2026-07-03,BUY,85796,85800,62024.4024,61871.06,61871.06,62407.75,62637.76,SL,-2.06,-1.485,False,275.97
m5_85849_BUY,2026-07-03,BUY,85849,85851,62344.86648,62130.08,62130.08,62881.84,63204.03,SL,-1.86,-1.348,False,274.11
m5_85909_BUY,2026-07-03,BUY,85909,85917,62417.250953999996,62689.97,62285.21,62747.36,62945.43,TRAILING_PROFIT,2.35,1.714,True,276.46
m5_86111_BUY,2026-07-04,BUY,86111,86113,62676.542802,62603.53,62603.53,62859.07,62968.58,SL,-2.81,-2.03,False,273.65
m5_86137_BUY,2026-07-04,BUY,86137,86166,62864.52039,63057.5,62759.69,63126.6,63283.84,TRAILING_PROFIT,1.98,1.45,True,275.64
m5_86424_BUY,2026-07-05,BUY,86424,86426,62926.662816000004,62817.98,62817.98,63198.36,63361.38,SL,-2.33,-1.694,False,273.3
m5_86499_BUY,2026-07-05,BUY,86499,86510,62912.569998,63109.59,62809.19,63171.02,63326.09,TRAILING_PROFIT,2.01,1.471,True,275.31
m5_86675_SELL,2026-07-06,SELL,86675,86676,62471.343232,62072.14,62638.46,62053.56,61802.89,TRAILING_PROFIT,2.75,1.997,True,278.06
m5_86725_BUY,2026-07-06,BUY,86725,86797,63650.7276,64328.44,63235.27,64689.36,65312.55,TRAILING_PROFIT,2.61,1.881,True,280.68
m5_86882_SELL,2026-07-07,SELL,86882,86884,62807.426002,62961.73,62961.73,62421.67,62190.21,SL,-2.09,-1.489,False,278.59
m5_86965_BUY,2026-07-07,BUY,86965,86970,63796.746798,63619.07,63619.07,64240.94,64507.45,SL,-1.99,-1.43,False,276.6
m5_87138_SELL,2026-07-08,SELL,87138,87140,62697.448002,62935.61,62935.61,62102.05,61744.81,SL,-1.82,-1.317,False,274.78
m5_87207_SELL,2026-07-08,SELL,87207,87213,62433.520798000005,62164.63,62642.33,61911.5,61598.28,TRAILING_PROFIT,2.11,1.536,True,276.89
m5_87219_SELL,2026-07-08,SELL,87219,87222,61773.942740000006,62061.2,62061.2,61055.8,60624.91,SL,-1.74,-1.259,False,275.14
m5_87273_SELL,2026-07-08,SELL,87273,87275,61717.214088,61940.35,61940.35,61159.36,60824.65,SL,-1.83,-1.333,False,273.31
m5_87418_SELL,2026-07-09,SELL,87418,87450,61923.6128,62163.69,62163.69,61323.42,60963.3,SL,-1.79,-1.31,False,271.52
m5_87468_BUY,2026-07-09,BUY,87468,87482,62661.249744,62818.82,62481.75,63110.01,63379.26,TRAILING_PROFIT,1.72,1.269,True,273.24
m5_87613_BUY,2026-07-09,BUY,87613,87627,63386.6748,63150.2,63150.2,63977.86,64332.58,SL,-1.8,-1.321,False,271.44
m5_87705_BUY,2026-07-10,BUY,87705,87783,63764.160282000004,64181.38,63533.61,64340.55,64686.38,TRAILING_PROFIT,2.47,1.822,True,273.91
m5_87797_BUY,2026-07-10,BUY,87797,87830,64429.933410000005,64273.5,64273.5,64821.02,65055.67,SL,-2.05,-1.494,False,271.86
m5_87953_BUY,2026-07-10,BUY,87953,87960,64144.896413999995,64039.33,64039.33,64408.82,64567.18,SL,-2.35,-1.729,False,269.51
m5_87968_BUY,2026-07-10,BUY,87968,87969,64234.8444,64145.31,64145.31,64458.67,64592.97,SL,-2.51,-1.86,False,267.01
m5_88143_BUY,2026-07-11,BUY,88143,88146,64310.839596000005,64381.52,64264.56,64426.53,64495.94,TRAILING_PROFIT,0.46,0.345,True,267.47
m5_88220_BUY,2026-07-11,BUY,88220,88226,64427.93301,64365.05,64365.05,64585.13,64679.45,SL,-2.98,-2.229,False,264.49
m5_88262_SELL,2026-07-12,SELL,88262,88272,63769.2436,63920.22,63920.22,63391.81,63165.35,SL,-1.99,-1.507,False,262.49
m5_88332_SELL,2026-07-12,SELL,88332,88337,63865.064432,63735.22,63943.62,63668.68,63550.85,TRAILING_PROFIT,1.45,1.102,True,263.94
m5_88406_BUY,2026-07-12,BUY,88406,88408,64116.3207,64033.38,64033.38,64323.67,64448.08,SL,-2.54,-1.927,False,261.4
m5_88437_BUY,2026-07-12,BUY,88437,88454,64194.8364,64115.46,64115.46,64393.27,64512.33,SL,-2.57,-1.97,False,258.82
m5_88585_SELL,2026-07-13,SELL,88585,88654,62999.417596,63242.56,63242.56,62391.56,62026.84,SL,-1.7,-1.312,False,257.13
m5_88696_SELL,2026-07-13,SELL,88696,88710,62761.69515,62623.84,62881.93,62461.1,62280.74,TRAILING_PROFIT,1.54,1.198,True,258.67
m5_88759_SELL,2026-07-13,SELL,88759,88787,62079.371642000006,62253.34,62253.34,61644.46,61383.51,SL,-1.85,-1.429,False,256.82
m5_89015_BUY,2026-07-14,BUY,89015,89104,64317.881003999995,64895.95,64029.7,65038.32,65470.59,TRAILING_PROFIT,2.55,1.984,True,259.36
m5_89195_BUY,2026-07-15,BUY,89195,89206,64957.04881199999,64957.05,64834.7,65262.93,65446.46,TRAILING_PROFIT,0.79,0.612,True,260.16
m5_89277_BUY,2026-07-15,BUY,89277,89283,65006.538708,65382.61,64836.26,65432.23,65687.64,TRAILING_PROFIT,2.46,1.895,True,262.62
m5_89510_SELL,2026-07-16,SELL,89510,89513,63931.201202,64108.58,64108.58,63487.76,63221.7,SL,-1.88,-1.433,False,260.74
m5_89563_SELL,2026-07-16,SELL,89563,89570,63966.14421200001,64107.08,64107.08,63613.8,63402.4,SL,-2.01,-1.545,False,258.73
m5_89686_SELL,2026-07-17,SELL,89686,89708,63947.537934,63762.2,64059.42,63667.84,63500.02,TRAILING_PROFIT,1.8,1.394,True,260.53
m5_89722_SELL,2026-07-17,SELL,89722,89737,63497.288002,63674.85,63674.85,63053.39,62787.06,SL,-1.86,-1.43,False,258.67
m5_89765_SELL,2026-07-17,SELL,89765,89773,63194.038664,62929.04,63331.59,62850.16,62643.83,TRAILING_PROFIT,2.15,1.663,True,260.82
m5_89857_SELL,2026-07-17,SELL,89857,89867,62842.748936,62983.43,62983.43,62491.06,62280.04,SL,-2.0,-1.537,False,258.81
m5_89925_BUY,2026-07-17,BUY,89925,89929,64344.326292,64131.44,64131.44,64876.54,65195.87,SL,-1.76,-1.362,False,257.05
m5_90019_BUY,2026-07-18,BUY,90019,90020,64034.8044,63978.01,63978.01,64176.8,64262.0,SL,-3.02,-2.352,False,254.03
m5_90076_BUY,2026-07-18,BUY,90076,90080,64038.3051,64007.03,64007.03,64116.49,64163.41,SL,-4.39,-3.456,False,249.64
m5_90132_BUY,2026-07-18,BUY,90132,90135,64143.636161999995,64109.83,64109.83,64228.15,64278.87,SL,-4.09,-3.276,False,245.55
m5_90190_BUY,2026-07-18,BUY,90190,90208,64306.8588,64540.58,64236.83,64481.93,64586.96,TRAILING_PROFIT,2.23,1.815,True,247.78
m5_90280_BUY,2026-07-19,BUY,90280,90281,64878.863178,64808.33,64808.33,65055.18,65160.98,SL,-2.61,-2.103,False,245.17
m5_90482_BUY,2026-07-19,BUY,90482,90489,64715.380488,64601.42,64601.42,65000.29,65171.23,SL,-2.06,-1.681,False,243.11
m5_90542_BUY,2026-07-20,BUY,90542,90566,64675.662546,64892.93,64536.79,65022.85,65231.16,TRAILING_PROFIT,1.79,1.472,True,244.9
m5_90642_SELL,2026-07-20,SELL,90642,90654,63988.759688,64181.72,64181.72,63506.35,63216.91,SL,-1.71,-1.399,False,243.19
m5_90782_BUY,2026-07-20,BUY,90782,90786,65766.20061,65561.81,65561.81,66277.19,66583.78,SL,-1.68,-1.386,False,241.5
m5_90862_BUY,2026-07-21,BUY,90862,90870,65564.720322,65427.85,65427.85,65906.89,66112.19,SL,-1.9,-1.574,False,239.6
m5_90921_BUY,2026-07-21,BUY,90921,90926,65827.98296400001,65674.74,65674.74,66211.09,66440.95,SL,-1.81,-1.515,False,237.79
m5_90942_BUY,2026-07-21,BUY,90942,90980,66029.093178,66337.23,65877.81,66407.31,66634.24,TRAILING_PROFIT,2.07,1.743,True,239.86
m5_91018_BUY,2026-07-21,BUY,91018,91038,66754.91831400001,66555.12,66555.12,67254.41,67554.1,SL,-1.68,-1.4,False,238.18
m5_91140_BUY,2026-07-22,BUY,91140,91154,66630.393414,66530.28,66530.28,66880.67,67030.83,SL,-2.14,-1.798,False,236.04
m5_91338_BUY,2026-07-22,BUY,91338,91348,66247.2468,66039.39,66039.39,66766.9,67078.69,SL,-1.63,-1.382,False,234.41
m5_91429_BUY,2026-07-23,BUY,91429,91438,66217.850922,66105.7,66105.7,66498.22,66666.44,SL,-2.0,-1.708,False,232.41
m5_91466_SELL,2026-07-23,SELL,91466,91494,65620.86320200001,65760.07,65760.07,65272.85,65064.04,SL,-1.82,-1.566,False,230.59
m5_91514_SELL,2026-07-23,SELL,91514,91527,65442.828816,65576.65,65576.65,65108.29,64907.56,SL,-1.83,-1.587,False,228.76
m5_91575_SELL,2026-07-23,SELL,91575,91576,65411.924998,65506.81,65506.81,65174.71,65032.39,SL,-2.09,-1.828,False,226.67
m5_91802_BUY,2026-07-24,BUY,91802,91804,65778.153,65658.19,65658.19,66078.05,66257.99,SL,-1.88,-1.657,False,224.79
m5_91825_SELL,2026-07-24,SELL,91825,91871,65116.983998,64872.1,65242.16,64804.03,64616.26,TRAILING_PROFIT,1.8,1.605,True,226.59
m5_91878_SELL,2026-07-24,SELL,91878,91895,64294.908446,63981.37,64484.96,63819.77,63534.68,TRAILING_PROFIT,1.89,1.67,True,228.48
m5_92012_SELL,2026-07-25,SELL,92012,92016,64090.12941,64138.4,64138.4,63969.44,63897.03,SL,-2.96,-2.594,False,225.52
m5_92074_SELL,2026-07-25,SELL,92074,92079,64001.767086,64055.47,64055.47,63867.51,63786.96,SL,-2.74,-2.431,False,222.78
m5_92109_SELL,2026-07-25,SELL,92109,92112,63855.92626,63911.44,63911.44,63717.13,63633.86,SL,-2.65,-2.381,False,220.13
m5_92330_BUY,2026-07-26,BUY,92330,92339,64588.915199999996,64535.48,64535.48,64722.51,64802.67,SL,-2.7,-2.45,False,217.43
m5_92364_SELL,2026-07-26,SELL,92364,92375,64389.109602,64432.43,64432.43,64280.82,64215.84,SL,-3.03,-2.784,False,214.4
m5_92437_BUY,2026-07-26,BUY,92437,92439,64608.929202,64570.59,64570.59,64704.78,64762.28,SL,-3.24,-3.022,False,211.17
m5_92461_BUY,2026-07-26,BUY,92461,92494,64699.517316,64796.64,64619.35,64899.93,65020.18,TRAILING_PROFIT,0.94,0.886,True,212.1
m5_92652_BUY,2026-07-27,BUY,92652,92662,65545.1064,65439.82,65439.82,65808.32,65966.24,SL,-1.85,-1.746,False,210.25
m5_92743_BUY,2026-07-27,BUY,92743,92747,65447.096802,65253.0,65253.0,65932.33,66223.47,SL,-1.48,-1.404,False,208.77
m5_92844_SELL,2026-07-27,SELL,92844,92852,64697.058000000005,64311.21,64794.13,64454.38,64308.77,TRAILING_PROFIT,2.55,2.44,True,211.32
m5_92881_SELL,2026-07-28,SELL,92881,92928,63200.50737,63433.73,63433.73,62617.44,62267.6,SL,-1.4,-1.326,False,209.92
m5_92987_SELL,2026-07-28,SELL,92987,92995,63381.311202,63476.47,63476.47,63143.42,63000.69,SL,-1.89,-1.8,False,208.03
m5_93030_SELL,2026-07-28,SELL,93030,93031,63238.3498,63382.29,63382.29,62878.5,62662.58,SL,-1.59,-1.528,False,206.44
m5_93233_BUY,2026-07-29,BUY,93233,93311,64415.8806,64272.35,64272.35,64774.71,64990.0,SL,-1.59,-1.538,False,204.85
m5_93339_SELL,2026-07-29,SELL,93339,93370,63963.464748000006,64217.3,64217.3,63328.87,62948.12,SL,-1.33,-1.303,False,203.52
m5_93554_BUY,2026-07-30,BUY,93554,93586,64423.392102,64788.42,64293.22,64748.81,64944.07,TRAILING_PROFIT,2.09,2.057,True,205.61
m5_93609_BUY,2026-07-30,BUY,93609,93612,65152.127819999994,64979.66,64979.66,65583.3,65842.0,SL,-1.49,-1.453,False,204.12
m5_93709_BUY,2026-07-30,BUY,93709,93719,64956.998802,64851.48,64851.48,65220.8,65379.07,SL,-1.77,-1.738,False,202.34
m5_93726_BUY,2026-07-30,BUY,93726,93728,65073.072012,64969.55,64969.55,65331.88,65487.16,SL,-1.77,-1.754,False,200.57
m5_93745_BUY,2026-07-31,BUY,93745,93747,65352.447876,65169.08,65169.08,65810.88,66085.93,SL,-1.43,-1.427,False,199.14
m5_93816_SELL,2026-07-31,SELL,93816,93846,64109.005634,63640.7,64226.08,63816.32,63640.7,TP2,2.58,2.595,True,201.72
m5_93896_SELL,2026-07-31,SELL,93896,93900,63452.876886,63160.63,63606.51,63068.79,62838.34,TRAILING_PROFIT,1.72,1.707,True,203.44
m5_94140_SELL,2026-08-01,SELL,94140,94143,62979.411598000006,63023.64,63023.64,62868.84,62802.5,SL,-2.76,-2.709,False,200.69
m5_94212_SELL,2026-08-01,SELL,94212,94219,62973.4028,63007.7,63007.7,62887.67,62836.23,SL,-3.22,-3.204,False,197.47
m5_94229_SELL,2026-08-01,SELL,94229,94239,62821.38321,62670.82,62888.74,62652.98,62551.94,TRAILING_PROFIT,1.23,1.25,True,198.71
m5_94367_BUY,2026-08-02,BUY,94367,94368,63602.718,63528.69,63528.69,63787.79,63898.84,SL,-2.02,-2.03,False,196.69
m5_94450_SELL,2026-08-02,SELL,94450,94453,63036.100258,63125.34,63125.34,62812.99,62679.12,SL,-1.82,-1.848,False,194.87
m5_94531_BUY,2026-08-02,BUY,94531,94536,63437.955054,63367.76,63367.76,63613.43,63718.72,SL,-2.03,-2.084,False,192.84
m5_94568_BUY,2026-08-02,BUY,94568,94570,63716.750802,63613.35,63613.35,63975.25,64130.34,SL,-1.68,-1.739,False,191.16
m5_94641_SELL,2026-08-03,SELL,94641,94681,62917.414000000004,62673.85,63038.76,62614.05,62432.03,TRAILING_PROFIT,1.56,1.633,True,192.72
m5_94696_SELL,2026-08-03,SELL,94696,94703,62405.936316,62520.87,62520.87,62118.6,61946.2,SL,-1.59,-1.652,False,191.13
m5_94769_BUY,2026-08-03,BUY,94769,94861,63778.763202,63480.94,63480.94,64523.33,64970.06,SL,-1.2,-1.256,False,189.93
m5_94904_BUY,2026-08-04,BUY,94904,94923,63822.761999999995,63663.69,63663.69,64220.43,64459.03,SL,-1.41,-1.481,False,188.53
m5_94939_BUY,2026-08-04,BUY,94939,94945,64036.024644,63930.49,63930.49,64299.87,64458.17,SL,-1.63,-1.728,False,186.9
m5_95013_BUY,2026-08-04,BUY,95013,95035,63778.763202,63903.85,63667.71,64056.39,64222.96,TRAILING_PROFIT,1.05,1.123,True,187.95
m5_95060_BUY,2026-08-04,BUY,95060,95070,64137.664968,63887.24,63887.24,64763.73,65139.37,SL,-1.23,-1.307,False,186.72
m5_95319_BUY,2026-08-05,BUY,95319,95326,64462.89,64347.47,64347.47,64751.43,64924.56,SL,-1.56,-1.67,False,185.16
m5_95386_BUY,2026-08-05,BUY,95386,95447,64779.50331,64642.19,64642.19,65122.8,65328.77,SL,-1.45,-1.565,False,183.71
m5_95519_BUY,2026-08-06,BUY,95519,95521,64747.59693,64891.9,64669.83,64942.02,65058.67,TRAILING_PROFIT,1.08,1.177,True,184.79
m5_95636_BUY,2026-08-06,BUY,95636,95651,64823.272062,64636.09,64636.09,65291.23,65572.0,SL,-1.31,-1.415,False,183.48
m5_95739_SELL,2026-08-06,SELL,95739,95747,64263.954637999996,64322.05,64322.05,64118.72,64031.58,SL,-2.14,-2.328,False,181.35
m5_95805_SELL,2026-08-07,SELL,95805,95817,64219.693492000006,64307.86,64307.86,63999.27,63867.01,SL,-1.7,-1.875,False,179.65
m5_95858_BUY,2026-08-07,BUY,95858,95884,64746.206652,65062.87,64651.2,64983.71,65126.22,TRAILING_PROFIT,1.88,2.097,True,181.53
m5_95894_BUY,2026-08-07,BUY,95894,95896,65227.03279799999,65110.64,65110.64,65518.01,65692.59,SL,-1.52,-1.672,False,180.02
m5_96077_BUY,2026-08-08,BUY,96077,96082,65043.016002000004,65005.7,65005.7,65136.32,65192.3,SL,-2.78,-3.091,False,177.23
m5_96208_BUY,2026-08-08,BUY,96208,96209,65135.464488,65107.34,65107.34,65205.77,65247.96,SL,-3.35,-3.779,False,173.88
m5_96448_BUY,2026-08-09,BUY,96448,96449,64983.654132,64952.34,64952.34,65061.94,65108.92,SL,-3.03,-3.49,False,170.85
m5_96485_BUY,2026-08-09,BUY,96485,96488,65101.007598,65185.48,65071.5,65174.77,65219.03,TRAILING_PROFIT,0.03,0.032,True,170.88
m5_96583_BUY,2026-08-09,BUY,96583,96584,65249.747339999994,65212.24,65212.24,65343.51,65399.77,SL,-2.64,-3.087,False,168.24
m5_96590_BUY,2026-08-09,BUY,96590,96591,65421.131610000004,65350.21,65350.21,65598.44,65704.83,SL,-1.77,-2.106,False,166.47
m5_96620_SELL,2026-08-10,SELL,96620,96622,64825.032400000004,64984.53,64984.53,64426.29,64187.04,SL,-1.24,-1.488,False,165.23
m5_96702_BUY,2026-08-10,BUY,96702,96705,65356.198626,65278.34,65278.34,65550.84,65667.62,SL,-1.66,-2.007,False,163.57
m5_96774_SELL,2026-08-10,SELL,96774,96775,64675.952222,64802.81,64802.81,64358.8,64168.5,SL,-1.32,-1.612,False,162.25
m5_96796_SELL,2026-08-10,SELL,96796,96818,64373.542715999996,63967.62,64561.76,63902.99,63620.66,TRAILING_PROFIT,1.56,1.919,True,163.81
m5_96982_SELL,2026-08-11,SELL,96982,96983,63850.92726,63907.06,63907.06,63710.59,63626.39,SL,-1.94,-2.366,False,161.87
m5_97062_SELL,2026-08-11,SELL,97062,97064,64131.171200000004,64224.61,64224.61,63897.58,63757.42,SL,-1.48,-1.824,False,160.4
m5_97078_SELL,2026-08-11,SELL,97078,97123,63749.257598000004,63443.57,63926.49,63306.18,63040.34,TRAILING_PROFIT,1.35,1.682,True,161.75
m5_97308_BUY,2026-08-12,BUY,97308,97337,64152.107855999995,64340.25,64046.98,64414.92,64572.6,TRAILING_PROFIT,1.14,1.411,True,162.89
m5_97356_SELL,2026-08-12,SELL,97356,97358,63647.258002,63844.92,63844.92,63153.09,62856.6,SL,-1.13,-1.387,False,161.76
m5_97366_SELL,2026-08-13,SELL,97366,97479,63487.309998000004,63689.6,63689.6,62981.57,62678.13,SL,-1.11,-1.377,False,160.64
m5_97612_SELL,2026-08-13,SELL,97612,97622,63479.761508,63551.67,63551.67,63299.98,63192.11,SL,-1.65,-2.06,False,158.99
m5_97673_SELL,2026-08-13,SELL,97673,97677,63348.807704000006,63152.42,63529.78,62896.39,62624.94,TRAILING_PROFIT,1.09,1.374,True,160.08
m5_97811_SELL,2026-08-14,SELL,97811,97813,63297.338,63380.5,63380.5,63089.43,62964.68,SL,-1.53,-1.914,False,158.55
m5_97839_SELL,2026-08-14,SELL,97839,97846,63231.171236,63089.55,63297.74,63064.75,62964.9,TRAILING_PROFIT,0.93,1.175,True,159.48
m5_97859_SELL,2026-08-14,SELL,97859,97921,62908.195844,62747.06,63003.56,62669.79,62526.75,TRAILING_PROFIT,1.04,1.304,True,160.52
m5_98129_SELL,2026-08-15,SELL,98129,98132,63023.892700000004,63059.88,63059.88,62933.91,62879.92,SL,-2.49,-3.102,False,158.03
m5_98535_BUY,2026-08-16,BUY,98535,98536,63337.634994,63298.88,63298.88,63434.53,63492.67,SL,-2.34,-2.96,False,155.69
m5_98588_SELL,2026-08-16,SELL,98588,98600,63058.965684,62986.97,63100.05,62956.24,62894.61,TRAILING_PROFIT,0.22,0.286,True,155.91
m5_98611_SELL,2026-08-16,SELL,98611,98614,62726.512188,62819.52,62819.52,62494.0,62354.5,SL,-1.41,-1.81,False,154.5
m5_98658_BUY,2026-08-17,BUY,98658,98709,63306.6588,63642.93,63166.17,63657.88,63868.62,TRAILING_PROFIT,1.47,1.905,True,155.98
m5_98808_BUY,2026-08-17,BUY,98808,98837,63933.564156,64209.04,63783.02,64309.94,64535.76,TRAILING_PROFIT,1.29,1.654,True,157.27
m5_98848_BUY,2026-08-17,BUY,98848,98856,64556.148647999995,64384.93,64384.93,64984.2,65241.03,SL,-1.14,-1.452,False,156.12
m5_98910_BUY,2026-08-17,BUY,98910,98912,64570.771572,64499.19,64499.19,64749.71,64857.08,SL,-1.63,-2.082,False,154.5
m5_99088_BUY,2026-08-18,BUY,99088,99185,64740.09543,64567.04,64567.04,65172.74,65432.33,SL,-1.12,-1.448,False,153.38
m5_99307_BUY,2026-08-19,BUY,99307,99315,64459.719366,64383.97,64383.97,64649.08,64762.7,SL,-1.55,-2.021,False,151.83
m5_99354_BUY,2026-08-19,BUY,99354,99355,64675.732560000004,64610.03,64610.03,64839.99,64938.54,SL,-1.66,-2.181,False,150.17
m5_99366_BUY,2026-08-19,BUY,99366,99367,65069.0112,64914.91,64914.91,65454.27,65685.43,SL,-1.13,-1.506,False,149.04
m5_99373_BUY,2026-08-19,BUY,99373,99383,65395.416467999996,65760.44,65167.48,65965.26,66307.17,TRAILING_PROFIT,1.27,1.705,True,150.31
m5_99589_BUY,2026-08-20,BUY,99589,99591,70715.360244,71029.63,70397.09,71511.03,71988.42,TRAILING_PROFIT,1.11,1.476,True,151.42
m5_99615_BUY,2026-08-20,BUY,99615,99617,72414.469998,71975.3,71975.3,73512.4,74171.16,SL,-0.91,-1.197,False,150.52
m5_99672_BUY,2026-08-21,BUY,99672,99782,72344.936094,73321.41,71886.94,73489.93,74176.93,TRAILING_PROFIT,1.6,2.125,True,152.12
m5_99795_BUY,2026-08-21,BUY,99795,99801,74674.851984,75195.38,74248.72,75740.19,76379.39,TRAILING_PROFIT,1.25,1.649,True,153.37
m5_99866_BUY,2026-08-21,BUY,99866,99882,75985.18399800001,77492.65,75608.32,76927.35,77492.65,TP2,2.31,3.006,True,155.68
m5_100034_BUY,2026-08-21,BUY,100034,100038,77705.548002,78171.07,77396.56,78478.02,78941.5,TRAILING_PROFIT,1.32,1.7,True,157.0
m5_100045_BUY,2026-08-21,BUY,100045,100050,78747.226296,78275.46,78275.46,79926.65,80634.31,SL,-0.94,-1.2,False,156.06
m5_100268_BUY,2026-08-22,BUY,100268,100273,77411.359176,77240.09,77240.09,77839.53,78096.43,SL,-1.2,-1.542,False,154.85
m5_100477_BUY,2026-08-23,BUY,100477,100492,76694.15576400001,77146.86,76528.08,77109.36,77358.48,TRAILING_PROFIT,1.59,2.057,True,156.45
m5_100515_BUY,2026-08-23,BUY,100515,100516,77672.83146,77468.63,77468.63,78183.33,78489.63,SL,-1.14,-1.456,False,155.31
m5_100608_BUY,2026-08-23,BUY,100608,100613,77687.98449,77909.64,77562.47,78001.78,78190.05,TRAILING_PROFIT,1.08,1.389,True,156.39
m5_100730_BUY,2026-08-24,BUY,100730,100733,77775.552,77555.95,77555.95,78324.56,78653.96,SL,-1.11,-1.424,False,155.27
m5_100766_BUY,2026-08-24,BUY,100766,100774,77861.989284,77640.37,77640.37,78416.05,78748.48,SL,-1.1,-1.421,False,154.17
m5_100783_BUY,2026-08-24,BUY,100783,100791,78355.668,78068.68,78068.68,79073.14,79503.62,SL,-1.02,-1.327,False,153.15
m5_100797_BUY,2026-08-24,BUY,100797,100806,78987.784398,78603.26,78603.26,79949.1,80525.88,SL,-0.95,-1.246,False,152.19
m5_100940_BUY,2026-08-25,BUY,100940,100959,79387.8744,80555.96,79117.74,80063.21,80468.41,TRAILING_PROFIT,2.33,3.057,True,154.52
m5_101185_SELL,2026-08-25,SELL,101185,101186,77964.413998,78287.55,78287.55,77156.58,76671.88,SL,-1.0,-1.29,False,153.52
m5_101249_BUY,2026-08-26,BUY,101249,101259,79246.38610799999,79015.86,79015.86,79822.7,80168.49,SL,-1.08,-1.412,False,152.44
m5_101331_SELL,2026-08-26,SELL,101331,101347,78467.563348,78702.02,78702.02,77881.43,77529.75,SL,-1.07,-1.402,False,151.37
m5_101398_SELL,2026-08-26,SELL,101398,101405,77779.770934,78120.65,78120.65,76927.56,76416.24,SL,-0.96,-1.274,False,150.41
m5_101487_BUY,2026-08-26,BUY,101487,101490,78903.32751,78719.39,78719.39,79363.16,79639.06,SL,-1.14,-1.514,False,149.27
m5_101602_BUY,2026-08-27,BUY,101602,101604,79047.886416,79321.92,78919.16,79369.69,79562.77,TRAILING_PROFIT,1.18,1.576,True,150.44
m5_101621_BUY,2026-08-27,BUY,101621,101623,80509.958772,80216.18,80216.18,81244.4,81685.06,SL,-1.0,-1.328,False,149.44
m5_101682_BUY,2026-08-27,BUY,101682,101720,79975.92198599999,80580.03,79631.26,80837.58,81354.57,TRAILING_PROFIT,1.38,1.847,True,150.82
m5_101775_BUY,2026-08-27,BUY,101775,101777,80396.086002,80224.93,80224.93,80823.98,81080.71,SL,-1.18,-1.563,False,149.65
m5_101807_BUY,2026-08-28,BUY,101807,101814,80592.1152,81390.18,80392.6,81090.91,81390.18,TP2,2.07,2.763,True,151.71
m5_101917_SELL,2026-08-28,SELL,101917,101918,79019.472944,79204.82,79204.82,78556.1,78278.08,SL,-1.15,-1.512,False,150.57
m5_101964_SELL,2026-08-28,SELL,101964,101970,78790.03884000001,79149.72,79149.72,77890.83,77351.31,SL,-0.95,-1.263,False,149.62
m5_101988_SELL,2026-08-30,SELL,101988,102517,78046.397598,78521.69,78521.69,76858.17,76145.23,SL,-0.9,-1.198,False,148.72
m5_102537_BUY,2026-08-30,BUY,102537,102541,78965.779998,78802.21,78802.21,79374.71,79620.07,SL,-1.17,-1.579,False,147.55
m5_102566_BUY,2026-08-30,BUY,102566,102580,79139.8248,78927.02,78927.02,79671.84,79991.04,SL,-1.07,-1.446,False,146.48
m5_102652_SELL,2026-08-30,SELL,102652,102659,77966.913498,77625.29,78244.95,77271.82,76854.76,TRAILING_PROFIT,1.12,1.529,True,147.6
m5_102769_BUY,2026-08-31,BUY,102769,102779,78772.76140199999,78535.47,78535.47,79365.99,79721.93,SL,-1.03,-1.398,False,146.57
m5_102872_BUY,2026-08-31,BUY,102872,102933,78927.112266,78646.18,78646.18,79629.45,80050.85,SL,-0.98,-1.337,False,145.59
m5_103013_BUY,2026-09-01,BUY,103013,103025,79008.988638,78841.72,78841.72,79427.17,79678.08,SL,-1.14,-1.566,False,144.45
m5_103105_SELL,2026-09-01,SELL,103105,103110,77722.4524,77972.62,77972.62,77097.04,76721.8,SL,-0.99,-1.373,False,143.46
m5_103144_SELL,2026-09-01,SELL,103144,103170,77491.278644,77117.18,77746.93,76852.14,76468.66,TRAILING_PROFIT,1.16,1.619,True,144.62
m5_103256_SELL,2026-09-02,SELL,103256,103261,76871.552614,77060.36,77060.36,76399.53,76116.31,SL,-1.08,-1.489,False,143.54
m5_103338_SELL,2026-09-02,SELL,103338,103348,77115.253864,76887.36,77271.66,76724.25,76489.64,TRAILING_PROFIT,1.0,1.388,True,144.54
m5_103365_SELL,2026-09-02,SELL,103365,103367,76432.7104,76653.86,76653.86,75879.82,75548.09,SL,-1.02,-1.415,False,143.51
m5_103608_BUY,2026-09-03,BUY,103608,103611,78155.648004,77963.5,77963.5,78636.03,78924.26,SL,-1.07,-1.487,False,142.45
m5_103670_BUY,2026-09-03,BUY,103670,103678,78100.617,78389.78,77942.47,78495.98,78733.2,TRAILING_PROFIT,1.12,1.57,True,143.56
m5_103687_BUY,2026-09-03,BUY,103687,103697,78864.099666,79443.16,78586.56,79557.95,79974.27,TRAILING_PROFIT,1.4,1.951,True,144.96
m5_103703_BUY,2026-09-03,BUY,103703,103762,80566.079994,81485.76,80101.0,81728.78,82426.39,TRAILING_PROFIT,1.47,2.03,True,146.44
m5_103989_SELL,2026-09-04,SELL,103989,103993,78681.930466,79183.92,79183.92,77426.95,76673.97,SL,-0.87,-1.189,False,145.57
m5_104123_SELL,2026-09-05,SELL,104123,104132,79517.433332,79613.76,79613.76,79276.62,79132.14,SL,-1.45,-1.991,False,144.12
m5_104190_BUY,2026-09-05,BUY,104190,104195,79762.919394,79700.97,79700.97,79917.78,80010.7,SL,-1.83,-2.545,False,142.28
m5_104297_BUY,2026-09-05,BUY,104297,104305,79907.968398,80026.79,79825.26,80114.75,80238.82,TRAILING_PROFIT,0.57,0.808,True,142.86
m5_104407_BUY,2026-09-06,BUY,104407,104408,80056.038006,79964.3,79964.3,80285.39,80422.99,SL,-1.46,-2.047,False,141.4
m5_104432_BUY,2026-09-06,BUY,104432,104433,80124.011598,80037.73,80037.73,80339.7,80469.12,SL,-1.49,-2.114,False,139.9
m5_104642_BUY,2026-09-06,BUY,104642,104644,80019.70074,79947.8,79947.8,80199.45,80307.3,SL,-1.63,-2.335,False,138.27
m5_104663_BUY,2026-09-06,BUY,104663,104671,80071.181034,80314.14,79935.69,80409.91,80613.15,TRAILING_PROFIT,0.99,1.436,True,139.26
m5_104764_SELL,2026-09-07,SELL,104764,104771,79455.40574,79410.76,79571.28,79165.72,78991.91,TRAILING_PROFIT,0.43,0.621,True,139.69
m5_104845_SELL,2026-09-07,SELL,104845,104854,79125.101814,79268.37,79268.37,78766.93,78552.02,SL,-1.16,-1.663,False,138.53
m5_104943_SELL,2026-09-07,SELL,104943,104944,79051.47654199999,79150.72,79150.72,78803.36,78654.5,SL,-1.36,-1.956,False,137.18
m5_105036_SELL,2026-09-08,SELL,105036,105080,78514.29400000001,78697.53,78697.53,78056.19,77781.33,SL,-1.04,-1.515,False,136.14
